DateKey,Date,Day,MonthNum,MonthName,MonthShort,Quarter,Year,YearMonth,YearQuarter,WeekOfYear,DayOfWeek,DayOfWeekNum,IsWeekend,HolidayEvent,IsHoliday,FiscalYear,FiscalQuarter
20230101,2023-01-01,1,1,January,Jan,Q1,2023,2023-01,2023-Q1,52,Sunday,7,True,New Year Sale,True,2023,Q1
20230102,2023-01-02,2,1,January,Jan,Q1,2023,2023-01,2023-Q1,1,Monday,1,False,New Year Sale,True,2023,Q1
20230103,2023-01-03,3,1,January,Jan,Q1,2023,2023-01,2023-Q1,1,Tuesday,2,False,New Year Sale,True,2023,Q1
20230104,2023-01-04,4,1,January,Jan,Q1,2023,2023-01,2023-Q1,1,Wednesday,3,False,New Year Sale,True,2023,Q1
20230105,2023-01-05,5,1,January,Jan,Q1,2023,2023-01,2023-Q1,1,Thursday,4,False,New Year Sale,True,2023,Q1
20230106,2023-01-06,6,1,January,Jan,Q1,2023,2023-01,2023-Q1,1,Friday,5,False,,False,2023,Q1
20230107,2023-01-07,7,1,January,Jan,Q1,2023,2023-01,2023-Q1,1,Saturday,6,True,,False,2023,Q1
20230108,2023-01-08,8,1,January,Jan,Q1,2023,2023-01,2023-Q1,1,Sunday,7,True,,False,2023,Q1
20230109,2023-01-09,9,1,January,Jan,Q1,2023,2023-01,2023-Q1,2,Monday,1,False,,False,2023,Q1
20230110,2023-01-10,10,1,January,Jan,Q1,2023,2023-01,2023-Q1,2,Tuesday,2,False,,False,2023,Q1
20230111,2023-01-11,11,1,January,Jan,Q1,2023,2023-01,2023-Q1,2,Wednesday,3,False,,False,2023,Q1
20230112,2023-01-12,12,1,January,Jan,Q1,2023,2023-01,2023-Q1,2,Thursday,4,False,,False,2023,Q1
20230113,2023-01-13,13,1,January,Jan,Q1,2023,2023-01,2023-Q1,2,Friday,5,False,,False,2023,Q1
20230114,2023-01-14,14,1,January,Jan,Q1,2023,2023-01,2023-Q1,2,Saturday,6,True,,False,2023,Q1
20230115,2023-01-15,15,1,January,Jan,Q1,2023,2023-01,2023-Q1,2,Sunday,7,True,,False,2023,Q1
20230116,2023-01-16,16,1,January,Jan,Q1,2023,2023-01,2023-Q1,3,Monday,1,False,,False,2023,Q1
20230117,2023-01-17,17,1,January,Jan,Q1,2023,2023-01,2023-Q1,3,Tuesday,2,False,,False,2023,Q1
20230118,2023-01-18,18,1,January,Jan,Q1,2023,2023-01,2023-Q1,3,Wednesday,3,False,,False,2023,Q1
20230119,2023-01-19,19,1,January,Jan,Q1,2023,2023-01,2023-Q1,3,Thursday,4,False,,False,2023,Q1
20230120,2023-01-20,20,1,January,Jan,Q1,2023,2023-01,2023-Q1,3,Friday,5,False,,False,2023,Q1
20230121,2023-01-21,21,1,January,Jan,Q1,2023,2023-01,2023-Q1,3,Saturday,6,True,,False,2023,Q1
20230122,2023-01-22,22,1,January,Jan,Q1,2023,2023-01,2023-Q1,3,Sunday,7,True,,False,2023,Q1
20230123,2023-01-23,23,1,January,Jan,Q1,2023,2023-01,2023-Q1,4,Monday,1,False,,False,2023,Q1
20230124,2023-01-24,24,1,January,Jan,Q1,2023,2023-01,2023-Q1,4,Tuesday,2,False,,False,2023,Q1
20230125,2023-01-25,25,1,January,Jan,Q1,2023,2023-01,2023-Q1,4,Wednesday,3,False,,False,2023,Q1
20230126,2023-01-26,26,1,January,Jan,Q1,2023,2023-01,2023-Q1,4,Thursday,4,False,,False,2023,Q1
20230127,2023-01-27,27,1,January,Jan,Q1,2023,2023-01,2023-Q1,4,Friday,5,False,,False,2023,Q1
20230128,2023-01-28,28,1,January,Jan,Q1,2023,2023-01,2023-Q1,4,Saturday,6,True,,False,2023,Q1
20230129,2023-01-29,29,1,January,Jan,Q1,2023,2023-01,2023-Q1,4,Sunday,7,True,,False,2023,Q1
20230130,2023-01-30,30,1,January,Jan,Q1,2023,2023-01,2023-Q1,5,Monday,1,False,,False,2023,Q1
20230131,2023-01-31,31,1,January,Jan,Q1,2023,2023-01,2023-Q1,5,Tuesday,2,False,,False,2023,Q1
20230201,2023-02-01,1,2,February,Feb,Q1,2023,2023-02,2023-Q1,5,Wednesday,3,False,,False,2023,Q1
20230202,2023-02-02,2,2,February,Feb,Q1,2023,2023-02,2023-Q1,5,Thursday,4,False,,False,2023,Q1
20230203,2023-02-03,3,2,February,Feb,Q1,2023,2023-02,2023-Q1,5,Friday,5,False,,False,2023,Q1
20230204,2023-02-04,4,2,February,Feb,Q1,2023,2023-02,2023-Q1,5,Saturday,6,True,,False,2023,Q1
20230205,2023-02-05,5,2,February,Feb,Q1,2023,2023-02,2023-Q1,5,Sunday,7,True,,False,2023,Q1
20230206,2023-02-06,6,2,February,Feb,Q1,2023,2023-02,2023-Q1,6,Monday,1,False,,False,2023,Q1
20230207,2023-02-07,7,2,February,Feb,Q1,2023,2023-02,2023-Q1,6,Tuesday,2,False,,False,2023,Q1
20230208,2023-02-08,8,2,February,Feb,Q1,2023,2023-02,2023-Q1,6,Wednesday,3,False,,False,2023,Q1
20230209,2023-02-09,9,2,February,Feb,Q1,2023,2023-02,2023-Q1,6,Thursday,4,False,,False,2023,Q1
20230210,2023-02-10,10,2,February,Feb,Q1,2023,2023-02,2023-Q1,6,Friday,5,False,,False,2023,Q1
20230211,2023-02-11,11,2,February,Feb,Q1,2023,2023-02,2023-Q1,6,Saturday,6,True,,False,2023,Q1
20230212,2023-02-12,12,2,February,Feb,Q1,2023,2023-02,2023-Q1,6,Sunday,7,True,,False,2023,Q1
20230213,2023-02-13,13,2,February,Feb,Q1,2023,2023-02,2023-Q1,7,Monday,1,False,,False,2023,Q1
20230214,2023-02-14,14,2,February,Feb,Q1,2023,2023-02,2023-Q1,7,Tuesday,2,False,,False,2023,Q1
20230215,2023-02-15,15,2,February,Feb,Q1,2023,2023-02,2023-Q1,7,Wednesday,3,False,,False,2023,Q1
20230216,2023-02-16,16,2,February,Feb,Q1,2023,2023-02,2023-Q1,7,Thursday,4,False,,False,2023,Q1
20230217,2023-02-17,17,2,February,Feb,Q1,2023,2023-02,2023-Q1,7,Friday,5,False,,False,2023,Q1
20230218,2023-02-18,18,2,February,Feb,Q1,2023,2023-02,2023-Q1,7,Saturday,6,True,,False,2023,Q1
20230219,2023-02-19,19,2,February,Feb,Q1,2023,2023-02,2023-Q1,7,Sunday,7,True,,False,2023,Q1
20230220,2023-02-20,20,2,February,Feb,Q1,2023,2023-02,2023-Q1,8,Monday,1,False,,False,2023,Q1
20230221,2023-02-21,21,2,February,Feb,Q1,2023,2023-02,2023-Q1,8,Tuesday,2,False,,False,2023,Q1
20230222,2023-02-22,22,2,February,Feb,Q1,2023,2023-02,2023-Q1,8,Wednesday,3,False,,False,2023,Q1
20230223,2023-02-23,23,2,February,Feb,Q1,2023,2023-02,2023-Q1,8,Thursday,4,False,,False,2023,Q1
20230224,2023-02-24,24,2,February,Feb,Q1,2023,2023-02,2023-Q1,8,Friday,5,False,,False,2023,Q1
20230225,2023-02-25,25,2,February,Feb,Q1,2023,2023-02,2023-Q1,8,Saturday,6,True,,False,2023,Q1
20230226,2023-02-26,26,2,February,Feb,Q1,2023,2023-02,2023-Q1,8,Sunday,7,True,,False,2023,Q1
20230227,2023-02-27,27,2,February,Feb,Q1,2023,2023-02,2023-Q1,9,Monday,1,False,,False,2023,Q1
20230228,2023-02-28,28,2,February,Feb,Q1,2023,2023-02,2023-Q1,9,Tuesday,2,False,,False,2023,Q1
20230301,2023-03-01,1,3,March,Mar,Q1,2023,2023-03,2023-Q1,9,Wednesday,3,False,,False,2023,Q1
20230302,2023-03-02,2,3,March,Mar,Q1,2023,2023-03,2023-Q1,9,Thursday,4,False,,False,2023,Q1
20230303,2023-03-03,3,3,March,Mar,Q1,2023,2023-03,2023-Q1,9,Friday,5,False,,False,2023,Q1
20230304,2023-03-04,4,3,March,Mar,Q1,2023,2023-03,2023-Q1,9,Saturday,6,True,,False,2023,Q1
20230305,2023-03-05,5,3,March,Mar,Q1,2023,2023-03,2023-Q1,9,Sunday,7,True,,False,2023,Q1
20230306,2023-03-06,6,3,March,Mar,Q1,2023,2023-03,2023-Q1,10,Monday,1,False,,False,2023,Q1
20230307,2023-03-07,7,3,March,Mar,Q1,2023,2023-03,2023-Q1,10,Tuesday,2,False,,False,2023,Q1
20230308,2023-03-08,8,3,March,Mar,Q1,2023,2023-03,2023-Q1,10,Wednesday,3,False,,False,2023,Q1
20230309,2023-03-09,9,3,March,Mar,Q1,2023,2023-03,2023-Q1,10,Thursday,4,False,,False,2023,Q1
20230310,2023-03-10,10,3,March,Mar,Q1,2023,2023-03,2023-Q1,10,Friday,5,False,,False,2023,Q1
20230311,2023-03-11,11,3,March,Mar,Q1,2023,2023-03,2023-Q1,10,Saturday,6,True,,False,2023,Q1
20230312,2023-03-12,12,3,March,Mar,Q1,2023,2023-03,2023-Q1,10,Sunday,7,True,,False,2023,Q1
20230313,2023-03-13,13,3,March,Mar,Q1,2023,2023-03,2023-Q1,11,Monday,1,False,,False,2023,Q1
20230314,2023-03-14,14,3,March,Mar,Q1,2023,2023-03,2023-Q1,11,Tuesday,2,False,,False,2023,Q1
20230315,2023-03-15,15,3,March,Mar,Q1,2023,2023-03,2023-Q1,11,Wednesday,3,False,,False,2023,Q1
20230316,2023-03-16,16,3,March,Mar,Q1,2023,2023-03,2023-Q1,11,Thursday,4,False,,False,2023,Q1
20230317,2023-03-17,17,3,March,Mar,Q1,2023,2023-03,2023-Q1,11,Friday,5,False,,False,2023,Q1
20230318,2023-03-18,18,3,March,Mar,Q1,2023,2023-03,2023-Q1,11,Saturday,6,True,,False,2023,Q1
20230319,2023-03-19,19,3,March,Mar,Q1,2023,2023-03,2023-Q1,11,Sunday,7,True,,False,2023,Q1
20230320,2023-03-20,20,3,March,Mar,Q1,2023,2023-03,2023-Q1,12,Monday,1,False,,False,2023,Q1
20230321,2023-03-21,21,3,March,Mar,Q1,2023,2023-03,2023-Q1,12,Tuesday,2,False,,False,2023,Q1
20230322,2023-03-22,22,3,March,Mar,Q1,2023,2023-03,2023-Q1,12,Wednesday,3,False,,False,2023,Q1
20230323,2023-03-23,23,3,March,Mar,Q1,2023,2023-03,2023-Q1,12,Thursday,4,False,,False,2023,Q1
20230324,2023-03-24,24,3,March,Mar,Q1,2023,2023-03,2023-Q1,12,Friday,5,False,,False,2023,Q1
20230325,2023-03-25,25,3,March,Mar,Q1,2023,2023-03,2023-Q1,12,Saturday,6,True,,False,2023,Q1
20230326,2023-03-26,26,3,March,Mar,Q1,2023,2023-03,2023-Q1,12,Sunday,7,True,,False,2023,Q1
20230327,2023-03-27,27,3,March,Mar,Q1,2023,2023-03,2023-Q1,13,Monday,1,False,,False,2023,Q1
20230328,2023-03-28,28,3,March,Mar,Q1,2023,2023-03,2023-Q1,13,Tuesday,2,False,,False,2023,Q1
20230329,2023-03-29,29,3,March,Mar,Q1,2023,2023-03,2023-Q1,13,Wednesday,3,False,,False,2023,Q1
20230330,2023-03-30,30,3,March,Mar,Q1,2023,2023-03,2023-Q1,13,Thursday,4,False,,False,2023,Q1
20230331,2023-03-31,31,3,March,Mar,Q1,2023,2023-03,2023-Q1,13,Friday,5,False,,False,2023,Q1
20230401,2023-04-01,1,4,April,Apr,Q2,2023,2023-04,2023-Q2,13,Saturday,6,True,,False,2023,Q2
20230402,2023-04-02,2,4,April,Apr,Q2,2023,2023-04,2023-Q2,13,Sunday,7,True,,False,2023,Q2
20230403,2023-04-03,3,4,April,Apr,Q2,2023,2023-04,2023-Q2,14,Monday,1,False,,False,2023,Q2
20230404,2023-04-04,4,4,April,Apr,Q2,2023,2023-04,2023-Q2,14,Tuesday,2,False,,False,2023,Q2
20230405,2023-04-05,5,4,April,Apr,Q2,2023,2023-04,2023-Q2,14,Wednesday,3,False,,False,2023,Q2
20230406,2023-04-06,6,4,April,Apr,Q2,2023,2023-04,2023-Q2,14,Thursday,4,False,,False,2023,Q2
20230407,2023-04-07,7,4,April,Apr,Q2,2023,2023-04,2023-Q2,14,Friday,5,False,,False,2023,Q2
20230408,2023-04-08,8,4,April,Apr,Q2,2023,2023-04,2023-Q2,14,Saturday,6,True,,False,2023,Q2
20230409,2023-04-09,9,4,April,Apr,Q2,2023,2023-04,2023-Q2,14,Sunday,7,True,,False,2023,Q2
20230410,2023-04-10,10,4,April,Apr,Q2,2023,2023-04,2023-Q2,15,Monday,1,False,,False,2023,Q2
20230411,2023-04-11,11,4,April,Apr,Q2,2023,2023-04,2023-Q2,15,Tuesday,2,False,,False,2023,Q2
20230412,2023-04-12,12,4,April,Apr,Q2,2023,2023-04,2023-Q2,15,Wednesday,3,False,,False,2023,Q2
20230413,2023-04-13,13,4,April,Apr,Q2,2023,2023-04,2023-Q2,15,Thursday,4,False,,False,2023,Q2
20230414,2023-04-14,14,4,April,Apr,Q2,2023,2023-04,2023-Q2,15,Friday,5,False,,False,2023,Q2
20230415,2023-04-15,15,4,April,Apr,Q2,2023,2023-04,2023-Q2,15,Saturday,6,True,,False,2023,Q2
20230416,2023-04-16,16,4,April,Apr,Q2,2023,2023-04,2023-Q2,15,Sunday,7,True,,False,2023,Q2
20230417,2023-04-17,17,4,April,Apr,Q2,2023,2023-04,2023-Q2,16,Monday,1,False,,False,2023,Q2
20230418,2023-04-18,18,4,April,Apr,Q2,2023,2023-04,2023-Q2,16,Tuesday,2,False,,False,2023,Q2
20230419,2023-04-19,19,4,April,Apr,Q2,2023,2023-04,2023-Q2,16,Wednesday,3,False,,False,2023,Q2
20230420,2023-04-20,20,4,April,Apr,Q2,2023,2023-04,2023-Q2,16,Thursday,4,False,,False,2023,Q2
20230421,2023-04-21,21,4,April,Apr,Q2,2023,2023-04,2023-Q2,16,Friday,5,False,,False,2023,Q2
20230422,2023-04-22,22,4,April,Apr,Q2,2023,2023-04,2023-Q2,16,Saturday,6,True,,False,2023,Q2
20230423,2023-04-23,23,4,April,Apr,Q2,2023,2023-04,2023-Q2,16,Sunday,7,True,,False,2023,Q2
20230424,2023-04-24,24,4,April,Apr,Q2,2023,2023-04,2023-Q2,17,Monday,1,False,,False,2023,Q2
20230425,2023-04-25,25,4,April,Apr,Q2,2023,2023-04,2023-Q2,17,Tuesday,2,False,,False,2023,Q2
20230426,2023-04-26,26,4,April,Apr,Q2,2023,2023-04,2023-Q2,17,Wednesday,3,False,,False,2023,Q2
20230427,2023-04-27,27,4,April,Apr,Q2,2023,2023-04,2023-Q2,17,Thursday,4,False,,False,2023,Q2
20230428,2023-04-28,28,4,April,Apr,Q2,2023,2023-04,2023-Q2,17,Friday,5,False,,False,2023,Q2
20230429,2023-04-29,29,4,April,Apr,Q2,2023,2023-04,2023-Q2,17,Saturday,6,True,,False,2023,Q2
20230430,2023-04-30,30,4,April,Apr,Q2,2023,2023-04,2023-Q2,17,Sunday,7,True,,False,2023,Q2
20230501,2023-05-01,1,5,May,May,Q2,2023,2023-05,2023-Q2,18,Monday,1,False,,False,2023,Q2
20230502,2023-05-02,2,5,May,May,Q2,2023,2023-05,2023-Q2,18,Tuesday,2,False,,False,2023,Q2
20230503,2023-05-03,3,5,May,May,Q2,2023,2023-05,2023-Q2,18,Wednesday,3,False,,False,2023,Q2
20230504,2023-05-04,4,5,May,May,Q2,2023,2023-05,2023-Q2,18,Thursday,4,False,,False,2023,Q2
20230505,2023-05-05,5,5,May,May,Q2,2023,2023-05,2023-Q2,18,Friday,5,False,,False,2023,Q2
20230506,2023-05-06,6,5,May,May,Q2,2023,2023-05,2023-Q2,18,Saturday,6,True,,False,2023,Q2
20230507,2023-05-07,7,5,May,May,Q2,2023,2023-05,2023-Q2,18,Sunday,7,True,,False,2023,Q2
20230508,2023-05-08,8,5,May,May,Q2,2023,2023-05,2023-Q2,19,Monday,1,False,,False,2023,Q2
20230509,2023-05-09,9,5,May,May,Q2,2023,2023-05,2023-Q2,19,Tuesday,2,False,,False,2023,Q2
20230510,2023-05-10,10,5,May,May,Q2,2023,2023-05,2023-Q2,19,Wednesday,3,False,,False,2023,Q2
20230511,2023-05-11,11,5,May,May,Q2,2023,2023-05,2023-Q2,19,Thursday,4,False,,False,2023,Q2
20230512,2023-05-12,12,5,May,May,Q2,2023,2023-05,2023-Q2,19,Friday,5,False,,False,2023,Q2
20230513,2023-05-13,13,5,May,May,Q2,2023,2023-05,2023-Q2,19,Saturday,6,True,,False,2023,Q2
20230514,2023-05-14,14,5,May,May,Q2,2023,2023-05,2023-Q2,19,Sunday,7,True,,False,2023,Q2
20230515,2023-05-15,15,5,May,May,Q2,2023,2023-05,2023-Q2,20,Monday,1,False,,False,2023,Q2
20230516,2023-05-16,16,5,May,May,Q2,2023,2023-05,2023-Q2,20,Tuesday,2,False,,False,2023,Q2
20230517,2023-05-17,17,5,May,May,Q2,2023,2023-05,2023-Q2,20,Wednesday,3,False,,False,2023,Q2
20230518,2023-05-18,18,5,May,May,Q2,2023,2023-05,2023-Q2,20,Thursday,4,False,,False,2023,Q2
20230519,2023-05-19,19,5,May,May,Q2,2023,2023-05,2023-Q2,20,Friday,5,False,,False,2023,Q2
20230520,2023-05-20,20,5,May,May,Q2,2023,2023-05,2023-Q2,20,Saturday,6,True,,False,2023,Q2
20230521,2023-05-21,21,5,May,May,Q2,2023,2023-05,2023-Q2,20,Sunday,7,True,,False,2023,Q2
20230522,2023-05-22,22,5,May,May,Q2,2023,2023-05,2023-Q2,21,Monday,1,False,,False,2023,Q2
20230523,2023-05-23,23,5,May,May,Q2,2023,2023-05,2023-Q2,21,Tuesday,2,False,,False,2023,Q2
20230524,2023-05-24,24,5,May,May,Q2,2023,2023-05,2023-Q2,21,Wednesday,3,False,,False,2023,Q2
20230525,2023-05-25,25,5,May,May,Q2,2023,2023-05,2023-Q2,21,Thursday,4,False,,False,2023,Q2
20230526,2023-05-26,26,5,May,May,Q2,2023,2023-05,2023-Q2,21,Friday,5,False,,False,2023,Q2
20230527,2023-05-27,27,5,May,May,Q2,2023,2023-05,2023-Q2,21,Saturday,6,True,,False,2023,Q2
20230528,2023-05-28,28,5,May,May,Q2,2023,2023-05,2023-Q2,21,Sunday,7,True,,False,2023,Q2
20230529,2023-05-29,29,5,May,May,Q2,2023,2023-05,2023-Q2,22,Monday,1,False,,False,2023,Q2
20230530,2023-05-30,30,5,May,May,Q2,2023,2023-05,2023-Q2,22,Tuesday,2,False,,False,2023,Q2
20230531,2023-05-31,31,5,May,May,Q2,2023,2023-05,2023-Q2,22,Wednesday,3,False,,False,2023,Q2
20230601,2023-06-01,1,6,June,Jun,Q2,2023,2023-06,2023-Q2,22,Thursday,4,False,,False,2023,Q2
20230602,2023-06-02,2,6,June,Jun,Q2,2023,2023-06,2023-Q2,22,Friday,5,False,,False,2023,Q2
20230603,2023-06-03,3,6,June,Jun,Q2,2023,2023-06,2023-Q2,22,Saturday,6,True,,False,2023,Q2
20230604,2023-06-04,4,6,June,Jun,Q2,2023,2023-06,2023-Q2,22,Sunday,7,True,,False,2023,Q2
20230605,2023-06-05,5,6,June,Jun,Q2,2023,2023-06,2023-Q2,23,Monday,1,False,,False,2023,Q2
20230606,2023-06-06,6,6,June,Jun,Q2,2023,2023-06,2023-Q2,23,Tuesday,2,False,,False,2023,Q2
20230607,2023-06-07,7,6,June,Jun,Q2,2023,2023-06,2023-Q2,23,Wednesday,3,False,,False,2023,Q2
20230608,2023-06-08,8,6,June,Jun,Q2,2023,2023-06,2023-Q2,23,Thursday,4,False,,False,2023,Q2
20230609,2023-06-09,9,6,June,Jun,Q2,2023,2023-06,2023-Q2,23,Friday,5,False,,False,2023,Q2
20230610,2023-06-10,10,6,June,Jun,Q2,2023,2023-06,2023-Q2,23,Saturday,6,True,,False,2023,Q2
20230611,2023-06-11,11,6,June,Jun,Q2,2023,2023-06,2023-Q2,23,Sunday,7,True,,False,2023,Q2
20230612,2023-06-12,12,6,June,Jun,Q2,2023,2023-06,2023-Q2,24,Monday,1,False,,False,2023,Q2
20230613,2023-06-13,13,6,June,Jun,Q2,2023,2023-06,2023-Q2,24,Tuesday,2,False,,False,2023,Q2
20230614,2023-06-14,14,6,June,Jun,Q2,2023,2023-06,2023-Q2,24,Wednesday,3,False,,False,2023,Q2
20230615,2023-06-15,15,6,June,Jun,Q2,2023,2023-06,2023-Q2,24,Thursday,4,False,,False,2023,Q2
20230616,2023-06-16,16,6,June,Jun,Q2,2023,2023-06,2023-Q2,24,Friday,5,False,,False,2023,Q2
20230617,2023-06-17,17,6,June,Jun,Q2,2023,2023-06,2023-Q2,24,Saturday,6,True,,False,2023,Q2
20230618,2023-06-18,18,6,June,Jun,Q2,2023,2023-06,2023-Q2,24,Sunday,7,True,,False,2023,Q2
20230619,2023-06-19,19,6,June,Jun,Q2,2023,2023-06,2023-Q2,25,Monday,1,False,,False,2023,Q2
20230620,2023-06-20,20,6,June,Jun,Q2,2023,2023-06,2023-Q2,25,Tuesday,2,False,,False,2023,Q2
20230621,2023-06-21,21,6,June,Jun,Q2,2023,2023-06,2023-Q2,25,Wednesday,3,False,,False,2023,Q2
20230622,2023-06-22,22,6,June,Jun,Q2,2023,2023-06,2023-Q2,25,Thursday,4,False,,False,2023,Q2
20230623,2023-06-23,23,6,June,Jun,Q2,2023,2023-06,2023-Q2,25,Friday,5,False,,False,2023,Q2
20230624,2023-06-24,24,6,June,Jun,Q2,2023,2023-06,2023-Q2,25,Saturday,6,True,,False,2023,Q2
20230625,2023-06-25,25,6,June,Jun,Q2,2023,2023-06,2023-Q2,25,Sunday,7,True,,False,2023,Q2
20230626,2023-06-26,26,6,June,Jun,Q2,2023,2023-06,2023-Q2,26,Monday,1,False,,False,2023,Q2
20230627,2023-06-27,27,6,June,Jun,Q2,2023,2023-06,2023-Q2,26,Tuesday,2,False,,False,2023,Q2
20230628,2023-06-28,28,6,June,Jun,Q2,2023,2023-06,2023-Q2,26,Wednesday,3,False,,False,2023,Q2
20230629,2023-06-29,29,6,June,Jun,Q2,2023,2023-06,2023-Q2,26,Thursday,4,False,,False,2023,Q2
20230630,2023-06-30,30,6,June,Jun,Q2,2023,2023-06,2023-Q2,26,Friday,5,False,,False,2023,Q2
20230701,2023-07-01,1,7,July,Jul,Q3,2023,2023-07,2023-Q3,26,Saturday,6,True,,False,2023,Q3
20230702,2023-07-02,2,7,July,Jul,Q3,2023,2023-07,2023-Q3,26,Sunday,7,True,,False,2023,Q3
20230703,2023-07-03,3,7,July,Jul,Q3,2023,2023-07,2023-Q3,27,Monday,1,False,,False,2023,Q3
20230704,2023-07-04,4,7,July,Jul,Q3,2023,2023-07,2023-Q3,27,Tuesday,2,False,,False,2023,Q3
20230705,2023-07-05,5,7,July,Jul,Q3,2023,2023-07,2023-Q3,27,Wednesday,3,False,,False,2023,Q3
20230706,2023-07-06,6,7,July,Jul,Q3,2023,2023-07,2023-Q3,27,Thursday,4,False,,False,2023,Q3
20230707,2023-07-07,7,7,July,Jul,Q3,2023,2023-07,2023-Q3,27,Friday,5,False,,False,2023,Q3
20230708,2023-07-08,8,7,July,Jul,Q3,2023,2023-07,2023-Q3,27,Saturday,6,True,,False,2023,Q3
20230709,2023-07-09,9,7,July,Jul,Q3,2023,2023-07,2023-Q3,27,Sunday,7,True,,False,2023,Q3
20230710,2023-07-10,10,7,July,Jul,Q3,2023,2023-07,2023-Q3,28,Monday,1,False,,False,2023,Q3
20230711,2023-07-11,11,7,July,Jul,Q3,2023,2023-07,2023-Q3,28,Tuesday,2,False,Prime Day,True,2023,Q3
20230712,2023-07-12,12,7,July,Jul,Q3,2023,2023-07,2023-Q3,28,Wednesday,3,False,Prime Day,True,2023,Q3
20230713,2023-07-13,13,7,July,Jul,Q3,2023,2023-07,2023-Q3,28,Thursday,4,False,,False,2023,Q3
20230714,2023-07-14,14,7,July,Jul,Q3,2023,2023-07,2023-Q3,28,Friday,5,False,,False,2023,Q3
20230715,2023-07-15,15,7,July,Jul,Q3,2023,2023-07,2023-Q3,28,Saturday,6,True,,False,2023,Q3
20230716,2023-07-16,16,7,July,Jul,Q3,2023,2023-07,2023-Q3,28,Sunday,7,True,,False,2023,Q3
20230717,2023-07-17,17,7,July,Jul,Q3,2023,2023-07,2023-Q3,29,Monday,1,False,,False,2023,Q3
20230718,2023-07-18,18,7,July,Jul,Q3,2023,2023-07,2023-Q3,29,Tuesday,2,False,,False,2023,Q3
20230719,2023-07-19,19,7,July,Jul,Q3,2023,2023-07,2023-Q3,29,Wednesday,3,False,,False,2023,Q3
20230720,2023-07-20,20,7,July,Jul,Q3,2023,2023-07,2023-Q3,29,Thursday,4,False,,False,2023,Q3
20230721,2023-07-21,21,7,July,Jul,Q3,2023,2023-07,2023-Q3,29,Friday,5,False,,False,2023,Q3
20230722,2023-07-22,22,7,July,Jul,Q3,2023,2023-07,2023-Q3,29,Saturday,6,True,,False,2023,Q3
20230723,2023-07-23,23,7,July,Jul,Q3,2023,2023-07,2023-Q3,29,Sunday,7,True,,False,2023,Q3
20230724,2023-07-24,24,7,July,Jul,Q3,2023,2023-07,2023-Q3,30,Monday,1,False,,False,2023,Q3
20230725,2023-07-25,25,7,July,Jul,Q3,2023,2023-07,2023-Q3,30,Tuesday,2,False,,False,2023,Q3
20230726,2023-07-26,26,7,July,Jul,Q3,2023,2023-07,2023-Q3,30,Wednesday,3,False,,False,2023,Q3
20230727,2023-07-27,27,7,July,Jul,Q3,2023,2023-07,2023-Q3,30,Thursday,4,False,,False,2023,Q3
20230728,2023-07-28,28,7,July,Jul,Q3,2023,2023-07,2023-Q3,30,Friday,5,False,,False,2023,Q3
20230729,2023-07-29,29,7,July,Jul,Q3,2023,2023-07,2023-Q3,30,Saturday,6,True,,False,2023,Q3
20230730,2023-07-30,30,7,July,Jul,Q3,2023,2023-07,2023-Q3,30,Sunday,7,True,,False,2023,Q3
20230731,2023-07-31,31,7,July,Jul,Q3,2023,2023-07,2023-Q3,31,Monday,1,False,,False,2023,Q3
20230801,2023-08-01,1,8,August,Aug,Q3,2023,2023-08,2023-Q3,31,Tuesday,2,False,,False,2023,Q3
20230802,2023-08-02,2,8,August,Aug,Q3,2023,2023-08,2023-Q3,31,Wednesday,3,False,,False,2023,Q3
20230803,2023-08-03,3,8,August,Aug,Q3,2023,2023-08,2023-Q3,31,Thursday,4,False,,False,2023,Q3
20230804,2023-08-04,4,8,August,Aug,Q3,2023,2023-08,2023-Q3,31,Friday,5,False,,False,2023,Q3
20230805,2023-08-05,5,8,August,Aug,Q3,2023,2023-08,2023-Q3,31,Saturday,6,True,,False,2023,Q3
20230806,2023-08-06,6,8,August,Aug,Q3,2023,2023-08,2023-Q3,31,Sunday,7,True,,False,2023,Q3
20230807,2023-08-07,7,8,August,Aug,Q3,2023,2023-08,2023-Q3,32,Monday,1,False,,False,2023,Q3
20230808,2023-08-08,8,8,August,Aug,Q3,2023,2023-08,2023-Q3,32,Tuesday,2,False,,False,2023,Q3
20230809,2023-08-09,9,8,August,Aug,Q3,2023,2023-08,2023-Q3,32,Wednesday,3,False,,False,2023,Q3
20230810,2023-08-10,10,8,August,Aug,Q3,2023,2023-08,2023-Q3,32,Thursday,4,False,,False,2023,Q3
20230811,2023-08-11,11,8,August,Aug,Q3,2023,2023-08,2023-Q3,32,Friday,5,False,,False,2023,Q3
20230812,2023-08-12,12,8,August,Aug,Q3,2023,2023-08,2023-Q3,32,Saturday,6,True,,False,2023,Q3
20230813,2023-08-13,13,8,August,Aug,Q3,2023,2023-08,2023-Q3,32,Sunday,7,True,,False,2023,Q3
20230814,2023-08-14,14,8,August,Aug,Q3,2023,2023-08,2023-Q3,33,Monday,1,False,,False,2023,Q3
20230815,2023-08-15,15,8,August,Aug,Q3,2023,2023-08,2023-Q3,33,Tuesday,2,False,,False,2023,Q3
20230816,2023-08-16,16,8,August,Aug,Q3,2023,2023-08,2023-Q3,33,Wednesday,3,False,,False,2023,Q3
20230817,2023-08-17,17,8,August,Aug,Q3,2023,2023-08,2023-Q3,33,Thursday,4,False,,False,2023,Q3
20230818,2023-08-18,18,8,August,Aug,Q3,2023,2023-08,2023-Q3,33,Friday,5,False,,False,2023,Q3
20230819,2023-08-19,19,8,August,Aug,Q3,2023,2023-08,2023-Q3,33,Saturday,6,True,,False,2023,Q3
20230820,2023-08-20,20,8,August,Aug,Q3,2023,2023-08,2023-Q3,33,Sunday,7,True,,False,2023,Q3
20230821,2023-08-21,21,8,August,Aug,Q3,2023,2023-08,2023-Q3,34,Monday,1,False,,False,2023,Q3
20230822,2023-08-22,22,8,August,Aug,Q3,2023,2023-08,2023-Q3,34,Tuesday,2,False,,False,2023,Q3
20230823,2023-08-23,23,8,August,Aug,Q3,2023,2023-08,2023-Q3,34,Wednesday,3,False,,False,2023,Q3
20230824,2023-08-24,24,8,August,Aug,Q3,2023,2023-08,2023-Q3,34,Thursday,4,False,,False,2023,Q3
20230825,2023-08-25,25,8,August,Aug,Q3,2023,2023-08,2023-Q3,34,Friday,5,False,,False,2023,Q3
20230826,2023-08-26,26,8,August,Aug,Q3,2023,2023-08,2023-Q3,34,Saturday,6,True,,False,2023,Q3
20230827,2023-08-27,27,8,August,Aug,Q3,2023,2023-08,2023-Q3,34,Sunday,7,True,,False,2023,Q3
20230828,2023-08-28,28,8,August,Aug,Q3,2023,2023-08,2023-Q3,35,Monday,1,False,,False,2023,Q3
20230829,2023-08-29,29,8,August,Aug,Q3,2023,2023-08,2023-Q3,35,Tuesday,2,False,,False,2023,Q3
20230830,2023-08-30,30,8,August,Aug,Q3,2023,2023-08,2023-Q3,35,Wednesday,3,False,,False,2023,Q3
20230831,2023-08-31,31,8,August,Aug,Q3,2023,2023-08,2023-Q3,35,Thursday,4,False,,False,2023,Q3
20230901,2023-09-01,1,9,September,Sep,Q3,2023,2023-09,2023-Q3,35,Friday,5,False,,False,2023,Q3
20230902,2023-09-02,2,9,September,Sep,Q3,2023,2023-09,2023-Q3,35,Saturday,6,True,,False,2023,Q3
20230903,2023-09-03,3,9,September,Sep,Q3,2023,2023-09,2023-Q3,35,Sunday,7,True,,False,2023,Q3
20230904,2023-09-04,4,9,September,Sep,Q3,2023,2023-09,2023-Q3,36,Monday,1,False,,False,2023,Q3
20230905,2023-09-05,5,9,September,Sep,Q3,2023,2023-09,2023-Q3,36,Tuesday,2,False,,False,2023,Q3
20230906,2023-09-06,6,9,September,Sep,Q3,2023,2023-09,2023-Q3,36,Wednesday,3,False,,False,2023,Q3
20230907,2023-09-07,7,9,September,Sep,Q3,2023,2023-09,2023-Q3,36,Thursday,4,False,,False,2023,Q3
20230908,2023-09-08,8,9,September,Sep,Q3,2023,2023-09,2023-Q3,36,Friday,5,False,,False,2023,Q3
20230909,2023-09-09,9,9,September,Sep,Q3,2023,2023-09,2023-Q3,36,Saturday,6,True,,False,2023,Q3
20230910,2023-09-10,10,9,September,Sep,Q3,2023,2023-09,2023-Q3,36,Sunday,7,True,,False,2023,Q3
20230911,2023-09-11,11,9,September,Sep,Q3,2023,2023-09,2023-Q3,37,Monday,1,False,,False,2023,Q3
20230912,2023-09-12,12,9,September,Sep,Q3,2023,2023-09,2023-Q3,37,Tuesday,2,False,,False,2023,Q3
20230913,2023-09-13,13,9,September,Sep,Q3,2023,2023-09,2023-Q3,37,Wednesday,3,False,,False,2023,Q3
20230914,2023-09-14,14,9,September,Sep,Q3,2023,2023-09,2023-Q3,37,Thursday,4,False,,False,2023,Q3
20230915,2023-09-15,15,9,September,Sep,Q3,2023,2023-09,2023-Q3,37,Friday,5,False,,False,2023,Q3
20230916,2023-09-16,16,9,September,Sep,Q3,2023,2023-09,2023-Q3,37,Saturday,6,True,,False,2023,Q3
20230917,2023-09-17,17,9,September,Sep,Q3,2023,2023-09,2023-Q3,37,Sunday,7,True,,False,2023,Q3
20230918,2023-09-18,18,9,September,Sep,Q3,2023,2023-09,2023-Q3,38,Monday,1,False,,False,2023,Q3
20230919,2023-09-19,19,9,September,Sep,Q3,2023,2023-09,2023-Q3,38,Tuesday,2,False,,False,2023,Q3
20230920,2023-09-20,20,9,September,Sep,Q3,2023,2023-09,2023-Q3,38,Wednesday,3,False,,False,2023,Q3
20230921,2023-09-21,21,9,September,Sep,Q3,2023,2023-09,2023-Q3,38,Thursday,4,False,,False,2023,Q3
20230922,2023-09-22,22,9,September,Sep,Q3,2023,2023-09,2023-Q3,38,Friday,5,False,,False,2023,Q3
20230923,2023-09-23,23,9,September,Sep,Q3,2023,2023-09,2023-Q3,38,Saturday,6,True,,False,2023,Q3
20230924,2023-09-24,24,9,September,Sep,Q3,2023,2023-09,2023-Q3,38,Sunday,7,True,,False,2023,Q3
20230925,2023-09-25,25,9,September,Sep,Q3,2023,2023-09,2023-Q3,39,Monday,1,False,,False,2023,Q3
20230926,2023-09-26,26,9,September,Sep,Q3,2023,2023-09,2023-Q3,39,Tuesday,2,False,,False,2023,Q3
20230927,2023-09-27,27,9,September,Sep,Q3,2023,2023-09,2023-Q3,39,Wednesday,3,False,,False,2023,Q3
20230928,2023-09-28,28,9,September,Sep,Q3,2023,2023-09,2023-Q3,39,Thursday,4,False,,False,2023,Q3
20230929,2023-09-29,29,9,September,Sep,Q3,2023,2023-09,2023-Q3,39,Friday,5,False,,False,2023,Q3
20230930,2023-09-30,30,9,September,Sep,Q3,2023,2023-09,2023-Q3,39,Saturday,6,True,,False,2023,Q3
20231001,2023-10-01,1,10,October,Oct,Q4,2023,2023-10,2023-Q4,39,Sunday,7,True,,False,2023,Q4
20231002,2023-10-02,2,10,October,Oct,Q4,2023,2023-10,2023-Q4,40,Monday,1,False,,False,2023,Q4
20231003,2023-10-03,3,10,October,Oct,Q4,2023,2023-10,2023-Q4,40,Tuesday,2,False,,False,2023,Q4
20231004,2023-10-04,4,10,October,Oct,Q4,2023,2023-10,2023-Q4,40,Wednesday,3,False,,False,2023,Q4
20231005,2023-10-05,5,10,October,Oct,Q4,2023,2023-10,2023-Q4,40,Thursday,4,False,,False,2023,Q4
20231006,2023-10-06,6,10,October,Oct,Q4,2023,2023-10,2023-Q4,40,Friday,5,False,,False,2023,Q4
20231007,2023-10-07,7,10,October,Oct,Q4,2023,2023-10,2023-Q4,40,Saturday,6,True,,False,2023,Q4
20231008,2023-10-08,8,10,October,Oct,Q4,2023,2023-10,2023-Q4,40,Sunday,7,True,,False,2023,Q4
20231009,2023-10-09,9,10,October,Oct,Q4,2023,2023-10,2023-Q4,41,Monday,1,False,,False,2023,Q4
20231010,2023-10-10,10,10,October,Oct,Q4,2023,2023-10,2023-Q4,41,Tuesday,2,False,,False,2023,Q4
20231011,2023-10-11,11,10,October,Oct,Q4,2023,2023-10,2023-Q4,41,Wednesday,3,False,,False,2023,Q4
20231012,2023-10-12,12,10,October,Oct,Q4,2023,2023-10,2023-Q4,41,Thursday,4,False,,False,2023,Q4
20231013,2023-10-13,13,10,October,Oct,Q4,2023,2023-10,2023-Q4,41,Friday,5,False,,False,2023,Q4
20231014,2023-10-14,14,10,October,Oct,Q4,2023,2023-10,2023-Q4,41,Saturday,6,True,,False,2023,Q4
20231015,2023-10-15,15,10,October,Oct,Q4,2023,2023-10,2023-Q4,41,Sunday,7,True,,False,2023,Q4
20231016,2023-10-16,16,10,October,Oct,Q4,2023,2023-10,2023-Q4,42,Monday,1,False,,False,2023,Q4
20231017,2023-10-17,17,10,October,Oct,Q4,2023,2023-10,2023-Q4,42,Tuesday,2,False,,False,2023,Q4
20231018,2023-10-18,18,10,October,Oct,Q4,2023,2023-10,2023-Q4,42,Wednesday,3,False,,False,2023,Q4
20231019,2023-10-19,19,10,October,Oct,Q4,2023,2023-10,2023-Q4,42,Thursday,4,False,,False,2023,Q4
20231020,2023-10-20,20,10,October,Oct,Q4,2023,2023-10,2023-Q4,42,Friday,5,False,,False,2023,Q4
20231021,2023-10-21,21,10,October,Oct,Q4,2023,2023-10,2023-Q4,42,Saturday,6,True,,False,2023,Q4
20231022,2023-10-22,22,10,October,Oct,Q4,2023,2023-10,2023-Q4,42,Sunday,7,True,,False,2023,Q4
20231023,2023-10-23,23,10,October,Oct,Q4,2023,2023-10,2023-Q4,43,Monday,1,False,,False,2023,Q4
20231024,2023-10-24,24,10,October,Oct,Q4,2023,2023-10,2023-Q4,43,Tuesday,2,False,,False,2023,Q4
20231025,2023-10-25,25,10,October,Oct,Q4,2023,2023-10,2023-Q4,43,Wednesday,3,False,,False,2023,Q4
20231026,2023-10-26,26,10,October,Oct,Q4,2023,2023-10,2023-Q4,43,Thursday,4,False,,False,2023,Q4
20231027,2023-10-27,27,10,October,Oct,Q4,2023,2023-10,2023-Q4,43,Friday,5,False,,False,2023,Q4
20231028,2023-10-28,28,10,October,Oct,Q4,2023,2023-10,2023-Q4,43,Saturday,6,True,,False,2023,Q4
20231029,2023-10-29,29,10,October,Oct,Q4,2023,2023-10,2023-Q4,43,Sunday,7,True,,False,2023,Q4
20231030,2023-10-30,30,10,October,Oct,Q4,2023,2023-10,2023-Q4,44,Monday,1,False,,False,2023,Q4
20231031,2023-10-31,31,10,October,Oct,Q4,2023,2023-10,2023-Q4,44,Tuesday,2,False,,False,2023,Q4
20231101,2023-11-01,1,11,November,Nov,Q4,2023,2023-11,2023-Q4,44,Wednesday,3,False,,False,2023,Q4
20231102,2023-11-02,2,11,November,Nov,Q4,2023,2023-11,2023-Q4,44,Thursday,4,False,,False,2023,Q4
20231103,2023-11-03,3,11,November,Nov,Q4,2023,2023-11,2023-Q4,44,Friday,5,False,,False,2023,Q4
20231104,2023-11-04,4,11,November,Nov,Q4,2023,2023-11,2023-Q4,44,Saturday,6,True,,False,2023,Q4
20231105,2023-11-05,5,11,November,Nov,Q4,2023,2023-11,2023-Q4,44,Sunday,7,True,,False,2023,Q4
20231106,2023-11-06,6,11,November,Nov,Q4,2023,2023-11,2023-Q4,45,Monday,1,False,,False,2023,Q4
20231107,2023-11-07,7,11,November,Nov,Q4,2023,2023-11,2023-Q4,45,Tuesday,2,False,,False,2023,Q4
20231108,2023-11-08,8,11,November,Nov,Q4,2023,2023-11,2023-Q4,45,Wednesday,3,False,,False,2023,Q4
20231109,2023-11-09,9,11,November,Nov,Q4,2023,2023-11,2023-Q4,45,Thursday,4,False,,False,2023,Q4
20231110,2023-11-10,10,11,November,Nov,Q4,2023,2023-11,2023-Q4,45,Friday,5,False,,False,2023,Q4
20231111,2023-11-11,11,11,November,Nov,Q4,2023,2023-11,2023-Q4,45,Saturday,6,True,,False,2023,Q4
20231112,2023-11-12,12,11,November,Nov,Q4,2023,2023-11,2023-Q4,45,Sunday,7,True,,False,2023,Q4
20231113,2023-11-13,13,11,November,Nov,Q4,2023,2023-11,2023-Q4,46,Monday,1,False,,False,2023,Q4
20231114,2023-11-14,14,11,November,Nov,Q4,2023,2023-11,2023-Q4,46,Tuesday,2,False,,False,2023,Q4
20231115,2023-11-15,15,11,November,Nov,Q4,2023,2023-11,2023-Q4,46,Wednesday,3,False,,False,2023,Q4
20231116,2023-11-16,16,11,November,Nov,Q4,2023,2023-11,2023-Q4,46,Thursday,4,False,,False,2023,Q4
20231117,2023-11-17,17,11,November,Nov,Q4,2023,2023-11,2023-Q4,46,Friday,5,False,,False,2023,Q4
20231118,2023-11-18,18,11,November,Nov,Q4,2023,2023-11,2023-Q4,46,Saturday,6,True,,False,2023,Q4
20231119,2023-11-19,19,11,November,Nov,Q4,2023,2023-11,2023-Q4,46,Sunday,7,True,,False,2023,Q4
20231120,2023-11-20,20,11,November,Nov,Q4,2023,2023-11,2023-Q4,47,Monday,1,False,,False,2023,Q4
20231121,2023-11-21,21,11,November,Nov,Q4,2023,2023-11,2023-Q4,47,Tuesday,2,False,,False,2023,Q4
20231122,2023-11-22,22,11,November,Nov,Q4,2023,2023-11,2023-Q4,47,Wednesday,3,False,,False,2023,Q4
20231123,2023-11-23,23,11,November,Nov,Q4,2023,2023-11,2023-Q4,47,Thursday,4,False,,False,2023,Q4
20231124,2023-11-24,24,11,November,Nov,Q4,2023,2023-11,2023-Q4,47,Friday,5,False,Black Friday,True,2023,Q4
20231125,2023-11-25,25,11,November,Nov,Q4,2023,2023-11,2023-Q4,47,Saturday,6,True,,False,2023,Q4
20231126,2023-11-26,26,11,November,Nov,Q4,2023,2023-11,2023-Q4,47,Sunday,7,True,,False,2023,Q4
20231127,2023-11-27,27,11,November,Nov,Q4,2023,2023-11,2023-Q4,48,Monday,1,False,Cyber Weekend,True,2023,Q4
20231128,2023-11-28,28,11,November,Nov,Q4,2023,2023-11,2023-Q4,48,Tuesday,2,False,Cyber Weekend,True,2023,Q4
20231129,2023-11-29,29,11,November,Nov,Q4,2023,2023-11,2023-Q4,48,Wednesday,3,False,Cyber Weekend,True,2023,Q4
20231130,2023-11-30,30,11,November,Nov,Q4,2023,2023-11,2023-Q4,48,Thursday,4,False,Cyber Weekend,True,2023,Q4
20231201,2023-12-01,1,12,December,Dec,Q4,2023,2023-12,2023-Q4,48,Friday,5,False,,False,2023,Q4
20231202,2023-12-02,2,12,December,Dec,Q4,2023,2023-12,2023-Q4,48,Saturday,6,True,,False,2023,Q4
20231203,2023-12-03,3,12,December,Dec,Q4,2023,2023-12,2023-Q4,48,Sunday,7,True,,False,2023,Q4
20231204,2023-12-04,4,12,December,Dec,Q4,2023,2023-12,2023-Q4,49,Monday,1,False,,False,2023,Q4
20231205,2023-12-05,5,12,December,Dec,Q4,2023,2023-12,2023-Q4,49,Tuesday,2,False,,False,2023,Q4
20231206,2023-12-06,6,12,December,Dec,Q4,2023,2023-12,2023-Q4,49,Wednesday,3,False,,False,2023,Q4
20231207,2023-12-07,7,12,December,Dec,Q4,2023,2023-12,2023-Q4,49,Thursday,4,False,,False,2023,Q4
20231208,2023-12-08,8,12,December,Dec,Q4,2023,2023-12,2023-Q4,49,Friday,5,False,,False,2023,Q4
20231209,2023-12-09,9,12,December,Dec,Q4,2023,2023-12,2023-Q4,49,Saturday,6,True,,False,2023,Q4
20231210,2023-12-10,10,12,December,Dec,Q4,2023,2023-12,2023-Q4,49,Sunday,7,True,,False,2023,Q4
20231211,2023-12-11,11,12,December,Dec,Q4,2023,2023-12,2023-Q4,50,Monday,1,False,,False,2023,Q4
20231212,2023-12-12,12,12,December,Dec,Q4,2023,2023-12,2023-Q4,50,Tuesday,2,False,,False,2023,Q4
20231213,2023-12-13,13,12,December,Dec,Q4,2023,2023-12,2023-Q4,50,Wednesday,3,False,,False,2023,Q4
20231214,2023-12-14,14,12,December,Dec,Q4,2023,2023-12,2023-Q4,50,Thursday,4,False,,False,2023,Q4
20231215,2023-12-15,15,12,December,Dec,Q4,2023,2023-12,2023-Q4,50,Friday,5,False,Christmas Peak,True,2023,Q4
20231216,2023-12-16,16,12,December,Dec,Q4,2023,2023-12,2023-Q4,50,Saturday,6,True,Christmas Peak,True,2023,Q4
20231217,2023-12-17,17,12,December,Dec,Q4,2023,2023-12,2023-Q4,50,Sunday,7,True,Christmas Peak,True,2023,Q4
20231218,2023-12-18,18,12,December,Dec,Q4,2023,2023-12,2023-Q4,51,Monday,1,False,Christmas Peak,True,2023,Q4
20231219,2023-12-19,19,12,December,Dec,Q4,2023,2023-12,2023-Q4,51,Tuesday,2,False,Christmas Peak,True,2023,Q4
20231220,2023-12-20,20,12,December,Dec,Q4,2023,2023-12,2023-Q4,51,Wednesday,3,False,Christmas Peak,True,2023,Q4
20231221,2023-12-21,21,12,December,Dec,Q4,2023,2023-12,2023-Q4,51,Thursday,4,False,Christmas Peak,True,2023,Q4
20231222,2023-12-22,22,12,December,Dec,Q4,2023,2023-12,2023-Q4,51,Friday,5,False,Christmas Peak,True,2023,Q4
20231223,2023-12-23,23,12,December,Dec,Q4,2023,2023-12,2023-Q4,51,Saturday,6,True,Christmas Peak,True,2023,Q4
20231224,2023-12-24,24,12,December,Dec,Q4,2023,2023-12,2023-Q4,51,Sunday,7,True,Christmas Peak,True,2023,Q4
20231225,2023-12-25,25,12,December,Dec,Q4,2023,2023-12,2023-Q4,52,Monday,1,False,,False,2023,Q4
20231226,2023-12-26,26,12,December,Dec,Q4,2023,2023-12,2023-Q4,52,Tuesday,2,False,Boxing Day,True,2023,Q4
20231227,2023-12-27,27,12,December,Dec,Q4,2023,2023-12,2023-Q4,52,Wednesday,3,False,,False,2023,Q4
20231228,2023-12-28,28,12,December,Dec,Q4,2023,2023-12,2023-Q4,52,Thursday,4,False,,False,2023,Q4
20231229,2023-12-29,29,12,December,Dec,Q4,2023,2023-12,2023-Q4,52,Friday,5,False,,False,2023,Q4
20231230,2023-12-30,30,12,December,Dec,Q4,2023,2023-12,2023-Q4,52,Saturday,6,True,,False,2023,Q4
20231231,2023-12-31,31,12,December,Dec,Q4,2023,2023-12,2023-Q4,52,Sunday,7,True,,False,2023,Q4
20240101,2024-01-01,1,1,January,Jan,Q1,2024,2024-01,2024-Q1,1,Monday,1,False,New Year Sale,True,2024,Q1
20240102,2024-01-02,2,1,January,Jan,Q1,2024,2024-01,2024-Q1,1,Tuesday,2,False,New Year Sale,True,2024,Q1
20240103,2024-01-03,3,1,January,Jan,Q1,2024,2024-01,2024-Q1,1,Wednesday,3,False,New Year Sale,True,2024,Q1
20240104,2024-01-04,4,1,January,Jan,Q1,2024,2024-01,2024-Q1,1,Thursday,4,False,New Year Sale,True,2024,Q1
20240105,2024-01-05,5,1,January,Jan,Q1,2024,2024-01,2024-Q1,1,Friday,5,False,New Year Sale,True,2024,Q1
20240106,2024-01-06,6,1,January,Jan,Q1,2024,2024-01,2024-Q1,1,Saturday,6,True,,False,2024,Q1
20240107,2024-01-07,7,1,January,Jan,Q1,2024,2024-01,2024-Q1,1,Sunday,7,True,,False,2024,Q1
20240108,2024-01-08,8,1,January,Jan,Q1,2024,2024-01,2024-Q1,2,Monday,1,False,,False,2024,Q1
20240109,2024-01-09,9,1,January,Jan,Q1,2024,2024-01,2024-Q1,2,Tuesday,2,False,,False,2024,Q1
20240110,2024-01-10,10,1,January,Jan,Q1,2024,2024-01,2024-Q1,2,Wednesday,3,False,,False,2024,Q1
20240111,2024-01-11,11,1,January,Jan,Q1,2024,2024-01,2024-Q1,2,Thursday,4,False,,False,2024,Q1
20240112,2024-01-12,12,1,January,Jan,Q1,2024,2024-01,2024-Q1,2,Friday,5,False,,False,2024,Q1
20240113,2024-01-13,13,1,January,Jan,Q1,2024,2024-01,2024-Q1,2,Saturday,6,True,,False,2024,Q1
20240114,2024-01-14,14,1,January,Jan,Q1,2024,2024-01,2024-Q1,2,Sunday,7,True,,False,2024,Q1
20240115,2024-01-15,15,1,January,Jan,Q1,2024,2024-01,2024-Q1,3,Monday,1,False,,False,2024,Q1
20240116,2024-01-16,16,1,January,Jan,Q1,2024,2024-01,2024-Q1,3,Tuesday,2,False,,False,2024,Q1
20240117,2024-01-17,17,1,January,Jan,Q1,2024,2024-01,2024-Q1,3,Wednesday,3,False,,False,2024,Q1
20240118,2024-01-18,18,1,January,Jan,Q1,2024,2024-01,2024-Q1,3,Thursday,4,False,,False,2024,Q1
20240119,2024-01-19,19,1,January,Jan,Q1,2024,2024-01,2024-Q1,3,Friday,5,False,,False,2024,Q1
20240120,2024-01-20,20,1,January,Jan,Q1,2024,2024-01,2024-Q1,3,Saturday,6,True,,False,2024,Q1
20240121,2024-01-21,21,1,January,Jan,Q1,2024,2024-01,2024-Q1,3,Sunday,7,True,,False,2024,Q1
20240122,2024-01-22,22,1,January,Jan,Q1,2024,2024-01,2024-Q1,4,Monday,1,False,,False,2024,Q1
20240123,2024-01-23,23,1,January,Jan,Q1,2024,2024-01,2024-Q1,4,Tuesday,2,False,,False,2024,Q1
20240124,2024-01-24,24,1,January,Jan,Q1,2024,2024-01,2024-Q1,4,Wednesday,3,False,,False,2024,Q1
20240125,2024-01-25,25,1,January,Jan,Q1,2024,2024-01,2024-Q1,4,Thursday,4,False,,False,2024,Q1
20240126,2024-01-26,26,1,January,Jan,Q1,2024,2024-01,2024-Q1,4,Friday,5,False,,False,2024,Q1
20240127,2024-01-27,27,1,January,Jan,Q1,2024,2024-01,2024-Q1,4,Saturday,6,True,,False,2024,Q1
20240128,2024-01-28,28,1,January,Jan,Q1,2024,2024-01,2024-Q1,4,Sunday,7,True,,False,2024,Q1
20240129,2024-01-29,29,1,January,Jan,Q1,2024,2024-01,2024-Q1,5,Monday,1,False,,False,2024,Q1
20240130,2024-01-30,30,1,January,Jan,Q1,2024,2024-01,2024-Q1,5,Tuesday,2,False,,False,2024,Q1
20240131,2024-01-31,31,1,January,Jan,Q1,2024,2024-01,2024-Q1,5,Wednesday,3,False,,False,2024,Q1
20240201,2024-02-01,1,2,February,Feb,Q1,2024,2024-02,2024-Q1,5,Thursday,4,False,,False,2024,Q1
20240202,2024-02-02,2,2,February,Feb,Q1,2024,2024-02,2024-Q1,5,Friday,5,False,,False,2024,Q1
20240203,2024-02-03,3,2,February,Feb,Q1,2024,2024-02,2024-Q1,5,Saturday,6,True,,False,2024,Q1
20240204,2024-02-04,4,2,February,Feb,Q1,2024,2024-02,2024-Q1,5,Sunday,7,True,,False,2024,Q1
20240205,2024-02-05,5,2,February,Feb,Q1,2024,2024-02,2024-Q1,6,Monday,1,False,,False,2024,Q1
20240206,2024-02-06,6,2,February,Feb,Q1,2024,2024-02,2024-Q1,6,Tuesday,2,False,,False,2024,Q1
20240207,2024-02-07,7,2,February,Feb,Q1,2024,2024-02,2024-Q1,6,Wednesday,3,False,,False,2024,Q1
20240208,2024-02-08,8,2,February,Feb,Q1,2024,2024-02,2024-Q1,6,Thursday,4,False,,False,2024,Q1
20240209,2024-02-09,9,2,February,Feb,Q1,2024,2024-02,2024-Q1,6,Friday,5,False,,False,2024,Q1
20240210,2024-02-10,10,2,February,Feb,Q1,2024,2024-02,2024-Q1,6,Saturday,6,True,,False,2024,Q1
20240211,2024-02-11,11,2,February,Feb,Q1,2024,2024-02,2024-Q1,6,Sunday,7,True,,False,2024,Q1
20240212,2024-02-12,12,2,February,Feb,Q1,2024,2024-02,2024-Q1,7,Monday,1,False,,False,2024,Q1
20240213,2024-02-13,13,2,February,Feb,Q1,2024,2024-02,2024-Q1,7,Tuesday,2,False,,False,2024,Q1
20240214,2024-02-14,14,2,February,Feb,Q1,2024,2024-02,2024-Q1,7,Wednesday,3,False,,False,2024,Q1
20240215,2024-02-15,15,2,February,Feb,Q1,2024,2024-02,2024-Q1,7,Thursday,4,False,,False,2024,Q1
20240216,2024-02-16,16,2,February,Feb,Q1,2024,2024-02,2024-Q1,7,Friday,5,False,,False,2024,Q1
20240217,2024-02-17,17,2,February,Feb,Q1,2024,2024-02,2024-Q1,7,Saturday,6,True,,False,2024,Q1
20240218,2024-02-18,18,2,February,Feb,Q1,2024,2024-02,2024-Q1,7,Sunday,7,True,,False,2024,Q1
20240219,2024-02-19,19,2,February,Feb,Q1,2024,2024-02,2024-Q1,8,Monday,1,False,,False,2024,Q1
20240220,2024-02-20,20,2,February,Feb,Q1,2024,2024-02,2024-Q1,8,Tuesday,2,False,,False,2024,Q1
20240221,2024-02-21,21,2,February,Feb,Q1,2024,2024-02,2024-Q1,8,Wednesday,3,False,,False,2024,Q1
20240222,2024-02-22,22,2,February,Feb,Q1,2024,2024-02,2024-Q1,8,Thursday,4,False,,False,2024,Q1
20240223,2024-02-23,23,2,February,Feb,Q1,2024,2024-02,2024-Q1,8,Friday,5,False,,False,2024,Q1
20240224,2024-02-24,24,2,February,Feb,Q1,2024,2024-02,2024-Q1,8,Saturday,6,True,,False,2024,Q1
20240225,2024-02-25,25,2,February,Feb,Q1,2024,2024-02,2024-Q1,8,Sunday,7,True,,False,2024,Q1
20240226,2024-02-26,26,2,February,Feb,Q1,2024,2024-02,2024-Q1,9,Monday,1,False,,False,2024,Q1
20240227,2024-02-27,27,2,February,Feb,Q1,2024,2024-02,2024-Q1,9,Tuesday,2,False,,False,2024,Q1
20240228,2024-02-28,28,2,February,Feb,Q1,2024,2024-02,2024-Q1,9,Wednesday,3,False,,False,2024,Q1
20240229,2024-02-29,29,2,February,Feb,Q1,2024,2024-02,2024-Q1,9,Thursday,4,False,,False,2024,Q1
20240301,2024-03-01,1,3,March,Mar,Q1,2024,2024-03,2024-Q1,9,Friday,5,False,,False,2024,Q1
20240302,2024-03-02,2,3,March,Mar,Q1,2024,2024-03,2024-Q1,9,Saturday,6,True,,False,2024,Q1
20240303,2024-03-03,3,3,March,Mar,Q1,2024,2024-03,2024-Q1,9,Sunday,7,True,,False,2024,Q1
20240304,2024-03-04,4,3,March,Mar,Q1,2024,2024-03,2024-Q1,10,Monday,1,False,,False,2024,Q1
20240305,2024-03-05,5,3,March,Mar,Q1,2024,2024-03,2024-Q1,10,Tuesday,2,False,,False,2024,Q1
20240306,2024-03-06,6,3,March,Mar,Q1,2024,2024-03,2024-Q1,10,Wednesday,3,False,,False,2024,Q1
20240307,2024-03-07,7,3,March,Mar,Q1,2024,2024-03,2024-Q1,10,Thursday,4,False,,False,2024,Q1
20240308,2024-03-08,8,3,March,Mar,Q1,2024,2024-03,2024-Q1,10,Friday,5,False,,False,2024,Q1
20240309,2024-03-09,9,3,March,Mar,Q1,2024,2024-03,2024-Q1,10,Saturday,6,True,,False,2024,Q1
20240310,2024-03-10,10,3,March,Mar,Q1,2024,2024-03,2024-Q1,10,Sunday,7,True,,False,2024,Q1
20240311,2024-03-11,11,3,March,Mar,Q1,2024,2024-03,2024-Q1,11,Monday,1,False,,False,2024,Q1
20240312,2024-03-12,12,3,March,Mar,Q1,2024,2024-03,2024-Q1,11,Tuesday,2,False,,False,2024,Q1
20240313,2024-03-13,13,3,March,Mar,Q1,2024,2024-03,2024-Q1,11,Wednesday,3,False,,False,2024,Q1
20240314,2024-03-14,14,3,March,Mar,Q1,2024,2024-03,2024-Q1,11,Thursday,4,False,,False,2024,Q1
20240315,2024-03-15,15,3,March,Mar,Q1,2024,2024-03,2024-Q1,11,Friday,5,False,,False,2024,Q1
20240316,2024-03-16,16,3,March,Mar,Q1,2024,2024-03,2024-Q1,11,Saturday,6,True,,False,2024,Q1
20240317,2024-03-17,17,3,March,Mar,Q1,2024,2024-03,2024-Q1,11,Sunday,7,True,,False,2024,Q1
20240318,2024-03-18,18,3,March,Mar,Q1,2024,2024-03,2024-Q1,12,Monday,1,False,,False,2024,Q1
20240319,2024-03-19,19,3,March,Mar,Q1,2024,2024-03,2024-Q1,12,Tuesday,2,False,,False,2024,Q1
20240320,2024-03-20,20,3,March,Mar,Q1,2024,2024-03,2024-Q1,12,Wednesday,3,False,,False,2024,Q1
20240321,2024-03-21,21,3,March,Mar,Q1,2024,2024-03,2024-Q1,12,Thursday,4,False,,False,2024,Q1
20240322,2024-03-22,22,3,March,Mar,Q1,2024,2024-03,2024-Q1,12,Friday,5,False,,False,2024,Q1
20240323,2024-03-23,23,3,March,Mar,Q1,2024,2024-03,2024-Q1,12,Saturday,6,True,,False,2024,Q1
20240324,2024-03-24,24,3,March,Mar,Q1,2024,2024-03,2024-Q1,12,Sunday,7,True,,False,2024,Q1
20240325,2024-03-25,25,3,March,Mar,Q1,2024,2024-03,2024-Q1,13,Monday,1,False,,False,2024,Q1
20240326,2024-03-26,26,3,March,Mar,Q1,2024,2024-03,2024-Q1,13,Tuesday,2,False,,False,2024,Q1
20240327,2024-03-27,27,3,March,Mar,Q1,2024,2024-03,2024-Q1,13,Wednesday,3,False,,False,2024,Q1
20240328,2024-03-28,28,3,March,Mar,Q1,2024,2024-03,2024-Q1,13,Thursday,4,False,,False,2024,Q1
20240329,2024-03-29,29,3,March,Mar,Q1,2024,2024-03,2024-Q1,13,Friday,5,False,,False,2024,Q1
20240330,2024-03-30,30,3,March,Mar,Q1,2024,2024-03,2024-Q1,13,Saturday,6,True,,False,2024,Q1
20240331,2024-03-31,31,3,March,Mar,Q1,2024,2024-03,2024-Q1,13,Sunday,7,True,,False,2024,Q1
20240401,2024-04-01,1,4,April,Apr,Q2,2024,2024-04,2024-Q2,14,Monday,1,False,,False,2024,Q2
20240402,2024-04-02,2,4,April,Apr,Q2,2024,2024-04,2024-Q2,14,Tuesday,2,False,,False,2024,Q2
20240403,2024-04-03,3,4,April,Apr,Q2,2024,2024-04,2024-Q2,14,Wednesday,3,False,,False,2024,Q2
20240404,2024-04-04,4,4,April,Apr,Q2,2024,2024-04,2024-Q2,14,Thursday,4,False,,False,2024,Q2
20240405,2024-04-05,5,4,April,Apr,Q2,2024,2024-04,2024-Q2,14,Friday,5,False,,False,2024,Q2
20240406,2024-04-06,6,4,April,Apr,Q2,2024,2024-04,2024-Q2,14,Saturday,6,True,,False,2024,Q2
20240407,2024-04-07,7,4,April,Apr,Q2,2024,2024-04,2024-Q2,14,Sunday,7,True,,False,2024,Q2
20240408,2024-04-08,8,4,April,Apr,Q2,2024,2024-04,2024-Q2,15,Monday,1,False,,False,2024,Q2
20240409,2024-04-09,9,4,April,Apr,Q2,2024,2024-04,2024-Q2,15,Tuesday,2,False,,False,2024,Q2
20240410,2024-04-10,10,4,April,Apr,Q2,2024,2024-04,2024-Q2,15,Wednesday,3,False,,False,2024,Q2
20240411,2024-04-11,11,4,April,Apr,Q2,2024,2024-04,2024-Q2,15,Thursday,4,False,,False,2024,Q2
20240412,2024-04-12,12,4,April,Apr,Q2,2024,2024-04,2024-Q2,15,Friday,5,False,,False,2024,Q2
20240413,2024-04-13,13,4,April,Apr,Q2,2024,2024-04,2024-Q2,15,Saturday,6,True,,False,2024,Q2
20240414,2024-04-14,14,4,April,Apr,Q2,2024,2024-04,2024-Q2,15,Sunday,7,True,,False,2024,Q2
20240415,2024-04-15,15,4,April,Apr,Q2,2024,2024-04,2024-Q2,16,Monday,1,False,,False,2024,Q2
20240416,2024-04-16,16,4,April,Apr,Q2,2024,2024-04,2024-Q2,16,Tuesday,2,False,,False,2024,Q2
20240417,2024-04-17,17,4,April,Apr,Q2,2024,2024-04,2024-Q2,16,Wednesday,3,False,,False,2024,Q2
20240418,2024-04-18,18,4,April,Apr,Q2,2024,2024-04,2024-Q2,16,Thursday,4,False,,False,2024,Q2
20240419,2024-04-19,19,4,April,Apr,Q2,2024,2024-04,2024-Q2,16,Friday,5,False,,False,2024,Q2
20240420,2024-04-20,20,4,April,Apr,Q2,2024,2024-04,2024-Q2,16,Saturday,6,True,,False,2024,Q2
20240421,2024-04-21,21,4,April,Apr,Q2,2024,2024-04,2024-Q2,16,Sunday,7,True,,False,2024,Q2
20240422,2024-04-22,22,4,April,Apr,Q2,2024,2024-04,2024-Q2,17,Monday,1,False,,False,2024,Q2
20240423,2024-04-23,23,4,April,Apr,Q2,2024,2024-04,2024-Q2,17,Tuesday,2,False,,False,2024,Q2
20240424,2024-04-24,24,4,April,Apr,Q2,2024,2024-04,2024-Q2,17,Wednesday,3,False,,False,2024,Q2
20240425,2024-04-25,25,4,April,Apr,Q2,2024,2024-04,2024-Q2,17,Thursday,4,False,,False,2024,Q2
20240426,2024-04-26,26,4,April,Apr,Q2,2024,2024-04,2024-Q2,17,Friday,5,False,,False,2024,Q2
20240427,2024-04-27,27,4,April,Apr,Q2,2024,2024-04,2024-Q2,17,Saturday,6,True,,False,2024,Q2
20240428,2024-04-28,28,4,April,Apr,Q2,2024,2024-04,2024-Q2,17,Sunday,7,True,,False,2024,Q2
20240429,2024-04-29,29,4,April,Apr,Q2,2024,2024-04,2024-Q2,18,Monday,1,False,,False,2024,Q2
20240430,2024-04-30,30,4,April,Apr,Q2,2024,2024-04,2024-Q2,18,Tuesday,2,False,,False,2024,Q2
20240501,2024-05-01,1,5,May,May,Q2,2024,2024-05,2024-Q2,18,Wednesday,3,False,,False,2024,Q2
20240502,2024-05-02,2,5,May,May,Q2,2024,2024-05,2024-Q2,18,Thursday,4,False,,False,2024,Q2
20240503,2024-05-03,3,5,May,May,Q2,2024,2024-05,2024-Q2,18,Friday,5,False,,False,2024,Q2
20240504,2024-05-04,4,5,May,May,Q2,2024,2024-05,2024-Q2,18,Saturday,6,True,,False,2024,Q2
20240505,2024-05-05,5,5,May,May,Q2,2024,2024-05,2024-Q2,18,Sunday,7,True,,False,2024,Q2
20240506,2024-05-06,6,5,May,May,Q2,2024,2024-05,2024-Q2,19,Monday,1,False,,False,2024,Q2
20240507,2024-05-07,7,5,May,May,Q2,2024,2024-05,2024-Q2,19,Tuesday,2,False,,False,2024,Q2
20240508,2024-05-08,8,5,May,May,Q2,2024,2024-05,2024-Q2,19,Wednesday,3,False,,False,2024,Q2
20240509,2024-05-09,9,5,May,May,Q2,2024,2024-05,2024-Q2,19,Thursday,4,False,,False,2024,Q2
20240510,2024-05-10,10,5,May,May,Q2,2024,2024-05,2024-Q2,19,Friday,5,False,,False,2024,Q2
20240511,2024-05-11,11,5,May,May,Q2,2024,2024-05,2024-Q2,19,Saturday,6,True,,False,2024,Q2
20240512,2024-05-12,12,5,May,May,Q2,2024,2024-05,2024-Q2,19,Sunday,7,True,,False,2024,Q2
20240513,2024-05-13,13,5,May,May,Q2,2024,2024-05,2024-Q2,20,Monday,1,False,,False,2024,Q2
20240514,2024-05-14,14,5,May,May,Q2,2024,2024-05,2024-Q2,20,Tuesday,2,False,,False,2024,Q2
20240515,2024-05-15,15,5,May,May,Q2,2024,2024-05,2024-Q2,20,Wednesday,3,False,,False,2024,Q2
20240516,2024-05-16,16,5,May,May,Q2,2024,2024-05,2024-Q2,20,Thursday,4,False,,False,2024,Q2
20240517,2024-05-17,17,5,May,May,Q2,2024,2024-05,2024-Q2,20,Friday,5,False,,False,2024,Q2
20240518,2024-05-18,18,5,May,May,Q2,2024,2024-05,2024-Q2,20,Saturday,6,True,,False,2024,Q2
20240519,2024-05-19,19,5,May,May,Q2,2024,2024-05,2024-Q2,20,Sunday,7,True,,False,2024,Q2
20240520,2024-05-20,20,5,May,May,Q2,2024,2024-05,2024-Q2,21,Monday,1,False,,False,2024,Q2
20240521,2024-05-21,21,5,May,May,Q2,2024,2024-05,2024-Q2,21,Tuesday,2,False,,False,2024,Q2
20240522,2024-05-22,22,5,May,May,Q2,2024,2024-05,2024-Q2,21,Wednesday,3,False,,False,2024,Q2
20240523,2024-05-23,23,5,May,May,Q2,2024,2024-05,2024-Q2,21,Thursday,4,False,,False,2024,Q2
20240524,2024-05-24,24,5,May,May,Q2,2024,2024-05,2024-Q2,21,Friday,5,False,,False,2024,Q2
20240525,2024-05-25,25,5,May,May,Q2,2024,2024-05,2024-Q2,21,Saturday,6,True,,False,2024,Q2
20240526,2024-05-26,26,5,May,May,Q2,2024,2024-05,2024-Q2,21,Sunday,7,True,,False,2024,Q2
20240527,2024-05-27,27,5,May,May,Q2,2024,2024-05,2024-Q2,22,Monday,1,False,,False,2024,Q2
20240528,2024-05-28,28,5,May,May,Q2,2024,2024-05,2024-Q2,22,Tuesday,2,False,,False,2024,Q2
20240529,2024-05-29,29,5,May,May,Q2,2024,2024-05,2024-Q2,22,Wednesday,3,False,,False,2024,Q2
20240530,2024-05-30,30,5,May,May,Q2,2024,2024-05,2024-Q2,22,Thursday,4,False,,False,2024,Q2
20240531,2024-05-31,31,5,May,May,Q2,2024,2024-05,2024-Q2,22,Friday,5,False,,False,2024,Q2
20240601,2024-06-01,1,6,June,Jun,Q2,2024,2024-06,2024-Q2,22,Saturday,6,True,,False,2024,Q2
20240602,2024-06-02,2,6,June,Jun,Q2,2024,2024-06,2024-Q2,22,Sunday,7,True,,False,2024,Q2
20240603,2024-06-03,3,6,June,Jun,Q2,2024,2024-06,2024-Q2,23,Monday,1,False,,False,2024,Q2
20240604,2024-06-04,4,6,June,Jun,Q2,2024,2024-06,2024-Q2,23,Tuesday,2,False,,False,2024,Q2
20240605,2024-06-05,5,6,June,Jun,Q2,2024,2024-06,2024-Q2,23,Wednesday,3,False,,False,2024,Q2
20240606,2024-06-06,6,6,June,Jun,Q2,2024,2024-06,2024-Q2,23,Thursday,4,False,,False,2024,Q2
20240607,2024-06-07,7,6,June,Jun,Q2,2024,2024-06,2024-Q2,23,Friday,5,False,,False,2024,Q2
20240608,2024-06-08,8,6,June,Jun,Q2,2024,2024-06,2024-Q2,23,Saturday,6,True,,False,2024,Q2
20240609,2024-06-09,9,6,June,Jun,Q2,2024,2024-06,2024-Q2,23,Sunday,7,True,,False,2024,Q2
20240610,2024-06-10,10,6,June,Jun,Q2,2024,2024-06,2024-Q2,24,Monday,1,False,,False,2024,Q2
20240611,2024-06-11,11,6,June,Jun,Q2,2024,2024-06,2024-Q2,24,Tuesday,2,False,,False,2024,Q2
20240612,2024-06-12,12,6,June,Jun,Q2,2024,2024-06,2024-Q2,24,Wednesday,3,False,,False,2024,Q2
20240613,2024-06-13,13,6,June,Jun,Q2,2024,2024-06,2024-Q2,24,Thursday,4,False,,False,2024,Q2
20240614,2024-06-14,14,6,June,Jun,Q2,2024,2024-06,2024-Q2,24,Friday,5,False,,False,2024,Q2
20240615,2024-06-15,15,6,June,Jun,Q2,2024,2024-06,2024-Q2,24,Saturday,6,True,,False,2024,Q2
20240616,2024-06-16,16,6,June,Jun,Q2,2024,2024-06,2024-Q2,24,Sunday,7,True,,False,2024,Q2
20240617,2024-06-17,17,6,June,Jun,Q2,2024,2024-06,2024-Q2,25,Monday,1,False,,False,2024,Q2
20240618,2024-06-18,18,6,June,Jun,Q2,2024,2024-06,2024-Q2,25,Tuesday,2,False,,False,2024,Q2
20240619,2024-06-19,19,6,June,Jun,Q2,2024,2024-06,2024-Q2,25,Wednesday,3,False,,False,2024,Q2
20240620,2024-06-20,20,6,June,Jun,Q2,2024,2024-06,2024-Q2,25,Thursday,4,False,,False,2024,Q2
20240621,2024-06-21,21,6,June,Jun,Q2,2024,2024-06,2024-Q2,25,Friday,5,False,,False,2024,Q2
20240622,2024-06-22,22,6,June,Jun,Q2,2024,2024-06,2024-Q2,25,Saturday,6,True,,False,2024,Q2
20240623,2024-06-23,23,6,June,Jun,Q2,2024,2024-06,2024-Q2,25,Sunday,7,True,,False,2024,Q2
20240624,2024-06-24,24,6,June,Jun,Q2,2024,2024-06,2024-Q2,26,Monday,1,False,,False,2024,Q2
20240625,2024-06-25,25,6,June,Jun,Q2,2024,2024-06,2024-Q2,26,Tuesday,2,False,,False,2024,Q2
20240626,2024-06-26,26,6,June,Jun,Q2,2024,2024-06,2024-Q2,26,Wednesday,3,False,,False,2024,Q2
20240627,2024-06-27,27,6,June,Jun,Q2,2024,2024-06,2024-Q2,26,Thursday,4,False,,False,2024,Q2
20240628,2024-06-28,28,6,June,Jun,Q2,2024,2024-06,2024-Q2,26,Friday,5,False,,False,2024,Q2
20240629,2024-06-29,29,6,June,Jun,Q2,2024,2024-06,2024-Q2,26,Saturday,6,True,,False,2024,Q2
20240630,2024-06-30,30,6,June,Jun,Q2,2024,2024-06,2024-Q2,26,Sunday,7,True,,False,2024,Q2
20240701,2024-07-01,1,7,July,Jul,Q3,2024,2024-07,2024-Q3,27,Monday,1,False,,False,2024,Q3
20240702,2024-07-02,2,7,July,Jul,Q3,2024,2024-07,2024-Q3,27,Tuesday,2,False,,False,2024,Q3
20240703,2024-07-03,3,7,July,Jul,Q3,2024,2024-07,2024-Q3,27,Wednesday,3,False,,False,2024,Q3
20240704,2024-07-04,4,7,July,Jul,Q3,2024,2024-07,2024-Q3,27,Thursday,4,False,,False,2024,Q3
20240705,2024-07-05,5,7,July,Jul,Q3,2024,2024-07,2024-Q3,27,Friday,5,False,,False,2024,Q3
20240706,2024-07-06,6,7,July,Jul,Q3,2024,2024-07,2024-Q3,27,Saturday,6,True,,False,2024,Q3
20240707,2024-07-07,7,7,July,Jul,Q3,2024,2024-07,2024-Q3,27,Sunday,7,True,,False,2024,Q3
20240708,2024-07-08,8,7,July,Jul,Q3,2024,2024-07,2024-Q3,28,Monday,1,False,,False,2024,Q3
20240709,2024-07-09,9,7,July,Jul,Q3,2024,2024-07,2024-Q3,28,Tuesday,2,False,,False,2024,Q3
20240710,2024-07-10,10,7,July,Jul,Q3,2024,2024-07,2024-Q3,28,Wednesday,3,False,,False,2024,Q3
20240711,2024-07-11,11,7,July,Jul,Q3,2024,2024-07,2024-Q3,28,Thursday,4,False,Prime Day,True,2024,Q3
20240712,2024-07-12,12,7,July,Jul,Q3,2024,2024-07,2024-Q3,28,Friday,5,False,Prime Day,True,2024,Q3
20240713,2024-07-13,13,7,July,Jul,Q3,2024,2024-07,2024-Q3,28,Saturday,6,True,,False,2024,Q3
20240714,2024-07-14,14,7,July,Jul,Q3,2024,2024-07,2024-Q3,28,Sunday,7,True,,False,2024,Q3
20240715,2024-07-15,15,7,July,Jul,Q3,2024,2024-07,2024-Q3,29,Monday,1,False,,False,2024,Q3
20240716,2024-07-16,16,7,July,Jul,Q3,2024,2024-07,2024-Q3,29,Tuesday,2,False,,False,2024,Q3
20240717,2024-07-17,17,7,July,Jul,Q3,2024,2024-07,2024-Q3,29,Wednesday,3,False,,False,2024,Q3
20240718,2024-07-18,18,7,July,Jul,Q3,2024,2024-07,2024-Q3,29,Thursday,4,False,,False,2024,Q3
20240719,2024-07-19,19,7,July,Jul,Q3,2024,2024-07,2024-Q3,29,Friday,5,False,,False,2024,Q3
20240720,2024-07-20,20,7,July,Jul,Q3,2024,2024-07,2024-Q3,29,Saturday,6,True,,False,2024,Q3
20240721,2024-07-21,21,7,July,Jul,Q3,2024,2024-07,2024-Q3,29,Sunday,7,True,,False,2024,Q3
20240722,2024-07-22,22,7,July,Jul,Q3,2024,2024-07,2024-Q3,30,Monday,1,False,,False,2024,Q3
20240723,2024-07-23,23,7,July,Jul,Q3,2024,2024-07,2024-Q3,30,Tuesday,2,False,,False,2024,Q3
20240724,2024-07-24,24,7,July,Jul,Q3,2024,2024-07,2024-Q3,30,Wednesday,3,False,,False,2024,Q3
20240725,2024-07-25,25,7,July,Jul,Q3,2024,2024-07,2024-Q3,30,Thursday,4,False,,False,2024,Q3
20240726,2024-07-26,26,7,July,Jul,Q3,2024,2024-07,2024-Q3,30,Friday,5,False,,False,2024,Q3
20240727,2024-07-27,27,7,July,Jul,Q3,2024,2024-07,2024-Q3,30,Saturday,6,True,,False,2024,Q3
20240728,2024-07-28,28,7,July,Jul,Q3,2024,2024-07,2024-Q3,30,Sunday,7,True,,False,2024,Q3
20240729,2024-07-29,29,7,July,Jul,Q3,2024,2024-07,2024-Q3,31,Monday,1,False,,False,2024,Q3
20240730,2024-07-30,30,7,July,Jul,Q3,2024,2024-07,2024-Q3,31,Tuesday,2,False,,False,2024,Q3
20240731,2024-07-31,31,7,July,Jul,Q3,2024,2024-07,2024-Q3,31,Wednesday,3,False,,False,2024,Q3
20240801,2024-08-01,1,8,August,Aug,Q3,2024,2024-08,2024-Q3,31,Thursday,4,False,,False,2024,Q3
20240802,2024-08-02,2,8,August,Aug,Q3,2024,2024-08,2024-Q3,31,Friday,5,False,,False,2024,Q3
20240803,2024-08-03,3,8,August,Aug,Q3,2024,2024-08,2024-Q3,31,Saturday,6,True,,False,2024,Q3
20240804,2024-08-04,4,8,August,Aug,Q3,2024,2024-08,2024-Q3,31,Sunday,7,True,,False,2024,Q3
20240805,2024-08-05,5,8,August,Aug,Q3,2024,2024-08,2024-Q3,32,Monday,1,False,,False,2024,Q3
20240806,2024-08-06,6,8,August,Aug,Q3,2024,2024-08,2024-Q3,32,Tuesday,2,False,,False,2024,Q3
20240807,2024-08-07,7,8,August,Aug,Q3,2024,2024-08,2024-Q3,32,Wednesday,3,False,,False,2024,Q3
20240808,2024-08-08,8,8,August,Aug,Q3,2024,2024-08,2024-Q3,32,Thursday,4,False,,False,2024,Q3
20240809,2024-08-09,9,8,August,Aug,Q3,2024,2024-08,2024-Q3,32,Friday,5,False,,False,2024,Q3
20240810,2024-08-10,10,8,August,Aug,Q3,2024,2024-08,2024-Q3,32,Saturday,6,True,,False,2024,Q3
20240811,2024-08-11,11,8,August,Aug,Q3,2024,2024-08,2024-Q3,32,Sunday,7,True,,False,2024,Q3
20240812,2024-08-12,12,8,August,Aug,Q3,2024,2024-08,2024-Q3,33,Monday,1,False,,False,2024,Q3
20240813,2024-08-13,13,8,August,Aug,Q3,2024,2024-08,2024-Q3,33,Tuesday,2,False,,False,2024,Q3
20240814,2024-08-14,14,8,August,Aug,Q3,2024,2024-08,2024-Q3,33,Wednesday,3,False,,False,2024,Q3
20240815,2024-08-15,15,8,August,Aug,Q3,2024,2024-08,2024-Q3,33,Thursday,4,False,,False,2024,Q3
20240816,2024-08-16,16,8,August,Aug,Q3,2024,2024-08,2024-Q3,33,Friday,5,False,,False,2024,Q3
20240817,2024-08-17,17,8,August,Aug,Q3,2024,2024-08,2024-Q3,33,Saturday,6,True,,False,2024,Q3
20240818,2024-08-18,18,8,August,Aug,Q3,2024,2024-08,2024-Q3,33,Sunday,7,True,,False,2024,Q3
20240819,2024-08-19,19,8,August,Aug,Q3,2024,2024-08,2024-Q3,34,Monday,1,False,,False,2024,Q3
20240820,2024-08-20,20,8,August,Aug,Q3,2024,2024-08,2024-Q3,34,Tuesday,2,False,,False,2024,Q3
20240821,2024-08-21,21,8,August,Aug,Q3,2024,2024-08,2024-Q3,34,Wednesday,3,False,,False,2024,Q3
20240822,2024-08-22,22,8,August,Aug,Q3,2024,2024-08,2024-Q3,34,Thursday,4,False,,False,2024,Q3
20240823,2024-08-23,23,8,August,Aug,Q3,2024,2024-08,2024-Q3,34,Friday,5,False,,False,2024,Q3
20240824,2024-08-24,24,8,August,Aug,Q3,2024,2024-08,2024-Q3,34,Saturday,6,True,,False,2024,Q3
20240825,2024-08-25,25,8,August,Aug,Q3,2024,2024-08,2024-Q3,34,Sunday,7,True,,False,2024,Q3
20240826,2024-08-26,26,8,August,Aug,Q3,2024,2024-08,2024-Q3,35,Monday,1,False,,False,2024,Q3
20240827,2024-08-27,27,8,August,Aug,Q3,2024,2024-08,2024-Q3,35,Tuesday,2,False,,False,2024,Q3
20240828,2024-08-28,28,8,August,Aug,Q3,2024,2024-08,2024-Q3,35,Wednesday,3,False,,False,2024,Q3
20240829,2024-08-29,29,8,August,Aug,Q3,2024,2024-08,2024-Q3,35,Thursday,4,False,,False,2024,Q3
20240830,2024-08-30,30,8,August,Aug,Q3,2024,2024-08,2024-Q3,35,Friday,5,False,,False,2024,Q3
20240831,2024-08-31,31,8,August,Aug,Q3,2024,2024-08,2024-Q3,35,Saturday,6,True,,False,2024,Q3
20240901,2024-09-01,1,9,September,Sep,Q3,2024,2024-09,2024-Q3,35,Sunday,7,True,,False,2024,Q3
20240902,2024-09-02,2,9,September,Sep,Q3,2024,2024-09,2024-Q3,36,Monday,1,False,,False,2024,Q3
20240903,2024-09-03,3,9,September,Sep,Q3,2024,2024-09,2024-Q3,36,Tuesday,2,False,,False,2024,Q3
20240904,2024-09-04,4,9,September,Sep,Q3,2024,2024-09,2024-Q3,36,Wednesday,3,False,,False,2024,Q3
20240905,2024-09-05,5,9,September,Sep,Q3,2024,2024-09,2024-Q3,36,Thursday,4,False,,False,2024,Q3
20240906,2024-09-06,6,9,September,Sep,Q3,2024,2024-09,2024-Q3,36,Friday,5,False,,False,2024,Q3
20240907,2024-09-07,7,9,September,Sep,Q3,2024,2024-09,2024-Q3,36,Saturday,6,True,,False,2024,Q3
20240908,2024-09-08,8,9,September,Sep,Q3,2024,2024-09,2024-Q3,36,Sunday,7,True,,False,2024,Q3
20240909,2024-09-09,9,9,September,Sep,Q3,2024,2024-09,2024-Q3,37,Monday,1,False,,False,2024,Q3
20240910,2024-09-10,10,9,September,Sep,Q3,2024,2024-09,2024-Q3,37,Tuesday,2,False,,False,2024,Q3
20240911,2024-09-11,11,9,September,Sep,Q3,2024,2024-09,2024-Q3,37,Wednesday,3,False,,False,2024,Q3
20240912,2024-09-12,12,9,September,Sep,Q3,2024,2024-09,2024-Q3,37,Thursday,4,False,,False,2024,Q3
20240913,2024-09-13,13,9,September,Sep,Q3,2024,2024-09,2024-Q3,37,Friday,5,False,,False,2024,Q3
20240914,2024-09-14,14,9,September,Sep,Q3,2024,2024-09,2024-Q3,37,Saturday,6,True,,False,2024,Q3
20240915,2024-09-15,15,9,September,Sep,Q3,2024,2024-09,2024-Q3,37,Sunday,7,True,,False,2024,Q3
20240916,2024-09-16,16,9,September,Sep,Q3,2024,2024-09,2024-Q3,38,Monday,1,False,,False,2024,Q3
20240917,2024-09-17,17,9,September,Sep,Q3,2024,2024-09,2024-Q3,38,Tuesday,2,False,,False,2024,Q3
20240918,2024-09-18,18,9,September,Sep,Q3,2024,2024-09,2024-Q3,38,Wednesday,3,False,,False,2024,Q3
20240919,2024-09-19,19,9,September,Sep,Q3,2024,2024-09,2024-Q3,38,Thursday,4,False,,False,2024,Q3
20240920,2024-09-20,20,9,September,Sep,Q3,2024,2024-09,2024-Q3,38,Friday,5,False,,False,2024,Q3
20240921,2024-09-21,21,9,September,Sep,Q3,2024,2024-09,2024-Q3,38,Saturday,6,True,,False,2024,Q3
20240922,2024-09-22,22,9,September,Sep,Q3,2024,2024-09,2024-Q3,38,Sunday,7,True,,False,2024,Q3
20240923,2024-09-23,23,9,September,Sep,Q3,2024,2024-09,2024-Q3,39,Monday,1,False,,False,2024,Q3
20240924,2024-09-24,24,9,September,Sep,Q3,2024,2024-09,2024-Q3,39,Tuesday,2,False,,False,2024,Q3
20240925,2024-09-25,25,9,September,Sep,Q3,2024,2024-09,2024-Q3,39,Wednesday,3,False,,False,2024,Q3
20240926,2024-09-26,26,9,September,Sep,Q3,2024,2024-09,2024-Q3,39,Thursday,4,False,,False,2024,Q3
20240927,2024-09-27,27,9,September,Sep,Q3,2024,2024-09,2024-Q3,39,Friday,5,False,,False,2024,Q3
20240928,2024-09-28,28,9,September,Sep,Q3,2024,2024-09,2024-Q3,39,Saturday,6,True,,False,2024,Q3
20240929,2024-09-29,29,9,September,Sep,Q3,2024,2024-09,2024-Q3,39,Sunday,7,True,,False,2024,Q3
20240930,2024-09-30,30,9,September,Sep,Q3,2024,2024-09,2024-Q3,40,Monday,1,False,,False,2024,Q3
20241001,2024-10-01,1,10,October,Oct,Q4,2024,2024-10,2024-Q4,40,Tuesday,2,False,,False,2024,Q4
20241002,2024-10-02,2,10,October,Oct,Q4,2024,2024-10,2024-Q4,40,Wednesday,3,False,,False,2024,Q4
20241003,2024-10-03,3,10,October,Oct,Q4,2024,2024-10,2024-Q4,40,Thursday,4,False,,False,2024,Q4
20241004,2024-10-04,4,10,October,Oct,Q4,2024,2024-10,2024-Q4,40,Friday,5,False,,False,2024,Q4
20241005,2024-10-05,5,10,October,Oct,Q4,2024,2024-10,2024-Q4,40,Saturday,6,True,,False,2024,Q4
20241006,2024-10-06,6,10,October,Oct,Q4,2024,2024-10,2024-Q4,40,Sunday,7,True,,False,2024,Q4
20241007,2024-10-07,7,10,October,Oct,Q4,2024,2024-10,2024-Q4,41,Monday,1,False,,False,2024,Q4
20241008,2024-10-08,8,10,October,Oct,Q4,2024,2024-10,2024-Q4,41,Tuesday,2,False,,False,2024,Q4
20241009,2024-10-09,9,10,October,Oct,Q4,2024,2024-10,2024-Q4,41,Wednesday,3,False,,False,2024,Q4
20241010,2024-10-10,10,10,October,Oct,Q4,2024,2024-10,2024-Q4,41,Thursday,4,False,,False,2024,Q4
20241011,2024-10-11,11,10,October,Oct,Q4,2024,2024-10,2024-Q4,41,Friday,5,False,,False,2024,Q4
20241012,2024-10-12,12,10,October,Oct,Q4,2024,2024-10,2024-Q4,41,Saturday,6,True,,False,2024,Q4
20241013,2024-10-13,13,10,October,Oct,Q4,2024,2024-10,2024-Q4,41,Sunday,7,True,,False,2024,Q4
20241014,2024-10-14,14,10,October,Oct,Q4,2024,2024-10,2024-Q4,42,Monday,1,False,,False,2024,Q4
20241015,2024-10-15,15,10,October,Oct,Q4,2024,2024-10,2024-Q4,42,Tuesday,2,False,,False,2024,Q4
20241016,2024-10-16,16,10,October,Oct,Q4,2024,2024-10,2024-Q4,42,Wednesday,3,False,,False,2024,Q4
20241017,2024-10-17,17,10,October,Oct,Q4,2024,2024-10,2024-Q4,42,Thursday,4,False,,False,2024,Q4
20241018,2024-10-18,18,10,October,Oct,Q4,2024,2024-10,2024-Q4,42,Friday,5,False,,False,2024,Q4
20241019,2024-10-19,19,10,October,Oct,Q4,2024,2024-10,2024-Q4,42,Saturday,6,True,,False,2024,Q4
20241020,2024-10-20,20,10,October,Oct,Q4,2024,2024-10,2024-Q4,42,Sunday,7,True,,False,2024,Q4
20241021,2024-10-21,21,10,October,Oct,Q4,2024,2024-10,2024-Q4,43,Monday,1,False,,False,2024,Q4
20241022,2024-10-22,22,10,October,Oct,Q4,2024,2024-10,2024-Q4,43,Tuesday,2,False,,False,2024,Q4
20241023,2024-10-23,23,10,October,Oct,Q4,2024,2024-10,2024-Q4,43,Wednesday,3,False,,False,2024,Q4
20241024,2024-10-24,24,10,October,Oct,Q4,2024,2024-10,2024-Q4,43,Thursday,4,False,,False,2024,Q4
20241025,2024-10-25,25,10,October,Oct,Q4,2024,2024-10,2024-Q4,43,Friday,5,False,,False,2024,Q4
20241026,2024-10-26,26,10,October,Oct,Q4,2024,2024-10,2024-Q4,43,Saturday,6,True,,False,2024,Q4
20241027,2024-10-27,27,10,October,Oct,Q4,2024,2024-10,2024-Q4,43,Sunday,7,True,,False,2024,Q4
20241028,2024-10-28,28,10,October,Oct,Q4,2024,2024-10,2024-Q4,44,Monday,1,False,,False,2024,Q4
20241029,2024-10-29,29,10,October,Oct,Q4,2024,2024-10,2024-Q4,44,Tuesday,2,False,,False,2024,Q4
20241030,2024-10-30,30,10,October,Oct,Q4,2024,2024-10,2024-Q4,44,Wednesday,3,False,,False,2024,Q4
20241031,2024-10-31,31,10,October,Oct,Q4,2024,2024-10,2024-Q4,44,Thursday,4,False,,False,2024,Q4
20241101,2024-11-01,1,11,November,Nov,Q4,2024,2024-11,2024-Q4,44,Friday,5,False,,False,2024,Q4
20241102,2024-11-02,2,11,November,Nov,Q4,2024,2024-11,2024-Q4,44,Saturday,6,True,,False,2024,Q4
20241103,2024-11-03,3,11,November,Nov,Q4,2024,2024-11,2024-Q4,44,Sunday,7,True,,False,2024,Q4
20241104,2024-11-04,4,11,November,Nov,Q4,2024,2024-11,2024-Q4,45,Monday,1,False,,False,2024,Q4
20241105,2024-11-05,5,11,November,Nov,Q4,2024,2024-11,2024-Q4,45,Tuesday,2,False,,False,2024,Q4
20241106,2024-11-06,6,11,November,Nov,Q4,2024,2024-11,2024-Q4,45,Wednesday,3,False,,False,2024,Q4
20241107,2024-11-07,7,11,November,Nov,Q4,2024,2024-11,2024-Q4,45,Thursday,4,False,,False,2024,Q4
20241108,2024-11-08,8,11,November,Nov,Q4,2024,2024-11,2024-Q4,45,Friday,5,False,,False,2024,Q4
20241109,2024-11-09,9,11,November,Nov,Q4,2024,2024-11,2024-Q4,45,Saturday,6,True,,False,2024,Q4
20241110,2024-11-10,10,11,November,Nov,Q4,2024,2024-11,2024-Q4,45,Sunday,7,True,,False,2024,Q4
20241111,2024-11-11,11,11,November,Nov,Q4,2024,2024-11,2024-Q4,46,Monday,1,False,,False,2024,Q4
20241112,2024-11-12,12,11,November,Nov,Q4,2024,2024-11,2024-Q4,46,Tuesday,2,False,,False,2024,Q4
20241113,2024-11-13,13,11,November,Nov,Q4,2024,2024-11,2024-Q4,46,Wednesday,3,False,,False,2024,Q4
20241114,2024-11-14,14,11,November,Nov,Q4,2024,2024-11,2024-Q4,46,Thursday,4,False,,False,2024,Q4
20241115,2024-11-15,15,11,November,Nov,Q4,2024,2024-11,2024-Q4,46,Friday,5,False,,False,2024,Q4
20241116,2024-11-16,16,11,November,Nov,Q4,2024,2024-11,2024-Q4,46,Saturday,6,True,,False,2024,Q4
20241117,2024-11-17,17,11,November,Nov,Q4,2024,2024-11,2024-Q4,46,Sunday,7,True,,False,2024,Q4
20241118,2024-11-18,18,11,November,Nov,Q4,2024,2024-11,2024-Q4,47,Monday,1,False,,False,2024,Q4
20241119,2024-11-19,19,11,November,Nov,Q4,2024,2024-11,2024-Q4,47,Tuesday,2,False,,False,2024,Q4
20241120,2024-11-20,20,11,November,Nov,Q4,2024,2024-11,2024-Q4,47,Wednesday,3,False,,False,2024,Q4
20241121,2024-11-21,21,11,November,Nov,Q4,2024,2024-11,2024-Q4,47,Thursday,4,False,,False,2024,Q4
20241122,2024-11-22,22,11,November,Nov,Q4,2024,2024-11,2024-Q4,47,Friday,5,False,,False,2024,Q4
20241123,2024-11-23,23,11,November,Nov,Q4,2024,2024-11,2024-Q4,47,Saturday,6,True,,False,2024,Q4
20241124,2024-11-24,24,11,November,Nov,Q4,2024,2024-11,2024-Q4,47,Sunday,7,True,,False,2024,Q4
20241125,2024-11-25,25,11,November,Nov,Q4,2024,2024-11,2024-Q4,48,Monday,1,False,,False,2024,Q4
20241126,2024-11-26,26,11,November,Nov,Q4,2024,2024-11,2024-Q4,48,Tuesday,2,False,,False,2024,Q4
20241127,2024-11-27,27,11,November,Nov,Q4,2024,2024-11,2024-Q4,48,Wednesday,3,False,Cyber Weekend,True,2024,Q4
20241128,2024-11-28,28,11,November,Nov,Q4,2024,2024-11,2024-Q4,48,Thursday,4,False,Cyber Weekend,True,2024,Q4
20241129,2024-11-29,29,11,November,Nov,Q4,2024,2024-11,2024-Q4,48,Friday,5,False,Black Friday,True,2024,Q4
20241130,2024-11-30,30,11,November,Nov,Q4,2024,2024-11,2024-Q4,48,Saturday,6,True,Cyber Weekend,True,2024,Q4
20241201,2024-12-01,1,12,December,Dec,Q4,2024,2024-12,2024-Q4,48,Sunday,7,True,,False,2024,Q4
20241202,2024-12-02,2,12,December,Dec,Q4,2024,2024-12,2024-Q4,49,Monday,1,False,,False,2024,Q4
20241203,2024-12-03,3,12,December,Dec,Q4,2024,2024-12,2024-Q4,49,Tuesday,2,False,,False,2024,Q4
20241204,2024-12-04,4,12,December,Dec,Q4,2024,2024-12,2024-Q4,49,Wednesday,3,False,,False,2024,Q4
20241205,2024-12-05,5,12,December,Dec,Q4,2024,2024-12,2024-Q4,49,Thursday,4,False,,False,2024,Q4
20241206,2024-12-06,6,12,December,Dec,Q4,2024,2024-12,2024-Q4,49,Friday,5,False,,False,2024,Q4
20241207,2024-12-07,7,12,December,Dec,Q4,2024,2024-12,2024-Q4,49,Saturday,6,True,,False,2024,Q4
20241208,2024-12-08,8,12,December,Dec,Q4,2024,2024-12,2024-Q4,49,Sunday,7,True,,False,2024,Q4
20241209,2024-12-09,9,12,December,Dec,Q4,2024,2024-12,2024-Q4,50,Monday,1,False,,False,2024,Q4
20241210,2024-12-10,10,12,December,Dec,Q4,2024,2024-12,2024-Q4,50,Tuesday,2,False,,False,2024,Q4
20241211,2024-12-11,11,12,December,Dec,Q4,2024,2024-12,2024-Q4,50,Wednesday,3,False,,False,2024,Q4
20241212,2024-12-12,12,12,December,Dec,Q4,2024,2024-12,2024-Q4,50,Thursday,4,False,,False,2024,Q4
20241213,2024-12-13,13,12,December,Dec,Q4,2024,2024-12,2024-Q4,50,Friday,5,False,,False,2024,Q4
20241214,2024-12-14,14,12,December,Dec,Q4,2024,2024-12,2024-Q4,50,Saturday,6,True,,False,2024,Q4
20241215,2024-12-15,15,12,December,Dec,Q4,2024,2024-12,2024-Q4,50,Sunday,7,True,Christmas Peak,True,2024,Q4
20241216,2024-12-16,16,12,December,Dec,Q4,2024,2024-12,2024-Q4,51,Monday,1,False,Christmas Peak,True,2024,Q4
20241217,2024-12-17,17,12,December,Dec,Q4,2024,2024-12,2024-Q4,51,Tuesday,2,False,Christmas Peak,True,2024,Q4
20241218,2024-12-18,18,12,December,Dec,Q4,2024,2024-12,2024-Q4,51,Wednesday,3,False,Christmas Peak,True,2024,Q4
20241219,2024-12-19,19,12,December,Dec,Q4,2024,2024-12,2024-Q4,51,Thursday,4,False,Christmas Peak,True,2024,Q4
20241220,2024-12-20,20,12,December,Dec,Q4,2024,2024-12,2024-Q4,51,Friday,5,False,Christmas Peak,True,2024,Q4
20241221,2024-12-21,21,12,December,Dec,Q4,2024,2024-12,2024-Q4,51,Saturday,6,True,Christmas Peak,True,2024,Q4
20241222,2024-12-22,22,12,December,Dec,Q4,2024,2024-12,2024-Q4,51,Sunday,7,True,Christmas Peak,True,2024,Q4
20241223,2024-12-23,23,12,December,Dec,Q4,2024,2024-12,2024-Q4,52,Monday,1,False,Christmas Peak,True,2024,Q4
20241224,2024-12-24,24,12,December,Dec,Q4,2024,2024-12,2024-Q4,52,Tuesday,2,False,Christmas Peak,True,2024,Q4
20241225,2024-12-25,25,12,December,Dec,Q4,2024,2024-12,2024-Q4,52,Wednesday,3,False,,False,2024,Q4
20241226,2024-12-26,26,12,December,Dec,Q4,2024,2024-12,2024-Q4,52,Thursday,4,False,Boxing Day,True,2024,Q4
20241227,2024-12-27,27,12,December,Dec,Q4,2024,2024-12,2024-Q4,52,Friday,5,False,,False,2024,Q4
20241228,2024-12-28,28,12,December,Dec,Q4,2024,2024-12,2024-Q4,52,Saturday,6,True,,False,2024,Q4
20241229,2024-12-29,29,12,December,Dec,Q4,2024,2024-12,2024-Q4,52,Sunday,7,True,,False,2024,Q4
20241230,2024-12-30,30,12,December,Dec,Q4,2024,2024-12,2024-Q4,1,Monday,1,False,,False,2024,Q4
20241231,2024-12-31,31,12,December,Dec,Q4,2024,2024-12,2024-Q4,1,Tuesday,2,False,,False,2024,Q4
20250101,2025-01-01,1,1,January,Jan,Q1,2025,2025-01,2025-Q1,1,Wednesday,3,False,New Year Sale,True,2025,Q1
20250102,2025-01-02,2,1,January,Jan,Q1,2025,2025-01,2025-Q1,1,Thursday,4,False,New Year Sale,True,2025,Q1
20250103,2025-01-03,3,1,January,Jan,Q1,2025,2025-01,2025-Q1,1,Friday,5,False,New Year Sale,True,2025,Q1
20250104,2025-01-04,4,1,January,Jan,Q1,2025,2025-01,2025-Q1,1,Saturday,6,True,New Year Sale,True,2025,Q1
20250105,2025-01-05,5,1,January,Jan,Q1,2025,2025-01,2025-Q1,1,Sunday,7,True,New Year Sale,True,2025,Q1
20250106,2025-01-06,6,1,January,Jan,Q1,2025,2025-01,2025-Q1,2,Monday,1,False,,False,2025,Q1
20250107,2025-01-07,7,1,January,Jan,Q1,2025,2025-01,2025-Q1,2,Tuesday,2,False,,False,2025,Q1
20250108,2025-01-08,8,1,January,Jan,Q1,2025,2025-01,2025-Q1,2,Wednesday,3,False,,False,2025,Q1
20250109,2025-01-09,9,1,January,Jan,Q1,2025,2025-01,2025-Q1,2,Thursday,4,False,,False,2025,Q1
20250110,2025-01-10,10,1,January,Jan,Q1,2025,2025-01,2025-Q1,2,Friday,5,False,,False,2025,Q1
20250111,2025-01-11,11,1,January,Jan,Q1,2025,2025-01,2025-Q1,2,Saturday,6,True,,False,2025,Q1
20250112,2025-01-12,12,1,January,Jan,Q1,2025,2025-01,2025-Q1,2,Sunday,7,True,,False,2025,Q1
20250113,2025-01-13,13,1,January,Jan,Q1,2025,2025-01,2025-Q1,3,Monday,1,False,,False,2025,Q1
20250114,2025-01-14,14,1,January,Jan,Q1,2025,2025-01,2025-Q1,3,Tuesday,2,False,,False,2025,Q1
20250115,2025-01-15,15,1,January,Jan,Q1,2025,2025-01,2025-Q1,3,Wednesday,3,False,,False,2025,Q1
20250116,2025-01-16,16,1,January,Jan,Q1,2025,2025-01,2025-Q1,3,Thursday,4,False,,False,2025,Q1
20250117,2025-01-17,17,1,January,Jan,Q1,2025,2025-01,2025-Q1,3,Friday,5,False,,False,2025,Q1
20250118,2025-01-18,18,1,January,Jan,Q1,2025,2025-01,2025-Q1,3,Saturday,6,True,,False,2025,Q1
20250119,2025-01-19,19,1,January,Jan,Q1,2025,2025-01,2025-Q1,3,Sunday,7,True,,False,2025,Q1
20250120,2025-01-20,20,1,January,Jan,Q1,2025,2025-01,2025-Q1,4,Monday,1,False,,False,2025,Q1
20250121,2025-01-21,21,1,January,Jan,Q1,2025,2025-01,2025-Q1,4,Tuesday,2,False,,False,2025,Q1
20250122,2025-01-22,22,1,January,Jan,Q1,2025,2025-01,2025-Q1,4,Wednesday,3,False,,False,2025,Q1
20250123,2025-01-23,23,1,January,Jan,Q1,2025,2025-01,2025-Q1,4,Thursday,4,False,,False,2025,Q1
20250124,2025-01-24,24,1,January,Jan,Q1,2025,2025-01,2025-Q1,4,Friday,5,False,,False,2025,Q1
20250125,2025-01-25,25,1,January,Jan,Q1,2025,2025-01,2025-Q1,4,Saturday,6,True,,False,2025,Q1
20250126,2025-01-26,26,1,January,Jan,Q1,2025,2025-01,2025-Q1,4,Sunday,7,True,,False,2025,Q1
20250127,2025-01-27,27,1,January,Jan,Q1,2025,2025-01,2025-Q1,5,Monday,1,False,,False,2025,Q1
20250128,2025-01-28,28,1,January,Jan,Q1,2025,2025-01,2025-Q1,5,Tuesday,2,False,,False,2025,Q1
20250129,2025-01-29,29,1,January,Jan,Q1,2025,2025-01,2025-Q1,5,Wednesday,3,False,,False,2025,Q1
20250130,2025-01-30,30,1,January,Jan,Q1,2025,2025-01,2025-Q1,5,Thursday,4,False,,False,2025,Q1
20250131,2025-01-31,31,1,January,Jan,Q1,2025,2025-01,2025-Q1,5,Friday,5,False,,False,2025,Q1
20250201,2025-02-01,1,2,February,Feb,Q1,2025,2025-02,2025-Q1,5,Saturday,6,True,,False,2025,Q1
20250202,2025-02-02,2,2,February,Feb,Q1,2025,2025-02,2025-Q1,5,Sunday,7,True,,False,2025,Q1
20250203,2025-02-03,3,2,February,Feb,Q1,2025,2025-02,2025-Q1,6,Monday,1,False,,False,2025,Q1
20250204,2025-02-04,4,2,February,Feb,Q1,2025,2025-02,2025-Q1,6,Tuesday,2,False,,False,2025,Q1
20250205,2025-02-05,5,2,February,Feb,Q1,2025,2025-02,2025-Q1,6,Wednesday,3,False,,False,2025,Q1
20250206,2025-02-06,6,2,February,Feb,Q1,2025,2025-02,2025-Q1,6,Thursday,4,False,,False,2025,Q1
20250207,2025-02-07,7,2,February,Feb,Q1,2025,2025-02,2025-Q1,6,Friday,5,False,,False,2025,Q1
20250208,2025-02-08,8,2,February,Feb,Q1,2025,2025-02,2025-Q1,6,Saturday,6,True,,False,2025,Q1
20250209,2025-02-09,9,2,February,Feb,Q1,2025,2025-02,2025-Q1,6,Sunday,7,True,,False,2025,Q1
20250210,2025-02-10,10,2,February,Feb,Q1,2025,2025-02,2025-Q1,7,Monday,1,False,,False,2025,Q1
20250211,2025-02-11,11,2,February,Feb,Q1,2025,2025-02,2025-Q1,7,Tuesday,2,False,,False,2025,Q1
20250212,2025-02-12,12,2,February,Feb,Q1,2025,2025-02,2025-Q1,7,Wednesday,3,False,,False,2025,Q1
20250213,2025-02-13,13,2,February,Feb,Q1,2025,2025-02,2025-Q1,7,Thursday,4,False,,False,2025,Q1
20250214,2025-02-14,14,2,February,Feb,Q1,2025,2025-02,2025-Q1,7,Friday,5,False,,False,2025,Q1
20250215,2025-02-15,15,2,February,Feb,Q1,2025,2025-02,2025-Q1,7,Saturday,6,True,,False,2025,Q1
20250216,2025-02-16,16,2,February,Feb,Q1,2025,2025-02,2025-Q1,7,Sunday,7,True,,False,2025,Q1
20250217,2025-02-17,17,2,February,Feb,Q1,2025,2025-02,2025-Q1,8,Monday,1,False,,False,2025,Q1
20250218,2025-02-18,18,2,February,Feb,Q1,2025,2025-02,2025-Q1,8,Tuesday,2,False,,False,2025,Q1
20250219,2025-02-19,19,2,February,Feb,Q1,2025,2025-02,2025-Q1,8,Wednesday,3,False,,False,2025,Q1
20250220,2025-02-20,20,2,February,Feb,Q1,2025,2025-02,2025-Q1,8,Thursday,4,False,,False,2025,Q1
20250221,2025-02-21,21,2,February,Feb,Q1,2025,2025-02,2025-Q1,8,Friday,5,False,,False,2025,Q1
20250222,2025-02-22,22,2,February,Feb,Q1,2025,2025-02,2025-Q1,8,Saturday,6,True,,False,2025,Q1
20250223,2025-02-23,23,2,February,Feb,Q1,2025,2025-02,2025-Q1,8,Sunday,7,True,,False,2025,Q1
20250224,2025-02-24,24,2,February,Feb,Q1,2025,2025-02,2025-Q1,9,Monday,1,False,,False,2025,Q1
20250225,2025-02-25,25,2,February,Feb,Q1,2025,2025-02,2025-Q1,9,Tuesday,2,False,,False,2025,Q1
20250226,2025-02-26,26,2,February,Feb,Q1,2025,2025-02,2025-Q1,9,Wednesday,3,False,,False,2025,Q1
20250227,2025-02-27,27,2,February,Feb,Q1,2025,2025-02,2025-Q1,9,Thursday,4,False,,False,2025,Q1
20250228,2025-02-28,28,2,February,Feb,Q1,2025,2025-02,2025-Q1,9,Friday,5,False,,False,2025,Q1
20250301,2025-03-01,1,3,March,Mar,Q1,2025,2025-03,2025-Q1,9,Saturday,6,True,,False,2025,Q1
20250302,2025-03-02,2,3,March,Mar,Q1,2025,2025-03,2025-Q1,9,Sunday,7,True,,False,2025,Q1
20250303,2025-03-03,3,3,March,Mar,Q1,2025,2025-03,2025-Q1,10,Monday,1,False,,False,2025,Q1
20250304,2025-03-04,4,3,March,Mar,Q1,2025,2025-03,2025-Q1,10,Tuesday,2,False,,False,2025,Q1
20250305,2025-03-05,5,3,March,Mar,Q1,2025,2025-03,2025-Q1,10,Wednesday,3,False,,False,2025,Q1
20250306,2025-03-06,6,3,March,Mar,Q1,2025,2025-03,2025-Q1,10,Thursday,4,False,,False,2025,Q1
20250307,2025-03-07,7,3,March,Mar,Q1,2025,2025-03,2025-Q1,10,Friday,5,False,,False,2025,Q1
20250308,2025-03-08,8,3,March,Mar,Q1,2025,2025-03,2025-Q1,10,Saturday,6,True,,False,2025,Q1
20250309,2025-03-09,9,3,March,Mar,Q1,2025,2025-03,2025-Q1,10,Sunday,7,True,,False,2025,Q1
20250310,2025-03-10,10,3,March,Mar,Q1,2025,2025-03,2025-Q1,11,Monday,1,False,,False,2025,Q1
20250311,2025-03-11,11,3,March,Mar,Q1,2025,2025-03,2025-Q1,11,Tuesday,2,False,,False,2025,Q1
20250312,2025-03-12,12,3,March,Mar,Q1,2025,2025-03,2025-Q1,11,Wednesday,3,False,,False,2025,Q1
20250313,2025-03-13,13,3,March,Mar,Q1,2025,2025-03,2025-Q1,11,Thursday,4,False,,False,2025,Q1
20250314,2025-03-14,14,3,March,Mar,Q1,2025,2025-03,2025-Q1,11,Friday,5,False,,False,2025,Q1
20250315,2025-03-15,15,3,March,Mar,Q1,2025,2025-03,2025-Q1,11,Saturday,6,True,,False,2025,Q1
20250316,2025-03-16,16,3,March,Mar,Q1,2025,2025-03,2025-Q1,11,Sunday,7,True,,False,2025,Q1
20250317,2025-03-17,17,3,March,Mar,Q1,2025,2025-03,2025-Q1,12,Monday,1,False,,False,2025,Q1
20250318,2025-03-18,18,3,March,Mar,Q1,2025,2025-03,2025-Q1,12,Tuesday,2,False,,False,2025,Q1
20250319,2025-03-19,19,3,March,Mar,Q1,2025,2025-03,2025-Q1,12,Wednesday,3,False,,False,2025,Q1
20250320,2025-03-20,20,3,March,Mar,Q1,2025,2025-03,2025-Q1,12,Thursday,4,False,,False,2025,Q1
20250321,2025-03-21,21,3,March,Mar,Q1,2025,2025-03,2025-Q1,12,Friday,5,False,,False,2025,Q1
20250322,2025-03-22,22,3,March,Mar,Q1,2025,2025-03,2025-Q1,12,Saturday,6,True,,False,2025,Q1
20250323,2025-03-23,23,3,March,Mar,Q1,2025,2025-03,2025-Q1,12,Sunday,7,True,,False,2025,Q1
20250324,2025-03-24,24,3,March,Mar,Q1,2025,2025-03,2025-Q1,13,Monday,1,False,,False,2025,Q1
20250325,2025-03-25,25,3,March,Mar,Q1,2025,2025-03,2025-Q1,13,Tuesday,2,False,,False,2025,Q1
20250326,2025-03-26,26,3,March,Mar,Q1,2025,2025-03,2025-Q1,13,Wednesday,3,False,,False,2025,Q1
20250327,2025-03-27,27,3,March,Mar,Q1,2025,2025-03,2025-Q1,13,Thursday,4,False,,False,2025,Q1
20250328,2025-03-28,28,3,March,Mar,Q1,2025,2025-03,2025-Q1,13,Friday,5,False,,False,2025,Q1
20250329,2025-03-29,29,3,March,Mar,Q1,2025,2025-03,2025-Q1,13,Saturday,6,True,,False,2025,Q1
20250330,2025-03-30,30,3,March,Mar,Q1,2025,2025-03,2025-Q1,13,Sunday,7,True,,False,2025,Q1
20250331,2025-03-31,31,3,March,Mar,Q1,2025,2025-03,2025-Q1,14,Monday,1,False,,False,2025,Q1
20250401,2025-04-01,1,4,April,Apr,Q2,2025,2025-04,2025-Q2,14,Tuesday,2,False,,False,2025,Q2
20250402,2025-04-02,2,4,April,Apr,Q2,2025,2025-04,2025-Q2,14,Wednesday,3,False,,False,2025,Q2
20250403,2025-04-03,3,4,April,Apr,Q2,2025,2025-04,2025-Q2,14,Thursday,4,False,,False,2025,Q2
20250404,2025-04-04,4,4,April,Apr,Q2,2025,2025-04,2025-Q2,14,Friday,5,False,,False,2025,Q2
20250405,2025-04-05,5,4,April,Apr,Q2,2025,2025-04,2025-Q2,14,Saturday,6,True,,False,2025,Q2
20250406,2025-04-06,6,4,April,Apr,Q2,2025,2025-04,2025-Q2,14,Sunday,7,True,,False,2025,Q2
20250407,2025-04-07,7,4,April,Apr,Q2,2025,2025-04,2025-Q2,15,Monday,1,False,,False,2025,Q2
20250408,2025-04-08,8,4,April,Apr,Q2,2025,2025-04,2025-Q2,15,Tuesday,2,False,,False,2025,Q2
20250409,2025-04-09,9,4,April,Apr,Q2,2025,2025-04,2025-Q2,15,Wednesday,3,False,,False,2025,Q2
20250410,2025-04-10,10,4,April,Apr,Q2,2025,2025-04,2025-Q2,15,Thursday,4,False,,False,2025,Q2
20250411,2025-04-11,11,4,April,Apr,Q2,2025,2025-04,2025-Q2,15,Friday,5,False,,False,2025,Q2
20250412,2025-04-12,12,4,April,Apr,Q2,2025,2025-04,2025-Q2,15,Saturday,6,True,,False,2025,Q2
20250413,2025-04-13,13,4,April,Apr,Q2,2025,2025-04,2025-Q2,15,Sunday,7,True,,False,2025,Q2
20250414,2025-04-14,14,4,April,Apr,Q2,2025,2025-04,2025-Q2,16,Monday,1,False,,False,2025,Q2
20250415,2025-04-15,15,4,April,Apr,Q2,2025,2025-04,2025-Q2,16,Tuesday,2,False,,False,2025,Q2
20250416,2025-04-16,16,4,April,Apr,Q2,2025,2025-04,2025-Q2,16,Wednesday,3,False,,False,2025,Q2
20250417,2025-04-17,17,4,April,Apr,Q2,2025,2025-04,2025-Q2,16,Thursday,4,False,,False,2025,Q2
20250418,2025-04-18,18,4,April,Apr,Q2,2025,2025-04,2025-Q2,16,Friday,5,False,,False,2025,Q2
20250419,2025-04-19,19,4,April,Apr,Q2,2025,2025-04,2025-Q2,16,Saturday,6,True,,False,2025,Q2
20250420,2025-04-20,20,4,April,Apr,Q2,2025,2025-04,2025-Q2,16,Sunday,7,True,,False,2025,Q2
20250421,2025-04-21,21,4,April,Apr,Q2,2025,2025-04,2025-Q2,17,Monday,1,False,,False,2025,Q2
20250422,2025-04-22,22,4,April,Apr,Q2,2025,2025-04,2025-Q2,17,Tuesday,2,False,,False,2025,Q2
20250423,2025-04-23,23,4,April,Apr,Q2,2025,2025-04,2025-Q2,17,Wednesday,3,False,,False,2025,Q2
20250424,2025-04-24,24,4,April,Apr,Q2,2025,2025-04,2025-Q2,17,Thursday,4,False,,False,2025,Q2
20250425,2025-04-25,25,4,April,Apr,Q2,2025,2025-04,2025-Q2,17,Friday,5,False,,False,2025,Q2
20250426,2025-04-26,26,4,April,Apr,Q2,2025,2025-04,2025-Q2,17,Saturday,6,True,,False,2025,Q2
20250427,2025-04-27,27,4,April,Apr,Q2,2025,2025-04,2025-Q2,17,Sunday,7,True,,False,2025,Q2
20250428,2025-04-28,28,4,April,Apr,Q2,2025,2025-04,2025-Q2,18,Monday,1,False,,False,2025,Q2
20250429,2025-04-29,29,4,April,Apr,Q2,2025,2025-04,2025-Q2,18,Tuesday,2,False,,False,2025,Q2
20250430,2025-04-30,30,4,April,Apr,Q2,2025,2025-04,2025-Q2,18,Wednesday,3,False,,False,2025,Q2
20250501,2025-05-01,1,5,May,May,Q2,2025,2025-05,2025-Q2,18,Thursday,4,False,,False,2025,Q2
20250502,2025-05-02,2,5,May,May,Q2,2025,2025-05,2025-Q2,18,Friday,5,False,,False,2025,Q2
20250503,2025-05-03,3,5,May,May,Q2,2025,2025-05,2025-Q2,18,Saturday,6,True,,False,2025,Q2
20250504,2025-05-04,4,5,May,May,Q2,2025,2025-05,2025-Q2,18,Sunday,7,True,,False,2025,Q2
20250505,2025-05-05,5,5,May,May,Q2,2025,2025-05,2025-Q2,19,Monday,1,False,,False,2025,Q2
20250506,2025-05-06,6,5,May,May,Q2,2025,2025-05,2025-Q2,19,Tuesday,2,False,,False,2025,Q2
20250507,2025-05-07,7,5,May,May,Q2,2025,2025-05,2025-Q2,19,Wednesday,3,False,,False,2025,Q2
20250508,2025-05-08,8,5,May,May,Q2,2025,2025-05,2025-Q2,19,Thursday,4,False,,False,2025,Q2
20250509,2025-05-09,9,5,May,May,Q2,2025,2025-05,2025-Q2,19,Friday,5,False,,False,2025,Q2
20250510,2025-05-10,10,5,May,May,Q2,2025,2025-05,2025-Q2,19,Saturday,6,True,,False,2025,Q2
20250511,2025-05-11,11,5,May,May,Q2,2025,2025-05,2025-Q2,19,Sunday,7,True,,False,2025,Q2
20250512,2025-05-12,12,5,May,May,Q2,2025,2025-05,2025-Q2,20,Monday,1,False,,False,2025,Q2
20250513,2025-05-13,13,5,May,May,Q2,2025,2025-05,2025-Q2,20,Tuesday,2,False,,False,2025,Q2
20250514,2025-05-14,14,5,May,May,Q2,2025,2025-05,2025-Q2,20,Wednesday,3,False,,False,2025,Q2
20250515,2025-05-15,15,5,May,May,Q2,2025,2025-05,2025-Q2,20,Thursday,4,False,,False,2025,Q2
20250516,2025-05-16,16,5,May,May,Q2,2025,2025-05,2025-Q2,20,Friday,5,False,,False,2025,Q2
20250517,2025-05-17,17,5,May,May,Q2,2025,2025-05,2025-Q2,20,Saturday,6,True,,False,2025,Q2
20250518,2025-05-18,18,5,May,May,Q2,2025,2025-05,2025-Q2,20,Sunday,7,True,,False,2025,Q2
20250519,2025-05-19,19,5,May,May,Q2,2025,2025-05,2025-Q2,21,Monday,1,False,,False,2025,Q2
20250520,2025-05-20,20,5,May,May,Q2,2025,2025-05,2025-Q2,21,Tuesday,2,False,,False,2025,Q2
20250521,2025-05-21,21,5,May,May,Q2,2025,2025-05,2025-Q2,21,Wednesday,3,False,,False,2025,Q2
20250522,2025-05-22,22,5,May,May,Q2,2025,2025-05,2025-Q2,21,Thursday,4,False,,False,2025,Q2
20250523,2025-05-23,23,5,May,May,Q2,2025,2025-05,2025-Q2,21,Friday,5,False,,False,2025,Q2
20250524,2025-05-24,24,5,May,May,Q2,2025,2025-05,2025-Q2,21,Saturday,6,True,,False,2025,Q2
20250525,2025-05-25,25,5,May,May,Q2,2025,2025-05,2025-Q2,21,Sunday,7,True,,False,2025,Q2
20250526,2025-05-26,26,5,May,May,Q2,2025,2025-05,2025-Q2,22,Monday,1,False,,False,2025,Q2
20250527,2025-05-27,27,5,May,May,Q2,2025,2025-05,2025-Q2,22,Tuesday,2,False,,False,2025,Q2
20250528,2025-05-28,28,5,May,May,Q2,2025,2025-05,2025-Q2,22,Wednesday,3,False,,False,2025,Q2
20250529,2025-05-29,29,5,May,May,Q2,2025,2025-05,2025-Q2,22,Thursday,4,False,,False,2025,Q2
20250530,2025-05-30,30,5,May,May,Q2,2025,2025-05,2025-Q2,22,Friday,5,False,,False,2025,Q2
20250531,2025-05-31,31,5,May,May,Q2,2025,2025-05,2025-Q2,22,Saturday,6,True,,False,2025,Q2
20250601,2025-06-01,1,6,June,Jun,Q2,2025,2025-06,2025-Q2,22,Sunday,7,True,,False,2025,Q2
20250602,2025-06-02,2,6,June,Jun,Q2,2025,2025-06,2025-Q2,23,Monday,1,False,,False,2025,Q2
20250603,2025-06-03,3,6,June,Jun,Q2,2025,2025-06,2025-Q2,23,Tuesday,2,False,,False,2025,Q2
20250604,2025-06-04,4,6,June,Jun,Q2,2025,2025-06,2025-Q2,23,Wednesday,3,False,,False,2025,Q2
20250605,2025-06-05,5,6,June,Jun,Q2,2025,2025-06,2025-Q2,23,Thursday,4,False,,False,2025,Q2
20250606,2025-06-06,6,6,June,Jun,Q2,2025,2025-06,2025-Q2,23,Friday,5,False,,False,2025,Q2
20250607,2025-06-07,7,6,June,Jun,Q2,2025,2025-06,2025-Q2,23,Saturday,6,True,,False,2025,Q2
20250608,2025-06-08,8,6,June,Jun,Q2,2025,2025-06,2025-Q2,23,Sunday,7,True,,False,2025,Q2
20250609,2025-06-09,9,6,June,Jun,Q2,2025,2025-06,2025-Q2,24,Monday,1,False,,False,2025,Q2
20250610,2025-06-10,10,6,June,Jun,Q2,2025,2025-06,2025-Q2,24,Tuesday,2,False,,False,2025,Q2
20250611,2025-06-11,11,6,June,Jun,Q2,2025,2025-06,2025-Q2,24,Wednesday,3,False,,False,2025,Q2
20250612,2025-06-12,12,6,June,Jun,Q2,2025,2025-06,2025-Q2,24,Thursday,4,False,,False,2025,Q2
20250613,2025-06-13,13,6,June,Jun,Q2,2025,2025-06,2025-Q2,24,Friday,5,False,,False,2025,Q2
20250614,2025-06-14,14,6,June,Jun,Q2,2025,2025-06,2025-Q2,24,Saturday,6,True,,False,2025,Q2
20250615,2025-06-15,15,6,June,Jun,Q2,2025,2025-06,2025-Q2,24,Sunday,7,True,,False,2025,Q2
20250616,2025-06-16,16,6,June,Jun,Q2,2025,2025-06,2025-Q2,25,Monday,1,False,,False,2025,Q2
20250617,2025-06-17,17,6,June,Jun,Q2,2025,2025-06,2025-Q2,25,Tuesday,2,False,,False,2025,Q2
20250618,2025-06-18,18,6,June,Jun,Q2,2025,2025-06,2025-Q2,25,Wednesday,3,False,,False,2025,Q2
20250619,2025-06-19,19,6,June,Jun,Q2,2025,2025-06,2025-Q2,25,Thursday,4,False,,False,2025,Q2
20250620,2025-06-20,20,6,June,Jun,Q2,2025,2025-06,2025-Q2,25,Friday,5,False,,False,2025,Q2
20250621,2025-06-21,21,6,June,Jun,Q2,2025,2025-06,2025-Q2,25,Saturday,6,True,,False,2025,Q2
20250622,2025-06-22,22,6,June,Jun,Q2,2025,2025-06,2025-Q2,25,Sunday,7,True,,False,2025,Q2
20250623,2025-06-23,23,6,June,Jun,Q2,2025,2025-06,2025-Q2,26,Monday,1,False,,False,2025,Q2
20250624,2025-06-24,24,6,June,Jun,Q2,2025,2025-06,2025-Q2,26,Tuesday,2,False,,False,2025,Q2
20250625,2025-06-25,25,6,June,Jun,Q2,2025,2025-06,2025-Q2,26,Wednesday,3,False,,False,2025,Q2
20250626,2025-06-26,26,6,June,Jun,Q2,2025,2025-06,2025-Q2,26,Thursday,4,False,,False,2025,Q2
20250627,2025-06-27,27,6,June,Jun,Q2,2025,2025-06,2025-Q2,26,Friday,5,False,,False,2025,Q2
20250628,2025-06-28,28,6,June,Jun,Q2,2025,2025-06,2025-Q2,26,Saturday,6,True,,False,2025,Q2
20250629,2025-06-29,29,6,June,Jun,Q2,2025,2025-06,2025-Q2,26,Sunday,7,True,,False,2025,Q2
20250630,2025-06-30,30,6,June,Jun,Q2,2025,2025-06,2025-Q2,27,Monday,1,False,,False,2025,Q2
20250701,2025-07-01,1,7,July,Jul,Q3,2025,2025-07,2025-Q3,27,Tuesday,2,False,,False,2025,Q3
20250702,2025-07-02,2,7,July,Jul,Q3,2025,2025-07,2025-Q3,27,Wednesday,3,False,,False,2025,Q3
20250703,2025-07-03,3,7,July,Jul,Q3,2025,2025-07,2025-Q3,27,Thursday,4,False,,False,2025,Q3
20250704,2025-07-04,4,7,July,Jul,Q3,2025,2025-07,2025-Q3,27,Friday,5,False,,False,2025,Q3
20250705,2025-07-05,5,7,July,Jul,Q3,2025,2025-07,2025-Q3,27,Saturday,6,True,,False,2025,Q3
20250706,2025-07-06,6,7,July,Jul,Q3,2025,2025-07,2025-Q3,27,Sunday,7,True,,False,2025,Q3
20250707,2025-07-07,7,7,July,Jul,Q3,2025,2025-07,2025-Q3,28,Monday,1,False,,False,2025,Q3
20250708,2025-07-08,8,7,July,Jul,Q3,2025,2025-07,2025-Q3,28,Tuesday,2,False,,False,2025,Q3
20250709,2025-07-09,9,7,July,Jul,Q3,2025,2025-07,2025-Q3,28,Wednesday,3,False,,False,2025,Q3
20250710,2025-07-10,10,7,July,Jul,Q3,2025,2025-07,2025-Q3,28,Thursday,4,False,,False,2025,Q3
20250711,2025-07-11,11,7,July,Jul,Q3,2025,2025-07,2025-Q3,28,Friday,5,False,Prime Day,True,2025,Q3
20250712,2025-07-12,12,7,July,Jul,Q3,2025,2025-07,2025-Q3,28,Saturday,6,True,Prime Day,True,2025,Q3
20250713,2025-07-13,13,7,July,Jul,Q3,2025,2025-07,2025-Q3,28,Sunday,7,True,,False,2025,Q3
20250714,2025-07-14,14,7,July,Jul,Q3,2025,2025-07,2025-Q3,29,Monday,1,False,,False,2025,Q3
20250715,2025-07-15,15,7,July,Jul,Q3,2025,2025-07,2025-Q3,29,Tuesday,2,False,,False,2025,Q3
20250716,2025-07-16,16,7,July,Jul,Q3,2025,2025-07,2025-Q3,29,Wednesday,3,False,,False,2025,Q3
20250717,2025-07-17,17,7,July,Jul,Q3,2025,2025-07,2025-Q3,29,Thursday,4,False,,False,2025,Q3
20250718,2025-07-18,18,7,July,Jul,Q3,2025,2025-07,2025-Q3,29,Friday,5,False,,False,2025,Q3
20250719,2025-07-19,19,7,July,Jul,Q3,2025,2025-07,2025-Q3,29,Saturday,6,True,,False,2025,Q3
20250720,2025-07-20,20,7,July,Jul,Q3,2025,2025-07,2025-Q3,29,Sunday,7,True,,False,2025,Q3
20250721,2025-07-21,21,7,July,Jul,Q3,2025,2025-07,2025-Q3,30,Monday,1,False,,False,2025,Q3
20250722,2025-07-22,22,7,July,Jul,Q3,2025,2025-07,2025-Q3,30,Tuesday,2,False,,False,2025,Q3
20250723,2025-07-23,23,7,July,Jul,Q3,2025,2025-07,2025-Q3,30,Wednesday,3,False,,False,2025,Q3
20250724,2025-07-24,24,7,July,Jul,Q3,2025,2025-07,2025-Q3,30,Thursday,4,False,,False,2025,Q3
20250725,2025-07-25,25,7,July,Jul,Q3,2025,2025-07,2025-Q3,30,Friday,5,False,,False,2025,Q3
20250726,2025-07-26,26,7,July,Jul,Q3,2025,2025-07,2025-Q3,30,Saturday,6,True,,False,2025,Q3
20250727,2025-07-27,27,7,July,Jul,Q3,2025,2025-07,2025-Q3,30,Sunday,7,True,,False,2025,Q3
20250728,2025-07-28,28,7,July,Jul,Q3,2025,2025-07,2025-Q3,31,Monday,1,False,,False,2025,Q3
20250729,2025-07-29,29,7,July,Jul,Q3,2025,2025-07,2025-Q3,31,Tuesday,2,False,,False,2025,Q3
20250730,2025-07-30,30,7,July,Jul,Q3,2025,2025-07,2025-Q3,31,Wednesday,3,False,,False,2025,Q3
20250731,2025-07-31,31,7,July,Jul,Q3,2025,2025-07,2025-Q3,31,Thursday,4,False,,False,2025,Q3
20250801,2025-08-01,1,8,August,Aug,Q3,2025,2025-08,2025-Q3,31,Friday,5,False,,False,2025,Q3
20250802,2025-08-02,2,8,August,Aug,Q3,2025,2025-08,2025-Q3,31,Saturday,6,True,,False,2025,Q3
20250803,2025-08-03,3,8,August,Aug,Q3,2025,2025-08,2025-Q3,31,Sunday,7,True,,False,2025,Q3
20250804,2025-08-04,4,8,August,Aug,Q3,2025,2025-08,2025-Q3,32,Monday,1,False,,False,2025,Q3
20250805,2025-08-05,5,8,August,Aug,Q3,2025,2025-08,2025-Q3,32,Tuesday,2,False,,False,2025,Q3
20250806,2025-08-06,6,8,August,Aug,Q3,2025,2025-08,2025-Q3,32,Wednesday,3,False,,False,2025,Q3
20250807,2025-08-07,7,8,August,Aug,Q3,2025,2025-08,2025-Q3,32,Thursday,4,False,,False,2025,Q3
20250808,2025-08-08,8,8,August,Aug,Q3,2025,2025-08,2025-Q3,32,Friday,5,False,,False,2025,Q3
20250809,2025-08-09,9,8,August,Aug,Q3,2025,2025-08,2025-Q3,32,Saturday,6,True,,False,2025,Q3
20250810,2025-08-10,10,8,August,Aug,Q3,2025,2025-08,2025-Q3,32,Sunday,7,True,,False,2025,Q3
20250811,2025-08-11,11,8,August,Aug,Q3,2025,2025-08,2025-Q3,33,Monday,1,False,,False,2025,Q3
20250812,2025-08-12,12,8,August,Aug,Q3,2025,2025-08,2025-Q3,33,Tuesday,2,False,,False,2025,Q3
20250813,2025-08-13,13,8,August,Aug,Q3,2025,2025-08,2025-Q3,33,Wednesday,3,False,,False,2025,Q3
20250814,2025-08-14,14,8,August,Aug,Q3,2025,2025-08,2025-Q3,33,Thursday,4,False,,False,2025,Q3
20250815,2025-08-15,15,8,August,Aug,Q3,2025,2025-08,2025-Q3,33,Friday,5,False,,False,2025,Q3
20250816,2025-08-16,16,8,August,Aug,Q3,2025,2025-08,2025-Q3,33,Saturday,6,True,,False,2025,Q3
20250817,2025-08-17,17,8,August,Aug,Q3,2025,2025-08,2025-Q3,33,Sunday,7,True,,False,2025,Q3
20250818,2025-08-18,18,8,August,Aug,Q3,2025,2025-08,2025-Q3,34,Monday,1,False,,False,2025,Q3
20250819,2025-08-19,19,8,August,Aug,Q3,2025,2025-08,2025-Q3,34,Tuesday,2,False,,False,2025,Q3
20250820,2025-08-20,20,8,August,Aug,Q3,2025,2025-08,2025-Q3,34,Wednesday,3,False,,False,2025,Q3
20250821,2025-08-21,21,8,August,Aug,Q3,2025,2025-08,2025-Q3,34,Thursday,4,False,,False,2025,Q3
20250822,2025-08-22,22,8,August,Aug,Q3,2025,2025-08,2025-Q3,34,Friday,5,False,,False,2025,Q3
20250823,2025-08-23,23,8,August,Aug,Q3,2025,2025-08,2025-Q3,34,Saturday,6,True,,False,2025,Q3
20250824,2025-08-24,24,8,August,Aug,Q3,2025,2025-08,2025-Q3,34,Sunday,7,True,,False,2025,Q3
20250825,2025-08-25,25,8,August,Aug,Q3,2025,2025-08,2025-Q3,35,Monday,1,False,,False,2025,Q3
20250826,2025-08-26,26,8,August,Aug,Q3,2025,2025-08,2025-Q3,35,Tuesday,2,False,,False,2025,Q3
20250827,2025-08-27,27,8,August,Aug,Q3,2025,2025-08,2025-Q3,35,Wednesday,3,False,,False,2025,Q3
20250828,2025-08-28,28,8,August,Aug,Q3,2025,2025-08,2025-Q3,35,Thursday,4,False,,False,2025,Q3
20250829,2025-08-29,29,8,August,Aug,Q3,2025,2025-08,2025-Q3,35,Friday,5,False,,False,2025,Q3
20250830,2025-08-30,30,8,August,Aug,Q3,2025,2025-08,2025-Q3,35,Saturday,6,True,,False,2025,Q3
20250831,2025-08-31,31,8,August,Aug,Q3,2025,2025-08,2025-Q3,35,Sunday,7,True,,False,2025,Q3
20250901,2025-09-01,1,9,September,Sep,Q3,2025,2025-09,2025-Q3,36,Monday,1,False,,False,2025,Q3
20250902,2025-09-02,2,9,September,Sep,Q3,2025,2025-09,2025-Q3,36,Tuesday,2,False,,False,2025,Q3
20250903,2025-09-03,3,9,September,Sep,Q3,2025,2025-09,2025-Q3,36,Wednesday,3,False,,False,2025,Q3
20250904,2025-09-04,4,9,September,Sep,Q3,2025,2025-09,2025-Q3,36,Thursday,4,False,,False,2025,Q3
20250905,2025-09-05,5,9,September,Sep,Q3,2025,2025-09,2025-Q3,36,Friday,5,False,,False,2025,Q3
20250906,2025-09-06,6,9,September,Sep,Q3,2025,2025-09,2025-Q3,36,Saturday,6,True,,False,2025,Q3
20250907,2025-09-07,7,9,September,Sep,Q3,2025,2025-09,2025-Q3,36,Sunday,7,True,,False,2025,Q3
20250908,2025-09-08,8,9,September,Sep,Q3,2025,2025-09,2025-Q3,37,Monday,1,False,,False,2025,Q3
20250909,2025-09-09,9,9,September,Sep,Q3,2025,2025-09,2025-Q3,37,Tuesday,2,False,,False,2025,Q3
20250910,2025-09-10,10,9,September,Sep,Q3,2025,2025-09,2025-Q3,37,Wednesday,3,False,,False,2025,Q3
20250911,2025-09-11,11,9,September,Sep,Q3,2025,2025-09,2025-Q3,37,Thursday,4,False,,False,2025,Q3
20250912,2025-09-12,12,9,September,Sep,Q3,2025,2025-09,2025-Q3,37,Friday,5,False,,False,2025,Q3
20250913,2025-09-13,13,9,September,Sep,Q3,2025,2025-09,2025-Q3,37,Saturday,6,True,,False,2025,Q3
20250914,2025-09-14,14,9,September,Sep,Q3,2025,2025-09,2025-Q3,37,Sunday,7,True,,False,2025,Q3
20250915,2025-09-15,15,9,September,Sep,Q3,2025,2025-09,2025-Q3,38,Monday,1,False,,False,2025,Q3
20250916,2025-09-16,16,9,September,Sep,Q3,2025,2025-09,2025-Q3,38,Tuesday,2,False,,False,2025,Q3
20250917,2025-09-17,17,9,September,Sep,Q3,2025,2025-09,2025-Q3,38,Wednesday,3,False,,False,2025,Q3
20250918,2025-09-18,18,9,September,Sep,Q3,2025,2025-09,2025-Q3,38,Thursday,4,False,,False,2025,Q3
20250919,2025-09-19,19,9,September,Sep,Q3,2025,2025-09,2025-Q3,38,Friday,5,False,,False,2025,Q3
20250920,2025-09-20,20,9,September,Sep,Q3,2025,2025-09,2025-Q3,38,Saturday,6,True,,False,2025,Q3
20250921,2025-09-21,21,9,September,Sep,Q3,2025,2025-09,2025-Q3,38,Sunday,7,True,,False,2025,Q3
20250922,2025-09-22,22,9,September,Sep,Q3,2025,2025-09,2025-Q3,39,Monday,1,False,,False,2025,Q3
20250923,2025-09-23,23,9,September,Sep,Q3,2025,2025-09,2025-Q3,39,Tuesday,2,False,,False,2025,Q3
20250924,2025-09-24,24,9,September,Sep,Q3,2025,2025-09,2025-Q3,39,Wednesday,3,False,,False,2025,Q3
20250925,2025-09-25,25,9,September,Sep,Q3,2025,2025-09,2025-Q3,39,Thursday,4,False,,False,2025,Q3
20250926,2025-09-26,26,9,September,Sep,Q3,2025,2025-09,2025-Q3,39,Friday,5,False,,False,2025,Q3
20250927,2025-09-27,27,9,September,Sep,Q3,2025,2025-09,2025-Q3,39,Saturday,6,True,,False,2025,Q3
20250928,2025-09-28,28,9,September,Sep,Q3,2025,2025-09,2025-Q3,39,Sunday,7,True,,False,2025,Q3
20250929,2025-09-29,29,9,September,Sep,Q3,2025,2025-09,2025-Q3,40,Monday,1,False,,False,2025,Q3
20250930,2025-09-30,30,9,September,Sep,Q3,2025,2025-09,2025-Q3,40,Tuesday,2,False,,False,2025,Q3
20251001,2025-10-01,1,10,October,Oct,Q4,2025,2025-10,2025-Q4,40,Wednesday,3,False,,False,2025,Q4
20251002,2025-10-02,2,10,October,Oct,Q4,2025,2025-10,2025-Q4,40,Thursday,4,False,,False,2025,Q4
20251003,2025-10-03,3,10,October,Oct,Q4,2025,2025-10,2025-Q4,40,Friday,5,False,,False,2025,Q4
20251004,2025-10-04,4,10,October,Oct,Q4,2025,2025-10,2025-Q4,40,Saturday,6,True,,False,2025,Q4
20251005,2025-10-05,5,10,October,Oct,Q4,2025,2025-10,2025-Q4,40,Sunday,7,True,,False,2025,Q4
20251006,2025-10-06,6,10,October,Oct,Q4,2025,2025-10,2025-Q4,41,Monday,1,False,,False,2025,Q4
20251007,2025-10-07,7,10,October,Oct,Q4,2025,2025-10,2025-Q4,41,Tuesday,2,False,,False,2025,Q4
20251008,2025-10-08,8,10,October,Oct,Q4,2025,2025-10,2025-Q4,41,Wednesday,3,False,,False,2025,Q4
20251009,2025-10-09,9,10,October,Oct,Q4,2025,2025-10,2025-Q4,41,Thursday,4,False,,False,2025,Q4
20251010,2025-10-10,10,10,October,Oct,Q4,2025,2025-10,2025-Q4,41,Friday,5,False,,False,2025,Q4
20251011,2025-10-11,11,10,October,Oct,Q4,2025,2025-10,2025-Q4,41,Saturday,6,True,,False,2025,Q4
20251012,2025-10-12,12,10,October,Oct,Q4,2025,2025-10,2025-Q4,41,Sunday,7,True,,False,2025,Q4
20251013,2025-10-13,13,10,October,Oct,Q4,2025,2025-10,2025-Q4,42,Monday,1,False,,False,2025,Q4
20251014,2025-10-14,14,10,October,Oct,Q4,2025,2025-10,2025-Q4,42,Tuesday,2,False,,False,2025,Q4
20251015,2025-10-15,15,10,October,Oct,Q4,2025,2025-10,2025-Q4,42,Wednesday,3,False,,False,2025,Q4
20251016,2025-10-16,16,10,October,Oct,Q4,2025,2025-10,2025-Q4,42,Thursday,4,False,,False,2025,Q4
20251017,2025-10-17,17,10,October,Oct,Q4,2025,2025-10,2025-Q4,42,Friday,5,False,,False,2025,Q4
20251018,2025-10-18,18,10,October,Oct,Q4,2025,2025-10,2025-Q4,42,Saturday,6,True,,False,2025,Q4
20251019,2025-10-19,19,10,October,Oct,Q4,2025,2025-10,2025-Q4,42,Sunday,7,True,,False,2025,Q4
20251020,2025-10-20,20,10,October,Oct,Q4,2025,2025-10,2025-Q4,43,Monday,1,False,,False,2025,Q4
20251021,2025-10-21,21,10,October,Oct,Q4,2025,2025-10,2025-Q4,43,Tuesday,2,False,,False,2025,Q4
20251022,2025-10-22,22,10,October,Oct,Q4,2025,2025-10,2025-Q4,43,Wednesday,3,False,,False,2025,Q4
20251023,2025-10-23,23,10,October,Oct,Q4,2025,2025-10,2025-Q4,43,Thursday,4,False,,False,2025,Q4
20251024,2025-10-24,24,10,October,Oct,Q4,2025,2025-10,2025-Q4,43,Friday,5,False,,False,2025,Q4
20251025,2025-10-25,25,10,October,Oct,Q4,2025,2025-10,2025-Q4,43,Saturday,6,True,,False,2025,Q4
20251026,2025-10-26,26,10,October,Oct,Q4,2025,2025-10,2025-Q4,43,Sunday,7,True,,False,2025,Q4
20251027,2025-10-27,27,10,October,Oct,Q4,2025,2025-10,2025-Q4,44,Monday,1,False,,False,2025,Q4
20251028,2025-10-28,28,10,October,Oct,Q4,2025,2025-10,2025-Q4,44,Tuesday,2,False,,False,2025,Q4
20251029,2025-10-29,29,10,October,Oct,Q4,2025,2025-10,2025-Q4,44,Wednesday,3,False,,False,2025,Q4
20251030,2025-10-30,30,10,October,Oct,Q4,2025,2025-10,2025-Q4,44,Thursday,4,False,,False,2025,Q4
20251031,2025-10-31,31,10,October,Oct,Q4,2025,2025-10,2025-Q4,44,Friday,5,False,,False,2025,Q4
20251101,2025-11-01,1,11,November,Nov,Q4,2025,2025-11,2025-Q4,44,Saturday,6,True,,False,2025,Q4
20251102,2025-11-02,2,11,November,Nov,Q4,2025,2025-11,2025-Q4,44,Sunday,7,True,,False,2025,Q4
20251103,2025-11-03,3,11,November,Nov,Q4,2025,2025-11,2025-Q4,45,Monday,1,False,,False,2025,Q4
20251104,2025-11-04,4,11,November,Nov,Q4,2025,2025-11,2025-Q4,45,Tuesday,2,False,,False,2025,Q4
20251105,2025-11-05,5,11,November,Nov,Q4,2025,2025-11,2025-Q4,45,Wednesday,3,False,,False,2025,Q4
20251106,2025-11-06,6,11,November,Nov,Q4,2025,2025-11,2025-Q4,45,Thursday,4,False,,False,2025,Q4
20251107,2025-11-07,7,11,November,Nov,Q4,2025,2025-11,2025-Q4,45,Friday,5,False,,False,2025,Q4
20251108,2025-11-08,8,11,November,Nov,Q4,2025,2025-11,2025-Q4,45,Saturday,6,True,,False,2025,Q4
20251109,2025-11-09,9,11,November,Nov,Q4,2025,2025-11,2025-Q4,45,Sunday,7,True,,False,2025,Q4
20251110,2025-11-10,10,11,November,Nov,Q4,2025,2025-11,2025-Q4,46,Monday,1,False,,False,2025,Q4
20251111,2025-11-11,11,11,November,Nov,Q4,2025,2025-11,2025-Q4,46,Tuesday,2,False,,False,2025,Q4
20251112,2025-11-12,12,11,November,Nov,Q4,2025,2025-11,2025-Q4,46,Wednesday,3,False,,False,2025,Q4
20251113,2025-11-13,13,11,November,Nov,Q4,2025,2025-11,2025-Q4,46,Thursday,4,False,,False,2025,Q4
20251114,2025-11-14,14,11,November,Nov,Q4,2025,2025-11,2025-Q4,46,Friday,5,False,,False,2025,Q4
20251115,2025-11-15,15,11,November,Nov,Q4,2025,2025-11,2025-Q4,46,Saturday,6,True,,False,2025,Q4
20251116,2025-11-16,16,11,November,Nov,Q4,2025,2025-11,2025-Q4,46,Sunday,7,True,,False,2025,Q4
20251117,2025-11-17,17,11,November,Nov,Q4,2025,2025-11,2025-Q4,47,Monday,1,False,,False,2025,Q4
20251118,2025-11-18,18,11,November,Nov,Q4,2025,2025-11,2025-Q4,47,Tuesday,2,False,,False,2025,Q4
20251119,2025-11-19,19,11,November,Nov,Q4,2025,2025-11,2025-Q4,47,Wednesday,3,False,,False,2025,Q4
20251120,2025-11-20,20,11,November,Nov,Q4,2025,2025-11,2025-Q4,47,Thursday,4,False,,False,2025,Q4
20251121,2025-11-21,21,11,November,Nov,Q4,2025,2025-11,2025-Q4,47,Friday,5,False,,False,2025,Q4
20251122,2025-11-22,22,11,November,Nov,Q4,2025,2025-11,2025-Q4,47,Saturday,6,True,,False,2025,Q4
20251123,2025-11-23,23,11,November,Nov,Q4,2025,2025-11,2025-Q4,47,Sunday,7,True,,False,2025,Q4
20251124,2025-11-24,24,11,November,Nov,Q4,2025,2025-11,2025-Q4,48,Monday,1,False,,False,2025,Q4
20251125,2025-11-25,25,11,November,Nov,Q4,2025,2025-11,2025-Q4,48,Tuesday,2,False,,False,2025,Q4
20251126,2025-11-26,26,11,November,Nov,Q4,2025,2025-11,2025-Q4,48,Wednesday,3,False,,False,2025,Q4
20251127,2025-11-27,27,11,November,Nov,Q4,2025,2025-11,2025-Q4,48,Thursday,4,False,Cyber Weekend,True,2025,Q4
20251128,2025-11-28,28,11,November,Nov,Q4,2025,2025-11,2025-Q4,48,Friday,5,False,Black Friday,True,2025,Q4
20251129,2025-11-29,29,11,November,Nov,Q4,2025,2025-11,2025-Q4,48,Saturday,6,True,Cyber Weekend,True,2025,Q4
20251130,2025-11-30,30,11,November,Nov,Q4,2025,2025-11,2025-Q4,48,Sunday,7,True,Cyber Weekend,True,2025,Q4
20251201,2025-12-01,1,12,December,Dec,Q4,2025,2025-12,2025-Q4,49,Monday,1,False,,False,2025,Q4
20251202,2025-12-02,2,12,December,Dec,Q4,2025,2025-12,2025-Q4,49,Tuesday,2,False,,False,2025,Q4
20251203,2025-12-03,3,12,December,Dec,Q4,2025,2025-12,2025-Q4,49,Wednesday,3,False,,False,2025,Q4
20251204,2025-12-04,4,12,December,Dec,Q4,2025,2025-12,2025-Q4,49,Thursday,4,False,,False,2025,Q4
20251205,2025-12-05,5,12,December,Dec,Q4,2025,2025-12,2025-Q4,49,Friday,5,False,,False,2025,Q4
20251206,2025-12-06,6,12,December,Dec,Q4,2025,2025-12,2025-Q4,49,Saturday,6,True,,False,2025,Q4
20251207,2025-12-07,7,12,December,Dec,Q4,2025,2025-12,2025-Q4,49,Sunday,7,True,,False,2025,Q4
20251208,2025-12-08,8,12,December,Dec,Q4,2025,2025-12,2025-Q4,50,Monday,1,False,,False,2025,Q4
20251209,2025-12-09,9,12,December,Dec,Q4,2025,2025-12,2025-Q4,50,Tuesday,2,False,,False,2025,Q4
20251210,2025-12-10,10,12,December,Dec,Q4,2025,2025-12,2025-Q4,50,Wednesday,3,False,,False,2025,Q4
20251211,2025-12-11,11,12,December,Dec,Q4,2025,2025-12,2025-Q4,50,Thursday,4,False,,False,2025,Q4
20251212,2025-12-12,12,12,December,Dec,Q4,2025,2025-12,2025-Q4,50,Friday,5,False,,False,2025,Q4
20251213,2025-12-13,13,12,December,Dec,Q4,2025,2025-12,2025-Q4,50,Saturday,6,True,,False,2025,Q4
20251214,2025-12-14,14,12,December,Dec,Q4,2025,2025-12,2025-Q4,50,Sunday,7,True,,False,2025,Q4
20251215,2025-12-15,15,12,December,Dec,Q4,2025,2025-12,2025-Q4,51,Monday,1,False,Christmas Peak,True,2025,Q4
20251216,2025-12-16,16,12,December,Dec,Q4,2025,2025-12,2025-Q4,51,Tuesday,2,False,Christmas Peak,True,2025,Q4
20251217,2025-12-17,17,12,December,Dec,Q4,2025,2025-12,2025-Q4,51,Wednesday,3,False,Christmas Peak,True,2025,Q4
20251218,2025-12-18,18,12,December,Dec,Q4,2025,2025-12,2025-Q4,51,Thursday,4,False,Christmas Peak,True,2025,Q4
20251219,2025-12-19,19,12,December,Dec,Q4,2025,2025-12,2025-Q4,51,Friday,5,False,Christmas Peak,True,2025,Q4
20251220,2025-12-20,20,12,December,Dec,Q4,2025,2025-12,2025-Q4,51,Saturday,6,True,Christmas Peak,True,2025,Q4
20251221,2025-12-21,21,12,December,Dec,Q4,2025,2025-12,2025-Q4,51,Sunday,7,True,Christmas Peak,True,2025,Q4
20251222,2025-12-22,22,12,December,Dec,Q4,2025,2025-12,2025-Q4,52,Monday,1,False,Christmas Peak,True,2025,Q4
20251223,2025-12-23,23,12,December,Dec,Q4,2025,2025-12,2025-Q4,52,Tuesday,2,False,Christmas Peak,True,2025,Q4
20251224,2025-12-24,24,12,December,Dec,Q4,2025,2025-12,2025-Q4,52,Wednesday,3,False,Christmas Peak,True,2025,Q4
20251225,2025-12-25,25,12,December,Dec,Q4,2025,2025-12,2025-Q4,52,Thursday,4,False,,False,2025,Q4
20251226,2025-12-26,26,12,December,Dec,Q4,2025,2025-12,2025-Q4,52,Friday,5,False,Boxing Day,True,2025,Q4
20251227,2025-12-27,27,12,December,Dec,Q4,2025,2025-12,2025-Q4,52,Saturday,6,True,,False,2025,Q4
20251228,2025-12-28,28,12,December,Dec,Q4,2025,2025-12,2025-Q4,52,Sunday,7,True,,False,2025,Q4
20251229,2025-12-29,29,12,December,Dec,Q4,2025,2025-12,2025-Q4,1,Monday,1,False,,False,2025,Q4
20251230,2025-12-30,30,12,December,Dec,Q4,2025,2025-12,2025-Q4,1,Tuesday,2,False,,False,2025,Q4
20251231,2025-12-31,31,12,December,Dec,Q4,2025,2025-12,2025-Q4,1,Wednesday,3,False,,False,2025,Q4
20260101,2026-01-01,1,1,January,Jan,Q1,2026,2026-01,2026-Q1,1,Thursday,4,False,New Year Sale,True,2026,Q1
20260102,2026-01-02,2,1,January,Jan,Q1,2026,2026-01,2026-Q1,1,Friday,5,False,New Year Sale,True,2026,Q1
20260103,2026-01-03,3,1,January,Jan,Q1,2026,2026-01,2026-Q1,1,Saturday,6,True,New Year Sale,True,2026,Q1
20260104,2026-01-04,4,1,January,Jan,Q1,2026,2026-01,2026-Q1,1,Sunday,7,True,New Year Sale,True,2026,Q1
20260105,2026-01-05,5,1,January,Jan,Q1,2026,2026-01,2026-Q1,2,Monday,1,False,New Year Sale,True,2026,Q1
20260106,2026-01-06,6,1,January,Jan,Q1,2026,2026-01,2026-Q1,2,Tuesday,2,False,,False,2026,Q1
20260107,2026-01-07,7,1,January,Jan,Q1,2026,2026-01,2026-Q1,2,Wednesday,3,False,,False,2026,Q1
20260108,2026-01-08,8,1,January,Jan,Q1,2026,2026-01,2026-Q1,2,Thursday,4,False,,False,2026,Q1
20260109,2026-01-09,9,1,January,Jan,Q1,2026,2026-01,2026-Q1,2,Friday,5,False,,False,2026,Q1
20260110,2026-01-10,10,1,January,Jan,Q1,2026,2026-01,2026-Q1,2,Saturday,6,True,,False,2026,Q1
20260111,2026-01-11,11,1,January,Jan,Q1,2026,2026-01,2026-Q1,2,Sunday,7,True,,False,2026,Q1
20260112,2026-01-12,12,1,January,Jan,Q1,2026,2026-01,2026-Q1,3,Monday,1,False,,False,2026,Q1
20260113,2026-01-13,13,1,January,Jan,Q1,2026,2026-01,2026-Q1,3,Tuesday,2,False,,False,2026,Q1
20260114,2026-01-14,14,1,January,Jan,Q1,2026,2026-01,2026-Q1,3,Wednesday,3,False,,False,2026,Q1
20260115,2026-01-15,15,1,January,Jan,Q1,2026,2026-01,2026-Q1,3,Thursday,4,False,,False,2026,Q1
20260116,2026-01-16,16,1,January,Jan,Q1,2026,2026-01,2026-Q1,3,Friday,5,False,,False,2026,Q1
20260117,2026-01-17,17,1,January,Jan,Q1,2026,2026-01,2026-Q1,3,Saturday,6,True,,False,2026,Q1
20260118,2026-01-18,18,1,January,Jan,Q1,2026,2026-01,2026-Q1,3,Sunday,7,True,,False,2026,Q1
20260119,2026-01-19,19,1,January,Jan,Q1,2026,2026-01,2026-Q1,4,Monday,1,False,,False,2026,Q1
20260120,2026-01-20,20,1,January,Jan,Q1,2026,2026-01,2026-Q1,4,Tuesday,2,False,,False,2026,Q1
20260121,2026-01-21,21,1,January,Jan,Q1,2026,2026-01,2026-Q1,4,Wednesday,3,False,,False,2026,Q1
20260122,2026-01-22,22,1,January,Jan,Q1,2026,2026-01,2026-Q1,4,Thursday,4,False,,False,2026,Q1
20260123,2026-01-23,23,1,January,Jan,Q1,2026,2026-01,2026-Q1,4,Friday,5,False,,False,2026,Q1
20260124,2026-01-24,24,1,January,Jan,Q1,2026,2026-01,2026-Q1,4,Saturday,6,True,,False,2026,Q1
20260125,2026-01-25,25,1,January,Jan,Q1,2026,2026-01,2026-Q1,4,Sunday,7,True,,False,2026,Q1
20260126,2026-01-26,26,1,January,Jan,Q1,2026,2026-01,2026-Q1,5,Monday,1,False,,False,2026,Q1
20260127,2026-01-27,27,1,January,Jan,Q1,2026,2026-01,2026-Q1,5,Tuesday,2,False,,False,2026,Q1
20260128,2026-01-28,28,1,January,Jan,Q1,2026,2026-01,2026-Q1,5,Wednesday,3,False,,False,2026,Q1
20260129,2026-01-29,29,1,January,Jan,Q1,2026,2026-01,2026-Q1,5,Thursday,4,False,,False,2026,Q1
20260130,2026-01-30,30,1,January,Jan,Q1,2026,2026-01,2026-Q1,5,Friday,5,False,,False,2026,Q1
20260131,2026-01-31,31,1,January,Jan,Q1,2026,2026-01,2026-Q1,5,Saturday,6,True,,False,2026,Q1
20260201,2026-02-01,1,2,February,Feb,Q1,2026,2026-02,2026-Q1,5,Sunday,7,True,,False,2026,Q1
20260202,2026-02-02,2,2,February,Feb,Q1,2026,2026-02,2026-Q1,6,Monday,1,False,,False,2026,Q1
20260203,2026-02-03,3,2,February,Feb,Q1,2026,2026-02,2026-Q1,6,Tuesday,2,False,,False,2026,Q1
20260204,2026-02-04,4,2,February,Feb,Q1,2026,2026-02,2026-Q1,6,Wednesday,3,False,,False,2026,Q1
20260205,2026-02-05,5,2,February,Feb,Q1,2026,2026-02,2026-Q1,6,Thursday,4,False,,False,2026,Q1
20260206,2026-02-06,6,2,February,Feb,Q1,2026,2026-02,2026-Q1,6,Friday,5,False,,False,2026,Q1
20260207,2026-02-07,7,2,February,Feb,Q1,2026,2026-02,2026-Q1,6,Saturday,6,True,,False,2026,Q1
20260208,2026-02-08,8,2,February,Feb,Q1,2026,2026-02,2026-Q1,6,Sunday,7,True,,False,2026,Q1
20260209,2026-02-09,9,2,February,Feb,Q1,2026,2026-02,2026-Q1,7,Monday,1,False,,False,2026,Q1
20260210,2026-02-10,10,2,February,Feb,Q1,2026,2026-02,2026-Q1,7,Tuesday,2,False,,False,2026,Q1
20260211,2026-02-11,11,2,February,Feb,Q1,2026,2026-02,2026-Q1,7,Wednesday,3,False,,False,2026,Q1
20260212,2026-02-12,12,2,February,Feb,Q1,2026,2026-02,2026-Q1,7,Thursday,4,False,,False,2026,Q1
20260213,2026-02-13,13,2,February,Feb,Q1,2026,2026-02,2026-Q1,7,Friday,5,False,,False,2026,Q1
20260214,2026-02-14,14,2,February,Feb,Q1,2026,2026-02,2026-Q1,7,Saturday,6,True,,False,2026,Q1
20260215,2026-02-15,15,2,February,Feb,Q1,2026,2026-02,2026-Q1,7,Sunday,7,True,,False,2026,Q1
20260216,2026-02-16,16,2,February,Feb,Q1,2026,2026-02,2026-Q1,8,Monday,1,False,,False,2026,Q1
20260217,2026-02-17,17,2,February,Feb,Q1,2026,2026-02,2026-Q1,8,Tuesday,2,False,,False,2026,Q1
20260218,2026-02-18,18,2,February,Feb,Q1,2026,2026-02,2026-Q1,8,Wednesday,3,False,,False,2026,Q1
20260219,2026-02-19,19,2,February,Feb,Q1,2026,2026-02,2026-Q1,8,Thursday,4,False,,False,2026,Q1
20260220,2026-02-20,20,2,February,Feb,Q1,2026,2026-02,2026-Q1,8,Friday,5,False,,False,2026,Q1
20260221,2026-02-21,21,2,February,Feb,Q1,2026,2026-02,2026-Q1,8,Saturday,6,True,,False,2026,Q1
20260222,2026-02-22,22,2,February,Feb,Q1,2026,2026-02,2026-Q1,8,Sunday,7,True,,False,2026,Q1
20260223,2026-02-23,23,2,February,Feb,Q1,2026,2026-02,2026-Q1,9,Monday,1,False,,False,2026,Q1
20260224,2026-02-24,24,2,February,Feb,Q1,2026,2026-02,2026-Q1,9,Tuesday,2,False,,False,2026,Q1
20260225,2026-02-25,25,2,February,Feb,Q1,2026,2026-02,2026-Q1,9,Wednesday,3,False,,False,2026,Q1
20260226,2026-02-26,26,2,February,Feb,Q1,2026,2026-02,2026-Q1,9,Thursday,4,False,,False,2026,Q1
20260227,2026-02-27,27,2,February,Feb,Q1,2026,2026-02,2026-Q1,9,Friday,5,False,,False,2026,Q1
20260228,2026-02-28,28,2,February,Feb,Q1,2026,2026-02,2026-Q1,9,Saturday,6,True,,False,2026,Q1
20260301,2026-03-01,1,3,March,Mar,Q1,2026,2026-03,2026-Q1,9,Sunday,7,True,,False,2026,Q1
20260302,2026-03-02,2,3,March,Mar,Q1,2026,2026-03,2026-Q1,10,Monday,1,False,,False,2026,Q1
20260303,2026-03-03,3,3,March,Mar,Q1,2026,2026-03,2026-Q1,10,Tuesday,2,False,,False,2026,Q1
20260304,2026-03-04,4,3,March,Mar,Q1,2026,2026-03,2026-Q1,10,Wednesday,3,False,,False,2026,Q1
20260305,2026-03-05,5,3,March,Mar,Q1,2026,2026-03,2026-Q1,10,Thursday,4,False,,False,2026,Q1
20260306,2026-03-06,6,3,March,Mar,Q1,2026,2026-03,2026-Q1,10,Friday,5,False,,False,2026,Q1
20260307,2026-03-07,7,3,March,Mar,Q1,2026,2026-03,2026-Q1,10,Saturday,6,True,,False,2026,Q1
20260308,2026-03-08,8,3,March,Mar,Q1,2026,2026-03,2026-Q1,10,Sunday,7,True,,False,2026,Q1
20260309,2026-03-09,9,3,March,Mar,Q1,2026,2026-03,2026-Q1,11,Monday,1,False,,False,2026,Q1
20260310,2026-03-10,10,3,March,Mar,Q1,2026,2026-03,2026-Q1,11,Tuesday,2,False,,False,2026,Q1
20260311,2026-03-11,11,3,March,Mar,Q1,2026,2026-03,2026-Q1,11,Wednesday,3,False,,False,2026,Q1
20260312,2026-03-12,12,3,March,Mar,Q1,2026,2026-03,2026-Q1,11,Thursday,4,False,,False,2026,Q1
20260313,2026-03-13,13,3,March,Mar,Q1,2026,2026-03,2026-Q1,11,Friday,5,False,,False,2026,Q1
20260314,2026-03-14,14,3,March,Mar,Q1,2026,2026-03,2026-Q1,11,Saturday,6,True,,False,2026,Q1
20260315,2026-03-15,15,3,March,Mar,Q1,2026,2026-03,2026-Q1,11,Sunday,7,True,,False,2026,Q1
20260316,2026-03-16,16,3,March,Mar,Q1,2026,2026-03,2026-Q1,12,Monday,1,False,,False,2026,Q1
20260317,2026-03-17,17,3,March,Mar,Q1,2026,2026-03,2026-Q1,12,Tuesday,2,False,,False,2026,Q1
20260318,2026-03-18,18,3,March,Mar,Q1,2026,2026-03,2026-Q1,12,Wednesday,3,False,,False,2026,Q1
20260319,2026-03-19,19,3,March,Mar,Q1,2026,2026-03,2026-Q1,12,Thursday,4,False,,False,2026,Q1
20260320,2026-03-20,20,3,March,Mar,Q1,2026,2026-03,2026-Q1,12,Friday,5,False,,False,2026,Q1
20260321,2026-03-21,21,3,March,Mar,Q1,2026,2026-03,2026-Q1,12,Saturday,6,True,,False,2026,Q1
20260322,2026-03-22,22,3,March,Mar,Q1,2026,2026-03,2026-Q1,12,Sunday,7,True,,False,2026,Q1
20260323,2026-03-23,23,3,March,Mar,Q1,2026,2026-03,2026-Q1,13,Monday,1,False,,False,2026,Q1
20260324,2026-03-24,24,3,March,Mar,Q1,2026,2026-03,2026-Q1,13,Tuesday,2,False,,False,2026,Q1
20260325,2026-03-25,25,3,March,Mar,Q1,2026,2026-03,2026-Q1,13,Wednesday,3,False,,False,2026,Q1
20260326,2026-03-26,26,3,March,Mar,Q1,2026,2026-03,2026-Q1,13,Thursday,4,False,,False,2026,Q1
20260327,2026-03-27,27,3,March,Mar,Q1,2026,2026-03,2026-Q1,13,Friday,5,False,,False,2026,Q1
20260328,2026-03-28,28,3,March,Mar,Q1,2026,2026-03,2026-Q1,13,Saturday,6,True,,False,2026,Q1
20260329,2026-03-29,29,3,March,Mar,Q1,2026,2026-03,2026-Q1,13,Sunday,7,True,,False,2026,Q1
20260330,2026-03-30,30,3,March,Mar,Q1,2026,2026-03,2026-Q1,14,Monday,1,False,,False,2026,Q1
20260331,2026-03-31,31,3,March,Mar,Q1,2026,2026-03,2026-Q1,14,Tuesday,2,False,,False,2026,Q1
20260401,2026-04-01,1,4,April,Apr,Q2,2026,2026-04,2026-Q2,14,Wednesday,3,False,,False,2026,Q2
20260402,2026-04-02,2,4,April,Apr,Q2,2026,2026-04,2026-Q2,14,Thursday,4,False,,False,2026,Q2
20260403,2026-04-03,3,4,April,Apr,Q2,2026,2026-04,2026-Q2,14,Friday,5,False,,False,2026,Q2
20260404,2026-04-04,4,4,April,Apr,Q2,2026,2026-04,2026-Q2,14,Saturday,6,True,,False,2026,Q2
20260405,2026-04-05,5,4,April,Apr,Q2,2026,2026-04,2026-Q2,14,Sunday,7,True,,False,2026,Q2
20260406,2026-04-06,6,4,April,Apr,Q2,2026,2026-04,2026-Q2,15,Monday,1,False,,False,2026,Q2
20260407,2026-04-07,7,4,April,Apr,Q2,2026,2026-04,2026-Q2,15,Tuesday,2,False,,False,2026,Q2
20260408,2026-04-08,8,4,April,Apr,Q2,2026,2026-04,2026-Q2,15,Wednesday,3,False,,False,2026,Q2
20260409,2026-04-09,9,4,April,Apr,Q2,2026,2026-04,2026-Q2,15,Thursday,4,False,,False,2026,Q2
20260410,2026-04-10,10,4,April,Apr,Q2,2026,2026-04,2026-Q2,15,Friday,5,False,,False,2026,Q2
20260411,2026-04-11,11,4,April,Apr,Q2,2026,2026-04,2026-Q2,15,Saturday,6,True,,False,2026,Q2
20260412,2026-04-12,12,4,April,Apr,Q2,2026,2026-04,2026-Q2,15,Sunday,7,True,,False,2026,Q2
20260413,2026-04-13,13,4,April,Apr,Q2,2026,2026-04,2026-Q2,16,Monday,1,False,,False,2026,Q2
20260414,2026-04-14,14,4,April,Apr,Q2,2026,2026-04,2026-Q2,16,Tuesday,2,False,,False,2026,Q2
20260415,2026-04-15,15,4,April,Apr,Q2,2026,2026-04,2026-Q2,16,Wednesday,3,False,,False,2026,Q2
20260416,2026-04-16,16,4,April,Apr,Q2,2026,2026-04,2026-Q2,16,Thursday,4,False,,False,2026,Q2
20260417,2026-04-17,17,4,April,Apr,Q2,2026,2026-04,2026-Q2,16,Friday,5,False,,False,2026,Q2
20260418,2026-04-18,18,4,April,Apr,Q2,2026,2026-04,2026-Q2,16,Saturday,6,True,,False,2026,Q2
20260419,2026-04-19,19,4,April,Apr,Q2,2026,2026-04,2026-Q2,16,Sunday,7,True,,False,2026,Q2
20260420,2026-04-20,20,4,April,Apr,Q2,2026,2026-04,2026-Q2,17,Monday,1,False,,False,2026,Q2
20260421,2026-04-21,21,4,April,Apr,Q2,2026,2026-04,2026-Q2,17,Tuesday,2,False,,False,2026,Q2
20260422,2026-04-22,22,4,April,Apr,Q2,2026,2026-04,2026-Q2,17,Wednesday,3,False,,False,2026,Q2
20260423,2026-04-23,23,4,April,Apr,Q2,2026,2026-04,2026-Q2,17,Thursday,4,False,,False,2026,Q2
20260424,2026-04-24,24,4,April,Apr,Q2,2026,2026-04,2026-Q2,17,Friday,5,False,,False,2026,Q2
20260425,2026-04-25,25,4,April,Apr,Q2,2026,2026-04,2026-Q2,17,Saturday,6,True,,False,2026,Q2
20260426,2026-04-26,26,4,April,Apr,Q2,2026,2026-04,2026-Q2,17,Sunday,7,True,,False,2026,Q2
20260427,2026-04-27,27,4,April,Apr,Q2,2026,2026-04,2026-Q2,18,Monday,1,False,,False,2026,Q2
20260428,2026-04-28,28,4,April,Apr,Q2,2026,2026-04,2026-Q2,18,Tuesday,2,False,,False,2026,Q2
20260429,2026-04-29,29,4,April,Apr,Q2,2026,2026-04,2026-Q2,18,Wednesday,3,False,,False,2026,Q2
20260430,2026-04-30,30,4,April,Apr,Q2,2026,2026-04,2026-Q2,18,Thursday,4,False,,False,2026,Q2
20260501,2026-05-01,1,5,May,May,Q2,2026,2026-05,2026-Q2,18,Friday,5,False,,False,2026,Q2
20260502,2026-05-02,2,5,May,May,Q2,2026,2026-05,2026-Q2,18,Saturday,6,True,,False,2026,Q2
20260503,2026-05-03,3,5,May,May,Q2,2026,2026-05,2026-Q2,18,Sunday,7,True,,False,2026,Q2
20260504,2026-05-04,4,5,May,May,Q2,2026,2026-05,2026-Q2,19,Monday,1,False,,False,2026,Q2
20260505,2026-05-05,5,5,May,May,Q2,2026,2026-05,2026-Q2,19,Tuesday,2,False,,False,2026,Q2
20260506,2026-05-06,6,5,May,May,Q2,2026,2026-05,2026-Q2,19,Wednesday,3,False,,False,2026,Q2
20260507,2026-05-07,7,5,May,May,Q2,2026,2026-05,2026-Q2,19,Thursday,4,False,,False,2026,Q2
20260508,2026-05-08,8,5,May,May,Q2,2026,2026-05,2026-Q2,19,Friday,5,False,,False,2026,Q2
20260509,2026-05-09,9,5,May,May,Q2,2026,2026-05,2026-Q2,19,Saturday,6,True,,False,2026,Q2
20260510,2026-05-10,10,5,May,May,Q2,2026,2026-05,2026-Q2,19,Sunday,7,True,,False,2026,Q2
20260511,2026-05-11,11,5,May,May,Q2,2026,2026-05,2026-Q2,20,Monday,1,False,,False,2026,Q2
20260512,2026-05-12,12,5,May,May,Q2,2026,2026-05,2026-Q2,20,Tuesday,2,False,,False,2026,Q2
20260513,2026-05-13,13,5,May,May,Q2,2026,2026-05,2026-Q2,20,Wednesday,3,False,,False,2026,Q2
20260514,2026-05-14,14,5,May,May,Q2,2026,2026-05,2026-Q2,20,Thursday,4,False,,False,2026,Q2
20260515,2026-05-15,15,5,May,May,Q2,2026,2026-05,2026-Q2,20,Friday,5,False,,False,2026,Q2
20260516,2026-05-16,16,5,May,May,Q2,2026,2026-05,2026-Q2,20,Saturday,6,True,,False,2026,Q2
20260517,2026-05-17,17,5,May,May,Q2,2026,2026-05,2026-Q2,20,Sunday,7,True,,False,2026,Q2
20260518,2026-05-18,18,5,May,May,Q2,2026,2026-05,2026-Q2,21,Monday,1,False,,False,2026,Q2
20260519,2026-05-19,19,5,May,May,Q2,2026,2026-05,2026-Q2,21,Tuesday,2,False,,False,2026,Q2
20260520,2026-05-20,20,5,May,May,Q2,2026,2026-05,2026-Q2,21,Wednesday,3,False,,False,2026,Q2
20260521,2026-05-21,21,5,May,May,Q2,2026,2026-05,2026-Q2,21,Thursday,4,False,,False,2026,Q2
20260522,2026-05-22,22,5,May,May,Q2,2026,2026-05,2026-Q2,21,Friday,5,False,,False,2026,Q2
20260523,2026-05-23,23,5,May,May,Q2,2026,2026-05,2026-Q2,21,Saturday,6,True,,False,2026,Q2
20260524,2026-05-24,24,5,May,May,Q2,2026,2026-05,2026-Q2,21,Sunday,7,True,,False,2026,Q2
20260525,2026-05-25,25,5,May,May,Q2,2026,2026-05,2026-Q2,22,Monday,1,False,,False,2026,Q2
20260526,2026-05-26,26,5,May,May,Q2,2026,2026-05,2026-Q2,22,Tuesday,2,False,,False,2026,Q2
20260527,2026-05-27,27,5,May,May,Q2,2026,2026-05,2026-Q2,22,Wednesday,3,False,,False,2026,Q2
20260528,2026-05-28,28,5,May,May,Q2,2026,2026-05,2026-Q2,22,Thursday,4,False,,False,2026,Q2
20260529,2026-05-29,29,5,May,May,Q2,2026,2026-05,2026-Q2,22,Friday,5,False,,False,2026,Q2
20260530,2026-05-30,30,5,May,May,Q2,2026,2026-05,2026-Q2,22,Saturday,6,True,,False,2026,Q2
20260531,2026-05-31,31,5,May,May,Q2,2026,2026-05,2026-Q2,22,Sunday,7,True,,False,2026,Q2
20260601,2026-06-01,1,6,June,Jun,Q2,2026,2026-06,2026-Q2,23,Monday,1,False,,False,2026,Q2
20260602,2026-06-02,2,6,June,Jun,Q2,2026,2026-06,2026-Q2,23,Tuesday,2,False,,False,2026,Q2
20260603,2026-06-03,3,6,June,Jun,Q2,2026,2026-06,2026-Q2,23,Wednesday,3,False,,False,2026,Q2
20260604,2026-06-04,4,6,June,Jun,Q2,2026,2026-06,2026-Q2,23,Thursday,4,False,,False,2026,Q2
20260605,2026-06-05,5,6,June,Jun,Q2,2026,2026-06,2026-Q2,23,Friday,5,False,,False,2026,Q2
20260606,2026-06-06,6,6,June,Jun,Q2,2026,2026-06,2026-Q2,23,Saturday,6,True,,False,2026,Q2
20260607,2026-06-07,7,6,June,Jun,Q2,2026,2026-06,2026-Q2,23,Sunday,7,True,,False,2026,Q2
20260608,2026-06-08,8,6,June,Jun,Q2,2026,2026-06,2026-Q2,24,Monday,1,False,,False,2026,Q2
20260609,2026-06-09,9,6,June,Jun,Q2,2026,2026-06,2026-Q2,24,Tuesday,2,False,,False,2026,Q2
20260610,2026-06-10,10,6,June,Jun,Q2,2026,2026-06,2026-Q2,24,Wednesday,3,False,,False,2026,Q2
20260611,2026-06-11,11,6,June,Jun,Q2,2026,2026-06,2026-Q2,24,Thursday,4,False,,False,2026,Q2
20260612,2026-06-12,12,6,June,Jun,Q2,2026,2026-06,2026-Q2,24,Friday,5,False,,False,2026,Q2
20260613,2026-06-13,13,6,June,Jun,Q2,2026,2026-06,2026-Q2,24,Saturday,6,True,,False,2026,Q2
20260614,2026-06-14,14,6,June,Jun,Q2,2026,2026-06,2026-Q2,24,Sunday,7,True,,False,2026,Q2
20260615,2026-06-15,15,6,June,Jun,Q2,2026,2026-06,2026-Q2,25,Monday,1,False,,False,2026,Q2
20260616,2026-06-16,16,6,June,Jun,Q2,2026,2026-06,2026-Q2,25,Tuesday,2,False,,False,2026,Q2
20260617,2026-06-17,17,6,June,Jun,Q2,2026,2026-06,2026-Q2,25,Wednesday,3,False,,False,2026,Q2
20260618,2026-06-18,18,6,June,Jun,Q2,2026,2026-06,2026-Q2,25,Thursday,4,False,,False,2026,Q2
20260619,2026-06-19,19,6,June,Jun,Q2,2026,2026-06,2026-Q2,25,Friday,5,False,,False,2026,Q2
20260620,2026-06-20,20,6,June,Jun,Q2,2026,2026-06,2026-Q2,25,Saturday,6,True,,False,2026,Q2
20260621,2026-06-21,21,6,June,Jun,Q2,2026,2026-06,2026-Q2,25,Sunday,7,True,,False,2026,Q2
20260622,2026-06-22,22,6,June,Jun,Q2,2026,2026-06,2026-Q2,26,Monday,1,False,,False,2026,Q2
20260623,2026-06-23,23,6,June,Jun,Q2,2026,2026-06,2026-Q2,26,Tuesday,2,False,,False,2026,Q2
20260624,2026-06-24,24,6,June,Jun,Q2,2026,2026-06,2026-Q2,26,Wednesday,3,False,,False,2026,Q2
20260625,2026-06-25,25,6,June,Jun,Q2,2026,2026-06,2026-Q2,26,Thursday,4,False,,False,2026,Q2
20260626,2026-06-26,26,6,June,Jun,Q2,2026,2026-06,2026-Q2,26,Friday,5,False,,False,2026,Q2
20260627,2026-06-27,27,6,June,Jun,Q2,2026,2026-06,2026-Q2,26,Saturday,6,True,,False,2026,Q2
20260628,2026-06-28,28,6,June,Jun,Q2,2026,2026-06,2026-Q2,26,Sunday,7,True,,False,2026,Q2
20260629,2026-06-29,29,6,June,Jun,Q2,2026,2026-06,2026-Q2,27,Monday,1,False,,False,2026,Q2
20260630,2026-06-30,30,6,June,Jun,Q2,2026,2026-06,2026-Q2,27,Tuesday,2,False,,False,2026,Q2
