PricingKey,DateKey,ProductKey,ListPrice,SellingPrice,CompetitorPrice
1,20250409,777,116.51,90.06,118.89
2,20260301,248,229.78,176.16,223.1
3,20250902,667,106.93,91.79,100.64
4,20241126,394,159.79,141.68,150.3
5,20240806,362,342.7,276.77,390.15
6,20230206,391,64.13,52.53,57.64
7,20230926,344,107.89,98.99,117.71
8,20250220,305,183.32,170.82,158.36
9,20260510,552,211.79,188.09,192.15
10,20240116,82,299.58,236.39,294.52
11,20230501,360,146.23,127.72,134.73
12,20250712,761,403.08,373.42,379.23
13,20230303,29,170.48,147.26,180.46
14,20231216,532,328.3,293.31,342.73
15,20260526,177,72.58,68.33,75.35
16,20251124,672,106.54,96.31,118.91
17,20241211,350,195.28,155.85,169.82
18,20241118,287,248.3,203.45,260.31
19,20230316,141,224.09,202.83,193.6
20,20260121,224,205.12,193.46,206.18
21,20250822,35,16.22,13.93,15.95
22,20241211,485,125.2,114.86,143.69
23,20240808,696,181.19,179.61,178.09
24,20230525,439,350.84,306.59,323.53
25,20250826,566,84.3,70.95,81.24
26,20250322,509,90.19,78.63,100.08
27,20240102,370,263.18,251.04,241.26
28,20260109,678,133.31,109.11,115.09
29,20250918,215,179.63,171.97,153.76
30,20250603,522,104.14,88.91,99.75
31,20230201,466,314.66,281.8,320.3
32,20241213,704,18.97,15.03,18.35
33,20230115,522,104.14,79.77,94.64
34,20240316,68,17.84,17.14,17.71
35,20230316,638,35.51,33.76,36.48
36,20240106,212,17.63,14.41,19.07
37,20231023,138,287.07,227.56,327.97
38,20240921,348,233.48,195.82,247.63
39,20251004,345,274.13,231.12,253.81
40,20250807,162,43.61,38.01,37.48
41,20240317,645,259.57,227.26,295.15
42,20250322,695,219.54,192.27,196.03
43,20260504,308,277.35,273.09,270.82
44,20250521,600,66.54,54.0,67.82
45,20251019,62,427.35,424.42,369.31
46,20260407,331,284.71,220.87,317.16
47,20260211,579,241.27,205.59,241.61
48,20230425,129,285.77,244.86,319.7
49,20250401,352,272.28,255.12,306.52
50,20250709,255,317.46,308.64,326.92
51,20250626,795,235.28,184.93,210.32
52,20260521,69,201.68,196.77,214.33
53,20241111,369,98.11,76.94,98.37
54,20231018,140,105.24,96.51,94.03
55,20250103,90,228.46,189.44,215.86
56,20240823,598,111.7,83.79,126.63
57,20260330,133,157.64,119.05,174.72
58,20230125,577,292.69,236.56,252.26
59,20240909,46,338.48,316.87,361.08
60,20230928,591,113.73,87.23,97.46
61,20251112,82,299.58,225.79,297.96
62,20260404,587,273.68,212.7,258.99
63,20250105,75,117.53,94.98,116.03
64,20230620,215,179.63,169.25,204.8
65,20231215,328,77.81,61.15,76.04
66,20251211,135,41.31,38.78,38.61
67,20231006,273,176.31,144.72,200.51
68,20240826,77,218.69,193.21,188.2
69,20260325,140,105.24,97.68,117.85
70,20230507,11,54.42,45.53,54.35
71,20251222,134,299.61,235.54,273.53
72,20251006,109,374.56,311.72,320.06
73,20230218,599,224.63,188.89,220.42
74,20230225,597,11.11,9.28,10.88
75,20260620,84,73.96,55.87,79.69
76,20240417,631,266.82,252.73,280.2
77,20241118,209,254.65,221.57,283.02
78,20250317,348,233.48,225.26,220.66
79,20231127,726,274.85,252.6,254.0
80,20250605,164,412.46,395.98,435.92
81,20240307,495,21.23,18.05,18.25
82,20260617,625,408.43,393.51,355.96
83,20250925,173,352.79,314.18,350.38
84,20241118,714,29.93,27.11,30.48
85,20231115,5,163.2,163.05,157.52
86,20240115,734,36.51,34.74,36.44
87,20240614,40,246.38,245.61,228.55
88,20240723,254,91.01,82.3,79.03
89,20250818,66,232.57,227.97,234.77
90,20231017,227,292.62,239.77,296.08
91,20230426,493,91.44,69.06,88.46
92,20250920,762,278.35,227.35,311.94
93,20240901,433,60.97,52.13,56.16
94,20230813,387,66.08,58.95,70.27
95,20230816,502,358.64,289.32,372.65
96,20230902,690,128.51,98.54,133.87
97,20250924,774,100.34,78.38,93.41
98,20260504,331,284.71,216.47,265.17
99,20240710,673,423.99,396.29,445.15
100,20240724,512,65.44,60.12,56.03
101,20250824,308,277.35,225.72,247.9
102,20250710,612,244.74,207.57,235.15
103,20250625,531,18.72,15.17,18.14
104,20240815,652,164.75,138.66,152.01
105,20240721,234,318.9,300.84,348.35
106,20230718,620,141.64,108.16,131.39
107,20240610,188,276.5,273.5,279.74
108,20260521,717,37.49,35.83,38.79
109,20250905,651,68.28,61.55,60.42
110,20251120,558,241.4,232.24,269.5
111,20230219,505,143.55,114.34,149.52
112,20251227,237,339.45,307.34,312.53
113,20240414,455,34.92,34.69,39.0
114,20250601,84,73.96,65.36,76.56
115,20250604,43,136.65,120.54,152.34
116,20230531,689,102.62,83.49,88.19
117,20250719,255,317.46,252.06,358.83
118,20230922,83,12.62,10.62,12.19
119,20260226,326,267.52,237.6,301.47
120,20240901,746,393.87,350.29,395.37
121,20231019,130,108.44,103.42,109.23
122,20260601,339,147.7,131.66,160.21
123,20230307,224,205.12,177.87,177.85
124,20250408,166,277.57,253.79,259.78
125,20251024,435,227.4,176.44,205.8
126,20251203,751,98.86,75.38,109.98
127,20240311,798,130.63,106.7,139.0
128,20260124,592,178.71,145.65,152.76
129,20240816,668,120.7,110.8,133.76
130,20240125,697,203.47,183.08,195.79
131,20230123,313,145.22,111.02,140.01
132,20231202,522,104.14,95.38,94.55
133,20260312,511,114.7,99.81,120.65
134,20230607,608,103.16,90.53,89.23
135,20251106,353,230.0,205.75,213.48
136,20241002,490,84.06,78.47,91.86
137,20250327,528,365.56,280.23,404.81
138,20250929,486,204.27,166.15,179.53
139,20230217,362,342.7,330.02,335.11
140,20240519,319,283.51,266.96,306.89
141,20260210,384,52.49,50.02,47.55
142,20250217,62,427.35,406.76,390.49
143,20230124,659,165.56,149.03,170.12
144,20250927,130,108.44,94.09,101.04
145,20230908,381,275.49,244.48,261.52
146,20260324,409,219.82,194.54,209.16
147,20260505,647,184.7,156.34,174.72
148,20250115,49,197.2,155.19,212.35
149,20260302,444,271.47,245.97,278.81
150,20250709,158,81.27,73.44,90.42
151,20230730,520,361.69,293.65,382.75
152,20240619,590,66.24,61.99,69.01
153,20250925,293,423.76,334.83,396.19
154,20231221,572,96.08,90.75,92.61
155,20260320,135,41.31,36.22,39.55
156,20240919,582,419.19,378.22,425.04
157,20240414,761,403.08,365.06,417.97
158,20260621,491,168.23,133.06,159.92
159,20250322,110,284.95,274.06,269.95
160,20231206,766,210.17,184.46,219.15
161,20250809,659,165.56,145.61,151.25
162,20240131,20,54.98,53.9,56.75
163,20231220,105,380.19,346.73,328.58
164,20240209,790,117.22,102.11,125.81
165,20260407,648,33.89,30.82,32.62
166,20240314,733,218.3,199.5,220.05
167,20230210,268,75.48,66.05,80.21
168,20250220,716,97.62,91.88,103.34
169,20240711,398,70.82,60.96,66.14
170,20251014,112,332.69,267.79,322.01
171,20251026,97,301.78,270.12,277.88
172,20230731,200,245.23,209.86,224.87
173,20240718,748,241.47,217.66,275.9
174,20230807,739,248.72,228.45,220.17
175,20260316,777,116.51,99.53,105.61
176,20250212,700,159.22,151.85,156.28
177,20240206,117,66.51,65.74,60.34
178,20260324,484,15.41,14.34,15.85
179,20230820,399,52.27,51.85,51.04
180,20230530,578,330.25,259.63,289.85
181,20230514,739,248.72,226.03,231.16
182,20251225,512,65.44,50.12,69.34
183,20240107,295,217.29,215.47,214.2
184,20240818,75,117.53,100.02,109.99
185,20240917,516,76.0,65.14,82.01
186,20251221,212,17.63,15.46,18.92
187,20240121,291,178.18,173.82,189.0
188,20230207,604,104.98,85.0,105.9
189,20240720,565,40.62,35.0,43.55
190,20250605,409,219.82,169.94,200.32
191,20230408,102,258.72,235.6,220.7
192,20240925,346,279.84,226.44,254.62
193,20240130,376,268.5,265.45,238.22
194,20241207,280,44.45,39.24,49.16
195,20250706,71,81.45,78.89,88.93
196,20240713,319,283.51,267.1,250.03
197,20240418,257,153.43,151.2,146.9
198,20240818,646,202.52,196.42,185.81
199,20250130,318,41.09,40.31,35.37
200,20241026,186,192.02,174.33,212.26
201,20251230,11,54.42,47.48,58.02
202,20241106,164,412.46,396.98,446.13
203,20250924,309,270.23,221.6,271.53
204,20251206,276,66.7,60.03,59.13
205,20230714,207,387.32,367.32,389.89
206,20230719,762,278.35,250.79,268.62
207,20230320,26,359.21,344.58,367.44
208,20241202,770,92.3,86.11,92.52
209,20250826,798,130.63,106.97,114.12
210,20230221,589,87.74,67.87,90.16
211,20250715,107,92.43,85.92,88.93
212,20250718,321,380.87,357.84,332.52
213,20230106,68,17.84,16.41,16.88
214,20240914,40,246.38,243.66,241.98
215,20240821,531,18.72,15.66,18.34
216,20250601,767,29.98,25.92,28.51
217,20251008,751,98.86,87.82,110.71
218,20230209,698,103.34,77.72,113.51
219,20241115,418,235.9,182.46,269.88
220,20241018,579,241.27,228.14,266.75
221,20250320,454,323.6,278.41,305.28
222,20251210,790,117.22,113.18,118.26
223,20231118,382,50.92,47.07,50.2
224,20241011,540,329.69,307.0,282.88
225,20230531,42,245.92,186.46,250.95
226,20231017,63,58.12,46.82,57.37
227,20240720,577,292.69,270.24,327.6
228,20260227,446,47.38,46.0,43.81
229,20231210,488,237.94,199.62,214.48
230,20240922,456,219.24,171.21,248.17
231,20260623,241,311.53,270.13,298.82
232,20231125,426,82.56,64.38,80.42
233,20260211,33,147.68,139.07,146.12
234,20231014,280,44.45,35.13,50.26
235,20240801,365,297.68,243.07,263.55
236,20230831,151,452.82,353.16,439.51
237,20230107,202,290.4,245.47,332.81
238,20240524,112,332.69,267.47,358.23
239,20230402,446,47.38,43.2,48.92
240,20230414,164,412.46,356.18,473.52
241,20231116,74,140.18,134.62,158.04
242,20240925,196,79.66,71.5,84.07
243,20240306,732,90.88,88.93,91.03
244,20231212,663,304.83,293.59,318.71
245,20260509,23,213.42,187.71,241.82
246,20240217,285,204.89,169.19,234.13
247,20250914,757,118.51,95.13,103.14
248,20260327,254,91.01,71.88,79.2
249,20231129,25,50.32,39.05,50.49
250,20230609,763,348.36,263.96,382.58
251,20250919,381,275.49,256.17,307.16
252,20250917,609,249.15,196.7,281.18
253,20240208,617,100.85,84.77,113.1
254,20231011,38,36.67,30.59,35.52
255,20250620,420,122.78,117.61,108.49
256,20241105,51,80.4,76.72,81.27
257,20241021,723,392.9,318.62,415.18
258,20250119,522,104.14,80.01,89.5
259,20230804,190,46.04,36.93,47.13
260,20230330,85,52.93,46.61,53.39
261,20250110,696,181.19,173.0,187.19
262,20230224,725,378.22,357.48,418.68
263,20231008,442,36.82,35.78,36.57
264,20230708,742,222.66,198.33,201.2
265,20250927,216,336.54,301.08,363.78
266,20230915,382,50.92,48.73,53.54
267,20240801,119,333.87,312.64,315.23
268,20241020,7,169.43,134.24,150.07
269,20230524,399,52.27,41.97,51.99
270,20240303,2,108.79,106.16,93.14
271,20260616,420,122.78,119.15,114.76
272,20240102,656,264.51,234.0,273.56
273,20240411,773,48.89,41.89,52.37
274,20240709,697,203.47,186.67,177.09
275,20241007,696,181.19,155.51,167.73
276,20241108,767,29.98,28.39,30.38
277,20240115,144,249.79,216.46,227.63
278,20251028,421,82.54,79.17,86.62
279,20240812,5,163.2,135.64,170.0
280,20240206,183,26.08,21.29,22.75
281,20240513,770,92.3,88.22,105.02
282,20240613,272,66.09,63.0,58.8
283,20240528,599,224.63,191.58,256.31
284,20250116,230,55.79,42.48,61.91
285,20250922,54,133.2,132.86,117.39
286,20240519,366,384.91,303.03,420.15
287,20230623,503,318.02,267.72,288.17
288,20240109,360,146.23,142.92,162.75
289,20230628,463,203.4,190.05,222.75
290,20230330,347,58.66,56.78,54.79
291,20230712,488,237.94,178.49,229.86
292,20230813,108,24.49,19.92,23.12
293,20240408,746,393.87,322.48,371.4
294,20250329,659,165.56,139.37,151.25
295,20260419,491,168.23,139.3,177.3
296,20230908,786,127.42,109.11,116.71
297,20230307,307,130.54,100.45,137.08
298,20230518,144,249.79,221.09,229.93
299,20230403,545,24.51,19.93,25.98
300,20241108,92,242.67,200.27,206.92
301,20241116,66,232.57,204.74,208.09
302,20230320,317,251.02,203.38,276.77
303,20260419,557,165.04,132.64,169.46
304,20240727,440,113.85,91.2,127.6
305,20250609,499,261.75,213.79,234.78
306,20240720,759,228.08,184.02,250.2
307,20250629,527,81.74,81.57,89.01
308,20260202,575,196.28,157.61,185.29
309,20240216,366,384.91,348.96,390.27
310,20251004,39,85.06,74.9,86.89
311,20240327,141,224.09,189.7,231.1
312,20230316,406,176.64,157.83,180.04
313,20241118,266,259.97,244.43,253.36
314,20240506,364,58.02,43.97,63.78
315,20241204,538,86.46,82.94,93.12
316,20240528,59,71.61,59.11,66.56
317,20230424,575,196.28,173.6,210.79
318,20260408,248,229.78,177.03,232.7
319,20250920,677,101.31,93.47,108.46
320,20240505,762,278.35,231.5,248.82
321,20260111,490,84.06,78.7,86.01
322,20240602,579,241.27,208.15,267.11
323,20250618,476,235.18,209.5,238.41
324,20231116,728,23.99,22.58,20.7
325,20240521,433,60.97,52.2,54.02
326,20250915,666,221.55,221.12,191.1
327,20240914,500,394.62,328.04,423.12
328,20230506,768,253.35,215.27,245.47
329,20240522,222,199.12,168.38,215.53
330,20241230,537,125.74,116.19,134.86
331,20260105,257,153.43,129.32,169.91
332,20260509,21,279.33,224.47,258.81
333,20250522,187,256.66,250.32,256.66
334,20240829,439,350.84,290.19,357.87
335,20250501,256,108.27,98.11,120.54
336,20230819,521,260.98,227.45,243.8
337,20251119,59,71.61,65.11,62.11
338,20260607,43,136.65,125.17,134.39
339,20250104,751,98.86,90.82,84.09
340,20230427,632,291.15,232.53,268.25
341,20240510,274,185.35,139.49,187.72
342,20250504,565,40.62,34.0,43.94
343,20240126,791,228.37,216.08,209.57
344,20240313,402,21.66,20.24,23.35
345,20230108,313,145.22,126.49,133.11
346,20240503,89,83.91,76.24,91.61
347,20260216,193,171.68,138.24,185.7
348,20250205,361,218.41,198.43,210.98
349,20260418,235,351.8,349.06,358.01
350,20231118,594,93.21,90.29,82.94
351,20230801,191,330.51,298.55,281.37
352,20231223,628,117.7,98.07,113.91
353,20240311,720,410.49,337.74,397.42
354,20241227,277,308.04,237.64,348.32
355,20260326,546,65.36,52.15,65.89
356,20250826,72,119.72,118.01,107.17
357,20250425,205,82.38,69.0,78.94
358,20241028,614,10.84,8.46,11.79
359,20230303,620,141.64,126.52,135.54
360,20241025,732,90.88,78.03,82.26
361,20250911,239,177.69,157.14,172.89
362,20240927,251,350.95,281.26,383.72
363,20230902,791,228.37,221.68,253.46
364,20240215,555,113.22,109.37,97.13
365,20240801,633,57.66,51.19,59.32
366,20251109,500,394.62,309.77,415.08
367,20250821,38,36.67,34.23,41.14
368,20230808,448,28.11,25.95,25.47
369,20230709,159,138.34,133.95,142.49
370,20260216,376,268.5,239.96,265.69
371,20251003,190,46.04,40.4,52.78
372,20240515,593,348.5,313.68,369.39
373,20250722,200,245.23,243.98,249.99
374,20240708,737,232.1,203.38,229.51
375,20241001,795,235.28,183.93,206.98
376,20251026,606,54.24,50.49,52.79
377,20240614,439,350.84,273.06,337.66
378,20250717,431,27.19,24.75,30.56
379,20250225,628,117.7,95.49,131.9
380,20230509,266,259.97,234.76,224.85
381,20240310,79,253.18,224.97,250.43
382,20241018,417,243.35,217.12,246.05
383,20260515,708,140.71,132.84,122.4
384,20231207,135,41.31,36.78,37.87
385,20260324,654,223.67,210.09,202.0
386,20260112,329,269.12,220.84,308.22
387,20230717,527,81.74,66.66,71.29
388,20230409,126,119.25,98.01,101.91
389,20230204,532,328.3,262.0,287.52
390,20250430,18,49.16,46.96,46.26
391,20241107,484,15.41,12.99,14.7
392,20240818,422,51.31,42.51,46.8
393,20250131,545,24.51,23.74,26.49
394,20230120,234,318.9,296.66,300.65
395,20260519,800,138.76,117.22,139.13
396,20250716,447,59.76,48.56,56.22
397,20251112,488,237.94,203.29,234.71
398,20230910,290,323.07,304.49,361.15
399,20230323,219,21.56,17.81,22.51
400,20230114,401,188.97,186.86,202.93
401,20231129,94,11.79,9.01,10.95
402,20240312,612,244.74,238.78,228.11
403,20260619,526,17.69,17.67,16.78
404,20240305,442,36.82,30.4,41.59
405,20230312,781,50.54,39.41,43.91
406,20250920,618,117.82,90.5,119.51
407,20230419,619,96.72,90.09,91.68
408,20240819,81,274.94,261.27,282.64
409,20230621,484,15.41,13.3,16.72
410,20260615,22,105.46,87.18,115.18
411,20251102,275,34.97,27.3,39.97
412,20250616,93,61.41,58.31,55.24
413,20250101,622,97.19,80.27,101.92
414,20260627,281,253.48,242.12,283.34
415,20250801,155,168.01,160.52,162.92
416,20230522,117,66.51,58.06,76.37
417,20241217,381,275.49,221.55,258.79
418,20250630,105,380.19,327.29,386.88
419,20230314,459,41.78,40.04,36.23
420,20230111,141,224.09,185.79,228.52
421,20230410,670,228.6,171.68,249.57
422,20251101,189,205.54,199.99,195.13
423,20240529,151,452.82,374.13,503.28
424,20250606,158,81.27,63.56,77.67
425,20241230,48,76.9,60.81,70.36
426,20240807,336,366.26,339.82,362.55
427,20250720,340,256.97,206.9,269.45
428,20230523,90,228.46,204.12,227.64
429,20260126,328,77.81,67.29,72.66
430,20241114,306,267.41,252.01,254.73
431,20241227,470,186.23,182.19,184.04
432,20230412,652,164.75,149.68,151.26
433,20250814,76,227.03,187.76,218.81
434,20230925,469,161.37,149.43,177.79
435,20240508,53,274.33,211.59,292.67
436,20240622,157,17.11,16.34,17.35
437,20230107,18,49.16,44.37,53.31
438,20230327,23,213.42,181.34,182.95
439,20230320,98,316.05,272.23,277.1
440,20240725,375,46.16,35.84,42.56
441,20250108,584,303.45,297.13,277.49
442,20240404,73,219.47,218.32,235.89
443,20230528,323,221.18,188.19,236.45
444,20240803,310,71.17,62.0,79.19
445,20230907,601,17.49,16.91,16.28
446,20240817,177,72.58,56.34,64.0
447,20240112,207,387.32,323.57,399.32
448,20231101,773,48.89,37.75,52.04
449,20250309,169,80.84,77.49,80.66
450,20241201,482,74.27,58.54,67.7
451,20230424,700,159.22,150.94,164.33
452,20240217,134,299.61,274.76,284.98
453,20260220,161,202.52,177.3,203.08
454,20240815,505,143.55,109.21,141.54
455,20260202,139,382.89,341.43,421.31
456,20230908,34,218.67,211.48,189.25
457,20250507,629,217.61,215.46,199.36
458,20260407,578,330.25,290.44,347.06
459,20230418,393,22.43,22.23,22.61
460,20230908,119,333.87,284.29,378.61
461,20250406,67,220.55,203.87,215.49
462,20260623,305,183.32,168.71,168.85
463,20250118,267,142.28,123.19,138.39
464,20250910,288,29.26,28.4,33.44
465,20240219,481,267.97,248.16,261.04
466,20231024,448,28.11,26.09,24.76
467,20241124,756,394.25,375.3,420.96
468,20250909,677,101.31,88.81,91.61
469,20230623,702,260.54,197.16,299.51
470,20230625,729,357.03,353.55,390.56
471,20250726,712,117.99,95.52,114.52
472,20240325,209,254.65,250.49,241.48
473,20230226,511,114.7,86.89,117.81
474,20250612,303,105.17,90.89,99.29
475,20240718,208,194.43,187.94,209.33
476,20241125,512,65.44,62.57,70.23
477,20250930,741,212.39,169.61,203.4
478,20240920,640,151.16,124.07,155.12
479,20250215,83,12.62,10.79,11.59
480,20240210,709,35.68,31.62,35.74
481,20230823,742,222.66,186.57,200.82
482,20250501,345,274.13,242.4,284.54
483,20241204,694,65.85,63.3,57.03
484,20260322,503,318.02,302.59,287.36
485,20260129,396,167.37,138.78,191.25
486,20241018,53,274.33,221.45,251.78
487,20260322,260,283.2,221.4,264.08
488,20240114,742,222.66,200.83,231.8
489,20230807,598,111.7,110.92,127.48
490,20251207,509,90.19,74.57,85.02
491,20240329,686,193.71,178.42,201.38
492,20241214,275,34.97,27.76,34.86
493,20240920,256,108.27,97.78,114.12
494,20260325,31,281.2,265.0,300.95
495,20250923,657,207.96,170.15,185.97
496,20241006,565,40.62,35.41,41.77
497,20230319,603,228.34,171.41,237.44
498,20251110,740,239.3,190.98,268.2
499,20240615,142,258.94,236.63,254.06
500,20231017,313,145.22,119.65,124.76
501,20230226,330,288.16,268.52,316.57
502,20240812,590,66.24,55.31,58.51
503,20240530,370,263.18,237.22,297.29
504,20230915,91,191.54,190.46,191.16
505,20230604,625,408.43,366.31,365.32
506,20250507,417,243.35,186.52,229.52
507,20240922,527,81.74,77.48,77.86
508,20230208,698,103.34,102.48,88.58
509,20240403,505,143.55,107.86,128.68
510,20231220,8,211.32,175.17,224.74
511,20251005,751,98.86,96.4,94.03
512,20260326,288,29.26,25.15,26.73
513,20240722,615,107.87,84.12,123.48
514,20260223,180,25.06,24.89,26.78
515,20230207,108,24.49,20.13,23.66
516,20230705,761,403.08,384.21,375.52
517,20250819,238,232.61,189.21,219.95
518,20260127,443,376.23,336.36,410.33
519,20230726,343,17.55,14.91,15.18
520,20230516,638,35.51,31.48,37.08
521,20251205,557,165.04,152.05,179.91
522,20231130,516,76.0,62.09,83.87
523,20260318,329,269.12,221.21,300.86
524,20250930,483,167.82,165.85,148.08
525,20230902,656,264.51,215.26,252.21
526,20230713,477,253.44,215.35,263.26
527,20240918,284,15.97,13.14,15.67
528,20230108,442,36.82,32.33,39.03
529,20260613,175,303.57,244.01,329.5
530,20241128,624,21.67,16.99,22.69
531,20230916,485,125.2,116.35,116.43
532,20250626,30,325.32,267.99,361.92
533,20251109,334,266.65,232.64,237.95
534,20250608,299,12.05,9.19,13.42
535,20240703,269,15.66,13.47,15.09
536,20250215,800,138.76,115.83,120.35
537,20250408,307,130.54,102.45,145.38
538,20251011,401,188.97,160.2,171.64
539,20260215,780,78.04,61.69,66.76
540,20230430,123,122.98,96.1,123.26
541,20251108,314,241.0,198.82,267.11
542,20250620,241,311.53,272.67,351.01
543,20230530,421,82.54,67.42,90.56
544,20230302,375,46.16,38.76,50.56
545,20251006,547,393.46,369.37,449.92
546,20240303,453,159.04,124.32,143.72
547,20250808,137,17.94,17.2,15.42
548,20251217,365,297.68,244.83,332.0
549,20251016,474,285.61,217.95,256.11
550,20260102,257,153.43,151.59,130.6
551,20250313,487,35.77,30.58,36.91
552,20250107,330,288.16,254.87,285.29
553,20260319,151,452.82,433.73,389.53
554,20230813,548,210.49,183.06,224.12
555,20250109,593,348.5,293.06,306.04
556,20230404,128,41.76,41.72,44.38
557,20250625,768,253.35,242.07,286.45
558,20230525,478,272.96,208.84,255.36
559,20260606,767,29.98,28.91,27.36
560,20230811,543,164.16,161.89,187.48
561,20241118,606,54.24,41.16,59.52
562,20230831,271,181.82,153.25,171.87
563,20250808,66,232.57,226.45,248.36
564,20230528,381,275.49,274.77,314.63
565,20240216,7,169.43,167.74,165.25
566,20250206,721,249.16,213.44,276.5
567,20230930,445,236.18,235.48,246.17
568,20250606,449,22.61,17.99,24.66
569,20240130,577,292.69,274.28,312.13
570,20240706,43,136.65,124.72,134.82
571,20230219,675,310.72,272.95,342.21
572,20230306,507,266.28,232.39,259.7
573,20250430,360,146.23,140.48,134.78
574,20250504,673,423.99,332.24,387.54
575,20240203,190,46.04,34.88,47.25
576,20260630,773,48.89,43.01,48.19
577,20241115,552,211.79,163.22,228.5
578,20230504,756,394.25,373.85,356.19
579,20240823,384,52.49,52.26,53.39
580,20260116,624,21.67,18.69,19.6
581,20240305,7,169.43,166.48,193.04
582,20251019,107,92.43,85.53,104.36
583,20240331,90,228.46,187.74,214.47
584,20241017,349,300.82,273.3,293.26
585,20260115,186,192.02,188.98,180.34
586,20230503,412,57.85,47.62,62.54
587,20230818,20,54.98,48.13,52.67
588,20250830,581,46.45,43.31,43.65
589,20250909,768,253.35,210.42,226.95
590,20260629,150,107.86,85.1,121.41
591,20231027,504,24.53,22.32,26.13
592,20240126,234,318.9,262.1,361.18
593,20250326,449,22.61,20.31,22.15
594,20231030,486,204.27,164.76,182.5
595,20241214,700,159.22,126.45,135.79
596,20230519,129,285.77,243.72,266.37
597,20240628,9,228.25,216.58,194.86
598,20240507,169,80.84,78.54,83.61
599,20251031,480,425.68,366.57,390.23
600,20240114,632,291.15,286.89,277.88
601,20260111,294,364.34,279.38,416.84
602,20231030,631,266.82,204.59,243.09
603,20240917,319,283.51,260.38,275.13
604,20260308,169,80.84,76.45,79.18
605,20230827,144,249.79,224.74,218.18
606,20230614,375,46.16,36.73,52.67
607,20241118,52,21.14,17.97,22.13
608,20250726,58,31.75,24.07,35.48
609,20250526,239,177.69,174.61,185.21
610,20241225,673,423.99,365.75,362.48
611,20240116,579,241.27,195.96,277.22
612,20251215,317,251.02,227.22,283.06
613,20240930,398,70.82,64.7,66.5
614,20250924,635,53.49,51.27,46.55
615,20250615,785,272.2,238.96,245.5
616,20230304,760,321.52,319.21,363.14
617,20250412,383,55.74,47.41,59.62
618,20260601,326,267.52,208.67,238.47
619,20250606,334,266.65,212.59,300.88
620,20250329,390,259.85,214.86,229.74
621,20260226,232,283.79,239.2,279.49
622,20251220,11,54.42,51.17,59.85
623,20250608,103,169.4,131.06,154.23
624,20231015,150,107.86,103.08,108.92
625,20250818,759,228.08,192.39,231.61
626,20250115,245,129.45,106.81,117.04
627,20260326,628,117.7,115.02,108.47
628,20230406,321,380.87,370.64,370.66
629,20241202,707,225.72,204.99,228.57
630,20250806,649,267.48,243.08,284.86
631,20250912,718,216.02,194.74,202.81
632,20250324,519,54.14,45.82,56.31
633,20240511,739,248.72,230.07,278.97
634,20250731,508,358.96,288.13,403.73
635,20240116,778,248.68,246.52,227.64
636,20230701,254,91.01,88.45,98.6
637,20251101,788,168.35,164.53,143.54
638,20230904,789,412.97,337.02,455.03
639,20251230,389,13.99,11.23,12.72
640,20230612,370,263.18,203.33,226.38
641,20250705,677,101.31,100.97,93.39
642,20240315,299,12.05,12.0,11.43
643,20230713,20,54.98,54.17,59.14
644,20231021,543,164.16,123.49,186.28
645,20250224,618,117.82,115.35,115.72
646,20240519,719,73.37,65.84,74.21
647,20240830,294,364.34,319.21,310.59
648,20260213,798,130.63,126.45,142.2
649,20230507,717,37.49,31.82,34.57
650,20230906,446,47.38,43.09,45.97
651,20250618,534,111.77,84.88,114.85
652,20260209,380,239.62,194.21,252.77
653,20240615,381,275.49,228.0,309.99
654,20240406,559,55.12,46.43,62.74
655,20230405,617,100.85,92.42,105.45
656,20250918,488,237.94,185.36,202.62
657,20250616,457,60.47,60.13,67.41
658,20250907,382,50.92,38.66,50.44
659,20251022,238,232.61,230.16,241.21
660,20241215,77,218.69,171.35,199.16
661,20240507,274,185.35,163.04,194.75
662,20251108,480,425.68,398.95,438.87
663,20240423,396,167.37,153.85,165.13
664,20250916,591,113.73,102.66,98.72
665,20240917,577,292.69,221.33,270.23
666,20231121,647,184.7,177.02,211.69
667,20260531,573,146.12,132.92,167.6
668,20240101,445,236.18,215.48,254.93
669,20251023,280,44.45,34.18,49.51
670,20260325,529,73.96,73.33,83.57
671,20231211,438,40.99,31.69,44.5
672,20250404,784,112.95,95.27,96.43
673,20251017,531,18.72,14.31,20.44
674,20260622,394,159.79,136.6,161.17
675,20230606,715,170.39,163.1,192.93
676,20251021,245,129.45,106.98,125.52
677,20250919,387,66.08,64.0,61.62
678,20250928,569,318.86,243.98,317.1
679,20230626,520,361.69,271.68,352.21
680,20240804,385,85.79,82.41,75.47
681,20241009,503,318.02,280.57,359.16
682,20230425,169,80.84,66.76,79.16
683,20250911,142,258.94,246.66,273.19
684,20260531,189,205.54,204.77,205.09
685,20240413,376,268.5,223.84,246.2
686,20241114,737,232.1,189.66,222.12
687,20260621,135,41.31,32.13,35.99
688,20240112,303,105.17,86.38,115.05
689,20241011,572,96.08,77.56,95.27
690,20230522,414,196.54,164.72,208.23
691,20231014,199,127.18,122.01,119.22
692,20250508,320,204.9,169.14,193.83
693,20250826,699,65.91,60.41,61.45
694,20231009,751,98.86,85.81,94.95
695,20230920,222,199.12,194.01,223.46
696,20241213,455,34.92,31.76,32.26
697,20240430,752,83.54,79.38,92.57
698,20250206,324,210.25,191.96,201.34
699,20241014,421,82.54,71.49,94.29
700,20260205,569,318.86,248.24,292.11
701,20240819,264,10.22,7.68,11.3
702,20231121,447,59.76,53.56,55.24
703,20241028,484,15.41,11.97,14.99
704,20250706,509,90.19,77.47,86.78
705,20251002,402,21.66,16.47,21.62
706,20240705,111,310.59,267.44,316.26
707,20250117,348,233.48,207.01,264.17
708,20240115,238,232.61,183.52,202.49
709,20250831,169,80.84,80.48,83.72
710,20250921,107,92.43,85.32,80.7
711,20241207,513,255.23,223.89,246.9
712,20250207,776,93.65,74.22,97.93
713,20240321,56,266.02,220.59,292.22
714,20250511,478,272.96,239.59,258.72
715,20250430,131,24.54,18.92,26.94
716,20240721,741,212.39,196.1,233.9
717,20241215,484,15.41,14.62,16.91
718,20231030,115,258.32,203.15,230.95
719,20230730,593,348.5,272.97,303.63
720,20230702,169,80.84,71.41,70.12
721,20250221,289,53.05,39.96,50.76
722,20250319,699,65.91,60.99,72.72
723,20260526,631,266.82,223.06,277.58
724,20230411,204,137.31,120.67,127.53
725,20231017,713,325.0,276.17,323.24
726,20251002,83,12.62,11.59,11.0
727,20230823,707,225.72,225.71,248.17
728,20250303,719,73.37,73.22,78.99
729,20251006,146,188.03,177.98,169.51
730,20251004,52,21.14,17.29,23.66
731,20241202,391,64.13,55.57,65.04
732,20240418,45,269.74,212.33,242.17
733,20260212,366,384.91,384.82,394.7
734,20230813,578,330.25,273.22,353.24
735,20260321,79,253.18,237.66,220.69
736,20240210,680,272.43,242.63,271.29
737,20250823,691,160.49,152.65,163.07
738,20231103,123,122.98,95.68,128.23
739,20230721,604,104.98,92.76,96.83
740,20231108,84,73.96,73.34,69.57
741,20241105,33,147.68,124.5,140.79
742,20241024,560,40.22,34.61,34.29
743,20240919,791,228.37,194.13,229.91
744,20230616,760,321.52,277.4,362.9
745,20240423,395,380.39,373.67,407.18
746,20251226,299,12.05,11.57,12.4
747,20250402,9,228.25,184.66,207.0
748,20240217,442,36.82,28.35,33.72
749,20250721,25,50.32,43.58,46.33
750,20231020,84,73.96,69.01,66.51
751,20240513,36,214.64,192.05,198.83
752,20260320,440,113.85,103.5,97.06
753,20250317,417,243.35,183.46,246.34
754,20250803,746,393.87,356.15,426.67
755,20260504,196,79.66,63.1,75.89
756,20231020,377,227.02,184.79,256.67
757,20241020,107,92.43,75.36,106.02
758,20250617,581,46.45,44.21,45.26
759,20250203,12,262.97,242.63,245.85
760,20240218,15,179.98,179.65,189.7
761,20240923,366,384.91,315.75,422.99
762,20240411,330,288.16,269.5,251.99
763,20231107,750,22.62,18.41,22.06
764,20250805,231,190.39,165.29,169.8
765,20230905,319,283.51,282.52,264.04
766,20241106,610,31.94,26.03,28.28
767,20250912,174,208.41,159.19,205.0
768,20240926,411,64.81,57.6,59.35
769,20250824,201,178.89,145.47,172.23
770,20240823,520,361.69,303.99,386.11
771,20230508,463,203.4,181.09,225.39
772,20240322,27,110.98,84.45,117.94
773,20250406,771,87.72,72.44,79.5
774,20241108,609,249.15,239.68,242.54
775,20231128,583,182.74,147.73,173.34
776,20240429,526,17.69,13.84,19.88
777,20230607,293,423.76,352.2,399.55
778,20250511,710,52.14,48.72,54.92
779,20231204,34,218.67,211.38,237.79
780,20230318,262,237.84,223.92,214.55
781,20231118,672,106.54,105.36,91.92
782,20250529,532,328.3,268.8,320.52
783,20240903,406,176.64,144.96,152.7
784,20230803,199,127.18,102.88,113.17
785,20241103,396,167.37,145.2,187.88
786,20260403,582,419.19,406.02,358.44
787,20241015,426,82.56,67.35,70.5
788,20251121,99,363.81,347.33,337.47
789,20260311,621,238.21,196.2,271.33
790,20250414,15,179.98,159.25,181.84
791,20250507,168,139.86,137.46,154.37
792,20250109,373,240.17,189.27,214.34
793,20231022,771,87.72,80.5,86.11
794,20230717,379,306.26,262.81,263.63
795,20250423,224,205.12,167.72,180.97
796,20250817,528,365.56,304.44,409.21
797,20240107,334,266.65,234.66,299.99
798,20240514,354,235.99,208.34,207.07
799,20260109,672,106.54,88.79,103.57
800,20230108,350,195.28,189.17,198.3
801,20250523,625,408.43,368.85,469.1
802,20260228,317,251.02,239.13,235.35
803,20251005,361,218.41,175.24,232.78
804,20230420,297,203.31,152.68,219.51
805,20251024,219,21.56,20.1,23.68
806,20230923,405,234.96,207.13,238.57
807,20231014,701,100.15,88.23,88.4
808,20230225,144,249.79,247.28,266.04
809,20241107,517,325.99,323.92,308.28
810,20241107,778,248.68,199.08,214.74
811,20230730,640,151.16,147.68,135.67
812,20251130,40,246.38,225.04,214.68
813,20240310,697,203.47,196.35,204.48
814,20250516,779,134.97,108.89,122.41
815,20231107,524,130.88,109.66,116.08
816,20240216,654,223.67,191.96,236.93
817,20241114,357,34.05,28.34,32.52
818,20230825,740,239.3,185.51,253.43
819,20250402,756,394.25,341.55,348.33
820,20231031,364,58.02,45.46,58.63
821,20241120,10,52.67,42.82,57.14
822,20251019,226,250.65,199.54,220.2
823,20241128,258,30.13,24.33,27.48
824,20240826,391,64.13,62.99,60.54
825,20240912,166,277.57,254.98,277.57
826,20230304,234,318.9,284.97,327.48
827,20260316,602,85.13,82.45,81.56
828,20240515,183,26.08,22.96,24.86
829,20230927,226,250.65,228.54,263.28
830,20230911,131,24.54,24.26,23.23
831,20240228,505,143.55,141.46,140.79
832,20240927,277,308.04,236.59,311.55
833,20241126,490,84.06,75.61,77.87
834,20230427,104,158.51,121.58,137.92
835,20250310,602,85.13,66.89,92.39
836,20230508,799,172.35,129.71,184.32
837,20230315,700,159.22,145.8,146.93
838,20240107,701,100.15,86.6,87.77
839,20230202,424,164.94,164.45,184.65
840,20231122,516,76.0,69.42,80.67
841,20240415,660,11.42,10.87,13.09
842,20231116,483,167.82,142.29,188.06
843,20250121,738,223.85,222.68,252.17
844,20260520,31,281.2,270.78,280.09
845,20260202,166,277.57,276.47,243.2
846,20230806,141,224.09,174.91,252.74
847,20260121,374,330.48,261.35,368.94
848,20230328,277,308.04,281.97,318.13
849,20251008,694,65.85,60.12,61.18
850,20260508,702,260.54,223.31,231.51
851,20250620,391,64.13,50.24,60.79
852,20230828,434,136.54,124.42,121.21
853,20231116,53,274.33,235.97,250.61
854,20231003,728,23.99,22.05,22.17
855,20260217,368,122.52,98.98,110.08
856,20230422,470,186.23,145.25,199.37
857,20260427,50,253.67,217.81,230.46
858,20230412,359,156.76,121.95,150.74
859,20231114,699,65.91,62.09,69.45
860,20240322,640,151.16,125.6,131.77
861,20241121,664,29.07,24.35,25.52
862,20240312,436,313.39,280.66,284.07
863,20240219,459,41.78,39.23,38.12
864,20250809,783,254.01,212.59,269.92
865,20250628,69,201.68,188.08,216.67
866,20241211,614,10.84,10.29,9.65
867,20230605,20,54.98,50.88,62.06
868,20250809,196,79.66,66.47,78.58
869,20231215,227,292.62,269.44,266.76
870,20260201,178,241.37,181.73,208.09
871,20241002,795,235.28,228.35,261.29
872,20260323,182,161.43,155.66,184.73
873,20250829,456,219.24,180.23,249.44
874,20260513,304,72.0,66.62,70.48
875,20250803,378,260.57,207.76,226.47
876,20250128,162,43.61,35.81,47.54
877,20260215,129,285.77,218.49,272.49
878,20251018,117,66.51,62.29,70.08
879,20230604,413,98.94,95.76,94.63
880,20230629,582,419.19,379.84,480.21
881,20260407,500,394.62,389.57,398.76
882,20260224,512,65.44,56.11,70.77
883,20240606,129,285.77,270.01,275.54
884,20250615,517,325.99,301.29,350.26
885,20251001,341,53.82,47.51,48.84
886,20260511,553,68.99,66.83,69.82
887,20260111,197,150.97,132.88,146.61
888,20230520,377,227.02,202.41,206.03
889,20260509,546,65.36,57.1,65.13
890,20230312,247,116.11,92.8,123.56
891,20260615,507,266.28,207.12,289.85
892,20230131,742,222.66,200.42,215.98
893,20230129,724,208.64,158.31,215.39
894,20240219,712,117.99,98.13,110.44
895,20240722,503,318.02,262.3,345.8
896,20230424,117,66.51,64.4,66.49
897,20230504,168,139.86,130.9,152.43
898,20250909,49,197.2,192.97,222.02
899,20240309,706,136.94,129.75,126.18
900,20230322,418,235.9,181.36,259.68
901,20231016,368,122.52,97.48,137.59
902,20230318,325,223.83,199.55,195.9
903,20230613,749,202.73,152.66,220.88
904,20241116,545,24.51,22.7,21.58
905,20250223,770,92.3,85.41,94.06
906,20260130,663,304.83,238.48,288.64
907,20240618,413,98.94,91.67,91.28
908,20230716,438,40.99,36.1,38.48
909,20240218,418,235.9,215.91,240.4
910,20251012,506,49.38,45.65,52.87
911,20240114,8,211.32,176.51,232.44
912,20230108,439,350.84,302.61,309.8
913,20240713,614,10.84,9.96,12.02
914,20250210,633,57.66,50.66,50.05
915,20241031,776,93.65,89.65,80.71
916,20250104,67,220.55,219.65,242.02
917,20250619,620,141.64,131.31,160.95
918,20260415,611,119.6,97.3,136.65
919,20250228,262,237.84,206.54,239.01
920,20240602,313,145.22,144.91,157.35
921,20260614,206,36.22,31.35,40.13
922,20250721,704,18.97,15.69,16.83
923,20231008,702,260.54,252.47,265.34
924,20250329,270,147.92,117.22,158.3
925,20230126,432,269.02,226.76,252.15
926,20260605,710,52.14,49.05,57.58
927,20250305,569,318.86,309.86,280.45
928,20240517,238,232.61,197.25,212.64
929,20240904,667,106.93,101.52,121.96
930,20230521,732,90.88,79.37,87.94
931,20230409,289,53.05,43.1,60.17
932,20260124,331,284.71,252.17,280.03
933,20230530,765,31.01,26.56,33.11
934,20260624,715,170.39,159.51,175.53
935,20230209,276,66.7,50.03,71.65
936,20240423,557,165.04,140.51,166.04
937,20230309,487,35.77,31.42,32.92
938,20250113,342,102.47,99.92,116.12
939,20230401,647,184.7,143.41,211.25
940,20250814,647,184.7,143.73,164.7
941,20250512,729,357.03,282.31,348.0
942,20230221,255,317.46,308.35,285.96
943,20250105,10,52.67,48.33,53.94
944,20230624,158,81.27,61.71,69.61
945,20230821,769,93.19,92.05,101.05
946,20230126,637,73.36,55.29,76.25
947,20250923,15,179.98,157.59,182.39
948,20251124,652,164.75,156.57,173.45
949,20260621,508,358.96,272.01,377.16
950,20240204,664,29.07,22.88,31.26
951,20251122,379,306.26,265.5,284.38
952,20250111,597,11.11,10.92,12.21
953,20250904,209,254.65,221.69,270.39
954,20230424,33,147.68,141.62,160.26
955,20240418,228,211.07,166.03,211.55
956,20251220,292,324.11,302.46,360.1
957,20230607,2,108.79,102.2,122.19
958,20260411,116,34.36,26.26,38.05
959,20250516,84,73.96,65.43,73.01
960,20241219,19,252.36,195.4,272.02
961,20240319,620,141.64,118.3,124.47
962,20241208,417,243.35,184.94,241.43
963,20250721,345,274.13,243.55,246.32
964,20240930,121,298.82,294.17,316.52
965,20240111,756,394.25,392.4,364.64
966,20230811,635,53.49,51.06,47.74
967,20230118,493,91.44,74.89,104.27
968,20250724,84,73.96,73.5,74.36
969,20250710,768,253.35,232.5,282.19
970,20251108,69,201.68,181.65,205.22
971,20250218,47,225.94,182.05,221.82
972,20231025,477,253.44,191.05,272.98
973,20241120,223,289.35,266.33,292.1
974,20230122,189,205.54,195.54,211.11
975,20231001,342,102.47,88.05,100.28
976,20260403,567,223.92,198.84,195.62
977,20231011,340,256.97,240.06,244.95
978,20240529,783,254.01,195.04,221.9
979,20251221,530,239.02,186.69,265.89
980,20230917,52,21.14,19.75,21.5
981,20231202,673,423.99,421.67,471.72
982,20250311,251,350.95,271.87,358.51
983,20240310,726,274.85,255.63,279.4
984,20231019,711,89.35,71.47,88.65
985,20240108,161,202.52,195.79,223.06
986,20231212,236,380.33,379.87,379.98
987,20250906,328,77.81,65.2,89.25
988,20240225,391,64.13,56.09,58.19
989,20230519,488,237.94,202.69,255.3
990,20240607,305,183.32,144.07,192.39
991,20241022,8,211.32,159.59,207.9
992,20241007,712,117.99,99.15,126.08
993,20260507,627,323.38,296.27,320.38
994,20260617,580,282.51,260.66,254.59
995,20240309,85,52.93,48.26,56.33
996,20251120,73,219.47,183.57,212.35
997,20240513,220,267.45,207.82,261.7
998,20260626,89,83.91,80.53,82.25
999,20240202,637,73.36,57.0,72.95
1000,20230901,628,117.7,117.31,128.23
1001,20231211,707,225.72,211.5,239.59
1002,20241002,102,258.72,219.17,275.59
1003,20260423,521,260.98,199.27,249.9
1004,20250608,122,193.32,187.14,215.92
1005,20240109,646,202.52,155.0,181.35
1006,20250305,249,37.07,30.37,31.57
1007,20241106,256,108.27,92.65,121.74
1008,20230605,444,271.47,251.27,245.63
1009,20240607,690,128.51,119.04,139.32
1010,20250515,176,155.18,139.85,134.15
1011,20241221,189,205.54,185.66,211.97
1012,20231006,502,358.64,270.7,398.45
1013,20230718,564,142.88,138.96,152.68
1014,20231225,258,30.13,30.04,31.65
1015,20251024,293,423.76,381.26,403.21
1016,20260206,546,65.36,54.23,67.43
1017,20250228,590,66.24,52.35,75.34
1018,20260411,419,199.26,190.42,182.49
1019,20250925,628,117.7,100.5,107.66
1020,20250630,273,176.31,144.57,197.61
1021,20240929,655,70.94,57.89,78.25
1022,20241216,605,161.5,157.84,183.32
1023,20250218,493,91.44,84.93,102.48
1024,20231128,619,96.72,75.82,105.77
1025,20230618,90,228.46,189.5,248.96
1026,20251212,407,187.73,160.8,197.45
1027,20250520,684,145.2,135.98,148.03
1028,20231025,233,146.82,135.85,153.63
1029,20250223,8,211.32,179.03,216.5
1030,20240614,309,270.23,269.99,230.71
1031,20240314,560,40.22,30.55,43.86
1032,20231211,281,253.48,239.82,229.2
1033,20251022,223,289.35,243.9,300.6
1034,20251207,474,285.61,282.34,273.63
1035,20250926,533,169.61,168.69,191.77
1036,20240603,179,40.39,37.71,40.5
1037,20230630,620,141.64,108.82,135.35
1038,20251224,261,212.23,162.41,234.2
1039,20250214,197,150.97,128.11,170.72
1040,20250225,436,313.39,311.8,355.8
1041,20230807,58,31.75,30.18,36.44
1042,20260506,708,140.71,110.4,143.65
1043,20250508,526,17.69,14.99,18.76
1044,20230820,177,72.58,54.94,67.91
1045,20230118,208,194.43,164.07,220.11
1046,20240831,564,142.88,136.13,135.66
1047,20250715,209,254.65,235.65,238.92
1048,20250425,438,40.99,32.23,42.48
1049,20250517,218,193.69,151.65,204.57
1050,20231125,445,236.18,207.3,221.65
1051,20260207,749,202.73,189.71,224.48
1052,20240619,528,365.56,281.37,396.09
1053,20230501,777,116.51,115.49,107.28
1054,20240201,137,17.94,15.37,17.79
1055,20260113,331,284.71,223.27,304.11
1056,20240928,304,72.0,61.18,81.46
1057,20250130,29,170.48,158.13,161.42
1058,20260530,484,15.41,14.75,15.07
1059,20260202,31,281.2,238.48,254.24
1060,20230901,607,181.88,169.68,194.74
1061,20231122,19,252.36,242.01,225.16
1062,20230708,697,203.47,154.59,222.29
1063,20230301,135,41.31,36.64,42.95
1064,20230416,302,95.16,77.4,84.84
1065,20250313,498,309.5,245.32,272.01
1066,20230703,500,394.62,315.37,434.8
1067,20240528,222,199.12,196.57,187.76
1068,20230129,741,212.39,175.28,202.02
1069,20240611,124,11.28,10.04,11.59
1070,20250303,130,108.44,86.87,114.38
1071,20240216,485,125.2,109.84,106.75
1072,20230329,345,274.13,230.29,309.01
1073,20250809,480,425.68,405.55,392.21
1074,20241105,351,348.89,286.01,370.04
1075,20231004,497,311.63,239.0,267.49
1076,20241230,695,219.54,205.0,230.71
1077,20231122,422,51.31,44.96,47.13
1078,20260423,224,205.12,165.22,189.89
1079,20240625,508,358.96,296.35,348.94
1080,20260412,706,136.94,119.05,146.38
1081,20230513,506,49.38,42.14,49.12
1082,20230419,11,54.42,52.21,52.0
1083,20251121,439,350.84,298.87,371.99
1084,20260303,67,220.55,219.64,200.9
1085,20260429,366,384.91,305.15,429.72
1086,20240919,50,253.67,193.51,257.29
1087,20260423,538,86.46,73.82,76.51
1088,20230726,270,147.92,131.03,141.42
1089,20251128,738,223.85,186.7,214.46
1090,20230225,530,239.02,224.76,214.05
1091,20240925,318,41.09,39.14,38.91
1092,20250807,711,89.35,86.94,93.5
1093,20260512,34,218.67,180.58,191.56
1094,20250817,198,61.79,59.8,70.48
1095,20230930,72,119.72,94.89,132.31
1096,20260308,138,287.07,217.22,305.02
1097,20250807,22,105.46,85.78,112.37
1098,20250205,87,204.15,203.13,234.05
1099,20250404,559,55.12,51.11,52.57
1100,20241121,468,354.29,346.45,393.58
1101,20240620,590,66.24,61.33,75.64
1102,20250408,476,235.18,189.78,221.33
1103,20240830,360,146.23,114.86,128.59
1104,20260502,478,272.96,235.97,307.2
1105,20231027,427,416.06,406.2,360.44
1106,20250425,300,94.2,87.37,89.5
1107,20250307,306,267.41,264.11,243.2
1108,20250608,583,182.74,165.86,195.55
1109,20251121,550,203.17,203.11,210.71
1110,20260611,609,249.15,191.87,232.58
1111,20240725,308,277.35,275.55,273.02
1112,20240307,490,84.06,76.92,87.74
1113,20260315,778,248.68,225.27,243.31
1114,20240119,650,142.56,116.73,163.94
1115,20230413,309,270.23,267.69,247.16
1116,20251026,556,340.34,310.31,305.83
1117,20260514,74,140.18,119.29,152.74
1118,20240722,512,65.44,52.22,63.18
1119,20260107,361,218.41,184.62,193.6
1120,20231115,764,38.17,34.78,40.73
1121,20260616,19,252.36,219.68,263.12
1122,20250818,730,218.37,170.42,201.51
1123,20240930,77,218.69,212.48,199.13
1124,20230516,506,49.38,49.26,54.42
1125,20250520,193,171.68,169.34,153.04
1126,20250524,594,93.21,76.31,86.68
1127,20230813,721,249.16,210.64,283.79
1128,20230726,76,227.03,199.52,202.05
1129,20251022,201,178.89,177.86,165.15
1130,20241220,759,228.08,196.05,204.08
1131,20250509,760,321.52,269.4,309.35
1132,20240916,694,65.85,56.36,73.05
1133,20240612,144,249.79,192.21,230.1
1134,20250704,625,408.43,309.74,434.12
1135,20240511,108,24.49,19.62,20.97
1136,20241203,352,272.28,224.97,264.02
1137,20250623,583,182.74,137.27,157.95
1138,20230905,590,66.24,65.78,62.02
1139,20230425,395,380.39,289.16,411.87
1140,20250411,585,163.26,128.55,149.71
1141,20250625,387,66.08,52.23,56.21
1142,20240825,748,241.47,182.69,249.42
1143,20251001,319,283.51,266.47,255.42
1144,20250503,506,49.38,47.9,52.47
1145,20231212,274,185.35,151.16,180.55
1146,20260525,548,210.49,180.43,188.23
1147,20250719,151,452.82,430.25,415.4
1148,20240609,714,29.93,29.62,31.32
1149,20251209,255,317.46,310.63,332.03
1150,20240917,338,214.38,198.77,187.36
1151,20250212,154,257.41,222.69,257.78
1152,20240817,454,323.6,277.9,326.46
1153,20251110,735,122.01,120.09,116.11
1154,20250812,423,26.19,21.61,26.55
1155,20260430,605,161.5,133.47,181.81
1156,20250203,751,98.86,80.68,105.59
1157,20250721,505,143.55,126.72,164.7
1158,20260404,732,90.88,84.02,104.06
1159,20251116,772,272.89,258.89,251.44
1160,20241219,49,197.2,176.44,192.84
1161,20260218,464,223.36,209.53,206.28
1162,20230130,323,221.18,185.77,218.49
1163,20240204,507,266.28,253.64,245.29
1164,20231002,545,24.51,19.31,22.75
1165,20250616,683,426.67,384.83,477.51
1166,20240727,569,318.86,303.05,357.05
1167,20230722,719,73.37,59.81,78.52
1168,20240128,618,117.82,103.64,122.78
1169,20240703,506,49.38,46.75,44.38
1170,20240822,241,311.53,263.3,273.63
1171,20240329,103,169.4,148.62,182.4
1172,20240513,440,113.85,88.7,129.58
1173,20250726,478,272.96,256.89,245.77
1174,20250510,580,282.51,276.43,271.06
1175,20240214,413,98.94,79.83,88.62
1176,20240211,397,149.6,114.61,166.82
1177,20250909,201,178.89,162.14,197.47
1178,20260429,457,60.47,60.13,64.82
1179,20240628,743,343.9,307.6,333.67
1180,20230925,774,100.34,83.37,96.34
1181,20241208,773,48.89,41.9,45.28
1182,20241231,307,130.54,123.47,148.78
1183,20260605,749,202.73,188.51,200.6
1184,20260419,518,38.63,37.31,38.79
1185,20230621,705,239.69,198.2,263.6
1186,20260401,84,73.96,65.02,71.29
1187,20260627,691,160.49,158.72,161.95
1188,20230110,172,59.34,58.57,51.48
1189,20240929,795,235.28,194.82,228.77
1190,20240822,261,212.23,209.1,182.84
1191,20250220,727,29.93,25.28,28.94
1192,20260327,650,142.56,124.31,158.94
1193,20241031,269,15.66,13.96,14.99
1194,20251226,528,365.56,284.14,317.54
1195,20240204,426,82.56,65.11,85.47
1196,20240602,261,212.23,207.82,196.33
1197,20231210,422,51.31,39.58,43.87
1198,20241102,302,95.16,83.58,107.44
1199,20241129,632,291.15,283.74,301.23
1200,20231016,306,267.41,214.68,238.7
1201,20240909,378,260.57,227.96,253.32
1202,20250926,660,11.42,11.36,12.58
1203,20230820,227,292.62,240.6,265.74
1204,20260319,5,163.2,162.17,181.75
1205,20250904,416,128.68,124.24,122.09
1206,20241211,5,163.2,141.57,176.92
1207,20250526,526,17.69,13.29,15.33
1208,20240518,95,76.43,67.61,82.38
1209,20240729,740,239.3,231.87,262.48
1210,20251111,345,274.13,249.08,281.26
1211,20241203,628,117.7,99.43,116.4
1212,20230826,434,136.54,123.78,143.54
1213,20241123,572,96.08,74.84,97.35
1214,20230430,645,259.57,240.94,272.46
1215,20240102,48,76.9,65.64,87.87
1216,20240222,274,185.35,175.35,165.14
1217,20240720,778,248.68,202.51,262.21
1218,20230320,265,249.31,248.53,229.03
1219,20231220,236,380.33,311.4,425.8
1220,20230617,181,341.92,259.57,362.77
1221,20250418,453,159.04,151.31,157.36
1222,20260325,93,61.41,59.71,52.82
1223,20241208,2,108.79,86.84,94.37
1224,20251111,97,301.78,238.2,323.25
1225,20240430,391,64.13,55.37,62.65
1226,20230220,351,348.89,296.38,306.97
1227,20230126,710,52.14,51.67,51.26
1228,20260107,305,183.32,142.12,187.8
1229,20260114,536,232.15,180.37,231.93
1230,20230224,428,389.44,303.85,424.38
1231,20230820,491,168.23,160.94,183.81
1232,20240516,87,204.15,156.8,224.56
1233,20240122,417,243.35,213.31,229.7
1234,20241229,691,160.49,149.0,162.74
1235,20231018,107,92.43,85.34,98.86
1236,20231123,261,212.23,192.72,198.98
1237,20260208,501,167.28,148.09,180.94
1238,20240224,634,132.1,109.9,113.34
1239,20230820,233,146.82,132.86,163.57
1240,20230830,498,309.5,257.47,278.15
1241,20241116,35,16.22,15.69,16.42
1242,20250721,412,57.85,50.71,53.37
1243,20240919,769,93.19,70.67,87.5
1244,20251207,572,96.08,84.02,101.13
1245,20251202,58,31.75,25.46,34.71
1246,20230321,174,208.41,170.02,236.04
1247,20240218,433,60.97,60.01,60.87
1248,20260610,504,24.53,20.47,22.59
1249,20241113,394,159.79,155.68,147.28
1250,20240603,242,171.67,146.96,161.68
1251,20230710,706,136.94,103.05,136.91
1252,20241216,555,113.22,97.39,126.49
1253,20230910,491,168.23,132.67,147.35
1254,20260511,324,210.25,175.49,222.42
1255,20230525,764,38.17,30.23,37.43
1256,20251229,179,40.39,32.6,36.53
1257,20260303,92,242.67,215.75,243.38
1258,20240108,117,66.51,57.85,72.74
1259,20240101,8,211.32,165.14,225.73
1260,20250508,219,21.56,18.93,23.02
1261,20240113,137,17.94,13.68,20.3
1262,20260125,31,281.2,239.83,313.62
1263,20250102,306,267.41,258.67,247.09
1264,20241207,318,41.09,32.92,43.33
1265,20230725,29,170.48,147.14,188.93
1266,20230509,485,125.2,95.79,119.03
1267,20250916,203,357.94,351.04,310.15
1268,20250511,263,87.43,81.41,83.49
1269,20231123,294,364.34,361.79,417.09
1270,20241012,372,11.94,10.75,12.12
1271,20240810,24,126.6,104.65,143.76
1272,20241201,214,309.39,247.65,274.78
1273,20240803,260,283.2,249.96,287.24
1274,20240518,47,225.94,208.42,254.97
1275,20250527,111,310.59,299.37,330.43
1276,20230120,667,106.93,97.44,105.53
1277,20230617,462,220.62,201.45,249.19
1278,20241125,792,142.29,125.69,139.32
1279,20250830,30,325.32,249.83,293.34
1280,20250907,531,18.72,14.18,18.7
1281,20251209,346,279.84,223.44,293.49
1282,20240907,22,105.46,94.46,91.16
1283,20240512,173,352.79,333.76,309.19
1284,20260620,437,95.28,76.08,100.69
1285,20230614,395,380.39,346.26,378.79
1286,20231122,380,239.62,216.27,256.65
1287,20230506,31,281.2,211.72,284.32
1288,20230217,551,39.75,31.4,35.1
1289,20250923,751,98.86,91.5,103.38
1290,20240829,652,164.75,136.07,142.5
1291,20230303,341,53.82,53.01,51.36
1292,20250723,164,412.46,368.39,441.55
1293,20231213,724,208.64,200.39,200.08
1294,20231001,30,325.32,284.52,287.14
1295,20241128,341,53.82,42.11,46.25
1296,20250518,731,425.46,374.45,386.58
1297,20230201,556,340.34,295.41,352.95
1298,20240113,604,104.98,96.67,120.08
1299,20231011,135,41.31,33.15,47.08
1300,20241011,84,73.96,65.06,66.66
1301,20240510,145,222.21,205.98,229.75
1302,20241228,773,48.89,46.75,55.28
1303,20230111,144,249.79,221.19,245.79
1304,20241005,285,204.89,191.04,191.95
1305,20230120,38,36.67,27.67,37.28
1306,20240331,781,50.54,41.41,58.07
1307,20230305,783,254.01,207.52,243.16
1308,20251122,377,227.02,196.86,254.86
1309,20230816,21,279.33,268.81,316.53
1310,20251122,567,223.92,185.43,225.65
1311,20240907,75,117.53,115.53,132.15
1312,20240215,629,217.61,164.39,210.9
1313,20230205,622,97.19,93.33,107.63
1314,20230329,247,116.11,100.82,123.18
1315,20240229,489,258.71,223.71,262.0
1316,20230411,13,97.85,82.34,100.76
1317,20230602,492,101.28,93.97,112.83
1318,20231003,279,296.99,290.82,274.51
1319,20240825,250,223.62,190.49,234.14
1320,20240124,218,193.69,174.49,172.89
1321,20231214,784,112.95,88.1,105.48
1322,20230123,772,272.89,220.9,305.22
1323,20260424,438,40.99,38.28,37.93
1324,20260212,276,66.7,63.42,65.38
1325,20230507,587,273.68,216.29,276.45
1326,20260215,455,34.92,28.49,38.92
1327,20230709,77,218.69,165.25,198.0
1328,20230307,328,77.81,74.49,79.61
1329,20240712,766,210.17,158.31,216.84
1330,20231123,765,31.01,23.99,29.59
1331,20230826,357,34.05,33.31,31.7
1332,20240418,202,290.4,273.71,320.53
1333,20230928,738,223.85,218.66,231.61
1334,20240320,89,83.91,73.92,78.33
1335,20240608,440,113.85,86.81,122.0
1336,20230608,552,211.79,197.97,198.33
1337,20230416,200,245.23,199.87,261.91
1338,20250731,215,179.63,167.67,178.78
1339,20231006,638,35.51,29.49,34.5
1340,20260403,236,380.33,317.97,336.47
1341,20230404,126,119.25,105.41,122.31
1342,20240730,246,289.83,234.06,331.9
1343,20260326,433,60.97,47.09,58.36
1344,20260615,670,228.6,195.42,207.02
1345,20240117,131,24.54,20.03,27.56
1346,20230323,302,95.16,83.25,92.78
1347,20241010,401,188.97,186.14,181.25
1348,20250417,274,185.35,145.96,167.41
1349,20250402,731,425.46,356.73,364.09
1350,20260507,571,319.71,265.31,291.3
1351,20241018,33,147.68,122.22,130.51
1352,20251016,106,80.14,68.38,80.9
1353,20240519,421,82.54,80.81,92.85
1354,20240307,297,203.31,189.39,182.92
1355,20260122,580,282.51,264.13,296.7
1356,20250322,315,296.21,243.67,300.05
1357,20260617,482,74.27,65.02,83.15
1358,20230615,370,263.18,241.32,256.15
1359,20240419,503,318.02,294.69,293.87
1360,20250827,284,15.97,12.48,14.49
1361,20250227,382,50.92,46.29,52.64
1362,20250301,97,301.78,233.69,346.17
1363,20250626,252,26.05,23.63,23.6
1364,20250926,47,225.94,206.05,240.57
1365,20251016,113,119.1,117.64,132.33
1366,20241117,635,53.49,41.77,59.02
1367,20251103,141,224.09,179.2,225.02
1368,20241107,233,146.82,135.32,160.56
1369,20240308,366,384.91,319.17,371.9
1370,20250322,287,248.3,187.23,225.56
1371,20260503,556,340.34,320.1,323.9
1372,20230428,42,245.92,241.95,217.28
1373,20250430,743,343.9,314.26,324.74
1374,20251007,383,55.74,53.43,59.4
1375,20260112,464,223.36,215.95,203.72
1376,20240928,636,140.04,123.21,150.98
1377,20230130,319,283.51,281.13,257.47
1378,20250331,319,283.51,269.02,241.14
1379,20241024,287,248.3,192.98,244.62
1380,20240203,381,275.49,236.25,308.59
1381,20241116,352,272.28,248.18,262.98
1382,20240725,442,36.82,31.74,37.58
1383,20240502,342,102.47,102.35,113.93
1384,20250412,344,107.89,101.69,117.16
1385,20241126,214,309.39,251.28,353.34
1386,20250323,25,50.32,47.27,54.47
1387,20231217,748,241.47,216.09,239.38
1388,20251030,355,151.19,146.93,154.4
1389,20230921,591,113.73,89.41,121.25
1390,20240301,438,40.99,31.69,43.47
1391,20250227,493,91.44,90.73,94.48
1392,20240318,624,21.67,16.66,24.12
1393,20250917,547,393.46,370.32,372.79
1394,20240714,670,228.6,223.41,260.3
1395,20230713,467,166.44,132.02,149.99
1396,20231013,562,188.77,181.71,180.69
1397,20240504,458,116.37,89.9,107.5
1398,20230225,744,99.0,82.24,105.99
1399,20230629,78,147.0,121.62,163.12
1400,20230303,593,348.5,327.91,394.85
1401,20260304,273,176.31,135.35,169.12
1402,20241101,5,163.2,157.19,172.69
1403,20240726,459,41.78,33.06,39.2
1404,20230723,85,52.93,49.37,48.14
1405,20240704,768,253.35,230.52,257.96
1406,20250305,563,41.14,40.56,41.17
1407,20241220,758,348.5,286.66,365.87
1408,20230324,37,408.21,399.74,357.01
1409,20250908,515,127.91,109.02,133.4
1410,20240105,16,121.92,111.96,127.42
1411,20250315,359,156.76,131.75,175.93
1412,20260404,602,85.13,70.83,77.31
1413,20240614,470,186.23,160.55,184.08
1414,20240822,63,58.12,56.55,49.95
1415,20250602,50,253.67,212.91,236.36
1416,20251118,301,241.8,218.51,254.64
1417,20250506,253,436.82,353.88,481.23
1418,20241216,699,65.91,56.0,74.12
1419,20260203,472,30.87,27.24,31.35
1420,20250219,189,205.54,174.3,187.25
1421,20260217,729,357.03,341.51,404.5
1422,20240924,127,264.28,250.51,238.9
1423,20250205,41,272.3,269.02,290.7
1424,20250827,691,160.49,160.14,159.83
1425,20240105,463,203.4,178.55,217.64
1426,20260527,4,279.54,253.0,297.43
1427,20260205,187,256.66,198.74,279.74
1428,20240919,334,266.65,254.86,238.09
1429,20241118,124,11.28,10.31,10.56
1430,20250426,327,31.53,28.54,32.95
1431,20230321,391,64.13,63.92,61.93
1432,20230120,84,73.96,73.16,66.5
1433,20250601,291,178.18,149.53,159.12
1434,20250814,192,142.28,122.79,124.47
1435,20260113,356,128.43,96.85,113.88
1436,20230527,158,81.27,75.71,89.57
1437,20230226,533,169.61,132.07,153.09
1438,20260620,719,73.37,72.72,69.93
1439,20240402,515,127.91,126.77,131.7
1440,20260430,366,384.91,326.71,363.59
1441,20230425,76,227.03,210.27,205.2
1442,20230127,229,168.69,147.37,192.42
1443,20250118,216,336.54,294.98,306.92
1444,20240506,346,279.84,264.17,310.75
1445,20251221,84,73.96,65.76,84.94
1446,20241018,581,46.45,38.79,47.62
1447,20241015,80,237.98,228.97,244.3
1448,20230319,5,163.2,157.45,145.94
1449,20230102,296,86.09,81.26,75.46
1450,20230506,610,31.94,28.55,32.74
1451,20230726,319,283.51,223.79,321.9
1452,20260115,637,73.36,65.67,80.31
1453,20250401,789,412.97,387.11,459.81
1454,20230919,271,181.82,142.96,176.05
1455,20260414,651,68.28,53.45,63.64
1456,20230717,744,99.0,78.04,110.1
1457,20250723,694,65.85,62.35,56.18
1458,20230804,516,76.0,70.92,69.76
1459,20250515,374,330.48,309.46,342.29
1460,20241001,795,235.28,221.24,228.84
1461,20240206,745,215.3,197.07,218.47
1462,20260531,740,239.3,194.69,273.77
1463,20230518,337,284.78,272.39,245.91
1464,20260625,103,169.4,168.34,168.78
1465,20240523,347,58.66,56.37,51.32
1466,20251105,760,321.52,263.1,304.53
1467,20240705,43,136.65,108.61,156.69
1468,20251218,328,77.81,60.75,72.47
1469,20250630,491,168.23,165.56,173.3
1470,20241022,165,223.04,180.51,249.93
1471,20240903,399,52.27,42.31,59.04
1472,20230824,285,204.89,196.57,220.11
1473,20250506,683,426.67,373.45,439.32
1474,20250210,399,52.27,49.21,54.19
1475,20240913,319,283.51,212.84,250.66
1476,20250621,713,325.0,276.07,371.03
1477,20240808,719,73.37,69.88,63.01
1478,20230201,440,113.85,94.66,101.62
1479,20230504,605,161.5,123.11,165.4
1480,20240531,291,178.18,155.68,168.25
1481,20230227,445,236.18,219.76,232.14
1482,20250918,741,212.39,202.19,193.98
1483,20250217,400,179.93,162.32,169.4
1484,20230731,248,229.78,206.84,210.09
1485,20240603,421,82.54,77.98,90.57
1486,20240122,327,31.53,25.29,32.53
1487,20260616,389,13.99,13.21,14.53
1488,20230305,695,219.54,171.5,193.67
1489,20250507,400,179.93,179.44,178.98
1490,20230213,157,17.11,13.05,15.56
1491,20240630,22,105.46,99.7,94.51
1492,20250810,611,119.6,109.09,128.05
1493,20250711,667,106.93,89.9,103.6
1494,20240511,719,73.37,67.0,75.66
1495,20250212,311,360.5,290.99,408.8
1496,20250818,578,330.25,262.51,292.74
1497,20250810,179,40.39,34.12,37.57
1498,20230223,727,29.93,29.1,26.13
1499,20230115,239,177.69,169.27,191.75
1500,20250312,533,169.61,135.33,183.19
1501,20230804,27,110.98,101.94,104.5
1502,20260608,450,361.37,315.88,371.63
1503,20240701,380,239.62,209.93,214.23
1504,20260223,117,66.51,62.84,74.38
1505,20241018,733,218.3,165.17,187.25
1506,20240418,89,83.91,66.62,80.27
1507,20250106,551,39.75,30.34,38.72
1508,20231001,393,22.43,22.14,19.41
1509,20231130,75,117.53,92.19,133.77
1510,20230313,106,80.14,75.75,73.15
1511,20230410,554,59.83,51.18,59.4
1512,20240329,109,374.56,299.51,318.98
1513,20251228,591,113.73,92.41,125.8
1514,20260526,398,70.82,70.81,73.18
1515,20250313,275,34.97,34.31,31.09
1516,20251104,299,12.05,10.13,11.79
1517,20250309,583,182.74,141.34,185.42
1518,20260206,498,309.5,285.71,269.45
1519,20260425,751,98.86,80.39,89.84
1520,20230712,534,111.77,85.61,123.99
1521,20240903,707,225.72,206.74,235.93
1522,20230906,779,134.97,127.43,131.62
1523,20241228,174,208.41,157.55,211.64
1524,20231001,277,308.04,270.12,315.96
1525,20250121,148,26.37,25.36,29.24
1526,20250720,556,340.34,330.79,326.49
1527,20260504,495,21.23,18.12,20.77
1528,20250607,487,35.77,34.4,31.74
1529,20251006,647,184.7,175.03,159.14
1530,20240208,392,148.86,146.69,156.92
1531,20231202,67,220.55,191.2,212.71
1532,20240508,219,21.56,18.36,22.15
1533,20251020,414,196.54,153.03,206.39
1534,20250501,330,288.16,246.77,309.66
1535,20231220,190,46.04,36.16,49.95
1536,20240302,429,195.21,175.39,193.1
1537,20260616,369,98.11,80.1,87.73
1538,20240212,678,133.31,121.48,141.74
1539,20241009,405,234.96,204.16,246.27
1540,20230809,17,231.2,183.92,253.46
1541,20251122,411,64.81,58.43,55.72
1542,20240521,634,132.1,110.61,143.55
1543,20251009,222,199.12,178.38,206.71
1544,20250926,490,84.06,82.85,95.0
1545,20230508,287,248.3,242.81,280.83
1546,20231224,59,71.61,63.83,76.37
1547,20251127,597,11.11,9.83,9.93
1548,20240411,553,68.99,63.71,68.75
1549,20230121,270,147.92,124.7,138.48
1550,20250821,783,254.01,252.48,286.67
1551,20250516,145,222.21,166.75,210.06
1552,20230619,788,168.35,148.92,153.49
1553,20250216,250,223.62,173.8,244.43
1554,20230618,134,299.61,237.07,306.86
1555,20230803,355,151.19,145.1,152.59
1556,20250528,231,190.39,146.66,186.64
1557,20251208,795,235.28,216.44,251.84
1558,20250713,27,110.98,96.39,127.38
1559,20240128,780,78.04,66.52,84.54
1560,20240422,774,100.34,83.25,94.68
1561,20230215,680,272.43,248.82,261.79
1562,20241212,144,249.79,237.72,236.65
1563,20240831,752,83.54,68.55,86.17
1564,20260210,572,96.08,84.07,89.16
1565,20241204,448,28.11,24.52,23.95
1566,20241010,249,37.07,27.9,34.34
1567,20260114,177,72.58,70.63,65.73
1568,20230629,763,348.36,273.57,319.24
1569,20250214,209,254.65,197.75,235.22
1570,20230609,281,253.48,196.26,262.86
1571,20260227,336,366.26,347.2,368.71
1572,20230619,462,220.62,193.16,209.43
1573,20260502,428,389.44,331.82,439.78
1574,20240108,141,224.09,191.57,220.18
1575,20241207,522,104.14,92.48,90.89
1576,20260526,369,98.11,80.22,85.39
1577,20240524,561,223.15,204.85,252.68
1578,20260206,73,219.47,186.21,250.47
1579,20230924,654,223.67,178.32,191.73
1580,20241115,508,358.96,278.52,314.82
1581,20231224,542,118.48,97.84,105.36
1582,20230928,137,17.94,15.22,20.3
1583,20241012,545,24.51,22.47,28.13
1584,20230330,740,239.3,237.73,212.74
1585,20230719,301,241.8,196.38,254.06
1586,20230521,94,11.79,8.95,11.36
1587,20230923,275,34.97,33.99,40.16
1588,20241119,664,29.07,27.96,28.7
1589,20240324,684,145.2,140.04,133.96
1590,20251116,659,165.56,146.45,145.69
1591,20250531,384,52.49,40.84,60.08
1592,20250926,528,365.56,309.39,397.03
1593,20231003,84,73.96,66.72,64.63
1594,20241219,53,274.33,232.0,254.87
1595,20230716,108,24.49,19.77,25.28
1596,20230417,454,323.6,303.53,325.85
1597,20260207,792,142.29,136.13,160.29
1598,20240328,353,230.0,187.19,240.36
1599,20250529,148,26.37,24.88,29.22
1600,20260313,472,30.87,23.99,32.44
1601,20230322,699,65.91,65.47,64.89
1602,20231120,694,65.85,55.13,60.56
1603,20250906,431,27.19,21.47,24.83
1604,20230325,727,29.93,26.75,28.71
1605,20230924,93,61.41,46.62,55.11
1606,20230717,212,17.63,14.72,16.76
1607,20230316,343,17.55,17.18,15.55
1608,20241018,374,330.48,248.4,365.68
1609,20241225,254,91.01,81.59,78.67
1610,20240325,308,277.35,234.63,248.32
1611,20250705,120,187.42,145.53,189.76
1612,20250702,46,338.48,317.49,365.35
1613,20250601,118,410.38,335.42,436.58
1614,20250427,48,76.9,73.77,67.98
1615,20230814,69,201.68,159.87,201.24
1616,20250527,728,23.99,19.21,23.53
1617,20230616,708,140.71,129.36,149.0
1618,20230712,670,228.6,172.83,214.72
1619,20231107,161,202.52,167.04,214.27
1620,20250504,402,21.66,18.26,23.24
1621,20250710,164,412.46,400.58,473.41
1622,20250211,396,167.37,156.76,154.83
1623,20250309,248,229.78,191.76,237.04
1624,20230327,764,38.17,36.17,40.18
1625,20260208,404,249.7,212.09,269.73
1626,20240912,83,12.62,10.13,11.2
1627,20260427,129,285.77,251.58,320.26
1628,20250225,372,11.94,11.31,12.71
1629,20231126,116,34.36,31.37,35.42
1630,20250610,381,275.49,220.74,278.44
1631,20241005,415,83.9,75.78,74.11
1632,20230920,606,54.24,53.24,48.31
1633,20241009,585,163.26,136.1,142.38
1634,20250203,567,223.92,175.57,227.11
1635,20231222,627,323.38,284.94,350.27
1636,20240619,735,122.01,94.03,111.82
1637,20231128,791,228.37,204.07,225.69
1638,20251031,488,237.94,230.68,224.41
1639,20231205,319,283.51,270.23,279.97
1640,20250103,762,278.35,213.13,239.07
1641,20251011,254,91.01,73.89,77.45
1642,20250306,406,176.64,164.85,188.88
1643,20230830,139,382.89,364.83,370.59
1644,20250302,19,252.36,193.17,218.52
1645,20260511,584,303.45,277.05,272.65
1646,20260112,609,249.15,205.49,272.21
1647,20260129,426,82.56,80.0,88.51
1648,20230901,768,253.35,213.24,260.13
1649,20241005,142,258.94,194.59,271.98
1650,20231215,245,129.45,102.83,113.52
1651,20231022,477,253.44,217.08,265.92
1652,20250114,144,249.79,197.87,260.94
1653,20260510,709,35.68,33.7,37.09
1654,20251028,471,34.5,33.32,39.28
1655,20241112,260,283.2,267.08,244.48
1656,20240802,758,348.5,283.73,320.05
1657,20250426,454,323.6,293.4,320.23
1658,20260614,752,83.54,71.12,79.55
1659,20250114,269,15.66,12.64,14.94
1660,20230716,719,73.37,56.06,66.14
1661,20260418,140,105.24,101.17,91.63
1662,20240224,745,215.3,187.14,200.14
1663,20241108,323,221.18,213.21,239.83
1664,20240202,366,384.91,316.76,327.95
1665,20240311,12,262.97,234.27,229.56
1666,20231124,36,214.64,191.56,215.32
1667,20231026,417,243.35,186.32,270.89
1668,20240319,508,358.96,341.84,335.39
1669,20240916,509,90.19,70.13,88.11
1670,20250719,25,50.32,49.23,47.93
1671,20241213,316,244.0,222.94,221.62
1672,20230605,109,374.56,338.83,381.15
1673,20240404,646,202.52,164.99,218.05
1674,20231105,554,59.83,58.17,56.51
1675,20250713,788,168.35,136.69,166.7
1676,20250406,629,217.61,194.41,208.86
1677,20230810,401,188.97,163.68,174.23
1678,20230820,201,178.89,173.92,181.93
1679,20240425,508,358.96,303.03,367.28
1680,20260618,159,138.34,129.05,126.07
1681,20230820,120,187.42,143.64,187.63
1682,20240703,326,267.52,218.57,285.54
1683,20230406,91,191.54,150.1,176.69
1684,20250809,281,253.48,247.79,215.94
1685,20230513,188,276.5,209.45,248.92
1686,20231020,515,127.91,102.69,139.2
1687,20231111,702,260.54,219.6,250.94
1688,20230927,602,85.13,83.15,90.82
1689,20250228,79,253.18,234.12,259.48
1690,20260603,195,225.23,218.98,241.33
1691,20240603,748,241.47,236.95,219.5
1692,20230825,749,202.73,181.02,179.1
1693,20250411,348,233.48,205.56,233.38
1694,20230312,728,23.99,23.29,25.95
1695,20251120,273,176.31,171.5,194.07
1696,20240731,792,142.29,107.9,131.44
1697,20250811,558,241.4,191.04,207.67
1698,20230331,134,299.61,237.48,326.98
1699,20260331,285,204.89,200.47,215.24
1700,20260102,265,249.31,247.28,275.4
1701,20230207,191,330.51,309.67,366.59
1702,20260101,356,128.43,119.5,121.91
1703,20251126,543,164.16,145.03,150.78
1704,20240504,554,59.83,58.62,66.51
1705,20250113,369,98.11,88.45,97.84
1706,20250220,460,84.17,73.35,82.61
1707,20260321,702,260.54,242.8,263.44
1708,20240919,511,114.7,89.91,121.09
1709,20260127,83,12.62,10.65,12.96
1710,20231006,550,203.17,185.47,204.65
1711,20250417,119,333.87,329.95,300.49
1712,20230620,511,114.7,88.84,121.41
1713,20240427,415,83.9,72.66,90.74
1714,20250319,627,323.38,248.66,296.26
1715,20260427,616,278.04,253.14,277.08
1716,20230517,245,129.45,122.81,127.55
1717,20240420,527,81.74,79.25,72.44
1718,20250725,710,52.14,48.67,57.96
1719,20230427,132,116.18,112.4,106.25
1720,20250323,446,47.38,47.11,46.35
1721,20230103,551,39.75,30.24,36.18
1722,20251218,657,207.96,189.33,204.94
1723,20240921,610,31.94,29.98,29.08
1724,20240717,100,63.71,56.97,63.3
1725,20260210,784,112.95,103.03,114.0
1726,20241022,262,237.84,209.41,241.84
1727,20260628,557,165.04,153.67,182.42
1728,20260310,304,72.0,54.83,79.73
1729,20240720,515,127.91,114.37,119.92
1730,20241226,499,261.75,211.62,254.95
1731,20250701,753,306.18,294.81,336.65
1732,20240403,356,128.43,120.03,129.08
1733,20251128,319,283.51,228.19,272.18
1734,20260106,169,80.84,69.32,69.39
1735,20251204,360,146.23,140.82,156.03
1736,20230401,733,218.3,185.05,231.35
1737,20240918,15,179.98,158.29,202.42
1738,20251129,2,108.79,103.0,118.85
1739,20230402,779,134.97,118.82,123.12
1740,20230930,76,227.03,191.36,261.08
1741,20250523,240,48.56,37.95,47.28
1742,20250904,469,161.37,124.6,166.05
1743,20250626,573,146.12,141.99,130.77
1744,20230209,628,117.7,90.42,102.09
1745,20241027,325,223.83,217.64,254.21
1746,20230920,63,58.12,53.42,50.51
1747,20251206,364,58.02,46.56,52.7
1748,20230310,233,146.82,112.4,126.83
1749,20240128,417,243.35,217.87,268.42
1750,20260317,378,260.57,246.79,299.44
1751,20240524,786,127.42,123.7,120.31
1752,20250519,421,82.54,78.89,90.82
1753,20260516,714,29.93,26.61,26.06
1754,20230128,233,146.82,143.85,151.77
1755,20250216,326,267.52,246.74,281.47
1756,20231112,309,270.23,229.23,249.24
1757,20240319,356,128.43,113.32,120.67
1758,20251029,246,289.83,281.77,332.49
1759,20260122,130,108.44,104.35,124.01
1760,20230831,387,66.08,60.68,72.82
1761,20240104,86,11.99,11.21,11.91
1762,20241107,539,287.91,268.05,292.34
1763,20251002,242,171.67,135.25,152.03
1764,20240525,264,10.22,8.52,11.68
1765,20250110,423,26.19,23.66,23.09
1766,20260317,394,159.79,141.73,139.1
1767,20250204,625,408.43,366.48,404.58
1768,20260216,30,325.32,265.42,365.3
1769,20250202,418,235.9,222.19,246.33
1770,20230319,656,264.51,239.26,301.15
1771,20240305,567,223.92,192.7,197.22
1772,20231009,173,352.79,286.88,378.82
1773,20250306,269,15.66,13.35,15.69
1774,20230804,143,275.87,251.66,263.57
1775,20230301,432,269.02,237.73,297.4
1776,20260406,705,239.69,201.94,250.67
1777,20250904,252,26.05,22.46,27.59
1778,20230206,738,223.85,176.51,232.85
1779,20230519,685,141.65,110.68,150.69
1780,20250115,312,205.56,161.18,202.1
1781,20240816,9,228.25,225.1,204.53
1782,20260228,208,194.43,177.27,183.47
1783,20230127,758,348.5,288.17,337.63
1784,20230722,126,119.25,118.72,105.6
1785,20230312,76,227.03,215.66,250.69
1786,20240312,231,190.39,153.46,217.89
1787,20240312,244,357.61,307.37,371.58
1788,20260118,127,264.28,223.06,299.68
1789,20230525,374,330.48,287.33,378.05
1790,20250829,780,78.04,77.81,87.52
1791,20260107,353,230.0,219.7,220.63
1792,20250118,775,193.35,191.41,218.66
1793,20241107,284,15.97,15.0,17.97
1794,20250417,326,267.52,250.62,262.71
1795,20231231,184,305.93,257.26,327.88
1796,20250805,118,410.38,358.68,374.08
1797,20260403,218,193.69,164.53,178.59
1798,20240930,303,105.17,94.77,110.47
1799,20260429,150,107.86,105.39,103.65
1800,20230802,407,187.73,150.74,161.64
1801,20250119,409,219.82,177.87,226.45
1802,20260325,696,181.19,146.43,197.32
1803,20260326,631,266.82,249.02,262.04
1804,20240105,569,318.86,243.0,366.06
1805,20260622,672,106.54,84.47,120.2
1806,20230117,633,57.66,49.1,53.38
1807,20260519,456,219.24,186.45,246.26
1808,20240219,774,100.34,94.15,90.52
1809,20240911,493,91.44,77.71,82.91
1810,20250102,173,352.79,303.53,401.79
1811,20240629,727,29.93,22.57,28.44
1812,20240723,237,339.45,315.11,331.12
1813,20260124,607,181.88,142.28,170.89
1814,20250109,712,117.99,96.37,133.91
1815,20251208,491,168.23,141.69,169.36
1816,20230407,280,44.45,37.64,47.99
1817,20230107,720,410.49,362.65,432.54
1818,20240115,357,34.05,30.98,35.74
1819,20260412,492,101.28,84.35,110.16
1820,20240125,260,283.2,216.58,266.9
1821,20231221,385,85.79,76.4,97.27
1822,20251108,672,106.54,98.33,101.45
1823,20240227,235,351.8,270.67,334.61
1824,20260128,795,235.28,222.88,230.69
1825,20230525,324,210.25,158.3,214.35
1826,20240705,619,96.72,96.34,87.68
1827,20250806,301,241.8,186.65,252.76
1828,20250708,46,338.48,317.79,289.55
1829,20230609,177,72.58,70.6,65.06
1830,20250929,97,301.78,256.13,334.35
1831,20241025,226,250.65,229.64,261.92
1832,20260123,61,9.0,7.89,8.24
1833,20240528,494,380.5,359.47,390.9
1834,20250630,254,91.01,76.4,77.79
1835,20250525,37,408.21,353.33,368.61
1836,20260330,389,13.99,13.32,15.29
1837,20260130,57,20.69,16.86,21.1
1838,20230509,587,273.68,214.28,312.79
1839,20231123,591,113.73,97.09,125.95
1840,20230211,191,330.51,256.77,304.41
1841,20230122,562,188.77,178.36,216.71
1842,20230318,54,133.2,114.12,116.09
1843,20230616,287,248.3,206.02,274.19
1844,20260315,499,261.75,251.37,284.42
1845,20241123,101,321.61,246.77,327.96
1846,20230816,711,89.35,72.78,96.5
1847,20250427,305,183.32,140.21,195.9
1848,20240530,497,311.63,269.47,294.36
1849,20240812,21,279.33,274.53,308.91
1850,20250610,236,380.33,361.57,329.76
1851,20240515,771,87.72,69.5,98.07
1852,20250904,532,328.3,268.64,319.53
1853,20251105,640,151.16,132.64,152.84
1854,20250522,423,26.19,23.79,23.27
1855,20241127,104,158.51,136.29,165.52
1856,20260212,767,29.98,27.74,29.03
1857,20230402,292,324.11,254.87,314.46
1858,20250717,101,321.61,277.13,350.66
1859,20231107,499,261.75,252.12,253.57
1860,20230311,502,358.64,351.32,380.22
1861,20240118,392,148.86,129.26,162.67
1862,20240827,323,221.18,176.96,196.4
1863,20260511,394,159.79,147.9,177.97
1864,20251025,249,37.07,31.12,40.52
1865,20240407,742,222.66,211.2,191.24
1866,20240719,206,36.22,29.54,31.58
1867,20250511,468,354.29,324.65,307.11
1868,20250808,382,50.92,50.71,57.51
1869,20260614,405,234.96,197.01,262.27
1870,20230220,500,394.62,325.36,376.28
1871,20250820,4,279.54,274.56,249.72
1872,20250703,721,249.16,205.15,278.62
1873,20241005,757,118.51,93.46,133.97
1874,20241227,165,223.04,217.8,226.21
1875,20231013,708,140.71,106.66,122.31
1876,20241218,301,241.8,234.59,237.04
1877,20230209,454,323.6,310.43,329.87
1878,20230310,245,129.45,121.59,134.26
1879,20260605,788,168.35,132.9,147.24
1880,20230615,716,97.62,76.91,111.6
1881,20231222,94,11.79,11.69,12.03
1882,20260529,127,264.28,219.38,253.68
1883,20230307,200,245.23,242.63,242.43
1884,20230105,60,69.61,68.83,69.59
1885,20231031,75,117.53,89.99,123.47
1886,20241010,8,211.32,191.05,232.22
1887,20250602,714,29.93,25.97,27.2
1888,20230821,359,156.76,144.96,169.9
1889,20230208,700,159.22,153.07,140.51
1890,20250719,132,116.18,103.27,120.1
1891,20230620,242,171.67,156.6,154.02
1892,20240215,569,318.86,316.09,283.98
1893,20231224,498,309.5,290.89,271.16
1894,20251214,385,85.79,81.42,76.26
1895,20250514,771,87.72,85.95,76.41
1896,20240120,599,224.63,196.72,215.72
1897,20240810,285,204.89,196.34,227.28
1898,20250825,507,266.28,259.97,262.46
1899,20260614,427,416.06,345.29,434.48
1900,20240223,553,68.99,53.7,78.39
1901,20230131,551,39.75,34.87,36.31
1902,20250428,668,120.7,97.47,108.38
1903,20240504,95,76.43,59.79,80.81
1904,20230721,675,310.72,286.1,284.44
1905,20250222,702,260.54,202.58,240.5
1906,20230920,378,260.57,220.12,277.07
1907,20230226,326,267.52,257.56,254.62
1908,20231029,717,37.49,31.51,39.6
1909,20250909,463,203.4,167.45,173.51
1910,20240330,723,392.9,348.11,421.33
1911,20240518,75,117.53,110.12,108.64
1912,20250528,786,127.42,120.23,141.85
1913,20260207,697,203.47,157.68,188.84
1914,20230610,163,35.79,34.99,36.3
1915,20231027,574,292.71,256.41,295.88
1916,20240611,153,89.99,79.05,90.04
1917,20260504,598,111.7,89.0,96.26
1918,20240317,784,112.95,100.27,98.3
1919,20230929,381,275.49,249.19,312.51
1920,20251229,631,266.82,228.58,284.88
1921,20250123,1,128.02,126.15,127.89
1922,20230722,537,125.74,113.2,126.72
1923,20250430,338,214.38,197.05,192.13
1924,20230804,8,211.32,192.15,213.6
1925,20241221,186,192.02,154.85,214.04
1926,20250127,658,277.36,210.87,305.19
1927,20230219,412,57.85,53.86,53.19
1928,20230106,260,283.2,271.73,310.28
1929,20260314,183,26.08,23.66,23.75
1930,20231014,138,287.07,245.53,295.74
1931,20241113,379,306.26,262.82,289.83
1932,20240615,478,272.96,267.61,248.69
1933,20240527,443,376.23,302.39,369.58
1934,20250225,790,117.22,115.61,119.42
1935,20260612,9,228.25,208.84,253.28
1936,20240607,228,211.07,177.8,201.64
1937,20240721,288,29.26,22.13,26.27
1938,20231113,587,273.68,245.46,285.0
1939,20231201,385,85.79,68.76,89.88
1940,20230622,226,250.65,220.15,261.13
1941,20230510,31,281.2,253.45,294.22
1942,20240521,155,168.01,163.21,171.89
1943,20240101,175,303.57,265.97,316.03
1944,20250329,184,305.93,303.64,279.31
1945,20260401,658,277.36,267.46,307.39
1946,20251120,711,89.35,68.32,94.59
1947,20250428,58,31.75,25.54,31.71
1948,20240922,84,73.96,71.22,69.76
1949,20230925,234,318.9,311.17,326.38
1950,20260217,294,364.34,291.16,383.99
1951,20240124,395,380.39,308.6,361.44
1952,20230701,594,93.21,70.15,80.82
1953,20240626,122,193.32,146.09,212.29
1954,20230813,48,76.9,69.01,87.09
1955,20240426,607,181.88,180.78,192.59
1956,20251020,6,195.36,161.23,205.0
1957,20250201,602,85.13,83.22,97.57
1958,20260612,696,181.19,181.18,162.15
1959,20230621,366,384.91,372.72,431.7
1960,20230621,337,284.78,217.89,320.97
1961,20240518,749,202.73,191.33,213.11
1962,20241007,550,203.17,178.07,176.27
1963,20230927,415,83.9,72.03,85.4
1964,20230708,321,380.87,296.73,356.7
1965,20240720,644,440.69,399.96,451.8
1966,20260212,12,262.97,226.78,270.64
1967,20231118,444,271.47,259.8,295.41
1968,20260207,441,334.72,274.76,340.05
1969,20241112,223,289.35,222.69,247.08
1970,20240621,536,232.15,202.71,212.18
1971,20260524,206,36.22,34.05,38.17
1972,20260620,140,105.24,95.93,114.68
1973,20250618,305,183.32,148.94,198.49
1974,20230611,112,332.69,313.98,375.06
1975,20250825,665,406.18,405.79,433.07
1976,20250127,197,150.97,123.03,157.05
1977,20250222,113,119.1,96.13,136.0
1978,20230813,30,325.32,257.57,308.11
1979,20240626,673,423.99,376.75,467.36
1980,20230917,300,94.2,79.38,80.47
1981,20240702,304,72.0,59.4,81.28
1982,20260311,75,117.53,112.14,120.73
1983,20250113,480,425.68,400.9,429.15
1984,20240921,170,336.66,280.35,379.88
1985,20241119,603,228.34,188.0,209.22
1986,20230113,86,11.99,11.02,12.21
1987,20230723,707,225.72,184.27,228.4
1988,20230313,355,151.19,127.8,133.34
1989,20250528,90,228.46,198.42,207.76
1990,20260406,651,68.28,52.78,63.02
1991,20240731,640,151.16,118.17,162.6
1992,20240429,135,41.31,38.54,44.82
1993,20260124,701,100.15,99.92,114.86
1994,20230629,632,291.15,252.34,254.08
1995,20230621,337,284.78,236.46,263.73
1996,20230314,177,72.58,66.94,68.62
1997,20240306,348,233.48,217.7,250.64
1998,20251108,425,155.73,131.02,152.99
1999,20250609,58,31.75,25.18,28.42
2000,20231202,562,188.77,183.63,190.81
2001,20260609,700,159.22,123.57,165.2
2002,20231124,528,365.56,300.82,385.53
2003,20250127,244,357.61,346.27,405.24
2004,20250617,384,52.49,44.69,58.26
2005,20250225,397,149.6,116.32,149.11
2006,20250916,546,65.36,57.0,69.58
2007,20240925,427,416.06,406.06,355.55
2008,20231028,749,202.73,161.63,214.2
2009,20260619,10,52.67,50.21,59.35
2010,20240725,580,282.51,234.28,267.45
2011,20250210,429,195.21,187.45,179.6
2012,20260507,727,29.93,26.54,27.91
2013,20240604,725,378.22,307.75,359.48
2014,20230804,158,81.27,73.51,88.01
2015,20251220,147,53.98,48.43,61.56
2016,20250507,103,169.4,145.91,165.97
2017,20251013,739,248.72,213.27,229.73
2018,20240209,678,133.31,126.95,121.72
2019,20250104,757,118.51,89.46,136.28
2020,20260422,677,101.31,93.9,94.91
2021,20250814,589,87.74,73.13,79.42
2022,20231125,284,15.97,15.97,18.24
2023,20240629,389,13.99,10.95,15.71
2024,20250226,788,168.35,151.18,147.87
2025,20251027,710,52.14,50.89,55.5
2026,20250523,265,249.31,224.52,281.77
2027,20260309,277,308.04,294.89,320.74
2028,20241029,498,309.5,238.54,299.23
2029,20251117,442,36.82,29.17,38.91
2030,20250819,429,195.21,167.36,194.6
2031,20251221,744,99.0,86.3,105.05
2032,20230131,660,11.42,10.99,12.97
2033,20230722,474,285.61,268.39,289.37
2034,20260519,624,21.67,16.85,20.09
2035,20260513,144,249.79,244.69,261.32
2036,20230614,56,266.02,256.69,299.31
2037,20240815,299,12.05,11.5,10.51
2038,20250430,37,408.21,358.64,389.89
2039,20230929,393,22.43,21.53,22.35
2040,20250406,214,309.39,307.9,282.14
2041,20240118,603,228.34,203.96,231.23
2042,20230516,525,333.84,288.42,378.53
2043,20260326,719,73.37,58.63,83.96
2044,20250917,455,34.92,28.87,30.76
2045,20240828,500,394.62,376.08,348.23
2046,20231219,94,11.79,10.02,12.07
2047,20240207,83,12.62,11.02,13.59
2048,20240901,194,314.56,260.69,296.47
2049,20231130,46,338.48,327.01,298.73
2050,20240409,733,218.3,196.78,189.2
2051,20230710,394,159.79,130.0,144.9
2052,20230303,516,76.0,68.26,70.8
2053,20230415,792,142.29,119.27,132.04
2054,20260510,445,236.18,209.11,212.11
2055,20240214,227,292.62,278.78,264.6
2056,20260301,469,161.37,139.47,163.28
2057,20230520,619,96.72,92.4,84.88
2058,20230220,610,31.94,26.13,28.03
2059,20250813,781,50.54,45.0,50.87
2060,20250221,527,81.74,67.46,93.91
2061,20260203,42,245.92,226.07,240.91
2062,20250910,732,90.88,80.92,85.81
2063,20241203,21,279.33,270.95,305.73
2064,20240320,312,205.56,156.88,189.69
2065,20240128,161,202.52,158.77,200.62
2066,20240226,349,300.82,259.7,259.23
2067,20230617,540,329.69,256.57,290.85
2068,20260609,239,177.69,153.82,176.02
2069,20240611,402,21.66,20.11,22.92
2070,20241122,732,90.88,81.6,101.31
2071,20230105,266,259.97,199.21,262.59
2072,20230808,368,122.52,108.89,112.0
2073,20251009,295,217.29,213.11,219.91
2074,20241204,689,102.62,81.36,105.57
2075,20230905,605,161.5,159.09,142.84
2076,20241125,477,253.44,233.2,269.95
2077,20240918,502,358.64,316.51,352.35
2078,20250710,785,272.2,248.76,242.01
2079,20250715,470,186.23,177.07,162.91
2080,20241029,591,113.73,111.94,115.72
2081,20251002,422,51.31,45.79,45.18
2082,20230408,539,287.91,256.54,267.27
2083,20230402,555,113.22,98.03,96.46
2084,20240824,307,130.54,124.89,147.59
2085,20251211,264,10.22,9.74,11.26
2086,20230723,254,91.01,87.79,89.87
2087,20231104,183,26.08,22.26,28.44
2088,20251220,589,87.74,77.23,80.07
2089,20231216,558,241.4,214.01,270.13
2090,20230417,167,236.05,190.06,220.63
2091,20260324,713,325.0,244.23,354.66
2092,20240130,44,186.98,141.02,207.67
2093,20260117,725,378.22,359.67,424.35
2094,20240605,195,225.23,188.08,221.49
2095,20260106,426,82.56,63.75,83.07
2096,20260324,500,394.62,296.34,348.94
2097,20241108,525,333.84,304.41,349.1
2098,20230919,426,82.56,68.71,94.88
2099,20230718,459,41.78,39.1,35.65
2100,20240819,716,97.62,91.65,91.19
2101,20250722,49,197.2,151.57,181.51
2102,20250608,18,49.16,45.9,55.46
2103,20230814,555,113.22,88.3,123.15
2104,20250126,408,74.67,60.94,80.5
2105,20260410,523,151.65,140.1,131.2
2106,20240222,79,253.18,200.14,246.83
2107,20240912,307,130.54,124.42,121.93
2108,20250117,448,28.11,21.95,30.84
2109,20250804,164,412.46,313.14,397.89
2110,20260501,539,287.91,258.83,310.35
2111,20260328,557,165.04,146.26,142.43
2112,20240429,398,70.82,55.03,78.25
2113,20230209,267,142.28,111.07,144.14
2114,20230219,660,11.42,11.18,11.5
2115,20251107,270,147.92,131.83,162.54
2116,20241002,63,58.12,57.38,54.47
2117,20230820,696,181.19,151.48,159.59
2118,20230220,580,282.51,232.22,302.56
2119,20250128,781,50.54,49.49,47.11
2120,20260218,233,146.82,141.9,165.41
2121,20260225,365,297.68,285.35,301.5
2122,20230407,127,264.28,210.9,255.23
2123,20230807,73,219.47,191.48,215.57
2124,20250524,421,82.54,68.16,92.93
2125,20250401,92,242.67,210.87,268.87
2126,20240421,243,30.66,27.6,26.28
2127,20260111,290,323.07,274.17,344.8
2128,20260515,740,239.3,207.07,210.47
2129,20250821,137,17.94,15.71,15.77
2130,20250408,183,26.08,21.14,23.96
2131,20251025,640,151.16,121.33,130.56
2132,20250106,166,277.57,255.76,238.64
2133,20250316,759,228.08,214.92,199.71
2134,20241022,587,273.68,270.22,262.85
2135,20251115,387,66.08,64.23,63.64
2136,20250523,780,78.04,59.34,83.76
2137,20241111,378,260.57,239.89,269.38
2138,20240203,179,40.39,32.0,42.78
2139,20230821,191,330.51,306.9,288.81
2140,20240426,284,15.97,12.17,16.97
2141,20230725,278,255.97,243.97,254.34
2142,20250511,336,366.26,349.69,326.52
2143,20230505,24,126.6,105.06,133.36
2144,20240730,793,136.99,109.03,139.42
2145,20250304,751,98.86,85.57,88.77
2146,20240617,554,59.83,51.09,55.25
2147,20230219,19,252.36,231.77,229.87
2148,20260421,523,151.65,116.17,154.9
2149,20241110,220,267.45,236.45,242.67
2150,20231029,130,108.44,96.93,104.3
2151,20231006,390,259.85,209.27,269.84
2152,20250531,573,146.12,122.33,138.62
2153,20230329,93,61.41,58.78,63.47
2154,20250312,139,382.89,381.35,391.57
2155,20260402,466,314.66,258.78,361.09
2156,20250326,246,289.83,222.85,262.37
2157,20251223,525,333.84,308.48,365.4
2158,20240314,426,82.56,63.18,82.3
2159,20230130,416,128.68,120.27,133.84
2160,20241103,746,393.87,374.64,368.04
2161,20230601,324,210.25,191.18,229.01
2162,20230611,250,223.62,174.92,221.59
2163,20250206,712,117.99,102.11,125.92
2164,20250809,191,330.51,328.02,358.92
2165,20251127,480,425.68,416.67,460.56
2166,20240820,168,139.86,124.97,124.86
2167,20250803,383,55.74,45.24,54.36
2168,20260410,662,142.93,115.18,163.65
2169,20240708,59,71.61,56.16,80.81
2170,20240727,332,121.61,102.47,138.44
2171,20260123,445,236.18,227.19,218.55
2172,20240601,404,249.7,241.43,269.07
2173,20240503,675,310.72,268.79,331.67
2174,20231221,203,357.94,286.77,354.34
2175,20260122,396,167.37,154.4,163.1
2176,20260306,608,103.16,101.98,96.36
2177,20240503,180,25.06,24.97,27.48
2178,20240619,539,287.91,267.49,310.46
2179,20260130,761,403.08,387.58,371.15
2180,20230213,799,172.35,159.33,158.54
2181,20250623,205,82.38,71.53,82.39
2182,20260203,333,315.8,296.88,347.64
2183,20230127,617,100.85,86.85,100.54
2184,20250316,800,138.76,108.91,156.2
2185,20250530,678,133.31,102.25,130.83
2186,20250905,629,217.61,215.38,193.45
2187,20230922,709,35.68,29.93,34.27
2188,20230326,714,29.93,28.22,30.86
2189,20260307,545,24.51,24.21,22.23
2190,20240309,26,359.21,287.16,403.06
2191,20251110,406,176.64,136.17,154.67
2192,20240623,340,256.97,203.13,281.28
2193,20251118,775,193.35,176.89,199.73
2194,20260419,414,196.54,148.09,173.21
2195,20230914,685,141.65,111.27,124.22
2196,20240612,331,284.71,266.63,287.79
2197,20250302,323,221.18,184.27,241.33
2198,20230813,622,97.19,90.0,86.54
2199,20241117,718,216.02,210.1,208.59
2200,20240812,495,21.23,18.53,20.64
2201,20240529,353,230.0,210.2,222.59
2202,20250620,780,78.04,65.33,86.23
2203,20231029,331,284.71,239.27,286.77
2204,20230804,658,277.36,239.23,307.3
2205,20230702,657,207.96,196.59,182.88
2206,20250410,50,253.67,208.48,239.47
2207,20230702,772,272.89,260.51,302.7
2208,20230509,391,64.13,62.51,72.94
2209,20240118,413,98.94,75.0,102.92
2210,20240626,428,389.44,361.08,447.72
2211,20240811,205,82.38,64.78,82.3
2212,20241126,408,74.67,60.03,74.65
2213,20260425,116,34.36,30.75,38.5
2214,20230316,438,40.99,33.38,36.34
2215,20240313,532,328.3,264.61,320.9
2216,20230717,545,24.51,18.86,23.62
2217,20230811,226,250.65,238.56,238.01
2218,20241205,647,184.7,155.9,207.9
2219,20230829,323,221.18,209.09,244.08
2220,20240710,31,281.2,242.34,246.72
2221,20260305,323,221.18,186.57,240.55
2222,20250105,195,225.23,172.86,220.47
2223,20260325,34,218.67,165.5,186.87
2224,20230617,583,182.74,161.29,197.5
2225,20260315,798,130.63,101.09,125.78
2226,20230306,558,241.4,206.65,244.7
2227,20230131,344,107.89,100.28,118.31
2228,20251113,649,267.48,234.81,259.25
2229,20230803,589,87.74,68.07,95.78
2230,20241006,402,21.66,16.62,20.39
2231,20250825,131,24.54,21.41,21.36
2232,20240330,649,267.48,254.28,299.66
2233,20260228,774,100.34,89.79,99.23
2234,20240824,284,15.97,14.56,14.62
2235,20241206,112,332.69,260.08,308.67
2236,20240727,587,273.68,270.4,243.59
2237,20250730,240,48.56,41.48,43.17
2238,20260522,725,378.22,283.69,338.89
2239,20260618,667,106.93,93.05,97.03
2240,20251019,438,40.99,38.5,45.29
2241,20250725,533,169.61,161.46,176.48
2242,20240716,607,181.88,153.47,178.8
2243,20260211,37,408.21,353.72,431.8
2244,20231203,314,241.0,182.09,240.98
2245,20250514,691,160.49,132.62,149.54
2246,20250906,412,57.85,53.78,54.73
2247,20251108,584,303.45,240.97,333.21
2248,20251125,73,219.47,165.91,204.25
2249,20230311,637,73.36,66.78,78.04
2250,20230808,467,166.44,132.82,146.09
2251,20231010,278,255.97,196.07,245.96
2252,20260428,449,22.61,17.61,24.98
2253,20251130,782,103.0,78.81,103.35
2254,20250306,288,29.26,22.09,26.75
2255,20240613,455,34.92,27.59,38.29
2256,20260523,265,249.31,237.17,279.51
2257,20260624,651,68.28,62.84,66.7
2258,20230108,309,270.23,265.12,306.73
2259,20240903,190,46.04,43.15,41.67
2260,20231002,321,380.87,350.64,326.4
2261,20230223,434,136.54,109.94,124.74
2262,20240507,138,287.07,280.47,313.82
2263,20231025,585,163.26,150.63,154.88
2264,20240510,398,70.82,62.21,79.9
2265,20250520,86,11.99,11.41,11.86
2266,20240709,103,169.4,154.97,152.67
2267,20260606,526,17.69,14.76,19.58
2268,20230921,732,90.88,77.42,82.3
2269,20251019,245,129.45,116.66,133.7
2270,20241111,717,37.49,29.6,40.73
2271,20230527,470,186.23,170.79,210.52
2272,20251227,357,34.05,29.59,35.36
2273,20240910,206,36.22,35.14,38.42
2274,20260121,549,116.99,106.46,114.92
2275,20240822,529,73.96,58.88,80.62
2276,20230226,214,309.39,306.09,340.75
2277,20230722,268,75.48,71.1,85.05
2278,20241219,19,252.36,207.26,243.81
2279,20231204,317,251.02,216.13,243.64
2280,20250303,236,380.33,312.94,366.17
2281,20231221,289,53.05,41.6,54.53
2282,20250321,76,227.03,206.97,194.86
2283,20241023,214,309.39,278.46,348.5
2284,20240804,502,358.64,327.99,355.68
2285,20241119,272,66.09,60.45,64.86
2286,20240513,200,245.23,190.69,214.64
2287,20251009,628,117.7,99.31,116.73
2288,20230328,549,116.99,113.61,126.45
2289,20250317,440,113.85,92.39,102.82
2290,20230414,497,311.63,261.61,349.51
2291,20230211,299,12.05,11.92,12.17
2292,20240225,519,54.14,41.98,49.89
2293,20231005,10,52.67,41.6,45.66
2294,20240805,633,57.66,56.42,49.35
2295,20250715,174,208.41,187.84,193.75
2296,20250723,243,30.66,29.71,26.2
2297,20260530,407,187.73,155.11,194.74
2298,20260616,248,229.78,225.63,251.89
2299,20240212,50,253.67,218.52,225.5
2300,20250226,314,241.0,236.58,229.8
2301,20240521,162,43.61,34.36,43.0
2302,20241206,666,221.55,184.26,220.84
2303,20240515,64,238.84,231.27,265.25
2304,20230223,334,266.65,230.68,253.5
2305,20240529,601,17.49,13.93,18.39
2306,20250915,372,11.94,9.75,13.65
2307,20241111,750,22.62,16.97,25.23
2308,20230809,716,97.62,95.15,97.46
2309,20230802,382,50.92,41.18,49.98
2310,20240502,329,269.12,209.11,268.78
2311,20240612,479,253.27,210.25,239.56
2312,20230211,86,11.99,10.55,11.37
2313,20260213,203,357.94,355.71,366.35
2314,20240325,139,382.89,299.71,352.74
2315,20230706,628,117.7,112.24,123.3
2316,20240805,799,172.35,163.62,192.44
2317,20250727,800,138.76,127.17,152.1
2318,20260620,356,128.43,115.27,145.39
2319,20250119,374,330.48,306.23,296.77
2320,20250828,742,222.66,188.24,198.28
2321,20250217,511,114.7,109.21,108.14
2322,20240716,72,119.72,104.4,135.83
2323,20230505,400,179.93,158.67,202.59
2324,20230323,577,292.69,283.01,309.77
2325,20240808,479,253.27,246.98,266.68
2326,20251210,428,389.44,310.14,440.36
2327,20260304,591,113.73,100.5,116.36
2328,20250901,52,21.14,19.2,23.27
2329,20230305,180,25.06,24.22,23.21
2330,20230810,243,30.66,28.56,34.11
2331,20240101,119,333.87,275.85,347.22
2332,20230904,724,208.64,180.29,228.63
2333,20250915,486,204.27,169.77,214.02
2334,20240812,700,159.22,145.66,171.68
2335,20250807,720,410.49,403.87,470.87
2336,20240403,460,84.17,82.4,74.62
2337,20241027,139,382.89,375.77,409.0
2338,20240310,363,113.38,99.57,117.65
2339,20250830,13,97.85,97.45,109.39
2340,20250710,542,118.48,94.08,134.15
2341,20230604,280,44.45,43.42,41.48
2342,20230619,631,266.82,204.73,245.63
2343,20230212,632,291.15,236.17,261.97
2344,20230215,374,330.48,309.96,296.67
2345,20240328,752,83.54,66.24,80.76
2346,20241115,639,208.98,208.43,234.82
2347,20230831,654,223.67,177.57,232.74
2348,20250209,31,281.2,264.09,292.29
2349,20230716,242,171.67,142.59,197.19
2350,20240227,707,225.72,212.78,206.72
2351,20230217,60,69.61,59.95,65.8
2352,20230121,58,31.75,28.52,31.79
2353,20240511,593,348.5,334.56,347.32
2354,20260129,267,142.28,125.28,150.8
2355,20240731,6,195.36,154.36,183.18
2356,20231212,605,161.5,123.12,151.31
2357,20230522,305,183.32,176.18,157.53
2358,20260323,29,170.48,136.01,192.53
2359,20230924,364,58.02,46.4,53.09
2360,20230101,278,255.97,246.91,269.61
2361,20250924,139,382.89,325.74,402.44
2362,20230708,112,332.69,319.21,340.53
2363,20230830,689,102.62,101.73,104.48
2364,20250806,557,165.04,161.19,174.95
2365,20250427,531,18.72,17.97,19.78
2366,20250813,115,258.32,241.82,259.92
2367,20231105,780,78.04,59.89,78.4
2368,20230916,713,325.0,284.06,288.8
2369,20260422,257,153.43,126.67,132.5
2370,20260226,428,389.44,319.86,381.05
2371,20230928,780,78.04,68.07,79.71
2372,20240218,512,65.44,58.58,64.25
2373,20260104,424,164.94,123.84,180.54
2374,20250727,84,73.96,65.05,77.36
2375,20250919,424,164.94,148.98,157.97
2376,20240128,430,96.92,95.62,89.25
2377,20230411,141,224.09,216.53,223.41
2378,20241123,252,26.05,21.72,27.08
2379,20230510,656,264.51,248.27,255.54
2380,20251117,312,205.56,176.62,232.26
2381,20260610,187,256.66,214.55,278.25
2382,20231008,670,228.6,219.9,237.72
2383,20240721,138,287.07,237.99,250.64
2384,20240509,40,246.38,242.43,244.37
2385,20230522,143,275.87,240.75,260.16
2386,20260519,620,141.64,133.61,156.16
2387,20260624,38,36.67,36.06,41.42
2388,20250820,435,227.4,193.69,231.35
2389,20230129,479,253.27,217.31,228.09
2390,20251030,439,350.84,335.93,380.33
2391,20260603,694,65.85,62.13,56.92
2392,20230419,407,187.73,165.36,198.56
2393,20240929,360,146.23,121.27,160.4
2394,20260304,224,205.12,204.71,177.03
2395,20230827,663,304.83,242.91,269.02
2396,20240206,157,17.11,16.7,15.67
2397,20241106,554,59.83,51.99,53.17
2398,20230305,176,155.18,144.95,152.08
2399,20240923,655,70.94,70.31,78.02
2400,20230217,639,208.98,199.24,208.69
2401,20250211,715,170.39,167.75,188.01
2402,20250719,206,36.22,32.47,31.94
2403,20241230,664,29.07,27.28,27.33
2404,20260407,120,187.42,156.6,165.65
2405,20251014,649,267.48,238.32,269.93
2406,20250619,370,263.18,232.16,262.1
2407,20231204,406,176.64,175.97,188.26
2408,20240826,611,119.6,96.95,103.27
2409,20230516,481,267.97,250.18,254.38
2410,20240724,2,108.79,83.33,93.5
2411,20260505,582,419.19,415.7,480.85
2412,20240813,616,278.04,244.25,302.51
2413,20231110,205,82.38,81.5,74.02
2414,20241116,720,410.49,397.26,387.1
2415,20240403,523,151.65,143.52,153.8
2416,20240228,741,212.39,170.86,182.5
2417,20240303,443,376.23,315.19,329.56
2418,20240214,123,122.98,122.03,139.43
2419,20231012,188,276.5,257.14,290.51
2420,20240827,212,17.63,16.97,17.96
2421,20260422,659,165.56,162.41,167.76
2422,20251107,139,382.89,358.12,401.32
2423,20240819,490,84.06,69.25,78.56
2424,20231014,768,253.35,201.04,261.28
2425,20231115,631,266.82,217.25,298.85
2426,20250720,492,101.28,86.39,96.37
2427,20250531,20,54.98,43.59,57.83
2428,20240629,607,181.88,169.28,163.27
2429,20230209,685,141.65,130.36,138.26
2430,20251019,733,218.3,188.59,226.87
2431,20230608,645,259.57,229.96,278.68
2432,20260619,482,74.27,68.49,76.87
2433,20250821,691,160.49,155.76,140.49
2434,20230613,763,348.36,278.2,394.34
2435,20260226,14,109.54,88.94,104.81
2436,20240709,267,142.28,136.09,142.85
2437,20250504,677,101.31,77.32,115.25
2438,20231226,23,213.42,183.99,204.1
2439,20241229,10,52.67,40.17,60.36
2440,20250410,82,299.58,261.6,343.47
2441,20250524,124,11.28,9.16,11.77
2442,20240617,64,238.84,186.38,263.43
2443,20230704,709,35.68,29.31,34.45
2444,20240528,709,35.68,33.78,31.22
2445,20240725,207,387.32,324.33,347.79
2446,20230404,29,170.48,134.56,194.7
2447,20230605,184,305.93,242.6,320.52
2448,20230120,705,239.69,199.31,255.21
2449,20250210,504,24.53,22.61,26.1
2450,20250806,435,227.4,214.0,235.5
2451,20230415,583,182.74,160.53,206.87
2452,20240621,23,213.42,173.54,223.44
2453,20231127,213,250.01,236.71,263.24
2454,20240630,38,36.67,35.38,38.76
2455,20230130,162,43.61,38.46,43.96
2456,20250225,41,272.3,241.46,305.29
2457,20260516,278,255.97,231.65,217.99
2458,20230617,365,297.68,268.35,284.76
2459,20230913,130,108.44,81.99,114.56
2460,20250125,734,36.51,30.31,38.58
2461,20250417,250,223.62,220.96,191.22
2462,20230601,611,119.6,96.57,121.7
2463,20230503,523,151.65,135.78,146.81
2464,20240215,464,223.36,168.87,251.66
2465,20250611,406,176.64,135.25,198.5
2466,20241023,115,258.32,230.14,280.44
2467,20250528,113,119.1,99.0,115.16
2468,20260308,749,202.73,153.99,224.68
2469,20250102,134,299.61,294.77,344.42
2470,20230902,613,46.15,44.51,39.89
2471,20230614,605,161.5,121.4,171.74
2472,20260104,713,325.0,270.52,350.53
2473,20250321,585,163.26,152.64,140.43
2474,20250713,532,328.3,276.59,291.22
2475,20241217,348,233.48,186.39,219.34
2476,20230802,174,208.41,201.35,219.94
2477,20251114,122,193.32,174.55,218.56
2478,20260503,628,117.7,98.38,120.81
2479,20260513,348,233.48,192.1,260.75
2480,20230127,450,361.37,326.14,380.45
2481,20241018,89,83.91,79.82,79.03
2482,20230902,35,16.22,15.82,17.23
2483,20260520,196,79.66,65.61,91.18
2484,20250819,754,408.58,345.63,430.0
2485,20250828,645,259.57,240.98,250.47
2486,20260310,540,329.69,287.61,363.9
2487,20240823,495,21.23,16.43,23.99
2488,20260619,150,107.86,85.38,91.97
2489,20230218,419,199.26,176.61,185.74
2490,20241224,343,17.55,13.86,15.02
2491,20230319,40,246.38,211.23,223.0
2492,20251206,450,361.37,287.14,413.67
2493,20230211,389,13.99,11.76,15.42
2494,20260101,683,426.67,422.09,402.81
2495,20230330,470,186.23,178.63,195.21
2496,20230120,490,84.06,79.67,96.47
2497,20241208,434,136.54,129.71,123.68
2498,20260302,309,270.23,264.76,301.1
2499,20250423,650,142.56,108.19,159.7
2500,20260501,479,253.27,233.25,279.16
2501,20240329,709,35.68,34.19,40.24
2502,20240503,462,220.62,179.96,239.48
2503,20240710,397,149.6,146.49,138.48
2504,20260318,342,102.47,80.06,108.98
2505,20251227,658,277.36,216.72,299.85
2506,20230819,45,269.74,223.02,268.89
2507,20240606,120,187.42,181.07,201.28
2508,20231015,741,212.39,207.02,189.93
2509,20230310,658,277.36,265.86,241.8
2510,20241124,460,84.17,67.69,84.69
2511,20230202,122,193.32,155.32,213.85
2512,20260508,110,284.95,271.91,300.96
2513,20260119,299,12.05,10.66,10.56
2514,20241109,673,423.99,356.66,379.4
2515,20251014,507,266.28,223.31,232.6
2516,20240126,604,104.98,82.3,119.7
2517,20240716,20,54.98,49.29,51.53
2518,20251215,328,77.81,71.89,66.94
2519,20230915,153,89.99,74.24,97.05
2520,20250211,680,272.43,261.54,303.05
2521,20260402,731,425.46,423.71,395.57
2522,20260525,594,93.21,87.68,97.29
2523,20241023,137,17.94,17.49,19.37
2524,20240120,428,389.44,294.98,337.15
2525,20250606,411,64.81,60.74,65.18
2526,20250403,197,150.97,118.33,152.69
2527,20231114,729,357.03,299.77,350.47
2528,20250429,203,357.94,269.45,397.36
2529,20240816,719,73.37,61.0,67.16
2530,20240812,116,34.36,27.37,37.21
2531,20240202,170,336.66,288.67,385.06
2532,20240610,151,452.82,429.17,470.74
2533,20250228,231,190.39,173.18,193.82
2534,20260106,498,309.5,282.68,290.22
2535,20240701,598,111.7,107.12,97.45
2536,20260318,553,68.99,62.06,72.54
2537,20241217,405,234.96,217.36,233.8
2538,20230604,153,89.99,84.5,89.46
2539,20230505,440,113.85,110.8,126.84
2540,20251008,565,40.62,34.41,44.76
2541,20230921,291,178.18,153.18,181.47
2542,20250507,145,222.21,207.54,192.03
2543,20250516,605,161.5,134.45,183.25
2544,20241113,495,21.23,16.22,20.06
2545,20240628,64,238.84,194.2,211.88
2546,20240624,278,255.97,201.77,281.68
2547,20230301,429,195.21,193.1,192.48
2548,20230729,268,75.48,69.12,85.84
2549,20240222,275,34.97,32.32,34.1
2550,20231013,79,253.18,191.61,281.26
2551,20250723,594,93.21,87.56,102.48
2552,20260507,768,253.35,238.28,286.15
2553,20251002,47,225.94,192.77,228.0
2554,20230117,648,33.89,33.75,30.79
2555,20250503,176,155.18,127.83,174.12
2556,20260616,526,17.69,16.87,17.27
2557,20251008,615,107.87,95.98,117.46
2558,20250817,609,249.15,240.22,228.89
2559,20240420,584,303.45,253.74,285.91
2560,20230504,354,235.99,216.4,214.13
2561,20250126,308,277.35,273.04,260.46
2562,20250902,369,98.11,74.02,91.42
2563,20240708,378,260.57,244.74,299.34
2564,20250311,508,358.96,302.77,331.17
2565,20260222,39,85.06,84.47,81.65
2566,20240523,557,165.04,134.61,173.24
2567,20240125,668,120.7,98.85,109.36
2568,20230323,349,300.82,255.96,344.86
2569,20241215,650,142.56,138.95,143.44
2570,20251221,726,274.85,244.57,245.05
2571,20230824,260,283.2,224.25,325.21
2572,20251213,232,283.79,243.21,272.34
2573,20240905,584,303.45,266.66,277.87
2574,20240225,154,257.41,195.87,257.16
2575,20240617,689,102.62,95.03,90.37
2576,20241219,449,22.61,21.1,21.69
2577,20250919,719,73.37,72.68,71.28
2578,20260622,456,219.24,168.13,189.14
2579,20241208,10,52.67,45.66,58.48
2580,20250408,409,219.82,209.59,230.17
2581,20250905,789,412.97,363.01,371.02
2582,20260510,187,256.66,194.74,258.13
2583,20231217,313,145.22,137.36,158.51
2584,20230605,640,151.16,117.52,167.96
2585,20240607,788,168.35,153.55,182.19
2586,20251210,215,179.63,136.22,197.07
2587,20230814,42,245.92,191.67,249.59
2588,20230615,575,196.28,174.62,208.97
2589,20240109,361,218.41,215.1,206.47
2590,20240125,168,139.86,124.8,149.95
2591,20230220,684,145.2,117.71,125.45
2592,20250513,78,147.0,140.84,125.84
2593,20250503,57,20.69,17.74,20.33
2594,20260503,714,29.93,23.33,34.3
2595,20260330,578,330.25,257.51,322.0
2596,20250317,396,167.37,154.87,171.44
2597,20230512,97,301.78,272.91,284.77
2598,20250329,381,275.49,223.02,312.08
2599,20260620,329,269.12,227.22,261.02
2600,20240624,665,406.18,335.26,426.47
2601,20260119,773,48.89,44.88,43.08
2602,20250706,727,29.93,27.44,28.95
2603,20260622,285,204.89,197.27,174.71
2604,20231104,511,114.7,93.49,119.8
2605,20260405,606,54.24,53.35,57.38
2606,20230409,66,232.57,203.82,208.53
2607,20260121,514,340.45,307.06,296.09
2608,20230601,752,83.54,76.51,87.91
2609,20250305,356,128.43,104.73,125.71
2610,20231210,396,167.37,141.26,155.57
2611,20260316,251,350.95,302.27,390.74
2612,20240717,436,313.39,254.31,300.35
2613,20240617,311,360.5,338.52,390.73
2614,20230707,310,71.17,62.11,76.88
2615,20260120,228,211.07,170.53,190.7
2616,20230420,566,84.3,65.48,87.15
2617,20240425,13,97.85,77.26,112.12
2618,20241019,346,279.84,254.35,294.23
2619,20260329,169,80.84,76.78,85.94
2620,20250828,486,204.27,179.83,179.94
2621,20250114,409,219.82,178.75,222.52
2622,20230430,34,218.67,178.68,241.22
2623,20250111,60,69.61,53.54,77.26
2624,20250722,184,305.93,233.08,293.14
2625,20251214,326,267.52,260.85,301.74
2626,20231028,713,325.0,250.19,332.13
2627,20240626,257,153.43,145.12,136.22
2628,20240219,100,63.71,60.46,71.22
2629,20240511,666,221.55,181.17,213.77
2630,20260113,757,118.51,93.02,108.52
2631,20250626,629,217.61,200.42,202.68
2632,20241108,785,272.2,240.02,290.25
2633,20250727,599,224.63,182.99,253.47
2634,20240117,761,403.08,364.43,387.99
2635,20230406,685,141.65,139.74,137.98
2636,20230817,628,117.7,114.14,110.06
2637,20240515,198,61.79,55.66,67.86
2638,20230515,373,240.17,228.39,231.16
2639,20240908,22,105.46,95.53,112.55
2640,20230316,396,167.37,130.76,160.19
2641,20260112,766,210.17,160.37,225.16
2642,20240321,192,142.28,107.9,146.74
2643,20230816,716,97.62,83.3,92.89
2644,20250117,624,21.67,21.42,23.24
2645,20240515,759,228.08,190.27,235.73
2646,20241018,573,146.12,129.27,148.11
2647,20240811,760,321.52,244.42,277.65
2648,20231102,91,191.54,146.91,166.9
2649,20240305,172,59.34,56.97,53.58
2650,20250308,414,196.54,168.26,211.42
2651,20251015,609,249.15,230.37,216.95
2652,20240214,537,125.74,112.18,143.58
2653,20250304,635,53.49,47.5,47.83
2654,20230118,709,35.68,34.86,30.71
2655,20241202,453,159.04,140.33,146.2
2656,20230903,559,55.12,41.71,49.64
2657,20241007,390,259.85,245.73,270.71
2658,20230330,448,28.11,24.9,24.89
2659,20240722,606,54.24,46.83,52.75
2660,20241211,659,165.56,163.35,186.99
2661,20260608,26,359.21,338.69,369.45
2662,20260629,8,211.32,174.4,188.12
2663,20250420,375,46.16,46.1,52.33
2664,20250417,493,91.44,74.5,97.63
2665,20240101,559,55.12,46.91,54.2
2666,20240830,500,394.62,311.56,390.68
2667,20230421,216,336.54,285.79,297.22
2668,20251113,791,228.37,206.64,195.43
2669,20260621,539,287.91,272.56,310.22
2670,20240802,647,184.7,178.96,184.43
2671,20250612,455,34.92,32.83,33.02
2672,20240906,757,118.51,111.31,116.98
2673,20240814,212,17.63,14.36,18.27
2674,20230715,784,112.95,94.68,101.94
2675,20240409,199,127.18,126.28,130.59
2676,20231103,517,325.99,250.17,278.75
2677,20250508,14,109.54,84.3,118.95
2678,20230610,659,165.56,138.12,183.59
2679,20260222,728,23.99,20.38,25.72
2680,20260112,281,253.48,200.15,227.94
2681,20260424,129,285.77,250.7,327.73
2682,20240517,630,339.79,259.06,345.56
2683,20251027,2,108.79,98.76,107.84
2684,20230521,672,106.54,82.33,108.12
2685,20230810,47,225.94,215.8,222.0
2686,20230822,574,292.71,242.22,266.52
2687,20230329,486,204.27,155.13,206.65
2688,20260315,715,170.39,164.81,148.94
2689,20240225,563,41.14,35.19,43.79
2690,20250728,472,30.87,28.4,31.12
2691,20250530,652,164.75,158.46,173.04
2692,20240606,711,89.35,76.51,97.43
2693,20260225,453,159.04,120.12,153.2
2694,20250419,216,336.54,318.95,348.8
2695,20250206,306,267.41,203.64,299.11
2696,20231108,38,36.67,34.53,38.37
2697,20260619,194,314.56,299.8,330.45
2698,20250822,741,212.39,210.37,234.2
2699,20251125,92,242.67,205.73,263.65
2700,20240604,194,314.56,236.33,275.24
2701,20260501,132,116.18,114.61,115.8
2702,20230426,770,92.3,81.47,88.3
2703,20230109,651,68.28,68.19,67.11
2704,20241009,241,311.53,290.92,350.55
2705,20240707,543,164.16,139.95,186.46
2706,20260417,505,143.55,136.68,126.85
2707,20240316,659,165.56,134.28,143.42
2708,20240107,499,261.75,214.45,279.27
2709,20250410,420,122.78,106.12,115.72
2710,20230121,410,94.32,80.14,92.06
2711,20230702,321,380.87,331.17,368.48
2712,20240606,417,243.35,216.16,229.47
2713,20260621,440,113.85,97.88,97.22
2714,20241229,350,195.28,158.64,198.03
2715,20231210,372,11.94,9.2,13.15
2716,20250115,543,164.16,146.93,165.2
2717,20241213,780,78.04,70.34,83.61
2718,20250925,704,18.97,17.17,20.49
2719,20250414,773,48.89,36.99,47.97
2720,20260419,330,288.16,235.65,268.4
2721,20230801,619,96.72,90.75,85.52
2722,20230529,665,406.18,328.41,390.08
2723,20250420,638,35.51,27.6,40.6
2724,20230203,428,389.44,316.64,339.29
2725,20231125,566,84.3,71.27,85.89
2726,20260509,383,55.74,50.86,59.26
2727,20250610,25,50.32,42.34,46.98
2728,20260415,751,98.86,98.25,96.46
2729,20250316,91,191.54,187.15,166.95
2730,20240627,557,165.04,161.55,183.08
2731,20250219,11,54.42,42.01,53.8
2732,20251207,74,140.18,136.0,130.06
2733,20260118,10,52.67,52.59,50.4
2734,20230506,338,214.38,180.14,197.36
2735,20230101,191,330.51,248.67,358.58
2736,20240923,122,193.32,191.82,176.13
2737,20240511,494,380.5,355.91,340.04
2738,20250415,208,194.43,156.45,170.14
2739,20250609,494,380.5,298.42,415.95
2740,20250122,137,17.94,15.97,18.98
2741,20230408,262,237.84,209.47,202.87
2742,20240405,748,241.47,216.59,253.04
2743,20230122,460,84.17,82.45,91.89
2744,20230118,485,125.2,99.44,140.88
2745,20260318,218,193.69,189.97,197.13
2746,20260605,165,223.04,175.96,196.13
2747,20260403,351,348.89,262.64,377.17
2748,20241201,768,253.35,251.55,280.57
2749,20230513,254,91.01,90.69,94.45
2750,20230713,378,260.57,211.59,243.26
2751,20250617,792,142.29,115.26,140.64
2752,20231106,132,116.18,98.01,104.13
2753,20240226,375,46.16,43.48,44.68
2754,20230512,378,260.57,234.29,230.35
2755,20241121,636,140.04,138.89,123.89
2756,20250604,157,17.11,15.48,18.99
2757,20250216,52,21.14,17.03,19.06
2758,20240728,434,136.54,129.38,147.96
2759,20250608,219,21.56,19.66,22.06
2760,20240529,140,105.24,104.02,97.86
2761,20230826,440,113.85,91.43,126.53
2762,20240206,689,102.62,91.8,98.73
2763,20250514,140,105.24,79.95,92.08
2764,20240520,669,256.27,228.18,230.99
2765,20241209,426,82.56,74.03,78.77
2766,20230520,9,228.25,203.64,246.34
2767,20260103,594,93.21,81.25,80.59
2768,20230310,478,272.96,252.83,255.35
2769,20250506,593,348.5,283.72,306.86
2770,20230723,720,410.49,323.15,453.98
2771,20230721,582,419.19,394.41,401.95
2772,20230914,511,114.7,96.48,105.92
2773,20230828,753,306.18,231.32,299.73
2774,20250216,271,181.82,146.32,192.07
2775,20250429,361,218.41,197.09,227.76
2776,20240130,720,410.49,357.12,374.17
2777,20230329,483,167.82,158.3,178.63
2778,20230616,243,30.66,30.27,32.54
2779,20250906,395,380.39,335.66,399.25
2780,20250116,597,11.11,10.23,10.94
2781,20230301,93,61.41,50.97,54.34
2782,20260406,31,281.2,251.41,306.93
2783,20231110,361,218.41,184.79,211.54
2784,20251018,408,74.67,61.81,77.78
2785,20231105,680,272.43,240.44,291.52
2786,20260425,518,38.63,35.81,37.14
2787,20250908,154,257.41,203.8,285.1
2788,20251214,299,12.05,9.6,10.43
2789,20250830,120,187.42,143.83,203.57
2790,20241024,341,53.82,49.36,47.99
2791,20250331,632,291.15,270.21,314.3
2792,20250712,433,60.97,57.77,66.79
2793,20240621,144,249.79,198.23,214.99
2794,20250508,180,25.06,23.44,25.06
2795,20250605,262,237.84,199.45,271.75
2796,20260409,606,54.24,45.02,54.33
2797,20260506,489,258.71,249.59,226.39
2798,20231104,187,256.66,211.59,248.64
2799,20240503,347,58.66,50.23,53.02
2800,20240729,167,236.05,183.48,263.21
2801,20250815,795,235.28,178.15,260.07
2802,20260628,453,159.04,120.67,144.71
2803,20240406,790,117.22,96.64,120.37
2804,20230407,458,116.37,102.67,130.94
2805,20260215,438,40.99,34.6,42.12
2806,20260511,640,151.16,150.58,164.24
2807,20260601,106,80.14,71.35,87.75
2808,20241001,385,85.79,81.68,97.25
2809,20250708,37,408.21,402.83,444.47
2810,20240211,205,82.38,71.22,71.9
2811,20240517,405,234.96,187.47,239.38
2812,20230604,272,66.09,56.46,71.43
2813,20231018,537,125.74,117.9,127.21
2814,20230114,624,21.67,18.33,21.32
2815,20231025,648,33.89,30.4,29.57
2816,20240916,53,274.33,246.82,297.07
2817,20250906,583,182.74,146.12,182.85
2818,20230713,316,244.0,211.91,274.24
2819,20260602,708,140.71,115.28,126.91
2820,20240305,238,232.61,216.37,267.07
2821,20250326,539,287.91,217.39,249.99
2822,20250313,437,95.28,79.8,91.33
2823,20241125,528,365.56,331.78,316.74
2824,20230830,271,181.82,167.8,206.31
2825,20240504,266,259.97,258.73,272.73
2826,20240123,628,117.7,104.26,123.45
2827,20240323,443,376.23,311.79,357.67
2828,20250915,333,315.8,237.04,280.91
2829,20230121,133,157.64,137.9,166.28
2830,20230804,560,40.22,31.91,35.99
2831,20250607,762,278.35,270.66,310.02
2832,20250830,463,203.4,200.95,223.75
2833,20230403,460,84.17,64.93,85.3
2834,20241224,559,55.12,43.98,57.69
2835,20250609,183,26.08,20.14,28.1
2836,20260518,453,159.04,136.85,149.35
2837,20260203,338,214.38,210.84,235.79
2838,20260511,254,91.01,85.88,94.44
2839,20230221,750,22.62,20.83,22.24
2840,20250712,325,223.83,219.14,253.34
2841,20241202,352,272.28,233.49,302.95
2842,20260524,360,146.23,140.36,141.41
2843,20251206,417,243.35,217.42,219.64
2844,20240316,255,317.46,276.25,358.08
2845,20250410,283,273.75,210.61,245.21
2846,20231114,385,85.79,73.1,81.59
2847,20250411,174,208.41,200.16,190.28
2848,20241005,299,12.05,9.37,10.65
2849,20240413,380,239.62,185.39,226.01
2850,20260113,102,258.72,238.83,245.66
2851,20240820,666,221.55,198.7,210.41
2852,20250602,5,163.2,130.06,176.7
2853,20240723,779,134.97,116.69,119.77
2854,20250404,219,21.56,20.8,21.03
2855,20250422,585,163.26,151.87,145.15
2856,20250525,68,17.84,13.56,17.81
2857,20230517,24,126.6,106.34,137.08
2858,20241114,645,259.57,229.05,246.07
2859,20231227,57,20.69,20.13,21.03
2860,20230920,39,85.06,84.15,91.1
2861,20250217,422,51.31,50.21,54.85
2862,20250715,178,241.37,198.9,216.54
2863,20260206,604,104.98,101.96,115.69
2864,20231012,145,222.21,175.11,204.14
2865,20250131,631,266.82,231.37,254.31
2866,20260416,728,23.99,23.17,23.83
2867,20231224,383,55.74,51.49,59.96
2868,20250907,349,300.82,251.67,312.23
2869,20260217,653,210.05,192.57,238.1
2870,20230421,474,285.61,279.47,272.5
2871,20250509,602,85.13,83.96,87.07
2872,20250711,556,340.34,310.2,346.35
2873,20250928,579,241.27,192.08,276.06
2874,20230522,254,91.01,75.0,88.23
2875,20240125,608,103.16,80.03,87.88
2876,20230101,274,185.35,144.24,207.77
2877,20250109,685,141.65,122.07,142.69
2878,20260204,772,272.89,208.94,279.88
2879,20231211,397,149.6,125.44,150.84
2880,20251114,629,217.61,205.88,185.61
2881,20240114,533,169.61,158.42,170.62
2882,20230620,771,87.72,69.84,82.93
2883,20250822,104,158.51,119.58,161.77
2884,20240323,581,46.45,44.93,40.88
2885,20230904,196,79.66,60.34,76.42
2886,20250306,494,380.5,342.84,385.11
2887,20260325,246,289.83,266.31,270.25
2888,20230510,724,208.64,183.2,193.3
2889,20240613,174,208.41,184.6,221.73
2890,20240314,126,119.25,109.04,110.1
2891,20260526,269,15.66,15.47,14.91
2892,20230421,15,179.98,175.16,157.27
2893,20260610,230,55.79,45.0,47.9
2894,20240914,75,117.53,114.92,127.51
2895,20240905,89,83.91,81.58,79.91
2896,20250126,620,141.64,122.89,144.67
2897,20230303,386,184.17,182.84,168.23
2898,20250404,627,323.38,254.85,353.03
2899,20241212,667,106.93,105.74,116.88
2900,20231201,288,29.26,26.3,29.2
2901,20230126,529,73.96,60.41,72.85
2902,20241111,194,314.56,261.96,270.95
2903,20240606,762,278.35,215.54,243.82
2904,20231009,717,37.49,29.91,37.97
2905,20230602,695,219.54,204.76,236.98
2906,20250902,40,246.38,207.99,273.04
2907,20251024,389,13.99,12.7,12.04
2908,20240407,551,39.75,33.47,35.41
2909,20240731,545,24.51,18.73,24.71
2910,20240515,412,57.85,43.84,55.86
2911,20240918,520,361.69,351.72,329.94
2912,20260605,454,323.6,283.17,363.56
2913,20250914,769,93.19,83.36,103.96
2914,20240126,740,239.3,212.97,239.4
2915,20230411,271,181.82,144.31,176.9
2916,20250218,256,108.27,101.23,108.15
2917,20240512,459,41.78,34.97,45.65
2918,20240127,637,73.36,66.77,66.76
2919,20240518,754,408.58,323.03,362.44
2920,20241216,423,26.19,23.82,27.73
2921,20260118,231,190.39,156.51,175.33
2922,20230721,525,333.84,294.74,380.76
2923,20250101,402,21.66,20.66,18.84
2924,20241010,765,31.01,24.46,32.78
2925,20240706,230,55.79,47.6,58.81
2926,20230131,36,214.64,213.04,212.83
2927,20240215,362,342.7,300.2,372.38
2928,20260625,347,58.66,44.32,63.47
2929,20230928,227,292.62,264.26,272.46
2930,20251209,165,223.04,178.17,233.26
2931,20240122,244,357.61,323.86,319.76
2932,20230103,655,70.94,57.75,65.75
2933,20240529,734,36.51,33.81,37.24
2934,20251118,587,273.68,219.58,265.12
2935,20250307,296,86.09,84.43,85.99
2936,20241208,607,181.88,180.19,177.28
2937,20230504,118,410.38,375.93,389.66
2938,20230516,137,17.94,17.67,16.0
2939,20250714,399,52.27,45.35,45.81
2940,20250808,203,357.94,314.02,338.31
2941,20240908,325,223.83,222.54,205.89
2942,20251104,683,426.67,400.93,434.18
2943,20251003,74,140.18,130.84,141.72
2944,20251006,689,102.62,97.26,95.47
2945,20260208,744,99.0,94.08,100.06
2946,20260322,374,330.48,326.32,308.73
2947,20240107,460,84.17,72.63,77.23
2948,20260405,450,361.37,345.43,374.85
2949,20251004,518,38.63,35.97,35.37
2950,20240926,14,109.54,101.57,96.08
2951,20250625,534,111.77,97.28,128.44
2952,20230621,299,12.05,11.77,13.41
2953,20240921,578,330.25,266.6,373.84
2954,20240217,357,34.05,32.26,39.08
2955,20260116,683,426.67,362.47,403.23
2956,20260313,328,77.81,62.35,88.82
2957,20240618,689,102.62,97.66,89.36
2958,20250619,153,89.99,85.85,93.91
2959,20230711,647,184.7,179.41,178.49
2960,20230414,512,65.44,62.38,68.27
2961,20231219,359,156.76,127.73,153.66
2962,20230708,540,329.69,308.8,368.5
2963,20251108,23,213.42,211.33,232.66
2964,20240902,302,95.16,79.52,95.04
2965,20260309,472,30.87,27.83,26.33
2966,20231101,334,266.65,232.76,260.85
2967,20260201,728,23.99,18.95,22.33
2968,20230831,392,148.86,130.31,166.04
2969,20230314,377,227.02,201.55,234.35
2970,20260525,154,257.41,220.87,236.47
2971,20251212,577,292.69,231.76,295.03
2972,20230414,200,245.23,212.1,213.16
2973,20251122,133,157.64,150.67,173.58
2974,20250430,141,224.09,218.33,198.02
2975,20251208,383,55.74,45.4,59.72
2976,20250327,98,316.05,309.84,294.97
2977,20230523,786,127.42,122.42,131.46
2978,20260227,197,150.97,136.92,169.01
2979,20240528,407,187.73,145.47,175.12
2980,20250815,618,117.82,91.92,128.55
2981,20230314,287,248.3,193.38,251.83
2982,20240913,84,73.96,60.8,63.24
2983,20230422,485,125.2,111.22,122.16
2984,20250214,721,249.16,247.34,265.88
2985,20250325,42,245.92,196.39,263.97
2986,20260529,354,235.99,214.01,257.6
2987,20250706,456,219.24,217.94,198.22
2988,20260413,260,283.2,215.51,291.1
2989,20240328,174,208.41,175.61,232.21
2990,20260510,492,101.28,80.85,97.79
2991,20240518,341,53.82,45.82,49.78
2992,20230420,727,29.93,27.71,30.17
2993,20240419,157,17.11,14.01,15.49
2994,20230516,460,84.17,79.54,76.68
2995,20230826,53,274.33,243.76,266.7
2996,20231122,292,324.11,301.25,370.36
2997,20230109,538,86.46,82.7,77.05
2998,20230504,547,393.46,352.9,392.32
2999,20260121,604,104.98,91.43,105.5
3000,20240404,403,210.54,161.28,186.85
3001,20230905,345,274.13,220.07,302.33
3002,20230711,168,139.86,129.32,131.85
3003,20250712,783,254.01,227.93,267.13
3004,20250328,300,94.2,80.41,83.74
3005,20250728,702,260.54,238.31,234.81
3006,20240609,431,27.19,25.26,26.2
3007,20230309,611,119.6,111.41,122.56
3008,20260512,647,184.7,166.43,160.16
3009,20251223,290,323.07,281.34,342.49
3010,20260416,636,140.04,125.46,136.17
3011,20240815,770,92.3,74.25,100.46
3012,20240513,292,324.11,307.45,325.27
3013,20250324,72,119.72,89.83,112.26
3014,20240307,174,208.41,189.62,235.58
3015,20250903,480,425.68,377.87,430.73
3016,20250704,763,348.36,320.31,359.09
3017,20240622,417,243.35,219.99,250.34
3018,20240501,93,61.41,50.59,63.09
3019,20230224,56,266.02,246.4,297.02
3020,20260127,116,34.36,34.1,38.78
3021,20230225,338,214.38,212.26,210.58
3022,20250130,618,117.82,104.48,119.2
3023,20231011,59,71.61,60.18,73.76
3024,20240303,262,237.84,190.06,271.63
3025,20240726,474,285.61,225.41,326.08
3026,20230816,509,90.19,87.06,103.09
3027,20230323,327,31.53,31.24,28.29
3028,20230211,573,146.12,118.48,124.32
3029,20231115,583,182.74,164.71,169.36
3030,20260407,549,116.99,97.24,128.99
3031,20240812,103,169.4,158.94,163.97
3032,20240812,724,208.64,199.7,192.8
3033,20260610,658,277.36,246.87,272.3
3034,20260521,337,284.78,230.62,284.24
3035,20230131,462,220.62,203.76,241.69
3036,20241223,670,228.6,196.2,199.64
3037,20240523,324,210.25,159.12,183.41
3038,20250302,418,235.9,198.59,210.71
3039,20230106,658,277.36,267.31,298.69
3040,20230922,781,50.54,39.15,56.2
3041,20230916,182,161.43,121.93,144.64
3042,20260110,178,241.37,184.39,235.65
3043,20250322,795,235.28,191.69,229.63
3044,20260218,446,47.38,46.16,44.67
3045,20250324,286,317.67,304.59,274.71
3046,20240424,148,26.37,22.84,24.9
3047,20250213,631,266.82,237.87,301.46
3048,20230113,69,201.68,158.3,188.32
3049,20251023,464,223.36,200.66,218.87
3050,20250118,139,382.89,291.84,368.07
3051,20231103,775,193.35,179.35,180.26
3052,20230202,457,60.47,56.36,57.34
3053,20230525,328,77.81,75.15,72.07
3054,20250903,402,21.66,19.16,23.19
3055,20251022,166,277.57,232.88,239.12
3056,20251108,678,133.31,108.11,148.82
3057,20241109,130,108.44,82.68,121.68
3058,20250618,320,204.9,179.87,193.42
3059,20240227,199,127.18,108.47,139.42
3060,20250725,131,24.54,23.98,24.48
3061,20251007,731,425.46,350.18,488.09
3062,20241031,620,141.64,140.35,149.22
3063,20230212,695,219.54,186.83,187.46
3064,20230606,288,29.26,22.49,26.8
3065,20260505,357,34.05,31.18,35.32
3066,20230625,173,352.79,317.37,302.22
3067,20250401,490,84.06,72.36,84.47
3068,20250905,290,323.07,279.55,364.75
3069,20250913,107,92.43,88.56,88.92
3070,20240114,235,351.8,312.13,330.9
3071,20250424,202,290.4,288.97,252.81
3072,20260320,317,251.02,246.53,249.18
3073,20250731,597,11.11,8.82,10.76
3074,20250311,248,229.78,228.42,211.18
3075,20250620,234,318.9,275.07,314.34
3076,20230223,550,203.17,163.35,210.66
3077,20241102,591,113.73,105.75,104.11
3078,20240825,591,113.73,113.63,113.22
3079,20240421,470,186.23,154.56,196.38
3080,20250428,574,292.71,242.07,273.63
3081,20230228,620,141.64,122.19,141.32
3082,20231214,441,334.72,261.65,285.79
3083,20241212,421,82.54,68.6,82.35
3084,20230105,248,229.78,192.98,248.67
3085,20250410,190,46.04,34.73,47.95
3086,20250428,183,26.08,23.66,22.61
3087,20240720,132,116.18,91.59,131.93
3088,20230716,119,333.87,319.55,358.13
3089,20260215,601,17.49,13.6,16.67
3090,20230916,471,34.5,31.3,30.1
3091,20260421,232,283.79,271.42,241.56
3092,20230214,600,66.54,52.01,71.06
3093,20250601,486,204.27,190.21,184.27
3094,20250302,79,253.18,232.52,281.83
3095,20250223,256,108.27,91.22,92.96
3096,20231031,199,127.18,125.73,145.78
3097,20250210,573,146.12,141.84,149.25
3098,20250703,142,258.94,241.91,242.21
3099,20250603,504,24.53,21.86,25.24
3100,20241122,785,272.2,254.35,239.3
3101,20230220,705,239.69,218.4,217.51
3102,20250820,366,384.91,298.39,403.78
3103,20250728,699,65.91,55.49,60.67
3104,20231017,764,38.17,33.23,43.87
3105,20260223,16,121.92,93.28,111.05
3106,20230520,256,108.27,97.39,106.24
3107,20250729,469,161.37,154.24,156.7
3108,20241202,240,48.56,44.04,45.56
3109,20260206,69,201.68,169.67,202.46
3110,20251210,357,34.05,29.75,38.83
3111,20251029,391,64.13,62.83,64.6
3112,20251028,267,142.28,124.27,125.99
3113,20250109,765,31.01,28.13,34.05
3114,20251012,305,183.32,165.43,161.19
3115,20250427,111,310.59,302.5,330.76
3116,20250830,80,237.98,182.07,244.23
3117,20240118,318,41.09,35.52,42.43
3118,20240623,787,222.59,167.57,190.37
3119,20260329,741,212.39,196.99,183.54
3120,20230116,561,223.15,197.64,219.17
3121,20251027,356,128.43,114.84,113.54
3122,20251107,59,71.61,64.34,61.72
3123,20241027,271,181.82,166.8,187.67
3124,20231123,143,275.87,238.2,274.18
3125,20260119,512,65.44,56.0,73.59
3126,20240330,536,232.15,228.1,206.9
3127,20231213,410,94.32,84.57,102.53
3128,20250517,491,168.23,162.97,190.51
3129,20240215,429,195.21,158.17,212.71
3130,20230423,323,221.18,186.15,217.49
3131,20260413,468,354.29,331.31,394.45
3132,20240927,248,229.78,178.99,207.42
3133,20240813,64,238.84,199.89,225.83
3134,20230702,432,269.02,221.21,248.79
3135,20250412,24,126.6,102.07,119.71
3136,20250321,466,314.66,268.53,359.77
3137,20240511,672,106.54,92.36,105.46
3138,20230801,690,128.51,105.22,141.15
3139,20230909,655,70.94,66.73,75.68
3140,20240109,781,50.54,41.71,49.09
3141,20231211,97,301.78,270.83,335.53
3142,20231015,363,113.38,105.79,103.21
3143,20260616,77,218.69,216.55,189.69
3144,20240908,249,37.07,36.05,41.62
3145,20241213,295,217.29,201.1,205.94
3146,20250626,265,249.31,201.6,268.77
3147,20250606,395,380.39,304.39,381.3
3148,20250817,270,147.92,142.0,159.63
3149,20230522,278,255.97,194.32,218.87
3150,20240716,430,96.92,93.59,84.99
3151,20231128,14,109.54,97.07,118.57
3152,20240804,199,127.18,124.07,115.75
3153,20240109,426,82.56,68.22,70.82
3154,20241130,287,248.3,206.43,229.72
3155,20241111,206,36.22,28.63,32.27
3156,20240517,696,181.19,164.56,207.73
3157,20260405,393,22.43,19.16,20.04
3158,20250703,219,21.56,20.86,20.38
3159,20260201,276,66.7,63.45,61.66
3160,20230821,353,230.0,181.55,221.65
3161,20230326,748,241.47,205.67,276.92
3162,20230917,140,105.24,98.48,107.98
3163,20240831,493,91.44,91.03,79.48
3164,20260520,630,339.79,279.27,299.37
3165,20260621,534,111.77,98.98,124.48
3166,20251205,212,17.63,13.32,15.39
3167,20230427,705,239.69,213.85,263.98
3168,20230803,373,240.17,224.62,262.36
3169,20260121,237,339.45,288.23,360.22
3170,20230118,195,225.23,185.71,258.94
3171,20251229,487,35.77,33.49,32.32
3172,20240929,82,299.58,236.54,312.56
3173,20231216,456,219.24,211.97,215.16
3174,20250912,750,22.62,17.41,21.51
3175,20230822,546,65.36,64.21,72.13
3176,20250408,602,85.13,80.0,94.57
3177,20260606,236,380.33,339.63,324.62
3178,20240705,614,10.84,10.61,9.49
3179,20240205,161,202.52,196.47,203.38
3180,20230809,611,119.6,97.79,126.73
3181,20231219,800,138.76,121.83,126.34
3182,20250505,516,76.0,68.39,75.4
3183,20250702,463,203.4,194.2,227.11
3184,20230327,594,93.21,84.44,106.98
3185,20260520,604,104.98,89.06,104.25
3186,20260323,698,103.34,98.78,115.63
3187,20240222,115,258.32,198.6,238.05
3188,20260223,250,223.62,205.5,203.76
3189,20230507,738,223.85,169.85,210.46
3190,20250524,531,18.72,16.55,19.48
3191,20251010,597,11.11,9.24,12.02
3192,20240909,262,237.84,209.68,244.48
3193,20260622,138,287.07,230.49,283.5
3194,20230424,176,155.18,143.73,138.56
3195,20260118,423,26.19,21.84,28.34
3196,20250925,766,210.17,194.79,191.05
3197,20241220,134,299.61,233.56,285.58
3198,20230922,538,86.46,86.23,82.94
3199,20230513,373,240.17,180.63,230.59
3200,20250911,610,31.94,28.31,35.55
3201,20260419,308,277.35,239.4,244.84
3202,20231011,36,214.64,200.11,201.39
3203,20240411,283,273.75,214.79,270.83
3204,20230827,2,108.79,97.39,105.41
3205,20230317,214,309.39,253.19,325.77
3206,20240810,243,30.66,30.03,30.98
3207,20250121,440,113.85,104.16,104.14
3208,20230804,346,279.84,270.47,292.36
3209,20230205,482,74.27,62.4,75.19
3210,20241203,163,35.79,33.34,39.41
3211,20250714,659,165.56,164.93,179.57
3212,20250320,220,267.45,244.22,259.96
3213,20240803,73,219.47,178.08,197.86
3214,20260610,4,279.54,264.84,270.92
3215,20250304,195,225.23,179.92,234.29
3216,20230602,667,106.93,92.28,104.4
3217,20240503,655,70.94,59.78,70.56
3218,20231120,779,134.97,113.41,148.42
3219,20250517,265,249.31,219.64,245.43
3220,20240121,689,102.62,87.07,102.6
3221,20251217,295,217.29,168.87,204.88
3222,20260104,430,96.92,88.11,93.49
3223,20260519,509,90.19,78.73,83.0
3224,20241027,266,259.97,241.82,241.47
3225,20251220,218,193.69,148.15,172.79
3226,20250713,102,258.72,230.06,277.75
3227,20231125,127,264.28,230.94,289.36
3228,20260615,455,34.92,27.87,31.44
3229,20230930,83,12.62,11.52,14.51
3230,20230314,7,169.43,140.41,158.26
3231,20231203,636,140.04,107.4,142.15
3232,20250808,780,78.04,64.85,74.63
3233,20241203,31,281.2,261.91,298.28
3234,20260516,318,41.09,36.85,45.56
3235,20240314,781,50.54,37.94,43.69
3236,20250801,147,53.98,44.49,61.22
3237,20250216,715,170.39,159.89,170.17
3238,20251011,642,93.63,85.32,102.86
3239,20240325,288,29.26,22.59,30.82
3240,20260528,536,232.15,185.2,214.83
3241,20260116,249,37.07,29.84,41.7
3242,20240714,784,112.95,100.51,124.49
3243,20260210,560,40.22,34.67,41.2
3244,20260106,354,235.99,224.72,223.49
3245,20260313,96,204.85,191.67,176.74
3246,20240424,132,116.18,101.65,118.49
3247,20230617,653,210.05,172.26,197.75
3248,20240917,6,195.36,191.22,205.8
3249,20230426,767,29.98,24.44,29.76
3250,20250505,556,340.34,257.79,309.83
3251,20241020,705,239.69,187.88,229.52
3252,20241117,75,117.53,91.61,119.3
3253,20250102,49,197.2,173.88,178.24
3254,20240706,689,102.62,90.8,106.18
3255,20250622,345,274.13,217.25,292.05
3256,20230716,363,113.38,86.12,113.13
3257,20240317,436,313.39,280.69,297.18
3258,20230701,441,334.72,266.66,295.61
3259,20230212,448,28.11,23.52,26.75
3260,20260414,587,273.68,246.63,310.69
3261,20240818,140,105.24,82.96,110.6
3262,20251105,202,290.4,271.79,315.75
3263,20240820,442,36.82,30.17,32.67
3264,20250317,738,223.85,203.43,215.48
3265,20240731,227,292.62,246.07,302.94
3266,20251226,177,72.58,62.85,73.38
3267,20241128,360,146.23,112.27,140.35
3268,20250226,537,125.74,110.93,108.36
3269,20230602,759,228.08,202.2,238.52
3270,20240929,697,203.47,179.65,231.84
3271,20250329,153,89.99,67.54,98.78
3272,20230512,265,249.31,222.18,221.92
3273,20251230,182,161.43,151.49,168.03
3274,20230512,130,108.44,96.11,118.21
3275,20240609,713,325.0,257.94,312.18
3276,20251127,727,29.93,25.12,34.22
3277,20241213,705,239.69,180.49,232.85
3278,20260402,229,168.69,168.53,148.7
3279,20240219,743,343.9,308.17,317.96
3280,20230714,497,311.63,276.02,357.61
3281,20230311,455,34.92,26.23,39.02
3282,20250807,111,310.59,300.5,330.04
3283,20230909,713,325.0,280.09,356.36
3284,20250131,709,35.68,35.39,40.39
3285,20251026,440,113.85,101.24,114.19
3286,20251030,737,232.1,203.84,240.34
3287,20240930,600,66.54,58.56,58.69
3288,20260301,520,361.69,325.68,338.08
3289,20241003,234,318.9,286.2,343.62
3290,20251102,493,91.44,78.32,103.86
3291,20230602,1,128.02,119.46,134.24
3292,20240221,731,425.46,377.77,437.26
3293,20250716,387,66.08,59.25,58.78
3294,20230811,719,73.37,71.26,81.01
3295,20240330,711,89.35,67.55,79.25
3296,20230131,15,179.98,160.36,165.16
3297,20241026,89,83.91,75.11,85.04
3298,20231209,46,338.48,287.35,332.63
3299,20260608,735,122.01,108.34,111.16
3300,20230214,99,363.81,340.69,388.82
3301,20260617,162,43.61,43.6,38.78
3302,20260305,784,112.95,91.58,108.79
3303,20231212,305,183.32,171.75,174.79
3304,20251008,208,194.43,157.85,180.77
3305,20240214,85,52.93,51.52,48.38
3306,20240320,269,15.66,13.79,14.08
3307,20240809,172,59.34,52.5,62.26
3308,20230401,428,389.44,294.56,357.81
3309,20240515,646,202.52,185.64,187.26
3310,20240531,640,151.16,126.94,152.23
3311,20250323,668,120.7,114.18,117.21
3312,20260228,538,86.46,65.5,95.65
3313,20241104,368,122.52,94.9,132.52
3314,20260627,548,210.49,182.24,182.17
3315,20250419,14,109.54,88.45,103.48
3316,20260207,646,202.52,194.55,187.17
3317,20241021,460,84.17,79.34,71.93
3318,20231007,184,305.93,260.53,278.3
3319,20240625,528,365.56,310.07,408.02
3320,20240821,355,151.19,140.65,149.35
3321,20240906,164,412.46,309.93,365.78
3322,20240813,376,268.5,262.02,298.6
3323,20240523,629,217.61,196.25,216.92
3324,20230714,587,273.68,231.9,236.04
3325,20251231,44,186.98,140.92,197.95
3326,20240925,281,253.48,237.75,247.28
3327,20250428,374,330.48,258.98,283.36
3328,20260319,487,35.77,27.63,32.91
3329,20231126,97,301.78,253.52,267.59
3330,20240911,569,318.86,298.81,351.62
3331,20251106,138,287.07,278.13,326.6
3332,20230305,315,296.21,280.29,268.09
3333,20250320,320,204.9,163.05,186.49
3334,20230529,138,287.07,250.03,278.31
3335,20230327,107,92.43,85.01,94.91
3336,20250330,189,205.54,168.4,178.39
3337,20260204,482,74.27,66.22,66.42
3338,20250503,459,41.78,36.04,37.16
3339,20260528,166,277.57,275.68,296.29
3340,20250721,719,73.37,70.01,70.27
3341,20250201,678,133.31,115.65,123.72
3342,20250423,130,108.44,89.88,121.63
3343,20250626,227,292.62,234.64,298.63
3344,20231016,347,58.66,45.95,60.11
3345,20240922,185,138.24,105.17,154.2
3346,20250705,323,221.18,186.63,238.77
3347,20230628,239,177.69,155.36,181.86
3348,20230925,611,119.6,96.44,111.19
3349,20230604,594,93.21,79.34,95.15
3350,20250908,487,35.77,31.07,36.2
3351,20230330,250,223.62,217.58,205.69
3352,20241004,248,229.78,219.42,204.18
3353,20250111,443,376.23,311.69,351.02
3354,20240307,256,108.27,99.85,111.13
3355,20240110,61,9.0,8.01,8.68
3356,20231217,80,237.98,222.94,215.53
3357,20251023,505,143.55,138.97,143.19
3358,20241217,450,361.37,275.92,332.47
3359,20260506,151,452.82,351.93,449.2
3360,20240520,31,281.2,279.0,291.67
3361,20260116,581,46.45,45.69,44.74
3362,20260107,759,228.08,186.47,219.23
3363,20241128,346,279.84,259.52,275.04
3364,20230611,100,63.71,62.59,59.22
3365,20250516,224,205.12,184.6,178.8
3366,20250526,67,220.55,167.41,224.22
3367,20250207,180,25.06,24.38,26.64
3368,20250323,240,48.56,43.63,51.99
3369,20240722,128,41.76,39.36,38.25
3370,20240710,429,195.21,154.94,197.95
3371,20230718,189,205.54,191.31,226.19
3372,20250427,128,41.76,33.28,40.52
3373,20230528,514,340.45,268.91,297.8
3374,20260513,245,129.45,106.26,130.84
3375,20250907,716,97.62,74.58,99.17
3376,20230211,672,106.54,81.56,122.45
3377,20230605,269,15.66,14.92,16.16
3378,20241212,313,145.22,141.71,126.31
3379,20250924,664,29.07,25.68,25.38
3380,20250401,428,389.44,379.91,420.21
3381,20230703,550,203.17,185.04,227.32
3382,20230124,272,66.09,57.98,62.54
3383,20241127,308,277.35,237.08,302.7
3384,20231202,289,53.05,51.44,47.17
3385,20251015,770,92.3,83.39,86.7
3386,20240603,159,138.34,127.68,123.45
3387,20231207,45,269.74,247.42,253.55
3388,20250401,232,283.79,239.82,242.63
3389,20251112,742,222.66,203.59,218.61
3390,20241012,441,334.72,280.15,378.09
3391,20231129,696,181.19,178.17,163.43
3392,20230620,776,93.65,81.52,106.72
3393,20260628,524,130.88,101.29,123.34
3394,20260224,129,285.77,285.18,322.78
3395,20250828,766,210.17,192.72,197.07
3396,20230615,76,227.03,190.55,258.19
3397,20250522,476,235.18,219.66,242.07
3398,20251231,559,55.12,44.98,49.58
3399,20230306,765,31.01,28.02,28.37
3400,20240207,696,181.19,175.33,176.44
3401,20230811,242,171.67,146.21,159.94
3402,20230318,759,228.08,190.24,242.35
3403,20241027,699,65.91,57.45,71.51
3404,20251113,608,103.16,96.57,95.49
3405,20240425,103,169.4,151.56,158.57
3406,20231004,24,126.6,97.5,143.71
3407,20240219,604,104.98,94.55,97.66
3408,20241115,441,334.72,270.66,337.69
3409,20230324,769,93.19,70.53,88.98
3410,20260609,281,253.48,196.99,261.81
3411,20260314,96,204.85,196.14,210.46
3412,20250608,153,89.99,85.5,87.54
3413,20250707,584,303.45,228.91,287.96
3414,20260626,456,219.24,196.81,186.85
3415,20230606,617,100.85,98.0,87.92
3416,20231122,78,147.0,135.37,127.07
3417,20241029,712,117.99,103.18,131.73
3418,20251031,328,77.81,67.33,82.78
3419,20231025,447,59.76,57.92,61.76
3420,20251105,150,107.86,101.07,106.24
3421,20240608,554,59.83,44.9,53.1
3422,20230228,450,361.37,293.46,383.93
3423,20260212,734,36.51,36.24,32.1
3424,20250607,380,239.62,237.81,211.44
3425,20240425,434,136.54,114.04,124.76
3426,20250816,578,330.25,293.37,359.65
3427,20230908,564,142.88,130.84,129.68
3428,20260520,429,195.21,147.62,217.66
3429,20251220,734,36.51,35.89,33.21
3430,20230623,366,384.91,354.65,366.72
3431,20251011,647,184.7,173.42,203.96
3432,20230406,677,101.31,86.28,87.26
3433,20250329,111,310.59,253.79,289.16
3434,20251214,706,136.94,105.22,116.51
3435,20250417,403,210.54,209.8,239.66
3436,20230407,464,223.36,173.94,228.26
3437,20240424,645,259.57,250.06,226.17
3438,20240122,268,75.48,74.26,73.84
3439,20230111,141,224.09,217.44,199.31
3440,20240308,387,66.08,60.7,60.94
3441,20230317,533,169.61,129.59,163.07
3442,20230819,195,225.23,202.53,238.91
3443,20260517,622,97.19,74.22,84.33
3444,20250922,592,178.71,150.66,183.62
3445,20231128,204,137.31,112.25,151.65
3446,20240705,230,55.79,46.62,63.21
3447,20230115,159,138.34,122.18,130.25
3448,20250120,288,29.26,26.81,31.32
3449,20240726,565,40.62,34.26,39.09
3450,20251113,486,204.27,189.2,187.33
3451,20250803,407,187.73,184.78,165.27
3452,20250109,533,169.61,140.21,189.9
3453,20260202,90,228.46,176.5,249.47
3454,20241216,396,167.37,140.14,181.33
3455,20260323,489,258.71,250.3,274.46
3456,20230717,72,119.72,106.77,122.71
3457,20230128,386,184.17,182.11,197.12
3458,20230418,185,138.24,130.37,118.73
3459,20241126,17,231.2,210.37,248.07
3460,20240928,68,17.84,16.66,15.33
3461,20251108,216,336.54,328.14,338.04
3462,20260314,589,87.74,66.42,96.03
3463,20240605,726,274.85,211.23,277.18
3464,20230302,712,117.99,96.56,117.31
3465,20260201,324,210.25,180.31,196.22
3466,20260601,593,348.5,307.69,379.1
3467,20240827,231,190.39,161.29,206.73
3468,20230617,257,153.43,139.0,154.23
3469,20250131,300,94.2,78.23,100.13
3470,20260622,538,86.46,84.62,92.77
3471,20251107,182,161.43,145.26,159.63
3472,20230101,118,410.38,322.13,402.72
3473,20230721,697,203.47,172.95,179.64
3474,20230620,93,61.41,47.34,59.94
3475,20240116,119,333.87,290.13,337.18
3476,20240430,362,342.7,331.48,327.65
3477,20231127,95,76.43,66.61,87.03
3478,20251112,456,219.24,175.99,195.71
3479,20250923,219,21.56,16.71,24.74
3480,20250723,709,35.68,35.51,41.02
3481,20240703,771,87.72,86.4,75.44
3482,20230103,471,34.5,33.58,37.19
3483,20240108,793,136.99,113.81,130.01
3484,20260226,759,228.08,221.47,194.84
3485,20251220,532,328.3,280.27,296.16
3486,20260203,770,92.3,78.43,92.07
3487,20251111,571,319.71,260.67,319.58
3488,20241120,294,364.34,363.48,350.19
3489,20240603,67,220.55,178.12,209.94
3490,20250412,429,195.21,178.23,193.3
3491,20240802,409,219.82,193.0,206.93
3492,20250616,460,84.17,76.36,84.04
3493,20230805,420,122.78,112.31,134.04
3494,20240518,589,87.74,83.93,76.26
3495,20251013,330,288.16,241.23,324.85
3496,20240607,239,177.69,141.82,191.98
3497,20240622,301,241.8,182.32,273.8
3498,20251117,726,274.85,253.5,273.94
3499,20230619,627,323.38,256.76,329.85
3500,20230323,324,210.25,164.78,210.68
3501,20230829,751,98.86,82.01,92.02
3502,20250916,675,310.72,305.02,302.98
3503,20260301,647,184.7,173.41,201.77
3504,20231221,38,36.67,29.73,31.38
3505,20250505,720,410.49,389.92,402.53
3506,20230211,489,258.71,232.23,222.42
3507,20230519,505,143.55,141.22,145.63
3508,20240219,38,36.67,34.81,34.46
3509,20231213,195,225.23,206.17,223.1
3510,20230117,13,97.85,80.09,90.44
3511,20240514,605,161.5,157.12,154.69
3512,20240908,594,93.21,83.79,98.24
3513,20251023,343,17.55,17.27,19.15
3514,20240522,793,136.99,122.51,150.63
3515,20241208,387,66.08,66.08,59.91
3516,20251217,442,36.82,31.9,40.58
3517,20250206,167,236.05,234.87,263.75
3518,20251218,267,142.28,122.43,147.85
3519,20250403,750,22.62,18.54,20.98
3520,20231122,660,11.42,11.38,10.88
3521,20260508,581,46.45,43.62,42.82
3522,20230802,658,277.36,246.15,288.07
3523,20230222,715,170.39,145.33,162.84
3524,20251010,621,238.21,205.19,243.61
3525,20240408,456,219.24,166.06,235.98
3526,20251231,296,86.09,74.46,85.07
3527,20250119,7,169.43,141.51,158.47
3528,20251025,58,31.75,25.62,31.05
3529,20260428,488,237.94,227.44,240.88
3530,20240204,57,20.69,16.49,20.82
3531,20250115,701,100.15,95.1,92.43
3532,20250121,477,253.44,248.01,223.33
3533,20240211,695,219.54,207.9,195.82
3534,20231008,331,284.71,262.27,278.03
3535,20240405,472,30.87,28.05,28.15
3536,20250302,148,26.37,20.91,23.29
3537,20240806,115,258.32,219.13,289.05
3538,20250818,409,219.82,187.9,221.58
3539,20240911,737,232.1,176.5,258.81
3540,20230918,249,37.07,29.93,31.73
3541,20250602,477,253.44,190.65,252.35
3542,20231002,526,17.69,14.36,19.32
3543,20250717,324,210.25,206.27,183.43
3544,20250602,290,323.07,273.97,342.31
3545,20240616,67,220.55,187.59,252.37
3546,20231201,487,35.77,32.72,33.16
3547,20230112,561,223.15,203.22,195.25
3548,20250128,112,332.69,326.46,347.61
3549,20230124,146,188.03,184.16,194.71
3550,20260624,38,36.67,31.06,32.75
3551,20260501,547,393.46,360.67,380.26
3552,20250913,343,17.55,13.91,15.58
3553,20250829,774,100.34,89.02,99.7
3554,20240709,295,217.29,205.03,232.97
3555,20260313,405,234.96,194.01,212.26
3556,20250128,341,53.82,43.39,55.84
3557,20251127,311,360.5,275.44,384.29
3558,20230325,73,219.47,169.19,242.35
3559,20250117,258,30.13,24.67,32.01
3560,20231120,340,256.97,254.55,267.88
3561,20231015,482,74.27,67.09,75.52
3562,20230912,243,30.66,29.47,34.42
3563,20240504,396,167.37,135.26,173.71
3564,20251005,30,325.32,293.18,301.3
3565,20260416,100,63.71,56.07,68.53
3566,20230318,139,382.89,335.36,386.89
3567,20240116,782,103.0,84.55,116.43
3568,20251205,201,178.89,138.77,171.15
3569,20240227,536,232.15,220.62,259.54
3570,20230414,798,130.63,114.85,148.39
3571,20240430,566,84.3,68.27,87.75
3572,20240111,498,309.5,280.58,349.89
3573,20251201,11,54.42,47.09,49.27
3574,20230904,26,359.21,303.93,329.53
3575,20230225,507,266.28,217.58,249.22
3576,20230403,99,363.81,276.96,362.09
3577,20230121,651,68.28,62.27,71.18
3578,20251205,6,195.36,185.17,184.72
3579,20250715,229,168.69,137.57,153.99
3580,20260311,106,80.14,66.15,81.61
3581,20231219,718,216.02,194.68,187.74
3582,20250816,520,361.69,280.54,354.94
3583,20240916,240,48.56,48.18,45.6
3584,20250212,593,348.5,262.89,330.98
3585,20240130,8,211.32,168.35,218.62
3586,20231026,349,300.82,246.1,301.87
3587,20250223,1,128.02,115.6,143.99
3588,20250813,195,225.23,175.51,254.49
3589,20250424,262,237.84,227.98,215.8
3590,20250112,145,222.21,196.66,220.75
3591,20241124,403,210.54,190.4,185.71
3592,20260503,784,112.95,99.48,97.43
3593,20260617,301,241.8,192.38,251.0
3594,20230516,651,68.28,54.15,73.31
3595,20240516,573,146.12,118.19,136.88
3596,20230227,384,52.49,46.09,53.38
3597,20230325,208,194.43,154.99,220.44
3598,20250801,197,150.97,144.61,140.61
3599,20240315,103,169.4,143.2,182.17
3600,20230530,316,244.0,239.32,241.68
3601,20230129,567,223.92,206.23,227.38
3602,20240606,612,244.74,227.06,251.84
3603,20230806,472,30.87,27.24,28.75
3604,20251115,435,227.4,195.19,237.62
3605,20260313,739,248.72,218.58,255.52
3606,20230828,624,21.67,16.63,22.06
3607,20250330,21,279.33,261.58,268.57
3608,20251003,17,231.2,215.33,227.8
3609,20251207,213,250.01,213.34,246.28
3610,20240718,746,393.87,372.7,399.16
3611,20241109,463,203.4,192.67,221.71
3612,20251015,242,171.67,131.59,155.3
3613,20240820,774,100.34,78.29,86.49
3614,20251016,27,110.98,91.4,114.34
3615,20240530,571,319.71,296.31,346.74
3616,20240131,37,408.21,368.43,422.96
3617,20250523,135,41.31,40.42,47.37
3618,20230921,235,351.8,301.88,383.46
3619,20240427,710,52.14,46.84,46.16
3620,20240409,571,319.71,245.66,272.63
3621,20250202,234,318.9,290.01,312.24
3622,20230228,262,237.84,213.95,270.14
3623,20241105,155,168.01,154.47,163.48
3624,20231218,109,374.56,328.57,409.35
3625,20251223,22,105.46,100.97,110.81
3626,20251216,159,138.34,129.24,139.43
3627,20240727,737,232.1,209.46,232.67
3628,20250314,787,222.59,193.91,231.93
3629,20230709,295,217.29,171.77,194.21
3630,20231223,195,225.23,202.15,253.64
3631,20240621,167,236.05,216.86,200.87
3632,20230814,760,321.52,309.25,351.69
3633,20231201,154,257.41,203.28,277.47
3634,20240327,800,138.76,125.42,145.64
3635,20230130,557,165.04,125.12,184.13
3636,20250905,468,354.29,306.8,327.74
3637,20241128,637,73.36,71.02,79.75
3638,20260402,370,263.18,231.34,252.97
3639,20230825,653,210.05,162.23,203.58
3640,20230824,723,392.9,371.52,351.01
3641,20250214,684,145.2,112.48,147.08
3642,20230607,672,106.54,80.88,113.27
3643,20240609,178,241.37,224.46,223.43
3644,20230104,503,318.02,312.22,351.27
3645,20251223,472,30.87,30.42,31.58
3646,20260405,610,31.94,26.88,34.75
3647,20230309,396,167.37,145.22,143.09
3648,20230218,529,73.96,59.3,68.51
3649,20230809,235,351.8,329.81,398.88
3650,20240609,291,178.18,161.45,190.35
3651,20230302,407,187.73,178.47,172.92
3652,20250914,144,249.79,211.58,233.01
3653,20240417,326,267.52,265.23,288.81
3654,20241018,430,96.92,75.34,110.24
3655,20260511,666,221.55,195.92,218.68
3656,20240720,155,168.01,167.33,182.27
3657,20250313,606,54.24,45.36,55.78
3658,20240610,57,20.69,19.29,20.19
3659,20251228,68,17.84,13.87,18.03
3660,20250730,312,205.56,170.46,175.0
3661,20231003,504,24.53,20.3,23.97
3662,20251117,501,167.28,128.37,154.05
3663,20240522,685,141.65,139.37,129.8
3664,20251007,297,203.31,156.44,190.21
3665,20230524,578,330.25,258.77,297.52
3666,20241120,685,141.65,121.16,121.38
3667,20230418,785,272.2,268.19,236.96
3668,20240913,470,186.23,177.06,204.38
3669,20231028,669,256.27,233.7,249.75
3670,20230915,733,218.3,179.54,216.79
3671,20230102,147,53.98,51.97,59.53
3672,20240304,230,55.79,54.55,54.01
3673,20260512,19,252.36,210.48,258.08
3674,20230527,363,113.38,98.71,104.59
3675,20231231,100,63.71,49.63,72.66
3676,20250812,795,235.28,202.18,263.09
3677,20230120,632,291.15,269.58,274.41
3678,20260408,740,239.3,210.84,235.47
3679,20240202,268,75.48,66.02,82.71
3680,20240926,463,203.4,158.81,181.22
3681,20240521,244,357.61,284.77,323.18
3682,20230127,792,142.29,131.62,149.55
3683,20231109,379,306.26,303.98,280.1
3684,20250122,623,190.11,166.42,199.63
3685,20260112,585,163.26,129.87,144.3
3686,20240803,97,301.78,247.08,271.77
3687,20230807,265,249.31,228.16,247.0
3688,20240316,196,79.66,70.41,82.66
3689,20260606,310,71.17,54.04,67.92
3690,20260106,202,290.4,283.72,265.99
3691,20240527,263,87.43,66.57,92.04
3692,20231229,542,118.48,104.58,106.52
3693,20250606,290,323.07,319.64,275.83
3694,20260412,584,303.45,261.75,283.24
3695,20251217,787,222.59,176.23,194.52
3696,20240910,464,223.36,199.67,248.79
3697,20231026,798,130.63,103.8,122.37
3698,20260109,24,126.6,116.2,118.15
3699,20250623,80,237.98,182.98,217.4
3700,20240321,715,170.39,168.76,156.53
3701,20230408,244,357.61,316.16,323.45
3702,20230627,620,141.64,120.75,135.94
3703,20230301,410,94.32,74.69,104.88
3704,20260525,418,235.9,230.41,226.25
3705,20250412,748,241.47,219.58,271.84
3706,20230516,545,24.51,20.62,27.53
3707,20260429,632,291.15,276.08,327.31
3708,20241102,533,169.61,129.25,180.14
3709,20260102,437,95.28,84.09,99.61
3710,20260301,740,239.3,232.1,211.69
3711,20230507,100,63.71,49.38,56.73
3712,20260617,785,272.2,219.22,232.81
3713,20230224,339,147.7,147.62,133.56
3714,20260517,252,26.05,22.91,22.25
3715,20260407,594,93.21,70.22,82.87
3716,20240923,130,108.44,84.28,96.67
3717,20250127,685,141.65,137.49,156.67
3718,20260611,41,272.3,255.47,238.73
3719,20230420,206,36.22,31.12,35.45
3720,20231021,789,412.97,374.68,453.65
3721,20230105,694,65.85,49.63,68.2
3722,20251115,665,406.18,376.73,402.98
3723,20260221,231,190.39,176.4,195.48
3724,20230225,487,35.77,31.41,38.5
3725,20241030,505,143.55,125.28,143.3
3726,20230917,82,299.58,242.55,306.11
3727,20251010,123,122.98,111.66,136.99
3728,20231030,194,314.56,308.88,346.59
3729,20250601,410,94.32,81.76,89.75
3730,20240312,17,231.2,218.8,240.79
3731,20260520,281,253.48,228.31,222.9
3732,20240413,238,232.61,223.24,199.77
3733,20240724,413,98.94,84.13,89.65
3734,20230626,281,253.48,204.57,270.5
3735,20250619,581,46.45,38.92,52.39
3736,20250911,647,184.7,157.65,205.23
3737,20230511,673,423.99,408.31,476.79
3738,20260513,479,253.27,209.94,256.01
3739,20251018,507,266.28,227.27,270.94
3740,20230525,23,213.42,207.11,184.09
3741,20250127,555,113.22,103.53,98.23
3742,20240625,458,116.37,110.61,119.26
3743,20230620,522,104.14,82.6,117.75
3744,20260404,655,70.94,59.67,72.39
3745,20231031,132,116.18,101.52,100.94
3746,20240914,52,21.14,17.3,22.61
3747,20240404,256,108.27,88.6,114.03
3748,20260309,756,394.25,366.54,399.11
3749,20230827,86,11.99,10.66,12.01
3750,20250418,162,43.61,35.83,37.79
3751,20260415,351,348.89,304.81,348.32
3752,20260424,711,89.35,71.13,102.28
3753,20260512,659,165.56,133.42,182.35
3754,20260205,628,117.7,88.89,110.67
3755,20250327,1,128.02,116.79,133.4
3756,20251220,743,343.9,305.85,378.81
3757,20240609,246,289.83,273.85,252.43
3758,20250914,159,138.34,117.22,147.38
3759,20241202,669,256.27,253.17,269.35
3760,20260315,512,65.44,49.28,71.38
3761,20250723,167,236.05,181.47,259.26
3762,20240603,294,364.34,358.45,351.99
3763,20250907,772,272.89,248.22,266.03
3764,20250108,652,164.75,132.67,146.71
3765,20230622,158,81.27,66.53,72.66
3766,20230525,183,26.08,23.36,23.85
3767,20250315,192,142.28,129.69,121.63
3768,20250611,89,83.91,77.16,76.28
3769,20230415,226,250.65,190.31,259.01
3770,20240831,113,119.1,98.72,134.06
3771,20230820,785,272.2,230.06,307.62
3772,20231118,393,22.43,19.95,24.44
3773,20241210,729,357.03,313.01,364.75
3774,20240611,712,117.99,105.59,103.42
3775,20240123,357,34.05,32.08,32.0
3776,20250401,128,41.76,40.09,43.95
3777,20230629,485,125.2,115.73,143.2
3778,20230228,96,204.85,194.19,230.35
3779,20241225,454,323.6,288.29,334.86
3780,20241122,488,237.94,182.36,239.41
3781,20250624,312,205.56,177.6,207.75
3782,20231109,59,71.61,56.82,65.74
3783,20240412,177,72.58,70.21,82.96
3784,20240809,774,100.34,91.77,112.1
3785,20250222,667,106.93,98.7,108.84
3786,20250108,92,242.67,206.21,220.7
3787,20240302,187,256.66,224.14,275.84
3788,20231210,445,236.18,227.65,241.58
3789,20260107,395,380.39,311.75,347.47
3790,20240328,790,117.22,114.76,103.64
3791,20251012,289,53.05,43.52,55.49
3792,20240630,431,27.19,21.37,24.41
3793,20241204,347,58.66,57.41,60.06
3794,20240409,216,336.54,330.42,386.95
3795,20250929,382,50.92,42.81,45.9
3796,20250611,16,121.92,105.57,111.98
3797,20250519,362,342.7,283.86,304.43
3798,20250706,514,340.45,320.31,385.57
3799,20250102,30,325.32,268.4,344.98
3800,20241025,161,202.52,169.33,187.65
3801,20231205,474,285.61,261.21,297.11
3802,20231207,8,211.32,186.39,208.44
3803,20240621,735,122.01,100.3,105.05
3804,20240719,370,263.18,251.67,237.56
3805,20231227,122,193.32,174.67,183.71
3806,20260411,718,216.02,207.55,210.92
3807,20260628,196,79.66,65.82,69.15
3808,20230823,700,159.22,150.47,161.47
3809,20240126,27,110.98,97.6,105.9
3810,20230127,302,95.16,85.4,83.21
3811,20241225,54,133.2,131.79,121.0
3812,20230703,689,102.62,86.81,94.12
3813,20260327,478,272.96,259.44,238.15
3814,20240506,524,130.88,107.28,128.43
3815,20230406,362,342.7,314.83,337.19
3816,20230611,635,53.49,45.41,58.21
3817,20260613,220,267.45,215.73,228.59
3818,20241231,493,91.44,85.13,90.98
3819,20241227,129,285.77,281.99,291.86
3820,20240115,715,170.39,141.86,189.07
3821,20230805,344,107.89,82.5,120.02
3822,20250626,769,93.19,73.52,93.8
3823,20240415,127,264.28,235.88,246.59
3824,20230109,745,215.3,209.09,195.6
3825,20260112,380,239.62,238.57,271.78
3826,20230209,404,249.7,231.91,227.81
3827,20231029,723,392.9,372.8,334.28
3828,20251123,102,258.72,246.48,265.8
3829,20250102,653,210.05,158.17,215.45
3830,20251202,80,237.98,236.75,259.74
3831,20240405,734,36.51,34.74,36.8
3832,20251009,184,305.93,262.42,280.93
3833,20241107,429,195.21,186.37,205.01
3834,20240609,716,97.62,91.99,91.59
3835,20240608,656,264.51,238.59,304.02
3836,20241008,272,66.09,60.0,70.49
3837,20250524,724,208.64,185.82,186.07
3838,20230114,9,228.25,189.81,246.95
3839,20240314,140,105.24,101.71,112.55
3840,20241114,401,188.97,160.35,213.3
3841,20240212,289,53.05,52.05,47.88
3842,20240907,127,264.28,246.1,268.56
3843,20250819,614,10.84,8.82,12.04
3844,20250709,254,91.01,81.64,92.07
3845,20250117,495,21.23,17.5,23.32
3846,20250811,563,41.14,38.55,46.54
3847,20230313,577,292.69,232.01,252.4
3848,20251121,89,83.91,70.46,88.78
3849,20230320,178,241.37,215.06,225.16
3850,20240715,777,116.51,114.46,126.44
3851,20250524,593,348.5,263.82,340.05
3852,20240305,560,40.22,31.11,42.17
3853,20231029,154,257.41,215.36,239.26
3854,20230813,315,296.21,236.12,276.46
3855,20250326,49,197.2,195.4,177.26
3856,20251117,696,181.19,159.53,201.69
3857,20250417,276,66.7,63.84,64.51
3858,20260202,2,108.79,95.88,113.54
3859,20250202,290,323.07,265.06,324.41
3860,20250618,511,114.7,87.44,109.16
3861,20250731,667,106.93,97.57,108.34
3862,20241129,507,266.28,237.04,265.36
3863,20231122,99,363.81,335.44,385.44
3864,20231027,548,210.49,208.66,188.26
3865,20250101,239,177.69,152.29,180.06
3866,20241026,430,96.92,76.13,103.95
3867,20260624,270,147.92,144.14,131.41
3868,20241104,424,164.94,135.78,144.71
3869,20241002,599,224.63,186.64,223.31
3870,20250528,340,256.97,243.38,260.71
3871,20251220,284,15.97,14.75,17.3
3872,20260517,396,167.37,136.63,190.04
3873,20250102,786,127.42,119.78,133.48
3874,20240605,636,140.04,137.54,148.59
3875,20250929,94,11.79,8.95,13.04
3876,20240421,328,77.81,75.39,85.69
3877,20241007,74,140.18,122.26,156.05
3878,20250118,106,80.14,79.02,77.14
3879,20260630,565,40.62,31.17,45.94
3880,20241202,798,130.63,98.4,140.17
3881,20240903,303,105.17,87.28,95.88
3882,20230411,468,354.29,306.84,397.58
3883,20241105,552,211.79,185.86,197.83
3884,20250523,433,60.97,47.35,59.87
3885,20230923,408,74.67,62.34,77.34
3886,20250719,216,336.54,269.73,377.0
3887,20230831,74,140.18,118.35,127.59
3888,20240608,251,350.95,276.95,311.99
3889,20230119,14,109.54,98.88,116.59
3890,20240130,605,161.5,159.8,176.22
3891,20240501,166,277.57,277.5,241.3
3892,20240428,388,209.17,199.38,181.59
3893,20241025,24,126.6,125.47,138.64
3894,20230213,327,31.53,24.85,32.9
3895,20250204,615,107.87,106.36,98.34
3896,20251029,43,136.65,135.44,148.38
3897,20251206,769,93.19,76.31,88.34
3898,20250907,764,38.17,33.73,35.02
3899,20240324,229,168.69,126.84,165.95
3900,20240522,412,57.85,44.0,61.02
3901,20240701,400,179.93,135.18,155.15
3902,20250511,598,111.7,101.76,114.61
3903,20250728,39,85.06,77.41,96.24
3904,20250322,147,53.98,50.8,53.22
3905,20230130,745,215.3,164.4,219.3
3906,20230102,258,30.13,25.43,25.82
3907,20230908,436,313.39,279.7,315.06
3908,20230320,359,156.76,153.95,160.35
3909,20240801,633,57.66,48.94,59.61
3910,20241129,515,127.91,122.15,120.51
3911,20230415,534,111.77,89.75,108.84
3912,20251121,424,164.94,145.66,168.92
3913,20250221,332,121.61,92.18,128.56
3914,20240316,578,330.25,306.99,286.72
3915,20260619,649,267.48,215.41,269.0
3916,20260629,635,53.49,51.71,47.6
3917,20241213,336,366.26,356.51,339.65
3918,20250629,622,97.19,87.91,85.32
3919,20250721,215,179.63,166.51,161.88
3920,20230716,334,266.65,220.78,303.86
3921,20260112,81,274.94,274.0,313.47
3922,20240529,605,161.5,154.68,144.8
3923,20230527,664,29.07,26.8,25.27
3924,20240921,332,121.61,92.13,119.3
3925,20250612,480,425.68,359.7,441.42
3926,20231001,305,183.32,147.62,164.36
3927,20260606,238,232.61,191.01,259.75
3928,20251027,12,262.97,211.88,284.75
3929,20250718,34,218.67,210.08,204.0
3930,20240804,426,82.56,67.6,82.49
3931,20240117,178,241.37,216.03,266.53
3932,20250503,428,389.44,331.29,380.22
3933,20250330,562,188.77,179.98,186.7
3934,20240112,582,419.19,319.4,467.36
3935,20231128,455,34.92,26.29,34.58
3936,20240523,423,26.19,24.69,26.91
3937,20251226,96,204.85,174.41,219.29
3938,20230418,766,210.17,161.61,233.79
3939,20231217,231,190.39,157.65,216.54
3940,20240426,201,178.89,139.66,180.54
3941,20230218,568,27.56,24.33,25.71
3942,20250825,361,218.41,213.79,189.85
3943,20230828,323,221.18,212.24,209.81
3944,20231218,482,74.27,66.58,72.77
3945,20241222,154,257.41,196.44,248.91
3946,20230718,176,155.18,155.1,148.32
3947,20250408,665,406.18,373.27,445.9
3948,20240521,743,343.9,320.32,365.58
3949,20250916,631,266.82,261.84,275.93
3950,20240512,218,193.69,177.56,188.69
3951,20250417,746,393.87,351.4,417.07
3952,20230726,170,336.66,326.87,350.46
3953,20250322,531,18.72,15.95,17.8
3954,20230924,506,49.38,47.84,44.44
3955,20240227,47,225.94,212.0,257.21
3956,20240726,410,94.32,86.75,94.74
3957,20260113,265,249.31,199.58,250.1
3958,20230522,241,311.53,236.3,275.14
3959,20240309,200,245.23,192.53,248.77
3960,20240906,181,341.92,275.42,350.58
3961,20230101,612,244.74,201.2,242.91
3962,20241030,52,21.14,18.87,19.47
3963,20240103,782,103.0,91.9,104.62
3964,20260120,196,79.66,76.09,68.18
3965,20240525,689,102.62,91.85,101.05
3966,20250920,623,190.11,151.67,202.92
3967,20231120,98,316.05,251.08,291.45
3968,20240514,227,292.62,255.28,307.18
3969,20240524,240,48.56,42.71,43.38
3970,20241104,476,235.18,195.01,203.57
3971,20230722,503,318.02,248.97,310.37
3972,20260329,737,232.1,181.89,253.78
3973,20250720,680,272.43,245.84,278.99
3974,20230310,514,340.45,332.14,305.88
3975,20230516,653,210.05,182.06,227.01
3976,20260502,60,69.61,60.34,67.83
3977,20231002,615,107.87,97.44,119.79
3978,20230410,379,306.26,258.52,331.02
3979,20230130,232,283.79,252.52,318.47
3980,20260601,776,93.65,80.05,83.85
3981,20231228,247,116.11,112.26,108.03
3982,20240918,718,216.02,199.31,244.46
3983,20260417,731,425.46,341.2,382.22
3984,20250628,527,81.74,70.44,76.11
3985,20251130,354,235.99,216.24,209.68
3986,20231103,338,214.38,203.27,218.77
3987,20240805,383,55.74,48.21,48.17
3988,20230903,62,427.35,409.6,395.04
3989,20250215,332,121.61,115.76,111.89
3990,20250113,706,136.94,111.0,133.99
3991,20240421,492,101.28,76.2,96.14
3992,20231031,440,113.85,98.56,113.34
3993,20240614,514,340.45,304.93,360.02
3994,20241126,341,53.82,48.69,60.13
3995,20250303,46,338.48,327.36,322.77
3996,20260330,761,403.08,370.41,391.16
3997,20251204,189,205.54,200.01,209.17
3998,20241207,800,138.76,108.66,154.87
3999,20230310,416,128.68,107.43,144.95
4000,20230921,787,222.59,174.36,218.29
4001,20230405,329,269.12,248.07,259.91
4002,20241106,334,266.65,266.1,282.49
4003,20230626,281,253.48,193.14,256.18
4004,20240718,261,212.23,195.3,188.49
4005,20251012,299,12.05,11.53,12.11
4006,20260629,590,66.24,65.81,64.22
4007,20240916,355,151.19,145.59,146.91
4008,20231225,262,237.84,207.36,254.9
4009,20260617,446,47.38,35.73,52.71
4010,20250907,505,143.55,134.98,124.12
4011,20250221,115,258.32,215.58,223.46
4012,20240313,109,374.56,351.61,361.31
4013,20230806,471,34.5,26.22,30.1
4014,20241025,328,77.81,64.92,87.41
4015,20240129,458,116.37,87.75,124.52
4016,20231105,117,66.51,53.75,61.69
4017,20240808,18,49.16,44.66,51.78
4018,20240917,173,352.79,286.3,388.04
4019,20240102,564,142.88,114.03,143.42
4020,20241110,781,50.54,44.01,58.01
4021,20230101,230,55.79,49.66,60.05
4022,20250816,241,311.53,247.65,288.05
4023,20250406,565,40.62,36.99,44.86
4024,20250417,100,63.71,55.02,63.3
4025,20250118,766,210.17,205.52,192.89
4026,20260525,319,283.51,234.28,267.43
4027,20240725,312,205.56,169.3,210.82
4028,20241123,528,365.56,330.94,411.41
4029,20230823,751,98.86,93.72,88.77
4030,20230311,768,253.35,211.23,251.21
4031,20230320,199,127.18,102.92,135.67
4032,20240417,14,109.54,107.41,112.26
4033,20231206,375,46.16,41.95,43.43
4034,20230731,774,100.34,96.98,88.39
4035,20240126,135,41.31,34.29,44.0
4036,20230424,263,87.43,69.43,88.9
4037,20250422,139,382.89,342.02,403.5
4038,20250127,782,103.0,91.91,105.46
4039,20260221,520,361.69,341.36,319.56
4040,20250709,278,255.97,200.51,269.97
4041,20240627,629,217.61,166.42,234.12
4042,20240124,38,36.67,35.13,33.87
4043,20230513,72,119.72,111.54,115.02
4044,20250504,732,90.88,81.89,87.79
4045,20260624,526,17.69,16.17,15.23
4046,20240903,43,136.65,103.53,138.84
4047,20241026,748,241.47,234.21,257.28
4048,20250507,704,18.97,18.77,17.34
4049,20240621,528,365.56,341.16,416.75
4050,20250818,474,285.61,277.63,313.71
4051,20250331,170,336.66,298.25,313.9
4052,20230601,129,285.77,271.63,292.87
4053,20260315,418,235.9,227.41,270.82
4054,20230503,174,208.41,180.95,182.98
4055,20240109,698,103.34,88.89,94.31
4056,20250609,788,168.35,166.44,189.86
4057,20240810,694,65.85,57.98,60.53
4058,20250808,660,11.42,10.36,10.48
4059,20250331,655,70.94,57.19,64.57
4060,20251118,301,241.8,216.75,256.98
4061,20240627,614,10.84,10.6,10.67
4062,20230715,712,117.99,102.83,114.51
4063,20251002,18,49.16,43.78,45.48
4064,20230130,470,186.23,176.4,180.41
4065,20240914,762,278.35,239.47,286.47
4066,20250603,600,66.54,52.7,66.47
4067,20230427,363,113.38,96.06,107.17
4068,20241002,391,64.13,56.6,70.76
4069,20240506,710,52.14,50.16,50.3
4070,20240601,69,201.68,192.26,183.15
4071,20250228,536,232.15,203.16,200.27
4072,20250902,568,27.56,23.26,27.83
4073,20260521,36,214.64,200.26,182.78
4074,20260517,457,60.47,57.6,54.36
4075,20250806,126,119.25,103.94,121.72
4076,20240712,143,275.87,252.34,311.55
4077,20241026,167,236.05,210.63,238.95
4078,20240503,82,299.58,270.74,331.97
4079,20230115,721,249.16,199.38,212.73
4080,20250801,714,29.93,26.21,28.67
4081,20230408,121,298.82,268.68,331.17
4082,20240924,342,102.47,86.17,88.5
4083,20250708,519,54.14,50.16,52.4
4084,20240911,281,253.48,240.36,225.74
4085,20260525,548,210.49,169.34,190.64
4086,20240515,554,59.83,48.91,54.11
4087,20240118,542,118.48,110.41,132.92
4088,20230325,738,223.85,179.26,235.67
4089,20230901,422,51.31,40.47,44.82
4090,20240420,267,142.28,120.93,151.94
4091,20260112,733,218.3,189.64,195.65
4092,20240316,513,255.23,203.94,268.87
4093,20241003,349,300.82,285.2,305.71
4094,20230329,565,40.62,31.94,39.71
4095,20250318,301,241.8,202.58,216.16
4096,20230115,781,50.54,46.88,47.78
4097,20260208,715,170.39,140.46,195.4
4098,20230608,52,21.14,20.88,19.9
4099,20241021,486,204.27,187.9,189.33
4100,20230826,202,290.4,223.01,247.38
4101,20240731,290,323.07,260.7,343.29
4102,20251016,246,289.83,225.33,297.94
4103,20240126,726,274.85,257.83,295.54
4104,20250704,678,133.31,101.4,126.98
4105,20231121,504,24.53,21.37,21.61
4106,20240927,756,394.25,346.35,366.22
4107,20231028,757,118.51,98.16,123.24
4108,20230712,571,319.71,270.12,314.15
4109,20250819,601,17.49,14.54,17.25
4110,20260405,559,55.12,43.75,49.61
4111,20251125,246,289.83,249.71,312.77
4112,20250823,704,18.97,18.72,20.78
4113,20250506,238,232.61,210.34,208.75
4114,20230424,67,220.55,190.86,195.39
4115,20240715,468,354.29,338.31,383.14
4116,20260217,438,40.99,34.88,44.29
4117,20230831,752,83.54,68.59,94.75
4118,20250607,205,82.38,75.27,93.69
4119,20231022,98,316.05,314.15,319.41
4120,20250725,768,253.35,220.79,272.33
4121,20250620,500,394.62,367.9,426.81
4122,20230428,368,122.52,122.07,125.49
4123,20230618,110,284.95,263.31,262.35
4124,20241025,408,74.67,61.39,79.35
4125,20230120,22,105.46,91.27,120.73
4126,20260212,621,238.21,213.02,233.35
4127,20230912,341,53.82,43.48,50.21
4128,20251013,628,117.7,109.14,106.59
4129,20260329,730,218.37,198.84,186.56
4130,20241128,799,172.35,162.63,167.46
4131,20240531,432,269.02,202.95,242.09
4132,20230705,292,324.11,314.39,369.67
4133,20230808,275,34.97,28.95,37.3
4134,20250117,387,66.08,55.76,68.23
4135,20250401,743,343.9,275.41,359.51
4136,20240109,557,165.04,130.89,182.35
4137,20230513,14,109.54,99.36,118.88
4138,20230205,329,269.12,215.0,252.15
4139,20250328,304,72.0,59.13,80.2
4140,20250430,216,336.54,258.62,320.87
4141,20231123,92,242.67,229.13,251.34
4142,20250326,260,283.2,226.85,276.57
4143,20240305,487,35.77,32.44,31.57
4144,20230125,782,103.0,79.77,102.23
4145,20250201,575,196.28,158.25,167.57
4146,20240712,479,253.27,194.26,277.5
4147,20240707,198,61.79,54.86,70.9
4148,20230918,774,100.34,99.13,114.85
4149,20250312,582,419.19,317.68,394.99
4150,20251105,295,217.29,193.73,215.18
4151,20230410,516,76.0,65.9,79.76
4152,20230110,223,289.35,283.23,327.24
4153,20240131,675,310.72,284.9,311.67
4154,20230215,725,378.22,346.67,406.48
4155,20260107,655,70.94,63.48,61.58
4156,20250516,381,275.49,231.73,242.28
4157,20230330,502,358.64,299.7,309.59
4158,20230716,124,11.28,10.06,12.07
4159,20251002,117,66.51,51.56,70.38
4160,20250329,644,440.69,395.51,402.98
4161,20250520,622,97.19,81.71,82.83
4162,20240218,536,232.15,222.03,235.33
4163,20250201,699,65.91,59.74,74.11
4164,20230709,614,10.84,8.66,9.5
4165,20240621,391,64.13,55.49,72.11
4166,20231205,743,343.9,338.59,360.68
4167,20250804,444,271.47,270.08,276.45
4168,20240322,266,259.97,231.4,288.99
4169,20231110,107,92.43,83.81,103.23
4170,20230526,721,249.16,202.25,278.85
4171,20240629,711,89.35,88.26,77.95
4172,20260127,724,208.64,172.76,222.13
4173,20251022,485,125.2,94.12,115.55
4174,20231118,75,117.53,106.51,116.94
4175,20230722,8,211.32,181.47,180.29
4176,20240419,117,66.51,64.4,60.7
4177,20240629,590,66.24,60.17,57.33
4178,20260305,372,11.94,9.26,12.37
4179,20260316,546,65.36,53.1,67.16
4180,20240208,364,58.02,54.98,61.73
4181,20251125,590,66.24,55.71,58.72
4182,20230315,297,203.31,160.65,218.19
4183,20231027,138,287.07,220.09,300.52
4184,20240615,190,46.04,35.26,45.94
4185,20231101,47,225.94,171.6,223.39
4186,20230709,604,104.98,99.08,98.88
4187,20240510,269,15.66,13.61,13.34
4188,20251101,158,81.27,69.99,86.8
4189,20251025,148,26.37,23.71,24.49
4190,20260524,213,250.01,192.79,248.23
4191,20260206,599,224.63,211.42,205.14
4192,20240227,197,150.97,120.83,131.1
4193,20230629,242,171.67,153.29,146.55
4194,20260501,177,72.58,66.86,61.92
4195,20230714,597,11.11,10.79,9.58
4196,20230201,167,236.05,186.78,201.93
4197,20251218,446,47.38,42.11,41.29
4198,20230707,397,149.6,142.94,147.48
4199,20260523,56,266.02,245.61,257.37
4200,20260621,762,278.35,263.89,285.24
4201,20260304,582,419.19,350.92,406.11
4202,20250603,393,22.43,21.93,19.15
4203,20250225,203,357.94,349.43,314.22
4204,20250112,502,358.64,312.19,396.58
4205,20230711,795,235.28,207.32,205.82
4206,20240605,271,181.82,156.88,190.38
4207,20240112,447,59.76,45.87,66.29
4208,20240418,236,380.33,349.41,427.04
4209,20231230,356,128.43,123.3,133.12
4210,20260422,297,203.31,171.08,215.94
4211,20240709,293,423.76,332.04,442.35
4212,20231118,761,403.08,381.59,433.0
4213,20241106,373,240.17,232.09,213.36
4214,20241123,95,76.43,76.21,70.26
4215,20251209,150,107.86,96.23,102.08
4216,20231206,294,364.34,320.42,411.03
4217,20230416,680,272.43,243.73,247.88
4218,20260622,668,120.7,93.23,121.46
4219,20230418,686,193.71,181.17,184.11
4220,20260115,158,81.27,67.81,75.05
4221,20231222,789,412.97,337.35,473.25
4222,20250927,551,39.75,33.78,40.14
4223,20240707,536,232.15,175.97,205.71
4224,20230709,209,254.65,205.38,227.31
4225,20260430,675,310.72,303.81,346.61
4226,20230926,127,264.28,237.93,266.2
4227,20250515,6,195.36,195.1,176.5
4228,20240807,495,21.23,17.73,22.03
4229,20230110,581,46.45,35.02,50.88
4230,20250410,159,138.34,131.47,126.16
4231,20250902,519,54.14,48.83,59.47
4232,20230328,412,57.85,56.97,58.75
4233,20241219,194,314.56,244.65,346.05
4234,20230910,43,136.65,120.42,150.46
4235,20231219,404,249.7,213.71,231.48
4236,20250629,526,17.69,17.53,19.64
4237,20251230,610,31.94,28.59,31.11
4238,20250918,512,65.44,62.78,67.76
4239,20230803,791,228.37,193.05,209.4
4240,20230506,207,387.32,377.67,434.05
4241,20230318,21,279.33,256.09,312.03
4242,20260430,538,86.46,84.37,79.32
4243,20241030,267,142.28,125.44,121.84
4244,20250724,498,309.5,303.17,283.09
4245,20230826,378,260.57,231.43,289.21
4246,20260523,730,218.37,177.05,222.86
4247,20230927,412,57.85,51.65,61.63
4248,20240817,39,85.06,80.81,77.26
4249,20230315,29,170.48,142.71,157.75
4250,20230909,180,25.06,23.33,27.0
4251,20260321,256,108.27,101.51,116.6
4252,20251015,95,76.43,74.07,79.73
4253,20250823,571,319.71,263.84,351.59
4254,20230125,333,315.8,251.44,328.09
4255,20231211,705,239.69,183.94,248.23
4256,20250721,315,296.21,224.0,292.99
4257,20240406,428,389.44,305.58,344.86
4258,20250921,721,249.16,241.47,229.93
4259,20230407,765,31.01,28.54,34.41
4260,20230126,53,274.33,266.76,297.24
4261,20240919,785,272.2,255.0,305.18
4262,20251120,128,41.76,35.82,36.62
4263,20240917,599,224.63,212.36,192.38
4264,20250910,540,329.69,278.61,349.06
4265,20230624,49,197.2,172.74,222.66
4266,20260408,18,49.16,41.93,42.97
4267,20250113,581,46.45,41.36,52.4
4268,20241226,46,338.48,256.97,338.04
4269,20250301,305,183.32,140.22,200.86
4270,20231221,94,11.79,9.97,10.34
4271,20260317,173,352.79,287.75,389.27
4272,20240307,515,127.91,97.14,122.51
4273,20250318,143,275.87,242.88,238.07
4274,20241218,329,269.12,211.13,257.79
4275,20241012,362,342.7,338.67,374.33
4276,20241118,41,272.3,266.71,251.02
4277,20240509,628,117.7,108.04,121.7
4278,20230103,730,218.37,215.27,235.3
4279,20260324,127,264.28,228.28,227.52
4280,20230824,25,50.32,46.01,52.27
4281,20251016,290,323.07,294.54,289.31
4282,20250703,119,333.87,256.1,289.96
4283,20240223,302,95.16,85.89,85.42
4284,20240331,639,208.98,200.18,179.64
4285,20260420,549,116.99,92.69,102.44
4286,20241012,592,178.71,142.28,189.14
4287,20230411,666,221.55,183.85,201.51
4288,20260117,487,35.77,30.74,31.57
4289,20250814,279,296.99,282.71,256.24
4290,20240827,341,53.82,47.2,45.8
4291,20251105,564,142.88,116.05,138.35
4292,20260226,144,249.79,221.03,229.81
4293,20240217,61,9.0,7.99,9.05
4294,20250228,499,261.75,247.19,248.69
4295,20250224,771,87.72,73.09,79.8
4296,20241209,707,225.72,219.36,256.96
4297,20250507,571,319.71,279.8,356.67
4298,20240202,472,30.87,24.94,28.14
4299,20231220,657,207.96,204.95,219.45
4300,20250623,89,83.91,73.03,71.59
4301,20230219,788,168.35,159.37,193.38
4302,20230710,134,299.61,264.72,261.3
4303,20240309,362,342.7,326.02,325.48
4304,20260405,599,224.63,179.8,256.21
4305,20250924,126,119.25,118.42,108.25
4306,20260516,740,239.3,225.68,265.19
4307,20231205,95,76.43,63.31,77.66
4308,20241022,139,382.89,322.7,345.2
4309,20250304,725,378.22,344.15,364.27
4310,20260503,491,168.23,164.89,187.98
4311,20230508,756,394.25,346.59,361.5
4312,20240629,647,184.7,182.23,196.58
4313,20260517,517,325.99,301.57,294.06
4314,20230515,141,224.09,206.94,236.42
4315,20240713,471,34.5,30.03,39.03
4316,20251007,339,147.7,115.14,151.22
4317,20250911,168,139.86,120.42,159.05
4318,20240723,744,99.0,86.86,100.35
4319,20240713,567,223.92,212.56,241.13
4320,20231011,545,24.51,21.25,21.85
4321,20241211,546,65.36,57.65,64.72
4322,20230709,391,64.13,59.9,58.46
4323,20240219,250,223.62,193.23,198.49
4324,20230321,450,361.37,354.71,366.73
4325,20230515,659,165.56,143.87,149.66
4326,20230101,27,110.98,91.89,100.73
4327,20240318,117,66.51,66.07,69.34
4328,20230804,130,108.44,104.69,92.98
4329,20260111,90,228.46,210.66,215.77
4330,20230514,166,277.57,275.64,263.48
4331,20260309,85,52.93,42.65,45.9
4332,20260418,110,284.95,267.7,304.08
4333,20250526,5,163.2,122.9,186.4
4334,20260629,390,259.85,213.31,279.76
4335,20250822,634,132.1,111.4,138.45
4336,20230910,601,17.49,17.02,15.84
4337,20230415,771,87.72,68.32,88.74
4338,20240714,500,394.62,323.27,343.2
4339,20260122,446,47.38,41.58,52.94
4340,20230116,698,103.34,97.62,107.93
4341,20240807,417,243.35,185.51,232.67
4342,20250328,483,167.82,133.19,156.19
4343,20230621,506,49.38,43.73,53.91
4344,20251128,604,104.98,86.44,97.07
4345,20250116,508,358.96,355.88,342.29
4346,20240903,623,190.11,179.22,214.7
4347,20230120,479,253.27,193.11,289.01
4348,20260607,112,332.69,299.21,313.88
4349,20250912,768,253.35,250.79,255.49
4350,20240206,654,223.67,180.3,232.47
4351,20250425,61,9.0,6.91,8.6
4352,20240918,222,199.12,152.64,213.94
4353,20260621,14,109.54,85.4,94.37
4354,20250313,107,92.43,89.69,94.71
4355,20240828,170,336.66,277.93,348.35
4356,20231009,192,142.28,117.96,136.84
4357,20260502,377,227.02,201.55,249.26
4358,20230108,261,212.23,179.46,195.76
4359,20240803,666,221.55,185.2,203.54
4360,20230221,240,48.56,42.27,48.77
4361,20260101,445,236.18,179.02,254.04
4362,20240207,470,186.23,172.64,161.22
4363,20240717,285,204.89,166.11,188.81
4364,20250128,272,66.09,56.02,68.65
4365,20250323,40,246.38,238.53,272.95
4366,20260522,181,341.92,310.42,301.69
4367,20241106,463,203.4,165.03,215.58
4368,20240513,618,117.82,95.99,124.54
4369,20241030,299,12.05,11.81,12.57
4370,20260525,556,340.34,279.09,368.42
4371,20241017,601,17.49,16.62,16.64
4372,20260204,86,11.99,10.83,13.0
4373,20250414,400,179.93,150.56,169.76
4374,20250707,388,209.17,162.51,216.88
4375,20260604,450,361.37,314.34,376.31
4376,20260202,705,239.69,192.54,206.08
4377,20260417,619,96.72,73.8,88.47
4378,20251121,122,193.32,150.68,207.13
4379,20251125,554,59.83,58.73,68.28
4380,20240711,761,403.08,327.12,401.45
4381,20230608,339,147.7,132.69,145.82
4382,20240422,772,272.89,236.59,271.67
4383,20250329,238,232.61,210.74,222.09
4384,20250314,773,48.89,45.35,42.68
4385,20240303,539,287.91,279.95,327.0
4386,20251027,585,163.26,146.7,155.06
4387,20260502,79,253.18,249.28,284.14
4388,20251204,708,140.71,116.86,153.93
4389,20231102,202,290.4,226.1,283.81
4390,20250717,155,168.01,166.93,173.15
4391,20260411,51,80.4,63.3,73.63
4392,20240416,44,186.98,175.35,171.37
4393,20250123,311,360.5,334.69,319.66
4394,20240329,540,329.69,319.25,376.92
4395,20240904,61,9.0,7.86,10.34
4396,20260522,278,255.97,196.37,223.28
4397,20250128,364,58.02,53.74,53.61
4398,20251017,403,210.54,202.74,236.12
4399,20231025,215,179.63,165.25,194.78
4400,20241113,157,17.11,13.09,14.71
4401,20230101,119,333.87,289.84,343.96
4402,20230820,150,107.86,94.27,116.38
4403,20240803,486,204.27,158.43,191.82
4404,20250628,707,225.72,194.58,212.16
4405,20260317,727,29.93,29.4,27.46
4406,20260420,51,80.4,71.42,73.04
4407,20230411,355,151.19,149.02,156.18
4408,20231112,592,178.71,151.19,183.09
4409,20250226,620,141.64,126.65,156.65
4410,20260605,317,251.02,222.14,272.1
4411,20240531,165,223.04,185.08,204.36
4412,20231025,157,17.11,14.24,15.06
4413,20240626,381,275.49,227.09,236.42
4414,20260327,680,272.43,237.3,281.6
4415,20240530,705,239.69,221.63,243.74
4416,20230415,18,49.16,45.53,42.5
4417,20250213,87,204.15,188.43,206.98
4418,20240401,450,361.37,271.97,404.47
4419,20260507,138,287.07,218.34,255.01
4420,20241115,27,110.98,83.29,120.08
4421,20241002,46,338.48,294.36,372.99
4422,20260319,749,202.73,168.1,208.05
4423,20250130,713,325.0,255.16,301.82
4424,20260417,332,121.61,91.75,117.65
4425,20240419,332,121.61,119.49,118.3
4426,20230829,80,237.98,204.21,266.34
4427,20240916,130,108.44,106.28,94.99
4428,20240409,702,260.54,199.86,242.58
4429,20250414,759,228.08,190.94,228.22
4430,20250110,409,219.82,182.01,246.55
4431,20230729,515,127.91,101.13,145.42
4432,20240427,617,100.85,98.55,88.9
4433,20240523,202,290.4,283.76,283.05
4434,20241016,638,35.51,28.75,33.88
4435,20230523,449,22.61,19.28,21.26
4436,20241118,436,313.39,245.99,282.33
4437,20231111,585,163.26,142.84,183.33
4438,20240904,740,239.3,202.59,225.97
4439,20230102,130,108.44,91.21,112.23
4440,20230308,724,208.64,189.49,201.71
4441,20260202,302,95.16,77.4,85.64
4442,20260623,739,248.72,204.62,281.67
4443,20240803,483,167.82,136.59,181.17
4444,20241203,746,393.87,333.51,340.13
4445,20230731,364,58.02,54.89,52.97
4446,20230314,622,97.19,95.55,100.64
4447,20250523,763,348.36,274.51,381.51
4448,20240822,623,190.11,176.73,188.65
4449,20260102,656,264.51,215.25,265.6
4450,20260129,129,285.77,244.63,269.58
4451,20250410,100,63.71,60.91,60.65
4452,20250919,729,357.03,346.42,309.55
4453,20250930,395,380.39,335.17,352.41
4454,20240624,150,107.86,99.35,95.76
4455,20230901,222,199.12,183.0,174.23
4456,20250711,347,58.66,53.62,50.4
4457,20241105,507,266.28,246.21,301.51
4458,20250722,624,21.67,19.15,23.79
4459,20250709,459,41.78,32.13,40.36
4460,20230626,469,161.37,129.59,144.49
4461,20240828,787,222.59,220.02,246.3
4462,20250711,390,259.85,207.25,250.46
4463,20250802,267,142.28,113.52,156.6
4464,20260109,143,275.87,209.62,239.95
4465,20230516,137,17.94,15.02,17.06
4466,20240319,51,80.4,62.96,76.91
4467,20251127,161,202.52,169.8,200.62
4468,20260210,192,142.28,115.94,133.04
4469,20231202,752,83.54,73.6,90.93
4470,20230828,58,31.75,24.09,29.43
4471,20241216,628,117.7,101.24,112.81
4472,20230309,442,36.82,35.15,33.17
4473,20240106,51,80.4,62.81,88.28
4474,20250506,468,354.29,341.97,388.68
4475,20260526,153,89.99,85.38,78.81
4476,20250218,279,296.99,271.87,313.47
4477,20250117,295,217.29,165.36,196.97
4478,20250107,372,11.94,10.53,13.46
4479,20260228,714,29.93,24.79,26.63
4480,20250110,94,11.79,11.0,10.74
4481,20230620,632,291.15,223.02,247.96
4482,20231114,707,225.72,214.93,242.93
4483,20251220,376,268.5,267.37,248.18
4484,20260625,86,11.99,9.93,11.67
4485,20251004,403,210.54,171.3,226.2
4486,20240804,381,275.49,265.52,244.0
4487,20251227,345,274.13,254.83,283.06
4488,20250915,300,94.2,83.12,93.13
4489,20260202,629,217.61,167.19,191.56
4490,20240320,310,71.17,69.72,80.25
4491,20260209,193,171.68,159.91,154.58
4492,20230505,73,219.47,189.35,246.41
4493,20250509,384,52.49,46.11,57.6
4494,20250321,781,50.54,50.04,52.35
4495,20260626,665,406.18,343.15,439.16
4496,20241126,675,310.72,294.23,337.49
4497,20230207,413,98.94,75.26,98.16
4498,20260501,637,73.36,67.7,78.04
4499,20230506,515,127.91,126.04,122.15
4500,20240905,183,26.08,23.45,24.25
4501,20260503,293,423.76,348.33,456.21
4502,20240917,511,114.7,101.63,101.23
4503,20240924,174,208.41,163.97,192.79
4504,20230920,256,108.27,90.26,107.52
4505,20260107,151,452.82,366.85,433.92
4506,20250507,143,275.87,256.33,243.67
4507,20230705,525,333.84,282.76,297.65
4508,20251224,51,80.4,60.3,82.89
4509,20260109,10,52.67,46.09,59.78
4510,20230110,434,136.54,103.5,126.38
4511,20250213,16,121.92,97.77,138.57
4512,20240118,102,258.72,256.63,257.71
4513,20240927,531,18.72,17.19,16.12
4514,20230310,741,212.39,168.12,209.13
4515,20251130,552,211.79,206.36,194.05
4516,20250406,92,242.67,240.57,254.04
4517,20260303,122,193.32,172.91,167.78
4518,20240224,4,279.54,230.99,283.0
4519,20241006,219,21.56,18.82,21.03
4520,20230717,204,137.31,110.25,127.45
4521,20230419,143,275.87,257.92,257.28
4522,20260622,121,298.82,283.26,292.15
4523,20250524,101,321.61,294.03,299.76
4524,20230720,515,127.91,115.57,146.27
4525,20260610,569,318.86,258.96,353.22
4526,20260518,432,269.02,224.9,294.81
4527,20230318,206,36.22,30.74,32.17
4528,20241106,129,285.77,257.56,261.33
4529,20230324,165,223.04,178.79,191.02
4530,20250919,50,253.67,202.56,261.48
4531,20250721,29,170.48,131.31,171.34
4532,20260508,564,142.88,120.0,143.91
4533,20230126,279,296.99,242.96,293.61
4534,20250115,478,272.96,217.98,301.08
4535,20260113,418,235.9,183.38,224.42
4536,20240627,344,107.89,86.56,123.49
4537,20240311,139,382.89,378.82,351.67
4538,20260513,790,117.22,110.03,134.21
4539,20251012,772,272.89,268.45,310.27
4540,20240923,356,128.43,122.16,137.57
4541,20241217,278,255.97,216.25,259.93
4542,20260210,38,36.67,29.32,36.96
4543,20240511,575,196.28,162.51,173.56
4544,20250917,513,255.23,208.93,252.2
4545,20250602,453,159.04,121.4,180.47
4546,20230630,270,147.92,126.34,160.57
4547,20251023,378,260.57,248.82,232.74
4548,20240602,208,194.43,191.23,186.43
4549,20240530,299,12.05,9.18,11.19
4550,20250702,778,248.68,232.48,282.28
4551,20230127,141,224.09,176.75,227.42
4552,20250507,719,73.37,58.5,63.15
4553,20251225,634,132.1,127.35,120.46
4554,20260529,431,27.19,22.28,24.0
4555,20250815,350,195.28,186.67,201.05
4556,20230519,762,278.35,270.97,251.42
4557,20230601,486,204.27,191.2,181.08
4558,20251202,748,241.47,187.71,215.47
4559,20251207,659,165.56,136.09,158.88
4560,20241106,697,203.47,192.54,215.29
4561,20230805,467,166.44,136.85,167.95
4562,20251109,563,41.14,33.15,45.46
4563,20240610,740,239.3,233.57,219.43
4564,20250419,346,279.84,237.55,304.35
4565,20230219,790,117.22,114.7,109.15
4566,20260106,119,333.87,259.44,378.9
4567,20240614,48,76.9,71.71,74.01
4568,20260207,453,159.04,119.29,141.53
4569,20260315,683,426.67,360.6,411.95
4570,20231223,702,260.54,252.25,221.58
4571,20251123,161,202.52,198.59,205.33
4572,20251031,438,40.99,31.73,37.31
4573,20240409,264,10.22,7.88,8.86
4574,20250608,205,82.38,64.0,89.16
4575,20241031,191,330.51,259.37,318.69
4576,20251228,632,291.15,231.27,289.04
4577,20240830,535,170.95,163.53,152.6
4578,20260616,368,122.52,111.78,105.26
4579,20250613,230,55.79,47.77,52.99
4580,20250304,490,84.06,72.64,91.01
4581,20241010,361,218.41,175.28,250.4
4582,20230210,359,156.76,139.74,144.04
4583,20250102,555,113.22,108.61,125.04
4584,20240407,291,178.18,142.18,197.31
4585,20231105,402,21.66,18.81,20.02
4586,20251111,220,267.45,247.1,273.95
4587,20250914,247,116.11,110.51,123.55
4588,20260307,434,136.54,107.12,135.96
4589,20260130,776,93.65,70.34,87.48
4590,20230527,540,329.69,295.74,344.38
4591,20250509,167,236.05,212.52,227.28
4592,20230915,101,321.61,302.83,366.04
4593,20260331,237,339.45,263.0,388.91
4594,20231212,260,283.2,281.58,324.93
4595,20231109,286,317.67,261.33,278.88
4596,20230313,23,213.42,194.79,227.48
4597,20240214,329,269.12,205.12,289.53
4598,20240224,320,204.9,171.29,193.34
4599,20241116,787,222.59,168.95,255.27
4600,20230731,190,46.04,41.23,39.71
4601,20240601,721,249.16,210.65,216.38
4602,20250506,608,103.16,81.79,99.2
4603,20231007,573,146.12,122.11,134.5
4604,20230920,10,52.67,51.24,58.81
4605,20250413,395,380.39,344.2,345.78
4606,20230412,305,183.32,174.83,190.68
4607,20260403,694,65.85,50.3,57.03
4608,20250205,666,221.55,182.06,229.51
4609,20230319,258,30.13,22.74,32.1
4610,20250330,99,363.81,357.28,391.71
4611,20240831,708,140.71,137.59,157.62
4612,20260425,566,84.3,71.6,94.84
4613,20250407,622,97.19,91.17,94.78
4614,20240913,587,273.68,246.43,283.01
4615,20230809,144,249.79,208.45,237.9
4616,20230324,725,378.22,345.67,408.22
4617,20250820,752,83.54,75.35,71.24
4618,20260614,521,260.98,255.15,246.75
4619,20260107,127,264.28,209.69,283.91
4620,20250809,558,241.4,203.57,232.05
4621,20250404,36,214.64,204.56,188.74
4622,20250626,684,145.2,109.17,145.72
4623,20250506,201,178.89,140.88,182.22
4624,20240427,115,258.32,251.06,280.15
4625,20240407,790,117.22,108.67,129.64
4626,20231020,173,352.79,350.09,332.85
4627,20240106,296,86.09,78.76,74.77
4628,20250610,781,50.54,50.34,47.64
4629,20231215,505,143.55,137.48,150.55
4630,20250228,686,193.71,153.22,203.15
4631,20251116,584,303.45,293.29,275.5
4632,20241121,78,147.0,146.58,149.01
4633,20240407,597,11.11,9.96,11.22
4634,20240725,660,11.42,10.21,12.75
4635,20240314,791,228.37,180.99,220.74
4636,20251201,440,113.85,85.88,128.09
4637,20260115,489,258.71,254.11,255.37
4638,20230708,490,84.06,73.77,91.3
4639,20241218,659,165.56,156.12,143.78
4640,20250901,640,151.16,116.41,140.14
4641,20251101,362,342.7,278.51,366.48
4642,20250908,784,112.95,102.27,100.93
4643,20251202,616,278.04,259.68,312.5
4644,20240124,497,311.63,309.65,278.0
4645,20250927,457,60.47,50.34,62.95
4646,20230109,778,248.68,194.91,275.28
4647,20231121,279,296.99,231.98,262.35
4648,20260502,250,223.62,201.18,232.98
4649,20230203,739,248.72,246.47,267.37
4650,20230604,741,212.39,212.22,181.69
4651,20230614,187,256.66,235.45,220.94
4652,20260623,493,91.44,75.99,85.21
4653,20241114,470,186.23,142.5,192.58
4654,20230525,2,108.79,97.5,116.39
4655,20240920,627,323.38,250.76,281.33
4656,20230607,351,348.89,287.86,354.92
4657,20230203,229,168.69,159.61,161.84
4658,20240729,637,73.36,71.95,70.51
4659,20230615,567,223.92,207.79,244.71
4660,20230510,524,130.88,104.36,150.41
4661,20260316,732,90.88,69.64,87.57
4662,20250305,45,269.74,230.53,272.54
4663,20241110,267,142.28,134.5,156.91
4664,20230711,246,289.83,235.1,261.48
4665,20260303,227,292.62,222.92,294.65
4666,20230307,1,128.02,126.52,115.08
4667,20240911,83,12.62,11.52,13.41
4668,20250427,403,210.54,202.17,232.14
4669,20230330,191,330.51,274.44,377.85
4670,20260106,401,188.97,154.99,207.68
4671,20230627,326,267.52,207.75,288.73
4672,20230613,476,235.18,208.14,225.04
4673,20230601,261,212.23,184.47,187.74
4674,20230515,79,253.18,203.46,215.64
4675,20250903,514,340.45,308.47,355.36
4676,20240715,786,127.42,104.45,142.89
4677,20230111,29,170.48,130.39,156.26
4678,20240518,453,159.04,150.37,142.42
4679,20230906,334,266.65,265.39,284.89
4680,20260326,783,254.01,206.95,279.65
4681,20260303,517,325.99,317.42,354.12
4682,20230214,376,268.5,240.47,240.54
4683,20230519,683,426.67,395.26,409.44
4684,20240409,128,41.76,34.05,37.02
4685,20240103,483,167.82,133.85,169.27
4686,20250114,39,85.06,80.39,77.97
4687,20230306,446,47.38,37.25,46.81
4688,20251129,17,231.2,209.72,260.47
4689,20240625,646,202.52,176.57,186.1
4690,20241108,761,403.08,304.43,456.43
4691,20240513,557,165.04,134.34,148.59
4692,20230212,553,68.99,60.88,68.43
4693,20250325,244,357.61,345.73,349.02
4694,20230119,118,410.38,325.33,423.01
4695,20240728,717,37.49,33.8,37.75
4696,20230203,166,277.57,277.27,262.89
4697,20241025,392,148.86,139.54,146.72
4698,20250430,557,165.04,147.11,177.5
4699,20230923,86,11.99,9.37,11.3
4700,20250411,37,408.21,366.25,449.72
4701,20250915,312,205.56,166.65,209.46
4702,20260327,653,210.05,158.8,189.36
4703,20260608,260,283.2,240.66,322.45
4704,20251102,628,117.7,102.2,104.54
4705,20231021,765,31.01,28.15,34.99
4706,20250717,539,287.91,244.38,323.09
4707,20230109,791,228.37,174.33,250.33
4708,20240204,446,47.38,37.58,49.03
4709,20260527,40,246.38,220.69,264.85
4710,20250728,222,199.12,192.48,188.19
4711,20240901,662,142.93,136.04,136.93
4712,20250504,337,284.78,251.97,268.25
4713,20230308,787,222.59,217.81,198.94
4714,20231011,784,112.95,109.8,128.54
4715,20230604,6,195.36,150.43,208.85
4716,20230105,691,160.49,137.07,157.98
4717,20230408,235,351.8,315.87,369.74
4718,20251217,135,41.31,31.31,42.79
4719,20250822,365,297.68,247.14,324.01
4720,20230118,556,340.34,280.74,292.38
4721,20230318,609,249.15,212.85,239.57
4722,20241128,500,394.62,308.89,353.98
4723,20230105,312,205.56,203.34,233.17
4724,20230702,122,193.32,154.01,185.04
4725,20250424,393,22.43,17.83,19.99
4726,20251130,716,97.62,91.8,102.61
4727,20260403,591,113.73,90.84,128.09
4728,20230614,330,288.16,269.34,264.14
4729,20230620,296,86.09,85.58,89.31
4730,20230522,337,284.78,228.37,307.37
4731,20240401,415,83.9,63.54,83.7
4732,20250211,16,121.92,105.26,133.93
4733,20240103,508,358.96,302.47,313.59
4734,20231015,439,350.84,315.96,328.39
4735,20230526,212,17.63,16.16,17.85
4736,20260120,480,425.68,384.72,473.52
4737,20251224,391,64.13,57.03,64.91
4738,20240118,127,264.28,224.97,271.59
4739,20251114,553,68.99,54.03,59.71
4740,20240206,190,46.04,38.37,40.81
4741,20260223,718,216.02,174.48,206.41
4742,20250501,294,364.34,292.54,350.54
4743,20241124,239,177.69,175.13,166.08
4744,20250304,701,100.15,75.77,93.64
4745,20260126,761,403.08,395.69,413.62
4746,20260325,192,142.28,110.35,133.06
4747,20241222,489,258.71,196.15,294.77
4748,20230324,635,53.49,49.04,56.75
4749,20230726,7,169.43,136.36,166.87
4750,20260414,638,35.51,31.15,33.26
4751,20251027,198,61.79,54.21,53.52
4752,20240707,788,168.35,161.26,146.02
4753,20231209,644,440.69,428.11,478.6
4754,20231008,250,223.62,192.53,249.36
4755,20240918,730,218.37,170.27,228.25
4756,20230717,98,316.05,274.93,329.87
4757,20241214,773,48.89,47.38,46.74
4758,20231130,426,82.56,62.24,72.83
4759,20260615,655,70.94,55.27,60.83
4760,20230525,72,119.72,93.62,133.32
4761,20241224,246,289.83,261.71,269.64
4762,20240125,548,210.49,179.76,190.29
4763,20240107,307,130.54,110.54,139.25
4764,20240106,450,361.37,296.59,374.73
4765,20241118,258,30.13,27.4,29.12
4766,20230713,675,310.72,256.68,278.99
4767,20230106,327,31.53,30.18,35.69
4768,20231102,123,122.98,114.07,128.12
4769,20240206,391,64.13,61.75,68.93
4770,20260429,317,251.02,216.65,288.54
4771,20230407,597,11.11,10.62,10.98
4772,20231206,782,103.0,101.05,99.22
4773,20240126,25,50.32,48.04,53.58
4774,20260522,607,181.88,158.51,156.1
4775,20241226,680,272.43,231.1,245.68
4776,20230327,262,237.84,236.92,212.77
4777,20240321,710,52.14,41.74,57.48
4778,20240813,24,126.6,107.96,132.22
4779,20260316,334,266.65,218.64,228.55
4780,20250629,664,29.07,27.0,26.59
4781,20230124,474,285.61,272.57,248.42
4782,20230223,677,101.31,76.03,116.39
4783,20250212,266,259.97,243.9,254.43
4784,20230809,441,334.72,329.46,352.38
4785,20250119,339,147.7,111.69,162.61
4786,20240813,289,53.05,43.59,60.75
4787,20250819,659,165.56,146.48,140.73
4788,20231113,368,122.52,108.93,126.64
4789,20260324,456,219.24,206.59,252.13
4790,20260226,69,201.68,190.06,224.56
4791,20260402,521,260.98,229.51,291.78
4792,20240724,49,197.2,195.27,210.78
4793,20240414,363,113.38,97.15,117.15
4794,20250716,122,193.32,192.42,213.61
4795,20240501,352,272.28,243.21,252.88
4796,20251113,624,21.67,20.67,21.57
4797,20250425,508,358.96,346.12,396.95
4798,20230106,109,374.56,369.1,332.02
4799,20250825,513,255.23,246.34,264.54
4800,20230614,411,64.81,53.88,68.04
4801,20260227,633,57.66,44.54,51.76
4802,20230921,756,394.25,328.38,389.6
4803,20260409,255,317.46,273.58,325.51
4804,20240522,463,203.4,187.69,203.28
4805,20260114,78,147.0,142.35,151.38
4806,20231228,56,266.02,245.63,279.52
4807,20250217,116,34.36,28.04,30.12
4808,20230112,561,223.15,196.22,241.58
4809,20240624,62,427.35,332.31,458.59
4810,20230216,783,254.01,198.65,227.48
4811,20251127,175,303.57,231.39,281.15
4812,20230511,530,239.02,204.12,212.52
4813,20240314,653,210.05,193.66,200.39
4814,20240228,154,257.41,223.58,247.39
4815,20230312,209,254.65,209.07,279.52
4816,20240217,203,357.94,270.07,380.3
4817,20240726,691,160.49,142.0,167.2
4818,20231125,252,26.05,22.49,29.05
4819,20230211,665,406.18,386.88,386.8
4820,20240527,356,128.43,119.76,111.67
4821,20240423,321,380.87,293.73,427.59
4822,20231015,760,321.52,285.04,293.72
4823,20240723,546,65.36,51.93,59.21
4824,20240702,683,426.67,357.86,424.73
4825,20230127,331,284.71,276.14,256.01
4826,20250518,183,26.08,23.35,27.46
4827,20260402,655,70.94,55.86,65.79
4828,20250917,63,58.12,45.19,61.49
4829,20251025,519,54.14,48.22,47.34
4830,20230524,463,203.4,187.77,224.04
4831,20250929,603,228.34,197.13,218.29
4832,20231231,420,122.78,96.82,139.49
4833,20260126,509,90.19,74.09,102.18
4834,20230815,710,52.14,50.51,59.16
4835,20250213,197,150.97,139.06,148.37
4836,20240907,744,99.0,86.75,96.97
4837,20241202,517,325.99,246.57,349.27
4838,20240524,658,277.36,248.26,304.51
4839,20231226,69,201.68,156.71,185.41
4840,20241218,223,289.35,279.74,312.43
4841,20240103,533,169.61,163.98,180.63
4842,20230411,72,119.72,91.61,134.87
4843,20230605,575,196.28,171.01,200.84
4844,20251130,520,361.69,334.58,413.76
4845,20260530,686,193.71,145.94,170.65
4846,20241212,272,66.09,59.39,64.1
4847,20240830,563,41.14,41.12,42.56
4848,20250930,728,23.99,20.54,24.74
4849,20240613,463,203.4,173.9,194.66
4850,20260305,620,141.64,108.17,148.22
4851,20250802,301,241.8,216.61,212.41
4852,20250909,283,273.75,227.28,247.08
4853,20260306,381,275.49,240.89,238.55
4854,20240202,133,157.64,154.38,148.7
4855,20260123,764,38.17,29.12,37.36
4856,20240416,130,108.44,89.1,120.46
4857,20240209,252,26.05,23.48,25.8
4858,20250914,490,84.06,79.38,82.77
4859,20231125,374,330.48,318.06,287.13
4860,20240416,398,70.82,57.09,77.47
4861,20260430,434,136.54,109.39,124.36
4862,20240301,436,313.39,247.19,336.89
4863,20230911,521,260.98,239.54,291.19
4864,20230720,35,16.22,14.6,15.06
4865,20241107,58,31.75,30.01,27.28
4866,20231016,108,24.49,19.69,25.43
4867,20230608,527,81.74,61.95,86.56
4868,20260521,709,35.68,29.66,37.77
4869,20231017,29,170.48,162.43,165.79
4870,20241128,485,125.2,115.1,117.93
4871,20230710,39,85.06,70.13,84.21
4872,20230202,158,81.27,78.07,85.37
4873,20240201,575,196.28,162.17,206.29
4874,20251221,128,41.76,33.01,46.8
4875,20230220,695,219.54,214.19,206.63
4876,20230304,379,306.26,299.7,260.64
4877,20240223,175,303.57,258.83,346.66
4878,20251226,413,98.94,98.79,109.69
4879,20240119,154,257.41,213.89,282.59
4880,20230104,715,170.39,168.46,177.45
4881,20260101,23,213.42,176.57,190.51
4882,20230104,362,342.7,309.17,391.64
4883,20260104,16,121.92,118.74,138.04
4884,20250113,782,103.0,95.74,104.78
4885,20250130,84,73.96,73.53,66.83
4886,20250930,170,336.66,331.09,384.52
4887,20250522,502,358.64,316.89,353.2
4888,20251230,778,248.68,198.14,242.09
4889,20250806,795,235.28,209.28,264.22
4890,20230629,284,15.97,13.14,16.79
4891,20240803,605,161.5,127.24,147.14
4892,20260521,619,96.72,84.32,92.35
4893,20240511,397,149.6,131.38,166.36
4894,20240601,218,193.69,191.9,182.81
4895,20240219,200,245.23,231.38,237.58
4896,20230712,257,153.43,140.63,175.87
4897,20260528,227,292.62,277.63,289.48
4898,20250808,404,249.7,207.29,243.3
4899,20260316,204,137.31,106.6,123.34
4900,20240402,121,298.82,239.63,272.86
4901,20231210,139,382.89,343.39,439.21
4902,20250918,207,387.32,377.09,444.27
4903,20230118,647,184.7,146.2,181.57
4904,20251001,440,113.85,99.3,101.5
4905,20250705,69,201.68,163.13,185.56
4906,20230309,59,71.61,62.34,71.63
4907,20230413,532,328.3,310.9,297.81
4908,20230817,212,17.63,16.57,15.72
4909,20260620,5,163.2,132.06,179.88
4910,20230628,271,181.82,150.15,155.78
4911,20260324,438,40.99,36.47,41.59
4912,20231110,401,188.97,169.33,201.63
4913,20260518,490,84.06,69.26,77.04
4914,20231006,644,440.69,392.76,488.02
4915,20240219,185,138.24,108.13,129.87
4916,20240427,395,380.39,313.22,436.64
4917,20230926,106,80.14,73.12,73.13
4918,20250123,249,37.07,30.36,35.79
4919,20230413,144,249.79,214.53,276.82
4920,20230801,398,70.82,57.29,68.1
4921,20230818,299,12.05,10.23,12.81
4922,20250707,129,285.77,261.94,300.22
4923,20240304,351,348.89,324.64,341.23
4924,20230107,112,332.69,256.89,302.97
4925,20241129,768,253.35,211.01,230.17
4926,20250812,166,277.57,237.86,306.05
4927,20240710,564,142.88,107.72,146.43
4928,20260104,458,116.37,112.71,123.01
4929,20231223,565,40.62,36.51,39.09
4930,20250718,274,185.35,184.55,165.32
4931,20250607,678,133.31,113.39,124.75
4932,20260329,776,93.65,88.18,103.98
4933,20231002,286,317.67,297.55,313.82
4934,20250222,102,258.72,247.16,241.3
4935,20251231,799,172.35,148.38,148.06
4936,20231126,168,139.86,114.52,145.71
4937,20240826,346,279.84,229.34,258.24
4938,20260218,704,18.97,18.19,20.0
4939,20230730,42,245.92,243.69,262.0
4940,20250628,266,259.97,239.49,241.43
4941,20260107,559,55.12,46.43,55.14
4942,20231219,412,57.85,50.06,49.79
4943,20240318,262,237.84,190.3,211.81
4944,20241204,99,363.81,360.32,335.98
4945,20260504,616,278.04,231.86,248.24
4946,20240101,600,66.54,55.02,68.96
4947,20241002,134,299.61,263.04,274.61
4948,20250518,261,212.23,160.14,207.41
4949,20230712,314,241.0,233.89,228.21
4950,20230218,657,207.96,158.98,201.72
4951,20230608,440,113.85,92.76,121.52
4952,20240830,537,125.74,122.38,144.08
4953,20240113,85,52.93,48.04,47.91
4954,20241031,83,12.62,11.07,11.41
4955,20231217,685,141.65,139.93,148.99
4956,20250603,122,193.32,185.11,197.1
4957,20230729,516,76.0,70.67,82.3
4958,20240303,334,266.65,233.64,255.22
4959,20230721,533,169.61,135.53,170.62
4960,20250830,385,85.79,85.76,91.32
4961,20240731,388,209.17,164.62,201.97
4962,20230118,57,20.69,18.41,23.27
4963,20240710,179,40.39,30.5,41.63
4964,20230313,474,285.61,236.86,297.34
4965,20251015,436,313.39,254.72,315.31
4966,20230103,132,116.18,102.94,132.76
4967,20251029,342,102.47,80.76,98.5
4968,20240227,177,72.58,69.9,65.1
4969,20260103,533,169.61,148.94,154.43
4970,20250218,567,223.92,194.74,245.36
4971,20240416,194,314.56,296.4,360.05
4972,20250428,283,273.75,247.26,257.47
4973,20260330,677,101.31,78.76,107.6
4974,20250629,585,163.26,146.46,168.78
4975,20231209,413,98.94,96.19,85.43
4976,20250413,253,436.82,382.89,376.44
4977,20230807,581,46.45,42.91,52.82
4978,20260405,370,263.18,236.25,284.18
4979,20230224,182,161.43,143.63,181.81
4980,20230404,517,325.99,296.71,291.7
4981,20230321,436,313.39,240.28,341.16
4982,20250521,685,141.65,114.24,144.33
4983,20251122,777,116.51,106.99,129.53
4984,20260511,16,121.92,121.65,122.38
4985,20230605,551,39.75,33.95,43.44
4986,20260118,365,297.68,255.72,309.36
4987,20241203,397,149.6,126.07,171.09
4988,20231107,599,224.63,182.81,227.32
4989,20230731,310,71.17,59.87,71.02
4990,20240802,380,239.62,213.69,236.44
4991,20230330,695,219.54,213.94,197.93
4992,20230225,770,92.3,72.94,94.65
4993,20250830,491,168.23,152.74,167.19
4994,20231125,600,66.54,57.01,69.82
4995,20230508,545,24.51,20.79,22.7
4996,20230906,245,129.45,116.7,130.57
4997,20230116,84,73.96,69.37,75.51
4998,20260405,556,340.34,300.07,348.63
4999,20260123,625,408.43,327.61,381.66
5000,20230415,35,16.22,12.75,18.29
5001,20240502,460,84.17,77.8,80.18
5002,20240107,333,315.8,253.31,354.59
5003,20240104,556,340.34,304.17,376.3
5004,20251027,234,318.9,306.82,307.51
5005,20230109,453,159.04,128.38,135.96
5006,20230828,497,311.63,234.03,265.43
5007,20241027,26,359.21,294.69,333.17
5008,20230807,416,128.68,109.14,112.06
5009,20260318,419,199.26,180.12,218.77
5010,20241017,734,36.51,29.95,33.04
5011,20231104,347,58.66,56.88,52.88
5012,20250518,323,221.18,196.97,216.14
5013,20230923,410,94.32,74.62,83.68
5014,20250617,772,272.89,241.12,297.69
5015,20230919,84,73.96,67.14,64.12
5016,20241007,169,80.84,72.14,87.24
5017,20240623,516,76.0,62.47,69.51
5018,20241031,501,167.28,152.16,144.6
5019,20230602,469,161.37,143.47,181.65
5020,20230202,625,408.43,310.19,441.38
5021,20250901,557,165.04,134.88,170.99
5022,20260628,488,237.94,210.42,238.14
5023,20240520,48,76.9,68.71,76.55
5024,20250522,675,310.72,308.69,335.6
5025,20250410,511,114.7,112.82,105.35
5026,20241014,436,313.39,269.94,303.52
5027,20250718,411,64.81,57.63,59.24
5028,20240901,416,128.68,108.44,136.43
5029,20251219,700,159.22,158.55,162.35
5030,20260202,330,288.16,216.37,275.39
5031,20241228,42,245.92,219.16,270.0
5032,20230620,343,17.55,16.64,15.79
5033,20260511,707,225.72,203.29,247.7
5034,20230802,746,393.87,315.61,432.11
5035,20240206,423,26.19,22.75,25.13
5036,20230111,77,218.69,210.15,223.2
5037,20240628,64,238.84,212.48,241.35
5038,20241214,246,289.83,276.02,320.33
5039,20230602,235,351.8,293.18,367.53
5040,20251207,316,244.0,211.95,221.12
5041,20250408,81,274.94,223.3,312.44
5042,20250427,604,104.98,102.31,95.22
5043,20260328,334,266.65,204.9,261.78
5044,20260124,618,117.82,98.99,128.52
5045,20250318,196,79.66,79.38,86.42
5046,20260205,177,72.58,72.48,75.81
5047,20250716,138,287.07,256.8,294.33
5048,20230426,44,186.98,169.61,171.36
5049,20250605,404,249.7,243.6,260.65
5050,20231021,420,122.78,112.36,130.85
5051,20241217,228,211.07,184.17,201.42
5052,20240609,252,26.05,25.25,28.31
5053,20230407,658,277.36,235.52,268.89
5054,20250616,580,282.51,261.9,250.05
5055,20240903,740,239.3,183.06,236.86
5056,20231103,764,38.17,37.16,40.18
5057,20251219,434,136.54,110.37,129.71
5058,20240708,627,323.38,259.03,278.66
5059,20230907,766,210.17,198.96,217.37
5060,20250923,132,116.18,107.56,123.28
5061,20230116,667,106.93,105.52,115.23
5062,20240219,164,412.46,405.45,372.62
5063,20230819,142,258.94,240.65,261.39
5064,20260519,735,122.01,101.34,113.42
5065,20230819,526,17.69,15.46,16.54
5066,20250428,790,117.22,104.1,126.27
5067,20250925,10,52.67,41.39,54.43
5068,20250429,164,412.46,326.58,412.22
5069,20241006,493,91.44,70.84,79.43
5070,20231205,499,261.75,226.11,256.5
5071,20250108,536,232.15,203.25,255.64
5072,20230222,735,122.01,101.02,123.61
5073,20230806,213,250.01,196.74,258.39
5074,20250913,249,37.07,34.41,34.6
5075,20241229,534,111.77,100.13,106.27
5076,20250427,21,279.33,268.18,248.45
5077,20240922,411,64.81,64.2,55.93
5078,20230403,370,263.18,257.9,243.06
5079,20251114,712,117.99,97.57,103.77
5080,20230816,728,23.99,20.14,24.05
5081,20260320,193,171.68,164.01,157.27
5082,20250728,581,46.45,42.93,52.91
5083,20260105,564,142.88,139.87,154.62
5084,20230416,312,205.56,156.84,222.01
5085,20260202,141,224.09,191.07,191.45
5086,20250507,173,352.79,351.88,332.54
5087,20230626,10,52.67,43.43,50.97
5088,20251027,134,299.61,235.24,289.65
5089,20260408,531,18.72,14.98,19.48
5090,20240615,308,277.35,225.08,237.53
5091,20260618,48,76.9,71.36,80.93
5092,20231219,480,425.68,331.0,476.31
5093,20230301,773,48.89,43.43,47.98
5094,20230216,423,26.19,21.43,25.42
5095,20250311,459,41.78,34.41,38.51
5096,20260402,165,223.04,190.33,219.41
5097,20240319,326,267.52,253.51,306.3
5098,20240322,54,133.2,101.37,139.62
5099,20260618,332,121.61,103.75,126.21
5100,20240904,340,256.97,212.64,276.74
5101,20241216,725,378.22,351.03,416.87
5102,20260322,392,148.86,117.06,151.16
5103,20250119,597,11.11,9.41,10.99
5104,20241104,759,228.08,224.27,256.92
5105,20231103,354,235.99,231.99,256.76
5106,20251017,590,66.24,64.62,61.75
5107,20240424,503,318.02,273.29,346.35
5108,20240714,296,86.09,80.31,81.71
5109,20250731,684,145.2,127.71,164.37
5110,20250214,505,143.55,130.92,122.49
5111,20260513,237,339.45,287.14,358.56
5112,20230505,309,270.23,265.35,301.99
5113,20250210,190,46.04,37.95,43.13
5114,20240507,460,84.17,67.82,91.76
5115,20240609,295,217.29,217.2,225.76
5116,20241229,713,325.0,274.98,327.92
5117,20260215,83,12.62,10.52,10.95
5118,20240604,557,165.04,159.09,183.71
5119,20230916,101,321.61,268.91,300.62
5120,20230318,519,54.14,41.62,50.12
5121,20230617,325,223.83,192.51,196.57
5122,20241024,292,324.11,319.79,291.34
5123,20230624,242,171.67,154.4,189.33
5124,20230101,651,68.28,57.15,66.16
5125,20230411,523,151.65,145.59,172.27
5126,20230827,366,384.91,371.38,327.72
5127,20241209,85,52.93,49.48,54.78
5128,20250430,343,17.55,14.76,16.4
5129,20241019,540,329.69,259.6,340.01
5130,20230705,107,92.43,74.48,81.25
5131,20240418,21,279.33,276.47,270.88
5132,20240629,338,214.38,198.67,228.6
5133,20260628,605,161.5,152.07,185.19
5134,20251203,766,210.17,166.53,213.75
5135,20250322,139,382.89,311.27,358.52
5136,20260305,787,222.59,167.13,200.68
5137,20260527,103,169.4,146.06,178.02
5138,20230103,574,292.71,265.74,300.91
5139,20240227,47,225.94,176.87,250.0
5140,20260201,342,102.47,88.88,110.82
5141,20240723,275,34.97,32.14,39.71
5142,20230730,342,102.47,93.14,107.85
5143,20240510,398,70.82,65.04,75.97
5144,20250114,340,256.97,211.37,235.23
5145,20250514,102,258.72,221.28,271.78
5146,20240506,154,257.41,234.11,246.99
5147,20240516,300,94.2,77.03,99.89
5148,20260419,183,26.08,21.99,24.83
5149,20231128,386,184.17,165.19,158.26
5150,20251031,777,116.51,88.26,128.48
5151,20241227,606,54.24,52.03,52.43
5152,20231213,642,93.63,73.18,83.55
5153,20230326,249,37.07,36.67,32.94
5154,20231129,640,151.16,140.83,158.31
5155,20250521,194,314.56,291.22,297.2
5156,20230215,458,116.37,91.96,127.89
5157,20260314,183,26.08,20.63,22.23
5158,20241214,41,272.3,239.25,232.82
5159,20260518,91,191.54,152.54,211.46
5160,20231227,68,17.84,16.98,15.34
5161,20230604,369,98.11,87.7,102.16
5162,20240610,199,127.18,109.0,136.16
5163,20251225,690,128.51,97.76,129.8
5164,20240302,556,340.34,301.36,335.53
5165,20230720,695,219.54,216.06,211.71
5166,20231003,4,279.54,247.5,268.07
5167,20260621,228,211.07,176.69,187.84
5168,20250526,63,58.12,43.87,61.11
5169,20230115,187,256.66,198.27,279.49
5170,20240208,594,93.21,80.71,83.9
5171,20250420,735,122.01,93.37,113.6
5172,20240520,319,283.51,230.84,273.18
5173,20240808,521,260.98,203.43,239.29
5174,20231006,332,121.61,106.75,129.98
5175,20240229,93,61.41,55.1,57.74
5176,20231106,424,164.94,144.0,149.63
5177,20230210,397,149.6,142.07,134.36
5178,20240425,734,36.51,35.38,33.88
5179,20230509,327,31.53,27.63,28.07
5180,20240228,219,21.56,18.56,24.61
5181,20250630,713,325.0,247.71,337.67
5182,20230403,486,204.27,166.71,186.9
5183,20260110,791,228.37,187.33,247.38
5184,20240628,47,225.94,177.32,226.86
5185,20240211,717,37.49,34.92,38.1
5186,20260331,489,258.71,207.08,253.16
5187,20250202,374,330.48,330.41,313.98
5188,20240304,73,219.47,182.92,211.98
5189,20231212,60,69.61,59.85,78.53
5190,20231202,470,186.23,182.24,181.97
5191,20260116,405,234.96,206.87,248.82
5192,20230721,478,272.96,244.53,296.31
5193,20241222,565,40.62,35.33,37.22
5194,20231007,427,416.06,337.21,389.15
5195,20240618,103,169.4,164.89,184.95
5196,20240519,338,214.38,203.14,223.24
5197,20240704,162,43.61,38.55,42.73
5198,20260321,321,380.87,367.7,342.87
5199,20241216,227,292.62,259.64,327.62
5200,20231027,777,116.51,104.85,111.37
5201,20230531,19,252.36,200.26,286.61
5202,20260311,635,53.49,43.22,55.58
5203,20230309,198,61.79,58.22,69.14
5204,20240913,630,339.79,299.58,334.15
5205,20240204,611,119.6,118.91,117.62
5206,20241127,763,348.36,299.2,372.5
5207,20260603,164,412.46,397.33,379.91
5208,20230822,343,17.55,15.78,16.5
5209,20260204,153,89.99,80.57,97.74
5210,20240330,637,73.36,72.21,64.12
5211,20260209,459,41.78,41.25,44.3
5212,20230707,85,52.93,44.12,47.98
5213,20240816,103,169.4,129.24,148.46
5214,20250502,763,348.36,317.53,364.05
5215,20251226,657,207.96,174.66,187.55
5216,20260315,683,426.67,425.3,393.56
5217,20250826,294,364.34,304.29,377.17
5218,20230114,431,27.19,24.58,29.69
5219,20240110,94,11.79,10.18,11.79
5220,20230105,255,317.46,243.2,334.89
5221,20260618,537,125.74,100.54,121.0
5222,20260314,22,105.46,79.46,103.21
5223,20240506,416,128.68,121.67,137.33
5224,20230805,749,202.73,176.33,174.07
5225,20250820,390,259.85,208.26,253.52
5226,20240409,478,272.96,254.24,294.11
5227,20240721,533,169.61,149.83,171.01
5228,20240803,163,35.79,29.45,38.08
5229,20230301,252,26.05,21.01,24.26
5230,20230812,536,232.15,197.41,217.94
5231,20250303,435,227.4,187.3,245.23
5232,20240823,336,366.26,303.94,353.25
5233,20251207,359,156.76,140.34,150.64
5234,20230703,597,11.11,9.75,9.61
5235,20260105,652,164.75,147.42,160.18
5236,20240305,636,140.04,129.66,154.76
5237,20250207,728,23.99,21.25,27.23
5238,20250107,52,21.14,17.18,22.02
5239,20230827,440,113.85,101.82,124.38
5240,20240112,665,406.18,366.55,352.19
5241,20240311,540,329.69,276.88,282.83
5242,20240619,293,423.76,358.6,423.91
5243,20260527,373,240.17,180.99,238.13
5244,20241201,398,70.82,67.79,71.49
5245,20241022,741,212.39,190.79,189.46
5246,20251030,523,151.65,126.75,159.13
5247,20241127,284,15.97,13.15,15.22
5248,20250206,653,210.05,199.62,217.62
5249,20240511,443,376.23,371.7,378.41
5250,20240228,521,260.98,232.69,278.51
5251,20240913,233,146.82,118.43,157.4
5252,20240121,68,17.84,16.42,20.46
5253,20250507,702,260.54,244.5,224.06
5254,20250303,685,141.65,122.87,125.54
5255,20241008,337,284.78,260.77,253.31
5256,20241230,741,212.39,196.6,180.92
5257,20260410,111,310.59,279.1,332.93
5258,20240430,230,55.79,53.68,51.4
5259,20250124,637,73.36,59.25,69.49
5260,20240502,504,24.53,22.78,24.33
5261,20230624,182,161.43,136.98,146.93
5262,20230604,77,218.69,200.45,187.51
5263,20260616,379,306.26,243.24,297.5
5264,20240319,52,21.14,20.77,22.97
5265,20260126,422,51.31,49.04,45.21
5266,20250823,163,35.79,34.59,35.44
5267,20230830,336,366.26,277.5,405.88
5268,20250703,580,282.51,257.68,297.96
5269,20251031,173,352.79,345.35,345.13
5270,20260414,218,193.69,168.14,187.79
5271,20230318,633,57.66,49.11,51.99
5272,20240711,573,146.12,144.79,141.76
5273,20230428,638,35.51,34.33,38.89
5274,20250117,215,179.63,144.05,152.83
5275,20230426,328,77.81,71.15,66.31
5276,20231016,37,408.21,358.56,417.13
5277,20230908,411,64.81,58.51,74.28
5278,20240303,551,39.75,36.97,45.07
5279,20251231,638,35.51,32.48,40.45
5280,20260531,555,113.22,98.27,119.93
5281,20240221,435,227.4,198.48,236.13
5282,20260120,506,49.38,48.64,49.69
5283,20250808,521,260.98,242.73,244.14
5284,20251025,655,70.94,56.17,64.1
5285,20230204,678,133.31,113.36,134.46
5286,20250317,601,17.49,14.67,19.56
5287,20260512,205,82.38,68.27,84.53
5288,20251020,710,52.14,43.4,52.22
5289,20260429,694,65.85,64.27,56.76
5290,20230429,572,96.08,74.02,109.64
5291,20231015,492,101.28,90.04,97.13
5292,20231207,19,252.36,211.71,280.64
5293,20250918,507,266.28,261.25,303.51
5294,20230604,532,328.3,283.4,367.74
5295,20250117,89,83.91,68.47,90.42
5296,20241120,352,272.28,271.69,299.12
5297,20250209,539,287.91,276.92,326.87
5298,20260124,380,239.62,194.45,214.79
5299,20250710,647,184.7,172.83,182.19
5300,20250824,759,228.08,222.64,216.38
5301,20240830,534,111.77,100.84,124.05
5302,20231013,396,167.37,153.8,152.48
5303,20230911,761,403.08,329.73,351.14
5304,20250604,148,26.37,23.49,23.4
5305,20230930,252,26.05,19.77,28.81
5306,20260512,223,289.35,258.73,318.38
5307,20241227,776,93.65,89.39,85.99
5308,20231119,295,217.29,176.17,244.68
5309,20230210,551,39.75,30.6,41.14
5310,20240929,135,41.31,34.41,42.67
5311,20250201,527,81.74,62.88,89.35
5312,20240827,235,351.8,297.76,343.38
5313,20230505,764,38.17,36.75,41.54
5314,20241212,155,168.01,126.34,160.58
5315,20260415,497,311.63,255.28,336.65
5316,20260618,130,108.44,100.13,108.05
5317,20230714,537,125.74,104.56,117.48
5318,20250727,241,311.53,269.86,338.04
5319,20231203,609,249.15,209.1,226.29
5320,20240621,701,100.15,83.9,106.32
5321,20260621,239,177.69,149.7,188.54
5322,20240605,727,29.93,29.33,28.28
5323,20240106,357,34.05,26.57,32.37
5324,20260212,738,223.85,215.86,213.26
5325,20251201,630,339.79,316.96,338.67
5326,20231020,574,292.71,259.89,314.42
5327,20230718,560,40.22,37.18,42.7
5328,20241022,281,253.48,245.28,242.41
5329,20240911,35,16.22,12.45,15.95
5330,20240227,348,233.48,220.43,214.53
5331,20251022,524,130.88,129.57,121.86
5332,20250216,709,35.68,32.58,38.97
5333,20230419,635,53.49,41.5,50.87
5334,20250613,653,210.05,203.92,202.84
5335,20260129,716,97.62,87.58,110.33
5336,20230905,89,83.91,78.09,73.97
5337,20230919,23,213.42,184.34,214.0
5338,20251208,86,11.99,9.88,11.53
5339,20260225,54,133.2,125.59,133.74
5340,20230201,247,116.11,100.25,108.02
5341,20260408,509,90.19,72.48,94.69
5342,20230304,728,23.99,18.09,26.12
5343,20250611,284,15.97,13.95,16.8
5344,20250503,190,46.04,34.83,50.35
5345,20240508,279,296.99,255.77,272.98
5346,20231013,619,96.72,92.02,88.37
5347,20231116,629,217.61,181.6,186.02
5348,20241216,488,237.94,230.32,215.94
5349,20231118,620,141.64,115.2,132.26
5350,20250410,449,22.61,17.22,20.59
5351,20240413,72,119.72,101.47,133.25
5352,20241130,167,236.05,196.58,214.18
5353,20230930,138,287.07,258.43,291.71
5354,20251012,511,114.7,98.24,129.39
5355,20251201,733,218.3,217.15,198.47
5356,20231009,413,98.94,81.23,100.14
5357,20240116,184,305.93,263.67,289.82
5358,20250816,486,204.27,202.25,200.45
5359,20250702,419,199.26,162.5,192.05
5360,20250414,435,227.4,180.58,198.22
5361,20230131,247,116.11,87.85,116.44
5362,20230204,161,202.52,186.96,178.8
5363,20230126,183,26.08,20.91,28.44
5364,20260620,708,140.71,109.64,142.65
5365,20240812,619,96.72,88.88,98.12
5366,20240626,743,343.9,318.99,331.97
5367,20260604,184,305.93,281.31,277.79
5368,20250610,716,97.62,73.46,96.27
5369,20251223,601,17.49,15.9,15.98
5370,20251119,43,136.65,108.77,153.5
5371,20251010,12,262.97,248.87,275.61
5372,20251031,62,427.35,321.79,461.39
5373,20250215,732,90.88,86.36,102.81
5374,20250927,258,30.13,22.82,31.07
5375,20230510,383,55.74,54.3,60.6
5376,20250802,271,181.82,156.73,166.54
5377,20251011,645,259.57,220.88,231.66
5378,20230828,132,116.18,110.72,103.76
5379,20240604,2,108.79,94.3,101.47
5380,20231218,351,348.89,278.19,377.05
5381,20230624,45,269.74,241.0,293.21
5382,20231222,170,336.66,258.67,336.12
5383,20260506,545,24.51,22.9,24.33
5384,20230502,202,290.4,222.06,301.65
5385,20230907,146,188.03,163.12,167.26
5386,20230829,2,108.79,81.97,105.79
5387,20240209,513,255.23,239.59,281.27
5388,20251223,179,40.39,35.68,43.11
5389,20240325,745,215.3,180.63,189.12
5390,20251206,543,164.16,155.98,162.59
5391,20250907,429,195.21,152.6,174.05
5392,20251129,402,21.66,16.91,18.43
5393,20250407,589,87.74,69.38,87.66
5394,20240731,366,384.91,316.26,418.49
5395,20240201,182,161.43,135.55,169.84
5396,20250702,391,64.13,55.72,69.53
5397,20230602,481,267.97,243.28,288.03
5398,20240711,469,161.37,157.16,181.52
5399,20250121,183,26.08,21.86,27.42
5400,20240604,376,268.5,212.26,266.69
5401,20251203,340,256.97,234.4,267.67
5402,20250426,536,232.15,203.69,219.67
5403,20240307,638,35.51,26.71,33.3
5404,20241104,214,309.39,285.06,312.51
5405,20230427,782,103.0,95.6,109.46
5406,20240228,336,366.26,365.29,366.5
5407,20230609,522,104.14,82.64,119.63
5408,20250308,731,425.46,425.18,373.71
5409,20231006,425,155.73,120.06,177.95
5410,20251222,531,18.72,15.14,20.09
5411,20240917,67,220.55,173.25,216.39
5412,20241017,415,83.9,65.35,82.25
5413,20230810,553,68.99,57.7,59.41
5414,20260110,781,50.54,46.06,47.08
5415,20250505,490,84.06,63.63,85.25
5416,20230923,389,13.99,10.8,15.52
5417,20230221,523,151.65,138.68,146.79
5418,20231223,389,13.99,13.61,14.03
5419,20240520,236,380.33,339.41,328.09
5420,20250312,573,146.12,137.92,146.43
5421,20230826,64,238.84,207.75,228.37
5422,20251115,251,350.95,328.98,387.19
5423,20231129,310,71.17,70.65,70.29
5424,20230609,168,139.86,116.42,129.08
5425,20260316,283,273.75,230.03,298.18
5426,20241002,166,277.57,225.86,267.93
5427,20250904,752,83.54,69.22,88.48
5428,20230807,325,223.83,209.26,233.28
5429,20240124,175,303.57,247.49,295.52
5430,20241105,166,277.57,238.36,314.81
5431,20241014,310,71.17,61.46,61.62
5432,20231101,180,25.06,21.9,27.05
5433,20260204,734,36.51,28.62,38.08
5434,20250130,365,297.68,244.37,313.12
5435,20241013,94,11.79,10.14,13.18
5436,20250613,297,203.31,174.02,209.23
5437,20230906,9,228.25,208.07,247.31
5438,20260429,79,253.18,221.9,261.41
5439,20240130,116,34.36,29.7,35.13
5440,20230117,727,29.93,23.25,29.87
5441,20240826,333,315.8,271.34,293.72
5442,20260616,62,427.35,389.46,373.69
5443,20240220,514,340.45,322.38,387.3
5444,20250914,250,223.62,205.53,211.83
5445,20231020,637,73.36,69.02,80.23
5446,20240430,128,41.76,37.73,46.7
5447,20240125,734,36.51,32.03,32.25
5448,20260307,781,50.54,38.23,48.94
5449,20260614,48,76.9,74.77,71.29
5450,20230920,285,204.89,177.61,181.98
5451,20250628,196,79.66,60.83,77.0
5452,20241219,464,223.36,216.85,235.92
5453,20240913,363,113.38,111.92,108.06
5454,20240315,40,246.38,223.45,247.08
5455,20251223,780,78.04,70.39,81.52
5456,20230704,49,197.2,162.45,222.86
5457,20251219,618,117.82,115.95,131.8
5458,20231220,78,147.0,122.59,147.49
5459,20231114,659,165.56,154.26,187.76
5460,20260321,598,111.7,104.17,128.19
5461,20260607,89,83.91,75.4,91.46
5462,20240320,483,167.82,146.51,147.05
5463,20260306,388,209.17,194.8,198.7
5464,20260222,514,340.45,321.46,336.6
5465,20240210,66,232.57,224.69,207.81
5466,20250210,304,72.0,60.48,71.21
5467,20240711,638,35.51,34.09,31.57
5468,20250213,669,256.27,237.47,229.8
5469,20240303,481,267.97,256.47,260.39
5470,20230902,57,20.69,19.06,18.34
5471,20240314,388,209.17,178.89,219.16
5472,20240302,511,114.7,97.43,110.31
5473,20231020,609,249.15,212.27,242.51
5474,20260512,336,366.26,302.03,354.89
5475,20260306,41,272.3,261.53,291.21
5476,20250602,331,284.71,252.57,255.73
5477,20241202,230,55.79,52.14,61.85
5478,20230309,780,78.04,70.25,80.72
5479,20230702,273,176.31,158.28,154.45
5480,20240517,291,178.18,172.53,186.13
5481,20230519,46,338.48,311.9,323.07
5482,20241213,575,196.28,156.69,174.79
5483,20231119,394,159.79,124.87,145.87
5484,20240325,71,81.45,65.33,88.11
5485,20260224,20,54.98,52.31,48.44
5486,20240316,153,89.99,81.83,93.27
5487,20240603,334,266.65,206.2,306.32
5488,20231216,21,279.33,227.79,262.81
5489,20250909,320,204.9,163.6,209.14
5490,20250221,655,70.94,66.68,64.93
5491,20251126,762,278.35,277.74,286.74
5492,20240507,99,363.81,313.1,362.87
5493,20250823,660,11.42,10.78,13.07
5494,20240202,589,87.74,81.79,76.25
5495,20260520,552,211.79,168.75,181.37
5496,20250605,309,270.23,247.18,304.76
5497,20250829,80,237.98,234.25,261.51
5498,20251008,580,282.51,244.94,281.62
5499,20250412,430,96.92,87.2,106.13
5500,20250116,524,130.88,122.29,122.95
5501,20250202,274,185.35,152.94,200.93
5502,20240418,36,214.64,193.3,220.6
5503,20230331,670,228.6,213.19,262.86
5504,20240819,71,81.45,66.27,74.23
5505,20241209,285,204.89,169.36,184.25
5506,20250817,373,240.17,204.53,206.73
5507,20240820,593,348.5,290.21,314.7
5508,20250513,83,12.62,10.99,13.39
5509,20241231,206,36.22,31.24,37.27
5510,20251120,360,146.23,139.15,166.79
5511,20240420,578,330.25,279.81,308.65
5512,20250906,93,61.41,51.92,55.85
5513,20250130,766,210.17,203.4,196.75
5514,20250617,787,222.59,178.37,231.8
5515,20260319,376,268.5,232.53,238.93
5516,20240425,650,142.56,109.05,146.38
5517,20240429,568,27.56,20.79,25.1
5518,20250221,79,253.18,192.31,276.35
5519,20241118,472,30.87,30.78,34.41
5520,20230826,288,29.26,27.98,29.72
5521,20250627,25,50.32,40.21,45.42
5522,20240326,17,231.2,228.34,244.52
5523,20260609,44,186.98,173.79,202.65
5524,20240825,112,332.69,270.35,347.03
5525,20240908,243,30.66,24.68,26.44
5526,20240803,161,202.52,176.51,224.74
5527,20250121,161,202.52,188.91,219.1
5528,20251114,474,285.61,225.55,316.08
5529,20250614,281,253.48,194.71,255.1
5530,20230101,185,138.24,115.47,134.94
5531,20230907,763,348.36,328.36,346.66
5532,20230131,559,55.12,54.21,62.46
5533,20251105,527,81.74,81.06,88.01
5534,20260402,67,220.55,180.41,245.75
5535,20250504,142,258.94,244.7,245.61
5536,20231104,476,235.18,193.39,226.71
5537,20260109,182,161.43,125.26,181.17
5538,20231126,637,73.36,55.55,74.71
5539,20230529,649,267.48,232.16,306.98
5540,20240803,700,159.22,119.97,143.44
5541,20230905,205,82.38,62.03,70.91
5542,20250901,147,53.98,42.25,61.92
5543,20250125,185,138.24,131.59,154.56
5544,20250811,659,165.56,149.15,183.57
5545,20251125,593,348.5,265.99,345.13
5546,20230707,116,34.36,31.62,30.43
5547,20250514,508,358.96,274.15,366.01
5548,20241125,51,80.4,76.92,82.74
5549,20240628,712,117.99,99.18,112.52
5550,20241219,286,317.67,289.97,286.88
5551,20231220,562,188.77,145.83,205.42
5552,20230830,555,113.22,87.63,103.04
5553,20231012,571,319.71,313.7,356.54
5554,20230308,513,255.23,234.7,267.99
5555,20230717,42,245.92,198.83,253.9
5556,20240609,428,389.44,297.9,392.52
5557,20250814,694,65.85,59.49,57.86
5558,20231101,706,136.94,131.72,150.1
5559,20230814,740,239.3,199.89,257.93
5560,20250822,22,105.46,87.61,101.28
5561,20250323,427,416.06,362.25,436.03
5562,20231212,207,387.32,351.62,420.03
5563,20240121,562,188.77,151.38,169.55
5564,20260330,717,37.49,33.07,32.12
5565,20230718,9,228.25,191.3,252.4
5566,20260425,97,301.78,251.15,284.74
5567,20240317,188,276.5,256.29,259.22
5568,20230112,379,306.26,292.21,346.54
5569,20251015,354,235.99,179.75,250.48
5570,20230521,634,132.1,114.98,121.08
5571,20230331,520,361.69,304.62,327.91
5572,20241012,271,181.82,154.17,174.39
5573,20260108,347,58.66,54.25,59.89
5574,20230516,7,169.43,127.31,181.43
5575,20250114,243,30.66,30.56,29.97
5576,20240512,143,275.87,209.49,236.89
5577,20230417,244,357.61,322.83,361.15
5578,20240229,196,79.66,66.66,85.88
5579,20240603,567,223.92,180.11,233.99
5580,20230130,175,303.57,240.03,286.89
5581,20230429,347,58.66,52.4,53.08
5582,20240910,416,128.68,96.92,139.54
5583,20260614,618,117.82,106.89,124.44
5584,20240507,792,142.29,117.65,134.67
5585,20230607,517,325.99,325.8,328.47
5586,20250713,275,34.97,33.54,30.08
5587,20251120,650,142.56,136.83,134.08
5588,20260501,609,249.15,187.27,275.54
5589,20251022,746,393.87,355.45,402.17
5590,20250427,207,387.32,339.81,423.52
5591,20241217,485,125.2,100.93,142.95
5592,20250712,200,245.23,231.69,222.83
5593,20260330,333,315.8,301.39,318.98
5594,20260417,48,76.9,74.34,70.11
5595,20251110,664,29.07,23.08,28.51
5596,20250413,163,35.79,32.77,37.37
5597,20260110,34,218.67,201.87,214.54
5598,20240329,655,70.94,70.65,74.23
5599,20240509,524,130.88,120.08,114.45
5600,20251122,500,394.62,360.53,400.54
5601,20260530,183,26.08,21.37,28.67
5602,20260219,247,116.11,95.73,108.04
5603,20260401,271,181.82,146.43,178.04
5604,20260424,257,153.43,144.92,154.95
5605,20260603,764,38.17,29.4,39.83
5606,20250703,746,393.87,310.11,364.77
5607,20241203,34,218.67,205.4,196.33
5608,20230625,758,348.5,284.13,353.51
5609,20260312,131,24.54,20.96,24.84
5610,20240915,242,171.67,135.65,145.97
5611,20260114,41,272.3,253.87,300.03
5612,20240915,454,323.6,297.52,333.51
5613,20240712,245,129.45,127.69,140.26
5614,20230325,126,119.25,116.45,106.44
5615,20250920,779,134.97,127.68,131.96
5616,20230924,27,110.98,89.8,105.05
5617,20260501,412,57.85,45.85,58.86
5618,20240111,184,305.93,275.29,341.8
5619,20231216,599,224.63,199.73,207.66
5620,20250702,522,104.14,91.0,90.13
5621,20251102,81,274.94,228.57,308.41
5622,20240128,400,179.93,175.98,154.99
5623,20241010,375,46.16,44.82,53.04
5624,20241231,636,140.04,121.1,127.37
5625,20251117,234,318.9,280.62,285.24
5626,20250413,105,380.19,306.27,324.59
5627,20260428,472,30.87,26.63,26.89
5628,20260428,440,113.85,86.82,126.07
5629,20240818,40,246.38,222.06,245.4
5630,20260617,531,18.72,16.98,19.61
5631,20240415,457,60.47,55.99,59.11
5632,20231208,95,76.43,58.88,79.71
5633,20230717,144,249.79,188.03,274.37
5634,20251220,141,224.09,220.58,248.66
5635,20230323,129,285.77,268.72,273.22
5636,20240108,350,195.28,187.07,210.23
5637,20240103,237,339.45,256.57,332.87
5638,20230929,173,352.79,276.47,403.29
5639,20260328,279,296.99,279.66,312.2
5640,20250602,604,104.98,100.42,112.74
5641,20241006,272,66.09,63.08,72.96
5642,20230411,758,348.5,336.23,360.62
5643,20240211,255,317.46,261.05,300.61
5644,20250723,302,95.16,80.0,84.36
5645,20251120,315,296.21,273.96,257.66
5646,20240612,101,321.61,283.45,315.88
5647,20240113,569,318.86,310.24,365.29
5648,20230417,366,384.91,347.33,420.33
5649,20250102,240,48.56,42.86,45.38
5650,20250601,219,21.56,21.09,22.67
5651,20240709,139,382.89,352.75,391.3
5652,20230702,521,260.98,237.97,257.15
5653,20230820,164,412.46,313.02,379.36
5654,20250309,323,221.18,200.86,252.26
5655,20250303,609,249.15,225.33,250.49
5656,20230519,395,380.39,294.51,431.55
5657,20231024,495,21.23,20.59,22.79
5658,20230715,9,228.25,219.52,231.39
5659,20230412,135,41.31,35.32,42.42
5660,20260214,602,85.13,75.34,95.48
5661,20250620,92,242.67,222.89,248.04
5662,20230107,375,46.16,36.86,41.55
5663,20260105,439,350.84,301.87,314.28
5664,20230825,63,58.12,56.8,60.78
5665,20250904,59,71.61,60.19,68.16
5666,20240408,59,71.61,54.36,63.34
5667,20240105,521,260.98,235.21,245.58
5668,20251016,163,35.79,33.92,37.8
5669,20240912,479,253.27,225.67,242.2
5670,20240505,424,164.94,136.23,163.4
5671,20250220,489,258.71,252.44,290.33
5672,20241227,133,157.64,151.37,147.54
5673,20240204,536,232.15,179.81,228.67
5674,20230728,163,35.79,27.85,33.75
5675,20240127,567,223.92,192.78,257.39
5676,20251003,434,136.54,127.84,121.66
5677,20231228,783,254.01,213.34,278.01
5678,20260304,584,303.45,261.81,291.85
5679,20260523,618,117.82,108.63,118.26
5680,20240613,571,319.71,316.27,345.28
5681,20250403,8,211.32,208.34,195.67
5682,20250114,619,96.72,95.07,84.25
5683,20230101,658,277.36,256.95,273.92
5684,20230825,248,229.78,222.05,230.17
5685,20250411,291,178.18,169.22,156.77
5686,20241016,689,102.62,79.68,88.27
5687,20250831,138,287.07,249.3,289.64
5688,20250512,694,65.85,53.48,60.83
5689,20260210,169,80.84,65.21,75.02
5690,20231209,23,213.42,178.45,234.22
5691,20230519,415,83.9,63.85,88.2
5692,20250126,678,133.31,106.96,135.81
5693,20231104,200,245.23,192.98,263.02
5694,20241221,192,142.28,136.03,153.76
5695,20240727,723,392.9,316.2,385.64
5696,20230207,691,160.49,150.65,138.61
5697,20260407,499,261.75,209.88,224.45
5698,20250323,4,279.54,272.06,285.48
5699,20241214,1,128.02,107.9,125.99
5700,20240401,405,234.96,184.9,215.31
5701,20250517,122,193.32,190.97,217.81
5702,20251202,297,203.31,175.14,173.01
5703,20231116,314,241.0,238.13,208.08
5704,20251219,603,228.34,181.52,206.16
5705,20230226,490,84.06,80.19,95.16
5706,20240714,258,30.13,22.68,30.35
5707,20240424,339,147.7,113.36,162.12
5708,20240329,561,223.15,214.65,230.35
5709,20260106,238,232.61,190.48,220.81
5710,20231203,63,58.12,49.47,52.46
5711,20240907,164,412.46,393.28,402.8
5712,20240329,647,184.7,172.16,171.31
5713,20230211,151,452.82,389.55,492.47
5714,20250516,74,140.18,118.84,145.58
5715,20250417,319,283.51,230.25,248.51
5716,20260612,349,300.82,258.08,282.93
5717,20241106,422,51.31,50.01,51.12
5718,20230310,474,285.61,269.55,301.11
5719,20250308,558,241.4,195.87,223.83
5720,20260118,621,238.21,178.82,208.46
5721,20240607,454,323.6,280.14,283.54
5722,20250706,719,73.37,58.73,84.37
5723,20260330,76,227.03,177.26,241.42
5724,20230310,606,54.24,41.83,62.17
5725,20230122,372,11.94,9.03,12.42
5726,20240229,557,165.04,154.18,173.06
5727,20250415,62,427.35,395.01,416.3
5728,20250814,73,219.47,179.82,200.27
5729,20250111,251,350.95,314.91,308.89
5730,20240613,71,81.45,73.18,88.96
5731,20251229,130,108.44,99.39,122.57
5732,20250410,512,65.44,62.73,56.62
5733,20231113,798,130.63,124.77,137.58
5734,20240510,574,292.71,259.97,286.29
5735,20241209,25,50.32,39.01,51.55
5736,20260109,387,66.08,65.31,71.96
5737,20230716,343,17.55,14.31,17.14
5738,20240615,657,207.96,191.33,228.2
5739,20240808,250,223.62,217.99,227.5
5740,20230712,713,325.0,294.96,318.6
5741,20240531,56,266.02,246.61,259.18
5742,20230130,649,267.48,258.09,237.88
5743,20260130,35,16.22,14.84,15.24
5744,20250928,184,305.93,271.53,291.22
5745,20250906,622,97.19,85.13,87.99
5746,20260401,699,65.91,64.3,64.87
5747,20240127,621,238.21,217.0,237.39
5748,20230523,650,142.56,129.13,137.34
5749,20230808,187,256.66,211.18,246.58
5750,20230605,299,12.05,10.67,11.57
5751,20240430,505,143.55,116.33,154.89
5752,20230626,545,24.51,21.61,21.38
5753,20240319,706,136.94,109.78,120.4
5754,20260113,17,231.2,209.16,255.08
5755,20230606,742,222.66,181.78,202.21
5756,20241102,623,190.11,164.83,191.32
5757,20241016,401,188.97,149.16,216.14
5758,20231214,431,27.19,23.57,26.68
5759,20250703,218,193.69,150.24,215.47
5760,20230523,336,366.26,310.49,367.61
5761,20250914,457,60.47,46.66,66.67
5762,20240509,504,24.53,21.59,21.96
5763,20230729,490,84.06,67.77,82.22
5764,20231128,490,84.06,71.96,73.56
5765,20260412,130,108.44,103.91,108.8
5766,20251218,52,21.14,16.86,18.66
5767,20250412,702,260.54,206.04,296.31
5768,20230326,795,235.28,216.27,236.41
5769,20230617,66,232.57,200.34,258.08
5770,20250818,41,272.3,240.65,304.9
5771,20230411,319,283.51,255.42,269.07
5772,20250131,34,218.67,201.79,207.23
5773,20230718,43,136.65,113.63,121.48
5774,20250322,735,122.01,116.0,116.33
5775,20230601,619,96.72,92.51,88.78
5776,20260303,689,102.62,85.85,108.75
5777,20250524,721,249.16,221.33,213.29
5778,20260213,622,97.19,95.35,88.58
5779,20240211,34,218.67,210.91,243.44
5780,20251228,15,179.98,141.88,178.07
5781,20230504,573,146.12,137.19,167.77
5782,20260510,208,194.43,163.27,197.64
5783,20230117,138,287.07,256.23,317.31
5784,20241212,581,46.45,36.47,47.72
5785,20260220,323,221.18,171.94,227.34
5786,20250920,236,380.33,378.07,335.64
5787,20240118,139,382.89,324.59,335.62
5788,20240609,26,359.21,291.75,359.13
5789,20240905,239,177.69,141.25,153.57
5790,20260329,730,218.37,184.09,249.59
5791,20240821,567,223.92,175.15,226.82
5792,20251024,73,219.47,205.92,222.43
5793,20230602,360,146.23,124.49,125.49
5794,20250319,380,239.62,235.29,212.03
5795,20230612,695,219.54,196.85,190.52
5796,20231027,86,11.99,11.34,10.98
5797,20241111,435,227.4,198.36,241.59
5798,20240328,714,29.93,27.41,31.65
5799,20250305,228,211.07,173.98,241.88
5800,20250804,319,283.51,236.39,267.15
5801,20260415,157,17.11,16.86,17.48
5802,20251121,689,102.62,100.21,108.38
5803,20240430,250,223.62,198.37,199.84
5804,20230407,90,228.46,224.75,239.75
5805,20250915,355,151.19,132.51,136.72
5806,20260606,138,287.07,279.37,245.61
5807,20230122,62,427.35,333.39,433.63
5808,20231208,621,238.21,181.52,221.28
5809,20230702,490,84.06,65.97,77.66
5810,20230829,481,267.97,255.24,252.39
5811,20240214,569,318.86,274.09,327.25
5812,20230806,602,85.13,70.77,93.34
5813,20240518,457,60.47,54.49,60.51
5814,20240602,517,325.99,271.23,362.57
5815,20241202,192,142.28,127.31,162.2
5816,20251016,767,29.98,23.07,32.07
5817,20260630,766,210.17,168.73,241.59
5818,20240223,540,329.69,304.35,321.23
5819,20240517,185,138.24,129.83,138.11
5820,20230903,444,271.47,247.62,277.06
5821,20250623,792,142.29,121.27,162.71
5822,20250412,53,274.33,235.35,288.38
5823,20260504,466,314.66,246.15,349.22
5824,20241005,430,96.92,77.52,100.71
5825,20250326,633,57.66,51.33,52.14
5826,20250821,490,84.06,66.31,72.03
5827,20231027,609,249.15,232.45,237.89
5828,20250521,212,17.63,14.89,17.9
5829,20250405,636,140.04,135.42,146.85
5830,20250330,654,223.67,217.77,215.8
5831,20250306,357,34.05,29.4,32.43
5832,20230730,723,392.9,328.49,390.29
5833,20250526,650,142.56,122.59,155.16
5834,20240905,310,71.17,59.7,77.83
5835,20230118,758,348.5,302.87,392.75
5836,20260130,354,235.99,192.68,265.53
5837,20230517,405,234.96,185.85,215.06
5838,20230330,47,225.94,170.8,258.91
5839,20250226,691,160.49,132.98,142.64
5840,20240701,117,66.51,53.33,71.69
5841,20260414,716,97.62,86.54,85.18
5842,20251229,585,163.26,146.93,146.23
5843,20241013,398,70.82,56.33,70.84
5844,20240909,779,134.97,116.32,126.72
5845,20251110,142,258.94,199.99,246.3
5846,20231220,348,233.48,220.56,220.07
5847,20260411,80,237.98,236.42,252.26
5848,20260314,319,283.51,250.57,259.25
5849,20260317,640,151.16,119.02,154.73
5850,20230727,397,149.6,132.09,170.61
5851,20260103,274,185.35,185.26,166.97
5852,20251030,241,311.53,304.37,299.39
5853,20260428,563,41.14,36.48,42.21
5854,20230111,186,192.02,189.25,211.17
5855,20250421,215,179.63,146.74,185.61
5856,20260307,768,253.35,241.86,239.04
5857,20230427,779,134.97,120.14,128.85
5858,20250513,214,309.39,273.63,289.5
5859,20230716,5,163.2,145.84,157.57
5860,20250526,611,119.6,110.77,125.29
5861,20230810,103,169.4,137.35,167.48
5862,20241124,385,85.79,73.06,79.25
5863,20260109,249,37.07,34.14,40.08
5864,20230611,648,33.89,32.49,30.7
5865,20260106,536,232.15,222.83,218.9
5866,20250116,423,26.19,21.7,24.29
5867,20240905,158,81.27,71.83,87.25
5868,20251213,173,352.79,332.78,382.52
5869,20230225,54,133.2,107.93,130.07
5870,20251207,203,357.94,317.98,330.59
5871,20230806,190,46.04,35.58,41.51
5872,20240422,446,47.38,39.98,52.21
5873,20260610,695,219.54,188.95,187.11
5874,20250807,580,282.51,226.13,311.08
5875,20241206,378,260.57,224.95,299.41
5876,20240610,392,148.86,131.77,140.45
5877,20250824,625,408.43,402.82,378.11
5878,20260402,764,38.17,28.84,34.2
5879,20231208,447,59.76,46.28,61.42
5880,20250418,244,357.61,353.33,366.0
5881,20251021,536,232.15,194.66,235.53
5882,20260209,577,292.69,270.57,269.26
5883,20251028,281,253.48,211.29,256.68
5884,20250119,514,340.45,336.8,341.37
5885,20260220,649,267.48,228.18,292.67
5886,20230517,777,116.51,106.8,105.05
5887,20240802,325,223.83,217.58,249.59
5888,20231023,85,52.93,39.88,55.3
5889,20230718,493,91.44,73.8,95.2
5890,20231205,512,65.44,54.71,64.11
5891,20260430,347,58.66,44.0,64.65
5892,20250110,411,64.81,55.17,57.67
5893,20240505,546,65.36,58.3,55.68
5894,20260630,360,146.23,143.23,151.8
5895,20240101,383,55.74,53.67,48.26
5896,20230531,554,59.83,54.89,67.18
5897,20240929,743,343.9,281.4,322.59
5898,20230409,615,107.87,101.25,110.92
5899,20260621,680,272.43,249.23,255.59
5900,20250202,558,241.4,187.93,273.1
5901,20230102,531,18.72,16.95,18.17
5902,20241022,127,264.28,240.61,234.79
5903,20250419,375,46.16,45.71,43.24
5904,20240716,236,380.33,286.08,436.58
5905,20250729,194,314.56,257.4,301.25
5906,20231106,169,80.84,76.54,70.32
5907,20240322,437,95.28,85.76,94.82
5908,20230320,310,71.17,66.89,61.57
5909,20251025,772,272.89,257.6,249.03
5910,20230804,94,11.79,11.69,12.94
5911,20251207,2,108.79,92.05,121.81
5912,20260313,107,92.43,77.26,82.23
5913,20230901,151,452.82,393.9,496.79
5914,20251221,372,11.94,9.34,10.39
5915,20240528,712,117.99,107.25,106.16
5916,20240723,166,277.57,257.16,270.21
5917,20230125,646,202.52,193.14,193.48
5918,20240809,329,269.12,218.08,291.36
5919,20250304,268,75.48,63.86,74.91
5920,20230726,307,130.54,106.45,141.37
5921,20230804,400,179.93,163.79,202.99
5922,20250513,409,219.82,214.66,188.37
5923,20240628,141,224.09,217.28,236.15
5924,20231126,594,93.21,73.65,93.02
5925,20230715,624,21.67,18.73,19.47
5926,20250127,432,269.02,251.08,260.37
5927,20230916,45,269.74,264.02,252.75
5928,20240622,419,199.26,181.67,193.08
5929,20230905,466,314.66,261.19,292.51
5930,20231102,261,212.23,188.43,235.97
5931,20230323,62,427.35,388.28,365.93
5932,20260601,11,54.42,48.8,48.7
5933,20230106,286,317.67,276.86,284.52
5934,20240828,330,288.16,265.3,299.06
5935,20240505,316,244.0,186.45,253.9
5936,20241120,62,427.35,415.21,376.42
5937,20241109,201,178.89,134.49,190.38
5938,20250103,518,38.63,37.05,41.17
5939,20260131,418,235.9,224.18,262.81
5940,20250917,301,241.8,223.43,243.3
5941,20250312,345,274.13,255.47,269.5
5942,20231008,374,330.48,255.45,323.37
5943,20260118,684,145.2,140.99,141.83
5944,20250923,334,266.65,243.01,246.78
5945,20250127,325,223.83,188.81,219.05
5946,20230227,568,27.56,23.72,26.86
5947,20250824,664,29.07,24.3,32.21
5948,20240128,490,84.06,69.92,85.36
5949,20230604,776,93.65,92.1,93.91
5950,20251127,450,361.37,355.62,372.53
5951,20241229,240,48.56,48.4,52.43
5952,20260218,778,248.68,222.68,262.86
5953,20240922,787,222.59,218.57,205.15
5954,20250529,174,208.41,202.73,203.98
5955,20251212,207,387.32,367.45,395.41
5956,20230529,184,305.93,301.59,335.13
5957,20240610,329,269.12,231.34,303.97
5958,20251019,77,218.69,209.55,231.43
5959,20231217,568,27.56,25.65,27.38
5960,20260406,51,80.4,78.17,70.13
5961,20240108,551,39.75,31.57,44.89
5962,20260608,634,132.1,106.96,118.09
5963,20240313,524,130.88,126.88,121.23
5964,20251204,174,208.41,164.71,216.27
5965,20240330,494,380.5,299.97,403.09
5966,20231230,118,410.38,388.44,383.57
5967,20241119,150,107.86,82.38,118.49
5968,20231229,470,186.23,150.59,201.18
5969,20260226,158,81.27,65.87,92.8
5970,20230307,583,182.74,160.14,203.37
5971,20231112,393,22.43,22.19,19.31
5972,20240807,411,64.81,48.64,65.76
5973,20250903,719,73.37,61.73,82.71
5974,20260116,634,132.1,105.85,148.49
5975,20231130,606,54.24,47.21,58.95
5976,20230403,488,237.94,217.31,269.46
5977,20250731,621,238.21,237.39,225.39
5978,20250110,445,236.18,203.03,220.29
5979,20241108,79,253.18,249.48,244.94
5980,20230308,216,336.54,310.16,287.14
5981,20240814,16,121.92,118.5,115.0
5982,20260609,44,186.98,145.64,161.18
5983,20230213,145,222.21,195.03,203.69
5984,20250826,128,41.76,34.35,46.23
5985,20230115,92,242.67,233.83,222.43
5986,20260519,746,393.87,313.18,410.24
5987,20231022,146,188.03,187.6,201.69
5988,20260226,175,303.57,267.64,343.85
5989,20260312,470,186.23,170.28,202.95
5990,20230731,333,315.8,270.74,361.71
5991,20250401,166,277.57,248.36,273.47
5992,20250309,743,343.9,306.12,355.5
5993,20231228,478,272.96,214.08,307.71
5994,20230613,528,365.56,285.47,416.19
5995,20231220,719,73.37,59.9,62.43
5996,20230612,263,87.43,86.05,91.19
5997,20260117,715,170.39,140.35,184.35
5998,20250608,506,49.38,40.75,50.22
5999,20250509,41,272.3,219.14,296.34
6000,20240805,1,128.02,114.19,135.59
6001,20240605,518,38.63,38.4,35.64
6002,20260110,22,105.46,84.82,113.08
6003,20230926,536,232.15,183.56,252.18
6004,20241206,186,192.02,189.25,197.37
6005,20240213,82,299.58,252.34,287.41
6006,20260425,219,21.56,16.26,22.37
6007,20230402,766,210.17,209.25,186.92
6008,20251023,112,332.69,278.32,299.69
6009,20230618,536,232.15,187.2,222.61
6010,20250526,447,59.76,48.38,61.7
6011,20230713,705,239.69,183.9,273.14
6012,20240120,111,310.59,299.75,264.57
6013,20230730,166,277.57,231.89,292.18
6014,20240419,101,321.61,273.41,360.33
6015,20240116,57,20.69,17.1,20.5
6016,20241209,319,283.51,248.94,319.81
6017,20240212,380,239.62,211.36,233.58
6018,20250904,251,350.95,275.33,376.09
6019,20231012,245,129.45,116.15,132.81
6020,20250327,625,408.43,341.16,460.78
6021,20260308,121,298.82,237.14,291.15
6022,20260406,404,249.7,210.01,281.86
6023,20230112,365,297.68,223.75,255.4
6024,20240531,133,157.64,144.64,161.46
6025,20251015,515,127.91,127.72,112.23
6026,20231026,59,71.61,65.29,75.96
6027,20240309,744,99.0,76.75,97.98
6028,20230612,308,277.35,262.17,268.23
6029,20241103,232,283.79,252.08,274.13
6030,20250918,776,93.65,76.81,83.94
6031,20251115,684,145.2,138.28,132.64
6032,20250807,53,274.33,259.4,233.34
6033,20241122,470,186.23,183.13,208.24
6034,20260511,759,228.08,224.39,208.71
6035,20250627,375,46.16,35.1,43.43
6036,20240215,181,341.92,259.88,319.15
6037,20251109,185,138.24,123.71,138.31
6038,20240212,150,107.86,87.0,109.76
6039,20260413,173,352.79,306.69,388.11
6040,20250915,306,267.41,258.9,252.77
6041,20250320,611,119.6,114.54,108.1
6042,20241028,294,364.34,349.59,383.67
6043,20241119,645,259.57,204.82,289.72
6044,20250208,718,216.02,173.2,241.27
6045,20250601,664,29.07,24.54,28.29
6046,20230127,58,31.75,25.02,32.69
6047,20230508,537,125.74,99.14,126.7
6048,20230228,22,105.46,100.58,106.43
6049,20250213,438,40.99,36.95,45.86
6050,20240413,389,13.99,12.69,12.76
6051,20231219,178,241.37,240.76,252.26
6052,20231211,154,257.41,207.85,219.66
6053,20250521,5,163.2,127.04,151.77
6054,20241221,737,232.1,196.76,204.01
6055,20241123,310,71.17,59.68,81.53
6056,20230529,597,11.11,11.06,10.17
6057,20240821,93,61.41,48.7,55.42
6058,20230711,585,163.26,154.64,186.98
6059,20250725,532,328.3,275.43,339.88
6060,20240213,543,164.16,154.98,155.0
6061,20251116,30,325.32,278.72,344.08
6062,20250329,356,128.43,124.7,137.32
6063,20230916,795,235.28,209.56,218.88
6064,20240915,407,187.73,157.81,175.59
6065,20250331,277,308.04,260.66,278.08
6066,20260625,735,122.01,110.31,111.96
6067,20240618,94,11.79,10.94,11.52
6068,20241221,302,95.16,93.7,81.63
6069,20240720,257,153.43,120.64,154.65
6070,20231213,247,116.11,109.79,116.0
6071,20250219,155,168.01,130.7,173.79
6072,20260512,579,241.27,198.19,232.05
6073,20240328,653,210.05,192.99,224.52
6074,20240727,255,317.46,240.7,323.9
6075,20260517,197,150.97,139.77,160.04
6076,20240115,424,164.94,139.12,174.22
6077,20250613,112,332.69,296.76,293.51
6078,20241002,712,117.99,104.19,109.2
6079,20260304,31,281.2,256.11,246.39
6080,20230218,565,40.62,37.73,36.23
6081,20230816,790,117.22,101.93,126.99
6082,20250408,161,202.52,180.7,178.55
6083,20260115,388,209.17,199.85,188.44
6084,20240611,326,267.52,239.42,259.2
6085,20250211,157,17.11,13.5,16.43
6086,20251110,673,423.99,417.23,486.17
6087,20241028,314,241.0,203.78,207.62
6088,20240428,319,283.51,255.19,253.53
6089,20260502,61,9.0,8.12,10.29
6090,20231115,76,227.03,212.23,242.46
6091,20260517,384,52.49,42.83,47.01
6092,20240928,142,258.94,206.95,229.39
6093,20230411,239,177.69,148.16,202.16
6094,20240325,150,107.86,90.93,119.73
6095,20230905,4,279.54,264.26,264.12
6096,20250317,757,118.51,100.49,114.19
6097,20230428,763,348.36,311.52,333.91
6098,20230318,489,258.71,245.34,289.35
6099,20240702,469,161.37,125.06,167.29
6100,20240110,481,267.97,210.64,260.64
6101,20250114,690,128.51,125.48,144.43
6102,20230821,390,259.85,197.67,277.01
6103,20251007,624,21.67,20.0,20.4
6104,20250522,547,393.46,321.11,439.99
6105,20250519,468,354.29,330.65,330.24
6106,20231029,36,214.64,162.41,232.77
6107,20250617,459,41.78,38.56,43.19
6108,20251128,490,84.06,82.23,93.08
6109,20240407,429,195.21,156.47,182.87
6110,20240915,427,416.06,395.47,429.45
6111,20260626,383,55.74,43.73,55.24
6112,20260324,329,269.12,242.86,248.56
6113,20230213,53,274.33,262.71,291.6
6114,20230308,732,90.88,80.07,78.21
6115,20240311,321,380.87,363.62,383.41
6116,20230323,36,214.64,188.96,241.0
6117,20240629,694,65.85,60.52,64.82
6118,20260426,476,235.18,183.1,254.27
6119,20250921,189,205.54,178.57,202.39
6120,20241122,5,163.2,154.7,139.67
6121,20250824,612,244.74,231.48,241.86
6122,20250531,627,323.38,244.63,366.54
6123,20241201,283,273.75,238.03,282.52
6124,20240904,426,82.56,70.46,80.76
6125,20231108,73,219.47,217.98,189.54
6126,20240406,533,169.61,165.31,166.68
6127,20251028,732,90.88,79.32,77.96
6128,20230320,307,130.54,107.12,140.94
6129,20240706,504,24.53,20.46,22.12
6130,20251221,391,64.13,60.09,68.61
6131,20250225,84,73.96,64.16,77.71
6132,20251012,190,46.04,42.94,45.92
6133,20240602,504,24.53,21.66,21.73
6134,20230425,260,283.2,253.5,261.95
6135,20260427,254,91.01,68.59,99.71
6136,20260405,370,263.18,239.37,223.82
6137,20260506,341,53.82,52.21,61.53
6138,20251005,705,239.69,231.87,215.64
6139,20230529,198,61.79,46.47,54.49
6140,20240814,471,34.5,32.04,34.14
6141,20250212,99,363.81,342.53,315.93
6142,20230905,672,106.54,103.53,118.58
6143,20241007,708,140.71,131.13,144.87
6144,20251208,142,258.94,207.65,291.55
6145,20250406,493,91.44,89.52,97.77
6146,20251108,339,147.7,112.08,139.38
6147,20240509,75,117.53,100.61,99.98
6148,20231109,534,111.77,103.67,119.18
6149,20250930,554,59.83,59.55,63.31
6150,20231007,269,15.66,14.77,14.52
6151,20250624,414,196.54,193.23,174.5
6152,20231104,697,203.47,160.62,178.71
6153,20250811,47,225.94,191.82,248.92
6154,20250216,250,223.62,197.13,209.56
6155,20250805,317,251.02,234.88,216.29
6156,20250503,207,387.32,326.6,343.42
6157,20240902,197,150.97,125.59,160.97
6158,20240219,231,190.39,150.45,216.26
6159,20260306,504,24.53,18.86,23.9
6160,20250321,48,76.9,75.76,80.84
6161,20260114,45,269.74,253.57,250.46
6162,20231211,719,73.37,57.88,84.14
6163,20240228,579,241.27,202.24,267.35
6164,20231208,505,143.55,127.77,122.39
6165,20250601,76,227.03,181.41,251.06
6166,20230806,146,188.03,184.85,161.85
6167,20240116,264,10.22,8.11,10.59
6168,20230518,667,106.93,85.72,98.14
6169,20260429,698,103.34,86.89,104.09
6170,20251229,273,176.31,161.19,167.87
6171,20240923,702,260.54,208.62,279.2
6172,20251230,743,343.9,293.91,310.57
6173,20240607,193,171.68,144.85,148.88
6174,20230517,743,343.9,307.32,331.22
6175,20240424,731,425.46,424.61,373.23
6176,20260511,610,31.94,25.87,30.63
6177,20250201,535,170.95,154.52,182.38
6178,20230410,460,84.17,68.87,94.17
6179,20231209,550,203.17,165.6,199.87
6180,20240101,503,318.02,248.77,353.84
6181,20240709,442,36.82,30.87,39.27
6182,20230503,105,380.19,332.96,344.86
6183,20240325,616,278.04,262.99,263.84
6184,20230711,677,101.31,83.27,100.95
6185,20250620,733,218.3,184.57,225.92
6186,20240104,527,81.74,76.36,82.05
6187,20240305,607,181.88,154.39,159.86
6188,20250922,87,204.15,154.64,192.01
6189,20230603,51,80.4,75.99,69.8
6190,20260123,433,60.97,48.68,58.07
6191,20251019,91,191.54,187.88,210.94
6192,20260611,245,129.45,117.84,128.53
6193,20250218,530,239.02,183.46,254.28
6194,20250516,632,291.15,275.87,248.16
6195,20250922,775,193.35,175.17,194.86
6196,20240510,349,300.82,227.71,259.15
6197,20231220,527,81.74,76.14,77.96
6198,20241014,479,253.27,221.15,226.28
6199,20240412,759,228.08,207.24,236.03
6200,20260520,327,31.53,27.11,28.86
6201,20231007,126,119.25,103.01,120.45
6202,20230827,84,73.96,66.5,70.8
6203,20260123,338,214.38,210.86,230.72
6204,20250826,492,101.28,79.76,87.78
6205,20260107,337,284.78,216.7,322.23
6206,20250309,395,380.39,373.35,432.62
6207,20240831,89,83.91,76.73,71.81
6208,20230617,153,89.99,80.95,91.61
6209,20230213,302,95.16,75.22,105.69
6210,20250511,118,410.38,318.29,417.81
6211,20240730,277,308.04,284.46,342.35
6212,20231104,113,119.1,90.8,136.1
6213,20250927,417,243.35,241.19,238.34
6214,20230531,64,238.84,183.08,271.79
6215,20260114,318,41.09,39.87,36.27
6216,20231231,52,21.14,18.02,22.29
6217,20260105,557,165.04,129.33,150.88
6218,20250204,606,54.24,42.36,46.8
6219,20231116,159,138.34,133.04,158.66
6220,20230404,549,116.99,106.89,126.59
6221,20240819,41,272.3,258.89,247.09
6222,20230803,448,28.11,21.22,25.37
6223,20240913,95,76.43,74.99,76.34
6224,20230909,235,351.8,317.94,355.5
6225,20240807,667,106.93,93.78,92.0
6226,20240625,490,84.06,76.6,75.31
6227,20260314,656,264.51,257.37,231.94
6228,20240315,59,71.61,54.96,68.79
6229,20250419,666,221.55,170.37,201.03
6230,20260611,546,65.36,51.31,68.81
6231,20250610,427,416.06,377.27,354.65
6232,20230928,407,187.73,160.22,176.84
6233,20240502,356,128.43,123.47,121.41
6234,20250929,256,108.27,88.21,98.54
6235,20241022,749,202.73,190.46,205.15
6236,20240616,634,132.1,116.95,151.36
6237,20240805,175,303.57,243.25,319.09
6238,20230228,174,208.41,171.01,224.05
6239,20230130,321,380.87,346.43,367.67
6240,20230714,795,235.28,227.78,221.6
6241,20260511,656,264.51,239.64,261.15
6242,20240813,326,267.52,211.13,283.16
6243,20260301,635,53.49,51.8,61.13
6244,20240209,275,34.97,31.92,36.79
6245,20260528,532,328.3,319.06,298.76
6246,20230603,302,95.16,72.96,92.84
6247,20241119,513,255.23,251.59,240.1
6248,20230626,638,35.51,29.5,33.75
6249,20230220,476,235.18,204.75,260.62
6250,20251210,228,211.07,191.78,234.89
6251,20251114,274,185.35,161.68,167.51
6252,20231206,579,241.27,201.87,219.94
6253,20250626,17,231.2,210.35,254.93
6254,20251203,194,314.56,245.14,274.76
6255,20240616,183,26.08,20.72,25.87
6256,20230103,62,427.35,365.56,448.03
6257,20250813,72,119.72,107.81,130.95
6258,20260124,183,26.08,25.32,27.09
6259,20250815,478,272.96,216.16,304.74
6260,20230914,106,80.14,60.72,69.51
6261,20240211,683,426.67,372.07,450.71
6262,20240605,355,151.19,147.0,159.39
6263,20240514,772,272.89,223.68,240.96
6264,20260601,172,59.34,47.13,63.45
6265,20240106,61,9.0,7.87,8.38
6266,20240907,782,103.0,85.26,109.19
6267,20251221,110,284.95,276.91,254.57
6268,20251207,93,61.41,50.03,63.45
6269,20241203,215,179.63,176.97,182.05
6270,20250826,680,272.43,251.2,281.71
6271,20230611,245,129.45,97.93,141.11
6272,20240930,523,151.65,139.42,129.24
6273,20250516,783,254.01,216.69,274.6
6274,20240201,783,254.01,200.78,245.24
6275,20240622,261,212.23,175.68,215.19
6276,20231025,422,51.31,39.51,43.94
6277,20250101,284,15.97,13.1,16.59
6278,20240205,345,274.13,258.46,303.2
6279,20260624,384,52.49,47.47,51.71
6280,20230928,153,89.99,78.87,82.28
6281,20251021,745,215.3,175.13,228.91
6282,20250903,578,330.25,269.28,324.97
6283,20240227,636,140.04,133.33,130.94
6284,20240528,718,216.02,175.97,208.88
6285,20260323,494,380.5,353.61,435.7
6286,20240902,154,257.41,227.7,239.08
6287,20260615,83,12.62,10.55,11.13
6288,20230908,161,202.52,174.19,208.1
6289,20260222,777,116.51,89.71,127.83
6290,20251030,650,142.56,125.59,131.51
6291,20230823,150,107.86,82.81,118.23
6292,20260608,470,186.23,155.99,186.66
6293,20231216,469,161.37,156.14,175.44
6294,20240330,482,74.27,63.59,64.62
6295,20260529,578,330.25,254.49,303.28
6296,20230928,447,59.76,47.08,67.07
6297,20231126,778,248.68,214.73,219.67
6298,20250315,684,145.2,142.7,166.5
6299,20240709,727,29.93,25.27,27.95
6300,20230831,326,267.52,205.03,295.89
6301,20250105,249,37.07,32.43,37.8
6302,20250508,555,113.22,86.59,126.01
6303,20260318,382,50.92,45.93,55.73
6304,20250214,744,99.0,86.33,110.67
6305,20260530,483,167.82,126.61,164.15
6306,20231108,646,202.52,157.58,231.02
6307,20240219,395,380.39,367.97,383.19
6308,20250721,435,227.4,224.14,241.28
6309,20250920,241,311.53,274.13,308.69
6310,20250604,347,58.66,55.21,59.86
6311,20240315,304,72.0,62.4,69.13
6312,20241125,192,142.28,137.99,163.19
6313,20260214,627,323.38,311.38,290.71
6314,20230503,579,241.27,192.75,227.52
6315,20260605,708,140.71,120.8,121.99
6316,20240328,11,54.42,45.96,60.38
6317,20260618,489,258.71,195.43,221.29
6318,20240531,698,103.34,79.37,111.41
6319,20260328,488,237.94,212.59,221.81
6320,20240910,769,93.19,81.51,84.83
6321,20240321,238,232.61,228.04,241.52
6322,20251206,68,17.84,15.02,15.82
6323,20250409,686,193.71,152.5,183.02
6324,20250306,353,230.0,225.19,238.5
6325,20241217,702,260.54,243.31,292.5
6326,20260613,601,17.49,15.32,14.89
6327,20241201,493,91.44,74.34,96.42
6328,20241006,181,341.92,315.52,330.68
6329,20230310,334,266.65,253.17,265.35
6330,20251030,290,323.07,323.05,311.55
6331,20230902,575,196.28,150.34,220.86
6332,20230521,471,34.5,33.71,31.46
6333,20240320,209,254.65,223.97,260.86
6334,20230707,420,122.78,113.63,109.52
6335,20230508,109,374.56,325.87,391.88
6336,20250330,792,142.29,124.37,146.25
6337,20230725,640,151.16,142.54,153.91
6338,20260514,159,138.34,112.52,144.02
6339,20260610,261,212.23,210.78,231.24
6340,20250701,181,341.92,285.32,345.38
6341,20260330,580,282.51,257.95,265.41
6342,20240630,287,248.3,200.84,233.71
6343,20260423,482,74.27,73.53,69.17
6344,20241123,665,406.18,405.64,351.4
6345,20240727,375,46.16,36.25,46.42
6346,20251026,204,137.31,135.11,120.63
6347,20240409,750,22.62,20.28,20.59
6348,20241121,411,64.81,55.17,63.27
6349,20240914,783,254.01,206.72,265.35
6350,20240403,468,354.29,318.91,405.84
6351,20240504,471,34.5,33.0,39.18
6352,20250608,479,253.27,239.8,267.73
6353,20260408,779,134.97,126.9,147.61
6354,20230412,528,365.56,363.04,418.3
6355,20260423,690,128.51,116.37,130.95
6356,20250727,629,217.61,201.93,248.86
6357,20250202,721,249.16,217.0,252.91
6358,20230208,472,30.87,24.03,27.25
6359,20251204,629,217.61,171.94,212.1
6360,20241209,567,223.92,204.3,203.78
6361,20260104,252,26.05,22.25,26.26
6362,20251004,675,310.72,234.75,323.59
6363,20240130,512,65.44,59.47,58.87
6364,20240122,1,128.02,107.14,116.69
6365,20250311,592,178.71,171.41,198.21
6366,20230404,311,360.5,273.7,340.65
6367,20260217,515,127.91,101.4,137.18
6368,20241226,44,186.98,180.82,203.17
6369,20260213,698,103.34,93.74,93.52
6370,20260225,385,85.79,71.1,77.22
6371,20251119,230,55.79,44.41,64.01
6372,20240503,104,158.51,133.41,172.77
6373,20241110,9,228.25,209.65,217.49
6374,20250117,242,171.67,150.4,183.84
6375,20260215,375,46.16,39.51,52.66
6376,20240101,89,83.91,82.66,79.75
6377,20230426,763,348.36,332.28,337.32
6378,20250823,14,109.54,103.78,109.41
6379,20260318,422,51.31,44.62,47.79
6380,20250301,158,81.27,62.65,76.25
6381,20240629,440,113.85,107.52,123.56
6382,20230525,723,392.9,373.68,335.96
6383,20231028,435,227.4,211.23,252.79
6384,20260324,579,241.27,232.38,263.22
6385,20260530,600,66.54,60.7,67.0
6386,20250207,353,230.0,226.32,243.64
6387,20240108,18,49.16,45.14,44.77
6388,20250421,286,317.67,292.24,344.4
6389,20230312,273,176.31,153.43,201.44
6390,20230428,519,54.14,49.97,47.35
6391,20250605,22,105.46,93.78,100.7
6392,20230106,455,34.92,32.11,32.42
6393,20250529,270,147.92,130.97,138.93
6394,20240419,423,26.19,20.16,26.0
6395,20250309,387,66.08,60.18,59.24
6396,20240903,366,384.91,384.07,382.97
6397,20230720,699,65.91,60.2,64.7
6398,20251222,286,317.67,246.4,350.5
6399,20240121,450,361.37,336.94,329.99
6400,20240720,232,283.79,240.43,254.71
6401,20260506,99,363.81,274.11,351.71
6402,20231110,395,380.39,288.8,396.78
6403,20240417,280,44.45,39.04,39.67
6404,20230810,85,52.93,50.41,52.94
6405,20240522,296,86.09,74.91,84.61
6406,20240317,146,188.03,155.29,177.33
6407,20230215,194,314.56,307.14,295.04
6408,20241203,711,89.35,70.43,79.55
6409,20231207,119,333.87,281.39,351.34
6410,20250908,437,95.28,82.94,98.06
6411,20240225,187,256.66,211.44,249.22
6412,20240514,444,271.47,264.04,280.58
6413,20250318,382,50.92,43.41,53.85
6414,20241003,121,298.82,229.84,301.8
6415,20230505,560,40.22,34.97,40.18
6416,20230309,414,196.54,196.0,174.22
6417,20251011,629,217.61,173.9,247.22
6418,20251103,678,133.31,100.97,118.84
6419,20230926,190,46.04,42.15,44.8
6420,20240615,247,116.11,92.11,114.36
6421,20241111,467,166.44,141.66,145.24
6422,20240525,54,133.2,123.35,120.41
6423,20230829,74,140.18,118.41,149.52
6424,20240708,633,57.66,45.57,53.44
6425,20231020,212,17.63,14.4,15.48
6426,20250817,446,47.38,44.52,51.05
6427,20260616,466,314.66,249.29,361.69
6428,20240605,449,22.61,17.85,20.65
6429,20251228,702,260.54,212.34,235.75
6430,20250227,780,78.04,65.89,75.11
6431,20240531,364,58.02,44.52,58.94
6432,20230526,727,29.93,28.56,27.48
6433,20231017,101,321.61,313.52,277.41
6434,20251228,673,423.99,414.88,486.23
6435,20231013,467,166.44,157.46,178.33
6436,20231030,174,208.41,205.8,211.74
6437,20250223,170,336.66,319.3,316.28
6438,20231013,277,308.04,255.0,326.1
6439,20250513,711,89.35,74.21,96.36
6440,20240925,64,238.84,191.51,209.89
6441,20230615,434,136.54,104.62,135.98
6442,20250512,294,364.34,330.55,351.99
6443,20260121,769,93.19,85.36,99.26
6444,20240213,393,22.43,20.77,24.03
6445,20241022,169,80.84,68.16,88.6
6446,20230325,620,141.64,119.61,144.37
6447,20240114,621,238.21,211.4,269.34
6448,20230207,76,227.03,178.74,250.1
6449,20250430,656,264.51,236.13,295.23
6450,20231215,218,193.69,185.83,207.03
6451,20250225,24,126.6,104.01,118.57
6452,20241028,347,58.66,45.5,55.38
6453,20260531,432,269.02,225.77,263.03
6454,20240205,395,380.39,371.57,432.96
6455,20240921,24,126.6,96.34,132.06
6456,20230924,66,232.57,197.33,219.99
6457,20240109,385,85.79,85.12,93.31
6458,20230807,620,141.64,111.97,132.49
6459,20240625,244,357.61,280.74,375.34
6460,20230709,168,139.86,108.42,151.42
6461,20250227,763,348.36,292.48,371.4
6462,20230927,130,108.44,108.24,105.29
6463,20231113,96,204.85,168.15,193.38
6464,20250318,708,140.71,114.01,120.43
6465,20260404,758,348.5,289.71,321.57
6466,20231213,648,33.89,25.7,33.93
6467,20240301,41,272.3,255.81,299.97
6468,20260210,153,89.99,69.18,96.55
6469,20240130,780,78.04,70.28,80.47
6470,20241108,439,350.84,308.02,326.66
6471,20240930,730,218.37,189.45,225.59
6472,20240925,478,272.96,236.84,259.72
6473,20250114,165,223.04,176.45,240.22
6474,20231109,254,91.01,79.53,78.19
6475,20230313,384,52.49,50.13,53.77
6476,20230903,787,222.59,175.47,195.19
6477,20250704,621,238.21,237.67,265.3
6478,20250603,431,27.19,25.55,23.57
6479,20250808,636,140.04,105.08,146.65
6480,20241104,82,299.58,271.71,295.18
6481,20250406,345,274.13,233.59,253.78
6482,20230823,599,224.63,213.97,232.96
6483,20250508,561,223.15,179.85,243.99
6484,20250514,561,223.15,218.92,236.18
6485,20230404,62,427.35,374.23,444.14
6486,20240406,197,150.97,120.77,143.92
6487,20250712,142,258.94,238.74,226.32
6488,20250805,711,89.35,73.74,84.27
6489,20250711,71,81.45,64.97,71.44
6490,20251115,190,46.04,37.64,42.4
6491,20241116,670,228.6,180.75,238.47
6492,20260521,466,314.66,270.13,282.85
6493,20250813,39,85.06,67.4,92.47
6494,20241121,357,34.05,32.2,37.68
6495,20230908,549,116.99,90.88,111.99
6496,20230416,463,203.4,175.04,205.75
6497,20251216,712,117.99,91.81,126.19
6498,20240326,354,235.99,184.39,266.47
6499,20241110,269,15.66,15.6,17.72
6500,20250511,526,17.69,15.67,15.95
6501,20230221,364,58.02,57.77,62.29
6502,20260214,342,102.47,100.62,93.98
6503,20250221,254,91.01,85.08,78.99
6504,20250629,785,272.2,220.33,304.63
6505,20240802,725,378.22,322.4,364.25
6506,20230923,239,177.69,153.88,176.85
6507,20260324,270,147.92,130.63,143.36
6508,20250207,790,117.22,100.36,107.26
6509,20230802,608,103.16,86.18,98.7
6510,20250903,344,107.89,83.49,116.25
6511,20230907,42,245.92,201.76,281.27
6512,20240313,183,26.08,25.84,25.91
6513,20230221,590,66.24,55.39,66.54
6514,20250421,230,55.79,53.63,58.48
6515,20231023,538,86.46,85.77,79.19
6516,20240430,72,119.72,103.98,128.2
6517,20251003,248,229.78,213.72,223.53
6518,20230419,578,330.25,271.19,287.54
6519,20230510,732,90.88,75.27,96.74
6520,20260518,247,116.11,89.28,109.38
6521,20230428,527,81.74,64.41,83.15
6522,20240420,131,24.54,22.06,21.22
6523,20240918,740,239.3,232.77,257.89
6524,20260621,58,31.75,29.51,33.38
6525,20251201,457,60.47,51.11,68.62
6526,20230528,528,365.56,306.44,317.15
6527,20241109,615,107.87,107.33,117.69
6528,20241019,726,274.85,266.53,302.35
6529,20240326,558,241.4,213.74,212.78
6530,20251209,327,31.53,27.57,27.78
6531,20260115,10,52.67,47.96,52.09
6532,20250930,258,30.13,29.9,30.92
6533,20230530,470,186.23,148.17,179.71
6534,20260401,13,97.85,82.71,89.34
6535,20230315,75,117.53,98.4,102.08
6536,20250411,580,282.51,239.78,312.04
6537,20230417,279,296.99,235.97,317.79
6538,20240513,764,38.17,34.18,39.36
6539,20230313,421,82.54,67.85,92.51
6540,20250928,707,225.72,199.99,205.9
6541,20230524,236,380.33,308.79,344.68
6542,20260108,470,186.23,168.59,211.19
6543,20240324,295,217.29,167.41,230.45
6544,20230221,83,12.62,10.16,12.09
6545,20230811,239,177.69,167.48,196.87
6546,20230613,108,24.49,19.99,22.25
6547,20250505,560,40.22,30.25,45.84
6548,20240806,421,82.54,74.36,93.36
6549,20241120,59,71.61,58.4,77.21
6550,20250630,700,159.22,136.03,180.83
6551,20230311,727,29.93,29.04,29.66
6552,20241121,58,31.75,29.64,36.38
6553,20231002,773,48.89,43.61,52.99
6554,20260323,785,272.2,233.62,277.79
6555,20231001,646,202.52,168.88,186.67
6556,20260525,159,138.34,112.91,149.7
6557,20250924,564,142.88,135.09,127.76
6558,20230806,51,80.4,71.35,74.38
6559,20231229,33,147.68,147.08,134.5
6560,20240203,305,183.32,138.15,181.39
6561,20250222,654,223.67,184.35,234.35
6562,20240225,526,17.69,13.87,17.8
6563,20230926,314,241.0,202.66,261.48
6564,20240810,80,237.98,186.31,222.81
6565,20260623,584,303.45,299.07,287.71
6566,20230410,635,53.49,46.28,48.56
6567,20240709,137,17.94,14.39,15.65
6568,20230407,593,348.5,297.24,330.78
6569,20251106,2,108.79,85.81,106.42
6570,20250423,492,101.28,82.97,104.96
6571,20230203,63,58.12,44.14,53.12
6572,20251219,698,103.34,101.87,111.84
6573,20241024,732,90.88,87.38,97.37
6574,20240401,468,354.29,304.78,311.45
6575,20230918,193,171.68,160.41,189.71
6576,20250301,615,107.87,99.21,111.33
6577,20260528,711,89.35,69.33,90.36
6578,20250215,12,262.97,197.82,238.19
6579,20250327,701,100.15,88.3,97.24
6580,20250104,527,81.74,81.49,86.06
6581,20240528,593,348.5,314.79,392.0
6582,20251110,705,239.69,196.6,274.71
6583,20240812,800,138.76,115.8,142.56
6584,20230416,440,113.85,110.15,98.3
6585,20250704,313,145.22,142.66,146.66
6586,20240208,15,179.98,141.57,204.34
6587,20230125,253,436.82,395.67,457.97
6588,20250331,756,394.25,384.66,416.15
6589,20250326,291,178.18,172.96,168.36
6590,20240301,208,194.43,180.65,196.94
6591,20260522,294,364.34,316.17,358.22
6592,20230402,269,15.66,14.77,17.27
6593,20240109,530,239.02,221.15,264.77
6594,20230128,604,104.98,82.86,98.2
6595,20240619,185,138.24,122.26,123.83
6596,20240209,207,387.32,322.74,381.84
6597,20230415,249,37.07,28.71,33.37
6598,20250513,26,359.21,324.39,351.81
6599,20230327,248,229.78,217.3,261.43
6600,20230318,723,392.9,375.3,359.37
6601,20230604,292,324.11,273.38,343.18
6602,20251223,340,256.97,200.02,270.41
6603,20240607,82,299.58,257.19,311.71
6604,20260504,299,12.05,9.95,10.82
6605,20250525,363,113.38,108.91,105.94
6606,20251205,338,214.38,170.85,204.45
6607,20250928,774,100.34,90.74,92.03
6608,20250531,356,128.43,108.54,110.87
6609,20251026,137,17.94,16.7,16.75
6610,20240229,198,61.79,55.09,59.24
6611,20260506,93,61.41,54.55,66.13
6612,20250812,10,52.67,49.37,51.49
6613,20250314,611,119.6,91.73,134.49
6614,20241014,663,304.83,234.06,349.31
6615,20260107,639,208.98,194.59,201.97
6616,20250129,379,306.26,299.2,315.5
6617,20230308,650,142.56,111.01,132.83
6618,20240326,754,408.58,327.3,413.99
6619,20240225,347,58.66,56.56,50.55
6620,20230609,62,427.35,396.88,474.62
6621,20251108,200,245.23,195.11,262.89
6622,20260305,91,191.54,179.01,212.63
6623,20250405,711,89.35,77.73,100.92
6624,20260619,355,151.19,118.68,167.08
6625,20250920,401,188.97,157.42,185.96
6626,20251223,11,54.42,49.28,59.39
6627,20240427,249,37.07,35.16,41.79
6628,20260214,257,153.43,146.95,169.53
6629,20240910,228,211.07,190.07,240.11
6630,20231015,800,138.76,137.15,132.91
6631,20250301,499,261.75,261.51,246.51
6632,20240909,299,12.05,11.4,11.92
6633,20241209,694,65.85,61.61,56.48
6634,20240430,300,94.2,72.05,105.25
6635,20230816,183,26.08,24.2,27.96
6636,20230924,126,119.25,113.58,129.57
6637,20240810,514,340.45,287.45,377.31
6638,20240429,179,40.39,33.03,35.03
6639,20251230,108,24.49,22.12,22.38
6640,20230328,562,188.77,177.07,170.66
6641,20230705,615,107.87,102.16,121.41
6642,20240815,665,406.18,384.06,447.75
6643,20260115,662,142.93,125.57,159.7
6644,20240428,754,408.58,369.28,391.73
6645,20250904,408,74.67,73.15,71.55
6646,20260409,375,46.16,39.8,49.55
6647,20250416,765,31.01,24.22,35.38
6648,20230303,366,384.91,357.0,363.46
6649,20240919,117,66.51,52.62,73.22
6650,20251003,334,266.65,200.55,267.95
6651,20231016,635,53.49,45.53,54.51
6652,20250612,342,102.47,80.0,101.99
6653,20250504,723,392.9,377.55,447.8
6654,20251216,349,300.82,277.14,341.56
6655,20250301,423,26.19,19.81,23.81
6656,20251227,753,306.18,270.93,330.33
6657,20240717,636,140.04,139.1,148.58
6658,20240327,122,193.32,189.46,179.14
6659,20230131,644,440.69,406.34,476.98
6660,20250815,495,21.23,16.41,19.49
6661,20230605,753,306.18,274.68,330.69
6662,20230606,19,252.36,247.3,226.95
6663,20240508,768,253.35,220.81,277.24
6664,20250112,783,254.01,248.15,259.25
6665,20230627,54,133.2,103.07,146.98
6666,20230909,422,51.31,44.39,58.44
6667,20240626,538,86.46,73.73,85.86
6668,20240104,753,306.18,294.69,308.77
6669,20240314,539,287.91,226.29,264.12
6670,20250814,516,76.0,61.79,69.58
6671,20241025,545,24.51,22.72,24.2
6672,20250910,708,140.71,110.9,146.74
6673,20250617,478,272.96,233.21,294.97
6674,20260214,771,87.72,80.99,89.81
6675,20250810,742,222.66,205.31,240.62
6676,20260121,546,65.36,59.54,66.37
6677,20240701,7,169.43,132.03,175.03
6678,20240831,402,21.66,20.34,21.63
6679,20240702,536,232.15,179.73,241.76
6680,20241030,33,147.68,127.63,150.32
6681,20250617,26,359.21,328.18,368.11
6682,20260330,447,59.76,45.05,50.99
6683,20240602,660,11.42,9.38,12.69
6684,20230615,143,275.87,211.69,250.66
6685,20240202,502,358.64,316.81,327.6
6686,20260325,117,66.51,56.89,60.16
6687,20241103,292,324.11,317.06,326.03
6688,20260325,159,138.34,130.95,137.84
6689,20231001,302,95.16,72.42,87.62
6690,20251224,418,235.9,179.56,223.98
6691,20250113,101,321.61,257.65,288.52
6692,20241208,212,17.63,15.45,16.82
6693,20260101,422,51.31,46.23,49.46
6694,20240209,537,125.74,118.62,113.92
6695,20260420,743,343.9,269.39,298.65
6696,20260629,407,187.73,162.69,166.34
6697,20240223,547,393.46,382.28,344.02
6698,20260131,474,285.61,278.38,301.22
6699,20251229,710,52.14,46.14,47.59
6700,20240513,101,321.61,286.8,334.26
6701,20250411,650,142.56,141.67,160.72
6702,20240429,364,58.02,55.94,54.83
6703,20240925,645,259.57,209.28,265.01
6704,20260517,740,239.3,224.64,229.59
6705,20251014,782,103.0,85.8,115.12
6706,20251104,14,109.54,84.85,121.68
6707,20230921,713,325.0,319.87,320.34
6708,20260217,60,69.61,54.48,61.72
6709,20231224,381,275.49,235.46,260.54
6710,20230408,754,408.58,370.39,378.43
6711,20240216,715,170.39,146.57,175.28
6712,20251012,380,239.62,199.24,238.69
6713,20251018,100,63.71,57.29,67.16
6714,20230413,47,225.94,173.78,251.86
6715,20250208,666,221.55,166.73,237.98
6716,20240727,730,218.37,214.48,238.1
6717,20240129,235,351.8,306.67,394.29
6718,20250812,441,334.72,327.29,288.45
6719,20251122,757,118.51,97.11,115.97
6720,20230809,265,249.31,190.41,214.2
6721,20230325,689,102.62,97.91,99.45
6722,20251028,53,274.33,248.99,278.79
6723,20250421,81,274.94,237.67,259.87
6724,20240906,110,284.95,269.3,312.75
6725,20260103,207,387.32,349.37,366.6
6726,20250707,218,193.69,151.65,215.45
6727,20260203,655,70.94,53.41,71.1
6728,20250424,503,318.02,264.39,344.28
6729,20230613,738,223.85,176.57,219.91
6730,20240229,705,239.69,224.48,231.06
6731,20250201,477,253.44,245.11,220.1
6732,20240228,331,284.71,220.22,313.93
6733,20230308,545,24.51,20.09,25.84
6734,20231205,131,24.54,21.65,27.25
6735,20240129,507,266.28,250.2,296.43
6736,20250205,725,378.22,332.21,419.28
6737,20230709,723,392.9,369.45,443.23
6738,20231120,121,298.82,230.54,335.46
6739,20230413,557,165.04,141.56,166.59
6740,20250510,253,436.82,360.54,397.59
6741,20260227,31,281.2,223.08,247.49
6742,20230128,5,163.2,152.29,165.26
6743,20260511,139,382.89,356.15,367.22
6744,20230522,450,361.37,295.83,323.53
6745,20240926,29,170.48,168.83,182.45
6746,20230731,109,374.56,309.5,425.77
6747,20230316,76,227.03,186.04,223.09
6748,20230120,197,150.97,133.96,155.76
6749,20240116,162,43.61,41.24,43.43
6750,20240121,406,176.64,153.21,200.95
6751,20251023,480,425.68,378.78,380.5
6752,20231021,654,223.67,213.92,247.84
6753,20240808,350,195.28,193.52,218.06
6754,20241210,409,219.82,216.84,223.01
6755,20230311,187,256.66,217.46,285.32
6756,20250417,240,48.56,40.47,41.87
6757,20260204,592,178.71,139.62,162.99
6758,20240515,118,410.38,390.36,445.79
6759,20240724,560,40.22,35.7,38.29
6760,20250804,546,65.36,52.54,59.3
6761,20240207,484,15.41,11.88,16.21
6762,20250821,346,279.84,261.57,242.32
6763,20250106,543,164.16,130.73,144.4
6764,20240723,17,231.2,198.59,223.53
6765,20240726,543,164.16,127.97,168.33
6766,20230614,164,412.46,410.11,403.68
6767,20260125,413,98.94,87.53,87.54
6768,20251026,414,196.54,157.74,180.1
6769,20230220,450,361.37,342.71,388.72
6770,20250619,699,65.91,49.49,60.01
6771,20240728,176,155.18,147.91,173.51
6772,20241231,572,96.08,73.35,93.75
6773,20250930,132,116.18,101.46,108.66
6774,20230608,9,228.25,180.91,238.31
6775,20240814,258,30.13,28.96,27.78
6776,20260509,348,233.48,184.13,208.84
6777,20241009,664,29.07,28.73,32.88
6778,20240906,2,108.79,104.24,108.02
6779,20230317,148,26.37,26.12,26.92
6780,20250502,268,75.48,69.59,76.77
6781,20240621,23,213.42,184.81,198.88
6782,20230608,78,147.0,122.17,168.6
6783,20251012,181,341.92,272.33,314.4
6784,20251202,206,36.22,30.13,41.27
6785,20251214,745,215.3,168.34,227.09
6786,20260604,12,262.97,231.45,224.74
6787,20230829,294,364.34,354.89,395.27
6788,20250711,100,63.71,58.04,72.4
6789,20251018,137,17.94,14.46,17.64
6790,20230123,111,310.59,268.64,356.47
6791,20230322,505,143.55,135.83,153.78
6792,20250712,712,117.99,91.77,131.67
6793,20260512,657,207.96,186.27,216.34
6794,20231209,67,220.55,216.62,232.68
6795,20230807,387,66.08,56.75,56.28
6796,20250618,251,350.95,309.85,333.1
6797,20240608,791,228.37,195.01,221.12
6798,20250806,176,155.18,148.85,163.83
6799,20251117,7,169.43,161.66,163.61
6800,20230919,694,65.85,53.53,72.86
6801,20251002,299,12.05,10.91,12.27
6802,20251026,686,193.71,158.44,196.48
6803,20230929,548,210.49,208.85,231.63
6804,20240630,488,237.94,180.13,263.8
6805,20250401,617,100.85,95.76,100.76
6806,20250330,563,41.14,32.62,39.16
6807,20230214,144,249.79,226.65,268.27
6808,20251119,589,87.74,75.65,78.81
6809,20240806,673,423.99,423.29,457.67
6810,20250611,91,191.54,161.14,169.18
6811,20231028,444,271.47,246.34,299.25
6812,20240825,486,204.27,167.76,176.16
6813,20251204,622,97.19,73.17,100.67
6814,20260518,280,44.45,35.89,45.74
6815,20240927,10,52.67,42.64,55.56
6816,20240921,33,147.68,130.55,168.17
6817,20250116,170,336.66,320.17,359.02
6818,20230815,530,239.02,188.6,216.22
6819,20240106,706,136.94,135.0,155.51
6820,20240621,487,35.77,34.2,41.03
6821,20240416,100,63.71,61.16,55.14
6822,20240210,574,292.71,238.77,290.28
6823,20230508,151,452.82,340.98,502.9
6824,20231018,1,128.02,122.83,141.35
6825,20230405,727,29.93,24.04,27.71
6826,20250810,289,53.05,45.29,46.55
6827,20240913,261,212.23,198.68,231.66
6828,20260622,520,361.69,338.93,373.56
6829,20230222,39,85.06,84.61,83.71
6830,20230724,602,85.13,68.32,89.96
6831,20260616,427,416.06,346.74,446.48
6832,20250417,351,348.89,270.29,304.26
6833,20230605,431,27.19,25.02,25.56
6834,20230429,400,179.93,163.18,184.29
6835,20240130,52,21.14,20.92,22.87
6836,20250321,183,26.08,21.94,25.02
6837,20240619,685,141.65,115.3,135.52
6838,20251102,305,183.32,163.79,169.24
6839,20250127,204,137.31,104.74,139.5
6840,20250210,141,224.09,191.2,194.39
6841,20250723,396,167.37,146.74,157.6
6842,20240512,245,129.45,115.76,117.4
6843,20241217,334,266.65,234.43,231.01
6844,20260317,630,339.79,318.02,326.47
6845,20250318,47,225.94,191.44,246.92
6846,20240528,339,147.7,115.08,168.64
6847,20260211,186,192.02,163.32,218.2
6848,20250512,280,44.45,41.36,42.68
6849,20240506,391,64.13,59.57,61.49
6850,20230203,364,58.02,53.88,57.83
6851,20250228,201,178.89,148.61,178.16
6852,20260330,464,223.36,193.16,218.85
6853,20230925,522,104.14,80.88,96.43
6854,20230925,481,267.97,255.58,227.8
6855,20240608,10,52.67,43.57,52.57
6856,20240501,455,34.92,34.52,33.52
6857,20250826,434,136.54,132.91,147.14
6858,20230928,234,318.9,289.3,329.8
6859,20260307,421,82.54,74.0,86.36
6860,20240530,348,233.48,205.92,234.6
6861,20240911,474,285.61,285.17,302.44
6862,20241026,426,82.56,81.16,85.0
6863,20240316,591,113.73,112.1,99.59
6864,20231114,204,137.31,108.55,129.07
6865,20241231,589,87.74,80.61,79.47
6866,20250904,331,284.71,262.78,250.57
6867,20251221,545,24.51,21.83,24.14
6868,20250627,628,117.7,110.46,129.75
6869,20240511,137,17.94,17.29,20.46
6870,20230805,763,348.36,340.89,389.42
6871,20230804,276,66.7,50.89,67.14
6872,20240825,561,223.15,217.06,202.02
6873,20250606,664,29.07,23.6,28.03
6874,20260311,609,249.15,198.44,245.24
6875,20230907,589,87.74,77.55,79.33
6876,20241117,78,147.0,128.71,164.98
6877,20260117,719,73.37,68.51,76.48
6878,20250312,198,61.79,57.94,67.49
6879,20240501,262,237.84,194.43,205.09
6880,20230430,123,122.98,95.46,115.9
6881,20241123,762,278.35,264.41,238.09
6882,20250122,636,140.04,124.98,140.06
6883,20260226,302,95.16,86.88,100.28
6884,20240501,334,266.65,254.16,298.73
6885,20230906,714,29.93,27.97,26.44
6886,20230623,227,292.62,233.88,334.54
6887,20231125,24,126.6,125.21,144.78
6888,20240510,321,380.87,365.74,341.24
6889,20240304,577,292.69,253.47,262.44
6890,20240708,765,31.01,26.46,28.1
6891,20231120,103,169.4,163.56,192.54
6892,20251116,169,80.84,73.56,75.29
6893,20230912,563,41.14,38.98,37.89
6894,20230528,763,348.36,294.54,330.38
6895,20230306,235,351.8,278.08,359.68
6896,20260315,376,268.5,268.42,284.93
6897,20260416,589,87.74,81.63,98.03
6898,20250106,528,365.56,281.76,362.3
6899,20240922,729,357.03,271.25,376.5
6900,20240414,471,34.5,31.9,34.5
6901,20260531,528,365.56,362.45,382.61
6902,20230809,258,30.13,23.82,30.86
6903,20230520,59,71.61,55.98,68.9
6904,20241029,9,228.25,186.38,234.25
6905,20230921,741,212.39,185.3,193.98
6906,20250125,549,116.99,101.09,108.51
6907,20260413,134,299.61,261.66,265.06
6908,20251113,751,98.86,93.2,103.83
6909,20230717,603,228.34,177.19,251.2
6910,20260621,180,25.06,23.36,26.68
6911,20230408,262,237.84,223.52,251.85
6912,20260313,286,317.67,310.6,293.99
6913,20231128,675,310.72,279.87,288.11
6914,20241120,495,21.23,18.35,24.26
6915,20240314,294,364.34,350.69,385.41
6916,20260217,128,41.76,33.18,42.62
6917,20241021,565,40.62,37.65,38.73
6918,20260325,132,116.18,88.49,112.47
6919,20240422,30,325.32,290.02,284.54
6920,20240714,297,203.31,157.84,203.93
6921,20250908,603,228.34,202.04,236.56
6922,20240528,691,160.49,150.21,156.73
6923,20240604,20,54.98,49.55,61.06
6924,20250729,252,26.05,24.18,27.97
6925,20241023,26,359.21,304.6,382.73
6926,20230825,660,11.42,11.25,13.11
6927,20230528,27,110.98,109.92,107.42
6928,20250530,432,269.02,259.1,299.54
6929,20241213,339,147.7,143.35,136.03
6930,20230414,366,384.91,341.24,407.35
6931,20240818,238,232.61,226.18,259.66
6932,20251218,147,53.98,49.65,47.73
6933,20250710,296,86.09,84.3,98.42
6934,20250923,309,270.23,219.66,234.56
6935,20240826,745,215.3,188.35,222.94
6936,20230617,325,223.83,206.49,235.29
6937,20240831,706,136.94,134.31,151.8
6938,20230319,226,250.65,188.86,281.6
6939,20251017,549,116.99,92.81,129.75
6940,20230507,346,279.84,264.25,295.19
6941,20230309,567,223.92,193.57,220.25
6942,20260505,435,227.4,181.54,242.6
6943,20250919,346,279.84,227.66,318.61
6944,20260409,289,53.05,47.1,45.81
6945,20241203,25,50.32,41.32,52.74
6946,20250812,602,85.13,66.22,81.63
6947,20260501,301,241.8,186.86,246.31
6948,20240908,324,210.25,185.59,210.62
6949,20240527,459,41.78,31.95,37.39
6950,20250219,226,250.65,218.11,258.78
6951,20260307,394,159.79,154.97,182.73
6952,20250906,583,182.74,175.01,209.18
6953,20250513,21,279.33,273.51,310.91
6954,20250726,702,260.54,208.45,266.62
6955,20250112,766,210.17,162.69,192.33
6956,20240826,743,343.9,327.4,303.26
6957,20240620,673,423.99,356.65,433.66
6958,20240606,49,197.2,182.22,196.02
6959,20240518,714,29.93,29.06,30.97
6960,20240301,336,366.26,363.53,401.09
6961,20241209,74,140.18,130.92,160.66
6962,20260112,780,78.04,68.43,89.4
6963,20230518,241,311.53,270.31,349.61
6964,20230219,328,77.81,71.51,76.6
6965,20240203,732,90.88,76.41,103.45
6966,20230612,565,40.62,34.72,42.41
6967,20231216,563,41.14,36.52,39.27
6968,20230131,200,245.23,186.54,242.47
6969,20260419,546,65.36,50.08,55.56
6970,20230606,191,330.51,281.52,318.68
6971,20230423,506,49.38,42.65,54.93
6972,20230127,727,29.93,24.03,27.38
6973,20230113,593,348.5,281.87,390.71
6974,20240326,336,366.26,360.53,415.67
6975,20260609,141,224.09,181.56,226.72
6976,20230124,769,93.19,87.86,96.5
6977,20241121,9,228.25,225.61,256.03
6978,20230712,58,31.75,31.55,31.9
6979,20240505,37,408.21,368.5,381.63
6980,20230307,568,27.56,22.91,29.56
6981,20250525,388,209.17,200.02,211.26
6982,20240523,38,36.67,28.96,31.85
6983,20251025,284,15.97,12.92,15.14
6984,20230429,717,37.49,29.68,34.46
6985,20250104,228,211.07,179.9,197.34
6986,20250131,251,350.95,325.38,356.12
6987,20240522,715,170.39,148.57,152.73
6988,20240802,13,97.85,91.9,87.99
6989,20230124,466,314.66,267.07,301.66
6990,20260620,477,253.44,197.98,235.14
6991,20250916,212,17.63,15.93,16.16
6992,20260623,759,228.08,196.24,223.77
6993,20230515,378,260.57,219.42,222.58
6994,20250330,683,426.67,383.46,418.31
6995,20251001,257,153.43,151.33,153.58
6996,20250703,482,74.27,71.42,66.63
6997,20240524,37,408.21,320.81,406.81
6998,20230913,612,244.74,189.95,241.36
6999,20230214,180,25.06,23.21,25.73
7000,20251224,516,76.0,59.23,65.19
7001,20260120,754,408.58,372.2,389.27
7002,20240325,760,321.52,305.12,360.44
7003,20231120,386,184.17,147.42,198.89
7004,20250427,103,169.4,141.9,145.24
7005,20260623,563,41.14,35.27,37.2
7006,20231116,622,97.19,76.24,107.34
7007,20251104,308,277.35,212.87,277.39
7008,20230125,220,267.45,206.01,230.21
7009,20230509,38,36.67,32.64,39.61
7010,20251225,263,87.43,86.25,86.07
7011,20230830,24,126.6,102.88,124.72
7012,20250825,11,54.42,50.04,47.79
7013,20240617,64,238.84,201.95,213.68
7014,20250107,768,253.35,228.05,247.11
7015,20230214,104,158.51,147.53,150.46
7016,20231011,468,354.29,346.71,307.36
7017,20240512,428,389.44,374.57,355.05
7018,20231230,307,130.54,109.34,132.24
7019,20250405,538,86.46,74.94,93.09
7020,20250425,224,205.12,192.4,178.02
7021,20230206,286,317.67,247.88,296.83
7022,20250321,656,264.51,231.2,290.89
7023,20231013,463,203.4,182.74,173.52
7024,20240221,744,99.0,95.99,100.22
7025,20230812,530,239.02,203.77,228.3
7026,20250608,201,178.89,134.29,165.69
7027,20250823,253,436.82,334.97,474.97
7028,20241121,633,57.66,51.35,62.26
7029,20240310,424,164.94,160.83,168.89
7030,20231017,545,24.51,19.16,21.11
7031,20231217,744,99.0,85.82,101.16
7032,20250222,615,107.87,106.29,95.89
7033,20251129,383,55.74,45.26,59.39
7034,20230211,714,29.93,26.91,29.44
7035,20251115,689,102.62,93.46,114.25
7036,20241027,309,270.23,220.62,294.19
7037,20251008,742,222.66,196.5,202.68
7038,20230828,598,111.7,106.75,116.4
7039,20260110,776,93.65,72.1,105.82
7040,20240125,247,116.11,106.82,114.39
7041,20241008,695,219.54,213.06,247.82
7042,20260225,762,278.35,212.88,259.99
7043,20241229,725,378.22,325.77,352.28
7044,20250112,578,330.25,262.33,312.97
7045,20241010,424,164.94,129.49,163.81
7046,20240705,281,253.48,220.64,233.9
7047,20231101,376,268.5,242.71,253.83
7048,20250312,606,54.24,41.1,47.36
7049,20260407,545,24.51,21.76,21.5
7050,20241026,798,130.63,112.36,129.48
7051,20260407,660,11.42,11.24,11.66
7052,20240726,198,61.79,61.61,53.3
7053,20250624,495,21.23,16.59,22.1
7054,20241123,697,203.47,181.41,198.66
7055,20241217,249,37.07,33.85,35.59
7056,20230721,243,30.66,27.88,27.84
7057,20230427,209,254.65,225.83,261.31
7058,20230623,14,109.54,82.36,124.18
7059,20240203,516,76.0,72.25,68.56
7060,20230602,354,235.99,184.59,261.19
7061,20241223,507,266.28,253.77,291.24
7062,20241202,508,358.96,355.21,405.94
7063,20250202,662,142.93,142.59,149.45
7064,20240128,615,107.87,86.96,105.79
7065,20240826,203,357.94,306.74,326.51
7066,20240103,192,142.28,133.13,134.62
7067,20230318,774,100.34,81.2,113.76
7068,20230101,293,423.76,353.26,473.04
7069,20230224,548,210.49,161.5,213.76
7070,20240209,590,66.24,59.55,67.1
7071,20260420,245,129.45,100.81,114.86
7072,20231006,256,108.27,83.04,114.17
7073,20240406,384,52.49,45.63,47.72
7074,20240918,36,214.64,176.48,198.32
7075,20230828,477,253.44,251.54,275.41
7076,20251007,700,159.22,121.74,137.71
7077,20240531,140,105.24,92.48,95.23
7078,20250626,566,84.3,72.87,84.88
7079,20251221,379,306.26,291.92,325.89
7080,20230522,27,110.98,87.4,125.37
7081,20250502,175,303.57,288.42,312.29
7082,20240809,731,425.46,319.27,375.02
7083,20240323,509,90.19,68.05,76.89
7084,20250910,651,68.28,52.03,59.06
7085,20241210,151,452.82,427.51,466.6
7086,20230728,240,48.56,39.68,48.34
7087,20231106,205,82.38,81.53,92.72
7088,20241209,602,85.13,68.43,91.29
7089,20260317,249,37.07,30.79,32.93
7090,20231011,664,29.07,23.95,30.24
7091,20230424,317,251.02,211.53,282.43
7092,20231023,684,145.2,134.6,125.12
7093,20241112,382,50.92,44.56,47.2
7094,20251122,2,108.79,105.86,122.95
7095,20230221,415,83.9,63.66,72.17
7096,20241215,476,235.18,225.38,205.21
7097,20260302,551,39.75,38.79,41.6
7098,20231021,35,16.22,15.63,17.85
7099,20240805,623,190.11,185.51,211.61
7100,20231107,647,184.7,145.72,168.53
7101,20260114,323,221.18,182.95,225.77
7102,20240929,318,41.09,34.59,46.33
7103,20240402,782,103.0,98.37,99.66
7104,20230924,779,134.97,110.45,155.17
7105,20240213,620,141.64,117.55,155.83
7106,20240227,267,142.28,123.17,133.4
7107,20230724,232,283.79,252.93,323.12
7108,20241009,137,17.94,14.13,17.74
7109,20230804,324,210.25,166.71,217.2
7110,20250708,684,145.2,142.33,151.62
7111,20240205,13,97.85,75.71,96.72
7112,20230319,644,440.69,435.38,399.94
7113,20240104,105,380.19,323.32,337.56
7114,20240913,41,272.3,267.98,271.29
7115,20260611,557,165.04,156.53,146.94
7116,20250412,651,68.28,58.62,70.36
7117,20251002,396,167.37,152.49,166.87
7118,20250902,594,93.21,77.03,103.75
7119,20250517,734,36.51,31.32,38.1
7120,20251026,767,29.98,23.45,25.64
7121,20230606,334,266.65,262.23,302.56
7122,20230628,317,251.02,226.38,215.07
7123,20250706,120,187.42,140.96,198.24
7124,20260116,273,176.31,140.68,167.05
7125,20230330,370,263.18,229.64,291.96
7126,20250716,746,393.87,377.81,440.95
7127,20240914,546,65.36,61.45,70.79
7128,20260102,4,279.54,232.2,320.37
7129,20240102,98,316.05,240.16,300.93
7130,20241115,716,97.62,95.17,97.19
7131,20230813,701,100.15,83.13,109.22
7132,20250305,563,41.14,33.76,35.54
7133,20231213,668,120.7,90.82,136.27
7134,20251012,680,272.43,262.36,236.71
7135,20230930,453,159.04,158.74,139.74
7136,20260219,132,116.18,99.74,130.85
7137,20241110,157,17.11,14.75,17.96
7138,20230225,706,136.94,130.59,118.0
7139,20240621,197,150.97,140.81,156.8
7140,20230118,177,72.58,66.38,78.97
7141,20250219,42,245.92,226.13,223.02
7142,20250830,638,35.51,29.5,37.59
7143,20240818,244,357.61,284.44,408.46
7144,20230627,11,54.42,44.94,56.64
7145,20241127,212,17.63,15.55,16.53
7146,20241222,500,394.62,328.86,364.03
7147,20241001,730,218.37,216.44,219.37
7148,20241202,730,218.37,209.24,212.34
7149,20230310,483,167.82,164.32,176.05
7150,20231014,344,107.89,93.79,118.85
7151,20240617,325,223.83,178.54,212.98
7152,20250707,77,218.69,190.66,198.77
7153,20250909,134,299.61,296.55,325.83
7154,20250719,248,229.78,218.46,249.16
7155,20230815,612,244.74,194.06,248.27
7156,20240121,508,358.96,344.2,397.56
7157,20250421,164,412.46,408.56,439.86
7158,20240424,659,165.56,162.88,160.36
7159,20230924,753,306.18,265.96,285.75
7160,20260525,173,352.79,307.16,313.86
7161,20250319,180,25.06,20.93,26.59
7162,20230123,508,358.96,314.95,307.93
7163,20250708,421,82.54,80.84,82.41
7164,20240311,555,113.22,106.38,100.78
7165,20250915,502,358.64,321.41,317.09
7166,20240503,203,357.94,313.61,371.59
7167,20250327,547,393.46,298.73,393.04
7168,20230212,201,178.89,154.49,159.37
7169,20250313,392,148.86,121.07,138.86
7170,20240621,602,85.13,68.25,82.1
7171,20250604,151,452.82,424.51,446.26
7172,20230318,61,9.0,7.34,7.94
7173,20230420,665,406.18,405.51,440.12
7174,20251103,436,313.39,298.11,304.07
7175,20250630,579,241.27,232.53,246.79
7176,20260115,25,50.32,44.84,55.5
7177,20250630,181,341.92,341.22,320.27
7178,20240825,220,267.45,208.75,252.8
7179,20230913,489,258.71,194.25,221.92
7180,20230409,715,170.39,133.73,154.99
7181,20240826,270,147.92,127.79,151.69
7182,20250510,344,107.89,95.51,116.19
7183,20231006,61,9.0,8.98,8.13
7184,20250330,222,199.12,155.51,219.43
7185,20240804,96,204.85,156.58,198.96
7186,20251012,574,292.71,228.49,259.4
7187,20250228,112,332.69,271.48,325.52
7188,20241016,768,253.35,192.41,247.93
7189,20250120,673,423.99,385.64,398.63
7190,20250913,393,22.43,21.62,25.66
7191,20240225,376,268.5,217.24,246.45
7192,20240326,306,267.41,260.01,302.49
7193,20230807,42,245.92,186.77,282.79
7194,20240714,780,78.04,59.7,78.46
7195,20240307,368,122.52,120.53,129.85
7196,20240923,786,127.42,97.79,118.5
7197,20230924,636,140.04,111.22,141.57
7198,20241209,176,155.18,118.29,155.17
7199,20240817,521,260.98,258.75,267.1
7200,20240615,155,168.01,158.73,149.92
7201,20230608,725,378.22,370.51,411.55
7202,20250908,701,100.15,93.82,108.33
7203,20251018,526,17.69,15.62,18.44
7204,20260612,567,223.92,218.63,252.38
7205,20240404,306,267.41,244.89,233.34
7206,20240731,279,296.99,224.12,303.68
7207,20250802,145,222.21,207.85,247.65
7208,20250818,585,163.26,145.43,186.39
7209,20240222,193,171.68,137.66,173.9
7210,20230328,591,113.73,91.33,124.04
7211,20241118,518,38.63,37.76,33.46
7212,20250121,721,249.16,248.97,269.91
7213,20251106,446,47.38,46.11,52.75
7214,20260121,729,357.03,296.69,357.66
7215,20251009,381,275.49,244.1,259.1
7216,20230405,296,86.09,75.41,85.39
7217,20231104,577,292.69,226.48,323.46
7218,20250405,1,128.02,111.39,133.41
7219,20250517,648,33.89,30.39,32.61
7220,20230409,205,82.38,74.56,87.94
7221,20240626,178,241.37,215.97,252.88
7222,20230216,108,24.49,22.53,25.4
7223,20250330,455,34.92,26.69,36.31
7224,20241231,279,296.99,224.42,283.29
7225,20260121,265,249.31,231.82,220.73
7226,20230507,23,213.42,202.85,201.62
7227,20251227,669,256.27,198.26,250.87
7228,20260303,603,228.34,180.45,247.48
7229,20260324,383,55.74,45.33,58.44
7230,20230527,212,17.63,14.65,17.78
7231,20250402,94,11.79,10.33,10.74
7232,20231212,2,108.79,85.45,103.96
7233,20240502,598,111.7,98.28,107.67
7234,20240528,735,122.01,107.89,123.03
7235,20240712,564,142.88,120.35,143.05
7236,20250826,67,220.55,166.78,235.55
7237,20250513,518,38.63,35.69,37.48
7238,20260506,467,166.44,139.96,160.84
7239,20230622,391,64.13,54.62,54.86
7240,20260219,578,330.25,286.52,370.66
7241,20250827,502,358.64,307.03,335.57
7242,20260123,749,202.73,164.01,229.68
7243,20240209,240,48.56,44.57,41.38
7244,20240720,35,16.22,14.24,16.2
7245,20240205,454,323.6,264.92,284.96
7246,20230725,85,52.93,49.12,49.01
7247,20230215,495,21.23,16.4,23.31
7248,20241006,419,199.26,167.28,189.99
7249,20230406,257,153.43,138.45,136.57
7250,20240229,751,98.86,86.14,89.35
7251,20260630,189,205.54,187.82,214.9
7252,20230314,15,179.98,170.01,154.84
7253,20250819,694,65.85,64.46,62.9
7254,20240825,567,223.92,182.24,243.12
7255,20250202,780,78.04,62.49,79.12
7256,20241225,185,138.24,128.8,118.24
7257,20250203,501,167.28,163.43,183.46
7258,20241116,295,217.29,172.73,194.24
7259,20231025,193,171.68,141.27,153.91
7260,20240805,441,334.72,267.72,296.39
7261,20230613,724,208.64,158.47,230.07
7262,20231030,129,285.77,266.02,284.97
7263,20250628,254,91.01,73.44,97.07
7264,20251123,522,104.14,98.09,100.65
7265,20240325,381,275.49,250.61,243.56
7266,20250114,405,234.96,204.62,238.45
7267,20250209,468,354.29,340.55,351.0
7268,20250619,402,21.66,16.68,23.23
7269,20260324,577,292.69,291.4,279.96
7270,20240415,602,85.13,71.99,78.69
7271,20231206,773,48.89,46.84,44.6
7272,20230526,93,61.41,50.22,53.59
7273,20240711,538,86.46,67.51,79.64
7274,20240509,505,143.55,133.79,152.92
7275,20250508,68,17.84,14.59,15.88
7276,20230416,717,37.49,29.71,33.61
7277,20241212,629,217.61,164.72,246.12
7278,20250808,658,277.36,247.11,251.15
7279,20230304,417,243.35,227.64,259.34
7280,20230418,430,96.92,86.87,88.44
7281,20250925,714,29.93,28.3,27.37
7282,20240811,521,260.98,244.04,231.2
7283,20231123,489,258.71,251.77,292.6
7284,20240915,606,54.24,50.17,53.32
7285,20250112,363,113.38,100.71,98.9
7286,20250205,605,161.5,149.49,158.4
7287,20240818,446,47.38,39.6,52.58
7288,20240421,120,187.42,155.49,211.51
7289,20260306,237,339.45,292.16,336.75
7290,20240226,399,52.27,44.74,59.31
7291,20240220,128,41.76,32.87,44.48
7292,20240803,424,164.94,136.8,182.43
7293,20240115,117,66.51,58.13,73.84
7294,20230516,362,342.7,300.17,386.69
7295,20260430,739,248.72,246.53,231.54
7296,20250919,254,91.01,80.72,85.4
7297,20240428,276,66.7,61.32,73.92
7298,20230909,312,205.56,172.22,203.44
7299,20250508,265,249.31,241.99,271.93
7300,20230628,64,238.84,217.19,221.26
7301,20240831,624,21.67,16.69,24.4
7302,20231002,569,318.86,261.21,322.8
7303,20250529,388,209.17,175.15,211.59
7304,20260611,537,125.74,116.84,128.98
7305,20260420,543,164.16,158.92,186.82
7306,20250308,331,284.71,247.88,266.67
7307,20260101,383,55.74,54.33,56.44
7308,20231114,497,311.63,282.59,265.17
7309,20231002,756,394.25,360.61,391.39
7310,20240821,50,253.67,207.21,239.28
7311,20230317,170,336.66,321.45,381.34
7312,20240920,445,236.18,187.56,252.38
7313,20260625,96,204.85,190.17,201.17
7314,20250825,672,106.54,91.92,110.95
7315,20250611,288,29.26,23.47,29.65
7316,20240917,93,61.41,48.57,66.02
7317,20231003,106,80.14,67.7,77.42
7318,20240210,656,264.51,262.63,259.25
7319,20230917,274,185.35,184.62,157.88
7320,20230201,251,350.95,319.65,299.17
7321,20251216,10,52.67,42.3,50.7
7322,20231015,746,393.87,298.28,342.93
7323,20241223,356,128.43,115.19,116.57
7324,20231120,206,36.22,31.02,40.26
7325,20241215,403,210.54,198.41,206.33
7326,20250905,219,21.56,19.57,22.67
7327,20230214,553,68.99,67.7,74.02
7328,20250718,386,184.17,176.73,191.41
7329,20240909,631,266.82,241.69,272.75
7330,20250526,271,181.82,155.38,157.3
7331,20250713,330,288.16,283.58,266.42
7332,20230423,563,41.14,36.79,44.1
7333,20250309,148,26.37,25.32,24.08
7334,20260513,170,336.66,329.98,366.39
7335,20250225,531,18.72,14.59,15.97
7336,20230607,237,339.45,313.8,319.98
7337,20231210,306,267.41,235.12,267.5
7338,20240520,728,23.99,19.06,21.75
7339,20230514,407,187.73,148.2,187.43
7340,20230826,529,73.96,56.31,84.01
7341,20230824,385,85.79,67.24,75.96
7342,20240801,124,11.28,10.49,12.11
7343,20230903,633,57.66,44.92,49.78
7344,20260521,254,91.01,74.39,83.87
7345,20240802,209,254.65,192.98,226.64
7346,20250428,414,196.54,166.39,203.99
7347,20241209,248,229.78,194.02,210.61
7348,20230927,601,17.49,15.9,20.02
7349,20230701,782,103.0,101.81,106.36
7350,20240502,311,360.5,327.19,317.2
7351,20240613,78,147.0,129.54,134.11
7352,20250106,546,65.36,52.18,61.97
7353,20230921,215,179.63,144.67,163.29
7354,20250701,528,365.56,328.45,351.06
7355,20240227,728,23.99,22.51,23.79
7356,20241117,25,50.32,45.72,46.31
7357,20241207,77,218.69,215.63,245.83
7358,20260501,179,40.39,36.12,37.19
7359,20230304,263,87.43,74.51,81.12
7360,20231231,413,98.94,83.05,106.67
7361,20250728,466,314.66,240.28,342.59
7362,20230911,567,223.92,213.0,195.01
7363,20241228,251,350.95,317.17,344.03
7364,20250926,398,70.82,55.04,63.1
7365,20230413,613,46.15,36.36,46.23
7366,20250802,650,142.56,133.03,124.32
7367,20260119,85,52.93,49.38,49.03
7368,20250615,537,125.74,94.58,136.43
7369,20250405,343,17.55,14.25,19.36
7370,20230426,453,159.04,129.52,167.39
7371,20241205,409,219.82,194.42,191.94
7372,20250326,404,249.7,192.03,225.69
7373,20240128,179,40.39,31.01,37.15
7374,20230116,115,258.32,200.93,258.28
7375,20230710,276,66.7,56.86,75.25
7376,20251028,707,225.72,218.46,246.68
7377,20250730,283,273.75,228.28,236.67
7378,20250531,215,179.63,151.85,194.96
7379,20251027,518,38.63,34.61,42.8
7380,20250907,567,223.92,169.43,254.31
7381,20230617,655,70.94,67.5,79.78
7382,20251023,27,110.98,93.23,126.4
7383,20260101,734,36.51,32.59,35.23
7384,20240215,775,193.35,177.61,219.72
7385,20250716,329,269.12,243.55,275.37
7386,20230222,289,53.05,45.32,55.67
7387,20230405,447,59.76,55.98,54.26
7388,20260428,284,15.97,14.03,16.28
7389,20260215,589,87.74,82.15,84.92
7390,20260624,738,223.85,178.41,248.4
7391,20241103,200,245.23,197.03,273.65
7392,20230311,227,292.62,234.71,271.44
7393,20251115,530,239.02,213.11,232.41
7394,20240920,73,219.47,181.75,245.66
7395,20260128,625,408.43,384.54,427.49
7396,20230402,543,164.16,140.71,185.53
7397,20250221,497,311.63,268.43,328.34
7398,20231130,690,128.51,106.74,121.33
7399,20230224,313,145.22,116.4,150.86
7400,20230707,781,50.54,40.03,57.4
7401,20240908,342,102.47,102.13,101.01
7402,20240223,378,260.57,196.9,270.76
7403,20240428,545,24.51,23.78,27.34
7404,20231102,426,82.56,79.62,80.57
7405,20241217,428,389.44,386.25,446.22
7406,20260609,529,73.96,56.99,76.23
7407,20240529,1,128.02,119.51,140.07
7408,20251129,249,37.07,28.81,42.23
7409,20231207,706,136.94,118.89,130.27
7410,20230821,442,36.82,35.08,31.99
7411,20260112,759,228.08,225.79,233.06
7412,20250501,338,214.38,193.5,213.15
7413,20250401,187,256.66,211.9,222.29
7414,20240525,191,330.51,321.1,370.2
7415,20250923,336,366.26,362.52,329.14
7416,20250629,793,136.99,110.5,130.07
7417,20240125,348,233.48,217.88,264.55
7418,20241008,426,82.56,80.94,91.96
7419,20250511,551,39.75,36.09,45.46
7420,20230103,377,227.02,205.61,221.36
7421,20250523,624,21.67,19.92,24.66
7422,20231012,472,30.87,25.69,31.48
7423,20250202,176,155.18,153.2,152.08
7424,20250919,404,249.7,200.37,236.09
7425,20230525,710,52.14,44.1,58.86
7426,20240923,637,73.36,66.91,71.06
7427,20240203,732,90.88,79.03,100.59
7428,20251211,577,292.69,285.8,253.35
7429,20231113,98,316.05,282.57,358.11
7430,20240216,711,89.35,70.78,83.01
7431,20260527,530,239.02,206.13,250.45
7432,20250104,24,126.6,100.2,113.49
7433,20250626,100,63.71,60.39,71.78
7434,20241112,300,94.2,77.79,100.71
7435,20230106,128,41.76,39.13,36.84
7436,20250226,751,98.86,98.84,92.62
7437,20250715,405,234.96,224.62,233.68
7438,20260323,316,244.0,206.19,237.26
7439,20230207,562,188.77,178.36,180.65
7440,20240823,394,159.79,158.9,163.25
7441,20240430,67,220.55,167.77,232.89
7442,20250124,763,348.36,264.56,390.8
7443,20230207,121,298.82,278.43,318.92
7444,20230122,717,37.49,37.0,34.94
7445,20240321,66,232.57,174.74,236.18
7446,20240223,713,325.0,272.05,314.97
7447,20231228,479,253.27,246.96,283.74
7448,20230504,383,55.74,48.59,53.02
7449,20240125,140,105.24,90.27,104.73
7450,20230613,97,301.78,286.77,289.08
7451,20230320,583,182.74,144.05,178.01
7452,20250405,486,204.27,173.36,201.36
7453,20231126,436,313.39,240.37,287.65
7454,20231109,602,85.13,65.96,89.76
7455,20231030,729,357.03,303.74,389.34
7456,20230123,410,94.32,86.27,87.54
7457,20230530,423,26.19,25.22,27.87
7458,20240730,126,119.25,102.93,129.48
7459,20240904,99,363.81,313.43,340.56
7460,20240714,78,147.0,134.7,126.48
7461,20251219,278,255.97,208.91,229.47
7462,20250112,625,408.43,397.56,354.91
7463,20250728,388,209.17,178.25,210.67
7464,20230212,762,278.35,210.86,254.19
7465,20231203,653,210.05,190.55,200.4
7466,20231213,482,74.27,62.39,82.48
7467,20231205,413,98.94,85.46,90.74
7468,20260525,518,38.63,31.09,39.34
7469,20230502,727,29.93,29.21,26.26
7470,20250516,650,142.56,138.88,138.26
7471,20251101,130,108.44,97.92,103.45
7472,20260326,429,195.21,180.92,166.22
7473,20250201,535,170.95,133.51,192.25
7474,20250118,712,117.99,95.47,135.53
7475,20260111,2,108.79,103.73,121.22
7476,20231218,77,218.69,205.52,230.4
7477,20260518,214,309.39,243.74,339.25
7478,20251224,130,108.44,107.46,119.69
7479,20260407,349,300.82,287.89,286.86
7480,20240726,738,223.85,176.05,244.11
7481,20260426,733,218.3,212.51,208.23
7482,20260501,200,245.23,205.69,247.22
7483,20250109,80,237.98,234.39,214.24
7484,20260119,96,204.85,188.96,206.38
7485,20240216,480,425.68,381.89,362.88
7486,20260308,95,76.43,63.21,69.46
7487,20230108,499,261.75,215.21,280.78
7488,20240523,513,255.23,240.53,232.45
7489,20260615,354,235.99,190.28,228.21
7490,20240826,443,376.23,336.57,399.74
7491,20260620,792,142.29,140.41,146.13
7492,20231118,648,33.89,25.64,37.83
7493,20231006,301,241.8,217.01,274.47
7494,20251225,601,17.49,13.88,16.97
7495,20251023,633,57.66,52.49,49.13
7496,20231005,756,394.25,390.87,416.64
7497,20231023,776,93.65,76.75,84.61
7498,20230507,130,108.44,94.47,112.27
7499,20230409,277,308.04,306.4,343.83
7500,20230519,177,72.58,57.81,62.8
7501,20241211,563,41.14,38.25,38.04
7502,20250509,579,241.27,239.9,210.67
7503,20231006,609,249.15,188.12,268.58
7504,20230331,253,436.82,331.69,437.65
7505,20260413,253,436.82,334.54,386.65
7506,20230904,717,37.49,31.25,41.7
7507,20240723,328,77.81,77.46,83.74
7508,20260418,761,403.08,402.1,355.19
7509,20231202,581,46.45,37.64,45.21
7510,20241226,761,403.08,358.02,352.44
7511,20250424,235,351.8,317.22,371.97
7512,20241016,471,34.5,27.6,39.51
7513,20260518,785,272.2,253.85,296.18
7514,20250423,476,235.18,224.01,261.06
7515,20241227,141,224.09,193.56,255.45
7516,20250905,134,299.61,279.84,333.1
7517,20250624,524,130.88,114.5,119.38
7518,20250712,550,203.17,199.41,197.78
7519,20230719,715,170.39,160.21,193.17
7520,20250511,148,26.37,22.09,30.22
7521,20230802,716,97.62,88.3,104.24
7522,20260226,366,384.91,296.1,390.34
7523,20231125,78,147.0,125.64,139.22
7524,20240311,493,91.44,77.35,94.12
7525,20231101,438,40.99,31.65,40.76
7526,20250214,445,236.18,226.52,254.68
7527,20230805,599,224.63,208.51,233.18
7528,20250502,380,239.62,189.27,267.94
7529,20230418,539,287.91,229.56,296.86
7530,20231028,104,158.51,132.89,138.68
7531,20260228,631,266.82,226.64,250.72
7532,20241216,311,360.5,315.49,313.02
7533,20231217,197,150.97,131.06,172.53
7534,20250329,166,277.57,227.57,269.9
7535,20250818,781,50.54,45.89,54.42
7536,20230501,514,340.45,297.53,364.75
7537,20260627,738,223.85,169.18,224.86
7538,20250801,112,332.69,259.36,291.49
7539,20250401,784,112.95,106.97,97.92
7540,20241027,399,52.27,49.69,49.46
7541,20260327,705,239.69,192.67,228.07
7542,20230713,320,204.9,203.42,208.0
7543,20230429,366,384.91,342.75,429.7
7544,20250613,328,77.81,66.19,69.13
7545,20250408,72,119.72,112.09,111.83
7546,20230721,315,296.21,291.36,302.0
7547,20231220,270,147.92,145.18,128.18
7548,20260511,353,230.0,217.23,236.28
7549,20230602,701,100.15,83.53,104.05
7550,20251101,357,34.05,27.41,32.61
7551,20240805,497,311.63,241.8,307.33
7552,20241209,319,283.51,213.6,305.18
7553,20230119,294,364.34,359.01,327.04
7554,20231118,707,225.72,189.65,211.83
7555,20241024,498,309.5,276.05,314.25
7556,20250812,759,228.08,208.53,220.64
7557,20240919,26,359.21,347.06,369.52
7558,20260207,439,350.84,321.9,392.16
7559,20260425,271,181.82,169.42,197.05
7560,20241219,174,208.41,185.77,210.75
7561,20241022,515,127.91,102.92,129.89
7562,20230228,214,309.39,247.48,327.06
7563,20240214,514,340.45,307.28,378.87
7564,20250612,188,276.5,274.24,248.84
7565,20260127,273,176.31,147.66,187.55
7566,20250105,120,187.42,185.52,197.22
7567,20240310,748,241.47,230.19,215.47
7568,20250518,708,140.71,120.95,123.31
7569,20231126,81,274.94,220.08,247.52
7570,20250416,53,274.33,242.07,311.01
7571,20230315,309,270.23,229.92,231.78
7572,20260627,43,136.65,109.22,149.53
7573,20240118,799,172.35,155.86,153.34
7574,20231105,344,107.89,91.7,110.55
7575,20240201,99,363.81,290.53,364.37
7576,20240404,52,21.14,17.65,20.08
7577,20230906,546,65.36,60.82,59.34
7578,20251118,547,393.46,388.38,394.9
7579,20230908,613,46.15,35.29,48.05
7580,20241219,100,63.71,57.44,63.9
7581,20250713,236,380.33,343.83,393.12
7582,20240612,261,212.23,197.69,203.22
7583,20260426,319,283.51,256.73,277.68
7584,20240123,644,440.69,337.69,468.65
7585,20251115,718,216.02,188.53,211.99
7586,20260129,10,52.67,51.62,59.45
7587,20240624,695,219.54,213.68,202.07
7588,20230121,176,155.18,141.94,132.19
7589,20251125,407,187.73,140.92,174.91
7590,20250126,724,208.64,181.78,204.03
7591,20241013,780,78.04,75.6,81.29
7592,20251212,525,333.84,315.72,308.38
7593,20241110,800,138.76,104.92,157.65
7594,20241209,265,249.31,205.72,270.7
7595,20230318,393,22.43,20.79,25.05
7596,20230517,295,217.29,199.93,217.13
7597,20230621,791,228.37,214.34,257.03
7598,20250522,636,140.04,137.29,121.43
7599,20250219,509,90.19,80.55,96.01
7600,20240704,349,300.82,251.19,305.61
7601,20230524,21,279.33,262.2,302.31
7602,20230619,691,160.49,149.29,173.67
7603,20230531,691,160.49,150.16,166.61
7604,20240718,100,63.71,60.87,71.72
7605,20250622,283,273.75,218.73,301.63
7606,20260220,512,65.44,57.69,60.17
7607,20240903,485,125.2,105.36,139.0
7608,20231214,431,27.19,24.67,24.84
7609,20240107,712,117.99,109.04,110.35
7610,20240730,197,150.97,148.69,171.76
7611,20230610,400,179.93,145.23,154.65
7612,20250730,133,157.64,146.77,139.8
7613,20250720,185,138.24,125.66,138.84
7614,20230310,474,285.61,256.74,303.34
7615,20230526,138,287.07,224.31,256.08
7616,20260614,593,348.5,341.93,347.84
7617,20230829,767,29.98,28.43,26.35
7618,20240816,793,136.99,127.05,124.2
7619,20230206,476,235.18,221.57,260.69
7620,20230610,354,235.99,233.8,213.38
7621,20260504,175,303.57,294.13,307.02
7622,20240215,122,193.32,155.1,217.03
7623,20230213,25,50.32,42.43,49.24
7624,20230930,699,65.91,56.8,64.94
7625,20230513,205,82.38,71.6,70.57
7626,20230627,182,161.43,135.17,156.61
7627,20250127,695,219.54,191.32,190.22
7628,20240602,720,410.49,383.69,416.62
7629,20250102,387,66.08,55.92,66.54
7630,20240402,60,69.61,67.26,66.2
7631,20250620,751,98.86,93.12,108.25
7632,20251209,449,22.61,21.83,20.52
7633,20230618,237,339.45,288.77,366.12
7634,20230331,783,254.01,195.78,280.58
7635,20251223,333,315.8,294.25,328.89
7636,20230202,381,275.49,235.84,234.75
7637,20251108,782,103.0,78.88,89.44
7638,20251007,684,145.2,109.91,155.53
7639,20260114,448,28.11,25.88,24.25
7640,20230301,574,292.71,272.6,309.55
7641,20230622,718,216.02,198.09,216.93
7642,20250504,466,314.66,256.41,304.43
7643,20260619,569,318.86,295.72,289.24
7644,20250901,608,103.16,90.42,99.17
7645,20250404,213,250.01,225.59,287.19
7646,20230921,411,64.81,60.04,61.83
7647,20240120,237,339.45,276.78,347.37
7648,20250527,583,182.74,142.56,171.0
7649,20230801,491,168.23,151.07,167.62
7650,20251125,288,29.26,22.34,31.93
7651,20260107,416,128.68,116.96,132.61
7652,20230216,234,318.9,302.6,344.11
7653,20260426,132,116.18,113.18,113.13
7654,20240916,306,267.41,251.3,253.45
7655,20260414,775,193.35,180.3,215.22
7656,20260406,567,223.92,179.13,241.82
7657,20230304,551,39.75,34.97,35.27
7658,20230920,720,410.49,350.19,418.92
7659,20230821,286,317.67,258.85,338.7
7660,20250305,226,250.65,247.31,235.66
7661,20240102,360,146.23,140.49,152.74
7662,20231207,67,220.55,209.19,244.87
7663,20250102,397,149.6,118.48,155.78
7664,20250722,745,215.3,165.3,207.47
7665,20240814,164,412.46,353.75,375.69
7666,20230501,430,96.92,79.26,85.34
7667,20230307,131,24.54,19.72,21.79
7668,20230903,4,279.54,238.24,272.63
7669,20250101,145,222.21,168.44,217.05
7670,20230203,351,348.89,306.52,363.74
7671,20250408,119,333.87,309.38,369.99
7672,20230419,157,17.11,16.21,14.61
7673,20240422,558,241.4,224.2,272.07
7674,20240930,474,285.61,241.13,254.46
7675,20260405,651,68.28,58.99,64.51
7676,20230612,82,299.58,279.98,315.83
7677,20241027,439,350.84,339.31,346.71
7678,20240421,392,148.86,129.71,165.43
7679,20231031,412,57.85,56.52,53.49
7680,20250807,141,224.09,196.02,256.14
7681,20260420,418,235.9,189.87,240.74
7682,20230906,247,116.11,102.97,99.52
7683,20241113,249,37.07,31.33,39.69
7684,20230810,76,227.03,191.79,254.15
7685,20240614,418,235.9,232.63,218.62
7686,20240519,771,87.72,75.89,85.08
7687,20250621,591,113.73,94.12,101.0
7688,20230921,526,17.69,16.48,17.56
7689,20240523,183,26.08,20.67,24.41
7690,20250122,229,168.69,159.74,149.46
7691,20260606,140,105.24,84.49,118.32
7692,20241117,783,254.01,197.95,259.2
7693,20240609,642,93.63,80.83,87.09
7694,20250517,758,348.5,342.92,365.88
7695,20230322,155,168.01,137.17,183.42
7696,20231115,64,238.84,202.29,246.66
7697,20231026,522,104.14,96.81,93.26
7698,20250630,46,338.48,293.84,301.53
7699,20260217,601,17.49,15.69,15.49
7700,20231221,664,29.07,26.97,28.12
7701,20230908,651,68.28,56.45,60.87
7702,20260530,474,285.61,219.1,282.73
7703,20250514,432,269.02,239.81,237.04
7704,20231231,288,29.26,24.0,28.92
7705,20260413,56,266.02,249.87,295.47
7706,20240809,246,289.83,280.79,332.63
7707,20251010,203,357.94,290.54,410.62
7708,20260125,598,111.7,104.77,107.5
7709,20230303,407,187.73,171.04,209.23
7710,20241205,727,29.93,24.15,25.75
7711,20260122,318,41.09,36.42,36.45
7712,20260208,654,223.67,209.83,247.9
7713,20230601,488,237.94,201.98,215.08
7714,20240911,299,12.05,10.33,10.36
7715,20240401,648,33.89,30.83,36.25
7716,20240318,522,104.14,81.14,107.15
7717,20250424,659,165.56,163.98,173.16
7718,20260129,319,283.51,214.99,282.95
7719,20260111,384,52.49,51.53,51.29
7720,20250710,407,187.73,174.99,166.26
7721,20251208,63,58.12,57.14,58.86
7722,20260505,101,321.61,313.55,360.79
7723,20250313,397,149.6,142.66,131.6
7724,20240801,440,113.85,106.74,99.43
7725,20230527,444,271.47,206.44,249.6
7726,20250304,317,251.02,224.69,229.71
7727,20240319,497,311.63,281.58,304.68
7728,20251122,750,22.62,18.49,20.83
7729,20240619,303,105.17,93.88,120.79
7730,20250623,438,40.99,32.33,37.9
7731,20241107,471,34.5,33.03,31.17
7732,20240618,86,11.99,10.89,10.94
7733,20250903,5,163.2,143.04,147.1
7734,20230712,403,210.54,208.52,234.46
7735,20260321,509,90.19,79.92,90.24
7736,20240402,290,323.07,248.73,280.8
7737,20251130,444,271.47,207.44,308.77
7738,20240702,455,34.92,28.93,33.32
7739,20250814,120,187.42,165.75,215.04
7740,20260524,640,151.16,144.86,169.61
7741,20250110,442,36.82,28.24,41.12
7742,20230810,187,256.66,209.2,224.84
7743,20240320,342,102.47,101.42,106.86
7744,20240315,30,325.32,257.61,349.11
7745,20250402,717,37.49,32.0,39.63
7746,20250815,184,305.93,232.68,278.96
7747,20230310,384,52.49,40.52,54.39
7748,20231207,205,82.38,76.58,93.4
7749,20250521,438,40.99,34.9,34.9
7750,20240219,94,11.79,10.15,10.76
7751,20250118,304,72.0,62.72,70.8
7752,20250626,235,351.8,341.12,344.69
7753,20250616,558,241.4,223.03,220.02
7754,20240320,455,34.92,33.39,34.5
7755,20240314,39,85.06,71.92,97.77
7756,20230108,640,151.16,150.3,133.58
7757,20230402,115,258.32,201.23,291.01
7758,20260407,602,85.13,76.69,95.61
7759,20250407,305,183.32,179.12,202.88
7760,20251104,329,269.12,232.05,253.09
7761,20240918,234,318.9,294.38,287.56
7762,20231105,71,81.45,75.16,74.58
7763,20250803,577,292.69,288.1,279.97
7764,20260512,694,65.85,54.03,66.98
7765,20250404,242,171.67,163.48,185.84
7766,20240114,642,93.63,86.64,100.21
7767,20260408,713,325.0,293.62,368.3
7768,20260613,573,146.12,143.88,160.48
7769,20250129,119,333.87,264.72,340.02
7770,20250510,537,125.74,103.38,142.25
7771,20251025,201,178.89,140.49,194.6
7772,20250516,222,199.12,172.74,192.58
7773,20250824,637,73.36,72.77,84.11
7774,20260511,793,136.99,103.36,119.95
7775,20230628,310,71.17,55.4,76.2
7776,20230511,778,248.68,217.46,278.64
7777,20250605,730,218.37,204.31,241.66
7778,20240628,194,314.56,293.65,297.04
7779,20260129,600,66.54,64.07,74.91
7780,20230105,438,40.99,30.86,40.77
7781,20240213,615,107.87,87.49,109.81
7782,20240829,318,41.09,32.55,38.13
7783,20240919,357,34.05,27.88,32.24
7784,20230704,91,191.54,143.9,163.05
7785,20240325,134,299.61,293.98,276.56
7786,20250326,169,80.84,80.44,71.02
7787,20241031,593,348.5,315.05,399.83
7788,20240109,410,94.32,73.6,80.82
7789,20231106,762,278.35,238.8,309.32
7790,20250727,410,94.32,89.58,92.26
7791,20250503,325,223.83,186.15,193.0
7792,20230702,480,425.68,415.11,452.64
7793,20260401,49,197.2,187.32,206.72
7794,20250829,550,203.17,184.28,222.36
7795,20260317,144,249.79,213.68,281.16
7796,20230218,22,105.46,97.57,116.74
7797,20240322,200,245.23,235.72,217.64
7798,20240826,118,410.38,365.46,381.93
7799,20241229,85,52.93,45.66,54.33
7800,20250526,531,18.72,16.24,18.93
7801,20230506,527,81.74,78.69,78.81
7802,20230718,147,53.98,42.43,61.57
7803,20260508,749,202.73,176.31,227.32
7804,20260131,384,52.49,49.26,45.04
7805,20250514,646,202.52,160.96,217.36
7806,20231212,381,275.49,223.99,257.01
7807,20240229,333,315.8,254.84,287.26
7808,20250623,308,277.35,242.65,310.37
7809,20231011,432,269.02,224.47,237.55
7810,20251122,365,297.68,287.15,325.7
7811,20240503,486,204.27,200.52,206.34
7812,20230825,446,47.38,35.66,41.37
7813,20250619,789,412.97,318.21,367.38
7814,20240114,100,63.71,55.54,67.05
7815,20240515,132,116.18,104.42,116.48
7816,20260528,172,59.34,47.29,52.96
7817,20250601,242,171.67,129.8,150.85
7818,20250320,787,222.59,187.51,235.01
7819,20241224,372,11.94,11.22,13.72
7820,20260528,222,199.12,176.95,203.47
7821,20241107,774,100.34,78.38,105.56
7822,20230316,668,120.7,119.92,111.36
7823,20251120,256,108.27,101.94,95.84
7824,20230410,566,84.3,79.0,77.38
7825,20241009,731,425.46,371.31,426.72
7826,20230616,201,178.89,150.62,172.3
7827,20230624,670,228.6,215.74,212.65
7828,20231211,435,227.4,226.6,219.06
7829,20231101,12,262.97,207.8,266.37
7830,20251218,26,359.21,277.34,372.64
7831,20231006,573,146.12,124.57,164.87
7832,20251127,64,238.84,195.07,269.66
7833,20260221,63,58.12,46.36,59.73
7834,20241225,701,100.15,76.77,107.71
7835,20240110,132,116.18,94.67,122.44
7836,20250117,771,87.72,77.88,92.09
7837,20240821,408,74.67,64.55,85.61
7838,20260322,321,380.87,357.24,393.22
7839,20241107,311,360.5,295.19,307.6
7840,20240930,27,110.98,103.4,100.15
7841,20240625,421,82.54,82.34,72.07
7842,20230331,792,142.29,122.17,137.72
7843,20230916,337,284.78,251.57,298.36
7844,20230629,656,264.51,208.63,292.4
7845,20230516,169,80.84,69.71,70.33
7846,20251112,621,238.21,232.75,224.55
7847,20231109,353,230.0,210.89,215.03
7848,20260428,81,274.94,265.38,245.35
7849,20251110,459,41.78,38.69,37.44
7850,20260511,252,26.05,20.68,25.69
7851,20230126,247,116.11,101.02,126.2
7852,20260519,494,380.5,368.23,368.38
7853,20260428,639,208.98,204.24,227.64
7854,20240614,638,35.51,30.66,30.81
7855,20240116,759,228.08,189.34,243.34
7856,20250212,498,309.5,235.61,331.77
7857,20260604,750,22.62,19.9,20.28
7858,20250720,558,241.4,194.54,260.99
7859,20231130,320,204.9,159.59,176.23
7860,20241220,244,357.61,302.0,406.43
7861,20250303,187,256.66,246.34,271.8
7862,20231230,740,239.3,189.38,218.05
7863,20240923,269,15.66,14.27,16.7
7864,20260315,765,31.01,25.69,32.99
7865,20230626,525,333.84,251.14,289.22
7866,20260323,351,348.89,288.47,356.16
7867,20231124,397,149.6,136.53,156.36
7868,20231127,195,225.23,186.37,228.61
7869,20260225,199,127.18,113.09,138.71
7870,20231113,290,323.07,309.84,294.01
7871,20230704,305,183.32,182.91,205.32
7872,20250913,207,387.32,360.21,329.81
7873,20260226,237,339.45,332.38,348.78
7874,20230114,635,53.49,43.54,49.85
7875,20260323,442,36.82,31.79,37.03
7876,20250205,611,119.6,106.15,122.59
7877,20250704,234,318.9,244.24,348.22
7878,20251017,511,114.7,96.1,109.35
7879,20260321,772,272.89,220.76,242.91
7880,20250215,107,92.43,86.3,82.79
7881,20250414,49,197.2,178.64,198.31
7882,20241104,22,105.46,96.09,107.81
7883,20260302,664,29.07,28.49,30.11
7884,20230508,75,117.53,115.95,119.06
7885,20230923,64,238.84,214.11,256.85
7886,20260601,398,70.82,59.58,63.61
7887,20260307,162,43.61,37.15,48.88
7888,20240512,530,239.02,225.1,263.79
7889,20250511,21,279.33,242.4,299.45
7890,20230423,369,98.11,93.48,89.73
7891,20250702,729,357.03,287.99,392.98
7892,20231003,713,325.0,274.05,278.17
7893,20231213,733,218.3,199.09,200.13
7894,20250814,77,218.69,173.89,201.09
7895,20230301,429,195.21,155.34,204.65
7896,20251215,710,52.14,43.28,57.39
7897,20250315,637,73.36,68.16,62.63
7898,20250525,630,339.79,277.54,362.75
7899,20260502,412,57.85,44.4,65.29
7900,20260121,655,70.94,55.38,71.81
7901,20260605,324,210.25,177.82,215.27
7902,20230811,589,87.74,81.13,81.32
7903,20240104,748,241.47,191.76,237.77
7904,20240816,165,223.04,170.55,217.42
7905,20250807,261,212.23,208.45,205.23
7906,20230726,489,258.71,245.68,236.76
7907,20240525,219,21.56,19.58,20.29
7908,20241020,12,262.97,230.35,275.09
7909,20250819,779,134.97,129.72,136.86
7910,20230909,379,306.26,282.72,327.11
7911,20260125,469,161.37,129.56,160.19
7912,20250530,56,266.02,255.23,291.48
7913,20250812,139,382.89,317.29,335.51
7914,20230113,230,55.79,45.8,59.62
7915,20240201,689,102.62,92.23,97.98
7916,20260202,288,29.26,25.22,26.34
7917,20241229,288,29.26,25.54,25.16
7918,20251112,381,275.49,226.52,248.17
7919,20230627,93,61.41,51.11,68.73
7920,20260217,308,277.35,230.09,261.67
7921,20230720,497,311.63,276.48,310.71
7922,20250929,346,279.84,278.34,269.98
7923,20260528,369,98.11,88.0,88.58
7924,20250405,636,140.04,138.28,128.27
7925,20240302,757,118.51,101.09,125.33
7926,20240209,545,24.51,19.47,22.2
7927,20260514,500,394.62,355.61,390.75
7928,20260420,788,168.35,151.35,152.91
7929,20240708,402,21.66,21.45,20.29
7930,20251125,170,336.66,284.09,311.91
7931,20230302,583,182.74,140.57,160.33
7932,20251129,720,410.49,374.66,370.7
7933,20250424,531,18.72,17.74,19.63
7934,20250212,773,48.89,38.77,48.38
7935,20251013,177,72.58,67.12,68.09
7936,20230921,757,118.51,113.69,123.46
7937,20260403,494,380.5,373.79,405.52
7938,20241001,204,137.31,124.26,125.37
7939,20250209,397,149.6,113.14,142.4
7940,20230530,526,17.69,13.84,16.68
7941,20231001,284,15.97,15.68,17.42
7942,20260630,728,23.99,23.54,20.97
7943,20250410,343,17.55,16.86,17.57
7944,20230827,258,30.13,26.1,33.94
7945,20241002,632,291.15,281.46,279.97
7946,20250617,479,253.27,238.69,232.26
7947,20260405,302,95.16,94.6,101.79
7948,20240521,729,357.03,309.03,376.54
7949,20250729,446,47.38,41.12,47.58
7950,20230719,268,75.48,63.96,74.58
7951,20260415,519,54.14,44.63,61.48
7952,20240831,76,227.03,190.3,212.24
7953,20240822,444,271.47,213.75,236.9
7954,20250916,532,328.3,261.79,290.19
7955,20230423,481,267.97,267.16,275.7
7956,20260430,296,86.09,77.49,88.94
7957,20230407,733,218.3,188.29,203.9
7958,20230114,471,34.5,33.43,38.86
7959,20240708,325,223.83,191.54,238.07
7960,20230524,712,117.99,94.68,119.77
7961,20230729,585,163.26,131.01,148.04
7962,20251006,104,158.51,147.41,152.94
7963,20260514,91,191.54,157.13,188.32
7964,20240516,782,103.0,82.78,112.86
7965,20260227,334,266.65,237.23,227.18
7966,20231208,294,364.34,278.73,398.77
7967,20230223,408,74.67,72.66,82.23
7968,20240223,293,423.76,321.83,467.02
7969,20250222,672,106.54,93.03,108.17
7970,20230726,86,11.99,9.5,12.6
7971,20241217,678,133.31,123.55,117.49
7972,20250502,635,53.49,41.09,57.74
7973,20241026,29,170.48,160.27,184.35
7974,20241228,677,101.31,90.97,110.96
7975,20250314,738,223.85,199.4,215.89
7976,20240816,384,52.49,41.06,52.39
7977,20250606,648,33.89,33.2,36.02
7978,20240728,554,59.83,58.96,55.61
7979,20240610,161,202.52,201.24,197.03
7980,20240826,725,378.22,354.68,429.46
7981,20251126,53,274.33,224.97,286.68
7982,20251207,349,300.82,235.74,344.11
7983,20250406,31,281.2,269.11,278.36
7984,20231207,395,380.39,316.15,377.87
7985,20260505,392,148.86,139.97,154.52
7986,20240212,521,260.98,257.19,272.95
7987,20240602,488,237.94,199.06,234.88
7988,20250624,370,263.18,197.89,290.4
7989,20240514,733,218.3,177.46,211.39
7990,20230214,495,21.23,20.5,23.14
7991,20240215,215,179.63,164.4,165.36
7992,20240522,202,290.4,265.34,290.66
7993,20260501,543,164.16,143.16,183.41
7994,20260516,786,127.42,107.16,119.4
7995,20240301,732,90.88,79.89,100.66
7996,20250530,121,298.82,255.28,320.49
7997,20240627,326,267.52,226.17,267.06
7998,20250927,236,380.33,356.62,413.21
7999,20250507,591,113.73,108.89,114.79
8000,20260106,113,119.1,112.3,114.6
8001,20250615,580,282.51,254.75,295.47
8002,20231013,633,57.66,46.79,62.87
8003,20241116,369,98.11,96.85,88.49
8004,20231018,701,100.15,81.95,102.43
8005,20260103,698,103.34,90.49,116.4
8006,20240604,436,313.39,302.96,324.34
8007,20230510,363,113.38,109.43,96.7
8008,20260327,507,266.28,204.04,268.29
8009,20250629,449,22.61,19.06,25.43
8010,20241207,568,27.56,21.26,28.41
8011,20251031,264,10.22,9.98,8.9
8012,20240109,621,238.21,184.27,262.73
8013,20251027,186,192.02,155.67,192.28
8014,20250308,793,136.99,120.93,126.96
8015,20230205,36,214.64,198.9,190.41
8016,20240928,22,105.46,100.94,102.0
8017,20240820,515,127.91,125.02,132.46
8018,20250308,620,141.64,106.64,152.69
8019,20250821,207,387.32,312.85,416.4
8020,20250221,381,275.49,214.97,250.64
8021,20241214,733,218.3,173.54,220.65
8022,20240329,567,223.92,204.39,195.59
8023,20260529,40,246.38,191.27,238.75
8024,20230918,163,35.79,31.16,36.14
8025,20230111,467,166.44,160.7,150.34
8026,20251130,274,185.35,158.58,174.85
8027,20240405,222,199.12,195.92,189.35
8028,20260614,561,223.15,168.38,227.08
8029,20240105,574,292.71,222.71,257.02
8030,20250603,705,239.69,227.71,242.74
8031,20260323,52,21.14,16.55,22.0
8032,20230324,749,202.73,187.48,200.87
8033,20230602,425,155.73,152.0,172.62
8034,20241001,308,277.35,225.54,236.4
8035,20260327,4,279.54,275.9,289.51
8036,20240815,543,164.16,143.89,164.02
8037,20250403,778,248.68,212.09,213.1
8038,20230416,632,291.15,268.14,318.84
8039,20241003,48,76.9,70.03,81.35
8040,20230316,183,26.08,20.97,28.81
8041,20230116,652,164.75,164.2,150.21
8042,20240609,745,215.3,207.27,240.17
8043,20240930,623,190.11,174.91,181.26
8044,20240615,780,78.04,68.59,86.52
8045,20250112,57,20.69,19.3,21.36
8046,20250923,606,54.24,46.39,49.41
8047,20241212,528,365.56,280.72,400.06
8048,20230906,402,21.66,19.92,21.53
8049,20240430,413,98.94,89.69,101.21
8050,20241026,450,361.37,341.62,324.87
8051,20251008,378,260.57,235.81,268.46
8052,20240405,423,26.19,22.99,29.71
8053,20230828,142,258.94,230.45,262.93
8054,20260330,326,267.52,202.19,247.89
8055,20250813,273,176.31,166.68,188.98
8056,20230403,119,333.87,277.46,350.64
8057,20240407,199,127.18,97.8,131.37
8058,20231214,750,22.62,22.36,20.87
8059,20241115,419,199.26,176.54,225.8
8060,20241201,577,292.69,284.03,267.77
8061,20260104,220,267.45,240.61,304.54
8062,20240731,438,40.99,37.89,35.82
8063,20240516,64,238.84,202.0,255.06
8064,20230407,768,253.35,252.54,258.67
8065,20251111,112,332.69,313.22,319.87
8066,20230106,20,54.98,44.23,59.34
8067,20230531,202,290.4,233.96,260.57
8068,20230729,119,333.87,261.18,372.38
8069,20230915,442,36.82,32.14,38.54
8070,20251005,286,317.67,288.2,336.79
8071,20260303,87,204.15,160.51,197.58
8072,20260531,656,264.51,221.98,296.9
8073,20241118,195,225.23,199.59,227.08
8074,20230523,613,46.15,38.47,42.9
8075,20260513,362,342.7,281.74,335.89
8076,20230112,356,128.43,107.4,116.35
8077,20250712,256,108.27,97.81,116.35
8078,20250705,1,128.02,115.92,126.16
8079,20251018,368,122.52,113.76,112.29
8080,20241230,291,178.18,138.92,176.8
8081,20241221,552,211.79,209.28,198.32
8082,20230812,762,278.35,236.69,247.17
8083,20230528,153,89.99,76.09,90.58
8084,20230216,38,36.67,31.85,35.42
8085,20240303,660,11.42,9.94,10.97
8086,20241220,438,40.99,39.44,45.86
8087,20260327,180,25.06,19.4,24.22
8088,20240110,448,28.11,26.8,25.81
8089,20251207,713,325.0,265.76,312.48
8090,20250806,295,217.29,165.68,219.89
8091,20231101,800,138.76,120.87,151.63
8092,20250206,521,260.98,252.9,251.58
8093,20241006,550,203.17,180.25,192.56
8094,20230927,75,117.53,112.15,103.65
8095,20260102,524,130.88,122.15,124.72
8096,20250221,406,176.64,162.82,158.07
8097,20230813,46,338.48,307.4,297.46
8098,20231107,106,80.14,69.14,69.24
8099,20260424,435,227.4,226.76,258.6
8100,20241124,141,224.09,179.12,196.85
8101,20240208,563,41.14,37.82,35.61
8102,20240915,616,278.04,244.79,242.84
8103,20240724,579,241.27,199.7,228.4
8104,20250221,792,142.29,139.17,130.87
8105,20250517,756,394.25,370.63,344.4
8106,20260314,787,222.59,174.73,241.91
8107,20230428,167,236.05,220.6,223.26
8108,20250823,659,165.56,149.67,152.55
8109,20260618,680,272.43,225.96,282.21
8110,20230709,51,80.4,62.33,91.87
8111,20230112,770,92.3,90.77,93.42
8112,20250212,646,202.52,200.42,173.95
8113,20240505,354,235.99,178.96,222.63
8114,20230530,102,258.72,215.05,261.8
8115,20241125,124,11.28,11.05,12.95
8116,20240929,574,292.71,271.04,331.98
8117,20260505,320,204.9,153.77,203.33
8118,20240528,741,212.39,195.62,191.3
8119,20230909,575,196.28,163.69,222.15
8120,20241225,236,380.33,355.16,397.42
8121,20251029,436,313.39,294.26,269.39
8122,20230806,603,228.34,172.89,236.94
8123,20231024,9,228.25,198.72,200.6
8124,20240926,758,348.5,327.96,361.17
8125,20230106,399,52.27,41.6,48.65
8126,20260309,66,232.57,212.41,232.78
8127,20251208,169,80.84,77.32,76.18
8128,20251107,776,93.65,80.34,101.25
8129,20230928,107,92.43,90.72,98.3
8130,20251126,445,236.18,230.9,214.77
8131,20230813,734,36.51,27.61,35.98
8132,20230308,487,35.77,34.0,38.42
8133,20240620,369,98.11,91.79,90.28
8134,20240525,503,318.02,296.26,289.97
8135,20230208,26,359.21,292.35,338.9
8136,20230210,340,256.97,195.71,245.44
8137,20230113,37,408.21,377.43,423.38
8138,20231126,286,317.67,300.06,336.83
8139,20250818,244,357.61,328.71,339.4
8140,20240606,412,57.85,51.37,62.65
8141,20230306,579,241.27,181.06,249.29
8142,20251207,637,73.36,66.81,66.3
8143,20230904,429,195.21,195.05,172.91
8144,20240829,551,39.75,36.24,41.13
8145,20260421,604,104.98,103.07,109.62
8146,20250602,740,239.3,191.08,245.64
8147,20230223,257,153.43,137.59,142.86
8148,20230123,540,329.69,290.58,318.77
8149,20250924,561,223.15,176.05,211.63
8150,20250620,650,142.56,141.09,140.22
8151,20240608,485,125.2,96.85,111.16
8152,20241103,175,303.57,251.15,269.2
8153,20250422,410,94.32,72.48,99.7
8154,20250411,264,10.22,9.36,10.76
8155,20240424,604,104.98,91.08,94.43
8156,20251012,403,210.54,203.34,229.8
8157,20230801,213,250.01,216.06,286.39
8158,20240617,454,323.6,273.7,322.96
8159,20230920,650,142.56,111.25,137.3
8160,20240911,647,184.7,153.37,189.98
8161,20260210,420,122.78,120.94,115.79
8162,20260615,612,244.74,220.65,274.12
8163,20251002,182,161.43,124.85,155.95
8164,20231017,476,235.18,184.97,228.29
8165,20251102,392,148.86,121.98,141.85
8166,20230411,610,31.94,30.1,28.15
8167,20260608,573,146.12,117.36,152.41
8168,20240625,216,336.54,318.31,331.9
8169,20241104,737,232.1,205.22,247.85
8170,20240824,323,221.18,200.71,210.11
8171,20230425,764,38.17,32.43,33.2
8172,20231216,706,136.94,135.21,139.57
8173,20250206,287,248.3,233.01,248.64
8174,20240814,342,102.47,84.05,111.09
8175,20240703,8,211.32,159.31,223.81
8176,20240206,333,315.8,286.65,349.9
8177,20231205,789,412.97,312.49,472.26
8178,20251211,657,207.96,176.72,189.84
8179,20240526,92,242.67,194.88,276.9
8180,20260421,64,238.84,194.71,258.8
8181,20240222,648,33.89,26.37,36.72
8182,20231118,51,80.4,70.0,83.08
8183,20260408,678,133.31,122.57,146.72
8184,20240802,178,241.37,199.23,273.89
8185,20230625,704,18.97,15.75,21.39
8186,20231218,437,95.28,74.17,102.98
8187,20230807,386,184.17,178.03,186.09
8188,20240611,561,223.15,190.87,192.88
8189,20251117,642,93.63,75.14,80.42
8190,20250717,133,157.64,152.37,180.65
8191,20240221,655,70.94,63.23,74.99
8192,20241011,232,283.79,238.95,260.56
8193,20231216,153,89.99,71.94,88.81
8194,20230116,117,66.51,64.22,67.39
8195,20241225,196,79.66,76.71,72.16
8196,20250407,4,279.54,277.91,248.49
8197,20260527,494,380.5,306.91,402.76
8198,20230827,597,11.11,10.89,9.97
8199,20250325,395,380.39,360.73,339.61
8200,20251129,758,348.5,280.91,364.31
8201,20230324,513,255.23,220.16,227.97
8202,20250302,226,250.65,241.41,248.45
8203,20230306,354,235.99,211.49,232.08
8204,20250214,227,292.62,258.89,313.71
8205,20241224,220,267.45,207.25,259.11
8206,20250727,310,71.17,57.29,79.33
8207,20250810,81,274.94,244.62,302.29
8208,20230607,689,102.62,81.59,111.84
8209,20241004,600,66.54,59.75,75.68
8210,20260627,350,195.28,169.2,183.16
8211,20260123,16,121.92,95.36,132.87
8212,20260618,436,313.39,297.91,269.25
8213,20240908,41,272.3,249.69,272.77
8214,20251221,401,188.97,177.7,192.14
8215,20230508,413,98.94,85.95,109.92
8216,20241202,98,316.05,304.36,290.07
8217,20241106,719,73.37,63.29,63.42
8218,20260105,664,29.07,26.87,27.57
8219,20230319,27,110.98,85.85,118.32
8220,20250909,472,30.87,30.64,28.97
8221,20230409,526,17.69,16.96,19.44
8222,20250825,68,17.84,14.13,18.93
8223,20250126,368,122.52,93.61,140.4
8224,20260303,82,299.58,235.9,264.61
8225,20230704,587,273.68,235.16,252.4
8226,20230516,131,24.54,19.44,26.73
8227,20230724,648,33.89,29.2,32.29
8228,20260529,719,73.37,67.62,77.69
8229,20250905,187,256.66,252.89,233.16
8230,20230202,419,199.26,154.09,221.86
8231,20241027,439,350.84,323.09,395.68
8232,20230204,529,73.96,63.73,69.48
8233,20250521,629,217.61,188.68,200.56
8234,20251219,631,266.82,226.39,228.89
8235,20260107,770,92.3,76.98,105.56
8236,20241214,403,210.54,177.25,197.72
8237,20260227,127,264.28,238.7,241.73
8238,20230824,142,258.94,258.82,290.61
8239,20251021,291,178.18,148.61,151.93
8240,20240907,382,50.92,39.71,46.02
8241,20250130,34,218.67,185.63,244.74
8242,20251004,427,416.06,397.94,423.81
8243,20240313,457,60.47,49.49,60.02
8244,20231014,447,59.76,49.18,61.3
8245,20250203,672,106.54,87.55,107.18
8246,20260410,183,26.08,23.41,28.3
8247,20251019,165,223.04,212.46,207.87
8248,20240927,116,34.36,32.28,35.47
8249,20250502,338,214.38,167.15,230.24
8250,20231005,594,93.21,85.34,91.74
8251,20230416,580,282.51,282.37,296.18
8252,20240215,429,195.21,163.16,195.3
8253,20250513,559,55.12,45.54,46.88
8254,20241217,244,357.61,281.28,376.6
8255,20230903,227,292.62,233.58,261.64
8256,20260526,498,309.5,290.61,355.89
8257,20240927,538,86.46,79.19,75.64
8258,20241119,760,321.52,274.58,368.74
8259,20260514,354,235.99,190.46,270.74
8260,20230324,527,81.74,69.45,76.86
8261,20241220,782,103.0,84.66,88.61
8262,20230614,22,105.46,101.82,104.65
8263,20250816,242,171.67,162.56,160.62
8264,20250204,110,284.95,282.69,260.87
8265,20241210,167,236.05,228.11,222.03
8266,20241012,536,232.15,202.95,197.57
8267,20240209,499,261.75,254.71,229.42
8268,20260124,262,237.84,205.77,213.99
8269,20260310,503,318.02,310.82,341.17
8270,20240702,76,227.03,179.19,209.05
8271,20250131,470,186.23,144.95,175.01
8272,20230503,416,128.68,114.03,124.08
8273,20241209,790,117.22,107.55,127.6
8274,20240130,433,60.97,54.72,54.08
8275,20240630,105,380.19,351.4,418.57
8276,20241125,546,65.36,51.2,64.83
8277,20230905,333,315.8,255.33,307.11
8278,20251214,295,217.29,175.98,212.33
8279,20240804,353,230.0,196.14,204.78
8280,20230804,30,325.32,261.82,363.91
8281,20240402,782,103.0,100.53,93.38
8282,20231001,227,292.62,264.74,291.01
8283,20250109,621,238.21,199.65,209.7
8284,20250115,201,178.89,171.76,205.44
8285,20240124,288,29.26,25.87,29.29
8286,20250424,474,285.61,260.98,276.65
8287,20250315,163,35.79,29.56,40.25
8288,20250412,705,239.69,217.5,204.76
8289,20251222,44,186.98,174.1,183.91
8290,20230227,380,239.62,208.2,249.97
8291,20240728,284,15.97,12.4,15.49
8292,20230618,231,190.39,172.74,203.23
8293,20230726,453,159.04,157.74,135.87
8294,20230412,93,61.41,47.05,67.78
8295,20260407,106,80.14,70.32,87.24
8296,20250612,501,167.28,128.03,176.37
8297,20230303,657,207.96,157.45,238.84
8298,20240530,520,361.69,335.12,326.82
8299,20231210,731,425.46,322.26,435.38
8300,20240224,34,218.67,181.4,210.57
8301,20250210,395,380.39,307.32,390.08
8302,20250620,383,55.74,45.94,51.76
8303,20231015,90,228.46,210.12,240.79
8304,20240513,340,256.97,208.84,265.7
8305,20250506,238,232.61,213.26,215.01
8306,20251210,93,61.41,59.58,68.82
8307,20240915,326,267.52,209.46,267.44
8308,20240326,561,223.15,185.54,211.26
8309,20240311,280,44.45,39.63,39.7
8310,20250814,360,146.23,123.69,139.13
8311,20231101,101,321.61,251.89,354.59
8312,20251207,132,116.18,109.92,131.93
8313,20240127,162,43.61,38.49,44.2
8314,20230927,750,22.62,21.81,19.9
8315,20250401,675,310.72,237.01,350.1
8316,20251008,778,248.68,209.33,241.43
8317,20251218,469,161.37,125.63,160.62
8318,20251227,713,325.0,295.85,319.46
8319,20240516,254,91.01,90.4,104.49
8320,20251122,547,393.46,299.15,407.0
8321,20250125,183,26.08,23.72,24.75
8322,20240927,638,35.51,32.07,30.74
8323,20250826,556,340.34,256.19,330.5
8324,20240612,99,363.81,301.21,402.51
8325,20260609,730,218.37,177.37,188.17
8326,20241006,482,74.27,62.6,76.45
8327,20230305,657,207.96,194.04,180.29
8328,20230315,730,218.37,164.98,229.73
8329,20230514,153,89.99,82.48,87.45
8330,20231215,659,165.56,140.58,188.29
8331,20230420,357,34.05,31.73,32.74
8332,20241213,309,270.23,268.17,258.35
8333,20260414,517,325.99,257.11,321.23
8334,20240207,697,203.47,155.78,199.38
8335,20230925,9,228.25,223.59,230.48
8336,20250402,78,147.0,126.39,131.1
8337,20230730,180,25.06,24.57,22.66
8338,20260509,498,309.5,244.63,300.07
8339,20260417,727,29.93,25.95,33.62
8340,20240330,366,384.91,366.92,394.19
8341,20231108,325,223.83,204.99,215.07
8342,20260317,769,93.19,79.6,101.39
8343,20230927,111,310.59,282.21,341.83
8344,20240721,197,150.97,146.21,161.33
8345,20240207,495,21.23,20.24,19.0
8346,20240730,739,248.72,201.67,247.38
8347,20260516,332,121.61,95.28,132.78
8348,20230613,683,426.67,416.69,392.87
8349,20230103,380,239.62,238.66,237.06
8350,20260514,768,253.35,229.01,247.18
8351,20230406,72,119.72,101.09,104.85
8352,20230529,162,43.61,40.23,46.88
8353,20240803,531,18.72,16.37,17.68
8354,20230404,662,142.93,136.23,125.17
8355,20240719,138,287.07,243.99,266.74
8356,20230616,153,89.99,80.92,99.93
8357,20231110,762,278.35,211.65,244.76
8358,20240523,515,127.91,117.08,146.68
8359,20251016,754,408.58,352.57,439.47
8360,20260423,130,108.44,83.95,99.95
8361,20230511,2,108.79,90.3,112.84
8362,20230830,144,249.79,248.23,245.5
8363,20230207,297,203.31,158.17,184.3
8364,20230923,187,256.66,227.58,289.19
8365,20240922,574,292.71,259.14,265.95
8366,20250604,376,268.5,212.95,259.41
8367,20251028,348,233.48,204.52,229.18
8368,20240415,464,223.36,196.48,239.72
8369,20231116,774,100.34,84.63,114.71
8370,20250605,264,10.22,8.65,11.71
8371,20250509,142,258.94,203.41,274.72
8372,20250109,517,325.99,285.36,336.31
8373,20241219,527,81.74,68.69,90.61
8374,20230317,27,110.98,105.28,100.12
8375,20250706,495,21.23,16.41,20.63
8376,20230523,424,164.94,155.38,177.65
8377,20250914,14,109.54,100.13,105.45
8378,20230611,365,297.68,229.3,338.65
8379,20260613,463,203.4,188.36,221.83
8380,20241217,718,216.02,190.57,221.64
8381,20260425,653,210.05,190.36,212.87
8382,20230724,662,142.93,117.93,150.3
8383,20250724,563,41.14,31.33,44.99
8384,20231121,361,218.41,176.44,214.36
8385,20250624,302,95.16,77.47,105.32
8386,20241127,547,393.46,385.24,445.7
8387,20250401,628,117.7,101.95,116.44
8388,20250927,301,241.8,241.6,249.22
8389,20240408,290,323.07,279.1,337.58
8390,20240421,315,296.21,288.05,335.99
8391,20231026,237,339.45,294.17,317.87
8392,20240618,488,237.94,208.21,272.6
8393,20240131,471,34.5,33.9,34.4
8394,20241021,355,151.19,141.93,147.82
8395,20240630,542,118.48,107.09,124.69
8396,20240524,602,85.13,76.94,86.44
8397,20250501,533,169.61,137.28,183.45
8398,20230805,601,17.49,14.33,15.7
8399,20250313,382,50.92,40.82,46.7
8400,20231224,309,270.23,206.45,275.82
8401,20240906,468,354.29,332.91,353.56
8402,20240914,143,275.87,233.56,268.55
8403,20250303,757,118.51,110.78,128.43
8404,20230621,348,233.48,217.92,226.63
8405,20231215,357,34.05,31.79,29.11
8406,20241010,751,98.86,97.56,113.51
8407,20230723,303,105.17,95.01,92.01
8408,20250111,718,216.02,171.21,222.35
8409,20231113,463,203.4,202.27,228.99
8410,20231021,208,194.43,156.2,167.04
8411,20240327,235,351.8,320.81,313.81
8412,20251215,319,283.51,254.77,299.79
8413,20251025,370,263.18,233.18,295.82
8414,20250704,783,254.01,232.09,232.15
8415,20240903,104,158.51,151.12,172.25
8416,20250927,326,267.52,242.27,231.5
8417,20230408,226,250.65,189.93,223.25
8418,20260311,730,218.37,188.99,225.72
8419,20230301,9,228.25,188.33,249.97
8420,20251220,800,138.76,127.26,125.42
8421,20250312,606,54.24,41.26,52.26
8422,20260322,90,228.46,190.51,219.4
8423,20251216,420,122.78,109.2,119.9
8424,20240605,404,249.7,248.68,257.72
8425,20250621,669,256.27,193.43,225.95
8426,20230520,386,184.17,182.37,184.56
8427,20260406,663,304.83,247.43,339.83
8428,20250120,256,108.27,83.83,101.59
8429,20240301,680,272.43,255.82,233.71
8430,20230501,256,108.27,106.5,111.87
8431,20250629,499,261.75,212.24,242.35
8432,20251130,581,46.45,44.33,49.3
8433,20250718,446,47.38,39.29,50.02
8434,20230202,351,348.89,296.7,345.13
8435,20230227,678,133.31,115.59,121.27
8436,20240608,400,179.93,168.62,188.74
8437,20240108,296,86.09,78.07,94.87
8438,20231120,731,425.46,405.97,459.31
8439,20240731,482,74.27,70.14,67.63
8440,20230524,223,289.35,226.45,293.64
8441,20260411,269,15.66,13.87,16.73
8442,20241123,698,103.34,102.32,108.64
8443,20230331,338,214.38,175.23,226.73
8444,20241012,71,81.45,66.09,85.4
8445,20251129,577,292.69,250.15,266.85
8446,20240627,710,52.14,42.51,59.21
8447,20260508,229,168.69,153.02,152.92
8448,20250107,97,301.78,277.13,315.66
8449,20230613,312,205.56,201.29,228.01
8450,20231121,522,104.14,89.21,89.0
8451,20240202,377,227.02,223.72,195.58
8452,20250926,96,204.85,201.44,222.41
8453,20240304,222,199.12,198.79,208.32
8454,20230722,685,141.65,124.82,133.01
8455,20250605,591,113.73,89.69,125.1
8456,20250601,673,423.99,351.33,476.88
8457,20250708,215,179.63,162.9,173.72
8458,20250622,343,17.55,13.8,16.43
8459,20250430,98,316.05,279.09,361.15
8460,20260521,186,192.02,179.48,203.19
8461,20250409,677,101.31,87.03,86.48
8462,20240627,628,117.7,117.56,125.29
8463,20241201,144,249.79,208.43,255.95
8464,20240922,280,44.45,39.32,40.79
8465,20240901,379,306.26,269.4,284.81
8466,20241009,1,128.02,111.96,129.92
8467,20240418,450,361.37,330.4,369.7
8468,20250830,639,208.98,172.46,235.04
8469,20231030,164,412.46,351.29,387.89
8470,20260206,548,210.49,182.32,197.44
8471,20260222,328,77.81,69.91,73.32
8472,20241202,180,25.06,22.49,21.94
8473,20240111,78,147.0,146.33,130.06
8474,20260323,517,325.99,248.76,321.96
8475,20250717,459,41.78,39.39,43.0
8476,20250306,187,256.66,197.52,236.14
8477,20250701,737,232.1,225.3,227.99
8478,20231004,22,105.46,90.41,111.42
8479,20230405,489,258.71,213.93,293.18
8480,20230424,741,212.39,180.18,198.27
8481,20240629,350,195.28,150.41,189.02
8482,20240128,724,208.64,190.7,199.59
8483,20230307,560,40.22,34.13,41.03
8484,20251221,514,340.45,266.31,373.85
8485,20251210,247,116.11,104.41,102.37
8486,20240421,782,103.0,89.41,90.73
8487,20230731,592,178.71,143.01,160.55
8488,20260329,469,161.37,138.91,162.89
8489,20241111,717,37.49,36.99,42.04
8490,20230702,580,282.51,270.86,258.04
8491,20250606,389,13.99,11.62,14.26
8492,20231102,412,57.85,48.34,52.13
8493,20231128,178,241.37,189.54,206.89
8494,20230113,99,363.81,329.65,329.3
8495,20251111,402,21.66,18.16,23.79
8496,20240614,222,199.12,152.72,180.74
8497,20240804,328,77.81,73.59,83.59
8498,20240319,162,43.61,40.6,39.61
8499,20250311,332,121.61,91.56,130.81
8500,20230422,201,178.89,152.79,161.08
8501,20230306,434,136.54,105.51,144.49
8502,20240112,305,183.32,179.56,172.05
8503,20251126,19,252.36,221.9,246.63
8504,20240627,460,84.17,83.62,78.79
8505,20251004,412,57.85,51.45,64.18
8506,20230828,179,40.39,33.77,35.81
8507,20240321,9,228.25,193.42,250.34
8508,20240101,157,17.11,13.02,18.81
8509,20230317,71,81.45,73.72,71.22
8510,20240401,711,89.35,83.64,81.81
8511,20241016,202,290.4,253.48,274.39
8512,20230627,593,348.5,318.75,383.57
8513,20240915,229,168.69,134.23,174.24
8514,20230702,170,336.66,309.44,314.14
8515,20250125,474,285.61,285.59,298.72
8516,20230112,518,38.63,31.18,42.82
8517,20230321,144,249.79,236.74,262.41
8518,20260403,185,138.24,135.31,156.24
8519,20251011,270,147.92,135.83,152.45
8520,20230304,167,236.05,218.27,230.48
8521,20260324,605,161.5,130.16,154.84
8522,20250913,428,389.44,310.33,429.06
8523,20230330,758,348.5,303.88,358.67
8524,20260315,208,194.43,173.08,182.01
8525,20251215,746,393.87,379.45,413.52
8526,20260326,437,95.28,73.09,101.14
8527,20231214,359,156.76,148.52,135.16
8528,20250204,269,15.66,12.02,16.99
8529,20250618,5,163.2,148.04,145.53
8530,20260201,581,46.45,45.07,46.56
8531,20230205,426,82.56,74.16,79.58
8532,20250929,537,125.74,109.05,120.09
8533,20241123,580,282.51,272.82,297.54
8534,20260505,242,171.67,147.2,155.26
8535,20260526,191,330.51,296.34,324.86
8536,20260318,377,227.02,181.02,222.28
8537,20240403,558,241.4,227.52,223.08
8538,20250125,424,164.94,151.97,155.11
8539,20250522,539,287.91,219.21,317.79
8540,20230307,469,161.37,137.14,149.7
8541,20250413,313,145.22,141.76,123.93
8542,20260427,533,169.61,133.28,147.29
8543,20240425,91,191.54,175.47,175.2
8544,20230410,757,118.51,112.95,108.46
8545,20241028,268,75.48,60.86,64.55
8546,20260628,195,225.23,185.84,201.01
8547,20250413,135,41.31,35.49,44.94
8548,20240527,235,351.8,339.31,322.2
8549,20250520,370,263.18,219.77,296.02
8550,20231012,435,227.4,212.17,227.55
8551,20231221,480,425.68,319.35,465.5
8552,20230422,381,275.49,263.23,277.64
8553,20251208,6,195.36,151.73,207.97
8554,20241127,518,38.63,36.28,32.94
8555,20250521,126,119.25,109.31,124.7
8556,20230224,785,272.2,250.05,273.27
8557,20250213,550,203.17,172.27,226.35
8558,20251029,746,393.87,325.68,389.31
8559,20240806,272,66.09,62.43,71.18
8560,20240309,449,22.61,17.4,23.59
8561,20240924,468,354.29,275.05,343.74
8562,20260221,341,53.82,44.73,61.03
8563,20250718,76,227.03,184.63,247.59
8564,20240713,319,283.51,275.91,313.72
8565,20230724,684,145.2,115.95,136.82
8566,20240314,30,325.32,269.53,349.77
8567,20250318,299,12.05,9.67,12.66
8568,20240610,389,13.99,13.48,15.48
8569,20240527,563,41.14,34.54,36.95
8570,20241118,357,34.05,30.63,30.09
8571,20251214,214,309.39,269.67,265.55
8572,20240224,303,105.17,103.49,100.29
8573,20240410,622,97.19,89.57,101.96
8574,20250910,23,213.42,187.22,221.56
8575,20260308,15,179.98,149.37,198.33
8576,20240228,429,195.21,154.74,206.33
8577,20260310,569,318.86,277.67,305.31
8578,20230312,637,73.36,72.98,75.55
8579,20240823,333,315.8,304.04,356.96
8580,20251008,131,24.54,24.48,26.17
8581,20240526,246,289.83,271.5,296.17
8582,20260320,571,319.71,314.83,293.64
8583,20240728,375,46.16,43.88,52.23
8584,20260318,164,412.46,379.68,410.52
8585,20230620,521,260.98,208.26,232.14
8586,20240706,621,238.21,188.77,249.26
8587,20250528,484,15.41,14.74,15.28
8588,20231113,276,66.7,65.86,73.4
8589,20260525,281,253.48,252.26,248.43
8590,20250528,349,300.82,238.89,256.96
8591,20240621,36,214.64,189.17,190.95
8592,20231010,67,220.55,178.55,243.25
8593,20240706,723,392.9,295.31,351.07
8594,20241019,753,306.18,245.75,344.21
8595,20250707,129,285.77,245.26,295.82
8596,20231026,214,309.39,255.3,292.02
8597,20250418,320,204.9,188.12,220.39
8598,20240101,59,71.61,59.96,64.74
8599,20230626,291,178.18,169.97,167.94
8600,20250404,426,82.56,65.79,78.71
8601,20240927,174,208.41,180.83,218.12
8602,20231223,550,203.17,193.07,194.31
8603,20260429,715,170.39,141.95,187.23
8604,20230205,457,60.47,49.18,60.5
8605,20231021,791,228.37,206.22,197.88
8606,20230711,333,315.8,283.38,289.75
8607,20260418,514,340.45,286.66,372.58
8608,20260121,11,54.42,47.48,52.02
8609,20250720,616,278.04,262.2,301.77
8610,20230830,193,171.68,138.45,153.88
8611,20260119,669,256.27,226.82,239.35
8612,20250811,631,266.82,246.74,265.15
8613,20250820,82,299.58,229.93,275.75
8614,20260326,479,253.27,238.44,263.86
8615,20240208,255,317.46,255.49,344.69
8616,20231018,374,330.48,279.34,287.45
8617,20230126,9,228.25,222.4,199.76
8618,20230727,659,165.56,158.49,186.8
8619,20240519,214,309.39,293.45,290.06
8620,20250514,16,121.92,103.0,121.82
8621,20240920,518,38.63,34.37,38.44
8622,20230918,182,161.43,150.87,155.93
8623,20230920,401,188.97,155.28,165.72
8624,20230804,483,167.82,166.28,183.94
8625,20260302,373,240.17,181.79,221.48
8626,20240517,743,343.9,328.56,349.15
8627,20240918,151,452.82,435.85,512.11
8628,20230619,121,298.82,276.35,296.61
8629,20230526,608,103.16,81.63,115.02
8630,20250722,188,276.5,246.35,298.75
8631,20250906,668,120.7,92.22,129.86
8632,20250214,401,188.97,172.11,208.31
8633,20260507,788,168.35,157.14,172.65
8634,20230710,718,216.02,206.05,192.6
8635,20230622,348,233.48,232.42,221.91
8636,20260326,200,245.23,196.53,225.18
8637,20230705,606,54.24,46.2,49.4
8638,20240915,683,426.67,369.84,424.94
8639,20231002,766,210.17,185.01,228.55
8640,20260220,257,153.43,139.75,141.29
8641,20240319,436,313.39,241.74,279.27
8642,20240809,223,289.35,257.6,309.93
8643,20260203,206,36.22,33.24,36.92
8644,20250131,239,177.69,145.54,151.88
8645,20230613,523,151.65,123.69,134.25
8646,20230213,352,272.28,211.84,273.13
8647,20260127,476,235.18,230.3,233.99
8648,20240313,467,166.44,133.57,186.73
8649,20240426,526,17.69,16.76,18.84
8650,20230709,523,151.65,123.03,163.86
8651,20241022,194,314.56,251.21,268.42
8652,20250823,229,168.69,162.53,186.54
8653,20240526,612,244.74,189.45,279.81
8654,20250304,299,12.05,9.67,12.48
8655,20250414,288,29.26,28.26,25.89
8656,20250615,331,284.71,253.44,285.02
8657,20241120,552,211.79,172.39,224.02
8658,20240705,487,35.77,34.04,39.83
8659,20240920,306,267.41,214.26,267.94
8660,20241207,277,308.04,282.54,332.08
8661,20230211,773,48.89,39.73,55.67
8662,20250819,478,272.96,217.92,311.65
8663,20241209,709,35.68,31.57,38.69
8664,20230918,115,258.32,199.23,285.64
8665,20230708,91,191.54,145.32,215.7
8666,20260521,393,22.43,18.18,24.12
8667,20241224,482,74.27,63.43,76.64
8668,20241006,398,70.82,68.88,73.83
8669,20260313,188,276.5,213.66,270.63
8670,20230516,704,18.97,15.14,17.05
8671,20230622,521,260.98,245.56,291.56
8672,20250221,432,269.02,224.31,259.17
8673,20240128,621,238.21,236.35,224.45
8674,20230715,131,24.54,21.12,28.19
8675,20240521,673,423.99,366.6,413.72
8676,20241005,229,168.69,136.73,179.37
8677,20250502,270,147.92,131.4,162.24
8678,20240703,609,249.15,236.43,263.27
8679,20231001,301,241.8,214.49,230.57
8680,20230628,522,104.14,101.78,96.38
8681,20240708,272,66.09,58.94,68.2
8682,20240628,237,339.45,298.26,375.73
8683,20230614,436,313.39,239.8,323.95
8684,20250317,260,283.2,258.02,287.31
8685,20260510,686,193.71,193.13,188.44
8686,20250623,553,68.99,52.69,76.45
8687,20240505,614,10.84,10.72,11.48
8688,20230513,112,332.69,321.28,289.51
8689,20240906,515,127.91,113.21,127.72
8690,20230611,120,187.42,163.46,212.37
8691,20260203,495,21.23,18.09,23.94
8692,20240325,495,21.23,18.98,20.56
8693,20240519,49,197.2,182.21,199.85
8694,20230911,720,410.49,328.7,374.59
8695,20250816,525,333.84,312.46,318.58
8696,20250318,695,219.54,194.98,220.62
8697,20260513,623,190.11,155.55,213.03
8698,20240519,5,163.2,161.15,147.37
8699,20260203,498,309.5,291.42,263.9
8700,20250206,404,249.7,199.56,255.89
8701,20240903,622,97.19,83.76,109.24
8702,20251014,197,150.97,115.28,150.49
8703,20230204,327,31.53,28.79,27.73
8704,20260108,67,220.55,212.31,223.2
8705,20240805,124,11.28,10.84,9.76
8706,20240722,49,197.2,162.6,219.55
8707,20230703,728,23.99,20.99,20.99
8708,20231124,224,205.12,158.81,233.94
8709,20250910,330,288.16,265.19,306.27
8710,20260611,194,314.56,260.71,298.83
8711,20250114,790,117.22,111.08,101.16
8712,20230407,781,50.54,44.85,51.43
8713,20250823,655,70.94,65.41,64.82
8714,20250419,23,213.42,192.05,193.32
8715,20260103,38,36.67,33.27,40.51
8716,20240721,655,70.94,63.21,65.87
8717,20240818,15,179.98,172.93,174.8
8718,20230508,291,178.18,146.35,165.38
8719,20250121,96,204.85,175.56,215.86
8720,20230225,355,151.19,123.89,139.19
8721,20240122,359,156.76,118.8,154.9
8722,20250527,172,59.34,52.97,66.69
8723,20260606,153,89.99,78.32,76.57
8724,20251021,242,171.67,139.46,154.0
8725,20240429,348,233.48,231.53,261.7
8726,20230104,39,85.06,83.43,90.14
8727,20240522,192,142.28,111.38,126.35
8728,20260130,774,100.34,79.22,114.19
8729,20251204,771,87.72,83.07,92.8
8730,20241117,230,55.79,46.19,49.29
8731,20250530,286,317.67,291.04,297.28
8732,20231221,137,17.94,16.41,16.77
8733,20250705,374,330.48,319.88,294.23
8734,20230222,554,59.83,46.89,52.54
8735,20260615,478,272.96,226.77,313.49
8736,20250202,656,264.51,226.23,254.23
8737,20250314,466,314.66,308.79,305.61
8738,20251207,392,148.86,146.94,155.56
8739,20260424,173,352.79,304.06,337.12
8740,20260221,309,270.23,222.48,232.32
8741,20230727,249,37.07,36.71,39.52
8742,20230201,457,60.47,45.51,68.3
8743,20250223,477,253.44,246.94,218.07
8744,20240501,91,191.54,165.51,203.64
8745,20250125,73,219.47,206.56,228.27
8746,20230120,405,234.96,179.88,246.32
8747,20230909,299,12.05,9.93,11.02
8748,20260316,305,183.32,164.79,157.4
8749,20250519,304,72.0,61.16,81.18
8750,20240810,516,76.0,62.67,66.34
8751,20240902,251,350.95,292.62,306.53
8752,20241124,310,71.17,58.33,62.74
8753,20251118,700,159.22,130.14,167.98
8754,20241007,42,245.92,189.02,231.58
8755,20251114,324,210.25,193.89,213.04
8756,20260504,635,53.49,42.79,49.71
8757,20241009,77,218.69,165.3,214.32
8758,20251221,784,112.95,111.23,110.06
8759,20230717,466,314.66,303.62,325.13
8760,20260518,658,277.36,250.81,293.64
8761,20230115,82,299.58,242.54,280.0
8762,20250831,650,142.56,120.82,146.45
8763,20250205,551,39.75,30.6,35.84
8764,20230710,350,195.28,168.13,176.95
8765,20230725,81,274.94,225.84,249.98
8766,20230426,600,66.54,62.37,58.34
8767,20240922,134,299.61,281.11,267.41
8768,20260319,524,130.88,120.24,144.08
8769,20230923,139,382.89,314.19,341.63
8770,20230210,474,285.61,218.35,296.44
8771,20260520,787,222.59,189.09,246.07
8772,20230929,699,65.91,63.29,59.24
8773,20240824,436,313.39,267.37,342.84
8774,20260131,141,224.09,170.88,249.43
8775,20250713,773,48.89,47.49,48.93
8776,20260620,480,425.68,353.55,436.32
8777,20250820,472,30.87,27.89,34.47
8778,20240214,472,30.87,26.34,30.98
8779,20240315,568,27.56,24.34,28.11
8780,20250705,457,60.47,59.88,60.75
8781,20260522,480,425.68,376.32,402.22
8782,20241217,479,253.27,200.93,263.06
8783,20231218,476,235.18,215.0,209.09
8784,20251115,625,408.43,399.26,358.96
8785,20231211,226,250.65,221.72,262.13
8786,20230507,117,66.51,58.66,73.98
8787,20231221,551,39.75,38.01,35.58
8788,20250810,765,31.01,30.84,32.93
8789,20251117,751,98.86,91.11,99.04
8790,20250924,749,202.73,168.11,229.68
8791,20231025,488,237.94,187.82,255.65
8792,20251023,781,50.54,42.73,51.49
8793,20250522,172,59.34,53.03,67.97
8794,20250607,103,169.4,169.33,175.72
8795,20240620,296,86.09,65.6,94.16
8796,20240516,476,235.18,225.26,261.73
8797,20230315,338,214.38,210.96,213.56
8798,20240425,662,142.93,114.28,159.33
8799,20240823,753,306.18,301.47,339.52
8800,20231108,425,155.73,124.94,165.07
8801,20240408,131,24.54,19.74,23.17
8802,20241128,403,210.54,199.84,227.02
8803,20260527,64,238.84,234.7,226.62
8804,20250526,535,170.95,143.4,155.76
8805,20230905,733,218.3,181.26,243.6
8806,20250722,620,141.64,118.66,136.17
8807,20250703,85,52.93,44.62,52.62
8808,20240223,714,29.93,27.94,28.56
8809,20240729,429,195.21,172.81,186.8
8810,20230811,10,52.67,42.18,49.45
8811,20240304,696,181.19,142.74,182.98
8812,20260216,242,171.67,141.85,147.5
8813,20230416,302,95.16,93.3,107.04
8814,20250502,721,249.16,246.06,237.0
8815,20230929,281,253.48,223.45,217.9
8816,20230106,278,255.97,209.76,258.59
8817,20250426,150,107.86,91.85,110.18
8818,20250628,489,258.71,246.59,292.67
8819,20241219,401,188.97,149.05,167.24
8820,20250417,168,139.86,134.71,147.47
8821,20250824,548,210.49,162.7,217.13
8822,20230625,567,223.92,207.61,251.69
8823,20240113,104,158.51,128.58,171.73
8824,20250903,2,108.79,102.95,103.88
8825,20260527,783,254.01,213.97,216.5
8826,20250424,729,357.03,309.19,400.01
8827,20231022,9,228.25,192.88,211.44
8828,20240306,147,53.98,43.22,56.08
8829,20260221,500,394.62,311.33,389.55
8830,20250119,175,303.57,243.98,340.97
8831,20230303,323,221.18,207.55,207.85
8832,20231028,321,380.87,373.06,355.64
8833,20241112,297,203.31,170.43,232.4
8834,20230724,748,241.47,208.29,219.77
8835,20240117,453,159.04,131.53,145.52
8836,20251107,400,179.93,162.61,156.0
8837,20250318,446,47.38,43.66,49.13
8838,20241020,460,84.17,75.56,82.76
8839,20240726,394,159.79,123.23,148.33
8840,20250331,393,22.43,21.26,21.25
8841,20240806,515,127.91,114.89,137.79
8842,20230719,59,71.61,70.27,80.39
8843,20250422,248,229.78,203.45,205.18
8844,20260129,573,146.12,122.45,127.84
8845,20231011,280,44.45,42.26,39.56
8846,20240806,209,254.65,251.6,286.23
8847,20240109,617,100.85,79.45,100.5
8848,20260320,189,205.54,164.03,223.99
8849,20241115,424,164.94,132.99,147.97
8850,20240109,528,365.56,316.96,400.71
8851,20250630,701,100.15,78.09,89.3
8852,20240828,4,279.54,221.22,261.07
8853,20230209,164,412.46,310.79,383.0
8854,20260117,559,55.12,41.95,60.09
8855,20260119,646,202.52,159.71,221.0
8856,20260402,234,318.9,315.79,299.71
8857,20250605,470,186.23,153.17,188.16
8858,20230517,290,323.07,245.46,325.4
8859,20240808,609,249.15,211.03,283.23
8860,20260627,4,279.54,269.75,264.51
8861,20240616,266,259.97,243.76,244.65
8862,20260522,536,232.15,179.33,228.5
8863,20230427,396,167.37,139.27,148.21
8864,20230123,132,116.18,101.85,122.38
8865,20250220,401,188.97,148.71,189.99
8866,20250810,369,98.11,90.96,91.96
8867,20240816,248,229.78,225.14,219.83
8868,20230622,6,195.36,172.81,173.63
8869,20260604,153,89.99,79.58,100.04
8870,20250930,554,59.83,53.04,62.55
8871,20230708,533,169.61,166.18,184.48
8872,20230904,131,24.54,20.82,23.15
8873,20241113,645,259.57,228.2,250.09
8874,20241010,204,137.31,124.7,151.97
8875,20231029,236,380.33,330.78,347.56
8876,20230126,651,68.28,51.89,59.96
8877,20251216,342,102.47,86.75,116.37
8878,20251029,683,426.67,391.12,368.09
8879,20240820,539,287.91,262.2,262.32
8880,20240712,270,147.92,129.37,150.8
8881,20250804,151,452.82,442.62,490.66
8882,20230801,606,54.24,53.36,51.05
8883,20250727,630,339.79,295.78,360.03
8884,20260410,27,110.98,102.91,98.92
8885,20240428,608,103.16,85.21,112.14
8886,20260214,103,169.4,130.36,161.79
8887,20230227,534,111.77,86.79,127.5
8888,20230908,697,203.47,196.61,224.44
8889,20230818,193,171.68,161.68,190.31
8890,20260618,504,24.53,19.42,27.69
8891,20250408,355,151.19,122.12,173.77
8892,20260103,615,107.87,93.94,107.79
8893,20251021,561,223.15,212.24,220.88
8894,20230711,343,17.55,13.84,18.4
8895,20240829,272,66.09,63.7,68.79
8896,20230328,529,73.96,64.38,75.81
8897,20231025,342,102.47,100.57,108.37
8898,20250328,212,17.63,17.38,19.58
8899,20240214,317,251.02,233.69,261.52
8900,20230806,261,212.23,181.23,223.65
8901,20241101,277,308.04,280.31,296.49
8902,20251030,685,141.65,106.34,131.7
8903,20250709,194,314.56,299.13,276.32
8904,20250504,305,183.32,156.4,172.46
8905,20230224,347,58.66,49.21,64.44
8906,20250529,421,82.54,72.84,83.84
8907,20250629,73,219.47,193.29,208.95
8908,20230127,738,223.85,174.96,236.29
8909,20230203,785,272.2,244.48,257.33
8910,20260220,611,119.6,108.65,110.83
8911,20241021,213,250.01,229.01,214.66
8912,20250625,306,267.41,260.71,251.38
8913,20250512,134,299.61,296.34,271.4
8914,20250929,608,103.16,92.06,98.93
8915,20240803,277,308.04,278.25,275.96
8916,20231207,578,330.25,324.34,372.57
8917,20240905,62,427.35,320.63,481.58
8918,20260625,408,74.67,64.25,82.88
8919,20240404,337,284.78,282.88,277.03
8920,20240222,581,46.45,35.18,42.48
8921,20240702,666,221.55,187.35,198.51
8922,20260609,93,61.41,60.49,68.81
8923,20241217,421,82.54,67.82,79.88
8924,20240611,404,249.7,200.95,276.86
8925,20241130,52,21.14,19.91,21.55
8926,20240229,75,117.53,97.23,116.61
8927,20231121,109,374.56,311.58,424.0
8928,20250529,639,208.98,181.5,183.5
8929,20241220,119,333.87,256.25,377.69
8930,20250822,708,140.71,136.1,127.93
8931,20251102,754,408.58,387.75,422.08
8932,20250409,672,106.54,80.3,115.52
8933,20241228,252,26.05,25.14,24.48
8934,20260317,208,194.43,161.92,219.24
8935,20250622,389,13.99,12.95,12.28
8936,20260508,155,168.01,143.25,155.94
8937,20250314,370,263.18,235.64,271.37
8938,20250615,554,59.83,56.59,67.37
8939,20260423,409,219.82,182.79,205.97
8940,20260404,166,277.57,219.88,314.03
8941,20250807,518,38.63,29.64,39.58
8942,20241013,728,23.99,23.07,26.84
8943,20250228,243,30.66,23.87,28.46
8944,20240112,604,104.98,96.68,100.94
8945,20260410,430,96.92,90.9,108.44
8946,20260305,533,169.61,162.74,178.23
8947,20230623,24,126.6,98.43,113.15
8948,20260528,267,142.28,136.48,150.47
8949,20241013,666,221.55,218.51,194.3
8950,20240827,121,298.82,243.18,304.55
8951,20231014,289,53.05,47.06,57.13
8952,20240703,419,199.26,167.64,195.81
8953,20251015,721,249.16,227.39,265.75
8954,20241116,388,209.17,172.12,213.29
8955,20230426,708,140.71,136.1,154.67
8956,20230831,103,169.4,131.0,173.99
8957,20251101,774,100.34,93.12,105.17
8958,20250103,775,193.35,167.9,172.34
8959,20250130,169,80.84,63.96,75.84
8960,20250818,253,436.82,330.08,384.3
8961,20240807,449,22.61,19.66,20.36
8962,20251001,421,82.54,70.55,89.46
8963,20230331,375,46.16,37.8,49.78
8964,20240518,758,348.5,327.95,307.53
8965,20240405,411,64.81,49.15,73.66
8966,20250427,511,114.7,112.78,103.07
8967,20240107,573,146.12,134.51,150.31
8968,20260618,756,394.25,379.54,453.38
8969,20260613,261,212.23,164.69,194.53
8970,20230325,622,97.19,81.59,86.35
8971,20230209,428,389.44,363.71,416.79
8972,20240328,260,283.2,278.23,245.27
8973,20230620,183,26.08,25.42,27.3
8974,20250604,583,182.74,165.25,183.92
8975,20240411,672,106.54,93.87,116.23
8976,20250315,738,223.85,198.32,256.28
8977,20250527,490,84.06,80.0,91.27
8978,20260501,563,41.14,33.98,38.51
8979,20240215,4,279.54,226.91,247.08
8980,20240726,507,266.28,263.19,281.39
8981,20240202,248,229.78,175.83,204.45
8982,20251214,428,389.44,385.49,352.67
8983,20230905,765,31.01,30.42,30.25
8984,20260101,568,27.56,20.71,24.94
8985,20260107,242,171.67,147.28,188.7
8986,20230823,458,116.37,112.82,106.16
8987,20250925,24,126.6,98.11,118.36
8988,20240409,232,283.79,283.41,306.06
8989,20250209,138,287.07,237.99,302.56
8990,20251108,194,314.56,253.31,294.14
8991,20230503,749,202.73,166.01,184.44
8992,20241231,284,15.97,13.31,18.02
8993,20241026,525,333.84,296.36,289.27
8994,20230725,9,228.25,219.79,258.94
8995,20240517,567,223.92,188.8,243.91
8996,20250929,471,34.5,25.9,36.8
8997,20251111,107,92.43,72.01,84.59
8998,20230519,102,258.72,250.93,287.84
8999,20240718,248,229.78,218.73,208.29
9000,20231002,105,380.19,321.65,354.06
9001,20230326,213,250.01,195.25,239.92
9002,20240218,521,260.98,236.22,244.11
9003,20240206,134,299.61,256.86,327.05
9004,20230301,58,31.75,30.82,27.08
9005,20251227,137,17.94,14.31,17.02
9006,20240304,734,36.51,30.88,35.39
9007,20260126,738,223.85,222.21,204.83
9008,20260304,1,128.02,120.5,139.67
9009,20231029,630,339.79,307.26,344.25
9010,20240115,526,17.69,13.79,19.33
9011,20250923,424,164.94,153.27,177.99
9012,20240801,104,158.51,128.59,155.91
9013,20260502,503,318.02,259.17,336.96
9014,20230425,216,336.54,325.95,359.3
9015,20241008,501,167.28,167.21,187.96
9016,20230303,15,179.98,178.54,166.51
9017,20250428,482,74.27,66.98,75.87
9018,20230819,96,204.85,165.08,202.82
9019,20240704,82,299.58,224.78,323.8
9020,20230517,653,210.05,173.86,188.36
9021,20250408,542,118.48,99.88,101.05
9022,20231008,729,357.03,308.31,336.11
9023,20240901,468,354.29,333.71,381.53
9024,20240818,464,223.36,211.67,201.22
9025,20240310,382,50.92,41.17,52.45
9026,20230724,151,452.82,345.53,452.12
9027,20231009,2,108.79,91.58,122.24
9028,20230614,748,241.47,219.46,210.9
9029,20230619,290,323.07,308.39,333.87
9030,20231006,597,11.11,10.36,9.78
9031,20241121,71,81.45,66.73,80.23
9032,20230207,665,406.18,397.46,424.85
9033,20241212,218,193.69,192.42,203.24
9034,20251102,756,394.25,359.9,377.7
9035,20230730,34,218.67,166.27,248.49
9036,20250506,495,21.23,19.62,20.13
9037,20240711,657,207.96,204.67,217.75
9038,20231206,271,181.82,149.78,178.03
9039,20240212,237,339.45,275.57,368.86
9040,20250529,348,233.48,189.27,233.95
9041,20240802,582,419.19,416.27,436.93
9042,20260618,449,22.61,20.86,24.72
9043,20250404,345,274.13,207.44,283.09
9044,20260322,132,116.18,108.94,122.59
9045,20240720,492,101.28,92.08,115.0
9046,20231021,630,339.79,294.62,292.36
9047,20250809,780,78.04,77.67,81.39
9048,20240311,642,93.63,71.31,91.8
9049,20230416,84,73.96,57.65,72.3
9050,20230201,148,26.37,21.2,22.98
9051,20260203,247,116.11,99.45,109.5
9052,20260314,214,309.39,272.13,270.9
9053,20260506,162,43.61,42.75,41.19
9054,20240114,378,260.57,234.11,296.7
9055,20260115,487,35.77,35.21,38.03
9056,20240522,273,176.31,141.78,177.52
9057,20250114,275,34.97,32.87,39.06
9058,20230119,759,228.08,193.07,232.21
9059,20230729,557,165.04,132.35,165.98
9060,20240330,359,156.76,147.89,153.03
9061,20250107,629,217.61,210.18,199.03
9062,20250525,222,199.12,166.83,204.55
9063,20250208,582,419.19,361.78,477.91
9064,20240804,734,36.51,29.94,41.03
9065,20250804,565,40.62,33.8,39.37
9066,20260610,271,181.82,157.84,169.45
9067,20240824,31,281.2,214.95,241.33
9068,20230726,153,89.99,83.5,82.44
9069,20250304,490,84.06,72.21,84.03
9070,20251025,268,75.48,70.75,66.19
9071,20230407,101,321.61,276.97,300.63
9072,20230927,123,122.98,94.09,119.76
9073,20250403,419,199.26,185.45,214.99
9074,20231126,267,142.28,123.81,129.73
9075,20250802,178,241.37,189.96,208.44
9076,20230322,623,190.11,153.05,199.86
9077,20231027,741,212.39,186.92,244.19
9078,20240324,390,259.85,248.92,275.77
9079,20250217,172,59.34,54.67,56.22
9080,20240516,734,36.51,29.0,39.13
9081,20241007,389,13.99,10.85,12.23
9082,20251218,1,128.02,102.02,123.73
9083,20250706,449,22.61,17.5,25.12
9084,20231122,100,63.71,48.24,59.05
9085,20250608,296,86.09,80.27,85.0
9086,20240415,664,29.07,21.91,27.91
9087,20231119,789,412.97,354.22,442.79
9088,20241012,604,104.98,89.45,113.83
9089,20230724,364,58.02,57.9,65.28
9090,20260608,753,306.18,277.72,328.58
9091,20250122,701,100.15,92.39,93.6
9092,20231115,247,116.11,92.59,109.39
9093,20240309,333,315.8,289.68,306.82
9094,20240613,489,258.71,244.51,272.8
9095,20240516,731,425.46,422.54,397.63
9096,20250703,518,38.63,36.09,40.7
9097,20241208,767,29.98,23.76,33.61
9098,20240222,785,272.2,252.08,292.04
9099,20250917,248,229.78,174.85,198.3
9100,20250506,167,236.05,207.94,265.98
9101,20240815,589,87.74,66.32,82.31
9102,20240602,696,181.19,157.39,195.64
9103,20230917,489,258.71,224.97,282.74
9104,20260329,584,303.45,285.84,303.76
9105,20241111,554,59.83,58.26,68.03
9106,20260204,267,142.28,125.29,160.44
9107,20231203,119,333.87,326.8,336.74
9108,20240810,256,108.27,97.96,120.59
9109,20250729,182,161.43,129.59,162.55
9110,20240112,428,389.44,297.98,368.74
9111,20230325,569,318.86,284.92,323.52
9112,20240319,784,112.95,111.5,128.1
9113,20241115,243,30.66,29.06,28.5
9114,20240716,525,333.84,302.23,314.6
9115,20240523,59,71.61,59.43,66.71
9116,20251226,77,218.69,201.39,191.72
9117,20230809,129,285.77,252.07,284.04
9118,20250416,562,188.77,151.5,196.55
9119,20250210,89,83.91,81.2,85.7
9120,20230115,442,36.82,34.31,41.29
9121,20260319,146,188.03,159.61,192.39
9122,20241015,101,321.61,276.8,355.3
9123,20250413,145,222.21,203.01,203.74
9124,20260617,697,203.47,161.44,185.58
9125,20260415,15,179.98,147.53,194.82
9126,20241214,485,125.2,112.64,141.15
9127,20241005,229,168.69,143.15,162.73
9128,20251113,702,260.54,224.17,272.3
9129,20230903,780,78.04,59.36,72.3
9130,20230816,601,17.49,15.75,19.68
9131,20230702,83,12.62,11.04,14.07
9132,20251205,648,33.89,26.73,30.5
9133,20240616,379,306.26,234.44,343.21
9134,20240705,16,121.92,113.29,139.21
9135,20230305,517,325.99,245.21,281.97
9136,20250911,624,21.67,16.93,22.75
9137,20231003,479,253.27,204.51,274.34
9138,20260505,495,21.23,16.56,21.75
9139,20231206,668,120.7,96.51,135.2
9140,20250917,581,46.45,43.5,50.73
9141,20241027,328,77.81,60.87,88.16
9142,20260120,611,119.6,91.18,118.92
9143,20251210,86,11.99,9.04,12.32
9144,20240513,509,90.19,82.97,97.47
9145,20241130,587,273.68,244.08,301.23
9146,20251213,196,79.66,73.73,79.03
9147,20260606,127,264.28,222.88,227.48
9148,20260509,474,285.61,215.78,243.75
9149,20230407,128,41.76,31.98,45.86
9150,20260303,270,147.92,134.09,162.43
9151,20250615,600,66.54,59.19,75.08
9152,20260210,324,210.25,196.13,227.67
9153,20240114,664,29.07,27.92,26.76
9154,20250331,571,319.71,256.32,312.18
9155,20230515,697,203.47,163.45,176.03
9156,20231226,522,104.14,88.51,112.5
9157,20240416,63,58.12,51.65,64.34
9158,20230118,481,267.97,245.15,253.64
9159,20260222,203,357.94,314.93,333.96
9160,20250925,477,253.44,217.77,236.59
9161,20260424,630,339.79,303.36,328.49
9162,20250819,704,18.97,15.18,18.49
9163,20240714,17,231.2,225.12,261.49
9164,20250901,19,252.36,198.18,225.92
9165,20230324,364,58.02,44.56,50.63
9166,20241108,85,52.93,44.52,57.8
9167,20231224,392,148.86,137.09,149.97
9168,20230125,666,221.55,198.38,247.01
9169,20231209,750,22.62,19.94,25.92
9170,20240122,80,237.98,218.42,245.4
9171,20231217,776,93.65,85.22,90.87
9172,20250420,116,34.36,27.13,31.26
9173,20260107,140,105.24,96.77,115.46
9174,20241201,356,128.43,121.21,121.0
9175,20230301,469,161.37,159.86,141.28
9176,20240306,250,223.62,214.15,222.55
9177,20230104,365,297.68,289.9,317.67
9178,20231013,702,260.54,257.18,299.35
9179,20251208,771,87.72,87.62,82.25
9180,20240212,390,259.85,252.16,245.16
9181,20260114,391,64.13,49.25,65.4
9182,20250330,381,275.49,266.72,309.87
9183,20231018,420,122.78,111.19,104.72
9184,20230108,453,159.04,138.33,182.23
9185,20231022,725,378.22,291.93,364.09
9186,20250121,361,218.41,198.29,210.71
9187,20230311,438,40.99,34.38,41.36
9188,20240212,598,111.7,95.85,102.52
9189,20241006,135,41.31,37.42,37.77
9190,20250324,253,436.82,345.45,396.8
9191,20240602,665,406.18,377.44,456.22
9192,20240821,446,47.38,44.29,43.32
9193,20260503,245,129.45,127.48,127.96
9194,20250927,332,121.61,117.65,125.31
9195,20260605,636,140.04,117.88,152.44
9196,20230308,330,288.16,279.1,314.18
9197,20250324,571,319.71,273.83,335.94
9198,20230404,762,278.35,242.54,262.97
9199,20260308,68,17.84,15.18,19.08
9200,20260304,521,260.98,225.45,294.58
9201,20240822,300,94.2,73.99,91.56
9202,20240330,331,284.71,235.2,253.1
9203,20260107,52,21.14,20.77,24.29
9204,20241013,655,70.94,66.25,73.2
9205,20231127,411,64.81,59.6,63.4
9206,20250530,132,116.18,96.87,125.51
9207,20240309,29,170.48,146.82,164.41
9208,20251204,513,255.23,243.38,256.82
9209,20250616,578,330.25,266.66,284.18
9210,20241210,421,82.54,65.32,83.69
9211,20251023,391,64.13,56.84,66.19
9212,20230406,235,351.8,294.87,340.05
9213,20230713,262,237.84,208.86,257.29
9214,20231123,175,303.57,273.24,326.68
9215,20251215,379,306.26,230.94,311.83
9216,20260618,539,287.91,221.17,285.4
9217,20250510,187,256.66,235.95,289.67
9218,20230730,26,359.21,317.1,370.15
9219,20231111,392,148.86,142.88,169.39
9220,20231031,476,235.18,215.02,252.86
9221,20230429,190,46.04,45.76,48.0
9222,20240530,645,259.57,230.64,252.85
9223,20260101,752,83.54,71.72,73.79
9224,20250924,485,125.2,111.78,143.76
9225,20240721,1,128.02,122.88,124.4
9226,20260629,701,100.15,93.1,92.72
9227,20260211,439,350.84,333.63,340.91
9228,20240807,62,427.35,344.18,431.76
9229,20240930,120,187.42,167.93,177.2
9230,20240411,522,104.14,98.42,114.69
9231,20260413,413,98.94,89.91,89.55
9232,20230828,720,410.49,338.63,384.12
9233,20230201,241,311.53,256.34,327.39
9234,20260413,285,204.89,183.55,207.93
9235,20230402,90,228.46,211.21,205.69
9236,20230417,526,17.69,14.04,15.31
9237,20240927,636,140.04,128.39,158.02
9238,20231006,58,31.75,26.4,31.51
9239,20231216,521,260.98,244.28,236.01
9240,20241026,769,93.19,73.07,86.96
9241,20251205,450,361.37,294.79,350.66
9242,20251029,392,148.86,135.16,155.78
9243,20240710,539,287.91,219.12,289.05
9244,20240512,330,288.16,267.17,250.19
9245,20250729,348,233.48,178.65,199.95
9246,20260611,187,256.66,239.69,266.84
9247,20230529,74,140.18,137.41,147.61
9248,20240722,51,80.4,68.73,77.9
9249,20230601,685,141.65,140.5,134.3
9250,20231021,8,211.32,179.18,185.62
9251,20241113,502,358.64,347.48,353.44
9252,20231218,57,20.69,15.75,18.68
9253,20260125,337,284.78,216.69,252.17
9254,20240214,339,147.7,126.05,133.5
9255,20240221,134,299.61,255.51,286.02
9256,20250502,94,11.79,10.14,11.85
9257,20230721,775,193.35,168.12,175.6
9258,20240326,30,325.32,289.09,342.23
9259,20230730,649,267.48,202.28,249.15
9260,20240817,40,246.38,201.9,256.26
9261,20251225,499,261.75,200.32,239.85
9262,20230508,758,348.5,343.02,351.58
9263,20251001,550,203.17,161.27,230.93
9264,20241213,707,225.72,174.07,196.06
9265,20231227,87,204.15,153.66,174.03
9266,20251103,381,275.49,212.0,242.37
9267,20250517,83,12.62,10.99,12.31
9268,20250715,75,117.53,96.03,123.14
9269,20240822,292,324.11,263.56,329.84
9270,20240905,665,406.18,351.97,405.92
9271,20231019,385,85.79,75.71,92.0
9272,20231220,534,111.77,105.01,109.33
9273,20241115,12,262.97,208.41,295.52
9274,20231014,615,107.87,94.28,102.89
9275,20251228,178,241.37,191.29,245.31
9276,20260510,401,188.97,155.78,214.87
9277,20241102,500,394.62,323.92,339.14
9278,20240519,331,284.71,283.76,323.89
9279,20231026,758,348.5,301.07,387.89
9280,20230920,528,365.56,312.16,373.5
9281,20240907,481,267.97,206.03,239.14
9282,20241030,197,150.97,149.82,131.06
9283,20250919,764,38.17,32.84,34.5
9284,20250606,89,83.91,68.26,81.7
9285,20250123,264,10.22,8.35,10.88
9286,20250810,200,245.23,191.89,243.31
9287,20230430,490,84.06,81.89,80.96
9288,20240814,691,160.49,157.28,161.77
9289,20240725,639,208.98,166.48,183.84
9290,20260408,383,55.74,55.66,51.37
9291,20230925,698,103.34,80.64,111.27
9292,20240117,741,212.39,179.41,223.53
9293,20251201,436,313.39,243.16,320.57
9294,20241202,489,258.71,206.2,267.0
9295,20240905,31,281.2,218.13,270.78
9296,20241011,183,26.08,20.91,23.53
9297,20241022,530,239.02,217.81,204.02
9298,20241130,274,185.35,167.92,193.82
9299,20250826,455,34.92,33.93,35.2
9300,20230731,252,26.05,20.74,25.79
9301,20250310,175,303.57,250.3,290.98
9302,20240527,281,253.48,207.39,241.12
9303,20231213,386,184.17,143.99,182.99
9304,20260510,654,223.67,199.68,231.62
9305,20250116,239,177.69,174.78,153.3
9306,20250709,561,223.15,199.21,212.14
9307,20260506,24,126.6,104.52,139.22
9308,20230825,716,97.62,90.46,83.74
9309,20250720,356,128.43,122.22,126.84
9310,20230930,629,217.61,184.23,211.72
9311,20240909,6,195.36,148.08,214.54
9312,20260502,650,142.56,134.57,141.59
9313,20240721,247,116.11,93.69,122.09
9314,20240130,346,279.84,278.13,269.16
9315,20240304,434,136.54,134.36,123.96
9316,20241213,775,193.35,186.86,166.04
9317,20240926,702,260.54,197.62,229.73
9318,20250216,579,241.27,208.9,211.13
9319,20230717,66,232.57,227.65,234.37
9320,20230113,41,272.3,204.39,284.6
9321,20230913,86,11.99,11.48,12.69
9322,20230203,415,83.9,80.27,83.46
9323,20250123,226,250.65,227.95,226.69
9324,20260222,417,243.35,197.93,211.44
9325,20230401,602,85.13,79.17,95.05
9326,20240615,212,17.63,15.46,18.58
9327,20230219,281,253.48,204.2,237.58
9328,20250416,770,92.3,91.55,85.78
9329,20230701,369,98.11,79.33,96.34
9330,20230910,606,54.24,46.42,60.36
9331,20251224,54,133.2,117.62,131.78
9332,20251023,130,108.44,106.4,101.91
9333,20250602,700,159.22,158.43,177.35
9334,20250219,333,315.8,281.84,303.99
9335,20230216,646,202.52,181.78,219.51
9336,20250912,560,40.22,39.87,38.52
9337,20250226,578,330.25,317.1,349.99
9338,20230318,415,83.9,75.99,75.77
9339,20240813,399,52.27,39.99,48.6
9340,20240727,170,336.66,261.91,382.01
9341,20230615,518,38.63,37.9,41.96
9342,20251229,164,412.46,411.61,437.54
9343,20250819,35,16.22,13.96,14.4
9344,20251020,411,64.81,55.5,70.68
9345,20230401,289,53.05,43.46,46.63
9346,20240805,521,260.98,197.94,230.45
9347,20250430,263,87.43,79.24,85.75
9348,20250224,434,136.54,114.94,120.87
9349,20240418,629,217.61,208.27,213.11
9350,20260114,182,161.43,156.88,174.54
9351,20241011,725,378.22,363.31,403.31
9352,20250926,629,217.61,185.59,193.61
9353,20240216,665,406.18,333.51,438.25
9354,20240517,522,104.14,87.04,96.68
9355,20250706,350,195.28,182.68,180.52
9356,20260621,435,227.4,220.32,238.22
9357,20251031,300,94.2,80.22,90.82
9358,20250610,627,323.38,260.3,357.78
9359,20230507,190,46.04,44.94,41.19
9360,20240724,128,41.76,40.96,37.81
9361,20240828,545,24.51,23.88,22.49
9362,20240526,303,105.17,85.26,112.8
9363,20251229,415,83.9,67.58,93.42
9364,20230421,257,153.43,143.79,130.7
9365,20231019,454,323.6,314.15,318.01
9366,20251127,675,310.72,273.19,325.31
9367,20230711,627,323.38,270.18,282.19
9368,20250805,652,164.75,124.22,153.57
9369,20240406,35,16.22,14.95,17.76
9370,20260502,551,39.75,32.46,34.83
9371,20241210,90,228.46,195.03,253.7
9372,20230530,652,164.75,147.83,143.97
9373,20230816,27,110.98,87.73,105.98
9374,20240712,226,250.65,197.27,279.86
9375,20250717,568,27.56,23.5,28.27
9376,20230710,209,254.65,244.16,291.56
9377,20250513,417,243.35,204.98,264.06
9378,20230922,169,80.84,65.77,81.78
9379,20230912,729,357.03,310.06,330.86
9380,20240117,800,138.76,116.76,134.89
9381,20240719,459,41.78,35.8,45.57
9382,20250707,583,182.74,147.92,209.83
9383,20240826,707,225.72,195.59,214.72
9384,20251020,630,339.79,288.05,302.42
9385,20230507,655,70.94,64.2,74.7
9386,20250203,584,303.45,247.25,303.67
9387,20250911,528,365.56,346.34,341.57
9388,20230323,441,334.72,299.24,318.4
9389,20240707,774,100.34,87.5,90.77
9390,20241212,280,44.45,42.78,37.84
9391,20240928,618,117.82,97.4,127.88
9392,20241119,390,259.85,240.62,249.91
9393,20231214,742,222.66,187.12,246.59
9394,20260622,733,218.3,202.3,218.66
9395,20250102,506,49.38,43.03,50.59
9396,20260115,309,270.23,247.1,302.81
9397,20251207,441,334.72,299.96,354.22
9398,20250603,133,157.64,126.65,163.91
9399,20240904,183,26.08,25.98,28.85
9400,20260218,491,168.23,150.99,185.38
9401,20240728,85,52.93,51.19,54.46
9402,20240508,482,74.27,63.15,76.55
9403,20250330,499,261.75,217.04,244.78
9404,20250215,13,97.85,76.05,101.83
9405,20240510,457,60.47,54.39,65.46
9406,20250606,630,339.79,277.93,355.22
9407,20230620,440,113.85,96.09,123.84
9408,20240107,103,169.4,154.35,177.33
9409,20231030,490,84.06,69.41,96.63
9410,20240425,746,393.87,318.08,417.94
9411,20231211,90,228.46,182.59,258.3
9412,20251006,57,20.69,20.13,21.21
9413,20230817,489,258.71,197.69,227.03
9414,20231203,392,148.86,138.89,163.81
9415,20241106,585,163.26,122.48,156.73
9416,20240519,443,376.23,363.54,342.2
9417,20230803,526,17.69,13.42,16.81
9418,20230221,534,111.77,84.93,120.22
9419,20231129,236,380.33,361.9,355.21
9420,20231021,231,190.39,163.66,190.44
9421,20260221,587,273.68,263.56,294.31
9422,20241103,31,281.2,275.51,320.85
9423,20231203,345,274.13,210.82,295.39
9424,20260111,201,178.89,173.48,179.01
9425,20260327,466,314.66,294.52,324.3
9426,20231026,540,329.69,288.17,363.14
9427,20260123,272,66.09,51.05,68.47
9428,20250826,670,228.6,209.67,259.91
9429,20231028,523,151.65,125.2,130.87
9430,20230918,83,12.62,12.19,14.09
9431,20260219,104,158.51,145.5,138.45
9432,20240614,553,68.99,61.51,60.41
9433,20240716,186,192.02,178.21,174.17
9434,20240821,306,267.41,250.73,237.71
9435,20251110,450,361.37,338.58,399.2
9436,20251225,103,169.4,161.15,147.03
9437,20240914,791,228.37,203.8,249.78
9438,20250402,50,253.67,251.32,239.17
9439,20250206,393,22.43,18.43,24.7
9440,20240206,185,138.24,118.99,123.32
9441,20230202,111,310.59,309.03,328.53
9442,20260411,563,41.14,39.95,44.73
9443,20260106,30,325.32,272.41,285.68
9444,20250815,761,403.08,318.56,398.45
9445,20251022,311,360.5,283.11,353.99
9446,20230801,733,218.3,206.26,196.69
9447,20250629,652,164.75,163.6,180.59
9448,20240310,686,193.71,174.38,197.81
9449,20241226,418,235.9,185.9,247.92
9450,20250601,483,167.82,150.82,162.89
9451,20230826,669,256.27,227.39,277.15
9452,20240419,287,248.3,244.0,273.98
9453,20230113,769,93.19,77.19,95.96
9454,20230415,414,196.54,177.36,198.65
9455,20260308,304,72.0,66.84,63.25
9456,20240410,297,203.31,154.41,190.92
9457,20230607,405,234.96,217.36,227.4
9458,20250809,507,266.28,236.6,304.22
9459,20241013,648,33.89,33.84,31.33
9460,20251006,215,179.63,145.07,191.27
9461,20250908,500,394.62,393.57,336.21
9462,20231026,172,59.34,51.34,51.27
9463,20251213,587,273.68,211.87,271.76
9464,20250531,223,289.35,263.61,316.36
9465,20230507,763,348.36,261.32,341.84
9466,20230223,272,66.09,60.78,73.24
9467,20240817,1,128.02,121.07,114.78
9468,20250701,377,227.02,225.89,195.35
9469,20231030,685,141.65,111.53,159.31
9470,20250611,545,24.51,23.38,21.11
9471,20250510,604,104.98,87.89,103.74
9472,20250809,203,357.94,349.38,330.98
9473,20240909,385,85.79,78.01,74.26
9474,20230715,607,181.88,152.22,159.74
9475,20251203,289,53.05,42.54,45.24
9476,20231223,352,272.28,212.71,300.84
9477,20230714,421,82.54,74.03,94.48
9478,20230803,104,158.51,139.87,149.36
9479,20250802,477,253.44,215.57,254.16
9480,20250212,481,267.97,243.6,237.63
9481,20240814,295,217.29,188.68,203.09
9482,20250618,376,268.5,254.42,307.43
9483,20231130,373,240.17,205.9,234.68
9484,20250625,739,248.72,217.37,220.54
9485,20241205,26,359.21,321.33,312.62
9486,20250816,771,87.72,80.29,88.35
9487,20230629,297,203.31,180.47,193.89
9488,20260224,168,139.86,128.16,149.95
9489,20250325,281,253.48,196.29,242.99
9490,20260322,740,239.3,223.81,223.37
9491,20240723,218,193.69,161.9,203.15
9492,20241227,710,52.14,39.75,56.72
9493,20250317,233,146.82,146.75,136.61
9494,20250507,140,105.24,97.68,120.58
9495,20240123,725,378.22,322.65,331.68
9496,20260420,116,34.36,32.54,34.86
9497,20260306,359,156.76,123.45,179.39
9498,20260629,226,250.65,246.1,217.3
9499,20240201,182,161.43,160.51,156.92
9500,20260111,450,361.37,319.38,332.6
9501,20260105,175,303.57,252.48,315.52
9502,20240831,336,366.26,318.27,318.86
9503,20260630,140,105.24,84.84,107.78
9504,20250106,401,188.97,145.15,179.36
9505,20230703,291,178.18,140.14,181.13
9506,20251007,384,52.49,43.98,47.75
9507,20250726,778,248.68,187.74,275.28
9508,20251211,239,177.69,175.09,162.84
9509,20241130,128,41.76,37.83,39.95
9510,20250225,706,136.94,108.82,116.77
9511,20250729,792,142.29,113.66,151.19
9512,20240405,47,225.94,201.51,215.11
9513,20260330,705,239.69,236.06,226.27
9514,20250813,202,290.4,269.65,279.02
9515,20230612,432,269.02,212.49,274.99
9516,20250526,78,147.0,118.98,150.68
9517,20260517,433,60.97,54.05,68.08
9518,20250107,745,215.3,214.69,231.26
9519,20240819,743,343.9,286.63,374.07
9520,20240414,176,155.18,131.2,166.84
9521,20260218,226,250.65,208.91,259.38
9522,20230517,5,163.2,162.49,166.83
9523,20230418,772,272.89,239.48,255.62
9524,20250603,535,170.95,153.53,186.75
9525,20230131,58,31.75,30.36,35.39
9526,20251014,103,169.4,155.96,181.01
9527,20230420,494,380.5,359.96,329.31
9528,20240917,529,73.96,72.84,83.27
9529,20230323,430,96.92,95.67,89.15
9530,20230411,784,112.95,85.51,119.78
9531,20230727,274,185.35,145.01,171.58
9532,20260103,776,93.65,70.32,88.89
9533,20240924,350,195.28,194.6,172.73
9534,20230210,162,43.61,38.87,46.39
9535,20260126,462,220.62,213.24,247.06
9536,20240514,182,161.43,133.63,185.18
9537,20240222,494,380.5,326.89,432.37
9538,20250423,713,325.0,267.44,300.49
9539,20230923,699,65.91,61.72,72.84
9540,20250921,239,177.69,162.29,160.47
9541,20250730,458,116.37,109.12,130.22
9542,20260310,751,98.86,82.64,96.7
9543,20240908,627,323.38,293.05,318.8
9544,20230708,368,122.52,106.52,119.58
9545,20240613,379,306.26,273.61,325.01
9546,20250429,168,139.86,121.93,124.64
9547,20240512,357,34.05,31.13,31.43
9548,20251220,329,269.12,227.1,268.42
9549,20260502,173,352.79,349.97,315.43
9550,20241102,187,256.66,249.51,291.17
9551,20260620,603,228.34,195.91,261.02
9552,20231013,520,361.69,356.61,403.12
9553,20230510,115,258.32,234.79,231.06
9554,20250825,440,113.85,95.49,103.78
9555,20250213,260,283.2,232.28,302.64
9556,20230512,126,119.25,105.67,106.15
9557,20240302,387,66.08,54.65,65.65
9558,20250412,252,26.05,22.14,29.88
9559,20260301,644,440.69,426.2,445.29
9560,20251231,37,408.21,399.64,354.15
9561,20250314,418,235.9,182.33,249.28
9562,20230904,69,201.68,163.19,190.51
9563,20260608,773,48.89,43.22,45.53
9564,20240213,235,351.8,309.45,357.16
9565,20230507,2,108.79,85.61,120.52
9566,20240203,362,342.7,271.68,352.46
9567,20240403,330,288.16,285.77,283.96
9568,20260117,385,85.79,74.33,85.91
9569,20250211,78,147.0,114.65,168.13
9570,20230705,21,279.33,254.45,243.33
9571,20240102,109,374.56,287.98,347.63
9572,20241220,438,40.99,38.15,43.69
9573,20240520,777,116.51,100.45,104.14
9574,20250912,78,147.0,113.72,158.62
9575,20231109,662,142.93,134.27,151.85
9576,20250413,348,233.48,184.03,228.05
9577,20250630,784,112.95,104.05,127.54
9578,20260206,430,96.92,74.37,105.24
9579,20240601,14,109.54,104.04,99.39
9580,20251107,328,77.81,64.32,86.37
9581,20231011,310,71.17,57.0,73.7
9582,20230731,735,122.01,94.5,106.16
9583,20230827,324,210.25,203.15,237.62
9584,20250224,607,181.88,169.31,199.4
9585,20250928,204,137.31,108.55,147.88
9586,20251127,74,140.18,114.65,154.72
9587,20241024,426,82.56,78.69,74.69
9588,20241002,137,17.94,14.28,18.64
9589,20260427,698,103.34,100.52,107.25
9590,20230117,340,256.97,237.27,288.71
9591,20230826,667,106.93,85.72,107.42
9592,20230305,167,236.05,200.71,221.76
9593,20230622,685,141.65,133.04,162.57
9594,20231107,248,229.78,202.17,264.15
9595,20231116,536,232.15,218.44,211.63
9596,20240907,690,128.51,104.41,132.34
9597,20260118,754,408.58,333.04,467.99
9598,20230123,43,136.65,130.63,155.8
9599,20250718,593,348.5,313.48,394.3
9600,20240405,239,177.69,164.92,194.47
9601,20250221,292,324.11,258.48,350.11
9602,20231214,540,329.69,258.4,365.73
9603,20251229,594,93.21,77.89,89.4
9604,20230113,66,232.57,224.59,246.47
9605,20250404,96,204.85,190.15,197.82
9606,20251010,660,11.42,10.02,11.6
9607,20241030,512,65.44,58.46,73.97
9608,20230611,561,223.15,202.0,243.41
9609,20250826,357,34.05,32.45,38.64
9610,20230827,656,264.51,220.32,235.84
9611,20251002,753,306.18,231.52,294.15
9612,20230114,198,61.79,59.57,62.44
9613,20230418,620,141.64,136.81,159.57
9614,20251205,232,283.79,248.65,243.53
9615,20250319,387,66.08,53.63,58.79
9616,20240701,124,11.28,9.49,10.9
9617,20240124,243,30.66,25.72,34.76
9618,20250215,331,284.71,267.01,282.93
9619,20251120,735,122.01,97.69,135.91
9620,20240907,14,109.54,85.13,94.85
9621,20251219,68,17.84,13.5,18.71
9622,20240209,182,161.43,131.64,148.13
9623,20231123,714,29.93,23.34,34.2
9624,20260617,406,176.64,168.1,169.69
9625,20230612,766,210.17,189.13,181.62
9626,20250707,564,142.88,133.0,143.48
9627,20240901,72,119.72,90.94,106.16
9628,20250716,591,113.73,106.79,97.74
9629,20251224,379,306.26,241.96,296.02
9630,20241105,686,193.71,145.99,178.86
9631,20230216,51,80.4,72.84,90.66
9632,20251107,791,228.37,212.0,255.58
9633,20230829,332,121.61,112.07,113.37
9634,20240810,771,87.72,72.63,99.89
9635,20231015,112,332.69,281.15,343.64
9636,20260418,154,257.41,205.8,289.62
9637,20250816,51,80.4,63.28,85.38
9638,20240506,524,130.88,127.15,112.35
9639,20230413,580,282.51,242.33,282.06
9640,20250815,23,213.42,190.08,194.46
9641,20260118,337,284.78,220.8,290.23
9642,20230822,77,218.69,196.8,200.18
9643,20240705,35,16.22,12.48,13.98
9644,20230130,765,31.01,26.25,29.71
9645,20230623,328,77.81,74.23,86.8
9646,20260615,488,237.94,194.34,263.28
9647,20240821,165,223.04,190.21,196.5
9648,20240204,742,222.66,217.1,248.48
9649,20240121,98,316.05,291.09,348.41
9650,20250828,13,97.85,76.75,108.76
9651,20251119,760,321.52,264.97,347.43
9652,20230831,406,176.64,132.52,168.33
9653,20250223,635,53.49,45.41,47.92
9654,20240328,338,214.38,168.21,209.5
9655,20251003,795,235.28,182.03,249.93
9656,20260103,734,36.51,29.25,33.4
9657,20250810,790,117.22,109.19,116.26
9658,20231112,190,46.04,41.76,47.27
9659,20240522,356,128.43,105.13,125.33
9660,20231114,85,52.93,52.86,46.36
9661,20230825,163,35.79,27.03,35.19
9662,20240113,533,169.61,154.44,147.87
9663,20241125,24,126.6,109.17,124.78
9664,20250821,289,53.05,50.46,55.97
9665,20250218,482,74.27,66.23,68.44
9666,20240831,390,259.85,220.6,288.75
9667,20260513,543,164.16,144.71,149.15
9668,20230718,310,71.17,58.49,72.29
9669,20251205,773,48.89,46.0,42.36
9670,20241019,731,425.46,363.98,363.02
9671,20240323,454,323.6,252.7,368.84
9672,20250525,624,21.67,20.38,19.82
9673,20230731,700,159.22,151.72,159.49
9674,20250201,437,95.28,76.72,95.68
9675,20230211,380,239.62,217.38,219.85
9676,20240305,266,259.97,204.09,233.84
9677,20241114,127,264.28,245.36,226.72
9678,20230328,208,194.43,159.55,218.9
9679,20250808,79,253.18,209.95,248.37
9680,20241203,454,323.6,321.86,278.02
9681,20260626,137,17.94,14.18,16.94
9682,20241030,292,324.11,278.66,368.77
9683,20260329,332,121.61,115.73,134.42
9684,20241017,341,53.82,42.38,49.64
9685,20250524,10,52.67,44.31,59.58
9686,20230116,286,317.67,256.06,326.27
9687,20240829,630,339.79,306.82,383.28
9688,20250418,593,348.5,307.97,391.76
9689,20251111,76,227.03,176.24,252.71
9690,20250713,187,256.66,192.91,253.95
9691,20240221,750,22.62,18.37,24.41
9692,20230314,291,178.18,168.51,154.46
9693,20260118,266,259.97,242.78,247.43
9694,20250919,697,203.47,173.01,213.78
9695,20260325,233,146.82,125.73,128.64
9696,20240717,131,24.54,22.38,22.22
9697,20241231,597,11.11,11.07,9.7
9698,20240923,238,232.61,197.38,259.68
9699,20260628,716,97.62,88.55,93.01
9700,20230804,468,354.29,308.61,387.12
9701,20240528,339,147.7,126.18,134.33
9702,20230807,502,358.64,328.32,392.48
9703,20240316,289,53.05,49.86,53.56
9704,20240626,336,366.26,325.03,349.35
9705,20240815,314,241.0,236.9,236.16
9706,20230505,239,177.69,153.6,156.52
9707,20251227,154,257.41,219.69,265.83
9708,20250515,505,143.55,117.04,152.33
9709,20240519,542,118.48,105.63,103.21
9710,20250930,701,100.15,88.85,90.56
9711,20241022,406,176.64,153.47,165.61
9712,20230101,343,17.55,17.15,17.07
9713,20250920,285,204.89,194.91,216.65
9714,20230823,466,314.66,303.52,270.73
9715,20250725,248,229.78,210.49,242.25
9716,20240324,733,218.3,180.86,218.45
9717,20250831,18,49.16,47.79,46.55
9718,20230704,561,223.15,205.07,198.5
9719,20250719,530,239.02,212.57,243.52
9720,20230522,497,311.63,285.32,322.7
9721,20240804,147,53.98,45.97,47.28
9722,20230916,633,57.66,47.85,65.47
9723,20251222,436,313.39,296.05,357.34
9724,20260324,73,219.47,196.76,235.97
9725,20240114,103,169.4,133.07,162.79
9726,20260330,220,267.45,260.36,252.91
9727,20230925,302,95.16,93.98,81.62
9728,20230827,50,253.67,220.42,241.96
9729,20240304,408,74.67,62.28,81.38
9730,20230709,617,100.85,93.9,92.39
9731,20240809,760,321.52,248.87,308.47
9732,20230415,770,92.3,76.7,82.11
9733,20241227,738,223.85,177.93,221.73
9734,20240714,334,266.65,266.28,246.68
9735,20230623,534,111.77,93.13,111.32
9736,20230618,185,138.24,115.18,121.67
9737,20241031,566,84.3,78.78,76.47
9738,20251113,265,249.31,194.62,249.17
9739,20240916,645,259.57,257.18,247.04
9740,20241012,97,301.78,299.73,283.24
9741,20230406,331,284.71,269.68,303.23
9742,20250314,78,147.0,111.08,152.01
9743,20250807,54,133.2,100.95,137.31
9744,20230204,543,164.16,150.3,149.2
9745,20230520,701,100.15,83.36,107.67
9746,20230811,715,170.39,131.13,153.1
9747,20240429,531,18.72,16.75,17.47
9748,20251106,437,95.28,88.74,82.96
9749,20230721,746,393.87,387.34,405.8
9750,20240130,163,35.79,28.8,37.61
9751,20230524,407,187.73,186.79,210.51
9752,20260524,553,68.99,60.36,75.16
9753,20250911,582,419.19,386.09,418.73
9754,20260522,337,284.78,219.18,267.93
9755,20241009,326,267.52,263.82,305.93
9756,20240804,297,203.31,164.09,230.17
9757,20240107,186,192.02,174.86,170.42
9758,20231122,752,83.54,78.02,83.21
9759,20230215,379,306.26,273.22,268.65
9760,20240720,123,122.98,96.37,115.9
9761,20240820,704,18.97,16.06,20.12
9762,20230801,718,216.02,181.46,217.85
9763,20241026,476,235.18,226.07,253.43
9764,20250520,481,267.97,234.12,260.71
9765,20240204,741,212.39,180.92,203.79
9766,20250701,408,74.67,61.27,77.48
9767,20260412,756,394.25,297.03,398.03
9768,20230424,164,412.46,400.17,442.49
9769,20240628,146,188.03,169.48,195.33
9770,20241118,503,318.02,287.77,362.82
9771,20241231,531,18.72,14.52,17.0
9772,20251212,309,270.23,260.01,281.22
9773,20240516,605,161.5,122.53,176.56
9774,20260303,439,350.84,265.63,342.89
9775,20240624,781,50.54,38.04,52.92
9776,20230614,177,72.58,64.34,62.04
9777,20241007,111,310.59,281.48,312.92
9778,20250313,188,276.5,255.94,256.24
9779,20251204,426,82.56,63.79,79.14
9780,20240731,566,84.3,66.81,71.85
9781,20251209,222,199.12,188.61,208.68
9782,20240227,577,292.69,225.59,276.6
9783,20240309,74,140.18,122.59,131.21
9784,20251011,472,30.87,28.89,35.13
9785,20250420,788,168.35,163.19,175.15
9786,20250412,396,167.37,150.46,162.06
9787,20250707,177,72.58,64.9,78.47
9788,20240817,758,348.5,329.83,343.8
9789,20231025,709,35.68,31.02,39.51
9790,20230304,413,98.94,91.65,104.31
9791,20250402,318,41.09,39.67,45.52
9792,20250628,214,309.39,264.61,285.27
9793,20241017,630,339.79,305.13,382.77
9794,20251217,33,147.68,121.91,156.77
9795,20240409,9,228.25,210.14,223.89
9796,20230720,235,351.8,293.01,347.37
9797,20241229,741,212.39,212.13,237.76
9798,20260403,157,17.11,14.48,18.79
9799,20230614,386,184.17,181.7,197.31
9800,20250211,325,223.83,184.31,250.16
9801,20230929,522,104.14,95.85,98.25
9802,20250508,521,260.98,249.75,295.89
9803,20240526,534,111.77,87.51,120.34
9804,20241015,789,412.97,320.88,450.87
9805,20250324,761,403.08,353.22,366.56
9806,20231122,387,66.08,65.81,62.97
9807,20240905,388,209.17,207.67,201.82
9808,20250906,342,102.47,99.11,112.2
9809,20260215,200,245.23,223.63,242.21
9810,20230115,476,235.18,187.86,252.56
9811,20231223,31,281.2,271.02,241.44
9812,20250320,599,224.63,182.64,241.27
9813,20260430,458,116.37,105.46,103.82
9814,20230610,123,122.98,105.18,135.85
9815,20230328,117,66.51,55.0,70.53
9816,20230824,27,110.98,87.91,114.73
9817,20260131,232,283.79,221.27,295.84
9818,20230716,457,60.47,58.08,58.02
9819,20240317,453,159.04,138.45,151.65
9820,20241017,542,118.48,105.64,121.71
9821,20230830,108,24.49,20.93,25.04
9822,20250522,775,193.35,165.57,205.22
9823,20241210,27,110.98,90.21,108.27
9824,20230111,238,232.61,207.39,202.82
9825,20241130,307,130.54,98.93,118.07
9826,20230110,779,134.97,104.32,128.36
9827,20250726,399,52.27,48.26,51.94
9828,20230831,209,254.65,197.14,232.09
9829,20240405,372,11.94,9.86,10.64
9830,20240529,490,84.06,74.66,95.27
9831,20260128,491,168.23,143.63,190.59
9832,20230629,646,202.52,162.12,198.55
9833,20251011,349,300.82,248.87,344.6
9834,20250420,14,109.54,85.05,123.52
9835,20241026,729,357.03,294.97,307.58
9836,20260603,463,203.4,184.1,182.02
9837,20260215,450,361.37,283.93,342.8
9838,20230811,577,292.69,280.51,254.09
9839,20230913,491,168.23,160.25,191.44
9840,20260117,430,96.92,73.61,91.92
9841,20241027,7,169.43,140.72,188.85
9842,20230204,154,257.41,198.29,249.43
9843,20241114,414,196.54,182.08,189.27
9844,20241222,453,159.04,152.99,174.3
9845,20240806,135,41.31,36.69,40.6
9846,20260112,4,279.54,246.38,277.38
9847,20260207,594,93.21,71.67,96.66
9848,20250207,120,187.42,163.02,170.27
9849,20230730,756,394.25,310.07,429.87
9850,20240619,429,195.21,164.8,193.22
9851,20251204,708,140.71,110.87,134.49
9852,20240529,656,264.51,200.04,294.82
9853,20240602,7,169.43,164.78,145.54
9854,20230808,345,274.13,242.48,235.33
9855,20240628,167,236.05,221.99,256.7
9856,20240901,781,50.54,44.66,57.75
9857,20231108,325,223.83,172.77,232.43
9858,20230920,111,310.59,242.85,316.47
9859,20240405,528,365.56,341.75,398.85
9860,20260227,291,178.18,151.96,182.79
9861,20230329,393,22.43,18.88,24.65
9862,20251117,198,61.79,56.21,56.06
9863,20230911,542,118.48,105.17,127.3
9864,20250125,644,440.69,398.12,448.09
9865,20250911,328,77.81,65.23,79.15
9866,20251123,359,156.76,150.6,172.51
9867,20250501,603,228.34,172.45,261.96
9868,20230526,799,172.35,148.44,193.79
9869,20230825,431,27.19,23.05,29.26
9870,20241006,531,18.72,16.74,18.4
9871,20250611,397,149.6,138.25,137.83
9872,20250120,672,106.54,85.87,114.85
9873,20230520,398,70.82,57.52,77.34
9874,20231007,490,84.06,81.23,73.91
9875,20250914,139,382.89,327.35,342.4
9876,20230623,638,35.51,32.17,32.61
9877,20251121,753,306.18,294.98,297.09
9878,20250117,484,15.41,15.33,16.95
9879,20260105,192,142.28,142.09,148.76
9880,20251019,564,142.88,111.18,122.71
9881,20240714,782,103.0,85.26,95.96
9882,20230307,763,348.36,261.78,349.23
9883,20250128,348,233.48,186.55,255.05
9884,20230919,580,282.51,236.42,244.38
9885,20250108,193,171.68,150.6,184.14
9886,20230304,725,378.22,332.99,352.36
9887,20230325,321,380.87,307.27,396.6
9888,20250605,555,113.22,105.74,126.66
9889,20231227,29,170.48,163.24,175.49
9890,20250115,331,284.71,267.12,261.25
9891,20240330,163,35.79,31.02,40.79
9892,20260308,174,208.41,184.35,207.52
9893,20230210,574,292.71,246.57,270.99
9894,20240818,601,17.49,13.44,18.36
9895,20250831,749,202.73,192.62,187.62
9896,20251006,172,59.34,47.09,66.46
9897,20230109,633,57.66,57.47,62.53
9898,20260122,404,249.7,202.57,270.59
9899,20260425,96,204.85,153.99,214.71
9900,20251009,468,354.29,341.59,331.73
9901,20250716,106,80.14,79.72,74.95
9902,20250610,721,249.16,245.07,246.19
9903,20230124,476,235.18,186.07,266.96
9904,20250804,752,83.54,77.42,77.31
9905,20240124,286,317.67,268.16,337.03
9906,20230923,112,332.69,271.03,371.68
9907,20230528,702,260.54,237.22,252.6
9908,20230522,476,235.18,205.99,221.39
9909,20260130,457,60.47,50.61,52.91
9910,20230109,726,274.85,260.12,242.36
9911,20230905,497,311.63,257.54,282.72
9912,20240902,5,163.2,150.02,169.35
9913,20250712,101,321.61,247.93,344.08
9914,20230604,386,184.17,164.74,205.23
9915,20240413,431,27.19,22.16,27.11
9916,20240520,62,427.35,350.67,394.14
9917,20240221,194,314.56,309.86,339.94
9918,20240902,472,30.87,23.87,27.64
9919,20250109,7,169.43,149.11,147.42
9920,20230109,507,266.28,226.4,285.88
9921,20250313,502,358.64,336.79,334.0
9922,20250820,633,57.66,48.83,58.86
9923,20240630,276,66.7,55.87,57.69
9924,20230204,713,325.0,275.54,305.08
9925,20260515,484,15.41,14.92,15.29
9926,20230430,320,204.9,196.48,221.89
9927,20240106,168,139.86,117.81,121.31
9928,20240922,236,380.33,335.27,375.06
9929,20250522,195,225.23,222.96,248.4
9930,20260104,378,260.57,259.84,247.52
9931,20240917,76,227.03,171.98,206.58
9932,20250316,694,65.85,51.58,69.81
9933,20260410,597,11.11,9.94,10.67
9934,20250313,166,277.57,244.45,297.3
9935,20230423,522,104.14,89.65,110.47
9936,20230127,790,117.22,116.91,128.58
9937,20240130,292,324.11,246.99,286.82
9938,20230105,762,278.35,230.73,268.39
9939,20231130,575,196.28,148.77,197.37
9940,20231112,165,223.04,189.94,197.43
9941,20241120,538,86.46,71.33,88.53
9942,20260221,357,34.05,30.41,36.5
9943,20240518,122,193.32,154.37,216.43
9944,20230705,492,101.28,83.62,95.05
9945,20250911,279,296.99,245.42,290.51
9946,20250709,279,296.99,250.42,280.37
9947,20231109,168,139.86,134.31,150.49
9948,20260422,709,35.68,31.42,33.81
9949,20251018,478,272.96,246.25,303.71
9950,20251227,387,66.08,58.78,72.52
9951,20241028,254,91.01,85.07,83.49
9952,20250509,580,282.51,261.16,263.39
9953,20240619,81,274.94,225.96,275.03
9954,20251005,401,188.97,171.61,164.52
9955,20240215,166,277.57,257.35,255.96
9956,20240703,759,228.08,177.72,219.12
9957,20230505,684,145.2,115.55,130.73
9958,20230517,395,380.39,296.01,436.33
9959,20231213,129,285.77,216.88,293.02
9960,20240316,746,393.87,391.78,349.95
9961,20230112,111,310.59,233.26,274.64
9962,20250501,444,271.47,216.7,309.62
9963,20250819,281,253.48,219.47,236.35
9964,20240223,100,63.71,52.78,57.69
9965,20250122,220,267.45,213.23,307.21
9966,20250522,198,61.79,56.64,64.39
9967,20240322,429,195.21,183.21,207.0
9968,20241001,414,196.54,175.77,222.34
9969,20230925,498,309.5,253.63,331.11
9970,20240628,731,425.46,365.37,417.54
9971,20240317,349,300.82,252.11,273.05
9972,20250227,457,60.47,57.09,62.11
9973,20230819,253,436.82,434.29,390.47
9974,20230113,49,197.2,148.25,223.3
9975,20240730,341,53.82,47.7,51.21
9976,20250816,364,58.02,46.83,62.58
9977,20250704,66,232.57,176.15,208.76
9978,20260523,748,241.47,198.16,224.11
9979,20231012,604,104.98,84.06,100.54
9980,20231111,315,296.21,248.18,311.48
9981,20251207,387,66.08,64.7,60.47
9982,20250628,334,266.65,226.43,257.52
9983,20241130,257,153.43,122.16,142.47
9984,20241113,37,408.21,326.21,402.03
9985,20260315,54,133.2,119.51,125.04
9986,20230115,598,111.7,110.08,105.95
9987,20251203,164,412.46,397.81,357.04
9988,20260402,675,310.72,298.31,355.36
9989,20260303,466,314.66,299.84,342.25
9990,20250331,455,34.92,31.7,36.57
9991,20241207,169,80.84,68.94,76.2
9992,20240210,277,308.04,291.79,346.02
9993,20250331,425,155.73,148.99,135.67
9994,20250810,16,121.92,111.86,104.78
9995,20250904,229,168.69,164.53,150.9
9996,20230223,775,193.35,185.56,216.85
9997,20230728,364,58.02,52.51,58.72
9998,20250620,205,82.38,74.15,87.18
9999,20240829,113,119.1,98.74,117.43
10000,20230924,325,223.83,189.73,242.03
10001,20230919,267,142.28,135.92,130.38
10002,20231129,460,84.17,66.97,80.39
10003,20250223,700,159.22,155.1,152.36
10004,20250123,25,50.32,38.43,48.03
10005,20250730,232,283.79,246.72,267.24
10006,20250117,60,69.61,62.93,61.52
10007,20241019,173,352.79,273.24,327.23
10008,20230809,593,348.5,337.78,375.15
10009,20240830,269,15.66,14.94,13.63
10010,20230218,525,333.84,257.38,345.68
10011,20240926,163,35.79,33.73,35.43
10012,20240630,381,275.49,251.37,252.14
10013,20240529,74,140.18,114.49,152.59
10014,20250527,665,406.18,361.69,454.7
10015,20230505,139,382.89,350.71,353.55
10016,20240104,604,104.98,84.24,119.0
10017,20250205,772,272.89,213.2,256.38
10018,20230219,147,53.98,43.82,55.1
10019,20250702,543,164.16,125.69,159.57
10020,20251130,448,28.11,21.24,27.79
10021,20241206,304,72.0,54.55,76.78
10022,20251116,774,100.34,85.76,114.8
10023,20230626,739,248.72,196.51,223.78
10024,20231019,26,359.21,272.38,375.8
10025,20230911,612,244.74,210.28,263.09
10026,20251226,172,59.34,46.95,58.44
10027,20241225,85,52.93,45.63,57.0
10028,20241107,625,408.43,351.56,399.55
10029,20230324,353,230.0,182.22,247.88
10030,20251021,602,85.13,78.92,95.34
10031,20241115,759,228.08,178.5,236.44
10032,20250923,499,261.75,250.91,294.19
10033,20250216,556,340.34,287.94,344.84
10034,20240425,778,248.68,207.35,278.15
10035,20250609,340,256.97,214.51,221.33
10036,20250926,274,185.35,141.37,177.94
10037,20240515,398,70.82,59.63,64.76
10038,20251002,361,218.41,198.83,192.02
10039,20260125,551,39.75,33.32,40.28
10040,20260627,450,361.37,335.32,331.31
10041,20260611,618,117.82,92.53,123.62
10042,20240821,639,208.98,197.38,207.87
10043,20250307,776,93.65,76.24,91.59
10044,20231123,768,253.35,210.97,217.31
10045,20241231,425,155.73,137.23,177.03
10046,20240930,482,74.27,71.65,76.51
10047,20260310,691,160.49,125.91,137.69
10048,20250430,235,351.8,273.92,376.01
10049,20240109,498,309.5,237.54,348.67
10050,20250617,707,225.72,193.0,252.16
10051,20230923,464,223.36,204.94,213.18
10052,20230603,689,102.62,81.82,112.89
10053,20240202,719,73.37,65.29,68.26
10054,20240914,459,41.78,41.16,45.33
10055,20240323,101,321.61,288.7,362.83
10056,20240128,663,304.83,277.94,283.35
10057,20240611,11,54.42,48.39,58.2
10058,20251104,91,191.54,188.02,166.61
10059,20230131,438,40.99,36.23,37.56
10060,20250927,402,21.66,20.66,24.44
10061,20240303,649,267.48,207.95,280.65
10062,20260325,456,219.24,183.42,236.92
10063,20241007,49,197.2,169.56,181.29
10064,20230622,652,164.75,124.85,160.19
10065,20240415,336,366.26,333.33,329.39
10066,20240608,297,203.31,189.51,194.05
10067,20240305,290,323.07,274.54,285.73
10068,20241206,153,89.99,74.05,95.62
10069,20230327,276,66.7,58.52,60.02
10070,20260528,486,204.27,169.57,176.86
10071,20260617,784,112.95,105.85,113.6
10072,20230703,306,267.41,231.7,293.88
10073,20260622,411,64.81,49.42,63.04
10074,20230614,608,103.16,81.87,87.74
10075,20241216,300,94.2,83.39,81.46
10076,20250618,598,111.7,110.83,120.44
10077,20240214,581,46.45,42.97,42.16
10078,20230801,484,15.41,13.67,16.88
10079,20251111,54,133.2,103.21,135.7
10080,20250522,91,191.54,178.14,181.52
10081,20260216,336,366.26,301.61,315.34
10082,20230825,116,34.36,32.79,30.29
10083,20250914,337,284.78,243.05,324.39
10084,20240204,649,267.48,233.76,295.92
10085,20250120,663,304.83,285.18,302.23
10086,20240708,713,325.0,271.66,331.85
10087,20250604,710,52.14,45.77,55.31
10088,20231125,509,90.19,70.84,97.39
10089,20241008,485,125.2,99.22,131.05
10090,20250401,24,126.6,120.84,129.96
10091,20230817,395,380.39,300.96,332.64
10092,20260205,716,97.62,81.36,111.27
10093,20231013,777,116.51,112.68,117.88
10094,20260108,435,227.4,221.81,259.51
10095,20260304,727,29.93,25.85,28.13
10096,20230812,374,330.48,281.41,284.41
10097,20240323,269,15.66,15.05,13.79
10098,20230703,561,223.15,205.06,208.53
10099,20260103,617,100.85,76.61,85.82
10100,20230520,83,12.62,11.15,13.52
10101,20241222,418,235.9,193.14,211.22
10102,20260220,560,40.22,35.23,42.91
10103,20251105,44,186.98,155.35,162.04
10104,20240324,478,272.96,237.53,303.68
10105,20240424,359,156.76,125.13,135.07
10106,20231121,166,277.57,261.89,261.7
10107,20260526,421,82.54,66.36,86.34
10108,20230503,353,230.0,225.46,197.01
10109,20240630,372,11.94,9.77,10.38
10110,20250519,69,201.68,196.19,215.11
10111,20230629,222,199.12,154.43,189.16
10112,20240311,529,73.96,71.43,74.0
10113,20231022,121,298.82,230.86,288.55
10114,20250205,370,263.18,225.81,276.5
10115,20251127,338,214.38,171.88,217.55
10116,20260529,552,211.79,185.8,222.68
10117,20241209,60,69.61,59.8,75.05
10118,20251110,398,70.82,55.38,68.13
10119,20230723,770,92.3,83.7,90.44
10120,20250727,48,76.9,58.35,87.19
10121,20230403,453,159.04,157.8,151.38
10122,20251017,284,15.97,15.01,16.33
10123,20231027,361,218.41,217.62,227.74
10124,20230917,617,100.85,89.45,94.89
10125,20260407,550,203.17,162.42,202.53
10126,20250729,362,342.7,310.37,294.96
10127,20260422,207,387.32,366.95,430.52
10128,20240502,377,227.02,188.74,235.86
10129,20251005,457,60.47,51.61,67.42
10130,20230528,244,357.61,272.37,408.51
10131,20250323,332,121.61,106.03,109.85
10132,20250808,83,12.62,11.01,11.53
10133,20240321,195,225.23,197.66,206.68
10134,20260531,521,260.98,220.16,239.56
10135,20240307,52,21.14,19.55,18.37
10136,20230909,411,64.81,52.17,69.66
10137,20230924,740,239.3,231.29,225.88
10138,20240514,599,224.63,223.88,229.43
10139,20250219,459,41.78,40.05,47.41
10140,20230302,454,323.6,303.21,323.77
10141,20230420,537,125.74,118.9,125.79
10142,20240323,388,209.17,200.44,223.44
10143,20250120,272,66.09,61.55,57.63
10144,20241010,611,119.6,111.97,135.45
10145,20250311,739,248.72,188.3,264.96
10146,20241117,437,95.28,94.31,99.54
10147,20230525,140,105.24,95.05,101.71
10148,20240420,154,257.41,254.59,275.48
10149,20230413,568,27.56,25.12,26.53
10150,20250731,554,59.83,56.3,51.77
10151,20260517,531,18.72,14.81,15.94
10152,20240827,60,69.61,68.23,67.79
10153,20230926,90,228.46,198.44,259.2
10154,20230204,550,203.17,187.79,176.76
10155,20231103,632,291.15,256.39,295.83
10156,20250921,430,96.92,94.52,96.43
10157,20240629,547,393.46,357.8,387.11
10158,20240209,644,440.69,330.93,490.72
10159,20250712,520,361.69,354.27,334.86
10160,20240927,763,348.36,283.86,302.77
10161,20241205,332,121.61,99.29,123.58
10162,20250813,83,12.62,12.53,13.7
10163,20240830,450,361.37,331.89,319.81
10164,20230508,385,85.79,72.92,96.75
10165,20251222,460,84.17,75.63,95.81
10166,20230731,757,118.51,111.82,120.2
10167,20240606,99,363.81,294.38,317.25
10168,20260515,418,235.9,202.26,269.15
10169,20231119,562,188.77,184.62,177.0
10170,20250307,743,343.9,263.56,385.4
10171,20240126,613,46.15,43.93,48.59
10172,20241209,129,285.77,275.15,320.01
10173,20230808,591,113.73,110.79,122.61
10174,20251218,710,52.14,43.48,52.57
10175,20260603,536,232.15,187.2,206.08
10176,20260424,274,185.35,162.43,160.73
10177,20240124,141,224.09,175.7,235.99
10178,20250831,106,80.14,75.27,80.59
10179,20251205,230,55.79,49.63,59.28
10180,20240304,284,15.97,12.93,15.68
10181,20230418,617,100.85,100.31,90.49
10182,20240817,145,222.21,205.64,196.16
10183,20240728,590,66.24,55.56,72.74
10184,20240202,230,55.79,50.11,48.99
10185,20241012,723,392.9,366.69,367.28
10186,20250707,419,199.26,194.54,186.08
10187,20240716,551,39.75,30.98,37.14
10188,20241214,203,357.94,320.92,374.46
10189,20240303,201,178.89,161.85,157.9
10190,20240420,439,350.84,281.86,305.48
10191,20241124,302,95.16,80.07,98.93
10192,20260525,348,233.48,182.84,236.51
10193,20241022,446,47.38,45.76,51.94
10194,20251215,536,232.15,205.23,262.04
10195,20250122,631,266.82,217.5,268.26
10196,20260513,499,261.75,225.57,236.79
10197,20240331,148,26.37,24.41,30.17
10198,20251120,393,22.43,17.35,23.48
10199,20240424,168,139.86,129.82,156.53
10200,20240127,593,348.5,271.61,388.65
10201,20250711,547,393.46,341.42,427.48
10202,20230714,97,301.78,279.53,319.21
10203,20230813,224,205.12,202.33,203.14
10204,20240324,787,222.59,174.59,214.92
10205,20240720,366,384.91,296.64,365.76
10206,20250510,283,273.75,205.83,290.02
10207,20231219,599,224.63,181.2,239.6
10208,20240616,795,235.28,193.28,229.29
10209,20230731,24,126.6,102.38,142.58
10210,20240406,306,267.41,262.49,261.42
10211,20240419,660,11.42,9.61,10.0
10212,20260410,493,91.44,71.25,87.25
10213,20230506,15,179.98,169.92,188.07
10214,20250422,453,159.04,156.22,177.4
10215,20230907,4,279.54,266.28,245.62
10216,20260611,331,284.71,262.37,250.39
10217,20240307,69,201.68,174.16,178.62
10218,20250806,733,218.3,211.6,231.89
10219,20240921,604,104.98,102.56,102.17
10220,20241109,502,358.64,288.03,397.76
10221,20241101,705,239.69,199.18,239.15
10222,20240930,429,195.21,172.62,171.83
10223,20240630,280,44.45,43.81,48.47
10224,20240505,189,205.54,174.08,218.6
10225,20241114,487,35.77,33.22,32.55
10226,20260506,571,319.71,259.69,279.59
10227,20250918,79,253.18,240.95,285.3
10228,20230607,386,184.17,150.92,170.3
10229,20260403,485,125.2,123.61,139.63
10230,20240325,386,184.17,149.71,181.79
10231,20240131,243,30.66,27.11,33.05
10232,20230321,651,68.28,63.58,77.06
10233,20241220,237,339.45,293.77,369.52
10234,20260202,789,412.97,391.43,380.34
10235,20230522,308,277.35,235.75,310.45
10236,20250903,484,15.41,11.86,17.67
10237,20240823,495,21.23,19.91,21.53
10238,20231126,757,118.51,89.49,110.85
10239,20260312,80,237.98,216.76,216.57
10240,20230822,315,296.21,229.1,324.75
10241,20260402,168,139.86,117.44,152.11
10242,20241225,385,85.79,68.32,75.22
10243,20231015,212,17.63,16.07,18.83
10244,20250910,546,65.36,63.29,73.59
10245,20250108,565,40.62,30.92,43.85
10246,20231119,573,146.12,112.98,134.83
10247,20240724,780,78.04,73.17,78.99
10248,20241213,16,121.92,120.99,121.1
10249,20250305,131,24.54,23.8,22.58
10250,20260305,420,122.78,94.89,141.03
10251,20260224,281,253.48,245.69,261.3
10252,20230720,460,84.17,78.06,89.9
10253,20240306,620,141.64,126.09,137.58
10254,20240617,683,426.67,348.62,429.13
10255,20250912,562,188.77,146.0,174.18
10256,20241030,573,146.12,117.97,150.51
10257,20230121,800,138.76,111.9,155.1
10258,20241107,288,29.26,29.11,32.47
10259,20250816,296,86.09,86.09,90.83
10260,20240722,74,140.18,127.1,160.12
10261,20260102,204,137.31,115.66,151.13
10262,20260201,256,108.27,83.35,116.55
10263,20231108,439,350.84,265.01,402.21
10264,20260425,462,220.62,213.95,193.28
10265,20240926,640,151.16,126.77,173.32
10266,20250808,198,61.79,56.64,63.82
10267,20240609,454,323.6,310.52,348.76
10268,20230116,19,252.36,243.8,271.56
10269,20260604,784,112.95,111.0,123.84
10270,20260129,26,359.21,318.87,321.94
10271,20230117,242,171.67,148.92,196.51
10272,20240808,763,348.36,310.58,362.48
10273,20230913,689,102.62,93.47,92.53
10274,20251108,385,85.79,66.3,84.37
10275,20230921,143,275.87,264.92,292.85
10276,20240115,757,118.51,110.24,124.89
10277,20230925,769,93.19,76.82,104.14
10278,20230502,773,48.89,38.08,44.06
10279,20240731,176,155.18,119.42,149.25
10280,20240405,565,40.62,33.87,43.75
10281,20250318,330,288.16,268.81,328.16
10282,20240505,587,273.68,228.0,264.01
10283,20250615,43,136.65,134.18,145.65
10284,20250904,401,188.97,170.98,216.12
10285,20240116,37,408.21,318.47,395.17
10286,20251025,260,283.2,247.72,299.17
10287,20250605,6,195.36,176.26,223.27
10288,20251014,749,202.73,180.26,223.31
10289,20230921,559,55.12,46.03,58.48
10290,20250928,408,74.67,69.94,70.2
10291,20241112,179,40.39,35.88,36.87
10292,20240425,684,145.2,120.11,132.53
10293,20251123,456,219.24,179.65,196.17
10294,20230324,309,270.23,259.03,297.26
10295,20240925,364,58.02,46.01,64.85
10296,20260609,79,253.18,201.43,244.38
10297,20231201,204,137.31,134.37,138.11
10298,20230928,756,394.25,373.24,354.31
10299,20250701,738,223.85,205.05,196.72
10300,20230408,584,303.45,246.95,282.36
10301,20251201,197,150.97,142.45,148.48
10302,20230726,523,151.65,139.6,167.85
10303,20240916,5,163.2,129.76,179.15
10304,20230112,356,128.43,97.54,136.05
10305,20240404,585,163.26,131.54,160.97
10306,20230116,777,116.51,99.18,104.59
10307,20250613,285,204.89,171.33,235.55
10308,20260629,341,53.82,46.69,53.91
10309,20230628,19,252.36,212.96,278.31
10310,20251210,82,299.58,294.24,262.78
10311,20240821,67,220.55,199.32,206.63
10312,20260204,720,410.49,399.25,355.07
10313,20240909,727,29.93,28.05,29.89
10314,20230407,765,31.01,30.6,32.93
10315,20250729,666,221.55,205.88,190.53
10316,20231211,244,357.61,350.83,375.45
10317,20250324,324,210.25,180.62,187.94
10318,20260408,93,61.41,58.61,62.9
10319,20240602,430,96.92,94.88,86.91
10320,20230616,293,423.76,325.1,447.37
10321,20240301,726,274.85,271.2,291.71
10322,20260525,72,119.72,109.18,125.51
10323,20251227,621,238.21,198.55,244.39
10324,20250301,351,348.89,318.62,329.23
10325,20230123,291,178.18,155.37,191.25
10326,20230303,704,18.97,17.12,18.89
10327,20251129,690,128.51,117.91,126.64
10328,20241006,493,91.44,80.25,83.77
10329,20250502,517,325.99,322.39,351.21
10330,20260402,487,35.77,31.3,40.93
10331,20230804,1,128.02,104.22,129.01
10332,20250125,511,114.7,104.57,122.38
10333,20230425,235,351.8,334.87,366.98
10334,20240616,319,283.51,272.9,298.08
10335,20250317,453,159.04,139.84,160.46
10336,20230213,209,254.65,208.77,222.07
10337,20230610,258,30.13,28.97,33.13
10338,20241213,407,187.73,163.05,184.72
10339,20260501,435,227.4,214.44,212.09
10340,20260421,625,408.43,383.87,450.61
10341,20250603,624,21.67,19.79,21.38
10342,20230709,442,36.82,28.15,37.59
10343,20251215,554,59.83,47.57,59.3
10344,20230302,110,284.95,253.58,267.72
10345,20230810,470,186.23,159.01,211.51
10346,20240929,522,104.14,94.27,118.46
10347,20250615,296,86.09,78.99,89.17
10348,20240528,368,122.52,115.73,104.69
10349,20260415,742,222.66,203.38,253.61
10350,20250902,45,269.74,212.79,261.7
10351,20230908,142,258.94,239.18,294.58
10352,20241127,655,70.94,66.62,78.41
10353,20250531,763,348.36,300.49,365.49
10354,20260117,95,76.43,72.18,82.58
10355,20260419,158,81.27,71.38,92.44
10356,20250704,705,239.69,183.34,263.07
10357,20240228,629,217.61,191.0,203.04
10358,20230204,403,210.54,197.15,195.0
10359,20260530,201,178.89,160.07,191.34
10360,20260307,512,65.44,64.25,72.93
10361,20250612,49,197.2,175.52,216.41
10362,20230816,435,227.4,189.67,260.13
10363,20260417,719,73.37,63.9,73.72
10364,20260219,30,325.32,253.39,354.07
10365,20240510,207,387.32,297.37,439.9
10366,20250615,702,260.54,218.63,224.17
10367,20240907,632,291.15,245.2,274.55
10368,20260424,784,112.95,110.51,103.05
10369,20250311,138,287.07,270.57,274.3
10370,20260418,290,323.07,297.04,364.75
10371,20240314,317,251.02,190.68,274.08
10372,20250905,121,298.82,291.93,332.52
10373,20230403,437,95.28,92.46,88.07
10374,20250923,505,143.55,117.76,130.35
10375,20230302,112,332.69,317.13,307.37
10376,20240104,516,76.0,58.8,74.44
10377,20230713,33,147.68,123.34,132.94
10378,20260410,119,333.87,283.15,328.22
10379,20231219,43,136.65,105.04,151.15
10380,20251221,490,84.06,75.52,86.68
10381,20231101,347,58.66,52.85,66.35
10382,20250926,752,83.54,64.6,71.59
10383,20250614,148,26.37,23.81,22.93
10384,20230817,174,208.41,206.0,238.69
10385,20260510,689,102.62,94.1,106.2
10386,20260116,426,82.56,68.48,72.84
10387,20240823,346,279.84,244.25,284.78
10388,20230629,409,219.82,194.4,195.32
10389,20230617,280,44.45,42.51,47.57
10390,20251016,569,318.86,262.29,277.35
10391,20240422,376,268.5,230.93,254.2
10392,20230307,602,85.13,71.55,79.01
10393,20260402,749,202.73,166.17,184.98
10394,20230815,667,106.93,87.71,115.16
10395,20240116,792,142.29,107.73,143.28
10396,20230810,94,11.79,9.73,11.64
10397,20250213,751,98.86,96.04,95.36
10398,20250105,667,106.93,106.05,114.22
10399,20260623,248,229.78,215.48,220.9
10400,20260218,189,205.54,199.05,176.38
10401,20241123,219,21.56,16.76,21.76
10402,20260127,732,90.88,77.4,85.58
10403,20250928,743,343.9,319.11,295.22
10404,20240511,759,228.08,185.58,254.12
10405,20240108,578,330.25,292.09,317.5
10406,20250329,199,127.18,102.78,117.56
10407,20231214,98,316.05,289.9,279.33
10408,20230712,497,311.63,251.38,352.08
10409,20231017,637,73.36,57.2,76.54
10410,20230710,505,143.55,116.21,161.12
10411,20260209,39,85.06,71.67,94.79
10412,20251117,81,274.94,226.73,306.08
10413,20250809,267,142.28,117.52,163.38
10414,20250219,716,97.62,93.39,103.88
10415,20230411,438,40.99,37.38,44.35
10416,20231201,651,68.28,55.12,64.85
10417,20250504,535,170.95,128.49,148.98
10418,20230729,240,48.56,38.41,52.97
10419,20250120,752,83.54,73.46,76.58
10420,20230607,49,197.2,182.9,224.96
10421,20240223,365,297.68,229.83,256.25
10422,20260227,591,113.73,113.35,107.64
10423,20260525,611,119.6,97.68,124.63
10424,20230427,115,258.32,202.61,248.56
10425,20231209,773,48.89,38.32,54.25
10426,20240125,73,219.47,168.07,190.71
10427,20240611,199,127.18,100.83,125.55
10428,20230415,380,239.62,193.73,254.59
10429,20231019,86,11.99,11.8,13.52
10430,20250425,165,223.04,213.44,210.41
10431,20260117,197,150.97,142.46,163.8
10432,20230813,85,52.93,52.63,58.92
10433,20251012,274,185.35,143.13,157.85
10434,20240815,272,66.09,57.89,72.6
10435,20230410,429,195.21,155.47,217.52
10436,20241011,760,321.52,313.88,348.66
10437,20241119,663,304.83,236.53,350.07
10438,20250310,82,299.58,253.91,318.48
10439,20250830,363,113.38,86.52,110.73
10440,20240501,787,222.59,207.97,236.33
10441,20230710,205,82.38,65.79,83.84
10442,20260422,562,188.77,156.62,184.37
10443,20231128,540,329.69,300.11,303.28
10444,20240323,649,267.48,264.89,258.48
10445,20230801,566,84.3,64.17,76.6
10446,20240319,630,339.79,296.8,364.93
10447,20250427,231,190.39,185.19,183.71
10448,20231122,484,15.41,13.0,13.47
10449,20230528,534,111.77,100.16,115.63
10450,20250320,405,234.96,193.52,206.46
10451,20240730,614,10.84,8.62,10.9
10452,20250105,464,223.36,180.07,213.34
10453,20260603,58,31.75,28.26,28.16
10454,20230816,425,155.73,150.69,137.15
10455,20251121,91,191.54,168.17,205.18
10456,20260406,333,315.8,311.93,270.39
10457,20260426,594,93.21,76.83,95.26
10458,20230413,258,30.13,27.41,28.45
10459,20240904,539,287.91,276.63,308.73
10460,20240423,192,142.28,109.16,130.33
10461,20230810,266,259.97,211.06,295.43
10462,20241229,743,343.9,334.39,375.57
10463,20230306,260,283.2,219.34,272.59
10464,20250430,224,205.12,185.16,225.05
10465,20250915,226,250.65,208.5,287.73
10466,20230921,455,34.92,32.23,35.2
10467,20250119,15,179.98,144.59,185.07
10468,20240816,24,126.6,110.79,110.74
10469,20231018,91,191.54,162.43,200.65
10470,20231219,438,40.99,32.23,40.56
10471,20250517,236,380.33,329.54,342.05
10472,20240901,623,190.11,146.85,193.89
10473,20251129,472,30.87,25.58,34.95
10474,20250211,660,11.42,9.98,12.49
10475,20230429,265,249.31,247.42,223.28
10476,20250407,734,36.51,36.09,35.41
10477,20241105,542,118.48,109.69,114.85
10478,20250929,255,317.46,300.87,326.41
10479,20251027,775,193.35,169.55,195.72
10480,20260509,356,128.43,109.34,125.96
10481,20250415,60,69.61,64.28,72.93
10482,20240502,787,222.59,182.91,243.78
10483,20250312,38,36.67,27.74,38.2
10484,20231115,71,81.45,66.5,70.35
10485,20250527,287,248.3,194.3,246.55
10486,20250109,313,145.22,123.68,126.36
10487,20240603,735,122.01,106.47,118.33
10488,20250821,344,107.89,84.43,105.74
10489,20231127,665,406.18,377.11,375.47
10490,20231224,64,238.84,184.26,220.3
10491,20230705,413,98.94,85.75,101.43
10492,20230406,344,107.89,90.45,114.9
10493,20241222,761,403.08,392.24,368.07
10494,20251002,246,289.83,262.77,252.18
10495,20260421,218,193.69,187.54,168.99
10496,20240815,606,54.24,52.74,49.9
10497,20230705,525,333.84,300.64,366.98
10498,20241015,735,122.01,93.13,124.01
10499,20260124,404,249.7,225.85,214.27
10500,20241114,366,384.91,336.12,423.28
10501,20241231,742,222.66,175.96,230.55
10502,20250124,620,141.64,130.84,157.47
10503,20241127,366,384.91,361.32,343.52
10504,20230502,612,244.74,235.35,219.79
10505,20250226,756,394.25,381.93,360.52
10506,20230504,495,21.23,18.15,19.75
10507,20241012,536,232.15,188.68,233.83
10508,20240518,144,249.79,205.07,213.39
10509,20250709,328,77.81,76.39,81.96
10510,20241021,77,218.69,193.97,186.35
10511,20250930,785,272.2,248.09,306.11
10512,20260329,263,87.43,65.84,99.75
10513,20240222,494,380.5,363.0,407.48
10514,20251016,526,17.69,14.41,16.25
10515,20230121,795,235.28,228.62,239.01
10516,20260315,123,122.98,121.06,111.7
10517,20251226,245,129.45,115.87,116.67
10518,20230114,716,97.62,93.88,106.16
10519,20241128,180,25.06,23.59,27.49
10520,20241204,761,403.08,332.51,370.73
10521,20250912,289,53.05,48.85,54.37
10522,20241018,45,269.74,208.85,266.53
10523,20231216,11,54.42,43.45,57.94
10524,20260402,423,26.19,19.73,28.4
10525,20250505,337,284.78,244.27,258.92
10526,20230114,63,58.12,43.84,50.28
10527,20250408,115,258.32,246.08,233.33
10528,20240722,418,235.9,182.14,269.99
10529,20230731,12,262.97,226.42,285.66
10530,20260508,478,272.96,225.39,251.3
10531,20250109,69,201.68,154.28,221.29
10532,20240802,349,300.82,295.55,268.32
10533,20240811,623,190.11,188.92,169.99
10534,20250111,445,236.18,232.32,237.99
10535,20240128,388,209.17,197.25,223.68
10536,20250625,635,53.49,41.98,49.77
10537,20231101,243,30.66,24.09,32.88
10538,20250625,539,287.91,287.64,302.61
10539,20241209,18,49.16,45.7,54.73
10540,20250614,539,287.91,237.14,302.58
10541,20260606,253,436.82,408.93,421.98
10542,20250804,192,142.28,115.47,126.15
10543,20230414,48,76.9,67.39,84.0
10544,20240201,78,147.0,137.51,158.92
10545,20250930,764,38.17,36.1,37.06
10546,20230706,73,219.47,170.89,196.86
10547,20250422,635,53.49,44.44,55.51
10548,20230622,40,246.38,188.08,269.67
10549,20240330,375,46.16,34.75,40.11
10550,20230521,45,269.74,223.62,298.66
10551,20260608,92,242.67,197.36,254.07
10552,20250923,157,17.11,16.76,18.88
10553,20230116,420,122.78,111.34,110.9
10554,20250705,690,128.51,117.37,139.19
10555,20250319,387,66.08,50.78,72.44
10556,20250203,493,91.44,83.81,79.3
10557,20230113,431,27.19,23.75,29.18
10558,20260314,719,73.37,68.67,63.35
10559,20241225,738,223.85,219.78,236.89
10560,20260407,728,23.99,20.18,21.33
10561,20260404,51,80.4,63.04,80.22
10562,20260524,249,37.07,33.3,40.66
10563,20230806,350,195.28,188.48,173.57
10564,20240302,228,211.07,194.84,209.12
10565,20250808,701,100.15,78.63,99.99
10566,20250320,396,167.37,137.1,142.45
10567,20240323,774,100.34,97.86,102.37
10568,20240403,434,136.54,131.34,137.38
10569,20231008,503,318.02,317.14,285.72
10570,20240210,209,254.65,241.65,237.35
10571,20230203,285,204.89,159.78,189.5
10572,20250819,227,292.62,249.4,305.96
10573,20240429,12,262.97,248.48,298.62
10574,20240709,190,46.04,35.82,40.27
10575,20230207,261,212.23,201.46,212.92
10576,20241007,444,271.47,270.09,276.41
10577,20231230,66,232.57,176.82,252.71
10578,20260616,124,11.28,10.7,12.55
10579,20241013,85,52.93,51.26,57.68
10580,20240218,180,25.06,21.39,23.84
10581,20230310,380,239.62,218.29,245.17
10582,20250820,11,54.42,42.4,55.07
10583,20260125,483,167.82,164.68,176.0
10584,20241125,409,219.82,174.94,196.35
10585,20231005,33,147.68,121.44,147.44
10586,20240330,407,187.73,165.17,168.56
10587,20260413,480,425.68,361.97,389.65
10588,20260521,58,31.75,25.51,33.64
10589,20231224,343,17.55,13.27,18.32
10590,20230723,121,298.82,298.72,312.83
10591,20240508,240,48.56,38.9,51.26
10592,20260503,224,205.12,157.5,178.18
10593,20250607,324,210.25,192.77,178.95
10594,20230626,25,50.32,42.64,50.32
10595,20250920,202,290.4,275.89,324.13
10596,20230226,320,204.9,202.57,175.59
10597,20250909,611,119.6,100.88,106.8
10598,20240225,423,26.19,23.49,24.42
10599,20240313,507,266.28,221.78,228.63
10600,20260611,334,266.65,248.27,234.69
10601,20250901,472,30.87,27.67,28.98
10602,20250715,8,211.32,203.99,189.36
10603,20230213,111,310.59,286.72,353.91
10604,20230702,646,202.52,169.84,188.13
10605,20240110,760,321.52,282.35,301.37
10606,20240428,66,232.57,214.82,231.5
10607,20250414,416,128.68,116.95,143.13
10608,20250627,786,127.42,107.9,124.05
10609,20250424,677,101.31,78.2,94.88
10610,20230709,628,117.7,91.39,113.83
10611,20231113,478,272.96,231.01,234.79
10612,20251013,76,227.03,176.52,255.91
10613,20230921,9,228.25,203.95,198.7
10614,20240204,72,119.72,95.94,127.05
10615,20230408,176,155.18,126.14,152.16
10616,20231001,234,318.9,248.61,291.55
10617,20260430,386,184.17,138.48,207.12
10618,20240709,565,40.62,38.24,44.29
10619,20250214,547,393.46,372.13,338.4
10620,20260526,697,203.47,172.94,205.81
10621,20251217,62,427.35,403.1,418.38
10622,20250604,353,230.0,212.48,225.75
10623,20230116,412,57.85,56.4,54.29
10624,20231020,439,350.84,309.36,403.32
10625,20231018,222,199.12,199.05,172.43
10626,20260324,543,164.16,157.72,164.76
10627,20260105,530,239.02,181.32,251.29
10628,20250520,218,193.69,173.15,204.3
10629,20250510,207,387.32,378.03,428.37
10630,20230330,648,33.89,27.19,33.45
10631,20240818,733,218.3,212.43,236.28
10632,20260202,148,26.37,22.21,22.49
10633,20260516,402,21.66,19.33,18.72
10634,20230228,476,235.18,199.08,220.3
10635,20241230,41,272.3,260.8,297.78
10636,20230704,139,382.89,361.72,402.63
10637,20230618,476,235.18,222.1,217.49
10638,20231021,486,204.27,159.01,229.36
10639,20241209,37,408.21,373.49,432.96
10640,20230804,758,348.5,337.54,361.54
10641,20241114,326,267.52,241.3,260.37
10642,20230604,59,71.61,57.65,75.28
10643,20240210,187,256.66,219.47,235.55
10644,20231102,297,203.31,171.29,206.58
10645,20241205,201,178.89,141.98,194.01
10646,20251028,624,21.67,20.71,21.16
10647,20241005,564,142.88,142.58,133.32
10648,20260309,713,325.0,251.83,334.43
10649,20230517,305,183.32,180.83,179.0
10650,20240225,612,244.74,210.84,254.15
10651,20231122,412,57.85,56.97,52.55
10652,20240811,612,244.74,237.42,273.49
10653,20240326,104,158.51,151.69,176.59
10654,20231214,416,128.68,126.31,136.6
10655,20260502,774,100.34,93.2,90.56
10656,20250319,209,254.65,204.37,232.32
10657,20260627,476,235.18,227.79,210.65
10658,20231227,382,50.92,38.92,47.71
10659,20260501,603,228.34,192.38,209.21
10660,20250614,365,297.68,259.55,284.09
10661,20240617,743,343.9,296.82,392.18
10662,20250907,513,255.23,194.32,290.27
10663,20230309,131,24.54,23.05,22.49
10664,20230426,133,157.64,126.77,176.61
10665,20260626,518,38.63,32.84,41.62
10666,20230527,542,118.48,101.79,108.74
10667,20250224,328,77.81,68.33,68.3
10668,20230514,690,128.51,96.85,137.7
10669,20260122,181,341.92,320.71,321.88
10670,20230805,14,109.54,88.11,120.19
10671,20250526,550,203.17,164.93,211.16
10672,20241115,340,256.97,211.66,264.66
10673,20240730,667,106.93,96.09,96.54
10674,20240921,202,290.4,237.14,326.84
10675,20231026,709,35.68,30.37,37.4
10676,20260205,272,66.09,52.3,65.4
10677,20230717,353,230.0,208.21,253.32
10678,20250707,413,98.94,79.22,105.29
10679,20231129,662,142.93,116.24,122.34
10680,20260526,389,13.99,10.75,13.23
10681,20240527,177,72.58,57.56,77.45
10682,20230501,6,195.36,164.31,217.49
10683,20260112,115,258.32,234.79,266.66
10684,20250626,774,100.34,79.57,100.09
10685,20240904,226,250.65,200.41,264.98
10686,20240419,375,46.16,45.84,41.11
10687,20230530,787,222.59,181.55,208.86
10688,20241127,382,50.92,50.08,47.65
10689,20231215,277,308.04,253.15,309.5
10690,20250720,421,82.54,62.35,91.76
10691,20260321,591,113.73,90.71,125.04
10692,20260521,100,63.71,59.47,57.0
10693,20230916,424,164.94,152.32,177.11
10694,20230331,285,204.89,181.85,227.55
10695,20240421,612,244.74,187.15,211.95
10696,20260125,270,147.92,123.98,166.26
10697,20240412,245,129.45,106.35,115.95
10698,20240520,708,140.71,130.54,140.46
10699,20260503,320,204.9,156.04,183.78
10700,20240825,760,321.52,308.81,300.87
10701,20241014,56,266.02,255.04,255.25
10702,20260609,103,169.4,138.76,162.47
10703,20250820,277,308.04,267.92,283.31
10704,20231111,305,183.32,161.33,171.86
10705,20240618,183,26.08,23.45,28.76
10706,20251014,482,74.27,66.82,83.35
10707,20250909,798,130.63,108.07,138.54
10708,20240921,21,279.33,239.56,303.69
10709,20250111,793,136.99,131.12,124.77
10710,20230723,12,262.97,223.84,288.06
10711,20230509,377,227.02,224.28,201.17
10712,20230905,717,37.49,32.17,32.45
10713,20260410,707,225.72,205.5,200.6
10714,20250919,509,90.19,72.76,89.28
10715,20250104,734,36.51,32.6,32.19
10716,20230507,799,172.35,168.76,186.07
10717,20251204,554,59.83,56.5,67.18
10718,20240427,464,223.36,187.78,222.58
10719,20260528,123,122.98,105.45,106.92
10720,20230223,409,219.82,175.94,252.59
10721,20241023,97,301.78,278.15,288.15
10722,20240810,453,159.04,142.77,156.21
10723,20230331,332,121.61,108.11,116.06
10724,20251214,257,153.43,136.44,144.95
10725,20250624,104,158.51,123.0,158.46
10726,20260528,162,43.61,32.91,37.67
10727,20241212,126,119.25,97.56,125.07
10728,20250503,209,254.65,238.13,259.99
10729,20240707,190,46.04,43.42,47.37
10730,20241004,117,66.51,63.98,58.07
10731,20231122,765,31.01,23.74,32.06
10732,20230328,652,164.75,156.86,146.66
10733,20230210,62,427.35,386.5,471.53
10734,20231230,484,15.41,11.9,13.64
10735,20241203,430,96.92,93.82,92.66
10736,20251006,321,380.87,299.35,422.82
10737,20251225,228,211.07,168.65,208.33
10738,20240618,316,244.0,234.72,235.37
10739,20240312,34,218.67,196.84,221.6
10740,20250811,130,108.44,104.08,107.36
10741,20260131,81,274.94,231.25,253.75
10742,20231105,370,263.18,258.72,291.69
10743,20260303,710,52.14,48.73,58.06
10744,20251001,369,98.11,81.98,94.36
10745,20250218,314,241.0,239.11,256.25
10746,20231224,439,350.84,279.03,338.17
10747,20230906,484,15.41,13.29,17.19
10748,20260612,243,30.66,23.39,33.25
10749,20250225,311,360.5,309.94,316.84
10750,20230501,536,232.15,193.41,225.38
10751,20260228,31,281.2,215.69,302.04
10752,20230511,395,380.39,313.36,368.79
10753,20251012,144,249.79,233.99,286.48
10754,20260325,112,332.69,283.83,357.17
10755,20230518,762,278.35,260.59,297.03
10756,20250417,783,254.01,253.91,262.68
10757,20250521,600,66.54,64.34,68.67
10758,20230407,719,73.37,66.23,84.01
10759,20251013,220,267.45,243.44,237.58
10760,20250427,498,309.5,245.82,323.21
10761,20260609,25,50.32,38.91,53.99
10762,20260515,200,245.23,239.95,246.13
10763,20230513,24,126.6,113.85,136.01
10764,20231220,663,304.83,263.02,266.05
10765,20231218,435,227.4,212.22,196.62
10766,20250706,770,92.3,85.71,100.62
10767,20240630,605,161.5,124.36,138.15
10768,20230327,759,228.08,195.35,212.0
10769,20250702,619,96.72,89.31,82.9
10770,20260115,72,119.72,111.46,102.09
10771,20250314,574,292.71,274.42,265.08
10772,20230517,328,77.81,63.45,68.47
10773,20250708,616,278.04,248.46,319.48
10774,20251222,463,203.4,193.94,180.95
10775,20240226,409,219.82,198.71,191.47
10776,20240906,102,258.72,255.42,231.01
10777,20230218,558,241.4,221.13,218.35
10778,20251010,228,211.07,198.86,220.38
10779,20250629,466,314.66,251.73,321.6
10780,20250701,569,318.86,307.63,336.26
10781,20240811,328,77.81,76.39,76.87
10782,20241003,515,127.91,123.56,137.78
10783,20250731,261,212.23,169.41,223.81
10784,20260106,128,41.76,39.76,36.34
10785,20250102,53,274.33,260.32,238.42
10786,20240702,66,232.57,177.65,224.08
10787,20240903,286,317.67,267.15,282.22
10788,20260131,792,142.29,141.14,146.69
10789,20260405,208,194.43,175.25,169.66
10790,20230501,446,47.38,41.24,52.86
10791,20250512,779,134.97,106.14,134.68
10792,20231115,49,197.2,169.92,194.86
10793,20250225,684,145.2,129.11,138.79
10794,20251116,268,75.48,58.23,78.88
10795,20240313,365,297.68,247.74,292.52
10796,20231028,528,365.56,332.23,339.06
10797,20231119,59,71.61,64.38,81.76
10798,20251007,299,12.05,10.15,11.16
10799,20250611,204,137.31,116.56,139.43
10800,20231209,60,69.61,55.36,68.92
10801,20260526,397,149.6,113.64,149.71
10802,20250724,474,285.61,263.71,297.39
10803,20251129,597,11.11,9.13,10.2
10804,20231026,400,179.93,150.76,202.59
10805,20260221,308,277.35,247.41,290.55
10806,20250812,90,228.46,185.37,258.79
10807,20260125,20,54.98,50.4,54.16
10808,20240515,329,269.12,263.63,284.91
10809,20240302,800,138.76,105.95,158.09
10810,20230310,270,147.92,139.69,134.06
10811,20240429,711,89.35,81.68,91.52
10812,20260518,146,188.03,171.92,168.61
10813,20230912,512,65.44,56.43,71.56
10814,20230213,719,73.37,73.11,68.63
10815,20250329,749,202.73,189.39,206.22
10816,20231014,798,130.63,114.07,141.01
10817,20251117,378,260.57,252.87,285.54
10818,20260430,426,82.56,71.83,83.29
10819,20241025,740,239.3,191.5,244.52
10820,20240713,554,59.83,55.93,60.92
10821,20241030,372,11.94,11.28,13.64
10822,20231227,620,141.64,125.91,133.96
10823,20230613,182,161.43,135.94,179.07
10824,20260128,295,217.29,213.0,188.95
10825,20231028,761,403.08,354.61,461.16
10826,20240628,29,170.48,135.79,146.95
10827,20250728,41,272.3,250.85,303.32
10828,20250124,236,380.33,365.57,360.79
10829,20260411,59,71.61,64.25,82.07
10830,20231029,723,392.9,346.36,395.71
10831,20240606,90,228.46,196.78,215.5
10832,20240826,427,416.06,400.15,406.43
10833,20250821,620,141.64,137.09,154.12
10834,20260513,571,319.71,243.94,334.88
10835,20250901,386,184.17,181.07,203.22
10836,20231224,644,440.69,426.39,388.75
10837,20230621,672,106.54,93.11,121.6
10838,20231102,724,208.64,187.43,217.99
10839,20240303,41,272.3,210.87,243.6
10840,20241002,551,39.75,39.7,41.11
10841,20241126,425,155.73,119.85,164.93
10842,20250505,749,202.73,194.73,212.88
10843,20250912,272,66.09,57.29,63.28
10844,20230329,480,425.68,405.48,365.11
10845,20240720,593,348.5,335.78,381.87
10846,20240107,200,245.23,188.58,216.3
10847,20250711,666,221.55,176.82,244.61
10848,20240121,39,85.06,82.3,82.32
10849,20240415,147,53.98,42.17,51.82
10850,20230630,105,380.19,364.09,397.02
10851,20241227,708,140.71,112.4,159.01
10852,20230421,120,187.42,151.71,183.85
10853,20250427,757,118.51,111.92,115.57
10854,20250209,74,140.18,127.58,120.48
10855,20260317,488,237.94,197.61,249.59
10856,20241207,159,138.34,119.88,153.9
10857,20260217,725,378.22,303.19,333.99
10858,20250205,429,195.21,168.28,211.84
10859,20250305,472,30.87,24.02,30.47
10860,20240919,398,70.82,61.02,76.49
10861,20240731,130,108.44,92.85,121.56
10862,20250510,194,314.56,263.03,339.26
10863,20250921,640,151.16,113.63,158.91
10864,20231215,11,54.42,45.21,55.35
10865,20250731,286,317.67,255.22,281.57
10866,20230109,333,315.8,237.08,301.73
10867,20240627,701,100.15,79.99,91.63
10868,20241028,375,46.16,45.04,46.15
10869,20230110,406,176.64,152.39,194.33
10870,20230831,44,186.98,162.08,208.6
10871,20260305,274,185.35,162.08,195.38
10872,20230401,610,31.94,29.07,36.08
10873,20251102,542,118.48,111.2,101.8
10874,20230512,269,15.66,15.31,14.1
10875,20251210,548,210.49,171.45,221.21
10876,20250220,418,235.9,177.99,205.11
10877,20230712,103,169.4,147.48,156.44
10878,20260616,649,267.48,243.8,252.73
10879,20240521,352,272.28,258.86,263.82
10880,20240820,788,168.35,136.07,171.02
10881,20260208,276,66.7,61.0,64.19
10882,20250311,113,119.1,106.04,113.47
10883,20240302,376,268.5,222.1,307.73
10884,20251110,99,363.81,294.25,415.4
10885,20250428,525,333.84,311.09,377.58
10886,20240826,272,66.09,50.97,58.67
10887,20240506,406,176.64,174.32,190.55
10888,20240406,331,284.71,230.76,306.59
10889,20251217,418,235.9,187.37,245.07
10890,20230527,757,118.51,113.78,132.8
10891,20260411,212,17.63,16.69,15.83
10892,20230723,276,66.7,57.59,73.06
10893,20250922,719,73.37,65.05,82.45
10894,20230415,471,34.5,26.97,32.98
10895,20230610,445,236.18,224.85,213.0
10896,20240622,127,264.28,250.37,233.2
10897,20240104,236,380.33,311.39,346.98
10898,20251127,540,329.69,315.6,355.78
10899,20240926,490,84.06,76.83,80.79
10900,20240124,283,273.75,259.58,286.46
10901,20250621,502,358.64,278.53,328.71
10902,20260509,109,374.56,370.48,391.05
10903,20250626,173,352.79,332.96,365.06
10904,20240706,575,196.28,161.13,193.37
10905,20240813,41,272.3,212.15,247.58
10906,20240718,551,39.75,38.29,42.86
10907,20230708,216,336.54,263.24,367.97
10908,20250428,730,218.37,205.15,235.42
10909,20231216,783,254.01,193.93,252.54
10910,20260322,336,366.26,308.46,347.87
10911,20231206,345,274.13,272.96,285.97
10912,20260120,482,74.27,68.46,72.66
10913,20251001,164,412.46,328.69,447.68
10914,20250509,433,60.97,59.22,69.06
10915,20260601,375,46.16,39.48,42.08
10916,20230816,749,202.73,177.76,212.54
10917,20250826,306,267.41,205.11,296.63
10918,20240312,460,84.17,82.18,85.07
10919,20240211,331,284.71,234.37,293.06
10920,20240109,157,17.11,16.52,15.34
10921,20250619,450,361.37,349.1,335.86
10922,20230922,412,57.85,44.39,65.87
10923,20240919,130,108.44,106.39,103.98
10924,20240704,466,314.66,257.75,267.65
10925,20251231,48,76.9,64.19,77.75
10926,20231223,229,168.69,129.44,162.3
10927,20250731,38,36.67,36.56,39.91
10928,20250728,337,284.78,282.28,298.98
10929,20251109,304,72.0,63.87,63.3
10930,20250630,436,313.39,283.78,353.74
10931,20260125,774,100.34,75.3,102.91
10932,20230710,305,183.32,149.19,192.34
10933,20250830,432,269.02,222.1,292.83
10934,20230807,20,54.98,42.28,55.77
10935,20231031,730,218.37,195.44,248.68
10936,20260429,314,241.0,212.27,241.93
10937,20230605,628,117.7,108.58,132.7
10938,20230524,663,304.83,266.47,293.99
10939,20251013,131,24.54,22.56,21.29
10940,20240217,12,262.97,201.25,245.55
10941,20250318,768,253.35,202.23,261.57
10942,20250412,101,321.61,288.68,324.87
10943,20260313,68,17.84,16.8,18.03
10944,20230309,341,53.82,50.49,51.0
10945,20260218,760,321.52,247.87,334.29
10946,20251002,757,118.51,107.17,116.61
10947,20251208,394,159.79,121.99,149.06
10948,20230922,774,100.34,92.96,101.66
10949,20231018,14,109.54,89.27,115.45
10950,20230802,709,35.68,31.73,35.13
10951,20250608,447,59.76,58.99,61.68
10952,20230203,84,73.96,70.31,66.66
10953,20251104,287,248.3,199.75,250.44
10954,20230820,427,416.06,375.99,359.47
10955,20250603,375,46.16,35.95,46.59
10956,20231118,579,241.27,215.83,275.06
10957,20230121,759,228.08,176.95,235.41
10958,20231102,123,122.98,97.66,140.88
10959,20250531,87,204.15,186.77,187.77
10960,20250220,791,228.37,217.57,226.59
10961,20230708,207,387.32,336.7,361.86
10962,20231129,632,291.15,225.62,301.26
10963,20241212,2,108.79,90.37,109.0
10964,20231216,145,222.21,175.04,243.48
10965,20240130,402,21.66,19.58,19.48
10966,20230828,304,72.0,68.66,62.95
10967,20260610,509,90.19,72.82,92.08
10968,20231128,634,132.1,109.39,123.0
10969,20250224,176,155.18,116.39,171.11
10970,20231221,593,348.5,328.5,385.49
10971,20240606,629,217.61,171.45,207.82
10972,20240108,409,219.82,185.26,229.07
10973,20240304,336,366.26,351.16,388.62
10974,20250222,44,186.98,172.33,212.41
10975,20230509,220,267.45,227.81,227.86
10976,20240803,503,318.02,281.08,334.79
10977,20230720,212,17.63,14.43,17.73
10978,20230414,739,248.72,223.21,219.88
10979,20240130,549,116.99,108.42,102.73
10980,20230609,167,236.05,227.0,241.62
10981,20240626,319,283.51,253.51,277.75
10982,20230513,670,228.6,197.17,249.65
10983,20230517,324,210.25,167.12,240.74
10984,20230124,656,264.51,205.52,246.73
10985,20230207,256,108.27,94.88,94.09
10986,20250621,775,193.35,164.45,192.45
10987,20241012,209,254.65,223.42,242.39
10988,20250430,429,195.21,168.0,212.32
10989,20230527,407,187.73,148.43,186.44
10990,20250619,83,12.62,12.17,10.89
10991,20240803,346,279.84,262.88,264.77
10992,20250929,774,100.34,76.17,109.25
10993,20250721,375,46.16,42.69,44.47
10994,20240805,341,53.82,47.34,49.44
10995,20240417,260,283.2,219.85,301.72
10996,20260216,35,16.22,14.17,13.83
10997,20240714,613,46.15,41.36,47.36
10998,20251117,562,188.77,156.18,216.96
10999,20241213,405,234.96,211.07,209.45
11000,20240803,738,223.85,210.94,248.8
11001,20260221,277,308.04,249.86,298.0
11002,20260125,569,318.86,262.01,356.92
11003,20250115,23,213.42,179.06,181.49
11004,20251122,790,117.22,92.02,134.52
11005,20240718,306,267.41,215.79,227.49
11006,20260415,717,37.49,37.34,41.79
11007,20240323,405,234.96,195.78,269.14
11008,20231203,630,339.79,279.53,343.74
11009,20240531,179,40.39,34.08,37.2
11010,20250518,115,258.32,200.82,240.35
11011,20230423,763,348.36,265.4,360.31
11012,20250418,605,161.5,148.23,172.38
11013,20250208,656,264.51,229.64,228.3
11014,20250316,480,425.68,321.34,428.18
11015,20240702,410,94.32,86.14,85.18
11016,20241216,651,68.28,56.8,67.29
11017,20241111,751,98.86,87.95,103.55
11018,20230510,585,163.26,140.76,151.37
11019,20241015,436,313.39,245.71,279.7
11020,20250807,521,260.98,254.8,235.95
11021,20240116,318,41.09,31.83,40.9
11022,20250916,219,21.56,18.83,21.24
11023,20241216,635,53.49,41.1,61.08
11024,20260523,569,318.86,312.74,339.57
11025,20240707,183,26.08,22.06,24.87
11026,20241226,768,253.35,209.58,222.72
11027,20240430,78,147.0,128.53,135.83
11028,20240624,212,17.63,13.9,18.72
11029,20260120,288,29.26,25.69,26.71
11030,20231220,214,309.39,250.25,270.87
11031,20250611,175,303.57,242.74,265.77
11032,20230930,362,342.7,325.11,381.94
11033,20231106,40,246.38,196.64,250.11
11034,20230902,721,249.16,209.81,270.16
11035,20230728,728,23.99,23.65,25.45
11036,20260616,310,71.17,70.08,79.21
11037,20250804,727,29.93,24.69,28.08
11038,20240608,293,423.76,397.09,427.15
11039,20240815,750,22.62,19.04,25.67
11040,20260625,83,12.62,12.06,13.14
11041,20250310,591,113.73,86.54,121.61
11042,20241013,555,113.22,86.79,122.19
11043,20231130,116,34.36,25.8,38.95
11044,20250630,397,149.6,147.07,136.68
11045,20240107,718,216.02,215.24,238.19
11046,20240421,344,107.89,98.01,114.01
11047,20231214,119,333.87,277.3,374.52
11048,20240703,569,318.86,315.32,294.32
11049,20260419,244,357.61,305.01,323.18
11050,20230410,184,305.93,278.61,310.53
11051,20251118,214,309.39,289.15,285.32
11052,20240924,713,325.0,302.25,361.15
11053,20240807,50,253.67,194.52,267.49
11054,20231206,201,178.89,136.15,184.89
11055,20230614,472,30.87,23.67,27.73
11056,20240316,123,122.98,114.6,114.32
11057,20260502,233,146.82,114.81,163.33
11058,20250930,799,172.35,143.29,159.62
11059,20230722,69,201.68,197.85,172.62
11060,20250128,462,220.62,196.16,251.9
11061,20250510,574,292.71,285.23,303.09
11062,20260127,394,159.79,147.3,168.31
11063,20240406,709,35.68,31.58,32.02
11064,20231001,418,235.9,196.03,207.84
11065,20250718,497,311.63,253.0,307.99
11066,20250429,542,118.48,97.11,115.44
11067,20230828,111,310.59,293.62,287.56
11068,20260205,637,73.36,70.55,75.72
11069,20231115,724,208.64,163.54,234.0
11070,20250129,236,380.33,322.84,427.22
11071,20260420,186,192.02,184.21,196.76
11072,20230624,770,92.3,85.25,93.0
11073,20240226,140,105.24,90.69,92.94
11074,20240321,654,223.67,219.64,244.19
11075,20241221,321,380.87,378.96,359.48
11076,20251022,343,17.55,14.79,19.76
11077,20240507,176,155.18,118.42,157.26
11078,20260419,277,308.04,263.89,268.01
11079,20240804,341,53.82,51.63,59.1
11080,20230116,40,246.38,214.33,221.18
11081,20240428,173,352.79,291.24,335.86
11082,20250317,480,425.68,340.49,441.65
11083,20241231,48,76.9,68.23,86.7
11084,20230710,756,394.25,338.92,355.62
11085,20250930,418,235.9,215.37,259.7
11086,20240730,524,130.88,122.37,148.22
11087,20260526,648,33.89,26.82,30.61
11088,20240915,670,228.6,204.95,221.58
11089,20251118,333,315.8,265.29,293.76
11090,20251215,315,296.21,252.19,297.5
11091,20240606,392,148.86,139.02,158.08
11092,20250523,61,9.0,7.43,8.68
11093,20240316,240,48.56,40.6,47.0
11094,20260624,40,246.38,191.45,217.91
11095,20230912,388,209.17,174.5,220.06
11096,20230704,464,223.36,173.65,213.28
11097,20250428,321,380.87,311.6,361.4
11098,20240524,163,35.79,27.61,37.41
11099,20241011,731,425.46,369.6,377.21
11100,20260107,109,374.56,354.62,412.23
11101,20251216,373,240.17,209.95,225.95
11102,20250208,411,64.81,61.95,56.77
11103,20250603,90,228.46,198.72,249.97
11104,20230416,102,258.72,223.54,289.33
11105,20230910,524,130.88,129.71,121.32
11106,20260124,778,248.68,189.91,217.76
11107,20230907,122,193.32,151.28,175.22
11108,20240729,97,301.78,255.36,344.17
11109,20230930,530,239.02,182.83,231.85
11110,20250813,607,181.88,142.41,157.24
11111,20230307,428,389.44,353.78,411.31
11112,20250628,543,164.16,129.68,163.87
11113,20240204,57,20.69,15.88,17.77
11114,20250213,380,239.62,211.43,230.8
11115,20260430,683,426.67,353.12,443.01
11116,20250826,680,272.43,247.32,264.36
11117,20251104,726,274.85,242.58,235.97
11118,20241123,649,267.48,263.21,248.49
11119,20230816,273,176.31,156.14,154.06
11120,20250226,178,241.37,198.95,234.15
11121,20230622,52,21.14,16.21,20.65
11122,20260516,359,156.76,140.95,140.87
11123,20250107,40,246.38,195.5,281.29
11124,20260508,403,210.54,172.19,235.63
11125,20230902,73,219.47,190.0,237.2
11126,20240502,690,128.51,104.22,129.67
11127,20230322,594,93.21,79.05,101.22
11128,20230206,564,142.88,119.5,147.42
11129,20260528,705,239.69,216.09,261.64
11130,20260417,82,299.58,278.56,293.68
11131,20260330,382,50.92,39.72,53.13
11132,20260112,12,262.97,244.02,245.43
11133,20251019,422,51.31,46.34,57.2
11134,20230714,213,250.01,188.22,254.96
11135,20230223,612,244.74,216.73,256.23
11136,20260519,285,204.89,177.0,217.77
11137,20250419,45,269.74,232.68,268.46
11138,20250710,264,10.22,9.32,9.19
11139,20230613,151,452.82,410.81,439.84
11140,20230809,638,35.51,32.94,40.03
11141,20241009,582,419.19,408.25,401.36
11142,20230801,662,142.93,119.8,154.41
11143,20251012,60,69.61,67.41,79.41
11144,20250721,522,104.14,92.63,119.15
11145,20250710,710,52.14,40.09,45.47
11146,20250115,457,60.47,47.97,60.81
11147,20230503,477,253.44,243.16,222.89
11148,20250425,753,306.18,251.76,319.22
11149,20260315,232,283.79,235.34,325.24
11150,20260525,203,357.94,341.46,336.89
11151,20250725,528,365.56,300.3,409.36
11152,20240905,552,211.79,165.13,197.95
11153,20230603,118,410.38,325.27,421.52
11154,20251101,597,11.11,10.47,12.47
11155,20230227,250,223.62,184.43,199.23
11156,20250708,719,73.37,56.45,77.26
11157,20240317,520,361.69,311.66,321.67
11158,20251215,384,52.49,42.0,53.77
11159,20250221,42,245.92,209.04,262.98
11160,20260417,293,423.76,393.78,373.66
11161,20240803,170,336.66,295.78,318.85
11162,20260515,454,323.6,291.47,324.46
11163,20231218,263,87.43,76.7,86.38
11164,20230823,162,43.61,38.14,49.05
11165,20250707,702,260.54,250.42,250.03
11166,20240909,430,96.92,95.74,85.76
11167,20250403,176,155.18,124.89,151.39
11168,20240329,121,298.82,270.78,342.17
11169,20260208,31,281.2,214.21,301.9
11170,20251121,511,114.7,93.0,103.74
11171,20240903,528,365.56,343.81,352.6
11172,20230110,453,159.04,132.89,169.07
11173,20231210,256,108.27,95.34,117.83
11174,20230901,242,171.67,161.49,148.57
11175,20241110,723,392.9,325.75,369.77
11176,20230614,360,146.23,141.03,159.76
11177,20231222,24,126.6,115.01,138.32
11178,20230905,743,343.9,314.35,340.69
11179,20230808,560,40.22,36.49,42.16
11180,20240204,785,272.2,244.63,298.97
11181,20260403,330,288.16,279.79,329.17
11182,20251025,234,318.9,286.99,313.81
11183,20241216,269,15.66,13.42,16.35
11184,20260415,167,236.05,206.88,240.62
11185,20251112,288,29.26,29.22,32.99
11186,20230524,378,260.57,243.45,291.11
11187,20230416,689,102.62,83.8,104.52
11188,20230929,63,58.12,48.74,54.79
11189,20231106,329,269.12,210.17,245.43
11190,20230510,426,82.56,69.34,87.91
11191,20240306,691,160.49,148.72,183.52
11192,20250714,314,241.0,223.35,238.23
11193,20240527,569,318.86,291.64,346.33
11194,20250411,719,73.37,58.3,76.05
11195,20260527,483,167.82,152.76,160.93
11196,20230426,518,38.63,35.47,44.04
11197,20240520,374,330.48,306.31,304.19
11198,20240716,621,238.21,231.44,244.0
11199,20230723,213,250.01,246.4,242.37
11200,20250407,458,116.37,88.76,117.15
11201,20241116,98,316.05,243.09,304.01
11202,20250917,386,184.17,171.44,200.86
11203,20230723,538,86.46,73.48,94.36
11204,20230826,434,136.54,113.61,127.52
11205,20260304,433,60.97,54.02,61.46
11206,20250704,491,168.23,143.77,158.85
11207,20260628,448,28.11,27.65,25.52
11208,20231019,666,221.55,187.75,215.51
11209,20240305,653,210.05,170.92,238.25
11210,20230926,800,138.76,104.27,153.58
11211,20240516,87,204.15,203.59,227.44
11212,20260213,480,425.68,413.66,372.05
11213,20231208,166,277.57,212.31,250.11
11214,20260627,45,269.74,253.46,256.5
11215,20240407,69,201.68,196.66,194.94
11216,20231105,518,38.63,35.46,41.9
11217,20250613,104,158.51,145.86,162.67
11218,20240518,376,268.5,262.87,281.42
11219,20230214,467,166.44,164.53,188.2
11220,20250909,505,143.55,114.72,126.28
11221,20230824,262,237.84,213.34,216.54
11222,20230122,167,236.05,210.63,213.02
11223,20260208,654,223.67,187.35,224.93
11224,20250731,194,314.56,245.65,312.19
11225,20230603,57,20.69,18.59,21.93
11226,20230326,433,60.97,53.28,56.85
11227,20230611,128,41.76,36.76,41.95
11228,20251030,455,34.92,29.53,33.61
11229,20240729,90,228.46,195.99,246.41
11230,20241017,573,146.12,115.13,141.49
11231,20240516,459,41.78,36.78,47.4
11232,20240704,436,313.39,248.92,354.09
11233,20241114,421,82.54,71.44,71.28
11234,20240708,308,277.35,248.55,249.5
11235,20231024,95,76.43,57.63,85.76
11236,20260224,244,357.61,297.09,354.15
11237,20230712,50,253.67,245.54,252.3
11238,20260308,350,195.28,194.28,186.72
11239,20230603,202,290.4,256.16,292.23
11240,20250703,363,113.38,97.39,110.48
11241,20231012,196,79.66,73.58,84.78
11242,20250407,5,163.2,139.47,146.73
11243,20230108,84,73.96,72.87,83.05
11244,20231031,403,210.54,181.21,183.19
11245,20230712,399,52.27,39.23,52.41
11246,20230331,277,308.04,279.7,299.07
11247,20231110,685,141.65,141.1,148.13
11248,20251209,276,66.7,50.23,76.47
11249,20241102,230,55.79,55.23,51.21
11250,20230324,97,301.78,279.79,327.43
11251,20260521,178,241.37,239.09,232.73
11252,20240921,610,31.94,26.68,35.94
11253,20250903,594,93.21,82.8,80.56
11254,20240721,637,73.36,56.58,64.88
11255,20260626,710,52.14,52.1,55.63
11256,20251113,186,192.02,187.53,181.76
11257,20240515,234,318.9,266.31,287.41
11258,20240814,554,59.83,57.78,53.91
11259,20260410,180,25.06,19.59,25.05
11260,20260329,228,211.07,173.76,195.96
11261,20240402,319,283.51,252.53,317.64
11262,20240918,707,225.72,205.43,202.57
11263,20230707,338,214.38,175.32,192.57
11264,20260327,164,412.46,380.03,412.15
11265,20240116,456,219.24,217.51,248.08
11266,20230218,698,103.34,96.98,88.69
11267,20240126,713,325.0,263.49,361.48
11268,20250709,187,256.66,212.95,222.27
11269,20240813,148,26.37,24.95,23.55
11270,20240324,375,46.16,36.61,45.37
11271,20241203,184,305.93,292.37,276.15
11272,20260505,577,292.69,226.66,250.93
11273,20230827,184,305.93,255.23,332.12
11274,20251026,616,278.04,276.25,313.52
11275,20260201,494,380.5,289.21,360.99
11276,20240914,135,41.31,38.09,47.42
11277,20250621,53,274.33,211.23,300.52
11278,20231118,39,85.06,71.38,95.74
11279,20250602,468,354.29,325.19,365.19
11280,20260314,493,91.44,89.23,99.53
11281,20250505,549,116.99,112.53,132.11
11282,20250113,205,82.38,75.78,79.54
11283,20230730,642,93.63,73.26,97.55
11284,20241009,446,47.38,47.07,43.54
11285,20260224,19,252.36,205.71,247.44
11286,20260307,558,241.4,237.67,271.21
11287,20231013,98,316.05,296.27,345.99
11288,20231019,105,380.19,285.98,430.74
11289,20231116,645,259.57,248.38,293.75
11290,20240916,768,253.35,198.81,222.4
11291,20250601,648,33.89,27.32,34.78
11292,20240705,408,74.67,65.81,73.61
11293,20240213,431,27.19,23.46,28.83
11294,20230515,135,41.31,40.84,45.39
11295,20230821,177,72.58,72.0,63.58
11296,20231126,431,27.19,25.07,24.01
11297,20260126,601,17.49,16.65,15.6
11298,20231028,538,86.46,75.06,80.7
11299,20231023,698,103.34,99.11,113.08
11300,20240307,478,272.96,251.17,295.85
11301,20230709,707,225.72,211.92,220.4
11302,20260206,29,170.48,134.6,148.5
11303,20230816,98,316.05,277.8,329.57
11304,20250311,337,284.78,272.67,285.18
11305,20240523,2,108.79,98.73,110.17
11306,20250211,276,66.7,64.64,74.72
11307,20240415,73,219.47,196.41,214.33
11308,20231210,286,317.67,293.49,352.76
11309,20240305,72,119.72,117.07,109.14
11310,20251229,620,141.64,111.31,160.56
11311,20231123,729,357.03,337.7,405.54
11312,20260314,696,181.19,160.69,154.16
11313,20240428,49,197.2,164.19,168.3
11314,20251211,218,193.69,165.04,167.46
11315,20250617,765,31.01,30.75,35.35
11316,20240520,154,257.41,223.3,262.05
11317,20240508,785,272.2,239.49,231.92
11318,20231223,195,225.23,212.12,210.27
11319,20250418,529,73.96,68.46,71.11
11320,20241101,331,284.71,276.3,276.42
11321,20231026,419,199.26,186.57,199.26
11322,20250705,443,376.23,289.44,401.5
11323,20240730,281,253.48,192.0,244.88
11324,20231115,115,258.32,202.04,267.13
11325,20250813,653,210.05,182.17,235.53
11326,20240723,77,218.69,166.81,237.44
11327,20230505,375,46.16,38.55,40.6
11328,20230226,407,187.73,154.53,215.39
11329,20230805,102,258.72,210.3,289.7
11330,20250309,303,105.17,93.32,114.81
11331,20240205,205,82.38,63.38,75.48
11332,20240912,456,219.24,204.85,205.0
11333,20250429,372,11.94,10.92,13.22
11334,20250302,630,339.79,312.45,296.97
11335,20251209,390,259.85,249.39,225.57
11336,20250927,624,21.67,20.78,19.0
11337,20260112,569,318.86,241.64,295.63
11338,20250523,633,57.66,49.12,61.28
11339,20250602,214,309.39,289.09,297.74
11340,20231122,4,279.54,256.07,292.48
11341,20240403,545,24.51,21.77,21.92
11342,20231124,316,244.0,201.44,260.75
11343,20240925,538,86.46,73.93,76.31
11344,20250113,307,130.54,97.97,116.66
11345,20250812,493,91.44,83.64,81.64
11346,20230313,196,79.66,67.33,87.07
11347,20230722,365,297.68,281.63,325.24
11348,20240410,286,317.67,252.69,275.82
11349,20230427,467,166.44,129.39,189.73
11350,20240815,100,63.71,48.98,59.65
11351,20240225,400,179.93,160.43,176.96
11352,20230611,139,382.89,336.15,417.26
11353,20250212,565,40.62,34.12,37.81
11354,20241005,667,106.93,92.55,94.41
11355,20260513,45,269.74,266.95,247.11
11356,20230612,411,64.81,63.86,72.05
11357,20250521,551,39.75,37.82,37.45
11358,20241022,571,319.71,244.97,328.8
11359,20250804,106,80.14,66.66,71.25
11360,20240908,354,235.99,221.25,261.28
11361,20260416,610,31.94,31.1,32.12
11362,20240329,776,93.65,82.49,88.75
11363,20230709,454,323.6,259.35,359.88
11364,20250321,430,96.92,95.17,87.16
11365,20260206,275,34.97,29.13,39.37
11366,20250817,173,352.79,346.65,339.0
11367,20250515,642,93.63,74.3,107.1
11368,20240221,187,256.66,254.23,235.61
11369,20230116,565,40.62,39.36,45.83
11370,20240129,339,147.7,127.06,168.58
11371,20260425,670,228.6,195.92,200.64
11372,20250908,98,316.05,256.86,289.76
11373,20240710,4,279.54,252.13,304.41
11374,20241220,515,127.91,122.43,123.26
11375,20251006,405,234.96,216.13,220.07
11376,20230212,389,13.99,10.84,15.11
11377,20240704,151,452.82,409.75,402.92
11378,20231027,545,24.51,19.3,27.47
11379,20230618,104,158.51,145.39,173.06
11380,20240824,758,348.5,317.27,366.06
11381,20250519,69,201.68,164.24,189.38
11382,20230712,658,277.36,213.92,292.35
11383,20240331,457,60.47,47.07,62.87
11384,20251115,439,350.84,327.6,342.05
11385,20230704,571,319.71,261.88,316.44
11386,20231007,513,255.23,245.54,258.27
11387,20260610,18,49.16,40.73,53.72
11388,20240715,294,364.34,294.84,367.99
11389,20251126,494,380.5,352.25,368.21
11390,20240328,255,317.46,271.47,305.81
11391,20240405,793,136.99,116.09,143.24
11392,20250903,250,223.62,179.61,242.19
11393,20260618,799,172.35,154.87,188.77
11394,20230515,57,20.69,20.28,18.24
11395,20240911,573,146.12,121.89,156.55
11396,20250409,191,330.51,275.88,281.83
11397,20230712,138,287.07,275.39,275.55
11398,20250113,311,360.5,340.96,389.48
11399,20231110,740,239.3,227.34,241.4
11400,20240116,539,287.91,256.98,255.72
11401,20260407,513,255.23,236.27,254.48
11402,20250714,486,204.27,203.52,202.79
11403,20240123,792,142.29,127.64,121.07
11404,20260324,554,59.83,45.55,61.4
11405,20241222,309,270.23,254.22,309.15
11406,20250622,336,366.26,287.17,409.6
11407,20230310,155,168.01,165.46,186.07
11408,20230825,577,292.69,259.13,324.53
11409,20230726,241,311.53,249.49,318.27
11410,20230917,463,203.4,174.02,205.44
11411,20230415,668,120.7,104.47,113.66
11412,20250109,519,54.14,51.07,59.96
11413,20230507,635,53.49,46.93,57.93
11414,20230728,132,116.18,107.72,112.9
11415,20230218,362,342.7,275.25,296.94
11416,20230627,634,132.1,104.98,129.54
11417,20240327,239,177.69,148.37,179.42
11418,20230219,753,306.18,290.13,333.25
11419,20250816,295,217.29,195.36,195.23
11420,20240227,414,196.54,189.85,194.02
11421,20231007,105,380.19,293.9,403.05
11422,20240420,710,52.14,40.08,57.58
11423,20231106,307,130.54,121.42,118.68
11424,20231126,591,113.73,108.62,123.37
11425,20250824,9,228.25,212.57,224.75
11426,20250131,29,170.48,135.86,187.54
11427,20260622,618,117.82,109.71,114.37
11428,20240313,435,227.4,212.36,210.93
11429,20240103,208,194.43,173.99,170.21
11430,20251008,247,116.11,107.9,122.47
11431,20250623,392,148.86,118.46,133.02
11432,20250809,791,228.37,186.94,196.62
11433,20240103,297,203.31,152.74,183.66
11434,20231206,45,269.74,221.42,306.56
11435,20260116,587,273.68,217.03,293.85
11436,20260507,578,330.25,294.57,336.58
11437,20260119,168,139.86,109.0,120.51
11438,20250809,150,107.86,89.19,106.72
11439,20260406,159,138.34,135.38,134.3
11440,20251119,564,142.88,135.73,133.42
11441,20230914,202,290.4,257.38,253.22
11442,20250921,275,34.97,32.79,31.19
11443,20240421,672,106.54,106.24,93.52
11444,20251031,775,193.35,147.67,196.48
11445,20240331,469,161.37,135.33,160.12
11446,20241031,219,21.56,18.62,20.95
11447,20240802,199,127.18,123.12,130.11
11448,20250722,790,117.22,90.96,111.59
11449,20250317,785,272.2,233.35,234.26
11450,20230114,650,142.56,121.22,150.29
11451,20230313,181,341.92,304.8,300.6
11452,20260404,63,58.12,52.31,65.41
11453,20230625,13,97.85,76.75,92.35
11454,20240822,401,188.97,175.52,189.6
11455,20230719,243,30.66,28.29,31.95
11456,20230207,580,282.51,256.93,321.72
11457,20230119,301,241.8,220.1,210.15
11458,20240808,25,50.32,44.6,57.86
11459,20230205,517,325.99,281.12,304.33
11460,20230718,631,266.82,210.75,272.8
11461,20260630,368,122.52,120.12,125.66
11462,20251222,153,89.99,86.62,76.86
11463,20240730,770,92.3,78.45,87.95
11464,20250701,396,167.37,145.51,148.04
11465,20230524,768,253.35,195.04,254.9
11466,20251012,406,176.64,166.96,179.29
11467,20251126,737,232.1,221.91,249.64
11468,20240804,553,68.99,56.34,68.36
11469,20240626,296,86.09,74.08,76.01
11470,20260616,568,27.56,23.31,26.29
11471,20260531,792,142.29,114.64,147.32
11472,20230129,143,275.87,241.96,316.59
11473,20240917,312,205.56,201.21,210.4
11474,20241228,328,77.81,64.8,77.19
11475,20250410,386,184.17,153.71,185.64
11476,20250603,611,119.6,93.4,108.3
11477,20251125,265,249.31,211.65,239.46
11478,20250224,694,65.85,62.77,68.72
11479,20230504,9,228.25,203.1,233.14
11480,20250103,395,380.39,348.14,357.44
11481,20260221,405,234.96,222.42,248.85
11482,20251218,104,158.51,131.22,169.87
11483,20240320,220,267.45,244.04,248.35
11484,20230405,100,63.71,48.7,58.65
11485,20251009,500,394.62,390.27,444.46
11486,20240807,68,17.84,16.11,15.58
11487,20230311,15,179.98,135.28,163.02
11488,20231229,689,102.62,90.53,103.96
11489,20240409,118,410.38,371.21,407.06
11490,20240206,39,85.06,73.39,81.96
11491,20231229,610,31.94,29.07,28.79
11492,20241207,472,30.87,28.98,28.0
11493,20260315,379,306.26,271.49,324.56
11494,20250618,677,101.31,96.39,115.71
11495,20230416,702,260.54,221.66,237.83
11496,20251205,579,241.27,184.13,233.99
11497,20251115,238,232.61,214.16,265.22
11498,20240826,137,17.94,15.79,18.89
11499,20241205,235,351.8,290.5,338.81
11500,20230424,683,426.67,325.8,405.43
11501,20240114,553,68.99,66.48,64.3
11502,20240831,290,323.07,302.95,302.2
11503,20230301,694,65.85,61.38,63.01
11504,20251220,243,30.66,30.1,29.23
11505,20260602,318,41.09,34.19,45.35
11506,20230909,684,145.2,135.01,146.53
11507,20230929,301,241.8,190.13,210.02
11508,20250930,212,17.63,16.67,16.83
11509,20231030,391,64.13,61.75,55.48
11510,20250712,317,251.02,242.43,279.68
11511,20251215,158,81.27,70.48,72.36
11512,20250316,583,182.74,162.28,188.32
11513,20251020,254,91.01,76.42,91.19
11514,20240905,179,40.39,33.75,46.23
11515,20240301,622,97.19,85.94,82.95
11516,20230812,526,17.69,14.47,19.04
11517,20250621,726,274.85,248.39,268.48
11518,20250629,195,225.23,201.98,246.5
11519,20250703,546,65.36,65.3,55.65
11520,20241106,788,168.35,154.91,192.7
11521,20230910,459,41.78,31.34,47.01
11522,20251114,611,119.6,109.14,112.38
11523,20230928,635,53.49,47.99,53.7
11524,20240923,453,159.04,130.6,182.1
11525,20260228,780,78.04,64.0,79.34
11526,20240805,410,94.32,87.34,89.71
11527,20260629,163,35.79,27.79,33.61
11528,20240210,464,223.36,212.63,224.66
11529,20251109,741,212.39,210.5,201.99
11530,20230510,730,218.37,185.75,209.32
11531,20260527,186,192.02,181.93,216.11
11532,20230429,757,118.51,101.12,127.13
11533,20250410,386,184.17,177.97,167.35
11534,20240111,499,261.75,260.73,244.83
11535,20250717,53,274.33,208.68,314.63
11536,20250804,529,73.96,60.1,69.76
11537,20250417,657,207.96,177.55,209.85
11538,20250123,628,117.7,101.1,122.45
11539,20240919,457,60.47,46.16,54.21
11540,20250520,360,146.23,142.69,133.94
11541,20260123,189,205.54,178.14,200.83
11542,20240315,303,105.17,94.16,117.43
11543,20260505,489,258.71,206.13,245.37
11544,20240925,73,219.47,198.2,209.35
11545,20240414,27,110.98,103.81,105.26
11546,20240616,598,111.7,111.56,116.55
11547,20250316,512,65.44,59.82,63.8
11548,20251014,340,256.97,253.33,269.53
11549,20240223,700,159.22,140.03,139.15
11550,20250929,333,315.8,260.76,338.91
11551,20241108,132,116.18,101.81,126.12
11552,20251230,138,287.07,242.47,272.11
11553,20250523,648,33.89,27.47,29.23
11554,20250824,192,142.28,126.86,143.87
11555,20231216,645,259.57,205.56,222.71
11556,20240412,421,82.54,80.21,84.1
11557,20240927,164,412.46,336.5,389.25
11558,20230703,569,318.86,256.52,334.96
11559,20230711,262,237.84,225.07,220.05
11560,20250606,384,52.49,42.51,49.48
11561,20230527,93,61.41,59.85,62.64
11562,20230711,319,283.51,269.15,279.19
11563,20240921,625,408.43,390.5,450.0
11564,20231225,97,301.78,253.81,317.62
11565,20230111,599,224.63,179.3,235.83
11566,20230706,729,357.03,316.75,362.98
11567,20230326,624,21.67,19.43,18.48
11568,20240130,422,51.31,39.26,44.66
11569,20260202,446,47.38,38.9,42.94
11570,20260418,552,211.79,190.18,192.69
11571,20230501,326,267.52,240.0,236.52
11572,20251010,347,58.66,49.37,51.28
11573,20251206,87,204.15,178.13,186.78
11574,20250519,702,260.54,249.07,282.61
11575,20251214,150,107.86,104.47,96.88
11576,20260115,655,70.94,53.4,74.09
11577,20231108,184,305.93,262.58,279.67
11578,20230129,602,85.13,66.21,87.56
11579,20240823,486,204.27,175.06,202.45
11580,20240216,306,267.41,237.02,273.0
11581,20240209,558,241.4,238.82,243.37
11582,20230204,35,16.22,12.43,16.52
11583,20260208,352,272.28,204.84,260.53
11584,20241027,716,97.62,77.23,93.94
11585,20240212,529,73.96,67.31,79.04
11586,20230307,313,145.22,144.31,149.33
11587,20241031,459,41.78,39.33,45.65
11588,20240603,175,303.57,271.83,339.06
11589,20260107,434,136.54,121.32,118.41
11590,20230130,378,260.57,234.42,242.55
11591,20250429,130,108.44,102.99,118.0
11592,20251122,226,250.65,232.94,249.26
11593,20260309,129,285.77,285.57,305.0
11594,20250131,562,188.77,142.26,181.78
11595,20250807,653,210.05,168.15,188.37
11596,20260315,139,382.89,318.4,390.36
11597,20250915,548,210.49,187.4,196.72
11598,20241008,63,58.12,48.78,64.67
11599,20231130,64,238.84,187.69,217.37
11600,20241205,337,284.78,227.44,264.07
11601,20250808,660,11.42,11.17,11.5
11602,20251209,690,128.51,110.57,140.18
11603,20241008,501,167.28,148.71,158.51
11604,20241101,658,277.36,242.73,318.88
11605,20250315,102,258.72,236.02,239.04
11606,20260322,746,393.87,359.38,364.96
11607,20250906,436,313.39,291.36,283.91
11608,20250420,183,26.08,23.69,29.89
11609,20240202,271,181.82,180.19,190.53
11610,20231026,672,106.54,94.63,101.72
11611,20250717,459,41.78,36.45,39.8
11612,20240731,526,17.69,15.77,18.37
11613,20240313,267,142.28,141.91,133.32
11614,20240719,714,29.93,23.79,31.24
11615,20240807,774,100.34,84.62,91.39
11616,20230411,370,263.18,228.28,225.31
11617,20250312,483,167.82,158.64,159.44
11618,20231227,800,138.76,110.38,152.78
11619,20230522,701,100.15,92.91,86.41
11620,20240209,489,258.71,222.64,257.3
11621,20240101,68,17.84,14.96,16.59
11622,20250413,183,26.08,19.61,23.14
11623,20250324,581,46.45,34.94,52.97
11624,20240720,590,66.24,65.31,65.78
11625,20240531,111,310.59,253.18,311.47
11626,20251101,524,130.88,99.39,149.14
11627,20250928,655,70.94,54.55,77.76
11628,20240929,165,223.04,216.75,232.49
11629,20230930,379,306.26,282.52,283.75
11630,20241229,705,239.69,188.02,225.32
11631,20241119,686,193.71,170.55,216.04
11632,20240418,552,211.79,186.64,232.67
11633,20230519,610,31.94,27.55,33.88
11634,20251219,649,267.48,226.85,294.06
11635,20260515,784,112.95,97.61,108.43
11636,20260621,187,256.66,221.57,231.41
11637,20240806,464,223.36,186.64,212.22
11638,20240519,224,205.12,173.34,182.64
11639,20251119,321,380.87,346.5,415.37
11640,20251114,91,191.54,146.6,206.84
11641,20230309,492,101.28,100.1,104.04
11642,20241123,167,236.05,224.74,238.94
11643,20241110,76,227.03,172.54,222.39
11644,20260207,289,53.05,43.61,60.93
11645,20260417,58,31.75,30.12,32.22
11646,20240625,263,87.43,66.46,100.11
11647,20230314,45,269.74,259.35,271.03
11648,20250217,436,313.39,249.0,328.3
11649,20230316,533,169.61,166.78,179.68
11650,20230409,109,374.56,363.21,321.68
11651,20241213,695,219.54,204.56,215.14
11652,20251125,108,24.49,22.77,21.41
11653,20251110,487,35.77,30.35,36.71
11654,20240918,207,387.32,302.91,357.46
11655,20250816,697,203.47,173.21,219.96
11656,20250321,356,128.43,115.2,140.52
11657,20230205,143,275.87,236.71,291.08
11658,20231008,172,59.34,49.54,59.37
11659,20230822,309,270.23,233.07,300.73
11660,20250111,686,193.71,181.89,220.24
11661,20250427,331,284.71,218.87,309.74
11662,20240818,737,232.1,228.09,251.85
11663,20250423,444,271.47,215.23,230.84
11664,20250510,287,248.3,226.5,264.2
11665,20240824,778,248.68,242.08,255.26
11666,20230113,327,31.53,26.04,33.42
11667,20260402,791,228.37,211.16,240.26
11668,20231119,740,239.3,209.34,203.44
11669,20241108,613,46.15,40.62,44.68
11670,20260225,527,81.74,80.04,86.51
11671,20251201,59,71.61,65.12,82.35
11672,20231124,559,55.12,53.8,51.74
11673,20260313,382,50.92,47.49,46.72
11674,20250429,675,310.72,238.99,308.63
11675,20251210,497,311.63,265.33,270.63
11676,20240807,267,142.28,133.41,123.74
11677,20260413,579,241.27,198.69,211.55
11678,20230910,495,21.23,18.17,23.07
11679,20260526,346,279.84,235.4,265.81
11680,20241217,50,253.67,194.48,216.89
11681,20251228,540,329.69,255.58,288.72
11682,20241019,82,299.58,267.13,341.82
11683,20260429,341,53.82,47.58,55.65
11684,20260307,519,54.14,48.48,49.46
11685,20240717,578,330.25,254.67,313.76
11686,20250709,189,205.54,156.01,200.7
11687,20251203,769,93.19,71.83,102.8
11688,20251002,23,213.42,160.78,196.46
11689,20230209,488,237.94,210.18,227.13
11690,20240216,505,143.55,125.98,164.01
11691,20251004,286,317.67,284.8,321.65
11692,20231105,759,228.08,212.15,208.17
11693,20230730,203,357.94,292.85,388.32
11694,20251024,698,103.34,80.22,103.21
11695,20231204,190,46.04,39.3,47.05
11696,20260110,222,199.12,161.7,202.86
11697,20240407,343,17.55,14.59,16.75
11698,20251124,53,274.33,237.48,260.13
11699,20250130,380,239.62,193.78,235.53
11700,20230713,726,274.85,248.34,288.47
11701,20240908,729,357.03,336.35,319.26
11702,20231023,418,235.9,189.01,235.99
11703,20250722,208,194.43,148.59,187.06
11704,20240810,527,81.74,65.0,76.86
11705,20240825,611,119.6,118.44,109.72
11706,20230426,384,52.49,50.32,45.59
11707,20260307,295,217.29,213.97,226.76
11708,20260523,223,289.35,237.37,300.65
11709,20240802,772,272.89,220.56,291.35
11710,20250605,138,287.07,247.97,313.44
11711,20240409,571,319.71,315.26,345.44
11712,20251018,385,85.79,76.98,76.13
11713,20250921,82,299.58,281.79,335.17
11714,20260302,351,348.89,330.85,365.5
11715,20240529,672,106.54,88.2,96.88
11716,20230323,169,80.84,68.98,80.61
11717,20230118,746,393.87,306.03,415.84
11718,20250831,522,104.14,95.66,93.36
11719,20250218,654,223.67,170.19,224.99
11720,20231005,501,167.28,153.2,184.68
11721,20251124,780,78.04,72.57,73.91
11722,20241019,79,253.18,252.14,283.23
11723,20240330,36,214.64,203.65,212.72
11724,20230704,499,261.75,247.75,283.72
11725,20240918,651,68.28,63.11,69.11
11726,20241202,657,207.96,199.87,212.34
11727,20260129,602,85.13,82.18,73.02
11728,20250219,762,278.35,233.34,264.23
11729,20260524,309,270.23,227.92,260.35
11730,20251220,209,254.65,239.54,253.41
11731,20260118,300,94.2,89.26,89.53
11732,20230415,587,273.68,251.03,297.16
11733,20251220,619,96.72,90.6,109.57
11734,20260108,223,289.35,233.77,313.21
11735,20240619,18,49.16,43.65,54.42
11736,20260227,260,283.2,267.03,247.01
11737,20260305,36,214.64,162.06,192.92
11738,20251116,554,59.83,58.92,60.84
11739,20240424,779,134.97,133.85,135.43
11740,20231227,25,50.32,48.84,56.14
11741,20250528,60,69.61,56.51,76.03
11742,20240523,359,156.76,153.02,175.06
11743,20230910,185,138.24,138.15,140.86
11744,20240627,437,95.28,87.36,83.22
11745,20250829,444,271.47,261.49,245.52
11746,20240724,768,253.35,241.33,216.08
11747,20250817,787,222.59,209.99,195.55
11748,20230403,186,192.02,144.81,194.41
11749,20240606,73,219.47,183.4,196.95
11750,20240504,597,11.11,9.03,10.74
11751,20250906,754,408.58,347.12,360.37
11752,20240818,527,81.74,73.05,77.65
11753,20230927,81,274.94,246.22,296.39
11754,20250429,713,325.0,321.9,341.6
11755,20230817,708,140.71,139.67,152.5
11756,20240619,181,341.92,321.74,351.19
11757,20260129,564,142.88,119.8,155.19
11758,20231006,92,242.67,239.26,237.62
11759,20260409,266,259.97,203.88,231.27
11760,20260313,287,248.3,241.03,272.29
11761,20241217,390,259.85,256.66,267.0
11762,20240127,132,116.18,89.29,107.31
11763,20231014,523,151.65,131.39,153.53
11764,20230528,318,41.09,35.36,42.65
11765,20230202,202,290.4,286.0,265.22
11766,20230117,238,232.61,186.18,209.32
11767,20230109,718,216.02,196.6,186.77
11768,20240307,112,332.69,328.36,337.01
11769,20260612,532,328.3,260.47,323.57
11770,20230614,409,219.82,179.91,205.2
11771,20240720,505,143.55,136.72,162.67
11772,20251021,632,291.15,236.99,274.22
11773,20231027,109,374.56,303.57,409.1
11774,20241207,545,24.51,19.77,25.08
11775,20231018,548,210.49,173.68,226.24
11776,20250927,270,147.92,141.9,160.81
11777,20240622,78,147.0,126.41,168.99
11778,20230928,300,94.2,92.86,92.11
11779,20250219,787,222.59,189.2,193.09
11780,20230905,436,313.39,278.8,286.58
11781,20231108,389,13.99,13.84,14.7
11782,20250223,504,24.53,24.11,21.22
11783,20241130,178,241.37,192.55,225.31
11784,20251017,535,170.95,132.5,173.32
11785,20250320,266,259.97,257.13,270.26
11786,20241012,254,91.01,72.65,91.39
11787,20231013,675,310.72,243.49,342.13
11788,20250712,441,334.72,309.34,374.35
11789,20260407,725,378.22,304.74,405.62
11790,20240509,381,275.49,245.95,301.49
11791,20240316,155,168.01,149.02,153.33
11792,20230504,488,237.94,189.06,259.71
11793,20260214,147,53.98,42.62,51.83
11794,20250207,290,323.07,295.13,299.82
11795,20240602,23,213.42,171.07,227.82
11796,20250514,417,243.35,203.27,245.05
11797,20240901,295,217.29,180.85,204.58
11798,20241214,329,269.12,210.71,268.72
11799,20250627,428,389.44,384.15,398.7
11800,20230410,135,41.31,40.34,47.03
11801,20251015,765,31.01,29.03,31.79
11802,20231130,163,35.79,34.01,35.04
11803,20231109,204,137.31,106.93,146.38
11804,20260123,579,241.27,189.94,213.67
11805,20230730,333,315.8,236.87,326.54
11806,20240508,176,155.18,136.1,173.93
11807,20240713,246,289.83,258.55,292.69
11808,20260330,660,11.42,10.76,11.68
11809,20260223,178,241.37,234.37,259.23
11810,20250426,202,290.4,248.81,270.71
11811,20250327,638,35.51,33.69,40.26
11812,20240520,294,364.34,316.14,353.57
11813,20250107,197,150.97,137.3,139.0
11814,20260103,698,103.34,78.52,118.64
11815,20230921,361,218.41,197.41,204.04
11816,20250331,702,260.54,205.82,288.28
11817,20241210,352,272.28,228.72,239.87
11818,20260622,716,97.62,85.59,97.78
11819,20240106,96,204.85,189.44,216.71
11820,20231117,553,68.99,58.31,72.31
11821,20230711,488,237.94,182.16,234.18
11822,20260125,278,255.97,248.38,253.69
11823,20260206,387,66.08,54.17,68.27
11824,20231106,655,70.94,57.7,68.09
11825,20240203,786,127.42,97.44,119.84
11826,20230319,291,178.18,165.84,191.35
11827,20230626,791,228.37,172.28,239.56
11828,20250506,633,57.66,45.19,56.46
11829,20250708,760,321.52,285.54,310.04
11830,20230428,502,358.64,333.26,375.78
11831,20240209,701,100.15,80.92,104.94
11832,20260608,63,58.12,44.28,64.13
11833,20241128,303,105.17,99.13,102.21
11834,20250106,799,172.35,151.19,174.98
11835,20241129,390,259.85,195.83,264.45
11836,20250724,699,65.91,51.91,74.5
11837,20260616,294,364.34,295.42,356.31
11838,20230310,628,117.7,95.33,131.26
11839,20250426,789,412.97,341.56,355.89
11840,20230617,433,60.97,58.29,67.21
11841,20231025,258,30.13,23.15,28.28
11842,20251018,568,27.56,26.82,30.5
11843,20260521,668,120.7,111.94,137.65
11844,20241030,60,69.61,58.0,78.31
11845,20241112,333,315.8,258.07,356.35
11846,20240826,499,261.75,243.28,225.5
11847,20240306,778,248.68,207.98,224.54
11848,20230403,729,357.03,320.7,361.0
11849,20230204,516,76.0,62.95,84.62
11850,20241023,523,151.65,130.32,147.71
11851,20230224,556,340.34,317.63,376.55
11852,20260605,201,178.89,153.76,182.19
11853,20230809,537,125.74,116.25,122.31
11854,20260524,234,318.9,264.51,284.83
11855,20260618,80,237.98,229.32,211.54
11856,20230219,246,289.83,225.79,246.49
11857,20241130,5,163.2,156.93,154.76
11858,20230713,346,279.84,275.29,302.85
11859,20240406,13,97.85,87.82,98.7
11860,20250523,495,21.23,19.51,18.99
11861,20240615,269,15.66,13.57,13.78
11862,20260330,602,85.13,75.0,91.11
11863,20251213,393,22.43,22.23,22.28
11864,20240406,273,176.31,156.36,188.2
11865,20260202,264,10.22,9.35,10.68
11866,20260319,203,357.94,299.96,386.33
11867,20230219,251,350.95,281.3,382.66
11868,20250815,484,15.41,12.89,15.5
11869,20231211,658,277.36,270.86,281.46
11870,20230916,561,223.15,177.75,191.61
11871,20260518,314,241.0,227.99,234.97
11872,20250212,454,323.6,253.15,335.49
11873,20230603,290,323.07,323.03,370.46
11874,20240327,139,382.89,288.25,386.09
11875,20230207,66,232.57,182.78,259.13
11876,20240204,684,145.2,117.31,158.66
11877,20231126,424,164.94,139.75,158.65
11878,20251218,537,125.74,102.53,124.09
11879,20231021,236,380.33,325.17,370.14
11880,20231112,192,142.28,137.96,144.55
11881,20260216,491,168.23,166.94,193.44
11882,20230911,706,136.94,131.51,141.8
11883,20240401,204,137.31,120.14,156.86
11884,20240822,189,205.54,190.23,191.39
11885,20231223,375,46.16,42.61,46.84
11886,20230827,102,258.72,217.76,280.41
11887,20231114,84,73.96,56.3,64.78
11888,20230304,349,300.82,300.52,303.55
11889,20260110,280,44.45,39.63,46.48
11890,20250918,404,249.7,187.41,283.21
11891,20230626,118,410.38,364.61,436.01
11892,20241028,294,364.34,331.68,388.72
11893,20251028,456,219.24,184.76,241.14
11894,20231020,441,334.72,307.54,326.08
11895,20230322,283,273.75,225.11,296.44
11896,20250110,291,178.18,166.19,185.5
11897,20230909,683,426.67,405.32,372.41
11898,20230110,547,393.46,312.71,442.89
11899,20250330,344,107.89,83.57,102.01
11900,20240627,264,10.22,9.71,11.45
11901,20250110,533,169.61,169.38,183.23
11902,20251207,293,423.76,413.97,388.91
11903,20250108,639,208.98,176.28,207.01
11904,20230113,388,209.17,192.88,238.49
11905,20241225,370,263.18,231.28,234.28
11906,20250105,432,269.02,233.42,242.65
11907,20240704,449,22.61,21.14,22.9
11908,20260522,184,305.93,287.25,277.43
11909,20250107,330,288.16,266.22,328.44
11910,20230112,616,278.04,218.74,319.59
11911,20230310,429,195.21,151.98,183.51
11912,20260411,366,384.91,366.67,344.92
11913,20231103,69,201.68,172.74,209.23
11914,20260330,271,181.82,143.71,196.01
11915,20260512,195,225.23,188.97,192.87
11916,20240720,382,50.92,42.87,56.53
11917,20260311,756,394.25,369.44,437.41
11918,20240821,215,179.63,163.75,181.44
11919,20230323,545,24.51,22.34,25.96
11920,20260203,261,212.23,205.95,240.66
11921,20251017,272,66.09,55.01,61.29
11922,20251204,83,12.62,10.47,12.47
11923,20240317,299,12.05,10.63,10.92
11924,20230320,705,239.69,211.53,273.06
11925,20241025,15,179.98,160.42,192.83
11926,20240711,450,361.37,272.63,390.28
11927,20240603,618,117.82,99.9,108.37
11928,20250429,247,116.11,100.08,120.73
11929,20250111,441,334.72,262.74,306.75
11930,20260204,29,170.48,153.89,150.75
11931,20230907,785,272.2,262.49,311.97
11932,20240702,506,49.38,37.21,45.92
11933,20260512,320,204.9,193.84,202.83
11934,20240115,48,76.9,70.22,69.39
11935,20230528,250,223.62,179.31,214.07
11936,20260522,347,58.66,44.81,59.59
11937,20240523,506,49.38,44.23,42.76
11938,20240301,554,59.83,58.07,66.28
11939,20241007,363,113.38,106.18,99.52
11940,20230719,192,142.28,123.45,137.19
11941,20230502,307,130.54,111.2,131.34
11942,20251215,418,235.9,200.12,236.84
11943,20240125,305,183.32,141.28,170.23
11944,20230317,287,248.3,208.5,283.61
11945,20260531,658,277.36,249.2,260.22
11946,20240924,434,136.54,129.96,149.77
11947,20240714,731,425.46,369.32,466.9
11948,20240308,715,170.39,162.68,188.98
11949,20231120,158,81.27,76.67,83.89
11950,20230314,112,332.69,306.21,319.38
11951,20260124,699,65.91,61.03,61.77
11952,20230801,15,179.98,153.93,186.36
11953,20230422,184,305.93,281.66,338.75
11954,20231011,409,219.82,182.76,241.73
11955,20230614,157,17.11,13.92,17.34
11956,20240929,753,306.18,258.72,301.16
11957,20260616,567,223.92,188.97,194.17
11958,20230130,73,219.47,175.33,242.54
11959,20231130,487,35.77,28.84,31.35
11960,20250322,774,100.34,87.07,92.45
11961,20240720,553,68.99,55.52,71.26
11962,20250417,236,380.33,303.34,412.49
11963,20230306,592,178.71,140.61,177.28
11964,20260110,463,203.4,169.14,183.88
11965,20230824,579,241.27,238.14,262.0
11966,20240212,113,119.1,105.36,106.02
11967,20240705,781,50.54,40.93,53.18
11968,20231201,347,58.66,48.03,53.14
11969,20260210,750,22.62,18.18,24.77
11970,20250821,501,167.28,161.22,162.3
11971,20231212,604,104.98,89.91,102.15
11972,20231226,192,142.28,132.19,135.0
11973,20250108,785,272.2,221.95,274.19
11974,20260322,135,41.31,34.41,36.79
11975,20251112,464,223.36,204.31,214.85
11976,20260115,352,272.28,251.86,242.75
11977,20250613,390,259.85,217.44,250.71
11978,20241012,783,254.01,194.37,239.17
11979,20260312,784,112.95,88.09,118.91
11980,20241203,14,109.54,95.13,102.24
11981,20250213,800,138.76,105.46,124.63
11982,20240920,519,54.14,52.21,62.21
11983,20230805,43,136.65,122.44,137.48
11984,20250116,394,159.79,133.01,166.43
11985,20230314,574,292.71,269.09,310.94
11986,20230322,108,24.49,21.72,26.87
11987,20251203,175,303.57,250.0,291.86
11988,20241212,383,55.74,47.24,54.43
11989,20240701,539,287.91,251.57,281.09
11990,20250610,332,121.61,104.38,112.03
11991,20250206,666,221.55,211.72,223.62
11992,20230108,707,225.72,190.97,242.9
11993,20240304,329,269.12,244.33,279.08
11994,20240210,94,11.79,10.73,12.93
11995,20260629,41,272.3,208.24,285.84
11996,20230108,579,241.27,186.3,258.04
11997,20241129,83,12.62,10.77,11.48
11998,20250306,750,22.62,21.52,25.27
11999,20260306,471,34.5,29.39,36.57
12000,20260524,264,10.22,9.41,10.33
12001,20241221,6,195.36,146.84,196.69
12002,20241127,539,287.91,264.03,268.74
12003,20241124,326,267.52,260.27,262.57
12004,20240911,314,241.0,239.98,226.21
12005,20260110,214,309.39,262.13,291.22
12006,20260430,700,159.22,127.64,156.76
12007,20240518,534,111.77,109.58,117.87
12008,20260401,561,223.15,191.48,255.99
12009,20250722,232,283.79,249.37,269.38
12010,20260316,100,63.71,62.2,66.92
12011,20241002,629,217.61,179.98,245.88
12012,20250901,760,321.52,246.22,353.73
12013,20240613,308,277.35,248.15,298.68
12014,20240224,290,323.07,316.49,282.51
12015,20241210,529,73.96,66.71,81.56
12016,20250403,497,311.63,265.41,288.39
12017,20240629,420,122.78,113.75,138.99
12018,20251112,414,196.54,164.21,207.2
12019,20240903,218,193.69,149.73,172.87
12020,20230515,633,57.66,53.71,62.63
12021,20240612,189,205.54,158.97,183.91
12022,20240317,535,170.95,167.83,171.9
12023,20250224,603,228.34,180.73,259.68
12024,20260510,237,339.45,306.52,387.35
12025,20251211,708,140.71,117.01,142.26
12026,20250411,456,219.24,197.24,226.26
12027,20250621,216,336.54,275.29,341.89
12028,20250210,560,40.22,39.34,38.32
12029,20251119,40,246.38,232.03,221.27
12030,20250117,378,260.57,241.36,222.22
12031,20250404,630,339.79,274.12,305.77
12032,20250214,398,70.82,62.58,69.99
12033,20260602,66,232.57,214.88,251.08
12034,20251001,23,213.42,200.9,218.91
12035,20260103,597,11.11,10.41,9.99
12036,20240815,619,96.72,80.02,86.09
12037,20250305,752,83.54,66.9,88.37
12038,20230305,164,412.46,332.27,367.75
12039,20230807,795,235.28,217.74,222.07
12040,20241217,453,159.04,140.23,153.41
12041,20240829,182,161.43,154.76,154.63
12042,20231216,244,357.61,305.16,335.53
12043,20260306,791,228.37,217.07,217.62
12044,20240727,311,360.5,274.44,377.97
12045,20250925,345,274.13,240.31,303.11
12046,20241204,498,309.5,261.49,282.66
12047,20240515,331,284.71,226.17,274.43
12048,20250826,362,342.7,307.85,352.89
12049,20231110,800,138.76,122.68,120.25
12050,20231002,138,287.07,243.01,269.24
12051,20250617,776,93.65,82.17,93.06
12052,20250810,509,90.19,69.75,86.93
12053,20241204,564,142.88,122.3,152.36
12054,20250929,326,267.52,243.12,279.81
12055,20230109,662,142.93,118.24,136.45
12056,20230121,547,393.46,304.37,354.06
12057,20230301,245,129.45,122.24,138.98
12058,20230724,673,423.99,418.06,461.6
12059,20241214,578,330.25,249.22,298.47
12060,20260226,612,244.74,225.73,248.38
12061,20251130,204,137.31,117.83,124.5
12062,20250925,443,376.23,327.34,362.67
12063,20230202,206,36.22,31.88,35.95
12064,20230629,73,219.47,167.4,203.93
12065,20230107,279,296.99,248.08,314.93
12066,20260427,694,65.85,53.07,73.05
12067,20260615,686,193.71,155.26,222.69
12068,20231130,793,136.99,112.52,129.51
12069,20250816,486,204.27,202.19,210.09
12070,20240922,737,232.1,191.42,257.77
12071,20230814,425,155.73,154.03,155.81
12072,20230719,398,70.82,67.29,80.03
12073,20251029,141,224.09,199.03,191.43
12074,20250106,115,258.32,239.05,272.64
12075,20260510,184,305.93,293.13,280.9
12076,20240215,748,241.47,188.7,236.64
12077,20231014,751,98.86,97.46,112.51
12078,20250926,723,392.9,332.05,374.4
12079,20230225,757,118.51,107.73,116.17
12080,20240808,346,279.84,211.16,275.83
12081,20260123,341,53.82,47.7,57.58
12082,20230723,236,380.33,287.66,398.94
12083,20231215,719,73.37,70.86,67.23
12084,20250621,631,266.82,237.53,230.36
12085,20250509,144,249.79,218.79,230.2
12086,20240626,563,41.14,31.25,44.28
12087,20240223,562,188.77,165.28,209.32
12088,20240113,664,29.07,28.31,27.7
12089,20250225,237,339.45,268.48,351.3
12090,20250620,700,159.22,151.58,178.44
12091,20240514,48,76.9,59.89,66.18
12092,20240120,534,111.77,104.92,126.35
12093,20231116,753,306.18,268.87,313.95
12094,20240930,89,83.91,83.76,83.09
12095,20260623,174,208.41,163.2,206.89
12096,20231026,386,184.17,168.85,211.06
12097,20230915,793,136.99,111.22,152.66
12098,20230323,209,254.65,228.51,251.16
12099,20260330,401,188.97,165.43,181.8
12100,20240402,745,215.3,170.16,231.54
12101,20241119,537,125.74,114.8,126.73
12102,20240921,310,71.17,68.56,78.32
12103,20240519,786,127.42,117.13,134.27
12104,20230421,555,113.22,91.64,120.16
12105,20240908,420,122.78,100.61,130.58
12106,20251118,349,300.82,258.81,288.45
12107,20231212,435,227.4,217.58,230.17
12108,20240130,192,142.28,110.06,122.77
12109,20240325,255,317.46,293.18,342.1
12110,20251128,562,188.77,188.36,179.07
12111,20230208,737,232.1,218.35,240.32
12112,20230329,214,309.39,293.76,291.54
12113,20230212,640,151.16,146.52,134.48
12114,20250130,278,255.97,196.61,275.99
12115,20260120,550,203.17,183.45,181.14
12116,20250124,314,241.0,182.9,220.66
12117,20260130,59,71.61,58.1,69.21
12118,20240811,59,71.61,68.69,75.86
12119,20230407,590,66.24,58.88,73.55
12120,20231024,345,274.13,272.49,239.29
12121,20230423,639,208.98,186.19,218.03
12122,20240311,549,116.99,104.88,122.24
12123,20231117,767,29.98,24.7,28.84
12124,20231210,415,83.9,72.04,72.72
12125,20240929,511,114.7,107.61,106.15
12126,20260405,555,113.22,104.84,113.19
12127,20230702,537,125.74,119.85,143.89
12128,20230930,702,260.54,205.81,264.04
12129,20230620,201,178.89,147.28,204.19
12130,20260227,515,127.91,107.6,134.12
12131,20240213,223,289.35,245.4,273.48
12132,20241106,657,207.96,159.98,228.41
12133,20260614,16,121.92,92.38,140.01
12134,20230402,499,261.75,208.88,257.38
12135,20241014,167,236.05,220.47,229.6
12136,20231126,250,223.62,200.42,193.53
12137,20260516,97,301.78,297.13,283.34
12138,20250618,144,249.79,197.52,247.5
12139,20250517,647,184.7,161.73,202.36
12140,20240224,714,29.93,23.88,27.1
12141,20260518,180,25.06,23.25,25.59
12142,20250724,216,336.54,305.21,315.32
12143,20260612,534,111.77,94.29,104.34
12144,20231213,363,113.38,88.83,120.73
12145,20230628,490,84.06,65.11,83.12
12146,20250409,2,108.79,97.75,124.53
12147,20240527,719,73.37,57.26,80.27
12148,20250520,349,300.82,243.43,306.91
12149,20240928,636,140.04,135.82,139.79
12150,20230802,556,340.34,329.82,360.89
12151,20240826,93,61.41,58.35,53.15
12152,20230327,562,188.77,160.68,193.73
12153,20250421,328,77.81,63.53,79.5
12154,20260316,554,59.83,49.67,61.96
12155,20250427,379,306.26,294.27,322.49
12156,20230312,717,37.49,32.42,33.52
12157,20240328,498,309.5,295.51,310.01
12158,20260418,106,80.14,74.97,73.61
12159,20240216,38,36.67,28.76,42.11
12160,20230719,410,94.32,73.44,98.72
12161,20231106,300,94.2,72.66,94.53
12162,20250504,600,66.54,65.37,60.32
12163,20260519,332,121.61,98.33,110.44
12164,20240318,89,83.91,78.64,71.35
12165,20260101,176,155.18,123.48,175.43
12166,20240630,128,41.76,38.91,36.45
12167,20240630,167,236.05,208.62,250.05
12168,20231112,422,51.31,39.84,52.89
12169,20231107,255,317.46,272.37,289.4
12170,20260102,320,204.9,180.81,220.25
12171,20260103,636,140.04,130.64,158.68
12172,20251204,500,394.62,329.9,346.17
12173,20250122,296,86.09,80.59,78.8
12174,20240922,346,279.84,249.03,247.46
12175,20240322,464,223.36,183.72,254.22
12176,20250705,324,210.25,179.16,236.88
12177,20251214,17,231.2,181.46,217.78
12178,20250220,611,119.6,114.81,126.29
12179,20230701,593,348.5,318.4,350.71
12180,20250412,198,61.79,50.35,70.0
12181,20241108,252,26.05,23.57,29.76
12182,20230714,68,17.84,17.1,19.18
12183,20240528,606,54.24,47.05,54.46
12184,20260409,749,202.73,188.2,228.71
12185,20231109,781,50.54,42.53,49.98
12186,20241202,599,224.63,172.24,226.65
12187,20250306,230,55.79,45.04,55.81
12188,20240927,91,191.54,168.16,185.78
12189,20260121,134,299.61,226.09,290.65
12190,20230223,466,314.66,297.96,327.54
12191,20250921,195,225.23,181.76,203.12
12192,20240408,662,142.93,140.14,153.24
12193,20250516,400,179.93,163.01,162.8
12194,20230627,524,130.88,127.14,138.07
12195,20230525,190,46.04,37.82,39.36
12196,20251017,479,253.27,215.63,241.64
12197,20230210,686,193.71,160.32,165.84
12198,20231106,307,130.54,129.19,149.01
12199,20250919,718,216.02,178.86,214.43
12200,20260505,610,31.94,25.97,28.48
12201,20230130,546,65.36,52.7,56.54
12202,20260526,543,164.16,142.41,160.63
12203,20250918,127,264.28,205.36,250.4
12204,20251101,640,151.16,125.97,147.31
12205,20250615,666,221.55,173.6,232.3
12206,20250810,423,26.19,25.73,25.94
12207,20260401,328,77.81,70.44,75.7
12208,20260110,582,419.19,410.52,471.84
12209,20240816,368,122.52,98.53,129.12
12210,20230311,686,193.71,160.38,194.43
12211,20250730,737,232.1,213.89,204.89
12212,20250121,760,321.52,250.65,290.55
12213,20251202,675,310.72,299.79,288.29
12214,20230908,738,223.85,184.32,190.68
12215,20250220,519,54.14,46.58,49.33
12216,20240423,97,301.78,299.55,285.39
12217,20250809,749,202.73,191.34,209.56
12218,20241202,551,39.75,39.16,34.61
12219,20250621,48,76.9,71.17,87.93
12220,20260503,583,182.74,152.59,167.37
12221,20230626,90,228.46,183.97,202.43
12222,20240721,179,40.39,32.79,40.11
12223,20230409,325,223.83,197.39,197.64
12224,20260306,793,136.99,113.97,133.42
12225,20250311,260,283.2,252.1,309.31
12226,20230328,40,246.38,223.56,270.13
12227,20230501,41,272.3,214.59,249.15
12228,20230506,762,278.35,238.64,243.11
12229,20230223,434,136.54,122.67,118.11
12230,20250302,38,36.67,31.1,33.95
12231,20230517,229,168.69,166.6,183.26
12232,20240602,368,122.52,97.78,122.19
12233,20230811,110,284.95,279.23,254.25
12234,20250131,413,98.94,87.46,84.87
12235,20241009,788,168.35,139.56,163.34
12236,20230617,10,52.67,45.91,52.0
12237,20240823,370,263.18,260.85,230.12
12238,20260324,711,89.35,71.93,98.11
12239,20250525,651,68.28,62.24,71.22
12240,20240730,27,110.98,92.33,119.81
12241,20240224,320,204.9,196.47,221.95
12242,20251215,252,26.05,20.6,25.6
12243,20250219,44,186.98,159.37,186.53
12244,20260420,391,64.13,62.38,69.72
12245,20250214,25,50.32,41.7,53.7
12246,20240321,669,256.27,204.42,269.79
12247,20250819,532,328.3,293.04,350.02
12248,20250122,675,310.72,293.56,323.63
12249,20230630,119,333.87,261.82,347.11
12250,20260529,502,358.64,285.06,318.37
12251,20231106,418,235.9,232.79,220.18
12252,20250427,15,179.98,161.94,164.99
12253,20240813,328,77.81,64.25,85.91
12254,20230907,144,249.79,243.38,232.01
12255,20241031,288,29.26,27.95,30.18
12256,20230324,675,310.72,288.36,339.53
12257,20260504,795,235.28,177.61,201.66
12258,20260310,667,106.93,80.43,103.2
12259,20240224,556,340.34,335.45,387.21
12260,20250528,515,127.91,99.85,132.33
12261,20230710,530,239.02,201.66,266.23
12262,20251110,565,40.62,32.77,36.01
12263,20240405,348,233.48,178.04,236.7
12264,20241012,757,118.51,100.42,119.99
12265,20230521,712,117.99,93.22,109.16
12266,20260213,533,169.61,169.11,153.05
12267,20241208,568,27.56,21.59,29.21
12268,20251130,275,34.97,33.93,31.62
12269,20240313,704,18.97,17.97,16.22
12270,20251002,110,284.95,271.04,273.4
12271,20240409,635,53.49,42.62,58.87
12272,20250111,587,273.68,256.61,244.76
12273,20250821,632,291.15,257.32,272.05
12274,20250524,491,168.23,165.24,167.47
12275,20251231,549,116.99,113.51,122.11
12276,20250704,112,332.69,305.02,333.5
12277,20230607,754,408.58,312.31,451.29
12278,20250330,480,425.68,336.22,407.77
12279,20231204,416,128.68,101.6,128.41
12280,20240719,162,43.61,39.59,48.2
12281,20230921,785,272.2,233.43,295.92
12282,20240922,684,145.2,110.17,159.71
12283,20240928,245,129.45,97.43,146.69
12284,20230614,212,17.63,13.27,19.18
12285,20260123,213,250.01,199.89,244.76
12286,20250324,142,258.94,257.58,294.06
12287,20260408,713,325.0,268.41,289.97
12288,20230713,608,103.16,81.62,118.55
12289,20250808,13,97.85,92.07,87.8
12290,20240220,656,264.51,224.39,283.72
12291,20240806,637,73.36,62.59,64.97
12292,20230109,14,109.54,91.44,117.49
12293,20230117,190,46.04,44.44,45.09
12294,20260215,179,40.39,34.52,38.3
12295,20230727,161,202.52,180.39,192.12
12296,20250531,518,38.63,30.92,40.05
12297,20230824,379,306.26,252.24,347.41
12298,20251201,629,217.61,194.75,192.82
12299,20230913,412,57.85,45.22,52.24
12300,20250717,529,73.96,68.3,79.9
12301,20250401,8,211.32,168.6,201.55
12302,20260424,174,208.41,158.16,221.8
12303,20230627,257,153.43,122.47,152.1
12304,20250711,574,292.71,272.2,293.38
12305,20251229,548,210.49,167.37,205.96
12306,20260128,442,36.82,28.11,36.35
12307,20230317,144,249.79,248.23,220.71
12308,20240115,329,269.12,238.78,285.28
12309,20241008,187,256.66,237.73,272.54
12310,20240518,600,66.54,52.82,62.52
12311,20231001,659,165.56,155.7,168.29
12312,20250210,6,195.36,156.64,209.12
12313,20260627,192,142.28,119.12,131.18
12314,20260320,21,279.33,268.11,294.79
12315,20260509,508,358.96,278.25,337.84
12316,20231014,291,178.18,138.73,157.3
12317,20250407,604,104.98,102.81,98.97
12318,20241119,535,170.95,143.92,178.54
12319,20250715,374,330.48,301.12,364.04
12320,20241115,749,202.73,168.96,209.82
12321,20260507,223,289.35,224.35,323.66
12322,20231127,685,141.65,110.06,159.22
12323,20250106,605,161.5,149.51,183.49
12324,20240802,519,54.14,49.71,54.54
12325,20250215,102,258.72,209.87,294.46
12326,20251006,526,17.69,13.6,15.87
12327,20241215,564,142.88,110.96,141.31
12328,20250813,623,190.11,156.22,199.51
12329,20260107,784,112.95,99.36,122.65
12330,20250313,758,348.5,276.42,349.19
12331,20260210,205,82.38,77.05,78.71
12332,20250322,618,117.82,91.74,133.29
12333,20231203,76,227.03,199.12,226.64
12334,20250114,767,29.98,28.99,32.67
12335,20240809,466,314.66,308.05,328.74
12336,20241218,254,91.01,76.17,91.28
12337,20260216,415,83.9,71.44,93.54
12338,20230616,216,336.54,252.48,345.01
12339,20241106,355,151.19,120.95,145.0
12340,20230207,24,126.6,116.51,121.79
12341,20250820,334,266.65,250.98,257.05
12342,20251014,188,276.5,255.34,268.89
12343,20240822,47,225.94,191.36,219.86
12344,20240107,416,128.68,125.91,134.58
12345,20240329,257,153.43,134.0,171.55
12346,20231103,177,72.58,69.57,66.07
12347,20250216,366,384.91,345.78,427.86
12348,20250724,763,348.36,322.14,309.35
12349,20260215,565,40.62,35.07,36.4
12350,20251009,29,170.48,156.86,149.18
12351,20251105,119,333.87,255.23,302.33
12352,20230801,146,188.03,142.55,196.78
12353,20240304,158,81.27,63.45,82.15
12354,20260424,206,36.22,31.43,38.56
12355,20260601,424,164.94,140.04,189.07
12356,20230814,17,231.2,212.65,211.2
12357,20250714,222,199.12,154.74,187.89
12358,20240501,245,129.45,108.71,136.92
12359,20230201,213,250.01,193.32,283.24
12360,20241223,709,35.68,29.48,34.67
12361,20231205,612,244.74,228.43,255.47
12362,20230711,257,153.43,132.31,137.48
12363,20240106,433,60.97,46.5,66.14
12364,20251003,66,232.57,220.58,211.43
12365,20231108,409,219.82,198.28,237.38
12366,20250122,316,244.0,227.39,267.23
12367,20240619,642,93.63,79.01,83.53
12368,20251227,374,330.48,311.18,289.88
12369,20230813,330,288.16,228.0,324.71
12370,20230621,207,387.32,342.04,428.9
12371,20230214,604,104.98,98.94,118.84
12372,20230910,485,125.2,108.19,125.54
12373,20240525,523,151.65,137.86,142.4
12374,20231106,281,253.48,221.28,247.44
12375,20230807,431,27.19,20.54,24.56
12376,20250819,759,228.08,218.59,220.41
12377,20250706,67,220.55,171.62,206.41
12378,20240821,212,17.63,15.75,18.07
12379,20250706,274,185.35,162.23,211.83
12380,20260505,603,228.34,221.45,194.57
12381,20230727,468,354.29,283.96,335.19
12382,20250522,397,149.6,133.65,171.04
12383,20240124,342,102.47,82.76,107.56
12384,20260507,611,119.6,117.08,114.99
12385,20250822,691,160.49,123.68,165.9
12386,20230725,163,35.79,30.26,34.42
12387,20240531,678,133.31,101.61,151.54
12388,20230821,425,155.73,130.47,170.58
12389,20250509,167,236.05,224.89,206.45
12390,20241101,360,146.23,116.03,133.71
12391,20231015,649,267.48,261.65,280.68
12392,20230530,82,299.58,257.55,306.94
12393,20251227,517,325.99,323.07,322.72
12394,20260418,580,282.51,280.56,282.01
12395,20250406,251,350.95,300.65,327.03
12396,20260105,727,29.93,29.81,30.8
12397,20231011,320,204.9,169.74,209.6
12398,20240316,636,140.04,111.26,132.99
12399,20230608,382,50.92,47.31,55.98
12400,20250504,112,332.69,265.13,352.42
12401,20240915,104,158.51,123.31,174.12
12402,20260427,207,387.32,323.7,330.15
12403,20250309,177,72.58,65.24,80.43
12404,20240516,61,9.0,7.27,9.29
12405,20260425,279,296.99,268.7,271.34
12406,20250926,348,233.48,223.16,254.4
12407,20230814,4,279.54,261.59,317.5
12408,20240625,614,10.84,9.16,9.44
12409,20240106,153,89.99,69.68,85.53
12410,20230822,458,116.37,90.47,101.98
12411,20230117,197,150.97,135.4,130.19
12412,20241027,782,103.0,88.14,101.98
12413,20250604,105,380.19,294.89,354.58
12414,20230430,82,299.58,261.46,297.05
12415,20230129,277,308.04,238.36,265.73
12416,20250321,766,210.17,176.78,193.03
12417,20251117,295,217.29,191.3,193.78
12418,20250419,743,343.9,270.97,308.33
12419,20240325,509,90.19,87.7,99.27
12420,20251014,380,239.62,199.55,235.19
12421,20260629,376,268.5,211.8,231.8
12422,20230712,754,408.58,312.94,439.05
12423,20230129,489,258.71,235.95,282.1
12424,20230605,508,358.96,357.64,345.58
12425,20230804,408,74.67,57.53,69.79
12426,20230705,648,33.89,30.31,33.87
12427,20230916,73,219.47,205.93,208.14
12428,20240330,311,360.5,354.37,413.26
12429,20260124,714,29.93,27.57,27.57
12430,20240815,721,249.16,241.07,252.38
12431,20240319,615,107.87,88.22,102.68
12432,20260126,766,210.17,196.15,204.17
12433,20250324,727,29.93,27.57,31.06
12434,20230630,146,188.03,180.18,193.7
12435,20241227,107,92.43,70.38,87.84
12436,20230727,229,168.69,154.72,163.48
12437,20260315,144,249.79,218.9,229.02
12438,20260409,380,239.62,209.99,209.86
12439,20230914,329,269.12,220.34,273.01
12440,20260425,67,220.55,195.54,196.26
12441,20260402,793,136.99,131.66,131.12
12442,20251123,377,227.02,184.03,231.58
12443,20240518,120,187.42,173.43,197.45
12444,20260511,133,157.64,126.37,142.79
12445,20250811,194,314.56,269.2,285.84
12446,20260603,235,351.8,320.99,341.9
12447,20250625,428,389.44,350.4,341.53
12448,20240625,204,137.31,107.99,120.18
12449,20250910,652,164.75,152.29,147.81
12450,20250811,594,93.21,81.49,80.89
12451,20231106,479,253.27,199.85,249.18
12452,20240704,652,164.75,140.82,145.74
12453,20260314,76,227.03,173.99,218.21
12454,20250324,234,318.9,251.81,359.16
12455,20230131,601,17.49,17.25,18.4
12456,20251203,96,204.85,173.06,197.88
12457,20250301,123,122.98,117.89,138.43
12458,20231014,151,452.82,374.87,445.55
12459,20260416,650,142.56,139.0,154.4
12460,20241119,721,249.16,227.97,270.03
12461,20230708,737,232.1,204.47,254.7
12462,20260327,261,212.23,174.48,180.57
12463,20250616,313,145.22,125.45,161.67
12464,20240128,267,142.28,130.11,155.11
12465,20241018,376,268.5,205.58,238.68
12466,20250503,312,205.56,163.46,219.07
12467,20241220,412,57.85,52.02,65.18
12468,20250226,686,193.71,147.72,198.93
12469,20230619,226,250.65,191.72,263.31
12470,20230112,534,111.77,105.8,123.92
12471,20240111,575,196.28,173.66,223.43
12472,20260110,727,29.93,23.73,27.8
12473,20240205,35,16.22,15.12,14.08
12474,20250513,440,113.85,99.16,125.21
12475,20250924,604,104.98,100.28,89.51
12476,20230505,607,181.88,170.53,154.9
12477,20260516,301,241.8,231.29,239.13
12478,20240601,719,73.37,57.77,68.0
12479,20240825,527,81.74,61.83,70.53
12480,20240605,151,452.82,413.64,408.77
12481,20250201,730,218.37,202.99,201.3
12482,20250920,564,142.88,118.67,157.1
12483,20230629,379,306.26,244.5,336.08
12484,20231205,469,161.37,130.36,140.93
12485,20240331,429,195.21,189.84,196.76
12486,20241028,312,205.56,187.61,225.78
12487,20231014,382,50.92,48.63,43.98
12488,20231226,437,95.28,94.65,102.47
12489,20230325,731,425.46,391.29,405.23
12490,20230428,295,217.29,182.71,230.58
12491,20241216,666,221.55,214.54,192.36
12492,20241002,216,336.54,257.83,340.14
12493,20240312,556,340.34,255.49,328.43
12494,20260101,498,309.5,257.03,311.91
12495,20230407,424,164.94,152.46,175.2
12496,20230209,632,291.15,255.62,269.08
12497,20230116,331,284.71,251.62,270.23
12498,20250208,228,211.07,204.15,228.09
12499,20250625,669,256.27,256.1,263.16
12500,20260621,30,325.32,279.16,301.77
12501,20250608,202,290.4,252.26,290.57
12502,20260513,301,241.8,197.17,227.16
12503,20250207,267,142.28,121.58,149.25
12504,20250623,321,380.87,292.95,410.71
12505,20260530,659,165.56,149.48,188.05
12506,20230515,556,340.34,309.41,349.9
12507,20231120,636,140.04,135.76,139.81
12508,20250905,352,272.28,215.6,309.5
12509,20260505,170,336.66,263.27,369.23
12510,20231023,714,29.93,25.9,28.78
12511,20231008,795,235.28,205.48,237.75
12512,20260125,246,289.83,275.33,254.16
12513,20231119,767,29.98,29.63,31.46
12514,20260630,478,272.96,237.36,240.58
12515,20260323,195,225.23,224.92,228.87
12516,20260510,137,17.94,17.07,16.84
12517,20260607,100,63.71,60.64,64.18
12518,20250702,45,269.74,236.98,294.61
12519,20250212,614,10.84,10.42,10.24
12520,20260606,711,89.35,82.42,83.24
12521,20231105,206,36.22,32.73,35.46
12522,20230826,325,223.83,190.4,206.8
12523,20250409,394,159.79,122.75,182.88
12524,20250210,167,236.05,223.27,227.21
12525,20230829,386,184.17,143.42,196.6
12526,20230724,177,72.58,58.78,82.56
12527,20240916,619,96.72,95.02,109.87
12528,20231209,246,289.83,241.54,269.33
12529,20231116,519,54.14,41.25,55.82
12530,20241030,316,244.0,220.58,237.63
12531,20250925,351,348.89,336.42,367.93
12532,20251017,311,360.5,307.35,349.25
12533,20250515,230,55.79,54.22,50.39
12534,20260411,355,151.19,146.71,155.44
12535,20230121,101,321.61,271.29,295.52
12536,20240104,67,220.55,168.83,199.22
12537,20240509,448,28.11,21.62,30.71
12538,20251006,327,31.53,26.65,29.17
12539,20231221,106,80.14,79.85,78.03
12540,20250630,776,93.65,83.53,80.29
12541,20230704,233,146.82,112.5,131.15
12542,20231127,383,55.74,51.08,58.07
12543,20230201,230,55.79,54.47,62.0
12544,20230422,617,100.85,75.83,104.73
12545,20240116,92,242.67,193.71,237.87
12546,20241018,337,284.78,214.77,267.35
12547,20241223,314,241.0,208.98,261.62
12548,20240313,289,53.05,51.31,59.75
12549,20250214,734,36.51,29.25,35.67
12550,20250809,381,275.49,233.21,305.35
12551,20241113,558,241.4,234.96,207.17
12552,20260104,726,274.85,211.71,261.9
12553,20230713,499,261.75,206.35,289.48
12554,20260304,476,235.18,205.49,225.04
12555,20240909,706,136.94,134.6,137.1
12556,20230413,344,107.89,103.88,110.87
12557,20241220,196,79.66,65.52,88.04
12558,20240102,213,250.01,196.76,226.69
12559,20250110,356,128.43,104.33,117.01
12560,20260101,331,284.71,257.91,273.29
12561,20230329,756,394.25,335.81,363.78
12562,20240222,512,65.44,59.4,74.4
12563,20240414,417,243.35,197.8,246.06
12564,20250429,429,195.21,166.2,197.68
12565,20230723,185,138.24,133.39,119.66
12566,20230412,131,24.54,23.17,25.05
12567,20250501,617,100.85,88.38,109.84
12568,20230930,397,149.6,121.21,143.22
12569,20241214,200,245.23,194.21,225.67
12570,20250508,665,406.18,316.79,436.49
12571,20230617,252,26.05,21.16,23.69
12572,20250814,51,80.4,76.5,91.01
12573,20240521,102,258.72,208.84,266.94
12574,20250522,37,408.21,365.19,402.72
12575,20251110,426,82.56,72.53,84.89
12576,20230623,783,254.01,218.25,276.21
12577,20250909,344,107.89,91.26,117.41
12578,20230613,129,285.77,227.49,296.93
12579,20250828,364,58.02,52.62,53.71
12580,20250510,193,171.68,140.68,177.23
12581,20240229,441,334.72,273.95,336.86
12582,20240729,704,18.97,15.45,16.74
12583,20260317,649,267.48,246.32,301.4
12584,20250209,63,58.12,51.76,56.13
12585,20231013,387,66.08,54.48,75.8
12586,20241226,725,378.22,365.17,406.21
12587,20230905,209,254.65,219.72,228.8
12588,20231114,532,328.3,253.53,331.11
12589,20240617,92,242.67,234.15,240.5
12590,20240803,59,71.61,67.26,62.64
12591,20240125,710,52.14,39.91,51.57
12592,20231213,1,128.02,100.85,122.92
12593,20240901,145,222.21,180.95,254.35
12594,20240907,464,223.36,171.35,233.9
12595,20230402,610,31.94,27.81,30.19
12596,20230326,677,101.31,89.89,95.76
12597,20251223,17,231.2,199.84,224.49
12598,20260623,764,38.17,31.58,37.71
12599,20251222,194,314.56,306.61,299.41
12600,20260223,740,239.3,222.86,215.52
12601,20231111,332,121.61,96.22,105.38
12602,20230306,798,130.63,122.63,125.68
12603,20230912,53,274.33,219.53,290.42
12604,20230210,438,40.99,33.43,46.45
12605,20250902,365,297.68,296.5,313.51
12606,20240716,20,54.98,52.19,62.48
12607,20250813,265,249.31,196.44,277.03
12608,20251218,77,218.69,196.88,186.31
12609,20251004,460,84.17,76.66,76.23
12610,20240420,346,279.84,234.52,265.64
12611,20230104,11,54.42,43.7,52.5
12612,20250527,436,313.39,283.6,308.76
12613,20251026,445,236.18,181.16,226.71
12614,20260502,477,253.44,210.78,281.28
12615,20231112,384,52.49,41.09,48.98
12616,20251029,798,130.63,105.85,135.27
12617,20241208,79,253.18,208.7,265.32
12618,20240404,374,330.48,248.85,326.79
12619,20230501,274,185.35,144.51,175.48
12620,20230806,512,65.44,54.39,69.41
12621,20241231,499,261.75,251.64,256.27
12622,20250105,323,221.18,188.68,196.95
12623,20250502,625,408.43,383.07,402.67
12624,20250311,286,317.67,308.92,289.5
12625,20240903,637,73.36,57.76,82.9
12626,20260331,548,210.49,178.89,191.5
12627,20230422,422,51.31,40.93,55.93
12628,20260128,320,204.9,183.96,174.23
12629,20240930,752,83.54,69.02,71.08
12630,20260122,183,26.08,20.37,23.94
12631,20250522,599,224.63,221.78,197.94
12632,20250906,104,158.51,143.92,175.62
12633,20251111,759,228.08,219.31,246.32
12634,20251214,166,277.57,229.46,303.1
12635,20250311,477,253.44,242.93,223.25
12636,20250626,542,118.48,91.2,124.79
12637,20230416,649,267.48,237.9,268.94
12638,20251115,434,136.54,117.1,128.56
12639,20260327,17,231.2,215.57,229.53
12640,20230810,515,127.91,124.68,143.06
12641,20240328,137,17.94,14.64,17.27
12642,20250228,723,392.9,295.98,449.68
12643,20241229,516,76.0,72.98,78.76
12644,20241225,287,248.3,235.62,284.03
12645,20231014,60,69.61,56.09,69.31
12646,20230805,689,102.62,95.13,91.73
12647,20230830,178,241.37,239.37,227.21
12648,20230323,59,71.61,70.54,63.55
12649,20260314,203,357.94,341.96,312.14
12650,20250420,436,313.39,312.7,277.36
12651,20250611,733,218.3,181.19,213.99
12652,20260116,406,176.64,140.3,151.75
12653,20230221,190,46.04,35.88,39.9
12654,20230824,151,452.82,443.3,474.87
12655,20260602,185,138.24,126.06,144.24
12656,20240520,137,17.94,14.48,20.39
12657,20230809,69,201.68,158.54,229.42
12658,20240306,724,208.64,194.35,188.0
12659,20230131,481,267.97,245.51,246.07
12660,20240801,314,241.0,215.38,255.09
12661,20240830,321,380.87,312.55,328.15
12662,20230511,530,239.02,220.86,226.11
12663,20250717,642,93.63,85.18,93.32
12664,20260207,670,228.6,202.28,208.43
12665,20231221,134,299.61,294.95,300.58
12666,20240304,400,179.93,164.21,200.3
12667,20240221,281,253.48,216.75,270.06
12668,20250415,492,101.28,84.84,103.39
12669,20240131,778,248.68,225.07,247.13
12670,20240416,435,227.4,178.59,253.22
12671,20230902,308,277.35,236.23,262.68
12672,20250620,131,24.54,21.68,21.94
12673,20251107,30,325.32,268.8,281.1
12674,20240605,206,36.22,32.35,38.37
12675,20250126,258,30.13,24.92,31.11
12676,20230526,489,258.71,198.8,246.76
12677,20260117,279,296.99,245.05,277.59
12678,20230910,385,85.79,67.19,82.91
12679,20241115,172,59.34,59.33,61.73
12680,20250810,668,120.7,115.85,108.68
12681,20230507,443,376.23,347.61,355.48
12682,20241018,353,230.0,218.77,244.09
12683,20250410,267,142.28,111.18,121.37
12684,20251022,380,239.62,228.45,273.23
12685,20240628,174,208.41,194.96,238.51
12686,20260216,787,222.59,199.93,245.96
12687,20231122,524,130.88,127.62,113.73
12688,20240327,634,132.1,110.39,113.14
12689,20240914,333,315.8,303.44,318.66
12690,20231021,677,101.31,94.94,94.28
12691,20260313,105,380.19,307.66,400.62
12692,20230709,327,31.53,30.64,28.53
12693,20240123,220,267.45,238.85,255.92
12694,20241014,482,74.27,62.05,80.96
12695,20240403,190,46.04,44.02,46.2
12696,20251115,748,241.47,196.85,255.88
12697,20240211,781,50.54,46.9,52.28
12698,20260621,381,275.49,213.87,258.11
12699,20240720,72,119.72,115.73,134.16
12700,20251021,151,452.82,403.15,453.34
12701,20230427,381,275.49,265.5,265.37
12702,20241218,532,328.3,295.89,317.48
12703,20251017,372,11.94,10.39,12.31
12704,20251009,94,11.79,9.59,13.53
12705,20230316,251,350.95,334.02,327.66
12706,20230710,468,354.29,293.62,342.87
12707,20231022,726,274.85,215.67,294.98
12708,20250320,598,111.7,106.48,112.62
12709,20251114,26,359.21,320.0,366.18
12710,20260507,492,101.28,96.33,116.21
12711,20250429,188,276.5,267.8,274.96
12712,20240323,648,33.89,32.16,31.98
12713,20240412,672,106.54,90.9,94.83
12714,20260226,310,71.17,67.84,68.51
12715,20260125,611,119.6,117.23,126.63
12716,20240424,229,168.69,160.66,187.26
12717,20250510,583,182.74,175.54,207.83
12718,20260308,780,78.04,65.07,80.42
12719,20250915,334,266.65,227.96,294.75
12720,20260505,124,11.28,11.02,12.07
12721,20240229,201,178.89,143.03,196.13
12722,20230104,272,66.09,54.47,64.93
12723,20260124,232,283.79,216.45,313.42
12724,20230126,244,357.61,328.51,331.71
12725,20240803,346,279.84,256.97,284.05
12726,20230220,113,119.1,116.75,129.53
12727,20250101,107,92.43,71.96,91.77
12728,20230116,179,40.39,35.77,42.8
12729,20250805,54,133.2,103.82,125.88
12730,20240506,705,239.69,226.31,270.0
12731,20230722,660,11.42,10.53,12.43
12732,20250220,257,153.43,132.85,155.58
12733,20231203,775,193.35,159.71,193.43
12734,20241020,355,151.19,127.18,147.84
12735,20241007,750,22.62,18.14,22.68
12736,20240120,624,21.67,16.91,22.16
12737,20230612,232,283.79,252.28,310.83
12738,20241207,480,425.68,325.81,378.07
12739,20230314,779,134.97,118.29,134.1
12740,20260510,748,241.47,205.85,257.16
12741,20231122,546,65.36,57.21,65.89
12742,20250319,481,267.97,252.21,279.39
12743,20230326,201,178.89,143.42,183.88
12744,20251025,247,116.11,108.26,101.5
12745,20240324,119,333.87,333.24,320.95
12746,20230618,798,130.63,117.19,130.39
12747,20260219,158,81.27,68.7,73.43
12748,20231127,561,223.15,174.43,210.45
12749,20250109,598,111.7,89.28,110.6
12750,20260421,406,176.64,144.59,176.42
12751,20240617,306,267.41,215.14,255.66
12752,20231114,733,218.3,187.02,250.13
12753,20240102,556,340.34,313.87,314.55
12754,20240411,143,275.87,208.87,306.48
12755,20230802,585,163.26,138.08,171.29
12756,20230326,271,181.82,175.1,207.2
12757,20251112,118,410.38,340.63,397.86
12758,20230731,373,240.17,208.56,216.08
12759,20230522,196,79.66,78.12,81.33
12760,20241124,290,323.07,262.64,357.36
12761,20241009,683,426.67,390.69,440.15
12762,20260504,629,217.61,198.94,237.54
12763,20231016,531,18.72,17.6,17.11
12764,20250831,69,201.68,164.15,202.87
12765,20231209,71,81.45,62.5,87.72
12766,20241105,195,225.23,218.39,243.15
12767,20250111,522,104.14,89.73,93.36
12768,20240428,260,283.2,251.67,255.04
12769,20240725,31,281.2,219.64,246.84
12770,20260125,277,308.04,279.93,340.1
12771,20241120,107,92.43,71.27,83.7
12772,20250621,291,178.18,156.99,204.82
12773,20260321,263,87.43,85.94,96.46
12774,20230713,790,117.22,103.58,100.9
12775,20230705,283,273.75,240.12,260.66
12776,20230128,386,184.17,173.01,209.48
12777,20250624,85,52.93,49.71,48.77
12778,20230212,430,96.92,74.84,93.14
12779,20251222,378,260.57,214.46,299.17
12780,20260103,129,285.77,266.71,256.36
12781,20231125,337,284.78,277.62,257.72
12782,20240121,145,222.21,190.74,246.47
12783,20260106,392,148.86,140.75,161.24
12784,20250630,374,330.48,286.71,371.57
12785,20250812,22,105.46,92.03,120.13
12786,20250706,190,46.04,34.64,39.86
12787,20230816,262,237.84,227.15,243.45
12788,20250212,436,313.39,245.4,283.18
12789,20260320,442,36.82,35.54,31.49
12790,20260622,542,118.48,103.38,115.54
12791,20241127,485,125.2,107.35,116.92
12792,20240404,178,241.37,215.23,232.27
12793,20230327,616,278.04,264.42,250.64
12794,20230607,281,253.48,225.66,285.8
12795,20250321,672,106.54,83.0,115.68
12796,20250624,606,54.24,44.35,49.14
12797,20240517,350,195.28,161.05,195.41
12798,20260303,5,163.2,152.76,169.64
12799,20250317,213,250.01,239.98,279.37
12800,20251221,271,181.82,159.79,205.54
12801,20260605,533,169.61,156.93,163.69
12802,20230817,263,87.43,80.23,90.22
12803,20230629,577,292.69,253.96,283.51
12804,20251215,409,219.82,168.31,235.47
12805,20250205,174,208.41,161.43,197.57
12806,20230117,248,229.78,197.76,214.89
12807,20240430,602,85.13,78.12,76.15
12808,20260625,431,27.19,24.86,29.89
12809,20250818,539,287.91,276.89,301.52
12810,20230115,680,272.43,229.45,242.38
12811,20231216,499,261.75,209.91,265.85
12812,20241129,383,55.74,48.13,58.2
12813,20251121,342,102.47,79.28,88.37
12814,20260404,653,210.05,169.62,239.7
12815,20250303,734,36.51,35.71,35.14
12816,20241012,460,84.17,70.67,79.81
12817,20260220,727,29.93,26.39,30.42
12818,20230507,424,164.94,149.09,166.16
12819,20250118,613,46.15,37.44,47.85
12820,20260203,468,354.29,312.06,309.05
12821,20231209,23,213.42,160.34,215.51
12822,20240629,431,27.19,24.47,30.61
12823,20250123,294,364.34,288.22,332.62
12824,20240117,580,282.51,219.83,310.52
12825,20250429,754,408.58,368.99,366.93
12826,20230321,482,74.27,59.61,77.85
12827,20240522,154,257.41,236.47,241.02
12828,20230713,437,95.28,82.86,82.6
12829,20250113,565,40.62,39.79,43.47
12830,20240402,226,250.65,216.15,241.76
12831,20231009,557,165.04,145.72,147.6
12832,20250721,257,153.43,148.65,160.75
12833,20230526,552,211.79,172.6,219.4
12834,20230614,783,254.01,228.86,242.44
12835,20240604,591,113.73,87.06,98.34
12836,20240725,581,46.45,41.77,47.6
12837,20230409,415,83.9,77.48,77.84
12838,20230214,148,26.37,24.73,26.7
12839,20230316,495,21.23,20.11,19.47
12840,20230512,757,118.51,96.52,128.4
12841,20260207,96,204.85,179.34,232.15
12842,20250718,718,216.02,211.65,230.92
12843,20240115,324,210.25,178.01,238.44
12844,20250226,33,147.68,117.05,164.23
12845,20230607,166,277.57,208.69,304.95
12846,20250111,753,306.18,300.85,305.05
12847,20230714,266,259.97,251.68,275.0
12848,20230429,113,119.1,92.33,135.46
12849,20250812,627,323.38,321.36,342.33
12850,20240710,568,27.56,23.8,28.84
12851,20260518,5,163.2,126.56,182.64
12852,20230530,429,195.21,184.91,205.81
12853,20240114,618,117.82,100.95,126.02
12854,20230118,464,223.36,222.08,218.7
12855,20251221,223,289.35,246.89,286.28
12856,20230707,491,168.23,141.03,178.14
12857,20231101,155,168.01,152.1,157.15
12858,20230516,469,161.37,124.15,166.31
12859,20250612,434,136.54,107.84,149.82
12860,20260617,202,290.4,252.58,247.64
12861,20240518,102,258.72,218.78,270.92
12862,20250902,14,109.54,89.76,104.62
12863,20241023,222,199.12,176.77,224.53
12864,20230407,656,264.51,254.58,238.77
12865,20250113,431,27.19,24.72,23.67
12866,20250408,501,167.28,148.33,185.86
12867,20240225,47,225.94,176.59,202.24
12868,20241226,765,31.01,30.07,27.06
12869,20250712,782,103.0,101.1,108.59
12870,20250615,678,133.31,111.34,144.55
12871,20250108,652,164.75,132.37,172.69
12872,20250222,782,103.0,90.89,95.55
12873,20260328,594,93.21,90.4,106.43
12874,20260603,536,232.15,195.72,243.49
12875,20241127,161,202.52,199.13,182.97
12876,20240207,299,12.05,9.18,12.63
12877,20250819,697,203.47,152.85,210.46
12878,20230913,524,130.88,122.05,119.84
12879,20240824,2,108.79,83.77,104.0
12880,20241028,199,127.18,99.18,127.87
12881,20230926,737,232.1,184.57,203.01
12882,20241127,394,159.79,143.4,170.38
12883,20230821,622,97.19,78.77,94.06
12884,20230102,774,100.34,83.51,103.39
12885,20230824,139,382.89,308.05,425.22
12886,20230622,138,287.07,270.38,327.34
12887,20231102,212,17.63,15.05,18.76
12888,20240426,636,140.04,129.71,127.84
12889,20231021,57,20.69,20.58,19.13
12890,20230302,635,53.49,49.41,57.93
12891,20241105,730,218.37,187.65,229.4
12892,20260317,121,298.82,268.15,298.67
12893,20241029,85,52.93,42.25,54.74
12894,20240321,723,392.9,322.98,342.7
12895,20260503,224,205.12,195.26,186.22
12896,20250529,378,260.57,257.64,285.07
12897,20260406,630,339.79,335.28,382.05
12898,20240527,29,170.48,145.93,175.45
12899,20240726,623,190.11,164.91,183.94
12900,20250719,623,190.11,163.42,204.73
12901,20230702,534,111.77,94.96,114.42
12902,20230511,216,336.54,327.77,369.75
12903,20240309,128,41.76,34.21,39.88
12904,20251126,92,242.67,209.15,258.63
12905,20250925,325,223.83,219.16,244.37
12906,20250527,514,340.45,329.2,363.0
12907,20230207,249,37.07,29.45,32.37
12908,20230218,780,78.04,67.32,67.47
12909,20250723,406,176.64,135.88,172.84
12910,20241224,633,57.66,54.27,60.99
12911,20260207,297,203.31,198.75,215.91
12912,20230115,415,83.9,69.24,79.38
12913,20260410,361,218.41,203.26,194.31
12914,20250729,131,24.54,24.05,22.89
12915,20230102,264,10.22,10.11,11.63
12916,20250811,472,30.87,28.73,27.0
12917,20240516,717,37.49,29.92,37.38
12918,20240307,76,227.03,198.0,252.2
12919,20260602,760,321.52,247.31,288.31
12920,20240512,159,138.34,125.75,136.02
12921,20230516,168,139.86,121.53,143.4
12922,20231212,759,228.08,205.34,196.84
12923,20260107,163,35.79,34.0,33.63
12924,20260527,178,241.37,206.2,223.63
12925,20241029,79,253.18,192.05,280.87
12926,20240830,690,128.51,98.2,146.9
12927,20250405,532,328.3,271.19,280.2
12928,20260420,410,94.32,84.51,82.29
12929,20251205,11,54.42,41.01,51.21
12930,20250606,555,113.22,98.43,98.11
12931,20260420,244,357.61,342.76,376.27
12932,20230805,436,313.39,261.74,320.13
12933,20260104,690,128.51,120.87,110.78
12934,20240921,791,228.37,195.16,231.17
12935,20241015,277,308.04,297.53,335.18
12936,20231030,237,339.45,288.73,324.07
12937,20240706,484,15.41,11.56,13.12
12938,20241116,276,66.7,66.34,57.87
12939,20241025,615,107.87,87.26,116.87
12940,20240805,602,85.13,73.8,84.56
12941,20240421,525,333.84,327.31,298.54
12942,20241126,245,129.45,121.53,122.76
12943,20250518,500,394.62,351.59,430.45
12944,20230728,553,68.99,61.95,67.9
12945,20260122,97,301.78,280.41,337.53
12946,20230928,79,253.18,228.19,284.67
12947,20250915,416,128.68,106.25,134.46
12948,20241230,707,225.72,176.81,218.13
12949,20250101,224,205.12,176.18,218.53
12950,20240810,669,256.27,217.13,262.72
12951,20240608,547,393.46,319.56,406.36
12952,20240428,494,380.5,377.59,372.24
12953,20230308,174,208.41,175.62,199.12
12954,20231127,408,74.67,67.27,64.85
12955,20250216,554,59.83,51.01,68.17
12956,20241231,456,219.24,211.96,224.76
12957,20241213,752,83.54,79.64,87.32
12958,20240514,131,24.54,22.26,25.2
12959,20250526,285,204.89,194.38,182.62
12960,20230324,499,261.75,206.9,267.89
12961,20231105,270,147.92,123.54,135.42
12962,20250322,78,147.0,134.04,148.4
12963,20240504,309,270.23,267.8,280.58
12964,20230715,790,117.22,104.01,107.52
12965,20231204,24,126.6,116.21,116.84
12966,20231228,56,266.02,250.93,266.32
12967,20231115,579,241.27,214.54,254.82
12968,20230308,270,147.92,134.2,131.26
12969,20241127,50,253.67,230.71,291.45
12970,20230715,199,127.18,119.81,140.64
12971,20251116,159,138.34,115.86,150.24
12972,20240423,615,107.87,99.02,94.69
12973,20260105,427,416.06,318.51,380.05
12974,20241023,86,11.99,9.53,12.16
12975,20260410,474,285.61,231.92,252.29
12976,20230911,274,185.35,179.61,161.56
12977,20251101,101,321.61,269.13,287.21
12978,20250228,110,284.95,249.44,282.75
12979,20241224,478,272.96,264.51,261.6
12980,20231228,666,221.55,190.74,196.03
12981,20240107,204,137.31,134.44,135.01
12982,20230109,530,239.02,212.6,254.85
12983,20240326,161,202.52,162.22,214.92
12984,20250727,603,228.34,183.06,225.03
12985,20250619,236,380.33,300.05,341.47
12986,20240205,499,261.75,250.49,266.86
12987,20240927,350,195.28,150.03,180.59
12988,20250718,116,34.36,32.95,38.34
12989,20250326,734,36.51,32.89,33.89
12990,20251115,403,210.54,192.28,222.88
12991,20250219,468,354.29,270.92,385.22
12992,20230702,410,94.32,85.67,86.29
12993,20250902,208,194.43,162.81,181.23
12994,20250626,401,188.97,160.75,200.24
12995,20250117,517,325.99,325.01,364.84
12996,20250831,768,253.35,225.55,236.71
12997,20230820,456,219.24,175.87,194.55
12998,20251022,150,107.86,94.42,122.46
12999,20240830,290,323.07,300.95,327.77
13000,20251110,224,205.12,182.7,211.21
13001,20251107,365,297.68,251.19,336.82
13002,20230627,460,84.17,84.04,83.69
13003,20260305,732,90.88,77.44,81.65
13004,20230225,27,110.98,110.86,125.55
13005,20251105,409,219.82,183.99,252.35
13006,20240527,547,393.46,320.27,366.14
13007,20240115,24,126.6,107.13,121.08
13008,20240823,33,147.68,137.9,150.79
13009,20241209,118,410.38,339.88,360.04
13010,20250430,758,348.5,273.39,348.28
13011,20250621,301,241.8,206.63,205.89
13012,20250123,66,232.57,176.4,265.89
13013,20240314,685,141.65,137.85,131.38
13014,20241205,657,207.96,195.68,177.41
13015,20240608,677,101.31,76.28,115.7
13016,20230619,493,91.44,85.16,78.59
13017,20260504,411,64.81,62.87,58.76
13018,20250206,145,222.21,190.93,203.96
13019,20251225,167,236.05,180.77,200.99
13020,20250820,72,119.72,107.05,102.11
13021,20231103,132,116.18,102.43,128.39
13022,20260113,251,350.95,294.51,355.09
13023,20250117,148,26.37,22.86,29.14
13024,20241005,223,289.35,272.7,284.47
13025,20230913,617,100.85,95.03,91.47
13026,20230417,708,140.71,128.83,160.79
13027,20230715,492,101.28,97.53,108.74
13028,20240105,795,235.28,220.74,262.0
13029,20250805,627,323.38,274.18,298.38
13030,20240525,513,255.23,215.78,273.32
13031,20260221,296,86.09,68.19,90.28
13032,20260319,432,269.02,245.01,264.56
13033,20250913,247,116.11,111.69,118.06
13034,20230324,98,316.05,294.32,296.25
13035,20260410,119,333.87,277.96,352.38
13036,20251120,197,150.97,148.21,165.12
13037,20250529,601,17.49,13.83,19.18
13038,20251106,783,254.01,237.29,259.52
13039,20230330,706,136.94,114.09,136.12
13040,20251111,116,34.36,30.86,35.26
13041,20250915,486,204.27,178.21,190.26
13042,20260216,778,248.68,197.15,246.23
13043,20230726,181,341.92,278.61,337.31
13044,20251001,42,245.92,187.08,254.35
13045,20240422,515,127.91,98.01,146.23
13046,20260524,763,348.36,281.97,324.09
13047,20250307,162,43.61,39.12,40.06
13048,20230120,285,204.89,163.61,230.3
13049,20241204,229,168.69,140.38,174.79
13050,20240918,481,267.97,261.08,287.84
13051,20260416,702,260.54,235.61,252.53
13052,20230630,372,11.94,10.83,11.05
13053,20240123,263,87.43,82.49,87.2
13054,20240320,457,60.47,56.51,58.8
13055,20231010,745,215.3,195.07,189.76
13056,20241127,772,272.89,231.35,292.49
13057,20231222,184,305.93,264.77,297.34
13058,20251202,157,17.11,15.33,16.08
13059,20230503,561,223.15,220.82,245.4
13060,20230819,448,28.11,27.26,26.09
13061,20250112,745,215.3,183.71,224.53
13062,20230417,23,213.42,169.8,204.46
13063,20240803,665,406.18,400.55,421.79
13064,20260124,295,217.29,166.19,220.48
13065,20231013,523,151.65,141.93,169.47
13066,20250304,243,30.66,29.45,34.73
13067,20260503,518,38.63,33.72,39.02
13068,20230622,72,119.72,119.18,108.42
13069,20240823,513,255.23,240.28,239.27
13070,20250626,113,119.1,97.56,133.98
13071,20230311,635,53.49,52.92,58.61
13072,20230610,785,272.2,218.9,257.27
13073,20250721,560,40.22,30.26,38.34
13074,20260102,307,130.54,101.08,124.12
13075,20240915,6,195.36,156.11,193.13
13076,20230713,162,43.61,35.25,49.51
13077,20230525,92,242.67,215.08,206.76
13078,20251030,529,73.96,60.86,81.43
13079,20250318,490,84.06,63.19,80.98
13080,20251204,257,153.43,130.68,161.99
13081,20230910,606,54.24,47.93,61.37
13082,20230726,336,366.26,294.91,369.53
13083,20250504,177,72.58,70.96,78.11
13084,20231217,753,306.18,294.68,301.75
13085,20230618,647,184.7,153.87,205.35
13086,20240816,597,11.11,10.09,10.82
13087,20240217,300,94.2,72.05,93.39
13088,20260316,257,153.43,151.86,156.32
13089,20241005,377,227.02,211.69,235.55
13090,20250619,348,233.48,229.69,264.89
13091,20241002,107,92.43,85.76,100.38
13092,20250204,752,83.54,70.3,74.86
13093,20241126,531,18.72,17.72,19.38
13094,20240514,255,317.46,293.0,270.6
13095,20230121,184,305.93,291.55,349.41
13096,20250904,328,77.81,59.4,89.18
13097,20240717,232,283.79,277.44,296.1
13098,20241101,460,84.17,82.09,82.72
13099,20250818,408,74.67,62.18,67.52
13100,20250219,336,366.26,302.82,398.38
13101,20230511,98,316.05,275.11,344.18
13102,20240712,301,241.8,211.09,208.52
13103,20230821,454,323.6,262.54,365.48
13104,20260126,668,120.7,95.62,112.05
13105,20231219,507,266.28,206.68,250.37
13106,20241003,52,21.14,16.14,19.65
13107,20230319,584,303.45,260.77,317.74
13108,20250429,4,279.54,253.87,267.87
13109,20240525,355,151.19,142.23,172.85
13110,20231102,99,363.81,299.16,397.37
13111,20241129,439,350.84,263.83,334.7
13112,20240206,743,343.9,317.38,370.46
13113,20231009,23,213.42,176.97,223.31
13114,20250626,492,101.28,97.74,107.16
13115,20250813,135,41.31,34.92,37.64
13116,20241025,75,117.53,112.99,122.94
13117,20250505,17,231.2,206.66,264.74
13118,20240211,203,357.94,306.98,313.25
13119,20230205,133,157.64,123.61,138.8
13120,20230108,569,318.86,287.12,342.72
13121,20231111,250,223.62,220.64,231.13
13122,20240421,494,380.5,343.42,380.24
13123,20240623,565,40.62,35.82,39.24
13124,20240102,542,118.48,109.58,109.83
13125,20230320,784,112.95,110.8,113.93
13126,20230402,161,202.52,200.55,188.08
13127,20250425,433,60.97,60.22,66.43
13128,20251212,453,159.04,136.79,149.04
13129,20240508,284,15.97,15.78,14.58
13130,20240804,608,103.16,102.57,113.64
13131,20260228,648,33.89,27.38,32.72
13132,20240519,655,70.94,58.29,65.84
13133,20231223,327,31.53,31.47,33.82
13134,20230219,798,130.63,123.53,117.16
13135,20251219,713,325.0,289.99,355.24
13136,20250115,480,425.68,403.72,399.53
13137,20230704,624,21.67,16.43,20.59
13138,20250904,592,178.71,176.86,153.83
13139,20230613,540,329.69,324.92,378.13
13140,20260502,523,151.65,139.07,159.16
13141,20230228,444,271.47,232.75,295.3
13142,20260417,305,183.32,143.26,206.61
13143,20240713,531,18.72,17.69,20.97
13144,20250623,430,96.92,77.21,109.28
13145,20230312,430,96.92,85.26,90.3
13146,20230218,102,258.72,209.99,272.29
13147,20260307,233,146.82,120.62,148.86
13148,20251014,197,150.97,122.73,169.14
13149,20260217,439,350.84,343.11,400.82
13150,20250513,777,116.51,104.92,130.73
13151,20240625,598,111.7,97.13,110.22
13152,20230724,617,100.85,88.87,88.8
13153,20240927,159,138.34,104.52,133.37
13154,20250502,237,339.45,331.33,311.75
13155,20240613,148,26.37,22.49,23.92
13156,20250909,799,172.35,161.13,164.57
13157,20240502,288,29.26,25.52,30.73
13158,20230202,431,27.19,24.94,23.39
13159,20250331,275,34.97,30.48,40.0
13160,20231104,399,52.27,42.56,59.42
13161,20260406,740,239.3,207.45,252.95
13162,20230310,395,380.39,295.39,337.72
13163,20240428,18,49.16,43.5,51.97
13164,20230507,385,85.79,84.29,80.24
13165,20240529,78,147.0,121.9,162.62
13166,20250609,710,52.14,40.68,57.07
13167,20230315,346,279.84,265.89,256.86
13168,20250718,384,52.49,49.58,53.66
13169,20241223,550,203.17,159.34,200.08
13170,20241112,501,167.28,139.1,173.73
13171,20250608,638,35.51,32.91,33.27
13172,20251203,494,380.5,359.0,342.54
13173,20240305,783,254.01,192.68,219.37
13174,20231008,245,129.45,98.58,128.28
13175,20250308,585,163.26,159.44,161.28
13176,20231129,744,99.0,96.24,99.8
13177,20260129,20,54.98,51.42,49.24
13178,20250927,568,27.56,26.32,27.38
13179,20240416,515,127.91,105.29,136.55
13180,20230728,389,13.99,12.69,14.42
13181,20230622,172,59.34,59.04,62.64
13182,20250719,690,128.51,111.75,112.39
13183,20240214,709,35.68,26.98,39.4
13184,20240318,727,29.93,28.52,26.01
13185,20230502,214,309.39,270.66,306.55
13186,20231201,443,376.23,335.88,339.89
13187,20240107,419,199.26,191.0,218.8
13188,20230103,59,71.61,63.43,81.0
13189,20230906,310,71.17,65.91,71.36
13190,20250817,170,336.66,257.37,323.75
13191,20231120,137,17.94,13.8,19.02
13192,20251220,163,35.79,32.81,32.0
13193,20230329,723,392.9,374.23,394.28
13194,20230214,155,168.01,156.58,150.14
13195,20240326,691,160.49,127.56,159.7
13196,20240324,479,253.27,227.93,244.42
13197,20231216,585,163.26,146.2,186.22
13198,20241021,590,66.24,56.36,68.74
13199,20230208,119,333.87,311.12,313.44
13200,20250326,315,296.21,240.01,259.89
13201,20230613,664,29.07,24.02,27.81
13202,20250923,638,35.51,35.43,32.9
13203,20240419,314,241.0,207.35,246.57
13204,20230626,147,53.98,42.29,56.42
13205,20240701,649,267.48,247.76,265.21
13206,20230307,12,262.97,209.8,231.05
13207,20260515,235,351.8,289.71,358.74
13208,20231109,624,21.67,21.19,18.66
13209,20240226,610,31.94,24.02,32.49
13210,20260228,239,177.69,143.65,159.77
13211,20230224,234,318.9,292.9,357.68
13212,20260418,379,306.26,251.21,261.39
13213,20250604,235,351.8,325.33,316.55
13214,20251115,355,151.19,122.93,149.41
13215,20230326,248,229.78,211.86,197.07
13216,20230707,23,213.42,208.62,191.29
13217,20260530,566,84.3,72.32,76.41
13218,20260105,303,105.17,86.86,96.08
13219,20230128,550,203.17,166.02,224.34
13220,20251112,441,334.72,315.87,300.32
13221,20230510,656,264.51,244.1,273.83
13222,20240317,22,105.46,82.07,110.2
13223,20230418,704,18.97,14.94,18.12
13224,20240712,110,284.95,271.38,292.79
13225,20241106,140,105.24,93.69,106.7
13226,20240610,185,138.24,113.02,126.38
13227,20230417,174,208.41,196.91,182.6
13228,20240706,484,15.41,15.19,16.24
13229,20260203,69,201.68,170.8,173.41
13230,20230110,401,188.97,152.1,169.83
13231,20250621,502,358.64,318.3,310.49
13232,20250810,458,116.37,110.8,119.54
13233,20250718,381,275.49,226.28,306.61
13234,20240809,120,187.42,165.27,212.54
13235,20240203,642,93.63,86.61,106.28
13236,20240516,459,41.78,41.59,39.03
13237,20230215,781,50.54,45.01,57.99
13238,20251106,724,208.64,208.23,193.58
13239,20230808,727,29.93,26.05,25.91
13240,20230408,169,80.84,71.57,92.12
13241,20231101,548,210.49,199.48,217.03
13242,20230308,670,228.6,208.38,247.08
13243,20230308,207,387.32,317.74,363.21
13244,20240913,580,282.51,281.71,292.69
13245,20260620,326,267.52,240.75,304.51
13246,20231122,293,423.76,357.91,403.5
13247,20260318,485,125.2,108.88,135.0
13248,20250104,649,267.48,246.11,305.31
13249,20250215,187,256.66,254.05,273.04
13250,20240219,618,117.82,101.29,120.0
13251,20250320,768,253.35,231.35,237.59
13252,20250522,458,116.37,109.23,107.32
13253,20230217,183,26.08,21.74,27.28
13254,20241027,611,119.6,97.66,111.37
13255,20251231,14,109.54,83.51,111.63
13256,20230321,704,18.97,14.8,16.46
13257,20250214,746,393.87,335.01,362.35
13258,20241217,302,95.16,81.76,107.94
13259,20250302,751,98.86,75.13,91.8
13260,20230413,45,269.74,235.86,285.7
13261,20240426,230,55.79,44.39,55.17
13262,20251110,780,78.04,72.59,84.74
13263,20260130,11,54.42,51.12,57.41
13264,20250304,531,18.72,15.96,18.81
13265,20230313,339,147.7,142.68,148.49
13266,20250430,273,176.31,166.12,174.95
13267,20260330,179,40.39,33.98,45.32
13268,20240421,294,364.34,341.54,312.85
13269,20250712,251,350.95,323.61,318.94
13270,20250213,415,83.9,82.39,74.12
13271,20230816,316,244.0,211.56,223.6
13272,20231002,466,314.66,238.75,322.33
13273,20240218,458,116.37,104.39,127.19
13274,20260321,536,232.15,223.56,240.24
13275,20240701,346,279.84,233.06,318.22
13276,20231224,566,84.3,74.4,77.6
13277,20240204,560,40.22,32.33,37.72
13278,20241102,164,412.46,379.37,401.96
13279,20260325,683,426.67,361.09,469.4
13280,20240225,206,36.22,27.23,33.13
13281,20260623,704,18.97,18.05,21.36
13282,20250301,239,177.69,176.64,187.95
13283,20251123,176,155.18,149.78,134.71
13284,20250202,313,145.22,129.86,133.36
13285,20230424,86,11.99,9.68,12.42
13286,20240725,80,237.98,215.84,242.02
13287,20240526,610,31.94,24.05,36.02
13288,20240619,264,10.22,10.13,11.13
13289,20250419,754,408.58,324.36,397.37
13290,20250319,480,425.68,336.15,471.08
13291,20230101,738,223.85,178.48,244.75
13292,20250202,123,122.98,117.55,116.87
13293,20230122,300,94.2,76.2,104.78
13294,20260227,234,318.9,307.45,297.32
13295,20231126,204,137.31,115.63,133.2
13296,20240409,565,40.62,39.86,45.84
13297,20250725,744,99.0,80.31,104.46
13298,20231218,356,128.43,106.42,113.54
13299,20251119,304,72.0,70.11,70.99
13300,20250730,486,204.27,200.2,207.65
13301,20231117,777,116.51,116.15,114.88
13302,20240420,157,17.11,14.33,16.37
13303,20260204,389,13.99,13.26,16.0
13304,20241226,134,299.61,252.25,343.47
13305,20241226,112,332.69,296.79,323.17
13306,20241212,795,235.28,207.73,262.68
13307,20230123,455,34.92,27.56,37.03
13308,20250212,721,249.16,189.59,248.0
13309,20230203,416,128.68,99.51,135.26
13310,20241127,206,36.22,34.61,31.41
13311,20240309,261,212.23,190.59,184.54
13312,20230920,82,299.58,284.25,303.11
13313,20240528,246,289.83,244.65,324.32
13314,20240401,24,126.6,115.02,124.01
13315,20251020,182,161.43,127.33,166.48
13316,20251227,715,170.39,141.94,149.23
13317,20240414,562,188.77,161.5,162.12
13318,20251122,751,98.86,79.22,106.81
13319,20240119,750,22.62,19.77,20.26
13320,20250317,380,239.62,234.1,257.72
13321,20240815,110,284.95,256.78,277.55
13322,20250901,206,36.22,32.62,40.23
13323,20250308,762,278.35,262.28,253.42
13324,20250906,603,228.34,206.57,223.7
13325,20230902,561,223.15,218.81,240.15
13326,20230619,261,212.23,182.3,214.2
13327,20230224,642,93.63,84.77,102.47
13328,20230706,129,285.77,272.72,267.72
13329,20230424,191,330.51,315.72,300.79
13330,20240913,209,254.65,226.66,254.24
13331,20251029,17,231.2,202.73,245.83
13332,20250322,775,193.35,160.56,177.18
13333,20260526,653,210.05,187.57,192.55
13334,20240807,462,220.62,202.36,238.28
13335,20250801,515,127.91,124.03,127.91
13336,20240820,69,201.68,154.97,191.68
13337,20231010,139,382.89,294.87,329.5
13338,20240108,7,169.43,164.29,155.62
13339,20230228,200,245.23,225.53,240.83
13340,20240915,497,311.63,256.17,316.38
13341,20260318,581,46.45,35.04,49.71
13342,20250128,121,298.82,273.87,333.83
13343,20240630,575,196.28,151.53,224.01
13344,20250910,121,298.82,224.29,332.7
13345,20240325,634,132.1,122.59,136.66
13346,20250802,503,318.02,288.12,308.26
13347,20231124,675,310.72,268.94,348.19
13348,20250522,214,309.39,250.83,272.87
13349,20240228,196,79.66,77.63,67.74
13350,20241215,291,178.18,154.17,204.88
13351,20231215,401,188.97,144.18,201.42
13352,20250407,503,318.02,269.03,305.38
13353,20240308,93,61.41,47.24,64.43
13354,20230106,108,24.49,23.23,26.1
13355,20240911,435,227.4,197.12,252.62
13356,20240704,769,93.19,73.92,103.97
13357,20240126,392,148.86,131.03,153.39
13358,20250326,99,363.81,326.83,313.02
13359,20250205,725,378.22,293.82,404.43
13360,20240510,213,250.01,233.13,269.35
13361,20240302,366,384.91,294.49,354.34
13362,20260526,547,393.46,324.29,377.67
13363,20240725,144,249.79,213.34,266.06
13364,20230405,98,316.05,282.28,361.74
13365,20240209,457,60.47,57.83,67.85
13366,20241013,800,138.76,108.16,123.11
13367,20230301,584,303.45,293.01,304.99
13368,20240128,438,40.99,33.97,35.58
13369,20230115,443,376.23,312.66,348.08
13370,20230104,143,275.87,248.18,290.23
13371,20230109,536,232.15,201.27,218.99
13372,20260409,762,278.35,233.41,236.81
13373,20250710,494,380.5,364.15,332.17
13374,20251215,546,65.36,57.49,60.55
13375,20240529,529,73.96,62.23,65.98
13376,20230812,317,251.02,203.02,272.86
13377,20230203,249,37.07,35.3,41.54
13378,20251108,468,354.29,323.34,352.02
13379,20251214,564,142.88,142.34,148.78
13380,20260208,350,195.28,150.06,189.33
13381,20260627,400,179.93,175.76,206.01
13382,20250902,556,340.34,309.46,371.3
13383,20230618,406,176.64,173.66,163.33
13384,20240202,555,113.22,86.92,97.32
13385,20240822,387,66.08,51.24,72.58
13386,20250614,749,202.73,170.44,173.77
13387,20240217,619,96.72,78.62,109.0
13388,20230217,457,60.47,51.73,60.57
13389,20251102,438,40.99,37.0,45.15
13390,20240802,458,116.37,114.59,124.96
13391,20240722,365,297.68,227.33,312.37
13392,20240405,373,240.17,229.56,249.83
13393,20230917,251,350.95,310.75,399.66
13394,20240413,793,136.99,133.4,132.06
13395,20251022,457,60.47,57.08,61.59
13396,20250325,618,117.82,95.01,105.94
13397,20231007,71,81.45,75.74,92.96
13398,20230603,253,436.82,393.89,465.54
13399,20230914,295,217.29,200.8,246.02
13400,20240429,512,65.44,53.15,64.36
13401,20240102,480,425.68,391.64,411.63
13402,20250305,559,55.12,44.06,49.45
13403,20240704,548,210.49,209.9,212.69
13404,20240317,725,378.22,297.88,343.98
13405,20260120,750,22.62,19.14,23.7
13406,20260308,519,54.14,47.79,50.35
13407,20230630,393,22.43,21.08,24.13
13408,20250317,610,31.94,25.59,36.45
13409,20230130,436,313.39,248.39,324.14
13410,20240928,663,304.83,290.42,259.62
13411,20251218,650,142.56,137.76,139.6
13412,20250215,754,408.58,318.8,391.88
13413,20250702,206,36.22,33.71,35.62
13414,20230112,560,40.22,33.95,44.48
13415,20251026,196,79.66,68.62,68.68
13416,20250206,764,38.17,34.67,33.65
13417,20240204,240,48.56,47.66,47.67
13418,20260130,24,126.6,96.56,139.43
13419,20240824,501,167.28,164.45,143.9
13420,20251107,734,36.51,32.9,35.88
13421,20230707,339,147.7,130.39,162.16
13422,20240330,514,340.45,334.77,319.06
13423,20230107,647,184.7,161.1,182.98
13424,20260329,297,203.31,170.82,176.09
13425,20241113,531,18.72,18.44,16.27
13426,20240303,485,125.2,98.88,119.3
13427,20240215,606,54.24,49.91,51.72
13428,20240327,648,33.89,30.14,32.14
13429,20250523,664,29.07,23.35,32.96
13430,20231122,760,321.52,264.15,304.48
13431,20241203,95,76.43,63.7,74.53
13432,20231203,442,36.82,36.61,38.13
13433,20231120,591,113.73,96.22,102.08
13434,20250516,702,260.54,204.32,289.36
13435,20230627,557,165.04,156.68,182.33
13436,20250905,191,330.51,289.32,366.23
13437,20250309,509,90.19,72.32,92.06
13438,20240926,725,378.22,289.93,431.81
13439,20240509,347,58.66,50.32,55.73
13440,20251127,590,66.24,51.79,75.47
13441,20240429,164,412.46,324.44,371.29
13442,20230430,86,11.99,11.7,10.77
13443,20230917,25,50.32,50.21,56.43
13444,20230708,664,29.07,23.81,24.87
13445,20240818,2,108.79,95.98,114.82
13446,20250210,694,65.85,59.87,57.89
13447,20230809,441,334.72,263.21,383.07
13448,20251230,780,78.04,68.75,80.09
13449,20230331,484,15.41,13.92,14.12
13450,20230508,437,95.28,74.56,92.65
13451,20251227,775,193.35,147.88,181.83
13452,20240603,638,35.51,34.55,30.19
13453,20240601,310,71.17,59.55,62.07
13454,20240206,177,72.58,66.53,80.35
13455,20250520,720,410.49,389.06,470.53
13456,20250102,561,223.15,190.41,200.63
13457,20251219,360,146.23,116.94,150.87
13458,20250424,428,389.44,333.51,362.03
13459,20230714,532,328.3,315.81,286.94
13460,20250805,494,380.5,294.28,326.96
13461,20240610,354,235.99,198.22,202.5
13462,20260416,132,116.18,94.36,130.72
13463,20231108,555,113.22,91.02,110.89
13464,20240410,573,146.12,127.93,128.68
13465,20241022,299,12.05,10.19,12.4
13466,20230925,497,311.63,287.69,312.13
13467,20230225,164,412.46,321.79,429.23
13468,20241126,723,392.9,387.34,347.95
13469,20240616,727,29.93,28.48,27.15
13470,20260624,756,394.25,348.34,433.9
13471,20230809,554,59.83,45.9,57.54
13472,20231029,478,272.96,228.7,303.23
13473,20240527,207,387.32,342.36,431.6
13474,20241125,252,26.05,25.85,29.49
13475,20250915,222,199.12,167.73,187.41
13476,20260201,325,223.83,220.2,230.78
13477,20260108,719,73.37,62.45,82.02
13478,20230831,694,65.85,55.08,69.54
13479,20250516,606,54.24,41.06,55.15
13480,20240309,779,134.97,117.6,129.46
13481,20250817,317,251.02,237.29,257.68
13482,20260120,147,53.98,40.59,56.9
13483,20251230,47,225.94,205.83,255.41
13484,20240712,707,225.72,203.45,216.57
13485,20230111,744,99.0,96.64,111.82
13486,20230508,133,157.64,144.38,153.59
13487,20250224,87,204.15,162.71,232.55
13488,20260418,599,224.63,199.7,221.33
13489,20241121,437,95.28,73.55,108.11
13490,20250714,787,222.59,217.57,245.96
13491,20260603,354,235.99,229.11,261.81
13492,20250624,234,318.9,297.43,333.06
13493,20250812,129,285.77,280.56,296.86
13494,20260223,448,28.11,26.06,28.72
13495,20240910,85,52.93,47.08,48.0
13496,20260426,256,108.27,102.97,108.12
13497,20240122,41,272.3,250.96,298.87
13498,20260421,248,229.78,206.0,227.26
13499,20250424,630,339.79,279.76,325.12
13500,20240117,793,136.99,106.92,120.55
13501,20230109,706,136.94,116.68,138.27
13502,20240828,332,121.61,103.24,119.71
13503,20230924,749,202.73,177.57,183.68
13504,20250301,478,272.96,206.44,298.55
13505,20251104,524,130.88,111.56,119.13
13506,20251110,187,256.66,218.88,277.32
13507,20240107,67,220.55,211.17,209.15
13508,20231214,672,106.54,93.4,100.12
13509,20241221,280,44.45,44.21,50.94
13510,20230128,38,36.67,34.65,31.89
13511,20240620,714,29.93,28.26,26.7
13512,20240906,413,98.94,96.87,91.16
13513,20250116,43,136.65,134.23,122.33
13514,20241108,768,253.35,219.8,266.96
13515,20240420,545,24.51,22.08,24.38
13516,20250707,425,155.73,146.22,148.68
13517,20240106,379,306.26,279.83,294.24
13518,20230720,648,33.89,33.54,34.28
13519,20250415,67,220.55,169.91,227.18
13520,20230816,76,227.03,179.7,223.79
13521,20260212,317,251.02,224.57,287.96
13522,20230628,42,245.92,231.27,223.34
13523,20260218,384,52.49,43.57,52.48
13524,20241225,261,212.23,175.41,216.33
13525,20260304,433,60.97,58.63,58.84
13526,20240429,315,296.21,278.33,311.8
13527,20250728,356,128.43,110.06,130.71
13528,20250417,195,225.23,223.78,231.1
13529,20250329,284,15.97,13.56,15.22
13530,20231124,478,272.96,214.24,233.13
13531,20250629,235,351.8,274.14,390.47
13532,20230131,629,217.61,176.22,233.73
13533,20230318,86,11.99,10.26,13.68
13534,20250214,563,41.14,39.19,39.89
13535,20250806,773,48.89,47.2,52.12
13536,20260406,723,392.9,306.95,358.45
13537,20260513,389,13.99,11.92,13.0
13538,20250930,409,219.82,200.15,211.77
13539,20230131,485,125.2,101.64,129.72
13540,20250828,441,334.72,256.32,340.66
13541,20251123,506,49.38,49.18,50.14
13542,20230819,246,289.83,243.17,265.64
13543,20241123,439,350.84,280.38,395.62
13544,20231113,504,24.53,20.09,22.44
13545,20230204,660,11.42,9.11,12.32
13546,20230616,499,261.75,254.26,242.9
13547,20250424,99,363.81,342.46,314.9
13548,20230828,382,50.92,39.18,47.27
13549,20251209,714,29.93,29.5,28.65
13550,20250221,129,285.77,245.84,317.88
13551,20250603,341,53.82,44.51,60.72
13552,20230731,387,66.08,57.01,60.38
13553,20230910,537,125.74,99.19,123.87
13554,20250506,303,105.17,85.17,102.67
13555,20250321,100,63.71,54.94,54.81
13556,20240916,129,285.77,240.68,292.35
13557,20241122,463,203.4,181.69,232.93
13558,20230707,227,292.62,236.78,276.69
13559,20260110,645,259.57,221.61,246.51
13560,20260403,348,233.48,212.31,245.67
13561,20251215,491,168.23,130.39,154.4
13562,20231001,629,217.61,173.76,210.92
13563,20250722,377,227.02,200.32,260.21
13564,20230422,329,269.12,251.44,260.14
13565,20241219,110,284.95,233.99,291.94
13566,20260121,309,270.23,245.89,250.85
13567,20260223,311,360.5,299.01,403.72
13568,20260214,185,138.24,116.4,128.82
13569,20240422,93,61.41,52.14,57.35
13570,20230429,301,241.8,230.91,215.6
13571,20240212,522,104.14,96.43,99.56
13572,20260429,112,332.69,255.08,303.44
13573,20250930,203,357.94,286.28,369.97
13574,20240528,678,133.31,103.67,143.98
13575,20240609,42,245.92,188.58,260.94
13576,20231114,256,108.27,82.1,110.58
13577,20240530,500,394.62,373.94,343.37
13578,20240703,742,222.66,206.01,196.7
13579,20250703,708,140.71,125.5,152.11
13580,20230913,373,240.17,213.45,251.33
13581,20240206,218,193.69,192.97,192.34
13582,20260225,258,30.13,22.65,30.92
13583,20250914,305,183.32,138.91,208.26
13584,20230506,638,35.51,27.33,31.58
13585,20230218,5,163.2,131.7,158.75
13586,20241111,726,274.85,214.63,277.36
13587,20240420,318,41.09,39.61,45.0
13588,20250601,173,352.79,277.85,332.59
13589,20230425,256,108.27,107.01,104.54
13590,20250131,284,15.97,14.21,15.23
13591,20230519,432,269.02,207.39,259.13
13592,20250727,115,258.32,257.89,241.43
13593,20250127,173,352.79,304.78,368.52
13594,20240623,89,83.91,70.34,90.61
13595,20230113,38,36.67,33.37,39.54
13596,20230204,444,271.47,267.11,232.85
13597,20231221,795,235.28,178.09,228.59
13598,20231204,383,55.74,55.56,59.92
13599,20240816,422,51.31,49.19,44.11
13600,20251115,766,210.17,188.44,210.45
13601,20231027,729,357.03,309.73,379.98
13602,20250430,618,117.82,111.01,129.59
13603,20240307,712,117.99,105.68,103.58
13604,20231024,339,147.7,143.93,138.93
13605,20250119,594,93.21,77.5,96.8
13606,20250628,15,179.98,171.76,154.44
13607,20241031,574,292.71,220.13,297.92
13608,20251119,629,217.61,192.59,232.53
13609,20230821,397,149.6,126.03,157.26
13610,20250619,98,316.05,291.4,308.05
13611,20260125,789,412.97,349.1,421.03
13612,20250312,302,95.16,83.46,85.27
13613,20251110,665,406.18,377.14,391.26
13614,20260320,25,50.32,42.08,44.2
13615,20241204,391,64.13,50.34,61.79
13616,20250111,653,210.05,172.88,180.12
13617,20250910,780,78.04,61.67,73.02
13618,20260523,464,223.36,195.53,209.72
13619,20240906,568,27.56,23.35,24.89
13620,20240910,526,17.69,16.27,20.25
13621,20230224,369,98.11,82.65,98.94
13622,20230502,63,58.12,57.1,60.72
13623,20241102,514,340.45,307.97,385.69
13624,20230318,653,210.05,191.51,211.09
13625,20230326,456,219.24,202.58,200.44
13626,20260513,234,318.9,288.34,298.66
13627,20250909,537,125.74,121.09,125.15
13628,20230722,584,303.45,241.87,308.02
13629,20251007,337,284.78,277.22,254.65
13630,20260502,533,169.61,153.62,147.71
13631,20250308,291,178.18,141.22,187.63
13632,20230428,11,54.42,49.55,49.86
13633,20241213,296,86.09,65.55,79.97
13634,20230917,782,103.0,84.48,110.97
13635,20230830,105,380.19,345.52,382.51
13636,20251008,295,217.29,189.21,211.07
13637,20260103,456,219.24,202.81,190.09
13638,20240703,102,258.72,256.53,227.75
13639,20240824,658,277.36,228.36,291.26
13640,20231202,361,218.41,190.43,191.39
13641,20230112,209,254.65,233.34,225.52
13642,20240510,622,97.19,87.32,94.57
13643,20240729,352,272.28,220.48,288.42
13644,20240229,627,323.38,322.62,300.36
13645,20250830,633,57.66,48.49,59.34
13646,20250703,279,296.99,231.17,326.11
13647,20250225,788,168.35,149.79,186.43
13648,20240617,659,165.56,164.33,162.35
13649,20260406,431,27.19,26.66,24.22
13650,20231127,752,83.54,76.44,93.35
13651,20250422,93,61.41,52.85,59.41
13652,20250108,1,128.02,111.09,125.96
13653,20250814,745,215.3,172.62,206.31
13654,20251223,43,136.65,124.64,117.85
13655,20231028,484,15.41,14.61,15.29
13656,20230602,524,130.88,115.31,143.84
13657,20231224,390,259.85,200.54,248.08
13658,20260125,656,264.51,200.07,245.93
13659,20240803,236,380.33,285.97,367.47
13660,20250625,8,211.32,185.24,202.7
13661,20250815,365,297.68,283.44,258.4
13662,20231008,288,29.26,26.07,30.94
13663,20230103,707,225.72,191.9,210.16
13664,20260411,607,181.88,136.9,187.7
13665,20260525,172,59.34,58.99,67.88
13666,20240128,656,264.51,238.1,273.88
13667,20250729,542,118.48,110.7,107.21
13668,20231003,189,205.54,195.79,207.4
13669,20230718,176,155.18,125.36,150.18
13670,20260108,631,266.82,228.48,226.87
13671,20240329,667,106.93,90.99,120.08
13672,20231209,138,287.07,269.56,247.0
13673,20260509,530,239.02,223.35,250.86
13674,20241231,616,278.04,222.92,286.18
13675,20231005,707,225.72,211.57,207.89
13676,20240225,345,274.13,233.65,252.69
13677,20260301,191,330.51,296.64,326.18
13678,20240103,29,170.48,167.11,177.16
13679,20230610,382,50.92,40.16,52.13
13680,20251117,267,142.28,140.91,150.6
13681,20250711,279,296.99,271.38,258.93
13682,20250226,798,130.63,104.56,146.01
13683,20240124,741,212.39,175.97,202.24
13684,20231027,287,248.3,239.33,251.72
13685,20230818,169,80.84,60.91,76.45
13686,20240219,526,17.69,16.56,20.15
13687,20241205,581,46.45,40.41,50.94
13688,20231113,632,291.15,271.5,288.11
13689,20240625,612,244.74,191.34,217.65
13690,20240730,763,348.36,318.66,354.49
13691,20241120,656,264.51,220.88,301.81
13692,20240102,545,24.51,21.25,21.56
13693,20240303,315,296.21,237.66,312.67
13694,20240620,615,107.87,99.51,115.29
13695,20231113,123,122.98,117.19,111.49
13696,20240609,581,46.45,37.9,41.26
13697,20230305,145,222.21,185.23,230.59
13698,20240215,204,137.31,118.1,153.07
13699,20230126,628,117.7,105.95,125.61
13700,20240116,293,423.76,368.95,402.56
13701,20230512,771,87.72,83.71,90.74
13702,20251213,481,267.97,203.5,300.34
13703,20240610,247,116.11,113.47,122.69
13704,20231223,376,268.5,261.14,284.07
13705,20231129,111,310.59,285.01,327.32
13706,20250713,724,208.64,189.95,235.69
13707,20230725,561,223.15,197.37,244.25
13708,20230823,392,148.86,116.12,164.75
13709,20260201,123,122.98,98.86,128.72
13710,20241212,239,177.69,174.06,184.27
13711,20240505,252,26.05,24.98,24.7
13712,20251224,253,436.82,383.25,397.18
13713,20240825,227,292.62,219.59,265.28
13714,20241030,623,190.11,181.36,212.19
13715,20251113,686,193.71,186.01,198.03
13716,20230121,563,41.14,36.7,36.26
13717,20230214,131,24.54,22.94,25.33
13718,20231112,603,228.34,199.76,221.81
13719,20250703,751,98.86,81.03,110.49
13720,20240425,634,132.1,131.86,118.41
13721,20230424,204,137.31,117.89,129.53
13722,20230215,697,203.47,173.84,181.32
13723,20240419,763,348.36,320.7,393.93
13724,20230926,548,210.49,197.54,200.71
13725,20240930,515,127.91,115.28,138.59
13726,20260605,495,21.23,16.58,23.33
13727,20260312,15,179.98,144.66,196.84
13728,20230225,271,181.82,168.41,201.58
13729,20260404,312,205.56,162.06,199.15
13730,20250131,425,155.73,141.16,156.36
13731,20240917,364,58.02,45.0,59.86
13732,20240416,105,380.19,376.68,342.88
13733,20240730,665,406.18,322.81,377.92
13734,20230106,237,339.45,317.35,372.76
13735,20230427,219,21.56,20.91,19.45
13736,20250426,215,179.63,161.04,189.02
13737,20241022,618,117.82,103.47,120.33
13738,20260607,509,90.19,76.01,95.35
13739,20250819,488,237.94,207.91,262.7
13740,20231231,251,350.95,322.03,335.7
13741,20231021,122,193.32,160.43,168.82
13742,20240214,795,235.28,179.58,214.27
13743,20260530,239,177.69,172.62,182.18
13744,20230204,177,72.58,71.26,70.53
13745,20231113,599,224.63,202.56,207.1
13746,20250619,25,50.32,44.99,54.05
13747,20260226,391,64.13,49.37,58.19
13748,20250729,182,161.43,149.38,180.8
13749,20260614,707,225.72,198.86,241.52
13750,20260627,542,118.48,105.46,103.15
13751,20241017,793,136.99,127.91,117.44
13752,20240814,431,27.19,23.22,23.91
13753,20240109,124,11.28,11.18,10.17
13754,20241108,527,81.74,68.61,70.11
13755,20260123,327,31.53,29.24,30.56
13756,20240815,716,97.62,84.39,103.86
13757,20230321,460,84.17,71.17,73.61
13758,20240106,376,268.5,223.44,271.22
13759,20240304,188,276.5,256.52,278.82
13760,20250203,600,66.54,58.88,64.25
13761,20240317,485,125.2,123.77,114.66
13762,20260307,147,53.98,47.62,46.88
13763,20251116,771,87.72,81.19,76.92
13764,20240107,132,116.18,109.45,103.15
13765,20250603,479,253.27,218.33,227.02
13766,20250326,723,392.9,326.31,346.67
13767,20260510,116,34.36,33.96,31.6
13768,20230601,295,217.29,213.39,188.54
13769,20250820,94,11.79,9.87,11.13
13770,20231206,5,163.2,128.98,160.05
13771,20241021,790,117.22,104.59,105.41
13772,20260305,281,253.48,209.07,226.21
13773,20230825,313,145.22,117.66,155.82
13774,20251214,547,393.46,351.48,421.85
13775,20240515,35,16.22,16.02,16.87
13776,20250523,464,223.36,197.63,227.35
13777,20241109,61,9.0,7.12,10.22
13778,20230210,571,319.71,285.05,303.71
13779,20250720,667,106.93,83.9,117.79
13780,20250513,761,403.08,332.08,352.06
13781,20240908,501,167.28,128.26,192.0
13782,20250906,384,52.49,40.45,59.96
13783,20230523,624,21.67,17.84,18.77
13784,20231208,364,58.02,54.18,65.93
13785,20250415,678,133.31,128.13,139.52
13786,20231208,405,234.96,183.74,230.13
13787,20240416,159,138.34,133.74,126.19
13788,20250805,193,171.68,144.35,177.18
13789,20251207,519,54.14,50.29,57.19
13790,20230422,294,364.34,313.69,354.13
13791,20230903,206,36.22,35.33,36.1
13792,20250803,437,95.28,87.12,105.66
13793,20230202,733,218.3,216.18,193.47
13794,20250612,675,310.72,285.25,293.75
13795,20251230,548,210.49,169.18,186.68
13796,20250709,348,233.48,217.32,214.73
13797,20240701,373,240.17,204.03,213.35
13798,20230302,360,146.23,121.64,163.76
13799,20250810,555,113.22,85.15,119.41
13800,20231129,89,83.91,72.81,73.54
13801,20260104,579,241.27,203.9,245.72
13802,20260305,617,100.85,80.7,100.29
13803,20230727,758,348.5,288.78,356.11
13804,20230805,84,73.96,59.62,75.93
13805,20240809,573,146.12,127.18,164.91
13806,20250513,763,348.36,347.63,355.37
13807,20230304,590,66.24,52.31,75.44
13808,20250226,385,85.79,80.59,90.68
13809,20250607,331,284.71,263.62,268.7
13810,20230416,368,122.52,120.51,115.22
13811,20251010,179,40.39,37.43,36.78
13812,20240728,542,118.48,94.7,111.27
13813,20260613,235,351.8,269.32,348.53
13814,20250528,632,291.15,260.63,277.32
13815,20250712,100,63.71,51.31,57.84
13816,20250303,68,17.84,15.61,15.56
13817,20250307,730,218.37,171.37,191.71
13818,20260111,370,263.18,220.82,301.97
13819,20251113,42,245.92,238.43,262.93
13820,20240203,411,64.81,50.73,64.68
13821,20250923,412,57.85,53.29,50.53
13822,20231101,384,52.49,42.24,56.25
13823,20260223,196,79.66,65.57,82.39
13824,20260601,761,403.08,395.5,374.89
13825,20240921,135,41.31,39.19,35.27
13826,20250815,778,248.68,225.96,256.21
13827,20250411,469,161.37,156.52,178.49
13828,20230505,690,128.51,100.25,118.03
13829,20241016,610,31.94,24.91,32.69
13830,20260114,182,161.43,158.77,145.55
13831,20230910,98,316.05,268.64,303.54
13832,20230316,278,255.97,223.94,231.17
13833,20230512,37,408.21,333.83,412.34
13834,20251125,191,330.51,262.15,373.24
13835,20250603,270,147.92,146.59,142.77
13836,20230925,762,278.35,260.37,304.22
13837,20240331,615,107.87,90.25,121.17
13838,20240204,279,296.99,224.16,309.53
13839,20240531,128,41.76,38.32,36.81
13840,20240727,735,122.01,104.47,125.22
13841,20240825,788,168.35,157.12,144.58
13842,20260610,275,34.97,31.24,32.48
13843,20251124,394,159.79,124.55,165.96
13844,20250710,488,237.94,224.73,241.66
13845,20230902,498,309.5,252.45,348.97
13846,20250104,127,264.28,218.88,254.76
13847,20251204,263,87.43,81.85,80.94
13848,20250112,511,114.7,104.06,121.94
13849,20230725,142,258.94,234.6,236.28
13850,20250205,684,145.2,134.37,142.78
13851,20230330,448,28.11,22.65,31.49
13852,20250425,153,89.99,73.21,80.88
13853,20240404,295,217.29,201.78,191.27
13854,20230517,343,17.55,14.96,16.74
13855,20241202,540,329.69,289.45,325.3
13856,20230702,665,406.18,307.49,372.08
13857,20231108,315,296.21,269.03,276.13
13858,20240804,512,65.44,58.18,59.86
13859,20240802,426,82.56,81.59,79.74
13860,20250921,29,170.48,132.64,186.52
13861,20251027,685,141.65,134.07,122.42
13862,20251230,266,259.97,225.17,271.43
13863,20240728,697,203.47,201.03,177.82
13864,20240907,117,66.51,53.09,60.16
13865,20250525,407,187.73,166.71,208.3
13866,20250203,319,283.51,265.26,319.69
13867,20230130,581,46.45,46.06,49.77
13868,20260220,771,87.72,66.8,85.96
13869,20251211,613,46.15,40.75,42.2
13870,20231102,782,103.0,102.22,105.27
13871,20230312,296,86.09,73.12,80.33
13872,20250122,800,138.76,131.41,128.4
13873,20250106,265,249.31,237.05,243.12
13874,20230708,273,176.31,159.42,164.92
13875,20240512,624,21.67,20.01,21.22
13876,20251123,575,196.28,179.69,212.31
13877,20240120,749,202.73,173.63,223.25
13878,20240109,388,209.17,166.5,181.83
13879,20260619,108,24.49,22.38,26.68
13880,20240723,658,277.36,268.27,275.44
13881,20250716,388,209.17,169.94,189.26
13882,20250827,92,242.67,201.35,267.05
13883,20240619,83,12.62,10.32,12.27
13884,20240317,129,285.77,227.65,325.07
13885,20240408,104,158.51,142.86,151.61
13886,20240404,767,29.98,29.46,28.79
13887,20240111,479,253.27,205.17,252.04
13888,20251111,486,204.27,191.42,203.88
13889,20240517,785,272.2,245.8,267.13
13890,20260614,742,222.66,205.21,234.42
13891,20240317,520,361.69,287.74,381.33
13892,20260323,215,179.63,170.69,153.99
13893,20250516,517,325.99,252.56,358.09
13894,20230117,292,324.11,250.79,300.97
13895,20231219,337,284.78,273.98,264.53
13896,20260412,337,284.78,226.02,276.11
13897,20240903,629,217.61,182.22,218.84
13898,20260308,397,149.6,136.88,150.21
13899,20260626,436,313.39,267.28,340.83
13900,20230718,131,24.54,22.44,21.1
13901,20240828,283,273.75,214.24,244.5
13902,20241022,209,254.65,248.11,257.4
13903,20260111,764,38.17,30.55,38.78
13904,20250207,44,186.98,158.66,169.37
13905,20240203,457,60.47,60.04,63.63
13906,20230804,190,46.04,43.15,41.31
13907,20250510,457,60.47,51.33,62.43
13908,20260112,799,172.35,149.34,177.34
13909,20250804,99,363.81,352.33,377.96
13910,20240527,279,296.99,249.78,255.88
13911,20250923,18,49.16,41.18,54.73
13912,20251024,168,139.86,119.55,154.43
13913,20260222,763,348.36,282.96,373.78
13914,20251227,659,165.56,146.28,166.75
13915,20241001,236,380.33,311.18,332.73
13916,20250328,188,276.5,237.99,302.87
13917,20250425,93,61.41,49.32,53.64
13918,20260125,517,325.99,297.76,337.7
13919,20240927,234,318.9,281.1,289.11
13920,20250815,365,297.68,289.04,329.16
13921,20230131,685,141.65,131.86,125.56
13922,20230404,389,13.99,13.04,14.35
13923,20250503,57,20.69,15.67,18.54
13924,20260122,686,193.71,149.33,211.27
13925,20240524,758,348.5,341.29,383.12
13926,20250616,121,298.82,229.76,283.39
13927,20230723,649,267.48,257.57,271.87
13928,20231110,343,17.55,15.57,15.24
13929,20231016,409,219.82,174.68,230.01
13930,20230114,6,195.36,162.32,206.62
13931,20251222,540,329.69,276.96,315.19
13932,20250729,144,249.79,240.2,284.4
13933,20240811,434,136.54,127.26,138.31
13934,20240714,734,36.51,32.97,40.78
13935,20240616,105,380.19,321.05,335.96
13936,20241028,502,358.64,356.89,361.43
13937,20260628,106,80.14,74.49,82.27
13938,20230416,36,214.64,194.55,200.78
13939,20250828,67,220.55,167.94,198.12
13940,20240813,628,117.7,93.41,117.64
13941,20250814,379,306.26,262.24,309.91
13942,20250524,192,142.28,111.83,125.46
13943,20230906,93,61.41,51.47,57.98
13944,20241205,133,157.64,121.82,137.26
13945,20251031,306,267.41,225.23,277.97
13946,20250829,408,74.67,70.85,72.07
13947,20240815,338,214.38,174.14,224.08
13948,20240505,557,165.04,161.12,179.93
13949,20240219,708,140.71,131.77,140.63
13950,20240623,15,179.98,138.39,180.87
13951,20260322,150,107.86,80.99,104.55
13952,20250830,617,100.85,98.46,90.27
13953,20251209,519,54.14,50.23,61.65
13954,20260425,421,82.54,61.96,78.35
13955,20250223,250,223.62,199.4,238.98
13956,20231208,284,15.97,15.72,16.2
13957,20241209,478,272.96,230.85,253.6
13958,20260616,498,309.5,248.23,344.73
13959,20251027,218,193.69,175.63,213.12
13960,20251121,272,66.09,49.92,60.09
13961,20230330,146,188.03,160.26,168.29
13962,20240722,292,324.11,262.88,345.76
13963,20230825,474,285.61,244.29,268.74
13964,20241013,312,205.56,159.96,221.9
13965,20250330,77,218.69,200.05,201.29
13966,20240716,768,253.35,239.48,276.86
13967,20240501,710,52.14,48.49,49.09
13968,20240704,444,271.47,218.79,242.25
13969,20231112,355,151.19,146.16,140.84
13970,20240502,647,184.7,153.04,208.75
13971,20230814,699,65.91,64.98,68.02
13972,20230819,251,350.95,334.61,304.48
13973,20250508,278,255.97,242.04,281.73
13974,20251210,26,359.21,329.6,387.53
13975,20240202,440,113.85,105.77,107.21
13976,20250106,705,239.69,222.02,230.39
13977,20240930,486,204.27,170.19,218.21
13978,20240823,402,21.66,20.69,24.37
13979,20241215,512,65.44,63.86,72.73
13980,20250821,113,119.1,103.57,104.77
13981,20230203,726,274.85,218.6,303.86
13982,20260525,331,284.71,275.84,242.1
13983,20250408,407,187.73,157.1,177.42
13984,20230623,143,275.87,230.06,275.76
13985,20250728,146,188.03,153.66,196.88
13986,20250403,119,333.87,316.88,331.09
13987,20241018,732,90.88,83.22,101.11
13988,20230615,522,104.14,84.28,119.03
13989,20230405,64,238.84,208.39,213.31
13990,20240807,485,125.2,108.95,134.44
13991,20230917,79,253.18,229.07,249.3
13992,20230206,620,141.64,118.39,157.3
13993,20250215,479,253.27,224.34,252.98
13994,20240719,288,29.26,27.81,32.95
13995,20260522,387,66.08,60.9,68.2
13996,20260512,532,328.3,260.08,377.24
13997,20241128,122,193.32,169.6,214.85
13998,20260331,480,425.68,395.61,418.46
13999,20251209,302,95.16,79.94,82.36
14000,20240720,305,183.32,166.67,204.43
14001,20240214,293,423.76,408.69,390.68
14002,20260521,557,165.04,144.1,146.34
14003,20240412,16,121.92,91.82,106.07
14004,20240522,15,179.98,159.54,188.06
14005,20231221,407,187.73,158.63,207.83
14006,20251117,488,237.94,192.19,239.18
14007,20230620,646,202.52,165.2,218.65
14008,20231023,277,308.04,281.13,280.35
14009,20230316,480,425.68,339.99,488.23
14010,20230112,271,181.82,153.14,175.35
14011,20240820,555,113.22,111.99,107.03
14012,20241014,421,82.54,78.21,76.51
14013,20240525,670,228.6,184.12,232.13
14014,20230313,394,159.79,139.08,177.04
14015,20230103,386,184.17,151.35,210.01
14016,20260512,381,275.49,254.34,283.86
14017,20231129,301,241.8,221.74,245.43
14018,20240905,349,300.82,276.18,329.21
14019,20240911,378,260.57,203.33,234.2
14020,20250302,15,179.98,143.57,194.54
14021,20241114,233,146.82,128.03,134.61
14022,20251211,467,166.44,165.45,155.36
14023,20250323,480,425.68,332.77,456.18
14024,20231028,302,95.16,93.44,106.96
14025,20230713,346,279.84,249.37,254.36
14026,20241107,470,186.23,145.27,183.39
14027,20240617,762,278.35,248.85,262.62
14028,20250331,533,169.61,150.9,189.52
14029,20240501,455,34.92,26.64,30.38
14030,20251026,106,80.14,66.63,71.52
14031,20250401,329,269.12,230.91,249.86
14032,20230615,294,364.34,343.0,351.41
14033,20260523,219,21.56,19.89,20.22
14034,20230520,784,112.95,91.39,128.92
14035,20250916,480,425.68,319.51,471.17
14036,20260516,639,208.98,193.36,199.35
14037,20240519,706,136.94,111.72,136.61
14038,20240306,454,323.6,293.95,368.26
14039,20250220,11,54.42,53.75,52.57
14040,20240621,474,285.61,222.61,276.85
14041,20240309,57,20.69,19.04,20.58
14042,20240214,471,34.5,27.25,38.68
14043,20260410,128,41.76,32.33,36.48
14044,20231208,492,101.28,81.11,103.81
14045,20260605,579,241.27,230.68,224.62
14046,20240919,591,113.73,89.49,123.39
14047,20230428,553,68.99,60.36,67.78
14048,20240722,774,100.34,86.34,103.54
14049,20240110,227,292.62,260.47,310.77
14050,20230629,667,106.93,98.68,104.77
14051,20240720,434,136.54,128.1,121.97
14052,20250523,191,330.51,251.24,289.49
14053,20260503,440,113.85,110.5,109.75
14054,20230116,36,214.64,161.63,213.12
14055,20260520,280,44.45,43.53,47.74
14056,20230617,498,309.5,290.18,295.11
14057,20231103,384,52.49,46.69,51.73
14058,20260516,562,188.77,155.54,212.14
14059,20240709,531,18.72,16.08,18.73
14060,20250424,672,106.54,85.84,118.26
14061,20260606,581,46.45,40.39,49.14
14062,20231123,549,116.99,89.34,106.89
14063,20251028,369,98.11,81.17,105.03
14064,20240719,241,311.53,293.34,322.82
14065,20240306,407,187.73,161.11,176.19
14066,20250405,639,208.98,171.05,226.22
14067,20230810,245,129.45,105.91,141.6
14068,20240508,95,76.43,69.38,84.98
14069,20250711,773,48.89,44.08,47.18
14070,20240630,488,237.94,181.47,260.07
14071,20241203,491,168.23,155.22,151.3
14072,20251204,448,28.11,25.93,31.22
14073,20260403,31,281.2,257.16,291.49
14074,20231023,447,59.76,50.57,60.64
14075,20231027,34,218.67,203.65,190.64
14076,20251017,625,408.43,351.4,355.34
14077,20231007,701,100.15,84.27,103.15
14078,20251221,79,253.18,207.8,224.73
14079,20250224,380,239.62,216.87,214.6
14080,20230720,202,290.4,226.04,270.49
14081,20240222,301,241.8,239.48,240.55
14082,20240611,146,188.03,176.55,172.57
14083,20260213,733,218.3,209.6,226.49
14084,20250807,505,143.55,135.51,157.96
14085,20240327,480,425.68,424.72,406.95
14086,20230717,564,142.88,111.17,150.4
14087,20250816,154,257.41,251.23,277.85
14088,20240105,361,218.41,168.16,193.43
14089,20251222,154,257.41,195.18,275.89
14090,20250102,56,266.02,264.01,257.05
14091,20240302,460,84.17,84.03,94.15
14092,20240125,83,12.62,10.99,10.9
14093,20250331,237,339.45,300.65,332.11
14094,20240328,170,336.66,317.86,386.31
14095,20250829,672,106.54,88.2,101.52
14096,20251122,197,150.97,120.37,173.0
14097,20250610,321,380.87,342.48,399.34
14098,20260427,392,148.86,147.04,142.21
14099,20260609,529,73.96,56.34,69.45
14100,20260624,730,218.37,200.24,237.38
14101,20250102,157,17.11,15.78,15.03
14102,20230601,548,210.49,167.25,204.9
14103,20230102,84,73.96,72.02,67.96
14104,20230723,422,51.31,46.41,45.01
14105,20230403,678,133.31,126.47,145.12
14106,20250915,518,38.63,35.86,38.49
14107,20230517,299,12.05,9.28,12.51
14108,20250310,677,101.31,86.4,103.07
14109,20250701,195,225.23,207.0,213.16
14110,20250615,236,380.33,365.9,368.58
14111,20231106,418,235.9,222.5,251.19
14112,20251102,231,190.39,171.53,188.18
14113,20250813,444,271.47,221.28,248.36
14114,20240215,710,52.14,39.93,59.81
14115,20250329,646,202.52,199.37,214.04
14116,20260403,204,137.31,117.55,152.65
14117,20251022,512,65.44,62.26,72.38
14118,20231127,658,277.36,241.52,251.42
14119,20230629,305,183.32,152.65,186.26
14120,20230526,604,104.98,79.47,98.76
14121,20260310,129,285.77,276.28,295.3
14122,20241115,100,63.71,48.48,65.55
14123,20260425,168,139.86,124.42,152.77
14124,20241205,718,216.02,180.77,242.19
14125,20250114,57,20.69,17.13,19.53
14126,20260605,726,274.85,240.09,289.43
14127,20240408,480,425.68,382.67,448.65
14128,20251102,484,15.41,12.76,15.02
14129,20251231,365,297.68,267.62,342.07
14130,20240307,340,256.97,248.51,289.02
14131,20230306,53,274.33,243.75,249.27
14132,20260302,313,145.22,138.45,126.24
14133,20250715,87,204.15,201.02,210.75
14134,20240408,711,89.35,83.99,92.89
14135,20240604,106,80.14,69.73,70.5
14136,20240927,542,118.48,106.51,125.9
14137,20260217,194,314.56,264.77,280.46
14138,20251016,36,214.64,188.39,187.35
14139,20250105,616,278.04,239.25,302.28
14140,20231108,325,223.83,186.1,237.34
14141,20230609,44,186.98,152.8,178.2
14142,20250101,138,287.07,281.23,296.42
14143,20260210,447,59.76,58.54,57.04
14144,20231008,530,239.02,225.66,268.81
14145,20240205,532,328.3,290.28,362.13
14146,20240326,718,216.02,179.96,214.25
14147,20230529,357,34.05,30.73,38.97
14148,20240303,216,336.54,277.96,286.77
14149,20240310,222,199.12,174.38,216.77
14150,20251102,334,266.65,234.84,232.28
14151,20240504,743,343.9,284.46,328.41
14152,20241025,58,31.75,26.86,34.88
14153,20241109,555,113.22,110.78,118.16
14154,20230714,96,204.85,201.89,209.46
14155,20230126,166,277.57,265.01,294.92
14156,20251012,74,140.18,126.0,132.55
14157,20241123,760,321.52,244.7,296.98
14158,20231006,759,228.08,200.71,259.41
14159,20251117,177,72.58,55.23,64.86
14160,20240531,336,366.26,336.93,342.61
14161,20230802,429,195.21,179.87,191.98
14162,20260210,86,11.99,10.18,13.09
14163,20241009,463,203.4,200.24,213.91
14164,20240924,581,46.45,43.27,50.23
14165,20230114,123,122.98,96.53,111.72
14166,20240908,508,358.96,277.73,305.48
14167,20251231,267,142.28,107.87,149.43
14168,20241015,775,193.35,178.57,193.07
14169,20230622,792,142.29,120.38,132.8
14170,20250319,146,188.03,165.26,188.35
14171,20240605,423,26.19,23.15,23.66
14172,20240504,635,53.49,44.68,48.07
14173,20250318,189,205.54,186.73,234.71
14174,20260519,497,311.63,273.93,355.37
14175,20250326,278,255.97,197.02,262.98
14176,20250814,698,103.34,101.1,96.3
14177,20250416,520,361.69,298.92,392.5
14178,20260623,350,195.28,147.93,188.4
14179,20240127,616,278.04,264.54,302.77
14180,20230103,414,196.54,193.31,222.83
14181,20240204,309,270.23,241.66,229.96
14182,20250409,46,338.48,259.36,347.06
14183,20230529,96,204.85,198.58,192.75
14184,20231121,430,96.92,95.38,94.24
14185,20250627,765,31.01,25.57,30.17
14186,20240422,501,167.28,165.1,166.64
14187,20260508,678,133.31,108.02,131.96
14188,20250304,527,81.74,76.08,73.0
14189,20240921,766,210.17,193.1,200.22
14190,20230729,776,93.65,82.13,83.37
14191,20240419,370,263.18,212.83,271.51
14192,20231117,316,244.0,229.02,236.29
14193,20241010,605,161.5,141.76,142.93
14194,20230823,786,127.42,118.43,146.23
14195,20251120,2,108.79,88.77,122.78
14196,20230602,373,240.17,222.43,215.97
14197,20240906,56,266.02,219.0,292.53
14198,20231211,107,92.43,77.45,79.3
14199,20240715,62,427.35,413.78,423.26
14200,20260206,46,338.48,320.23,377.03
14201,20241208,472,30.87,24.81,27.25
14202,20231124,375,46.16,42.85,46.05
14203,20230517,324,210.25,164.26,199.08
14204,20240510,339,147.7,129.38,131.92
14205,20250515,524,130.88,127.74,130.06
14206,20260120,436,313.39,284.07,312.36
14207,20241026,133,157.64,125.74,165.3
14208,20250206,780,78.04,77.23,77.96
14209,20241005,338,214.38,212.56,195.8
14210,20260520,99,363.81,291.04,410.11
14211,20240805,235,351.8,286.32,341.73
14212,20250128,683,426.67,346.31,401.09
14213,20260519,704,18.97,14.68,19.75
14214,20251020,400,179.93,135.32,158.6
14215,20230815,458,116.37,113.87,118.06
14216,20240204,714,29.93,28.14,32.07
14217,20241202,192,142.28,140.4,136.63
14218,20230219,252,26.05,21.67,25.25
14219,20230919,513,255.23,234.88,258.99
14220,20231206,534,111.77,100.65,100.94
14221,20230524,517,325.99,252.66,301.39
14222,20230703,240,48.56,41.36,54.25
14223,20251218,690,128.51,112.97,130.94
14224,20260506,778,248.68,207.82,257.23
14225,20230822,628,117.7,101.13,121.11
14226,20230721,567,223.92,185.17,215.87
14227,20240520,183,26.08,24.77,27.16
14228,20260212,442,36.82,33.66,39.23
14229,20241102,295,217.29,214.33,209.67
14230,20250416,226,250.65,213.64,282.79
14231,20240928,98,316.05,246.33,356.55
14232,20250408,532,328.3,305.56,313.02
14233,20250822,237,339.45,267.84,389.53
14234,20240119,694,65.85,52.45,58.72
14235,20240603,177,72.58,72.13,67.92
14236,20260630,720,410.49,357.52,444.12
14237,20230411,35,16.22,13.76,17.22
14238,20250114,571,319.71,292.65,360.98
14239,20250923,269,15.66,13.73,13.86
14240,20260303,203,357.94,274.55,341.66
14241,20230628,357,34.05,26.58,37.69
14242,20251118,717,37.49,32.19,34.37
14243,20260423,788,168.35,155.02,187.2
14244,20240425,654,223.67,178.26,253.71
14245,20260522,1,128.02,98.12,118.99
14246,20240624,188,276.5,214.24,248.01
14247,20241220,634,132.1,127.68,121.74
14248,20260203,5,163.2,122.44,185.96
14249,20240104,715,170.39,163.44,147.36
14250,20251127,108,24.49,20.23,28.14
14251,20230303,104,158.51,127.72,164.22
14252,20241018,384,52.49,41.71,45.22
14253,20230822,169,80.84,73.88,77.89
14254,20240517,68,17.84,16.42,20.1
14255,20250818,779,134.97,101.83,137.49
14256,20240517,355,151.19,128.99,128.62
14257,20241230,637,73.36,63.97,66.74
14258,20230830,569,318.86,288.63,314.54
14259,20250615,577,292.69,219.76,303.06
14260,20240120,507,266.28,244.77,284.65
14261,20231009,472,30.87,23.7,27.0
14262,20230512,723,392.9,322.7,410.08
14263,20250924,214,309.39,299.92,339.01
14264,20230210,248,229.78,178.94,257.86
14265,20250209,781,50.54,45.11,43.08
14266,20230404,11,54.42,46.32,56.56
14267,20240511,686,193.71,177.0,220.82
14268,20240213,321,380.87,305.85,411.83
14269,20260623,192,142.28,115.68,152.8
14270,20250109,351,348.89,346.76,332.37
14271,20240103,409,219.82,209.85,242.68
14272,20240715,213,250.01,242.35,283.94
14273,20251228,132,116.18,103.25,103.94
14274,20250504,16,121.92,110.17,122.53
14275,20240504,529,73.96,59.59,73.05
14276,20231014,616,278.04,233.52,254.96
14277,20230701,361,218.41,170.38,202.28
14278,20250504,201,178.89,138.13,160.08
14279,20230729,621,238.21,182.23,217.44
14280,20230111,770,92.3,91.18,84.86
14281,20231223,654,223.67,215.11,252.73
14282,20240131,251,350.95,269.83,372.12
14283,20240731,737,232.1,180.46,208.91
14284,20241229,14,109.54,103.56,119.2
14285,20230506,233,146.82,135.94,136.2
14286,20240204,71,81.45,80.22,92.98
14287,20240418,64,238.84,210.58,235.19
14288,20250209,657,207.96,205.52,209.97
14289,20230815,531,18.72,16.09,16.94
14290,20230512,592,178.71,155.1,179.7
14291,20250507,651,68.28,65.67,72.61
14292,20260503,173,352.79,332.02,341.84
14293,20240425,457,60.47,58.53,58.23
14294,20240416,146,188.03,162.58,191.67
14295,20230904,684,145.2,133.83,150.19
14296,20230501,603,228.34,228.27,215.87
14297,20251126,710,52.14,39.52,55.27
14298,20230405,173,352.79,308.65,371.56
14299,20260303,2,108.79,90.22,119.51
14300,20251205,631,266.82,227.99,287.83
14301,20250422,395,380.39,355.02,435.23
14302,20230103,50,253.67,231.82,237.77
14303,20251117,12,262.97,199.11,239.51
14304,20230102,113,119.1,94.58,123.25
14305,20250201,780,78.04,61.95,87.1
14306,20230119,31,281.2,230.56,296.47
14307,20251005,389,13.99,12.93,14.34
14308,20230123,390,259.85,204.74,251.64
14309,20231214,633,57.66,57.05,58.61
14310,20231003,525,333.84,272.6,373.61
14311,20251019,266,259.97,224.89,228.01
14312,20260509,279,296.99,254.61,292.36
14313,20260412,52,21.14,16.56,24.22
14314,20240829,268,75.48,60.57,68.84
14315,20250128,150,107.86,93.8,112.85
14316,20240808,153,89.99,73.54,90.04
14317,20230704,334,266.65,241.41,230.9
14318,20260120,764,38.17,37.63,38.56
14319,20260320,264,10.22,9.08,9.46
14320,20250926,773,48.89,45.26,43.93
14321,20230609,206,36.22,29.57,37.56
14322,20250117,135,41.31,38.43,37.03
14323,20240830,558,241.4,188.88,221.02
14324,20250728,591,113.73,100.76,104.91
14325,20240129,566,84.3,66.06,86.18
14326,20240323,2,108.79,106.33,115.45
14327,20230828,508,358.96,321.05,315.62
14328,20240705,50,253.67,240.91,289.26
14329,20240222,42,245.92,186.28,259.01
14330,20240214,751,98.86,98.21,98.64
14331,20250804,23,213.42,194.47,225.19
14332,20260305,167,236.05,186.75,234.74
14333,20230515,403,210.54,189.36,205.08
14334,20251210,366,384.91,297.08,413.48
14335,20230122,470,186.23,162.64,182.42
14336,20230402,16,121.92,101.03,115.7
14337,20231209,529,73.96,71.84,79.78
14338,20260110,87,204.15,188.19,175.3
14339,20251222,98,316.05,258.25,308.57
14340,20240715,435,227.4,218.64,244.94
14341,20241027,313,145.22,120.45,155.93
14342,20240504,107,92.43,71.12,91.81
14343,20240719,719,73.37,65.91,75.47
14344,20250127,268,75.48,71.18,66.36
14345,20230214,206,36.22,31.28,37.44
14346,20260603,507,266.28,251.21,284.35
14347,20251001,592,178.71,146.51,160.15
14348,20250915,384,52.49,46.75,54.26
14349,20260518,406,176.64,157.53,168.55
14350,20250714,769,93.19,74.15,103.91
14351,20230510,341,53.82,53.15,56.19
14352,20260212,233,146.82,141.53,143.55
14353,20250323,415,83.9,76.41,76.9
14354,20240228,766,210.17,171.22,210.68
14355,20250317,768,253.35,192.86,262.78
14356,20240115,798,130.63,124.06,111.5
14357,20250610,669,256.27,243.72,278.97
14358,20260214,504,24.53,20.31,20.97
14359,20260502,415,83.9,70.17,82.66
14360,20251211,513,255.23,200.87,256.35
14361,20241123,624,21.67,19.4,24.34
14362,20250804,598,111.7,107.57,118.25
14363,20241222,263,87.43,87.17,97.02
14364,20230716,375,46.16,39.75,46.58
14365,20240408,67,220.55,166.2,215.13
14366,20250120,493,91.44,81.26,100.83
14367,20230816,789,412.97,369.09,373.81
14368,20240701,660,11.42,11.06,10.58
14369,20231119,625,408.43,376.55,402.09
14370,20250609,700,159.22,145.45,144.22
14371,20230330,85,52.93,43.28,51.47
14372,20230315,195,225.23,184.01,215.31
14373,20241013,19,252.36,197.96,222.86
14374,20240607,698,103.34,95.21,111.81
14375,20250407,589,87.74,84.24,88.13
14376,20231130,143,275.87,256.03,305.43
14377,20251102,483,167.82,134.22,167.53
14378,20251007,406,176.64,134.59,196.18
14379,20250604,226,250.65,221.65,249.44
14380,20241119,760,321.52,291.6,355.53
14381,20250511,660,11.42,10.12,12.6
14382,20260320,121,298.82,267.11,276.93
14383,20230111,538,86.46,85.16,76.31
14384,20250109,363,113.38,92.04,130.1
14385,20250531,590,66.24,52.33,57.45
14386,20260605,204,137.31,104.83,119.57
14387,20230927,314,241.0,191.37,265.95
14388,20230425,708,140.71,115.05,145.37
14389,20241007,791,228.37,199.23,219.84
14390,20240719,677,101.31,84.85,104.91
14391,20241113,659,165.56,126.74,189.5
14392,20240808,573,146.12,120.73,148.85
14393,20231231,430,96.92,89.3,103.45
14394,20250318,131,24.54,19.28,22.56
14395,20230617,379,306.26,268.64,342.26
14396,20241001,387,66.08,62.43,70.19
14397,20250628,680,272.43,207.07,310.91
14398,20230929,74,140.18,139.88,140.07
14399,20240520,511,114.7,89.89,97.76
14400,20231116,232,283.79,278.01,266.64
14401,20230725,81,274.94,227.13,244.02
14402,20241016,708,140.71,137.79,125.06
14403,20260218,658,277.36,231.65,270.29
14404,20250729,589,87.74,85.16,98.9
14405,20260204,495,21.23,19.49,22.77
14406,20251213,561,223.15,198.87,221.65
14407,20231221,188,276.5,254.42,265.13
14408,20260402,301,241.8,241.22,240.17
14409,20230122,760,321.52,310.97,317.14
14410,20241005,226,250.65,248.05,253.77
14411,20240817,135,41.31,32.24,47.3
14412,20250831,529,73.96,72.06,73.13
14413,20241216,283,273.75,273.28,303.48
14414,20230128,13,97.85,77.61,109.03
14415,20240708,121,298.82,271.86,264.5
14416,20240330,15,179.98,142.85,179.56
14417,20240222,734,36.51,29.86,35.42
14418,20230428,92,242.67,182.23,213.57
14419,20230305,472,30.87,26.7,31.41
14420,20260311,124,11.28,10.28,10.16
14421,20240808,193,171.68,155.98,165.14
14422,20241115,555,113.22,98.24,106.35
14423,20250824,295,217.29,178.85,191.97
14424,20231228,13,97.85,82.6,88.3
14425,20240413,761,403.08,321.74,378.17
14426,20231221,49,197.2,192.34,193.92
14427,20250714,493,91.44,73.34,91.35
14428,20250304,471,34.5,31.75,31.41
14429,20250714,128,41.76,39.5,38.16
14430,20240702,154,257.41,245.13,235.7
14431,20250422,678,133.31,120.02,133.76
14432,20250806,542,118.48,117.48,112.82
14433,20251028,618,117.82,111.7,124.11
14434,20230116,104,158.51,137.58,140.29
14435,20230112,262,237.84,184.09,249.77
14436,20241204,394,159.79,146.89,172.97
14437,20230912,50,253.67,205.17,253.07
14438,20240407,613,46.15,45.37,40.99
14439,20230529,98,316.05,261.65,328.29
14440,20260222,628,117.7,105.19,114.96
14441,20260414,490,84.06,69.63,86.61
14442,20260419,203,357.94,288.34,358.35
14443,20230318,366,384.91,382.92,370.23
14444,20250922,396,167.37,133.19,165.04
14445,20240923,540,329.69,268.49,321.15
14446,20240303,237,339.45,257.51,327.92
14447,20230729,479,253.27,206.25,252.22
14448,20260506,627,323.38,287.54,344.19
14449,20250802,68,17.84,16.17,19.14
14450,20240624,246,289.83,230.58,303.62
14451,20240719,281,253.48,251.38,289.08
14452,20251028,768,253.35,225.32,232.48
14453,20250207,9,228.25,218.97,257.72
14454,20230901,410,94.32,85.19,92.05
14455,20231206,255,317.46,297.36,288.16
14456,20240203,776,93.65,79.71,88.61
14457,20251227,349,300.82,230.84,273.68
14458,20260518,780,78.04,60.51,72.87
14459,20230315,200,245.23,205.64,268.61
14460,20240619,58,31.75,25.87,34.14
14461,20230519,44,186.98,155.86,165.53
14462,20251112,724,208.64,172.3,229.84
14463,20250918,604,104.98,101.56,93.81
14464,20240525,694,65.85,56.69,69.81
14465,20250427,551,39.75,31.46,34.77
14466,20240415,249,37.07,36.96,36.01
14467,20240317,77,218.69,206.62,204.14
14468,20230326,62,427.35,376.99,487.31
14469,20260605,22,105.46,86.04,106.55
14470,20241221,48,76.9,67.58,71.9
14471,20240302,265,249.31,208.35,242.55
14472,20230103,354,235.99,217.69,232.75
14473,20251229,286,317.67,297.8,279.34
14474,20230415,39,85.06,76.76,73.52
14475,20230523,517,325.99,274.71,347.68
14476,20240826,758,348.5,306.19,343.33
14477,20251001,629,217.61,193.65,196.34
14478,20251220,756,394.25,323.59,437.42
14479,20231023,229,168.69,151.47,150.51
14480,20241217,786,127.42,118.38,111.47
14481,20260307,710,52.14,45.42,59.35
14482,20240603,704,18.97,18.42,17.54
14483,20250409,124,11.28,8.89,10.19
14484,20240703,609,249.15,229.56,230.6
14485,20260105,686,193.71,159.21,177.63
14486,20230508,281,253.48,192.42,287.69
14487,20231112,184,305.93,236.48,271.99
14488,20250527,189,205.54,177.39,192.57
14489,20260223,382,50.92,42.54,48.68
14490,20240831,560,40.22,30.35,44.96
14491,20231108,645,259.57,239.17,278.85
14492,20240221,484,15.41,11.86,15.28
14493,20230406,670,228.6,192.78,253.92
14494,20231109,778,248.68,239.32,240.36
14495,20250716,83,12.62,11.6,13.53
14496,20231209,332,121.61,98.29,120.87
14497,20230312,718,216.02,179.74,236.16
14498,20250702,192,142.28,108.19,121.2
14499,20230613,2,108.79,101.91,115.29
14500,20230514,467,166.44,158.0,149.15
14501,20231029,287,248.3,200.88,270.47
14502,20240506,36,214.64,179.03,239.59
14503,20230804,239,177.69,143.84,155.1
14504,20260115,503,318.02,300.8,338.16
14505,20230823,656,264.51,257.66,287.48
14506,20230615,53,274.33,240.4,292.48
14507,20251001,404,249.7,197.87,253.59
14508,20240923,37,408.21,389.71,420.76
14509,20260521,495,21.23,20.09,21.6
14510,20230604,551,39.75,38.12,36.55
14511,20230519,725,378.22,327.4,330.12
14512,20251224,528,365.56,338.99,420.26
14513,20241113,74,140.18,132.53,132.1
14514,20250522,743,343.9,328.29,389.24
14515,20230119,124,11.28,9.57,12.6
14516,20250716,106,80.14,76.49,90.24
14517,20250111,39,85.06,80.84,81.19
14518,20250116,101,321.61,275.57,349.85
14519,20250915,760,321.52,250.08,310.49
14520,20250508,545,24.51,24.33,23.2
14521,20250721,228,211.07,179.53,209.18
14522,20260628,704,18.97,15.8,19.3
14523,20240421,587,273.68,208.15,279.09
14524,20260501,739,248.72,207.32,239.22
14525,20230329,741,212.39,186.86,211.78
14526,20231028,118,410.38,372.47,431.46
14527,20250810,624,21.67,21.34,21.64
14528,20250907,503,318.02,279.11,349.95
14529,20240124,745,215.3,179.81,222.42
14530,20251126,515,127.91,114.84,145.32
14531,20250504,359,156.76,156.23,158.62
14532,20260317,238,232.61,176.37,247.29
14533,20231219,198,61.79,51.16,68.71
14534,20230410,412,57.85,56.17,65.85
14535,20260602,90,228.46,190.9,224.36
14536,20230809,113,119.1,117.05,117.79
14537,20240512,77,218.69,188.72,204.56
14538,20230330,713,325.0,322.45,334.49
14539,20230619,295,217.29,208.51,234.08
14540,20240609,733,218.3,201.07,196.25
14541,20250716,675,310.72,304.4,354.27
14542,20231002,738,223.85,188.53,202.59
14543,20240707,689,102.62,84.09,90.5
14544,20230409,381,275.49,220.67,248.31
14545,20230518,276,66.7,57.49,66.92
14546,20230713,59,71.61,59.36,72.58
14547,20250110,251,350.95,349.48,331.39
14548,20230727,158,81.27,80.67,87.07
14549,20240616,621,238.21,192.85,256.45
14550,20250822,227,292.62,262.61,294.1
14551,20230109,337,284.78,234.8,247.41
14552,20260521,537,125.74,99.19,123.73
14553,20250203,590,66.24,55.31,60.03
14554,20251121,516,76.0,71.27,81.05
14555,20240424,666,221.55,171.83,232.44
14556,20240209,255,317.46,252.75,349.9
14557,20230428,341,53.82,48.19,49.71
14558,20251121,769,93.19,79.79,88.36
14559,20230304,117,66.51,56.53,72.11
14560,20250824,725,378.22,315.11,430.4
14561,20230324,153,89.99,69.36,78.92
14562,20240222,72,119.72,105.68,120.06
14563,20251104,438,40.99,37.92,36.46
14564,20260207,418,235.9,225.8,266.08
14565,20241021,657,207.96,206.69,215.32
14566,20260327,718,216.02,173.74,205.85
14567,20230704,104,158.51,154.86,169.45
14568,20250306,122,193.32,166.6,222.06
14569,20231206,484,15.41,12.3,16.11
14570,20240625,437,95.28,80.77,107.92
14571,20230702,405,234.96,213.5,252.62
14572,20240705,542,118.48,90.12,121.01
14573,20250411,394,159.79,120.72,152.68
14574,20231117,702,260.54,237.54,238.36
14575,20260330,483,167.82,129.1,147.36
14576,20250107,240,48.56,37.94,51.95
14577,20230504,363,113.38,103.18,112.26
14578,20240817,504,24.53,22.69,26.53
14579,20260108,145,222.21,175.61,226.25
14580,20240815,134,299.61,263.11,336.58
14581,20260216,644,440.69,407.46,459.43
14582,20241012,145,222.21,177.94,242.36
14583,20230307,189,205.54,157.07,201.43
14584,20250922,308,277.35,262.63,242.52
14585,20240326,339,147.7,127.11,161.69
14586,20231108,312,205.56,201.59,223.5
14587,20241016,795,235.28,222.58,243.16
14588,20240827,343,17.55,13.65,16.49
14589,20240331,40,246.38,231.95,222.99
14590,20250125,57,20.69,19.23,22.5
14591,20260106,485,125.2,119.1,109.43
14592,20250502,122,193.32,191.63,189.25
14593,20260307,574,292.71,285.19,310.1
14594,20230218,113,119.1,89.76,105.37
14595,20231024,26,359.21,305.4,358.74
14596,20230111,536,232.15,211.9,221.63
14597,20240824,135,41.31,38.26,40.34
14598,20260109,60,69.61,67.95,67.07
14599,20260222,138,287.07,269.45,255.55
14600,20230301,520,361.69,316.12,347.53
14601,20231209,324,210.25,179.04,220.94
14602,20240905,720,410.49,320.95,410.29
14603,20251025,489,258.71,239.99,256.43
14604,20240823,338,214.38,172.63,192.38
14605,20240327,191,330.51,299.91,311.79
14606,20250515,230,55.79,53.61,48.96
14607,20250911,450,361.37,296.48,395.24
14608,20240927,365,297.68,244.31,279.18
14609,20260412,763,348.36,348.32,345.7
14610,20250317,561,223.15,222.51,214.27
14611,20230519,351,348.89,328.3,387.94
14612,20241021,373,240.17,205.52,216.41
14613,20230807,553,68.99,66.14,70.31
14614,20240318,531,18.72,16.46,17.56
14615,20251211,223,289.35,254.74,284.71
14616,20250316,788,168.35,161.47,172.58
14617,20260324,470,186.23,169.41,198.21
14618,20250420,173,352.79,348.46,397.55
14619,20230423,297,203.31,153.5,212.06
14620,20230223,458,116.37,106.65,120.63
14621,20251211,612,244.74,230.43,251.44
14622,20230712,359,156.76,140.26,157.23
14623,20230510,590,66.24,52.78,72.1
14624,20250907,760,321.52,291.09,312.02
14625,20240629,592,178.71,152.66,180.16
14626,20240514,181,341.92,303.32,386.56
14627,20240825,665,406.18,371.52,368.11
14628,20250112,222,199.12,181.58,169.58
14629,20231220,771,87.72,73.32,97.62
14630,20230827,97,301.78,227.17,269.16
14631,20250831,62,427.35,383.44,476.26
14632,20250606,199,127.18,115.37,113.46
14633,20250716,356,128.43,103.01,118.92
14634,20240528,745,215.3,208.52,226.82
14635,20241128,646,202.52,193.15,216.42
14636,20231002,447,59.76,48.44,52.6
14637,20250422,725,378.22,324.64,355.52
14638,20230411,471,34.5,33.53,32.87
14639,20240104,331,284.71,239.62,253.61
14640,20250202,94,11.79,11.09,10.39
14641,20240318,427,416.06,398.77,430.78
14642,20240824,354,235.99,204.46,263.06
14643,20260215,421,82.54,67.49,73.37
14644,20240124,431,27.19,24.26,25.69
14645,20240203,108,24.49,20.29,22.33
14646,20250407,680,272.43,231.42,286.86
14647,20241001,529,73.96,58.84,65.95
14648,20250324,554,59.83,46.29,66.46
14649,20250824,401,188.97,170.71,181.23
14650,20231217,102,258.72,211.79,234.29
14651,20240901,590,66.24,66.06,75.3
14652,20250529,96,204.85,175.25,202.77
14653,20250105,457,60.47,52.89,63.18
14654,20231216,293,423.76,385.77,438.36
14655,20240803,690,128.51,98.85,139.23
14656,20250907,260,283.2,224.96,257.5
14657,20260110,633,57.66,54.61,58.85
14658,20230425,184,305.93,270.42,324.86
14659,20231003,7,169.43,142.89,162.78
14660,20250521,153,89.99,78.03,79.61
14661,20260123,364,58.02,52.58,51.5
14662,20240226,313,145.22,140.92,160.83
14663,20240720,191,330.51,284.39,331.3
14664,20241124,728,23.99,18.34,22.95
14665,20260601,180,25.06,19.2,22.78
14666,20250629,557,165.04,133.92,142.57
14667,20240519,100,63.71,57.16,62.11
14668,20230904,104,158.51,124.36,168.46
14669,20240514,442,36.82,28.27,39.3
14670,20251001,193,171.68,156.88,191.75
14671,20230805,537,125.74,116.99,131.04
14672,20250208,256,108.27,104.25,93.18
14673,20230509,177,72.58,68.75,79.85
14674,20240323,281,253.48,205.99,274.04
14675,20250413,739,248.72,228.33,243.28
14676,20230516,629,217.61,193.98,235.58
14677,20230918,689,102.62,79.03,112.73
14678,20240724,317,251.02,193.56,220.67
14679,20260531,503,318.02,247.78,275.53
14680,20240727,361,218.41,167.87,190.47
14681,20260416,634,132.1,111.76,138.8
14682,20250826,43,136.65,110.76,122.42
14683,20240216,334,266.65,204.47,292.46
14684,20231122,7,169.43,129.46,161.31
14685,20240928,331,284.71,278.35,323.38
14686,20230504,655,70.94,70.85,64.99
14687,20250615,434,136.54,132.85,118.04
14688,20231218,793,136.99,131.51,149.65
14689,20240801,774,100.34,83.03,100.36
14690,20250415,342,102.47,93.82,116.27
14691,20250419,386,184.17,177.15,196.68
14692,20231130,138,287.07,266.61,319.35
14693,20231118,17,231.2,187.13,207.89
14694,20241213,522,104.14,95.06,118.89
14695,20230424,113,119.1,99.66,126.02
14696,20260628,374,330.48,255.62,323.82
14697,20241026,105,380.19,367.9,338.11
14698,20230526,159,138.34,111.22,150.76
14699,20250402,601,17.49,17.22,19.45
14700,20230708,622,97.19,93.09,102.52
14701,20230331,184,305.93,236.09,305.47
14702,20240519,533,169.61,132.55,173.05
14703,20260528,411,64.81,58.89,72.39
14704,20260427,398,70.82,66.08,63.96
14705,20230301,469,161.37,148.19,160.33
14706,20251023,740,239.3,187.15,262.92
14707,20240312,71,81.45,62.73,85.34
14708,20240917,772,272.89,260.62,285.22
14709,20251024,574,292.71,235.29,269.18
14710,20230714,240,48.56,38.02,49.19
14711,20230308,128,41.76,34.58,42.54
14712,20250625,756,394.25,306.84,357.54
14713,20251006,711,89.35,71.48,96.33
14714,20260410,341,53.82,44.48,50.37
14715,20230617,239,177.69,155.78,178.25
14716,20230924,619,96.72,72.93,87.99
14717,20230716,1,128.02,108.5,138.21
14718,20250731,389,13.99,11.99,15.36
14719,20230316,497,311.63,273.96,321.82
14720,20231005,403,210.54,199.34,221.08
14721,20260618,381,275.49,255.77,314.1
14722,20240712,719,73.37,66.57,83.96
14723,20240214,689,102.62,95.95,111.7
14724,20230523,34,218.67,176.66,249.85
14725,20250210,565,40.62,36.64,42.77
14726,20250910,531,18.72,16.86,16.97
14727,20250506,135,41.31,34.8,43.12
14728,20240524,390,259.85,205.22,229.23
14729,20250414,771,87.72,77.18,93.23
14730,20240814,530,239.02,232.85,238.3
14731,20250407,442,36.82,28.33,42.18
14732,20260611,323,221.18,172.74,212.11
14733,20260419,630,339.79,305.24,378.3
14734,20250904,712,117.99,117.41,134.55
14735,20240317,439,350.84,343.53,351.81
14736,20250630,316,244.0,194.91,267.6
14737,20240703,594,93.21,88.95,102.62
14738,20230518,446,47.38,43.37,47.72
14739,20260414,753,306.18,292.82,347.51
14740,20241224,257,153.43,120.49,134.78
14741,20250503,151,452.82,446.02,405.64
14742,20230228,725,378.22,312.48,334.26
14743,20230317,551,39.75,35.14,41.07
14744,20230303,762,278.35,224.35,286.6
14745,20230517,87,204.15,154.2,210.7
14746,20240327,773,48.89,43.78,46.22
14747,20231226,115,258.32,248.53,244.35
14748,20250123,571,319.71,288.22,310.95
14749,20260116,104,158.51,129.19,135.42
14750,20260409,733,218.3,211.52,232.56
14751,20251102,184,305.93,292.91,261.25
14752,20240429,115,258.32,214.94,244.94
14753,20260324,581,46.45,36.2,51.17
14754,20260516,364,58.02,52.61,59.03
14755,20231111,662,142.93,137.28,156.53
14756,20260530,113,119.1,106.18,121.43
14757,20230929,744,99.0,88.19,103.56
14758,20250814,253,436.82,343.56,446.68
14759,20250707,193,171.68,131.0,177.65
14760,20251107,119,333.87,321.17,284.7
14761,20260413,316,244.0,233.31,228.37
14762,20251108,164,412.46,356.1,369.08
14763,20240802,372,11.94,9.18,12.28
14764,20230608,233,146.82,121.87,161.94
14765,20240414,524,130.88,107.08,142.89
14766,20230806,527,81.74,66.33,83.76
14767,20240728,128,41.76,32.7,43.43
14768,20240625,99,363.81,312.48,358.19
14769,20241221,82,299.58,244.57,314.91
14770,20240519,63,58.12,55.14,54.68
14771,20241205,382,50.92,48.76,46.13
14772,20240529,120,187.42,159.64,169.59
14773,20260603,365,297.68,258.75,253.8
14774,20231022,619,96.72,77.45,95.03
14775,20240618,753,306.18,245.64,283.78
14776,20230726,271,181.82,181.78,163.23
14777,20240527,560,40.22,34.6,37.93
14778,20230508,63,58.12,48.85,55.95
14779,20240414,348,233.48,210.11,201.34
14780,20250522,622,97.19,76.97,99.7
14781,20260428,468,354.29,327.25,405.99
14782,20240619,362,342.7,313.49,380.92
14783,20250126,702,260.54,220.59,288.99
14784,20241126,150,107.86,81.36,94.86
14785,20251107,336,366.26,346.92,384.28
14786,20260121,194,314.56,274.29,361.27
14787,20230515,580,282.51,243.66,265.56
14788,20240105,212,17.63,17.35,17.84
14789,20240415,635,53.49,50.81,59.59
14790,20240423,251,350.95,342.86,373.15
14791,20241009,684,145.2,123.05,131.16
14792,20250603,637,73.36,63.85,65.46
14793,20250915,359,156.76,134.96,166.07
14794,20260311,547,393.46,360.39,376.62
14795,20230617,250,223.62,168.91,222.15
14796,20231122,761,403.08,378.51,441.28
14797,20230620,557,165.04,132.07,142.95
14798,20260322,22,105.46,101.56,117.78
14799,20240409,578,330.25,278.44,320.04
14800,20251217,173,352.79,346.07,323.0
14801,20240106,635,53.49,47.1,52.34
14802,20251111,481,267.97,204.3,270.32
14803,20240607,657,207.96,193.26,233.03
14804,20230401,197,150.97,140.75,146.77
14805,20240309,61,9.0,7.61,9.26
14806,20250809,571,319.71,256.94,306.19
14807,20240805,246,289.83,284.15,250.72
14808,20250303,201,178.89,177.98,175.52
14809,20230608,486,204.27,166.3,179.12
14810,20230321,647,184.7,173.34,183.42
14811,20260604,102,258.72,212.54,253.4
14812,20240911,635,53.49,45.07,55.36
14813,20260221,577,292.69,270.91,256.84
14814,20231121,658,277.36,213.36,250.37
14815,20231006,777,116.51,91.7,126.38
14816,20230925,145,222.21,171.65,211.36
14817,20251101,181,341.92,273.71,304.63
14818,20250628,474,285.61,240.24,248.25
14819,20230328,426,82.56,73.48,72.14
14820,20231118,372,11.94,11.56,11.0
14821,20260525,179,40.39,35.5,38.47
14822,20230313,711,89.35,85.58,100.95
14823,20230809,96,204.85,158.5,201.43
14824,20251226,75,117.53,95.37,102.37
14825,20250509,419,199.26,197.4,197.58
14826,20241226,301,241.8,231.23,246.4
14827,20241101,306,267.41,244.37,300.64
14828,20260315,729,357.03,330.42,390.94
14829,20240218,495,21.23,21.15,22.53
14830,20240113,121,298.82,296.85,329.01
14831,20240125,8,211.32,188.11,195.85
14832,20230907,631,266.82,236.49,304.81
14833,20240207,487,35.77,34.49,35.36
14834,20250426,781,50.54,49.63,55.12
14835,20250811,456,219.24,179.82,210.59
14836,20251126,631,266.82,200.6,294.43
14837,20250405,449,22.61,19.04,23.59
14838,20251013,140,105.24,94.04,114.06
14839,20240626,87,204.15,164.51,214.17
14840,20250228,602,85.13,64.93,87.72
14841,20230327,685,141.65,124.69,153.56
14842,20250113,113,119.1,108.15,121.11
14843,20231229,700,159.22,155.89,179.93
14844,20240520,12,262.97,233.27,300.8
14845,20241216,657,207.96,181.31,192.08
14846,20230826,181,341.92,323.64,352.55
14847,20260209,396,167.37,135.55,159.02
14848,20241215,493,91.44,76.52,99.1
14849,20230501,598,111.7,102.01,120.02
14850,20230815,272,66.09,56.42,70.02
14851,20260625,223,289.35,229.92,260.04
14852,20230531,102,258.72,216.73,290.26
14853,20260425,726,274.85,268.73,309.91
14854,20230415,660,11.42,8.88,12.56
14855,20250906,11,54.42,46.28,52.71
14856,20241120,187,256.66,245.55,251.16
14857,20250106,768,253.35,208.84,217.41
14858,20241106,394,159.79,137.74,141.96
14859,20240714,146,188.03,175.83,160.76
14860,20230301,183,26.08,25.72,28.05
14861,20250627,393,22.43,21.43,22.84
14862,20250808,394,159.79,153.21,152.6
14863,20230330,593,348.5,324.32,367.46
14864,20251106,415,83.9,64.33,91.52
14865,20251205,61,9.0,6.8,7.71
14866,20230305,578,330.25,254.38,328.07
14867,20260526,204,137.31,117.74,130.43
14868,20250725,559,55.12,46.75,48.93
14869,20230610,445,236.18,186.14,242.24
14870,20250216,52,21.14,16.39,24.3
14871,20230818,280,44.45,37.56,43.0
14872,20230514,770,92.3,82.02,102.7
14873,20250531,727,29.93,26.94,33.47
14874,20240208,130,108.44,104.85,112.16
14875,20240103,454,323.6,319.23,321.69
14876,20251225,293,423.76,326.53,422.07
14877,20231112,695,219.54,175.64,230.59
14878,20251230,19,252.36,201.23,267.81
14879,20240723,269,15.66,11.79,15.58
14880,20250807,167,236.05,204.82,262.31
14881,20260218,628,117.7,102.67,108.4
14882,20240804,729,357.03,332.65,378.91
14883,20251223,717,37.49,35.1,39.96
14884,20230522,92,242.67,204.82,208.16
14885,20231116,771,87.72,70.04,74.69
14886,20260614,279,296.99,247.53,284.37
14887,20250824,683,426.67,389.28,479.29
14888,20250402,724,208.64,173.56,187.97
14889,20230920,280,44.45,37.03,48.41
14890,20231120,313,145.22,121.46,148.64
14891,20241003,317,251.02,217.6,268.75
14892,20250626,75,117.53,105.72,135.1
14893,20251111,669,256.27,219.35,219.84
14894,20240204,113,119.1,90.15,130.44
14895,20240220,328,77.81,58.52,69.17
14896,20230411,34,218.67,164.12,238.14
14897,20231204,447,59.76,55.99,54.07
14898,20240420,337,284.78,278.09,260.42
14899,20250319,553,68.99,57.43,62.13
14900,20240924,620,141.64,124.84,139.79
14901,20241020,189,205.54,156.68,224.17
14902,20250123,50,253.67,247.47,288.22
14903,20240810,317,251.02,225.49,284.71
14904,20240720,126,119.25,117.65,111.81
14905,20240129,64,238.84,181.29,220.21
14906,20251020,352,272.28,210.43,271.26
14907,20251017,411,64.81,60.1,72.61
14908,20250717,118,410.38,326.45,364.55
14909,20260221,315,296.21,244.32,311.65
14910,20250807,244,357.61,321.57,327.2
14911,20250416,495,21.23,16.96,20.02
14912,20241030,305,183.32,162.32,194.14
14913,20231113,166,277.57,214.32,260.64
14914,20231024,598,111.7,97.76,109.78
14915,20230630,269,15.66,13.05,13.52
14916,20241021,278,255.97,245.13,266.85
14917,20241225,566,84.3,74.5,92.39
14918,20260222,584,303.45,270.81,319.92
14919,20230505,623,190.11,162.34,163.51
14920,20251231,713,325.0,285.37,281.89
14921,20260518,344,107.89,107.0,122.6
14922,20250506,630,339.79,314.04,304.96
14923,20231211,538,86.46,81.54,92.3
14924,20240920,142,258.94,235.9,276.51
14925,20231112,662,142.93,127.14,144.62
14926,20241028,383,55.74,43.38,56.98
14927,20230725,38,36.67,35.99,39.6
14928,20250720,612,244.74,186.56,271.21
14929,20241113,698,103.34,78.02,118.4
14930,20240511,50,253.67,201.87,267.84
14931,20240223,43,136.65,108.54,124.7
14932,20240930,615,107.87,100.75,96.62
14933,20230822,610,31.94,24.06,35.66
14934,20230311,209,254.65,239.31,262.35
14935,20260322,76,227.03,178.54,233.54
14936,20240204,338,214.38,195.33,217.8
14937,20231002,159,138.34,125.04,142.63
14938,20240522,706,136.94,113.09,120.14
14939,20230729,619,96.72,85.13,96.98
14940,20251122,498,309.5,256.82,313.09
14941,20240820,147,53.98,52.17,53.32
14942,20250912,708,140.71,139.5,136.94
14943,20241107,244,357.61,313.63,342.73
14944,20260305,483,167.82,134.02,154.33
14945,20231106,252,26.05,24.08,29.6
14946,20260225,284,15.97,15.88,14.15
14947,20241019,318,41.09,36.58,44.98
14948,20250719,503,318.02,308.21,285.48
14949,20250817,61,9.0,8.02,8.72
14950,20231007,36,214.64,201.89,236.57
14951,20260525,249,37.07,28.95,41.98
14952,20241009,683,426.67,324.04,483.54
14953,20260226,742,222.66,182.25,194.0
14954,20231028,719,73.37,56.25,65.97
14955,20250405,24,126.6,126.46,126.61
14956,20260106,234,318.9,298.65,362.46
14957,20231212,487,35.77,34.4,36.13
14958,20240831,275,34.97,27.94,34.92
14959,20250926,292,324.11,257.28,282.24
14960,20240426,272,66.09,52.16,71.14
14961,20250707,66,232.57,191.81,256.38
14962,20240702,251,350.95,290.09,318.93
14963,20240808,266,259.97,259.73,250.42
14964,20250111,122,193.32,154.88,194.65
14965,20250818,489,258.71,228.33,295.83
14966,20250525,578,330.25,289.53,355.72
14967,20260422,380,239.62,200.26,211.34
14968,20241031,433,60.97,48.3,58.85
14969,20231213,558,241.4,238.84,269.61
14970,20240728,352,272.28,232.48,231.56
14971,20250304,517,325.99,295.06,322.3
14972,20241207,294,364.34,343.39,390.98
14973,20240405,669,256.27,254.37,249.38
14974,20230325,492,101.28,81.88,109.13
14975,20250611,283,273.75,243.61,313.34
14976,20230307,254,91.01,79.01,87.54
14977,20250621,386,184.17,150.42,174.99
14978,20240629,481,267.97,209.4,231.77
14979,20241105,686,193.71,149.5,217.24
14980,20230122,642,93.63,83.99,85.55
14981,20230306,270,147.92,118.21,128.04
14982,20260424,629,217.61,216.21,207.4
14983,20230324,479,253.27,197.48,278.95
14984,20240914,448,28.11,27.63,32.05
14985,20260325,258,30.13,29.34,30.0
14986,20240905,414,196.54,166.29,202.09
14987,20240112,11,54.42,42.63,48.94
14988,20240827,117,66.51,54.14,66.55
14989,20240609,714,29.93,26.42,29.49
14990,20250211,552,211.79,184.84,196.78
14991,20240302,168,139.86,119.18,145.08
14992,20231004,704,18.97,16.76,17.12
14993,20240624,543,164.16,135.14,172.28
14994,20260217,663,304.83,301.58,298.96
14995,20251224,686,193.71,187.42,187.83
14996,20250529,633,57.66,46.37,53.52
14997,20240719,585,163.26,136.96,173.06
14998,20240205,262,237.84,199.79,267.17
14999,20251122,410,94.32,89.65,92.72
15000,20251201,567,223.92,174.76,249.36
15001,20260219,441,334.72,273.86,314.16
15002,20260623,769,93.19,72.69,100.74
15003,20240311,196,79.66,76.96,89.18
15004,20260225,288,29.26,22.13,33.31
15005,20230227,163,35.79,34.22,34.73
15006,20230309,253,436.82,418.41,387.0
15007,20250417,390,259.85,253.08,222.53
15008,20231107,673,423.99,370.76,440.82
15009,20230811,256,108.27,88.84,115.34
15010,20251118,405,234.96,229.48,248.51
15011,20230105,459,41.78,39.08,39.29
15012,20230120,13,97.85,84.6,97.02
15013,20230131,73,219.47,203.09,223.55
15014,20241021,404,249.7,193.25,272.51
15015,20231227,480,425.68,326.52,372.09
15016,20241202,198,61.79,48.26,62.43
15017,20240327,373,240.17,194.4,225.21
15018,20260428,327,31.53,26.82,26.82
15019,20250926,470,186.23,186.03,189.99
15020,20240118,10,52.67,52.53,56.29
15021,20230328,316,244.0,230.57,256.92
15022,20250203,231,190.39,186.95,213.71
15023,20240113,698,103.34,80.45,107.13
15024,20230811,20,54.98,44.07,47.49
15025,20230715,575,196.28,167.98,213.9
15026,20250409,393,22.43,18.88,23.9
15027,20260304,313,145.22,142.23,134.4
15028,20260217,53,274.33,227.43,276.53
15029,20240812,565,40.62,39.87,38.39
15030,20230221,690,128.51,104.3,136.71
15031,20260121,90,228.46,199.14,242.68
15032,20240111,174,208.41,164.21,219.13
15033,20260425,235,351.8,267.95,399.93
15034,20260617,725,378.22,330.87,428.89
15035,20260216,113,119.1,116.0,125.73
15036,20250625,424,164.94,136.41,181.71
15037,20250111,143,275.87,264.14,287.09
15038,20260222,782,103.0,96.76,101.96
15039,20240918,51,80.4,76.13,69.39
15040,20241219,435,227.4,197.58,222.53
15041,20230807,379,306.26,270.87,279.99
15042,20241105,698,103.34,96.48,110.82
15043,20260514,555,113.22,106.97,124.62
15044,20251108,513,255.23,204.95,217.98
15045,20250422,499,261.75,257.93,285.5
15046,20260531,12,262.97,227.39,299.11
15047,20250713,470,186.23,150.87,201.04
15048,20230722,375,46.16,42.53,48.51
15049,20250122,584,303.45,286.16,288.63
15050,20230806,188,276.5,265.76,305.5
15051,20250704,304,72.0,62.53,75.41
15052,20240811,485,125.2,122.76,130.98
15053,20240305,658,277.36,243.4,277.03
15054,20231018,455,34.92,26.5,36.53
15055,20230921,332,121.61,101.43,139.38
15056,20240521,616,278.04,208.9,264.7
15057,20260118,126,119.25,116.48,133.33
15058,20240512,69,201.68,165.94,217.07
15059,20240630,447,59.76,54.55,64.81
15060,20241210,768,253.35,210.32,225.17
15061,20240928,727,29.93,28.72,28.39
15062,20260415,343,17.55,13.23,16.18
15063,20251018,299,12.05,11.3,11.01
15064,20240427,731,425.46,398.98,448.36
15065,20250128,590,66.24,49.98,61.05
15066,20240611,775,193.35,153.86,216.68
15067,20231205,748,241.47,238.92,259.01
15068,20251217,312,205.56,172.18,195.56
15069,20250118,237,339.45,328.28,301.83
15070,20240525,616,278.04,269.56,319.35
15071,20250527,86,11.99,9.69,11.28
15072,20250208,390,259.85,230.94,279.94
15073,20241225,739,248.72,214.88,233.67
15074,20251110,603,228.34,216.39,236.17
15075,20240915,184,305.93,247.75,319.21
15076,20240810,215,179.63,149.52,179.57
15077,20230206,792,142.29,142.25,126.23
15078,20240524,460,84.17,69.4,75.47
15079,20260605,122,193.32,174.51,211.2
15080,20240701,141,224.09,199.33,257.15
15081,20250805,138,287.07,241.42,286.24
15082,20230823,208,194.43,171.1,168.53
15083,20260628,63,58.12,57.9,50.98
15084,20250306,609,249.15,234.73,280.06
15085,20250816,522,104.14,84.35,99.2
15086,20230909,537,125.74,105.3,140.45
15087,20260506,366,384.91,316.83,372.8
15088,20230106,557,165.04,158.26,165.03
15089,20241224,188,276.5,265.28,252.35
15090,20241203,295,217.29,191.76,213.12
15091,20250103,190,46.04,41.61,39.94
15092,20240423,285,204.89,186.07,180.45
15093,20240405,351,348.89,343.08,317.52
15094,20230514,398,70.82,63.71,71.6
15095,20240628,391,64.13,50.79,67.13
15096,20260525,10,52.67,46.12,53.82
15097,20260602,552,211.79,163.88,186.37
15098,20240616,737,232.1,223.77,234.34
15099,20231123,562,188.77,170.68,185.82
15100,20241020,275,34.97,29.91,31.98
15101,20240810,313,145.22,131.83,141.2
15102,20250210,519,54.14,48.42,59.93
15103,20230803,685,141.65,132.79,128.06
15104,20250823,742,222.66,221.68,205.71
15105,20230902,182,161.43,151.17,169.55
15106,20230910,502,358.64,273.12,321.41
15107,20260514,285,204.89,158.23,203.88
15108,20251018,509,90.19,74.16,80.35
15109,20250926,602,85.13,74.15,73.96
15110,20250123,464,223.36,172.51,233.5
15111,20241111,141,224.09,188.1,217.76
15112,20241019,447,59.76,51.6,59.46
15113,20240504,142,258.94,256.19,244.03
15114,20231002,366,384.91,296.79,386.66
15115,20260220,378,260.57,206.91,254.54
15116,20240412,148,26.37,23.69,26.71
15117,20231020,4,279.54,266.52,315.19
15118,20240513,618,117.82,93.95,118.81
15119,20251105,618,117.82,109.47,117.17
15120,20250609,625,408.43,311.84,362.93
15121,20250301,633,57.66,46.89,55.3
15122,20260211,624,21.67,18.48,23.91
15123,20260115,275,34.97,27.6,31.63
15124,20250908,616,278.04,271.49,290.5
15125,20240124,163,35.79,33.88,33.53
15126,20230803,277,308.04,303.08,352.0
15127,20241107,790,117.22,108.3,132.65
15128,20240509,552,211.79,159.72,193.59
15129,20251210,788,168.35,156.22,151.84
15130,20250315,105,380.19,335.67,426.03
15131,20250707,706,136.94,121.87,144.6
15132,20250418,345,274.13,248.2,243.56
15133,20240103,220,267.45,255.06,301.25
15134,20260429,140,105.24,99.09,111.38
15135,20230507,72,119.72,116.29,129.07
15136,20230915,54,133.2,101.35,122.25
15137,20240312,306,267.41,227.79,296.88
15138,20250907,276,66.7,50.32,69.68
15139,20251212,365,297.68,232.58,293.9
15140,20230213,396,167.37,138.46,175.25
15141,20230605,356,128.43,120.01,138.58
15142,20240908,300,94.2,77.86,101.04
15143,20250625,11,54.42,48.89,62.18
15144,20260413,96,204.85,183.94,191.92
15145,20230820,775,193.35,163.99,197.57
15146,20240817,286,317.67,265.99,297.17
15147,20250729,716,97.62,79.54,87.6
15148,20240422,2,108.79,101.56,112.43
15149,20231101,480,425.68,333.74,432.95
15150,20230224,286,317.67,281.23,311.57
15151,20240623,218,193.69,178.72,212.8
15152,20250426,464,223.36,197.29,212.92
15153,20240301,454,323.6,294.22,284.19
15154,20260109,743,343.9,283.44,369.59
15155,20231010,684,145.2,112.92,162.6
15156,20250511,438,40.99,37.6,39.42
15157,20251226,593,348.5,278.95,299.45
15158,20250731,295,217.29,213.36,241.16
15159,20251017,353,230.0,204.51,247.81
15160,20240825,265,249.31,208.59,239.77
15161,20231025,45,269.74,233.22,288.47
15162,20230413,183,26.08,21.11,26.96
15163,20231201,708,140.71,135.18,135.3
15164,20240128,601,17.49,13.93,17.16
15165,20240309,49,197.2,167.95,225.32
15166,20240220,483,167.82,156.16,154.63
15167,20251026,770,92.3,91.79,86.87
15168,20240920,463,203.4,191.22,229.1
15169,20230114,447,59.76,47.33,63.09
15170,20250313,79,253.18,203.03,278.42
15171,20240803,708,140.71,114.86,133.52
15172,20240921,138,287.07,251.77,311.3
15173,20241030,711,89.35,80.79,98.46
15174,20250828,270,147.92,125.67,147.83
15175,20240908,554,59.83,58.78,67.87
15176,20241228,142,258.94,202.95,278.42
15177,20230323,360,146.23,117.07,149.23
15178,20230105,227,292.62,254.81,297.94
15179,20240210,730,218.37,178.41,228.93
15180,20230825,620,141.64,139.37,162.29
15181,20250629,551,39.75,38.81,37.79
15182,20230406,388,209.17,179.62,228.83
15183,20241211,488,237.94,233.21,261.47
15184,20231020,630,339.79,273.98,311.21
15185,20230302,116,34.36,32.23,36.88
15186,20250307,760,321.52,268.82,334.61
15187,20251012,63,58.12,56.73,66.5
15188,20251218,74,140.18,116.7,155.08
15189,20230910,383,55.74,54.84,48.76
15190,20250106,198,61.79,57.17,55.01
15191,20240727,283,273.75,253.99,285.1
15192,20260111,302,95.16,85.18,96.39
15193,20240324,757,118.51,110.36,131.96
15194,20240408,678,133.31,102.6,146.49
15195,20260505,497,311.63,256.26,315.61
15196,20250518,110,284.95,277.42,324.96
15197,20260609,257,153.43,127.44,155.87
15198,20240311,631,266.82,200.81,292.07
15199,20230217,44,186.98,159.01,188.98
15200,20250329,137,17.94,16.3,19.7
15201,20230617,429,195.21,155.18,210.41
15202,20251018,388,209.17,174.81,224.2
15203,20251220,155,168.01,149.02,190.33
15204,20240810,266,259.97,200.79,258.81
15205,20240408,627,323.38,286.13,334.11
15206,20250416,790,117.22,98.8,124.06
15207,20250307,198,61.79,60.66,53.88
15208,20230223,550,203.17,188.97,210.68
15209,20260129,726,274.85,256.9,304.78
15210,20250406,459,41.78,35.67,46.62
15211,20251008,498,309.5,264.19,337.16
15212,20251113,239,177.69,152.02,198.51
15213,20250325,122,193.32,165.72,194.17
15214,20250307,363,113.38,92.43,120.68
15215,20240331,244,357.61,296.99,355.39
15216,20230130,170,336.66,320.92,356.53
15217,20230123,455,34.92,33.0,32.22
15218,20230422,232,283.79,220.05,275.75
15219,20240103,139,382.89,332.13,372.5
15220,20240603,391,64.13,62.58,58.42
15221,20230908,472,30.87,30.8,27.59
15222,20260513,726,274.85,245.79,233.83
15223,20260203,168,139.86,131.15,122.81
15224,20240806,326,267.52,237.11,271.86
15225,20240504,655,70.94,59.72,79.65
15226,20240822,677,101.31,86.15,92.11
15227,20230202,459,41.78,36.61,37.81
15228,20250601,306,267.41,258.44,265.24
15229,20230622,21,279.33,257.03,305.01
15230,20240125,517,325.99,309.44,339.86
15231,20230424,648,33.89,25.86,33.05
15232,20251219,170,336.66,256.63,298.08
15233,20260214,1,128.02,98.79,134.55
15234,20240215,337,284.78,228.62,322.79
15235,20231222,374,330.48,295.34,349.61
15236,20241123,481,267.97,246.93,265.55
15237,20250822,463,203.4,158.59,217.44
15238,20230722,464,223.36,203.85,242.95
15239,20230129,543,164.16,136.05,178.26
15240,20260609,795,235.28,207.61,204.54
15241,20251213,795,235.28,211.73,202.21
15242,20240502,601,17.49,14.64,17.57
15243,20241117,553,68.99,59.0,62.33
15244,20260210,553,68.99,59.95,61.87
15245,20230315,230,55.79,45.11,61.97
15246,20250523,623,190.11,154.3,201.96
15247,20240811,234,318.9,275.57,310.59
15248,20230630,490,84.06,72.14,79.55
15249,20240728,587,273.68,236.48,250.71
15250,20230127,632,291.15,273.12,316.65
15251,20250330,350,195.28,185.05,176.39
15252,20240121,649,267.48,246.37,249.3
15253,20230524,522,104.14,84.88,107.7
15254,20241205,206,36.22,29.58,35.01
15255,20240603,567,223.92,187.33,236.86
15256,20251125,619,96.72,95.71,101.39
15257,20240106,206,36.22,28.59,34.08
15258,20250421,230,55.79,50.16,57.37
15259,20230109,351,348.89,310.32,330.16
15260,20240725,97,301.78,268.49,310.86
15261,20260526,664,29.07,25.17,28.78
15262,20231219,224,205.12,172.0,191.97
15263,20251109,721,249.16,222.27,219.01
15264,20250725,593,348.5,297.6,305.2
15265,20241019,515,127.91,122.59,115.77
15266,20241021,24,126.6,118.33,131.78
15267,20240229,137,17.94,14.13,17.13
15268,20230531,87,204.15,163.92,186.06
15269,20230109,300,94.2,89.45,90.91
15270,20230826,328,77.81,59.64,87.86
15271,20231211,299,12.05,11.8,11.48
15272,20260605,539,287.91,217.33,284.96
15273,20230712,72,119.72,111.7,122.45
15274,20240413,188,276.5,213.35,305.73
15275,20240121,5,163.2,149.53,177.15
15276,20240303,158,81.27,71.92,79.33
15277,20250715,204,137.31,108.99,141.04
15278,20260331,406,176.64,171.9,183.28
15279,20230911,652,164.75,145.13,181.15
15280,20240614,669,256.27,254.65,285.11
15281,20241205,197,150.97,143.83,129.06
15282,20250927,284,15.97,12.12,17.54
15283,20230816,393,22.43,22.0,20.29
15284,20250419,456,219.24,208.38,203.64
15285,20240803,591,113.73,96.62,118.24
15286,20250408,102,258.72,197.91,292.37
15287,20251109,317,251.02,206.63,230.67
15288,20230218,368,122.52,121.37,125.64
15289,20230413,253,436.82,334.53,398.15
15290,20241216,581,46.45,40.42,40.62
15291,20240408,668,120.7,117.89,134.4
15292,20230710,168,139.86,128.4,152.03
15293,20260209,584,303.45,300.97,331.09
15294,20231116,183,26.08,24.95,25.15
15295,20260606,229,168.69,166.91,155.08
15296,20240818,105,380.19,327.5,328.84
15297,20230115,603,228.34,191.26,206.44
15298,20240608,702,260.54,232.51,275.75
15299,20230802,733,218.3,218.0,225.02
15300,20230926,607,181.88,171.79,176.81
15301,20230616,178,241.37,187.37,251.15
15302,20231018,194,314.56,264.42,305.67
15303,20260609,481,267.97,258.3,270.75
15304,20250301,288,29.26,28.02,31.22
15305,20250922,38,36.67,29.05,33.08
15306,20240904,582,419.19,333.06,476.41
15307,20241103,514,340.45,329.17,290.22
15308,20250421,536,232.15,211.67,261.7
15309,20250409,466,314.66,314.54,317.71
15310,20240331,214,309.39,296.54,324.79
15311,20260417,226,250.65,206.98,283.79
15312,20241012,317,251.02,249.02,262.43
15313,20230414,480,425.68,394.67,415.64
15314,20250908,685,141.65,107.83,161.19
15315,20240109,14,109.54,83.0,125.74
15316,20240601,15,179.98,178.04,161.44
15317,20230302,494,380.5,330.66,365.43
15318,20240725,348,233.48,219.29,204.3
15319,20230405,99,363.81,296.97,317.74
15320,20260530,253,436.82,422.67,417.12
15321,20260312,326,267.52,254.77,263.32
15322,20240105,398,70.82,55.82,72.59
15323,20241025,104,158.51,143.46,162.29
15324,20240716,435,227.4,219.14,194.39
15325,20251224,555,113.22,91.29,126.51
15326,20250528,384,52.49,46.39,52.11
15327,20230328,738,223.85,220.8,203.78
15328,20240622,81,274.94,261.8,263.62
15329,20241103,527,81.74,67.93,84.09
15330,20230429,237,339.45,321.81,299.53
15331,20230131,508,358.96,326.11,368.69
15332,20260513,448,28.11,21.41,30.68
15333,20230506,734,36.51,31.65,36.61
15334,20251209,370,263.18,213.76,250.63
15335,20240225,91,191.54,189.62,216.88
15336,20240303,356,128.43,97.82,118.41
15337,20240313,537,125.74,100.98,126.89
15338,20240312,521,260.98,220.14,297.05
15339,20231029,137,17.94,13.73,18.29
15340,20230919,775,193.35,190.55,196.65
15341,20240226,207,387.32,351.11,341.1
15342,20241127,690,128.51,118.63,147.67
15343,20260224,381,275.49,255.56,274.4
15344,20250524,257,153.43,131.37,130.54
15345,20230722,568,27.56,25.59,27.39
15346,20240809,337,284.78,259.42,320.24
15347,20240613,462,220.62,170.54,228.29
15348,20230612,200,245.23,212.75,251.78
15349,20250116,345,274.13,213.86,281.36
15350,20240910,472,30.87,29.96,31.7
15351,20240609,350,195.28,193.08,176.24
15352,20250606,66,232.57,213.94,210.42
15353,20240113,162,43.61,38.99,48.51
15354,20230602,236,380.33,328.5,377.62
15355,20240104,343,17.55,14.68,19.43
15356,20240204,135,41.31,36.2,43.72
15357,20250820,605,161.5,150.53,146.59
15358,20240924,316,244.0,225.52,232.87
15359,20231018,78,147.0,126.66,143.68
15360,20250105,216,336.54,287.64,304.28
15361,20240830,733,218.3,189.88,214.26
15362,20241210,765,31.01,23.89,30.0
15363,20250118,548,210.49,192.98,208.84
15364,20250926,177,72.58,71.66,61.85
15365,20260302,522,104.14,82.34,103.79
15366,20231122,798,130.63,107.98,136.26
15367,20240307,499,261.75,238.46,289.68
15368,20230705,561,223.15,196.17,231.14
15369,20240614,111,310.59,297.22,288.66
15370,20260210,385,85.79,82.73,76.54
15371,20251023,691,160.49,121.98,176.58
15372,20240827,732,90.88,69.15,95.23
15373,20240920,562,188.77,144.43,185.49
15374,20230129,346,279.84,258.84,305.11
15375,20240916,537,125.74,96.39,120.52
15376,20241231,18,49.16,49.04,48.18
15377,20240204,412,57.85,54.78,50.84
15378,20260120,495,21.23,19.1,23.1
15379,20230616,397,149.6,147.27,160.12
15380,20250101,561,223.15,202.91,192.34
15381,20250203,737,232.1,206.98,258.18
15382,20240520,621,238.21,228.62,233.1
15383,20260524,8,211.32,209.12,240.78
15384,20240320,638,35.51,28.66,35.71
15385,20250603,212,17.63,15.46,19.93
15386,20231028,646,202.52,198.73,231.63
15387,20251121,304,72.0,60.94,80.21
15388,20250624,216,336.54,278.74,363.9
15389,20251018,257,153.43,143.95,142.78
15390,20251028,258,30.13,25.51,32.31
15391,20230118,208,194.43,161.56,219.31
15392,20230503,388,209.17,194.75,225.66
15393,20241223,29,170.48,134.79,154.27
15394,20231115,390,259.85,204.32,249.66
15395,20241128,491,168.23,149.17,191.78
15396,20250821,577,292.69,265.34,278.98
15397,20260116,599,224.63,173.93,247.49
15398,20230310,522,104.14,88.49,102.34
15399,20231212,265,249.31,226.07,219.54
15400,20241012,150,107.86,95.36,107.57
15401,20230508,515,127.91,108.99,128.74
15402,20251030,119,333.87,297.42,289.25
15403,20240209,110,284.95,216.88,244.98
15404,20240822,242,171.67,154.02,174.54
15405,20240514,728,23.99,21.44,22.38
15406,20250519,416,128.68,101.88,123.46
15407,20251109,686,193.71,161.66,189.37
15408,20231029,740,239.3,225.34,255.05
15409,20250908,310,71.17,57.74,74.32
15410,20260520,307,130.54,108.47,147.41
15411,20230326,701,100.15,98.03,86.18
15412,20251010,64,238.84,180.82,268.39
15413,20240829,559,55.12,50.93,56.13
15414,20231209,667,106.93,89.24,92.36
15415,20240330,444,271.47,238.29,271.98
15416,20230901,756,394.25,366.19,428.17
15417,20230313,197,150.97,123.75,163.63
15418,20260317,344,107.89,102.83,99.03
15419,20230405,11,54.42,42.59,59.48
15420,20240327,75,117.53,104.67,113.46
15421,20241008,60,69.61,57.0,78.46
15422,20260405,455,34.92,27.3,37.27
15423,20260617,158,81.27,68.49,90.12
15424,20240330,520,361.69,330.45,365.08
15425,20260503,664,29.07,23.48,31.03
15426,20230204,64,238.84,223.99,206.8
15427,20260207,410,94.32,88.05,94.64
15428,20230503,351,348.89,321.2,391.61
15429,20240125,307,130.54,129.79,141.05
15430,20250809,387,66.08,57.68,74.94
15431,20260528,177,72.58,69.98,64.09
15432,20240406,593,348.5,332.25,316.09
15433,20250827,284,15.97,14.25,13.71
15434,20250212,552,211.79,160.03,205.06
15435,20230908,457,60.47,55.36,67.0
15436,20260430,427,416.06,321.81,474.07
15437,20260625,268,75.48,64.67,86.72
15438,20240830,772,272.89,262.05,290.08
15439,20230213,769,93.19,87.73,84.0
15440,20230531,767,29.98,29.64,26.48
15441,20240807,130,108.44,96.03,103.38
15442,20250215,121,298.82,237.34,327.68
15443,20241124,414,196.54,191.11,169.24
15444,20241010,197,150.97,113.67,142.68
15445,20260402,589,87.74,82.45,75.82
15446,20231221,388,209.17,182.33,234.01
15447,20230829,119,333.87,316.33,319.85
15448,20240615,8,211.32,161.41,191.2
15449,20260309,78,147.0,116.33,161.29
15450,20230720,512,65.44,53.58,70.68
15451,20231222,720,410.49,394.91,371.34
15452,20251030,185,138.24,112.91,129.65
15453,20250125,286,317.67,295.95,311.26
15454,20240328,169,80.84,65.58,78.69
15455,20241203,48,76.9,71.98,82.95
15456,20230604,752,83.54,82.67,94.16
15457,20230331,426,82.56,62.14,81.56
15458,20260429,56,266.02,256.15,283.76
15459,20240508,489,258.71,244.16,238.84
15460,20230701,336,366.26,308.27,361.12
15461,20240227,113,119.1,97.21,119.47
15462,20260110,246,289.83,259.27,265.43
15463,20250120,1,128.02,121.91,134.46
15464,20231008,668,120.7,105.31,114.21
15465,20250722,385,85.79,79.07,98.28
15466,20231005,62,427.35,398.83,374.83
15467,20250703,213,250.01,225.76,242.47
15468,20231207,669,256.27,230.43,268.87
15469,20250509,485,125.2,103.67,114.15
15470,20260623,493,91.44,78.15,91.65
15471,20231114,785,272.2,212.27,257.94
15472,20250713,601,17.49,13.48,15.85
15473,20250120,548,210.49,168.24,217.05
15474,20230816,15,179.98,175.09,170.31
15475,20231110,260,283.2,218.3,277.83
15476,20240508,678,133.31,128.4,118.3
15477,20230301,352,272.28,234.85,247.57
15478,20241106,266,259.97,211.73,256.43
15479,20260310,491,168.23,141.66,172.67
15480,20240316,17,231.2,229.12,199.68
15481,20240513,320,204.9,177.81,211.38
15482,20251215,638,35.51,26.72,38.18
15483,20241102,34,218.67,202.28,200.54
15484,20250210,522,104.14,93.68,95.49
15485,20230912,750,22.62,20.15,24.63
15486,20231108,121,298.82,247.46,288.42
15487,20260507,57,20.69,18.96,21.9
15488,20230213,79,253.18,231.27,237.43
15489,20250929,511,114.7,87.78,114.53
15490,20250728,547,393.46,363.45,405.25
15491,20240128,537,125.74,99.05,115.45
15492,20250510,137,17.94,16.25,16.98
15493,20240328,498,309.5,305.08,321.27
15494,20230926,602,85.13,67.27,93.39
15495,20250604,647,184.7,170.73,157.01
15496,20250425,17,231.2,197.37,252.35
15497,20231207,786,127.42,112.32,113.44
15498,20240925,346,279.84,241.26,291.7
15499,20240715,138,287.07,239.02,277.07
15500,20241228,430,96.92,79.75,94.66
15501,20250103,155,168.01,150.09,167.46
15502,20231115,173,352.79,291.92,337.01
15503,20250204,618,117.82,93.91,119.8
15504,20260309,6,195.36,182.19,207.38
15505,20240121,725,378.22,331.94,381.71
15506,20260413,341,53.82,42.12,61.68
15507,20250315,288,29.26,23.51,26.29
15508,20250805,186,192.02,180.74,186.52
15509,20260511,759,228.08,183.99,226.66
15510,20230517,609,249.15,213.05,266.42
15511,20250809,338,214.38,166.67,195.81
15512,20260331,772,272.89,245.54,257.39
15513,20250721,163,35.79,29.26,38.19
15514,20250423,399,52.27,51.91,45.94
15515,20240713,784,112.95,98.88,98.06
15516,20230104,410,94.32,93.0,99.87
15517,20251212,741,212.39,195.49,188.78
15518,20240510,404,249.7,210.77,260.0
15519,20231001,542,118.48,97.31,115.61
15520,20250926,519,54.14,50.41,57.47
15521,20230923,249,37.07,32.03,40.81
15522,20230527,315,296.21,236.09,326.29
15523,20230719,743,343.9,323.95,293.3
15524,20230406,553,68.99,62.95,67.42
15525,20241029,666,221.55,166.52,231.84
15526,20231014,158,81.27,71.45,71.14
15527,20251223,705,239.69,226.82,234.18
15528,20250330,127,264.28,238.8,301.52
15529,20260205,439,350.84,344.67,335.63
15530,20230808,336,366.26,280.0,414.13
15531,20241030,31,281.2,270.38,288.93
15532,20230926,579,241.27,193.85,265.53
15533,20240820,739,248.72,211.04,283.46
15534,20230404,67,220.55,214.62,203.57
15535,20230507,786,127.42,123.82,114.77
15536,20231117,479,253.27,244.08,246.68
15537,20260321,792,142.29,118.33,153.14
15538,20240113,759,228.08,179.3,261.96
15539,20230329,678,133.31,111.12,119.74
15540,20231113,652,164.75,161.61,151.93
15541,20260618,278,255.97,200.0,278.87
15542,20241225,163,35.79,34.74,33.82
15543,20230729,386,184.17,183.01,204.69
15544,20231117,240,48.56,43.01,47.94
15545,20250220,145,222.21,183.49,239.5
15546,20240403,366,384.91,322.58,390.31
15547,20260601,592,178.71,155.61,152.69
15548,20230717,715,170.39,141.52,191.69
15549,20230914,745,215.3,187.45,188.46
15550,20250222,498,309.5,295.35,295.69
15551,20230617,609,249.15,230.72,233.62
15552,20231012,12,262.97,255.0,297.89
15553,20260629,157,17.11,16.57,16.12
15554,20260118,694,65.85,55.47,73.34
15555,20251114,61,9.0,7.61,9.28
15556,20240407,184,305.93,265.94,337.44
15557,20230731,790,117.22,111.14,132.88
15558,20240913,164,412.46,398.58,405.58
15559,20230330,366,384.91,316.66,399.73
15560,20250404,122,193.32,148.54,166.06
15561,20231024,177,72.58,59.0,70.22
15562,20240121,193,171.68,167.44,183.15
15563,20240127,478,272.96,236.77,306.02
15564,20230510,737,232.1,186.02,253.83
15565,20230127,251,350.95,324.66,326.78
15566,20240405,48,76.9,69.9,74.45
15567,20230816,142,258.94,258.13,295.97
15568,20250206,308,277.35,244.33,247.37
15569,20250622,629,217.61,175.62,218.01
15570,20260323,110,284.95,259.75,265.77
15571,20250827,484,15.41,12.13,17.72
15572,20230616,459,41.78,32.21,43.15
15573,20230807,474,285.61,240.73,301.14
15574,20241201,116,34.36,32.46,37.02
15575,20260224,202,290.4,268.83,325.61
15576,20251119,706,136.94,106.24,131.6
15577,20240602,568,27.56,21.85,27.39
15578,20251203,599,224.63,186.19,220.91
15579,20230323,433,60.97,56.11,57.65
15580,20260403,607,181.88,180.67,187.42
15581,20230406,148,26.37,20.98,22.78
15582,20250105,313,145.22,124.8,157.03
15583,20231105,583,182.74,146.48,161.52
15584,20250516,677,101.31,100.48,92.9
15585,20260425,402,21.66,17.87,24.58
15586,20250125,548,210.49,187.11,236.51
15587,20241121,203,357.94,339.33,410.78
15588,20240405,355,151.19,118.56,143.22
15589,20240527,27,110.98,107.26,101.28
15590,20260614,673,423.99,360.38,422.81
15591,20231126,169,80.84,76.39,87.14
15592,20230311,275,34.97,34.7,31.7
15593,20240715,90,228.46,178.57,248.06
15594,20250808,523,151.65,123.15,154.95
15595,20231104,433,60.97,57.32,64.67
15596,20241120,7,169.43,130.93,158.45
15597,20240414,312,205.56,163.64,225.74
15598,20241118,212,17.63,13.96,17.9
15599,20250130,201,178.89,149.5,170.25
15600,20240223,506,49.38,41.6,49.43
15601,20230319,42,245.92,203.88,209.89
15602,20240111,462,220.62,208.69,246.98
15603,20230918,132,116.18,97.03,126.9
15604,20241102,575,196.28,186.29,173.98
15605,20231124,785,272.2,232.57,297.54
15606,20250712,188,276.5,237.28,251.48
15607,20241114,450,361.37,337.99,401.06
15608,20240208,227,292.62,225.58,254.12
15609,20250315,236,380.33,292.1,345.47
15610,20251123,464,223.36,209.26,252.85
15611,20240224,66,232.57,205.65,256.75
15612,20250216,415,83.9,82.92,92.35
15613,20240707,397,149.6,140.3,146.96
15614,20250205,274,185.35,153.41,158.23
15615,20241006,297,203.31,176.04,183.67
15616,20250707,304,72.0,56.62,72.94
15617,20230903,47,225.94,198.0,255.14
15618,20241017,729,357.03,321.97,328.59
15619,20231015,260,283.2,267.98,249.22
15620,20240910,118,410.38,330.41,405.25
15621,20260505,140,105.24,88.53,115.93
15622,20250528,266,259.97,198.71,269.11
15623,20251118,172,59.34,55.78,66.21
15624,20250216,730,218.37,211.15,200.76
15625,20250210,548,210.49,191.73,207.48
15626,20230709,517,325.99,252.32,326.84
15627,20250321,413,98.94,97.5,112.85
15628,20250305,714,29.93,27.01,28.46
15629,20250103,63,58.12,45.93,57.03
15630,20260507,382,50.92,50.39,54.38
15631,20250821,497,311.63,280.43,328.65
15632,20260429,174,208.41,197.15,190.85
15633,20240404,159,138.34,125.45,142.9
15634,20250102,557,165.04,130.65,187.4
15635,20241205,767,29.98,25.38,28.01
15636,20251019,413,98.94,92.22,91.21
15637,20240929,563,41.14,32.57,35.62
15638,20240812,421,82.54,77.8,76.44
15639,20240628,184,305.93,301.13,309.63
15640,20230325,559,55.12,45.34,53.31
15641,20230903,36,214.64,174.24,216.66
15642,20240524,777,116.51,106.79,108.8
15643,20231006,286,317.67,243.04,360.86
15644,20241204,101,321.61,292.54,325.97
15645,20240828,501,167.28,163.54,157.16
15646,20240112,106,80.14,66.97,69.21
15647,20230323,141,224.09,220.93,192.59
15648,20250121,396,167.37,157.22,169.81
15649,20230616,43,136.65,109.48,124.99
15650,20260109,52,21.14,17.37,21.95
15651,20240917,105,380.19,298.43,410.58
15652,20260524,535,170.95,156.74,148.49
15653,20231021,382,50.92,44.79,48.64
15654,20230102,617,100.85,98.29,96.9
15655,20231018,174,208.41,166.78,212.26
15656,20250921,45,269.74,213.57,297.32
15657,20241009,457,60.47,46.07,60.48
15658,20230424,67,220.55,167.85,246.08
15659,20230213,530,239.02,223.86,246.85
15660,20250508,760,321.52,313.91,289.65
15661,20260330,177,72.58,59.76,79.35
15662,20250127,111,310.59,308.42,289.02
15663,20230320,196,79.66,65.97,77.79
15664,20260426,565,40.62,37.47,38.11
15665,20241029,635,53.49,40.29,56.22
15666,20250607,204,137.31,106.56,132.08
15667,20251030,98,316.05,310.54,332.92
15668,20230812,333,315.8,299.82,330.45
15669,20230804,488,237.94,232.1,257.69
15670,20241208,108,24.49,19.64,26.72
15671,20260112,397,149.6,125.83,157.88
15672,20250112,734,36.51,31.83,35.65
15673,20250905,128,41.76,34.6,47.47
15674,20230705,655,70.94,54.75,68.21
15675,20260217,609,249.15,237.37,262.76
15676,20230708,2,108.79,108.29,108.56
15677,20260223,616,278.04,210.13,267.26
15678,20260223,506,49.38,39.91,54.19
15679,20250513,170,336.66,265.3,354.07
15680,20241113,364,58.02,55.3,64.25
15681,20240801,530,239.02,237.88,218.56
15682,20240922,373,240.17,189.8,248.65
15683,20260407,716,97.62,85.73,97.26
15684,20250527,666,221.55,169.89,226.13
15685,20231108,39,85.06,84.97,76.65
15686,20240109,723,392.9,322.48,377.37
15687,20240921,134,299.61,288.56,330.05
15688,20260328,791,228.37,184.48,237.8
15689,20251227,251,350.95,323.96,317.41
15690,20240705,131,24.54,24.11,21.98
15691,20251031,245,129.45,101.15,145.88
15692,20230601,62,427.35,365.23,430.46
15693,20230616,717,37.49,37.15,33.7
15694,20240615,186,192.02,158.2,216.71
15695,20230701,720,410.49,408.08,405.39
15696,20231222,127,264.28,208.25,266.23
15697,20260612,372,11.94,10.41,10.87
15698,20250528,82,299.58,251.38,321.75
15699,20240729,95,76.43,61.22,81.25
15700,20241229,10,52.67,46.67,50.29
15701,20230311,434,136.54,133.16,145.95
15702,20230227,527,81.74,64.82,80.34
15703,20260202,202,290.4,285.06,271.37
15704,20251115,751,98.86,89.72,104.71
15705,20241024,482,74.27,56.21,80.65
15706,20250107,139,382.89,356.87,422.33
15707,20250913,22,105.46,90.02,89.75
15708,20250227,709,35.68,28.01,35.07
15709,20230720,685,141.65,126.12,138.73
15710,20250524,605,161.5,155.81,181.55
15711,20260122,83,12.62,9.76,11.43
15712,20260328,726,274.85,227.85,237.42
15713,20250727,524,130.88,110.87,148.38
15714,20250731,207,387.32,355.55,356.02
15715,20240703,174,208.41,206.24,196.84
15716,20251027,133,157.64,152.42,141.53
15717,20230509,552,211.79,200.33,195.34
15718,20251106,559,55.12,43.52,62.08
15719,20240907,66,232.57,194.45,221.26
15720,20251119,551,39.75,31.21,41.26
15721,20250814,784,112.95,112.91,117.06
15722,20250222,386,184.17,179.53,194.08
15723,20240821,460,84.17,69.64,84.51
15724,20260427,15,179.98,152.84,179.92
15725,20240210,700,159.22,158.54,161.96
15726,20230624,182,161.43,141.09,148.19
15727,20250211,782,103.0,89.87,113.79
15728,20250311,486,204.27,174.0,185.6
15729,20260227,699,65.91,62.31,70.05
15730,20250517,353,230.0,187.39,224.55
15731,20260414,635,53.49,47.33,51.23
15732,20260325,710,52.14,46.19,55.32
15733,20240303,286,317.67,267.38,282.37
15734,20250726,346,279.84,252.71,287.13
15735,20230401,253,436.82,411.07,500.9
15736,20240115,238,232.61,213.07,266.81
15737,20241223,379,306.26,285.64,330.65
15738,20240626,148,26.37,20.56,26.28
15739,20250912,569,318.86,272.46,309.87
15740,20240216,743,343.9,279.68,381.8
15741,20260414,720,410.49,309.2,387.52
15742,20240330,397,149.6,125.48,149.75
15743,20230423,600,66.54,62.96,63.26
15744,20250604,98,316.05,301.3,286.91
15745,20260108,430,96.92,91.56,103.95
15746,20250518,603,228.34,171.76,234.65
15747,20230328,740,239.3,204.19,222.44
15748,20230929,96,204.85,182.87,191.5
15749,20230801,343,17.55,14.16,16.81
15750,20240609,704,18.97,17.0,18.59
15751,20230618,82,299.58,261.36,337.83
15752,20231108,691,160.49,133.13,148.89
15753,20251010,743,343.9,275.61,300.21
15754,20231012,428,389.44,324.96,362.32
15755,20230213,745,215.3,188.15,209.02
15756,20230828,472,30.87,24.87,29.77
15757,20260128,683,426.67,385.61,407.4
15758,20251210,652,164.75,156.06,172.84
15759,20250420,106,80.14,77.81,84.66
15760,20240404,613,46.15,40.49,42.53
15761,20230804,235,351.8,317.68,325.2
15762,20251124,691,160.49,142.86,143.96
15763,20260524,725,378.22,315.71,346.35
15764,20231221,153,89.99,71.95,89.13
15765,20240413,484,15.41,13.18,14.1
15766,20230711,379,306.26,300.82,266.07
15767,20251013,209,254.65,225.14,269.65
15768,20240506,685,141.65,114.81,146.23
15769,20231208,49,197.2,169.78,216.56
15770,20230816,762,278.35,226.36,272.52
15771,20250604,445,236.18,222.87,228.38
15772,20250830,492,101.28,78.42,94.31
15773,20230606,501,167.28,163.0,174.63
15774,20230802,639,208.98,164.82,193.87
15775,20241117,11,54.42,41.42,51.97
15776,20240722,124,11.28,9.15,9.97
15777,20230131,38,36.67,30.8,32.81
15778,20240302,652,164.75,149.76,188.0
15779,20260101,143,275.87,235.01,261.0
15780,20230807,697,203.47,167.04,206.63
15781,20260301,786,127.42,101.01,134.77
15782,20240522,301,241.8,198.87,232.22
15783,20240919,166,277.57,275.92,281.7
15784,20230724,660,11.42,9.78,10.46
15785,20240516,51,80.4,78.98,83.82
15786,20250516,399,52.27,44.21,57.94
15787,20231015,110,284.95,221.1,294.49
15788,20240506,623,190.11,174.13,198.19
15789,20260522,659,165.56,148.88,150.52
15790,20230728,376,268.5,210.59,257.23
15791,20231202,754,408.58,379.89,458.91
15792,20260322,779,134.97,112.66,146.95
15793,20250620,435,227.4,225.21,241.0
15794,20250202,147,53.98,46.04,48.74
15795,20260506,10,52.67,51.56,60.05
15796,20260129,153,89.99,68.92,97.82
15797,20230328,41,272.3,232.23,242.02
15798,20230908,86,11.99,9.16,10.67
15799,20230721,296,86.09,83.84,86.95
15800,20260105,598,111.7,105.41,108.87
15801,20250823,300,94.2,72.08,95.18
15802,20251016,34,218.67,187.61,236.81
15803,20230629,51,80.4,70.2,69.68
15804,20260630,379,306.26,249.72,307.52
15805,20250208,549,116.99,100.49,109.76
15806,20230804,393,22.43,20.02,20.77
15807,20241130,725,378.22,345.44,380.04
15808,20240212,39,85.06,67.79,92.26
15809,20260330,99,363.81,355.06,310.62
15810,20230809,290,323.07,267.07,329.02
15811,20230116,460,84.17,66.82,95.16
15812,20240102,50,253.67,223.78,259.06
15813,20251228,179,40.39,33.38,40.07
15814,20230705,537,125.74,103.09,113.97
15815,20260314,436,313.39,260.11,319.96
15816,20230920,568,27.56,27.03,28.7
15817,20240301,214,309.39,303.38,268.85
15818,20250919,304,72.0,62.09,63.56
15819,20231025,700,159.22,145.78,177.47
15820,20240828,51,80.4,65.6,84.47
15821,20260212,437,95.28,77.17,91.68
15822,20250110,191,330.51,277.43,378.81
15823,20240228,113,119.1,107.72,129.61
15824,20230801,284,15.97,12.14,13.6
15825,20260520,244,357.61,331.53,325.13
15826,20250217,431,27.19,20.91,24.91
15827,20230215,785,272.2,270.63,308.65
15828,20231204,383,55.74,43.04,48.64
15829,20230304,226,250.65,196.93,258.27
15830,20230902,543,164.16,150.04,168.34
15831,20250723,334,266.65,232.1,241.45
15832,20250818,242,171.67,131.51,171.6
15833,20241014,525,333.84,251.11,374.82
15834,20240801,680,272.43,248.86,308.63
15835,20250729,236,380.33,295.98,372.49
15836,20240210,664,29.07,24.36,29.09
15837,20250623,431,27.19,22.0,27.63
15838,20260106,482,74.27,58.15,74.99
15839,20250211,66,232.57,186.94,264.22
15840,20251220,731,425.46,421.34,431.93
15841,20250430,208,194.43,166.41,194.62
15842,20250107,222,199.12,152.77,206.1
15843,20240217,390,259.85,218.0,244.11
15844,20240402,512,65.44,56.95,59.85
15845,20240109,215,179.63,151.53,154.72
15846,20241021,215,179.63,172.68,175.47
15847,20230715,283,273.75,268.73,312.29
15848,20241223,15,179.98,164.27,192.62
15849,20240425,347,58.66,54.74,67.39
15850,20230713,770,92.3,81.18,91.84
15851,20250531,741,212.39,170.59,206.33
15852,20240202,200,245.23,224.98,244.65
15853,20260624,625,408.43,312.6,402.22
15854,20240525,526,17.69,17.37,19.81
15855,20250722,663,304.83,234.04,314.98
15856,20260523,370,263.18,216.19,284.03
15857,20231031,591,113.73,113.37,120.11
15858,20250917,214,309.39,298.89,329.38
15859,20260330,555,113.22,103.27,114.19
15860,20251008,542,118.48,115.64,128.78
15861,20251110,50,253.67,238.91,265.11
15862,20240817,490,84.06,81.53,85.19
15863,20240127,226,250.65,223.24,265.68
15864,20241013,158,81.27,72.36,85.56
15865,20250515,532,328.3,261.86,360.64
15866,20260319,261,212.23,195.02,231.61
15867,20250303,580,282.51,261.77,276.64
15868,20240730,364,58.02,57.18,51.68
15869,20251223,61,9.0,8.15,8.65
15870,20251130,140,105.24,95.77,107.56
15871,20240726,79,253.18,199.31,233.55
15872,20250701,442,36.82,29.31,41.69
15873,20251230,327,31.53,26.15,29.07
15874,20241101,63,58.12,45.23,52.25
15875,20260614,284,15.97,14.61,13.8
15876,20240315,699,65.91,50.13,59.34
15877,20250602,43,136.65,108.42,153.95
15878,20241016,173,352.79,316.55,372.45
15879,20250318,35,16.22,15.14,16.65
15880,20230618,357,34.05,30.57,35.45
15881,20260424,276,66.7,66.22,68.82
15882,20260123,93,61.41,54.78,60.09
15883,20240112,164,412.46,398.97,382.74
15884,20260213,242,171.67,146.85,160.49
15885,20230510,51,80.4,64.76,92.13
15886,20241228,667,106.93,89.84,122.34
15887,20250213,116,34.36,30.87,29.28
15888,20241004,503,318.02,270.79,288.19
15889,20240506,655,70.94,56.84,77.84
15890,20260603,733,218.3,171.9,192.81
15891,20241109,34,218.67,171.03,224.55
15892,20240430,573,146.12,123.92,145.02
15893,20260505,492,101.28,77.84,86.31
15894,20240417,133,157.64,128.19,160.02
15895,20250504,62,427.35,404.5,384.58
15896,20260305,585,163.26,126.18,177.45
15897,20230817,330,288.16,250.8,310.25
15898,20250924,646,202.52,198.18,203.61
15899,20260616,624,21.67,20.76,19.89
15900,20240327,239,177.69,167.23,180.32
15901,20250220,784,112.95,104.72,122.23
15902,20260630,712,117.99,115.9,105.08
15903,20240706,701,100.15,79.9,92.4
15904,20260106,455,34.92,33.42,33.15
15905,20250619,265,249.31,245.59,273.51
15906,20260111,458,116.37,93.41,122.69
15907,20250226,362,342.7,312.22,334.1
15908,20251115,126,119.25,95.85,121.94
15909,20230306,440,113.85,109.62,104.32
15910,20251202,323,221.18,217.2,248.06
15911,20240411,537,125.74,113.44,141.21
15912,20250905,786,127.42,115.12,109.48
15913,20250118,85,52.93,45.03,54.17
15914,20240418,642,93.63,84.44,93.02
15915,20240419,627,323.38,320.41,369.67
15916,20250505,236,380.33,356.32,404.52
15917,20230704,392,148.86,119.26,152.87
15918,20260605,209,254.65,239.83,260.07
15919,20240801,78,147.0,141.35,140.68
15920,20240717,90,228.46,200.44,235.75
15921,20240816,334,266.65,229.86,284.28
15922,20240520,761,403.08,357.19,435.21
15923,20230426,689,102.62,101.84,102.7
15924,20260420,59,71.61,57.01,79.86
15925,20250921,621,238.21,204.28,218.97
15926,20230824,231,190.39,173.3,198.55
15927,20230415,440,113.85,107.4,128.01
15928,20250507,381,275.49,209.76,271.55
15929,20251214,616,278.04,267.99,278.85
15930,20251130,193,171.68,162.59,187.61
15931,20260129,341,53.82,41.61,48.04
15932,20250210,278,255.97,213.76,225.83
15933,20241024,30,325.32,269.51,367.22
15934,20230419,610,31.94,29.86,29.64
15935,20260413,757,118.51,112.79,108.28
15936,20230729,698,103.34,78.51,105.4
15937,20251004,213,250.01,243.8,281.46
15938,20260114,230,55.79,42.81,47.57
15939,20250607,526,17.69,16.9,18.02
15940,20251122,11,54.42,41.12,62.2
15941,20240502,177,72.58,61.36,80.56
15942,20230111,431,27.19,23.81,23.22
15943,20240515,2,108.79,103.62,111.7
15944,20260103,384,52.49,51.51,55.78
15945,20260627,709,35.68,28.76,34.43
15946,20251210,557,165.04,138.05,141.84
15947,20260410,120,187.42,164.29,190.1
15948,20251224,173,352.79,301.74,327.39
15949,20231211,299,12.05,10.41,13.37
15950,20230908,445,236.18,211.56,255.57
15951,20240413,635,53.49,40.83,58.07
15952,20250115,243,30.66,27.01,26.72
15953,20260304,467,166.44,156.83,178.74
15954,20251105,454,323.6,317.78,321.75
15955,20241021,689,102.62,96.8,108.25
15956,20260106,421,82.54,72.11,78.03
15957,20230622,632,291.15,268.96,276.34
15958,20250927,718,216.02,215.87,236.42
15959,20260109,642,93.63,86.01,95.21
15960,20240728,511,114.7,92.93,118.54
15961,20230604,625,408.43,368.37,417.54
15962,20240907,127,264.28,231.65,230.33
15963,20250415,42,245.92,237.95,273.11
15964,20250115,764,38.17,34.95,39.37
15965,20230308,442,36.82,30.61,40.91
15966,20260616,34,218.67,170.07,235.4
15967,20230811,377,227.02,173.89,227.32
15968,20240525,266,259.97,212.06,293.8
15969,20250327,599,224.63,171.86,226.71
15970,20230101,532,328.3,282.43,370.51
15971,20240214,408,74.67,57.37,76.41
15972,20250607,286,317.67,250.7,315.49
15973,20230929,616,278.04,274.93,295.05
15974,20230114,441,334.72,260.52,292.83
15975,20250227,753,306.18,280.66,327.71
15976,20230111,507,266.28,225.12,288.34
15977,20230405,212,17.63,16.28,15.14
15978,20250405,67,220.55,195.85,229.67
15979,20240203,34,218.67,185.46,210.99
15980,20240408,334,266.65,217.88,283.41
15981,20230212,292,324.11,271.04,300.12
15982,20240327,571,319.71,243.79,335.76
15983,20250505,122,193.32,191.27,179.78
15984,20230718,524,130.88,100.25,117.52
15985,20241118,577,292.69,234.66,279.81
15986,20230708,278,255.97,211.37,269.72
15987,20240129,574,292.71,260.12,264.4
15988,20230902,369,98.11,82.47,112.03
15989,20251110,667,106.93,82.95,118.4
15990,20260117,86,11.99,9.35,10.66
15991,20260513,749,202.73,157.56,203.97
15992,20241027,488,237.94,191.63,210.78
15993,20240706,440,113.85,103.08,106.72
15994,20250216,313,145.22,131.09,128.64
15995,20251002,735,122.01,91.51,107.25
15996,20230823,142,258.94,232.06,296.81
15997,20250927,744,99.0,92.29,106.33
15998,20260106,354,235.99,225.52,211.29
15999,20260527,710,52.14,50.22,59.23
16000,20251019,196,79.66,76.42,68.8
16001,20260509,267,142.28,130.17,142.13
16002,20230421,101,321.61,276.56,302.24
16003,20240802,234,318.9,271.64,312.69
16004,20230115,368,122.52,112.32,125.34
16005,20241112,163,35.79,27.76,35.45
16006,20250916,427,416.06,354.09,377.43
16007,20260422,168,139.86,119.02,160.77
16008,20230425,749,202.73,173.87,220.2
16009,20231007,262,237.84,197.01,233.05
16010,20260430,356,128.43,111.35,120.21
16011,20230129,77,218.69,190.94,222.99
16012,20260217,4,279.54,263.1,294.53
16013,20241007,172,59.34,55.48,62.06
16014,20251114,14,109.54,93.25,101.6
16015,20251111,212,17.63,15.65,16.88
16016,20250128,21,279.33,220.82,239.19
16017,20250926,40,246.38,246.05,225.32
16018,20240307,195,225.23,219.28,236.95
16019,20230519,636,140.04,118.22,142.56
16020,20250207,203,357.94,330.55,307.81
16021,20250903,415,83.9,77.28,96.21
16022,20260612,792,142.29,137.29,149.56
16023,20250605,387,66.08,62.3,69.49
16024,20230306,53,274.33,206.39,266.48
16025,20240303,631,266.82,215.07,299.9
16026,20250303,214,309.39,296.43,324.97
16027,20260127,745,215.3,192.87,240.56
16028,20230605,398,70.82,68.35,75.99
16029,20241216,365,297.68,245.35,292.77
16030,20230421,691,160.49,157.85,139.13
16031,20230317,753,306.18,272.55,274.12
16032,20241202,787,222.59,172.56,192.55
16033,20250605,179,40.39,31.93,38.57
16034,20240909,229,168.69,163.08,159.71
16035,20241009,96,204.85,194.95,180.53
16036,20251112,619,96.72,80.46,107.74
16037,20230509,507,266.28,235.89,302.95
16038,20250220,13,97.85,83.68,102.29
16039,20240610,516,76.0,59.17,74.26
16040,20241023,20,54.98,49.41,59.23
16041,20231115,96,204.85,173.52,194.05
16042,20240917,347,58.66,58.52,57.6
16043,20241128,535,170.95,166.72,171.37
16044,20260417,109,374.56,283.62,414.07
16045,20240626,109,374.56,314.71,417.92
16046,20240319,780,78.04,71.66,87.25
16047,20251129,446,47.38,37.65,41.08
16048,20230701,255,317.46,241.64,321.86
16049,20231005,21,279.33,226.79,287.07
16050,20240330,2,108.79,97.31,99.87
16051,20231126,84,73.96,70.3,84.11
16052,20250428,95,76.43,62.23,77.26
16053,20260629,223,289.35,218.34,303.63
16054,20241129,299,12.05,9.57,11.06
16055,20240730,777,116.51,106.74,109.41
16056,20250703,589,87.74,72.01,97.61
16057,20250113,545,24.51,21.43,23.85
16058,20241230,604,104.98,96.66,107.7
16059,20251111,24,126.6,119.98,132.06
16060,20250802,84,73.96,63.81,68.57
16061,20240927,94,11.79,10.3,12.36
16062,20250319,702,260.54,232.17,233.3
16063,20241117,345,274.13,218.15,300.96
16064,20250913,191,330.51,289.53,284.34
16065,20241117,153,89.99,79.54,91.81
16066,20230708,206,36.22,36.09,35.65
16067,20240213,242,171.67,136.77,195.88
16068,20241008,406,176.64,163.36,166.35
16069,20240204,584,303.45,295.02,327.65
16070,20251009,777,116.51,112.57,109.61
16071,20230820,203,357.94,322.59,333.85
16072,20260315,745,215.3,173.48,184.73
16073,20240513,229,168.69,157.63,164.58
16074,20230219,619,96.72,81.1,107.41
16075,20240203,400,179.93,179.29,195.17
16076,20240912,466,314.66,267.8,293.92
16077,20260208,21,279.33,240.81,281.02
16078,20260103,416,128.68,97.6,136.83
16079,20240220,582,419.19,315.25,451.84
16080,20250524,482,74.27,67.0,73.01
16081,20240327,365,297.68,226.95,326.4
16082,20250605,115,258.32,203.32,243.18
16083,20231019,318,41.09,34.63,45.94
16084,20260428,343,17.55,13.56,17.6
16085,20260514,185,138.24,138.15,142.73
16086,20230917,578,330.25,271.39,356.67
16087,20250708,625,408.43,308.79,416.98
16088,20250329,477,253.44,244.3,253.02
16089,20240901,153,89.99,84.8,87.08
16090,20240202,455,34.92,27.81,32.06
16091,20230919,642,93.63,75.77,91.04
16092,20230730,700,159.22,138.35,167.15
16093,20230706,445,236.18,193.87,240.75
16094,20250529,306,267.41,249.78,245.65
16095,20230313,556,340.34,320.92,377.02
16096,20240627,742,222.66,192.2,193.76
16097,20230108,15,179.98,177.18,201.41
16098,20230626,51,80.4,76.86,74.47
16099,20260223,522,104.14,85.4,115.77
16100,20230417,528,365.56,350.42,404.65
16101,20231120,307,130.54,129.24,134.11
16102,20250916,128,41.76,37.43,36.54
16103,20250430,666,221.55,189.5,218.71
16104,20230318,514,340.45,265.85,344.95
16105,20240608,87,204.15,193.32,192.94
16106,20230512,290,323.07,292.12,292.5
16107,20241101,492,101.28,95.0,112.66
16108,20250327,266,259.97,239.12,240.89
16109,20230809,172,59.34,50.9,65.03
16110,20240906,43,136.65,123.33,148.62
16111,20240224,247,116.11,94.12,124.28
16112,20230929,193,171.68,137.1,175.17
16113,20250826,490,84.06,82.4,95.96
16114,20240911,332,121.61,115.07,119.85
16115,20230516,439,350.84,287.03,373.96
16116,20240821,256,108.27,88.83,99.13
16117,20240819,752,83.54,73.09,75.98
16118,20251204,793,136.99,121.34,117.85
16119,20230802,407,187.73,148.76,197.79
16120,20241224,316,244.0,232.87,237.64
16121,20230328,34,218.67,203.94,206.67
16122,20250501,622,97.19,89.58,92.26
16123,20230430,689,102.62,96.15,118.01
16124,20230809,749,202.73,197.92,220.13
16125,20241227,555,113.22,98.75,108.63
16126,20240308,166,277.57,214.12,252.55
16127,20240207,507,266.28,235.81,244.04
16128,20260119,19,252.36,203.25,229.4
16129,20260111,630,339.79,326.68,335.69
16130,20250711,327,31.53,28.58,31.13
16131,20231217,448,28.11,24.7,30.57
16132,20250407,26,359.21,277.58,393.94
16133,20230316,683,426.67,353.24,400.65
16134,20260508,561,223.15,188.11,222.6
16135,20240729,620,141.64,123.41,135.56
16136,20231030,235,351.8,302.56,330.9
16137,20240102,255,317.46,313.39,362.34
16138,20241218,633,57.66,56.78,63.51
16139,20231117,610,31.94,26.83,29.59
16140,20260315,547,393.46,326.13,348.84
16141,20251210,457,60.47,50.1,61.55
16142,20240924,42,245.92,187.6,241.85
16143,20260430,141,224.09,189.83,228.98
16144,20240906,454,323.6,296.41,299.73
16145,20240125,417,243.35,190.13,257.73
16146,20251031,290,323.07,300.97,355.37
16147,20240415,12,262.97,226.36,275.76
16148,20250209,592,178.71,178.28,154.67
16149,20240102,306,267.41,215.71,279.32
16150,20240508,418,235.9,222.81,208.05
16151,20260527,397,149.6,141.78,128.85
16152,20260321,345,274.13,254.1,235.4
16153,20231116,520,361.69,318.6,369.02
16154,20241217,468,354.29,276.6,362.06
16155,20260314,524,130.88,125.37,136.71
16156,20260426,397,149.6,128.85,149.35
16157,20260102,120,187.42,147.55,192.44
16158,20230405,316,244.0,205.32,242.51
16159,20231111,346,279.84,246.07,257.66
16160,20250823,361,218.41,169.47,223.1
16161,20240328,110,284.95,220.79,325.68
16162,20230118,655,70.94,66.79,75.63
16163,20250527,780,78.04,68.95,74.4
16164,20250531,64,238.84,219.7,238.27
16165,20230705,180,25.06,19.58,27.13
16166,20250718,42,245.92,205.16,242.69
16167,20250627,705,239.69,197.57,209.5
16168,20250913,301,241.8,194.24,247.29
16169,20230628,118,410.38,353.56,380.31
16170,20251107,638,35.51,35.2,31.73
16171,20230627,579,241.27,233.3,276.05
16172,20250312,313,145.22,137.8,160.3
16173,20260608,281,253.48,224.25,216.18
16174,20260104,340,256.97,248.25,268.4
16175,20230712,620,141.64,126.44,153.97
16176,20231227,392,148.86,131.76,160.68
16177,20260628,69,201.68,167.95,201.52
16178,20230512,208,194.43,179.42,196.03
16179,20240724,463,203.4,199.52,184.82
16180,20251225,330,288.16,218.68,260.54
16181,20231018,748,241.47,239.18,276.87
16182,20240321,791,228.37,224.3,257.19
16183,20240827,8,211.32,166.75,215.53
16184,20240715,77,218.69,177.3,207.45
16185,20230210,273,176.31,151.99,180.53
16186,20260518,273,176.31,132.7,189.9
16187,20241216,522,104.14,101.9,112.26
16188,20250309,711,89.35,74.48,97.71
16189,20230225,189,205.54,163.44,215.61
16190,20230320,61,9.0,7.75,9.52
16191,20240417,765,31.01,28.74,28.74
16192,20240202,75,117.53,110.33,117.99
16193,20230508,685,141.65,118.05,147.37
16194,20230714,305,183.32,164.41,203.91
16195,20240625,566,84.3,73.66,89.7
16196,20241214,105,380.19,330.48,419.87
16197,20231129,27,110.98,107.31,127.44
16198,20230131,609,249.15,215.65,263.87
16199,20241112,559,55.12,45.11,47.2
16200,20240502,317,251.02,239.46,242.93
16201,20250629,606,54.24,53.3,53.39
16202,20231231,169,80.84,69.18,76.31
16203,20230108,202,290.4,268.03,255.23
16204,20230628,513,255.23,202.42,230.37
16205,20230407,85,52.93,47.56,49.1
16206,20260608,341,53.82,48.01,59.1
16207,20260108,153,89.99,83.41,80.37
16208,20230429,113,119.1,107.79,123.26
16209,20251230,492,101.28,78.26,93.91
16210,20251203,558,241.4,228.46,271.06
16211,20251223,432,269.02,209.7,230.27
16212,20250819,463,203.4,157.97,211.41
16213,20260523,41,272.3,243.34,272.78
16214,20250222,602,85.13,67.19,97.77
16215,20230510,613,46.15,43.67,47.82
16216,20240128,167,236.05,211.36,204.32
16217,20250404,340,256.97,199.9,231.73
16218,20230723,556,340.34,304.63,345.11
16219,20240307,410,94.32,89.11,103.97
16220,20251126,289,53.05,46.58,53.34
16221,20250730,277,308.04,293.57,317.86
16222,20250908,163,35.79,27.27,37.34
16223,20251220,223,289.35,256.54,315.1
16224,20240203,754,408.58,351.12,378.53
16225,20230305,583,182.74,176.01,165.8
16226,20230906,400,179.93,137.4,179.49
16227,20241205,92,242.67,206.31,270.36
16228,20240301,241,311.53,274.87,327.77
16229,20260328,425,155.73,153.28,135.7
16230,20260428,325,223.83,175.53,237.36
16231,20260418,729,357.03,279.55,325.77
16232,20250507,396,167.37,125.86,186.12
16233,20230404,307,130.54,125.92,147.41
16234,20240108,66,232.57,186.7,250.63
16235,20240405,590,66.24,56.82,67.22
16236,20251230,140,105.24,80.58,90.92
16237,20250316,353,230.0,212.77,246.15
16238,20231108,726,274.85,262.16,256.77
16239,20250714,580,282.51,213.18,297.6
16240,20260215,243,30.66,29.37,32.37
16241,20240303,538,86.46,77.66,89.02
16242,20240307,128,41.76,40.15,36.88
16243,20250923,284,15.97,15.01,17.34
16244,20230110,715,170.39,148.51,162.48
16245,20240720,215,179.63,159.69,187.3
16246,20240426,257,153.43,150.32,167.01
16247,20260409,672,106.54,89.4,102.59
16248,20250527,706,136.94,131.14,155.09
16249,20250623,45,269.74,239.37,283.0
16250,20260522,241,311.53,302.76,308.5
16251,20250529,426,82.56,65.35,90.05
16252,20250102,174,208.41,181.41,190.23
16253,20230503,635,53.49,44.55,51.79
16254,20250731,73,219.47,190.63,200.54
16255,20240324,678,133.31,120.77,116.3
16256,20260411,727,29.93,26.35,28.61
16257,20250705,279,296.99,254.52,326.08
16258,20240317,545,24.51,18.41,23.9
16259,20260225,446,47.38,44.27,40.58
16260,20230823,203,357.94,336.31,378.66
16261,20240121,386,184.17,143.38,166.08
16262,20250204,602,85.13,73.46,81.66
16263,20251005,162,43.61,40.98,49.11
16264,20240512,478,272.96,216.57,271.95
16265,20230605,474,285.61,267.44,298.19
16266,20240106,265,249.31,213.97,259.84
16267,20250109,403,210.54,191.64,226.45
16268,20230203,554,59.83,46.05,66.68
16269,20260512,120,187.42,168.64,187.59
16270,20230101,485,125.2,112.81,108.62
16271,20250117,262,237.84,231.66,260.73
16272,20251219,209,254.65,253.36,251.33
16273,20250221,133,157.64,122.3,179.77
16274,20251012,200,245.23,214.69,267.02
16275,20250604,91,191.54,182.17,212.07
16276,20230205,241,311.53,307.14,285.69
16277,20230425,163,35.79,28.14,31.43
16278,20260128,628,117.7,115.99,100.13
16279,20251120,2,108.79,85.9,112.02
16280,20250314,444,271.47,247.77,308.3
16281,20240609,515,127.91,106.12,145.26
16282,20250405,231,190.39,188.28,187.58
16283,20230313,741,212.39,189.91,180.87
16284,20241214,735,122.01,112.36,133.64
16285,20251026,178,241.37,212.53,219.1
16286,20250420,462,220.62,183.01,220.53
16287,20241211,711,89.35,73.07,80.5
16288,20230518,67,220.55,217.98,197.37
16289,20240616,691,160.49,130.71,165.78
16290,20251007,368,122.52,119.25,132.14
16291,20251110,342,102.47,83.32,91.17
16292,20260405,530,239.02,187.44,216.92
16293,20250405,372,11.94,9.55,11.69
16294,20240816,561,223.15,180.6,245.92
16295,20231012,631,266.82,241.71,299.04
16296,20260622,39,85.06,75.41,97.04
16297,20230105,513,255.23,238.53,250.64
16298,20241026,699,65.91,63.91,61.9
16299,20230401,666,221.55,202.28,200.15
16300,20251007,239,177.69,175.9,187.18
16301,20240630,527,81.74,64.01,89.28
16302,20251218,412,57.85,50.31,59.22
16303,20230716,337,284.78,251.57,307.99
16304,20250402,39,85.06,65.74,84.05
16305,20250321,733,218.3,177.94,203.08
16306,20240511,789,412.97,395.91,444.02
16307,20260529,165,223.04,171.34,201.95
16308,20240208,509,90.19,74.65,89.13
16309,20241015,408,74.67,68.42,67.71
16310,20250726,37,408.21,323.82,402.42
16311,20250515,387,66.08,51.5,74.71
16312,20250708,512,65.44,63.65,57.23
16313,20231024,278,255.97,208.48,266.84
16314,20250808,129,285.77,254.24,245.62
16315,20230206,75,117.53,113.21,108.47
16316,20260113,328,77.81,59.27,70.79
16317,20250315,328,77.81,60.3,79.97
16318,20250306,377,227.02,217.86,212.84
16319,20241029,128,41.76,36.54,37.54
16320,20260330,43,136.65,105.36,124.32
16321,20250531,275,34.97,33.63,32.14
16322,20230912,235,351.8,299.96,394.73
16323,20241020,234,318.9,304.24,308.11
16324,20250818,21,279.33,260.41,272.03
16325,20230308,51,80.4,71.05,79.7
16326,20240218,330,288.16,261.43,252.82
16327,20250421,164,412.46,387.26,355.76
16328,20260209,664,29.07,24.01,33.0
16329,20250422,712,117.99,111.35,111.94
16330,20241102,421,82.54,69.67,77.24
16331,20230217,781,50.54,43.04,50.06
16332,20240626,702,260.54,238.64,231.72
16333,20230130,238,232.61,213.9,236.41
16334,20250914,238,232.61,220.17,231.61
16335,20240401,549,116.99,88.8,130.29
16336,20231215,526,17.69,16.11,19.48
16337,20240707,761,403.08,371.17,430.52
16338,20240816,172,59.34,45.64,58.53
16339,20250327,326,267.52,252.7,233.59
16340,20230106,631,266.82,263.77,253.05
16341,20230826,72,119.72,98.46,109.54
16342,20241212,723,392.9,376.47,442.54
16343,20250419,229,168.69,140.4,187.66
16344,20230119,25,50.32,39.93,51.3
16345,20240419,537,125.74,114.05,115.1
16346,20260506,233,146.82,115.37,153.11
16347,20260513,240,48.56,46.25,42.53
16348,20260520,793,136.99,110.22,123.82
16349,20230901,300,94.2,71.27,100.85
16350,20241225,59,71.61,55.36,79.78
16351,20230307,413,98.94,94.33,104.34
16352,20230928,141,224.09,207.3,248.64
16353,20240622,478,272.96,213.32,243.26
16354,20241219,115,258.32,200.07,288.71
16355,20230806,9,228.25,207.38,223.73
16356,20240315,770,92.3,91.41,88.66
16357,20250622,97,301.78,255.98,305.27
16358,20230422,66,232.57,230.7,211.03
16359,20260205,427,416.06,350.96,422.23
16360,20240802,361,218.41,200.14,225.4
16361,20240123,266,259.97,216.78,292.98
16362,20250802,189,205.54,196.14,196.52
16363,20241220,319,283.51,235.48,305.55
16364,20230406,82,299.58,243.54,336.19
16365,20241005,190,46.04,40.51,49.64
16366,20241119,726,274.85,217.76,279.95
16367,20231222,247,116.11,99.28,98.93
16368,20230324,548,210.49,158.0,205.15
16369,20250921,300,94.2,87.31,102.54
16370,20251016,537,125.74,111.49,120.47
16371,20260614,87,204.15,202.33,196.73
16372,20240208,745,215.3,204.2,240.57
16373,20260313,12,262.97,220.53,249.72
16374,20250211,387,66.08,59.22,56.57
16375,20230219,718,216.02,175.77,212.35
16376,20250611,512,65.44,49.31,67.4
16377,20230731,411,64.81,49.56,71.72
16378,20251207,793,136.99,118.24,156.33
16379,20230422,795,235.28,203.13,206.57
16380,20250307,521,260.98,258.88,236.09
16381,20231216,105,380.19,369.44,327.28
16382,20250914,507,266.28,240.09,247.74
16383,20250206,272,66.09,50.97,67.32
16384,20230424,754,408.58,327.04,383.01
16385,20260424,443,376.23,365.48,343.35
16386,20251020,733,218.3,178.89,212.17
16387,20260104,762,278.35,224.49,281.71
16388,20240706,375,46.16,41.9,46.59
16389,20240125,547,393.46,304.62,346.12
16390,20230204,574,292.71,247.73,272.82
16391,20241104,386,184.17,182.76,190.83
16392,20250617,526,17.69,14.36,16.98
16393,20240524,484,15.41,13.03,13.8
16394,20231016,424,164.94,132.0,170.17
16395,20260304,515,127.91,120.29,144.72
16396,20230705,438,40.99,32.43,35.13
16397,20230723,20,54.98,46.21,58.31
16398,20251108,773,48.89,45.79,47.48
16399,20230530,333,315.8,272.05,330.17
16400,20241107,77,218.69,184.57,250.81
16401,20240708,637,73.36,58.67,73.74
16402,20240901,766,210.17,174.87,225.17
16403,20240711,529,73.96,63.3,83.37
16404,20260429,730,218.37,174.15,218.52
16405,20230125,471,34.5,29.03,31.37
16406,20250415,553,68.99,54.45,78.06
16407,20250716,695,219.54,178.04,246.25
16408,20251012,446,47.38,46.29,53.41
16409,20241210,82,299.58,264.95,260.02
16410,20230523,260,283.2,270.91,285.06
16411,20230424,503,318.02,243.44,331.09
16412,20250917,680,272.43,260.14,252.51
16413,20230414,317,251.02,234.28,231.0
16414,20240120,18,49.16,40.67,49.62
16415,20260323,426,82.56,76.85,72.48
16416,20230320,155,168.01,133.23,164.2
16417,20260113,426,82.56,66.81,93.86
16418,20231129,200,245.23,219.69,261.72
16419,20250130,729,357.03,352.07,313.96
16420,20240920,80,237.98,223.16,228.51
16421,20250728,60,69.61,52.89,73.34
16422,20260508,716,97.62,74.28,107.18
16423,20240922,405,234.96,196.02,260.55
16424,20251030,266,259.97,233.91,282.47
16425,20260211,22,105.46,87.25,116.06
16426,20230619,145,222.21,217.09,253.09
16427,20241011,559,55.12,52.12,47.48
16428,20260118,721,249.16,210.8,221.69
16429,20231211,184,305.93,297.04,283.93
16430,20231119,206,36.22,27.6,38.5
16431,20241123,592,178.71,167.58,164.24
16432,20231115,278,255.97,207.31,257.18
16433,20230609,394,159.79,159.43,182.18
16434,20241023,728,23.99,20.32,26.72
16435,20240404,373,240.17,206.72,246.2
16436,20230316,270,147.92,142.51,163.11
16437,20230107,411,64.81,52.36,55.73
16438,20260226,479,253.27,244.61,275.05
16439,20250209,603,228.34,215.77,237.02
16440,20230211,540,329.69,321.01,307.7
16441,20250520,142,258.94,200.44,240.14
16442,20251005,180,25.06,19.5,28.21
16443,20241103,615,107.87,106.43,118.53
16444,20240413,102,258.72,212.24,254.14
16445,20240706,735,122.01,95.28,121.33
16446,20240521,770,92.3,79.57,94.44
16447,20230315,326,267.52,253.14,268.41
16448,20240419,168,139.86,117.91,150.25
16449,20230214,705,239.69,233.14,226.96
16450,20260130,316,244.0,227.49,227.82
16451,20230319,717,37.49,36.86,37.56
16452,20240810,251,350.95,296.54,342.05
16453,20240716,380,239.62,204.93,237.15
16454,20260301,296,86.09,74.64,94.57
16455,20230613,644,440.69,331.64,431.48
16456,20230425,104,158.51,140.1,150.93
16457,20230325,691,160.49,132.27,169.99
16458,20240510,646,202.52,164.42,201.55
16459,20250324,300,94.2,79.36,93.75
16460,20230309,68,17.84,16.02,18.2
16461,20240506,524,130.88,101.26,127.4
16462,20240718,689,102.62,98.18,113.07
16463,20241103,29,170.48,160.23,165.86
16464,20230628,534,111.77,106.21,113.58
16465,20260303,749,202.73,168.33,222.32
16466,20250808,610,31.94,24.03,30.43
16467,20230902,691,160.49,152.31,181.75
16468,20250620,340,256.97,240.16,231.69
16469,20230123,162,43.61,35.75,44.82
16470,20230531,783,254.01,190.62,273.55
16471,20260214,482,74.27,57.49,72.43
16472,20230602,186,192.02,188.65,165.0
16473,20240923,735,122.01,111.31,139.41
16474,20241229,245,129.45,125.89,135.85
16475,20250711,562,188.77,163.25,207.71
16476,20240629,727,29.93,23.66,32.43
16477,20240313,792,142.29,121.49,159.88
16478,20250814,279,296.99,223.83,339.59
16479,20250207,709,35.68,35.12,36.76
16480,20250314,425,155.73,116.99,152.65
16481,20250623,167,236.05,204.17,244.21
16482,20241205,107,92.43,85.45,96.76
16483,20231205,772,272.89,211.03,260.22
16484,20231128,505,143.55,111.42,124.93
16485,20260513,98,316.05,257.28,323.01
16486,20250609,351,348.89,337.5,301.45
16487,20240727,568,27.56,25.34,26.08
16488,20240818,402,21.66,17.42,19.68
16489,20260119,590,66.24,57.28,62.88
16490,20260102,456,219.24,189.75,226.03
16491,20260420,185,138.24,131.49,150.01
16492,20230720,256,108.27,88.25,108.26
16493,20230506,350,195.28,163.09,175.74
16494,20250830,546,65.36,63.65,61.26
16495,20231124,691,160.49,151.35,151.28
16496,20260524,324,210.25,196.6,238.39
16497,20260603,246,289.83,271.75,283.76
16498,20230728,774,100.34,81.96,112.81
16499,20230625,254,91.01,75.32,95.22
16500,20240317,701,100.15,95.21,113.9
16501,20240608,585,163.26,148.25,149.34
16502,20250711,433,60.97,46.53,57.83
16503,20240807,47,225.94,171.13,255.63
16504,20240521,786,127.42,115.66,121.64
16505,20230521,390,259.85,208.38,290.81
16506,20230104,415,83.9,65.64,88.81
16507,20250814,649,267.48,245.13,266.8
16508,20230724,776,93.65,73.58,95.62
16509,20240907,428,389.44,350.46,355.83
16510,20230311,757,118.51,99.11,135.53
16511,20231225,474,285.61,267.62,278.33
16512,20230818,261,212.23,207.17,200.36
16513,20231216,716,97.62,78.58,89.24
16514,20260414,223,289.35,257.19,256.28
16515,20250803,144,249.79,200.6,263.37
16516,20250117,214,309.39,267.68,333.14
16517,20231008,480,425.68,381.1,439.85
16518,20250216,145,222.21,191.97,246.6
16519,20240319,243,30.66,29.67,31.86
16520,20250724,97,301.78,258.55,324.4
16521,20250704,495,21.23,17.06,19.12
16522,20251222,667,106.93,84.61,93.55
16523,20231220,659,165.56,157.65,158.17
16524,20241010,296,86.09,80.65,97.36
16525,20240808,119,333.87,291.7,328.91
16526,20250409,578,330.25,324.8,292.92
16527,20240709,150,107.86,86.68,109.66
16528,20230329,325,223.83,223.49,212.6
16529,20260615,40,246.38,190.29,226.29
16530,20250808,652,164.75,136.57,160.36
16531,20230215,603,228.34,190.01,246.89
16532,20241009,293,423.76,370.14,476.91
16533,20241018,296,86.09,72.73,97.62
16534,20240516,434,136.54,127.1,144.71
16535,20250121,702,260.54,240.49,291.81
16536,20240216,395,380.39,370.38,425.64
16537,20240211,300,94.2,79.7,93.16
16538,20230408,411,64.81,62.72,57.48
16539,20240728,345,274.13,211.26,240.87
16540,20250930,549,116.99,111.14,117.6
16541,20230808,106,80.14,79.99,86.59
16542,20250621,455,34.92,28.04,32.69
16543,20231210,228,211.07,189.39,212.91
16544,20240417,432,269.02,231.51,258.07
16545,20250910,665,406.18,377.25,388.6
16546,20260126,513,255.23,192.65,222.77
16547,20240430,196,79.66,64.63,79.64
16548,20240710,611,119.6,114.89,125.85
16549,20251201,616,278.04,216.41,255.38
16550,20231106,355,151.19,117.06,136.87
16551,20230830,292,324.11,323.25,364.76
16552,20260220,139,382.89,314.2,361.38
16553,20260603,126,119.25,105.15,121.71
16554,20250416,232,283.79,267.73,318.85
16555,20230914,197,150.97,128.64,145.13
16556,20240419,105,380.19,313.45,385.5
16557,20230908,300,94.2,90.83,94.08
16558,20250919,207,387.32,304.85,400.91
16559,20260601,740,239.3,202.21,245.84
16560,20230330,715,170.39,153.02,150.62
16561,20250324,141,224.09,216.77,197.06
16562,20251102,39,85.06,70.86,74.75
16563,20260521,572,96.08,89.43,106.62
16564,20250503,652,164.75,147.18,168.64
16565,20230714,363,113.38,105.28,99.88
16566,20260607,745,215.3,206.19,186.14
16567,20250522,308,277.35,215.07,303.97
16568,20251214,617,100.85,85.68,86.13
16569,20231127,484,15.41,13.13,16.87
16570,20260204,549,116.99,114.16,130.86
16571,20240215,223,289.35,277.53,321.68
16572,20230420,150,107.86,92.02,105.09
16573,20250711,131,24.54,20.64,22.81
16574,20260124,337,284.78,231.99,280.42
16575,20240305,385,85.79,69.29,94.47
16576,20250616,189,205.54,179.71,216.56
16577,20250315,392,148.86,122.62,158.14
16578,20240409,577,292.69,247.51,279.62
16579,20250629,372,11.94,9.87,10.85
16580,20240215,413,98.94,77.49,93.58
16581,20240822,800,138.76,121.77,118.07
16582,20230923,707,225.72,198.44,256.94
16583,20230913,370,263.18,223.06,273.0
16584,20231117,784,112.95,99.83,101.65
16585,20240606,411,64.81,59.37,65.57
16586,20240331,254,91.01,78.71,83.23
16587,20250504,352,272.28,248.67,260.59
16588,20231007,58,31.75,30.81,30.83
16589,20251106,426,82.56,81.84,87.81
16590,20240728,535,170.95,160.71,153.71
16591,20230604,697,203.47,159.82,181.98
16592,20231009,353,230.0,225.73,243.76
16593,20260623,691,160.49,121.78,137.93
16594,20251215,253,436.82,346.06,438.22
16595,20230201,248,229.78,227.02,218.12
16596,20260610,480,425.68,365.65,450.61
16597,20260526,199,127.18,127.12,144.03
16598,20260519,212,17.63,15.63,16.09
16599,20260218,561,223.15,187.99,197.94
16600,20250314,389,13.99,11.19,12.67
16601,20240722,594,93.21,74.16,101.66
16602,20240606,731,425.46,338.1,470.92
16603,20241120,386,184.17,173.91,168.19
16604,20230927,99,363.81,295.24,373.52
16605,20230607,602,85.13,77.55,83.09
16606,20260423,243,30.66,26.57,28.86
16607,20240507,4,279.54,278.53,285.84
16608,20240513,109,374.56,344.8,340.62
16609,20260101,422,51.31,49.7,54.76
16610,20250813,675,310.72,279.43,307.09
16611,20250125,45,269.74,210.85,231.2
16612,20230212,105,380.19,366.74,389.73
16613,20230812,48,76.9,71.31,87.64
16614,20260513,128,41.76,34.3,44.37
16615,20230826,250,223.62,202.2,202.27
16616,20231226,103,169.4,139.31,146.17
16617,20240203,770,92.3,81.79,97.9
16618,20260129,366,384.91,330.47,349.33
16619,20230910,138,287.07,233.6,268.44
16620,20251221,481,267.97,260.9,283.68
16621,20241101,633,57.66,49.57,61.79
16622,20251020,249,37.07,36.49,40.51
16623,20240203,56,266.02,243.96,245.17
16624,20260217,354,235.99,219.64,214.57
16625,20250210,222,199.12,157.47,180.27
16626,20250506,784,112.95,93.55,99.77
16627,20260614,549,116.99,113.81,131.54
16628,20240623,13,97.85,95.81,101.71
16629,20240925,96,204.85,190.47,216.69
16630,20240316,622,97.19,76.48,84.31
16631,20250215,677,101.31,100.96,111.74
16632,20230914,384,52.49,51.51,48.32
16633,20240604,785,272.2,250.19,298.37
16634,20230819,565,40.62,35.59,46.52
16635,20241202,672,106.54,100.91,101.74
16636,20260610,60,69.61,69.54,65.58
16637,20250330,563,41.14,34.3,35.45
16638,20240928,533,169.61,150.06,172.83
16639,20230924,696,181.19,165.42,162.81
16640,20240706,522,104.14,85.14,113.98
16641,20250826,227,292.62,265.02,319.53
16642,20231205,38,36.67,30.18,37.38
16643,20231007,350,195.28,149.82,167.15
16644,20260427,176,155.18,150.98,178.24
16645,20250529,578,330.25,321.32,326.06
16646,20250805,299,12.05,9.06,10.73
16647,20240710,31,281.2,214.74,308.93
16648,20240606,765,31.01,26.69,32.91
16649,20250830,738,223.85,199.91,245.73
16650,20230919,132,116.18,112.26,131.66
16651,20231020,778,248.68,246.72,257.73
16652,20260502,558,241.4,188.53,272.7
16653,20260202,629,217.61,166.72,200.47
16654,20230818,305,183.32,165.18,173.43
16655,20250508,356,128.43,99.25,119.01
16656,20231122,318,41.09,33.72,35.98
16657,20230926,278,255.97,231.36,226.65
16658,20240506,770,92.3,82.78,99.78
16659,20230904,201,178.89,154.59,155.69
16660,20240109,124,11.28,9.39,10.14
16661,20240205,59,71.61,57.18,80.24
16662,20260605,194,314.56,240.88,278.25
16663,20250512,196,79.66,63.83,84.84
16664,20250405,122,193.32,171.07,168.5
16665,20250213,706,136.94,132.63,118.82
16666,20240624,60,69.61,66.81,77.9
16667,20250201,795,235.28,226.78,219.95
16668,20250701,339,147.7,114.01,162.03
16669,20231205,655,70.94,57.9,64.19
16670,20250630,547,393.46,295.37,366.49
16671,20240703,62,427.35,350.48,434.79
16672,20260326,789,412.97,401.67,389.39
16673,20230809,405,234.96,196.81,239.85
16674,20251021,617,100.85,78.45,97.97
16675,20240903,408,74.67,65.89,76.21
16676,20231105,707,225.72,197.74,232.35
16677,20231005,188,276.5,274.89,277.91
16678,20231213,162,43.61,43.19,38.4
16679,20250125,513,255.23,220.72,262.98
16680,20240724,190,46.04,36.59,45.51
16681,20240122,487,35.77,30.61,30.68
16682,20250129,751,98.86,88.26,85.77
16683,20240630,498,309.5,271.82,283.56
16684,20231126,450,361.37,299.88,320.48
16685,20240415,165,223.04,169.94,231.1
16686,20230309,258,30.13,25.52,33.69
16687,20230122,615,107.87,92.61,109.12
16688,20230802,756,394.25,313.13,399.95
16689,20240504,654,223.67,196.96,208.03
16690,20251109,631,266.82,245.23,305.94
16691,20250307,308,277.35,229.86,285.17
16692,20240203,98,316.05,296.78,330.38
16693,20260318,628,117.7,103.5,107.12
16694,20231110,296,86.09,82.74,79.43
16695,20250927,459,41.78,41.01,44.4
16696,20260102,375,46.16,45.0,48.68
16697,20250208,418,235.9,218.13,200.53
16698,20240420,522,104.14,93.18,103.34
16699,20240529,176,155.18,123.7,149.68
16700,20251121,29,170.48,135.72,156.92
16701,20230626,91,191.54,169.2,218.91
16702,20231215,502,358.64,270.82,393.13
16703,20260417,306,267.41,258.2,260.91
16704,20240618,229,168.69,128.05,184.83
16705,20250421,795,235.28,202.51,256.03
16706,20231015,37,408.21,375.9,385.41
16707,20230118,354,235.99,192.26,235.7
16708,20240828,360,146.23,144.79,126.93
16709,20240620,591,113.73,87.46,122.5
16710,20241231,571,319.71,281.05,295.97
16711,20251213,353,230.0,193.3,218.73
16712,20240610,719,73.37,61.79,63.55
16713,20240423,600,66.54,55.02,61.47
16714,20260319,11,54.42,46.45,49.75
16715,20250905,303,105.17,94.94,110.29
16716,20250106,378,260.57,238.68,240.91
16717,20240727,327,31.53,24.26,29.14
16718,20260426,640,151.16,115.4,144.02
16719,20241117,239,177.69,146.96,172.38
16720,20240812,457,60.47,57.51,57.97
16721,20240304,521,260.98,248.17,267.37
16722,20240708,712,117.99,108.67,120.67
16723,20230723,58,31.75,29.65,34.34
16724,20230621,385,85.79,69.55,78.62
16725,20250715,29,170.48,153.17,193.05
16726,20260212,470,186.23,157.34,160.41
16727,20250324,126,119.25,112.22,135.95
16728,20250723,702,260.54,247.85,286.22
16729,20251023,571,319.71,305.21,310.87
16730,20231112,592,178.71,141.96,160.76
16731,20230106,89,83.91,79.6,81.35
16732,20240619,525,333.84,309.43,328.04
16733,20241024,467,166.44,131.34,149.97
16734,20250518,153,89.99,81.91,91.83
16735,20251117,86,11.99,11.83,10.51
16736,20240430,209,254.65,246.54,280.06
16737,20230212,699,65.91,53.49,70.07
16738,20251212,341,53.82,41.68,60.82
16739,20260511,309,270.23,243.71,269.97
16740,20250121,557,165.04,127.33,156.34
16741,20250705,718,216.02,181.74,191.29
16742,20231030,372,11.94,10.69,11.98
16743,20231006,566,84.3,67.02,80.77
16744,20260220,226,250.65,209.97,259.29
16745,20260429,85,52.93,50.96,53.08
16746,20240806,612,244.74,213.71,248.97
16747,20250506,99,363.81,361.29,352.31
16748,20240117,658,277.36,222.09,253.95
16749,20230804,244,357.61,349.27,353.11
16750,20250521,99,363.81,274.9,339.68
16751,20230223,279,296.99,275.62,252.91
16752,20251003,73,219.47,171.28,208.2
16753,20250930,396,167.37,151.58,156.22
16754,20250128,469,161.37,123.11,141.14
16755,20230513,53,274.33,266.26,301.94
16756,20231130,166,277.57,250.32,317.42
16757,20260620,474,285.61,218.39,276.55
16758,20231031,516,76.0,58.07,71.24
16759,20231023,659,165.56,139.01,147.87
16760,20230214,402,21.66,20.37,21.8
16761,20230919,262,237.84,205.12,251.5
16762,20231110,390,259.85,236.64,262.55
16763,20230524,48,76.9,63.47,72.12
16764,20250221,788,168.35,126.48,153.45
16765,20230915,699,65.91,59.41,67.67
16766,20250522,279,296.99,276.22,285.71
16767,20240211,614,10.84,10.72,11.9
16768,20260504,579,241.27,201.23,236.08
16769,20250528,340,256.97,247.44,227.36
16770,20250416,124,11.28,9.48,11.61
16771,20250715,43,136.65,117.99,150.41
16772,20230619,784,112.95,111.36,124.43
16773,20231119,354,235.99,195.84,203.64
16774,20231229,2,108.79,85.41,122.71
16775,20241225,337,284.78,246.49,244.87
16776,20230227,330,288.16,220.25,289.44
16777,20240612,162,43.61,42.67,38.88
16778,20251228,556,340.34,297.59,382.96
16779,20250606,326,267.52,228.01,280.81
16780,20250223,561,223.15,186.54,231.6
16781,20251214,520,361.69,292.01,378.09
16782,20250808,301,241.8,194.83,232.73
16783,20240117,246,289.83,234.38,261.05
16784,20250507,310,71.17,61.18,64.39
16785,20250929,477,253.44,234.44,284.54
16786,20240830,295,217.29,190.01,244.04
16787,20230701,365,297.68,233.61,292.33
16788,20241210,323,221.18,208.98,215.67
16789,20231014,35,16.22,14.7,15.2
16790,20250122,48,76.9,66.81,84.26
16791,20250820,790,117.22,114.88,134.57
16792,20250616,237,339.45,264.31,309.21
16793,20240715,208,194.43,187.37,183.11
16794,20260225,38,36.67,29.99,37.03
16795,20251124,112,332.69,320.01,315.93
16796,20241224,35,16.22,13.52,16.09
16797,20251120,396,167.37,154.8,167.32
16798,20230726,182,161.43,160.98,164.58
16799,20250923,468,354.29,299.17,324.97
16800,20230224,353,230.0,197.18,258.14
16801,20250206,407,187.73,186.55,184.91
16802,20230707,673,423.99,390.32,369.39
16803,20250606,506,49.38,49.29,50.03
16804,20250802,279,296.99,285.2,338.07
16805,20250609,528,365.56,289.21,348.23
16806,20231031,93,61.41,49.13,60.01
16807,20240216,7,169.43,149.42,147.57
16808,20250624,663,304.83,300.53,297.58
16809,20250102,277,308.04,306.36,284.33
16810,20240513,696,181.19,156.9,197.61
16811,20260512,574,292.71,276.19,256.16
16812,20251226,381,275.49,262.08,302.82
16813,20250218,741,212.39,168.17,223.87
16814,20250308,188,276.5,256.9,299.48
16815,20240510,668,120.7,95.77,122.25
16816,20250407,204,137.31,105.64,124.15
16817,20231020,391,64.13,50.43,64.25
16818,20230504,484,15.41,13.8,14.89
16819,20231227,640,151.16,139.79,167.65
16820,20230528,184,305.93,263.93,289.13
16821,20230202,721,249.16,203.23,273.72
16822,20251206,47,225.94,196.66,216.65
16823,20240428,302,95.16,79.5,86.79
16824,20260101,670,228.6,218.82,213.28
16825,20260220,277,308.04,272.8,342.33
16826,20260121,5,163.2,143.9,159.92
16827,20230624,421,82.54,73.68,94.65
16828,20230512,630,339.79,294.99,384.72
16829,20260404,594,93.21,88.46,106.6
16830,20240229,513,255.23,240.3,257.26
16831,20260118,333,315.8,306.99,322.15
16832,20250428,318,41.09,30.9,38.95
16833,20230306,677,101.31,93.06,112.8
16834,20230414,257,153.43,118.85,148.91
16835,20240120,441,334.72,256.38,299.42
16836,20230902,482,74.27,73.0,69.95
16837,20240116,7,169.43,130.2,170.89
16838,20251102,314,241.0,214.86,244.48
16839,20241110,479,253.27,191.87,279.04
16840,20230205,700,159.22,150.85,174.85
16841,20250111,71,81.45,80.47,88.11
16842,20240806,470,186.23,176.33,162.84
16843,20231009,421,82.54,79.64,94.02
16844,20250123,369,98.11,85.77,90.49
16845,20231216,535,170.95,166.11,149.86
16846,20251130,427,416.06,374.81,411.77
16847,20250430,278,255.97,253.35,219.43
16848,20250317,792,142.29,127.61,137.12
16849,20230625,257,153.43,124.03,159.86
16850,20240505,484,15.41,12.91,16.03
16851,20241120,78,147.0,110.77,135.03
16852,20240528,436,313.39,295.22,336.57
16853,20230503,224,205.12,178.42,193.39
16854,20250219,422,51.31,39.12,45.34
16855,20240706,426,82.56,78.09,77.67
16856,20251105,428,389.44,377.31,440.41
16857,20250109,293,423.76,413.2,390.06
16858,20240601,497,311.63,238.28,291.12
16859,20230801,246,289.83,262.99,290.66
16860,20251109,172,59.34,52.59,52.2
16861,20230715,178,241.37,184.68,240.92
16862,20251101,446,47.38,46.34,54.14
16863,20240830,92,242.67,235.0,211.41
16864,20240320,4,279.54,245.39,320.5
16865,20231106,670,228.6,193.12,218.67
16866,20230113,331,284.71,224.23,246.51
16867,20231112,251,350.95,347.92,368.14
16868,20230813,73,219.47,200.1,218.54
16869,20231020,10,52.67,46.27,53.36
16870,20230603,486,204.27,185.41,232.05
16871,20230519,38,36.67,35.69,40.66
16872,20230305,710,52.14,50.2,59.28
16873,20240707,204,137.31,106.86,155.91
16874,20260322,164,412.46,384.75,458.61
16875,20230710,751,98.86,74.94,85.98
16876,20250311,529,73.96,66.04,73.27
16877,20240514,795,235.28,201.86,263.24
16878,20240511,492,101.28,92.9,108.99
16879,20230222,147,53.98,49.54,55.16
16880,20240809,612,244.74,210.85,269.0
16881,20250605,133,157.64,149.91,137.44
16882,20230531,261,212.23,160.68,182.5
16883,20250917,269,15.66,12.27,15.94
16884,20260413,743,343.9,266.17,352.73
16885,20251129,474,285.61,249.9,305.4
16886,20250807,320,204.9,184.49,224.66
16887,20250823,577,292.69,290.99,300.11
16888,20231009,482,74.27,72.39,84.89
16889,20250930,691,160.49,156.17,174.17
16890,20250920,8,211.32,183.7,235.6
16891,20240709,614,10.84,8.51,10.52
16892,20231122,270,147.92,145.36,149.23
16893,20260202,92,242.67,215.63,250.76
16894,20260124,798,130.63,113.99,140.44
16895,20240330,440,113.85,102.74,126.42
16896,20250520,224,205.12,171.26,232.9
16897,20240106,228,211.07,161.64,186.7
16898,20250208,237,339.45,255.66,382.19
16899,20230125,44,186.98,165.57,213.32
16900,20240614,727,29.93,26.75,25.69
16901,20241227,90,228.46,172.15,222.43
16902,20230505,315,296.21,291.52,321.69
16903,20250604,131,24.54,22.61,22.62
16904,20250321,164,412.46,371.1,384.81
16905,20241219,238,232.61,212.69,258.05
16906,20230610,691,160.49,134.68,165.06
16907,20230926,749,202.73,164.28,211.59
16908,20240320,746,393.87,370.05,386.09
16909,20260327,79,253.18,245.76,265.72
16910,20250220,267,142.28,133.94,142.85
16911,20240415,218,193.69,171.4,166.48
16912,20240626,433,60.97,60.42,57.04
16913,20250105,632,291.15,264.08,320.84
16914,20251111,624,21.67,20.15,21.61
16915,20251219,800,138.76,116.16,122.99
16916,20240128,440,113.85,111.23,113.76
16917,20230905,423,26.19,23.61,26.43
16918,20230501,78,147.0,121.9,139.55
16919,20250921,15,179.98,161.11,202.49
16920,20251114,650,142.56,139.65,134.64
16921,20240105,324,210.25,190.38,231.26
16922,20260107,788,168.35,164.01,192.83
16923,20230604,424,164.94,147.14,165.06
16924,20251107,593,348.5,282.98,377.41
16925,20240210,236,380.33,339.21,397.46
16926,20250102,14,109.54,94.54,95.57
16927,20260324,636,140.04,105.25,121.4
16928,20240803,84,73.96,57.39,63.28
16929,20260203,472,30.87,25.47,28.4
16930,20240301,401,188.97,155.33,187.84
16931,20231201,179,40.39,30.96,44.71
16932,20250702,540,329.69,296.17,363.27
16933,20251010,418,235.9,200.7,242.2
16934,20240610,782,103.0,79.94,101.48
16935,20260201,633,57.66,47.88,56.04
16936,20260320,572,96.08,94.06,92.52
16937,20240628,512,65.44,57.34,70.6
16938,20250525,343,17.55,14.58,17.96
16939,20250403,9,228.25,217.27,221.78
16940,20240129,472,30.87,30.33,30.52
16941,20240206,33,147.68,145.99,135.71
16942,20250801,605,161.5,160.05,137.69
16943,20250302,559,55.12,44.07,59.11
16944,20240521,495,21.23,18.19,18.46
16945,20251230,50,253.67,248.5,241.11
16946,20250109,779,134.97,128.82,122.93
16947,20260302,355,151.19,113.66,142.57
16948,20230317,133,157.64,147.65,134.09
16949,20250514,493,91.44,81.68,95.08
16950,20230314,264,10.22,9.04,10.55
16951,20230728,209,254.65,212.07,268.75
16952,20240311,319,283.51,237.69,325.37
16953,20250427,284,15.97,14.17,17.32
16954,20230318,390,259.85,222.37,286.81
16955,20240601,635,53.49,53.11,56.87
16956,20230509,573,146.12,121.02,145.14
16957,20251118,792,142.29,108.08,131.14
16958,20230301,167,236.05,182.79,261.39
16959,20231106,312,205.56,205.0,212.66
16960,20250113,105,380.19,290.39,384.38
16961,20240525,731,425.46,322.25,484.48
16962,20251208,279,296.99,277.44,301.12
16963,20230503,708,140.71,138.74,141.33
16964,20240107,357,34.05,31.43,30.53
16965,20260528,492,101.28,87.9,110.52
16966,20230309,663,304.83,288.7,332.93
16967,20240902,408,74.67,68.21,70.28
16968,20230609,16,121.92,116.43,121.48
16969,20251127,621,238.21,221.9,253.28
16970,20240706,370,263.18,251.03,246.99
16971,20260409,605,161.5,122.2,165.53
16972,20260116,375,46.16,34.98,49.85
16973,20241117,418,235.9,182.52,222.26
16974,20230113,54,133.2,123.99,141.74
16975,20250829,185,138.24,111.78,130.56
16976,20251209,768,253.35,224.68,240.01
16977,20230217,57,20.69,19.42,22.43
16978,20250404,396,167.37,131.92,162.1
16979,20230803,548,210.49,164.18,197.31
16980,20250203,271,181.82,155.87,167.51
16981,20241023,2,108.79,103.8,94.25
16982,20250710,310,71.17,57.4,67.06
16983,20260319,393,22.43,17.79,22.68
16984,20250216,104,158.51,147.36,160.23
16985,20230404,268,75.48,67.59,79.89
16986,20241126,604,104.98,94.34,101.41
16987,20231103,92,242.67,202.23,257.1
16988,20260319,423,26.19,25.7,28.69
16989,20240708,253,436.82,359.15,373.1
16990,20230430,365,297.68,242.66,268.19
16991,20250301,634,132.1,108.37,120.86
16992,20240818,534,111.77,95.17,113.44
16993,20240715,188,276.5,212.56,256.09
16994,20230422,539,287.91,258.89,323.46
16995,20230211,782,103.0,89.16,91.38
16996,20230208,320,204.9,156.94,191.59
16997,20250305,389,13.99,13.99,14.37
16998,20250403,224,205.12,175.84,230.29
16999,20240920,560,40.22,30.74,45.45
17000,20251202,135,41.31,32.54,43.24
17001,20260128,631,266.82,250.6,227.74
17002,20251003,139,382.89,358.89,385.39
17003,20231202,650,142.56,112.28,144.76
17004,20231119,792,142.29,141.44,134.39
17005,20230217,234,318.9,276.18,304.32
17006,20250406,45,269.74,233.72,245.75
17007,20230411,370,263.18,254.21,274.69
17008,20241012,672,106.54,89.35,96.46
17009,20240719,490,84.06,83.43,73.7
17010,20250201,757,118.51,111.03,134.93
17011,20251215,751,98.86,93.99,88.61
17012,20260621,123,122.98,99.08,115.39
17013,20250413,230,55.79,49.2,51.08
17014,20240528,531,18.72,15.14,20.39
17015,20250924,577,292.69,242.77,264.07
17016,20260315,333,315.8,304.51,279.45
17017,20231023,15,179.98,141.15,166.11
17018,20241231,784,112.95,94.03,118.73
17019,20260330,605,161.5,135.43,168.33
17020,20241110,43,136.65,135.38,118.61
17021,20230308,649,267.48,206.79,281.34
17022,20240810,49,197.2,195.6,193.7
17023,20251206,15,179.98,157.94,184.01
17024,20250718,594,93.21,85.43,106.14
17025,20250920,655,70.94,64.67,63.27
17026,20230519,670,228.6,222.16,194.81
17027,20251121,428,389.44,370.85,404.08
17028,20260404,776,93.65,71.68,99.4
17029,20240921,98,316.05,245.45,354.71
17030,20230514,514,340.45,319.75,353.45
17031,20250819,46,338.48,327.43,289.57
17032,20241119,231,190.39,177.15,173.91
17033,20240507,242,171.67,148.62,152.49
17034,20231102,537,125.74,94.77,139.11
17035,20260422,12,262.97,237.26,229.82
17036,20260601,785,272.2,262.45,298.58
17037,20240830,184,305.93,265.98,329.82
17038,20241022,695,219.54,192.45,220.66
17039,20251115,577,292.69,288.45,262.96
17040,20230430,557,165.04,132.85,142.78
17041,20230527,686,193.71,170.61,215.75
17042,20240207,209,254.65,242.96,262.48
17043,20230419,362,342.7,284.18,374.71
17044,20240122,328,77.81,61.52,79.95
17045,20240607,391,64.13,50.86,71.82
17046,20251106,448,28.11,25.96,26.96
17047,20230529,191,330.51,289.57,328.6
17048,20230918,346,279.84,266.86,298.76
17049,20231216,284,15.97,12.68,14.13
17050,20250711,42,245.92,209.01,272.2
17051,20240216,398,70.82,67.78,69.22
17052,20230627,250,223.62,211.06,253.5
17053,20231230,756,394.25,345.13,403.58
17054,20250519,93,61.41,49.86,63.47
17055,20250410,254,91.01,88.63,86.39
17056,20240301,151,452.82,410.17,438.25
17057,20231228,181,341.92,288.35,321.79
17058,20250606,2,108.79,94.0,104.81
17059,20230421,414,196.54,148.51,209.11
17060,20260218,351,348.89,328.52,372.37
17061,20240704,458,116.37,101.08,104.23
17062,20230208,354,235.99,211.39,239.88
17063,20260422,203,357.94,274.32,334.75
17064,20241227,410,94.32,85.7,85.67
17065,20260310,699,65.91,56.75,75.74
17066,20231128,343,17.55,13.97,18.82
17067,20241226,183,26.08,20.3,25.49
17068,20260508,306,267.41,236.45,289.89
17069,20250818,52,21.14,18.61,20.16
17070,20230708,129,285.77,263.89,319.48
17071,20250405,435,227.4,194.11,260.45
17072,20230419,188,276.5,224.9,273.5
17073,20230117,312,205.56,195.43,221.67
17074,20251029,784,112.95,110.93,99.49
17075,20240810,317,251.02,219.54,263.03
17076,20230401,190,46.04,44.35,40.59
17077,20260527,386,184.17,144.66,195.81
17078,20230515,96,204.85,163.23,203.41
17079,20251018,792,142.29,130.46,137.44
17080,20231027,168,139.86,135.92,127.43
17081,20230204,33,147.68,122.37,168.79
17082,20231113,742,222.66,170.36,238.97
17083,20241011,520,361.69,337.95,350.81
17084,20260622,230,55.79,52.43,51.35
17085,20250608,348,233.48,175.46,233.82
17086,20231113,329,269.12,241.43,248.26
17087,20250411,271,181.82,163.69,191.52
17088,20230621,267,142.28,118.63,126.19
17089,20250916,547,393.46,364.39,419.1
17090,20250406,109,374.56,369.98,329.57
17091,20240115,297,203.31,156.33,200.52
17092,20231206,749,202.73,159.08,176.27
17093,20230107,629,217.61,177.39,239.12
17094,20250227,623,190.11,170.69,211.98
17095,20231004,207,387.32,349.95,349.43
17096,20260501,22,105.46,85.77,118.68
17097,20230217,765,31.01,25.06,29.35
17098,20240410,448,28.11,24.18,26.2
17099,20260126,793,136.99,120.95,119.53
17100,20240928,343,17.55,17.13,19.67
17101,20250614,173,352.79,302.18,311.51
17102,20230626,478,272.96,256.52,280.59
17103,20241107,489,258.71,205.5,231.58
17104,20250130,751,98.86,84.6,89.61
17105,20230602,741,212.39,173.62,185.26
17106,20240711,392,148.86,114.21,147.6
17107,20240816,754,408.58,318.27,373.72
17108,20241116,132,116.18,107.91,133.11
17109,20250719,647,184.7,164.79,206.89
17110,20250715,24,126.6,123.94,134.85
17111,20230603,103,169.4,128.25,186.17
17112,20260610,235,351.8,344.47,400.94
17113,20241130,744,99.0,82.23,111.59
17114,20241026,109,374.56,339.8,421.52
17115,20250323,118,410.38,382.7,373.34
17116,20260424,533,169.61,127.25,176.31
17117,20260130,375,46.16,37.16,42.33
17118,20241223,507,266.28,265.64,246.58
17119,20251023,527,81.74,72.09,84.04
17120,20230912,333,315.8,244.56,315.68
17121,20230512,229,168.69,127.44,143.86
17122,20240528,116,34.36,29.64,33.72
17123,20230514,219,21.56,21.34,20.54
17124,20250418,141,224.09,180.65,222.66
17125,20240131,378,260.57,226.86,282.82
17126,20241018,792,142.29,112.66,149.76
17127,20251230,1,128.02,113.03,132.47
17128,20240217,714,29.93,24.76,27.24
17129,20231104,37,408.21,395.97,463.76
17130,20260530,356,128.43,98.71,143.78
17131,20230309,24,126.6,114.73,111.52
17132,20241130,690,128.51,105.49,140.15
17133,20250117,454,323.6,301.08,335.11
17134,20250920,684,145.2,119.95,154.56
17135,20260415,561,223.15,172.35,195.55
17136,20260502,662,142.93,123.87,162.45
17137,20231230,412,57.85,43.77,64.9
17138,20230729,751,98.86,80.72,108.46
17139,20260425,222,199.12,150.24,177.63
17140,20260304,274,185.35,179.98,188.22
17141,20250103,324,210.25,180.42,225.89
17142,20240228,215,179.63,166.7,175.71
17143,20251230,418,235.9,183.93,250.72
17144,20231012,787,222.59,203.68,214.3
17145,20250226,432,269.02,210.45,273.81
17146,20230818,166,277.57,272.71,308.47
17147,20230721,226,250.65,199.01,255.87
17148,20240325,369,98.11,96.45,96.16
17149,20240213,129,285.77,239.78,271.0
17150,20230926,236,380.33,340.21,354.64
17151,20260117,94,11.79,11.43,10.1
17152,20260430,180,25.06,19.28,25.18
17153,20231110,130,108.44,100.54,112.15
17154,20240628,141,224.09,204.01,217.72
17155,20231027,133,157.64,147.42,165.14
17156,20240622,565,40.62,32.07,45.48
17157,20250617,664,29.07,25.54,27.09
17158,20250718,57,20.69,17.17,19.97
17159,20230121,177,72.58,63.05,72.32
17160,20241226,157,17.11,17.03,16.29
17161,20241003,573,146.12,118.97,135.71
17162,20250612,122,193.32,153.61,192.99
17163,20260510,519,54.14,50.83,59.98
17164,20260321,500,394.62,377.22,354.61
17165,20250228,17,231.2,213.86,220.96
17166,20250318,406,176.64,165.38,166.9
17167,20231003,630,339.79,327.81,305.8
17168,20240731,530,239.02,193.69,216.62
17169,20240815,654,223.67,212.83,199.71
17170,20260311,165,223.04,172.87,243.49
17171,20250115,252,26.05,22.43,25.68
17172,20250705,178,241.37,226.13,249.65
17173,20230308,240,48.56,40.74,46.67
17174,20250825,97,301.78,239.11,326.91
17175,20241228,745,215.3,200.63,244.49
17176,20230722,308,277.35,225.64,248.96
17177,20240110,177,72.58,69.44,79.0
17178,20230417,514,340.45,260.38,377.66
17179,20250414,320,204.9,197.2,226.88
17180,20251214,534,111.77,85.59,105.07
17181,20240721,341,53.82,41.36,55.38
17182,20240601,798,130.63,108.01,118.72
17183,20230316,636,140.04,108.42,151.79
17184,20230707,636,140.04,133.12,150.97
17185,20250412,381,275.49,224.86,304.01
17186,20251027,258,30.13,27.09,32.12
17187,20240214,744,99.0,89.76,98.05
17188,20250519,164,412.46,411.79,381.78
17189,20241227,608,103.16,88.11,104.27
17190,20230111,647,184.7,167.13,162.68
17191,20260412,568,27.56,21.16,27.61
17192,20250419,300,94.2,93.73,90.48
17193,20250829,553,68.99,59.05,68.04
17194,20260516,764,38.17,33.92,39.95
17195,20251215,187,256.66,215.96,272.15
17196,20241130,74,140.18,123.27,139.37
17197,20250707,429,195.21,194.81,179.88
17198,20231028,520,361.69,311.61,375.6
17199,20250427,220,267.45,243.45,294.24
17200,20260328,495,21.23,16.05,23.34
17201,20260131,733,218.3,189.24,213.1
17202,20230409,787,222.59,193.56,238.46
17203,20251123,388,209.17,164.09,230.24
17204,20230116,396,167.37,128.89,153.05
17205,20251013,500,394.62,371.14,362.91
17206,20240821,543,164.16,162.19,152.2
17207,20231003,528,365.56,365.01,378.53
17208,20241015,705,239.69,195.66,246.62
17209,20240414,732,90.88,89.21,88.64
17210,20240721,469,161.37,145.68,183.3
17211,20240615,56,266.02,206.46,249.06
17212,20240306,632,291.15,237.31,255.17
17213,20240522,532,328.3,270.74,327.28
17214,20230217,532,328.3,273.21,350.42
17215,20240314,490,84.06,64.24,92.69
17216,20241008,146,188.03,170.41,174.35
17217,20251026,99,363.81,345.54,413.97
17218,20231016,370,263.18,243.24,275.49
17219,20240207,328,77.81,74.13,73.39
17220,20230920,440,113.85,99.59,119.19
17221,20230726,342,102.47,87.99,95.75
17222,20251101,78,147.0,141.45,157.7
17223,20230801,492,101.28,84.36,89.55
17224,20260607,91,191.54,182.29,198.43
17225,20241111,718,216.02,185.66,213.43
17226,20241109,800,138.76,113.54,152.26
17227,20260216,725,378.22,376.35,350.22
17228,20260604,605,161.5,128.21,156.39
17229,20241020,332,121.61,113.12,130.76
17230,20260310,295,217.29,185.75,190.67
17231,20240623,409,219.82,179.2,208.4
17232,20250520,218,193.69,160.0,192.36
17233,20230428,111,310.59,234.92,326.09
17234,20230602,315,296.21,262.98,274.59
17235,20230419,552,211.79,158.91,211.91
17236,20250807,456,219.24,189.31,209.85
17237,20240313,68,17.84,13.95,17.48
17238,20231225,479,253.27,199.82,287.28
17239,20251015,600,66.54,51.1,67.24
17240,20230226,716,97.62,84.26,93.64
17241,20240416,409,219.82,213.98,198.79
17242,20230107,594,93.21,70.77,104.23
17243,20250806,35,16.22,14.0,18.35
17244,20250526,745,215.3,174.99,220.71
17245,20231025,471,34.5,30.48,32.92
17246,20240427,128,41.76,35.06,39.48
17247,20241126,186,192.02,160.61,209.81
17248,20240306,609,249.15,229.51,215.28
17249,20260612,518,38.63,30.74,38.3
17250,20251228,638,35.51,34.26,31.49
17251,20250502,204,137.31,128.14,145.52
17252,20230604,527,81.74,66.29,74.79
17253,20250716,672,106.54,93.89,120.6
17254,20241029,175,303.57,262.57,287.55
17255,20241112,594,93.21,71.03,88.57
17256,20250625,609,249.15,236.29,230.61
17257,20230409,516,76.0,70.72,69.07
17258,20230119,675,310.72,243.32,314.83
17259,20231223,620,141.64,133.73,139.74
17260,20240928,530,239.02,206.26,205.82
17261,20231217,20,54.98,46.5,61.08
17262,20260416,240,48.56,41.03,54.94
17263,20241007,399,52.27,47.06,57.89
17264,20260324,572,96.08,82.24,103.99
17265,20250323,513,255.23,196.26,241.87
17266,20240820,402,21.66,17.06,21.9
17267,20230728,385,85.79,83.99,85.41
17268,20250115,743,343.9,341.39,380.22
17269,20260205,103,169.4,157.01,154.83
17270,20250821,664,29.07,28.77,32.69
17271,20260128,486,204.27,163.99,190.02
17272,20240310,542,118.48,89.81,105.84
17273,20240710,426,82.56,80.52,94.39
17274,20231205,577,292.69,289.65,257.04
17275,20260214,190,46.04,34.57,51.55
17276,20230711,264,10.22,9.58,10.67
17277,20240505,352,272.28,248.03,270.63
17278,20260604,488,237.94,205.01,256.9
17279,20250619,301,241.8,200.26,270.29
17280,20250815,165,223.04,187.04,190.55
17281,20240320,662,142.93,125.26,138.87
17282,20230322,174,208.41,179.23,219.57
17283,20230204,54,133.2,132.2,142.92
17284,20260223,566,84.3,73.18,91.17
17285,20240629,751,98.86,76.91,85.89
17286,20240228,49,197.2,174.33,191.85
17287,20240811,293,423.76,417.75,466.99
17288,20250609,107,92.43,71.34,101.43
17289,20250915,568,27.56,23.31,23.87
17290,20260414,589,87.74,85.88,87.19
17291,20230410,126,119.25,108.09,125.3
17292,20240406,129,285.77,248.44,326.08
17293,20241129,107,92.43,86.86,81.77
17294,20250424,653,210.05,207.93,214.7
17295,20240606,108,24.49,20.1,26.28
17296,20240723,128,41.76,40.49,47.65
17297,20230709,255,317.46,304.35,313.4
17298,20251022,499,261.75,234.41,292.68
17299,20231025,19,252.36,189.31,278.62
17300,20250329,133,157.64,140.9,152.69
17301,20230201,237,339.45,304.4,334.73
17302,20240117,140,105.24,98.47,90.73
17303,20251026,246,289.83,254.24,303.19
17304,20241206,748,241.47,182.99,244.74
17305,20241208,47,225.94,184.5,245.85
17306,20231204,585,163.26,133.96,181.79
17307,20230501,302,95.16,82.65,83.98
17308,20230614,320,204.9,163.58,185.17
17309,20251002,439,350.84,303.07,335.79
17310,20240628,120,187.42,170.84,163.58
17311,20240910,766,210.17,189.1,198.09
17312,20241218,274,185.35,162.42,206.3
17313,20240801,255,317.46,281.59,315.7
17314,20251220,425,155.73,148.25,150.47
17315,20240509,53,274.33,256.87,273.72
17316,20240430,525,333.84,318.99,332.94
17317,20230916,690,128.51,120.26,136.18
17318,20231108,69,201.68,196.4,196.64
17319,20240826,787,222.59,185.74,200.34
17320,20250319,683,426.67,409.34,427.79
17321,20240601,516,76.0,68.42,70.74
17322,20250810,690,128.51,101.66,123.68
17323,20230619,333,315.8,277.21,357.35
17324,20250928,403,210.54,189.48,180.32
17325,20240229,627,323.38,313.38,299.19
17326,20260221,331,284.71,226.63,291.27
17327,20241103,460,84.17,65.44,73.8
17328,20230918,135,41.31,40.67,45.82
17329,20250904,61,9.0,8.7,9.44
17330,20260530,416,128.68,115.99,143.98
17331,20241208,345,274.13,214.13,242.08
17332,20230208,135,41.31,33.43,37.34
17333,20250413,432,269.02,221.79,233.34
17334,20241214,427,416.06,372.06,459.71
17335,20241217,51,80.4,76.24,87.91
17336,20250324,538,86.46,68.33,87.49
17337,20260430,795,235.28,177.71,221.02
17338,20230430,498,309.5,259.25,265.67
17339,20250103,748,241.47,237.42,275.67
17340,20240918,154,257.41,245.53,292.69
17341,20251124,753,306.18,247.81,328.68
17342,20230122,233,146.82,120.89,162.64
17343,20230306,486,204.27,166.44,229.33
17344,20250330,96,204.85,154.97,226.63
17345,20250924,111,310.59,283.64,332.74
17346,20230717,627,323.38,265.91,294.1
17347,20230315,690,128.51,110.69,144.34
17348,20260329,249,37.07,36.28,32.63
17349,20250823,476,235.18,178.89,236.75
17350,20240808,384,52.49,51.96,57.07
17351,20260504,663,304.83,243.0,306.16
17352,20240207,592,178.71,170.66,160.53
17353,20260310,251,350.95,291.0,324.95
17354,20230516,95,76.43,61.59,69.68
17355,20250207,75,117.53,89.02,133.79
17356,20240521,159,138.34,113.94,157.38
17357,20251125,485,125.2,124.25,132.77
17358,20241124,493,91.44,74.36,83.94
17359,20240120,627,323.38,287.8,292.22
17360,20230414,35,16.22,13.5,18.59
17361,20240318,712,117.99,112.68,111.36
17362,20230625,258,30.13,24.94,31.33
17363,20250823,663,304.83,289.68,282.55
17364,20251021,268,75.48,71.1,85.47
17365,20240720,334,266.65,219.03,250.1
17366,20230908,421,82.54,78.89,87.56
17367,20251203,209,254.65,222.74,238.15
17368,20231015,224,205.12,154.55,193.42
17369,20240111,591,113.73,87.82,97.69
17370,20250806,36,214.64,189.39,227.12
17371,20260611,622,97.19,95.87,85.83
17372,20240830,443,376.23,325.36,326.27
17373,20250408,683,426.67,404.63,423.64
17374,20251026,220,267.45,225.46,288.46
17375,20250308,710,52.14,45.69,52.56
17376,20260414,489,258.71,249.6,280.51
17377,20240823,506,49.38,48.78,46.69
17378,20230827,376,268.5,216.67,240.74
17379,20250422,62,427.35,398.27,442.75
17380,20250130,316,244.0,197.13,240.14
17381,20251125,256,108.27,95.69,114.66
17382,20260422,642,93.63,72.79,85.58
17383,20230402,562,188.77,172.6,180.79
17384,20230308,697,203.47,193.43,198.32
17385,20230316,639,208.98,197.68,185.37
17386,20240419,651,68.28,63.63,59.58
17387,20240830,45,269.74,216.81,235.7
17388,20250127,534,111.77,85.07,116.28
17389,20231015,427,416.06,362.83,359.89
17390,20240718,639,208.98,202.46,197.29
17391,20240308,47,225.94,205.58,225.28
17392,20231209,798,130.63,123.2,149.04
17393,20260225,257,153.43,134.79,161.0
17394,20230712,7,169.43,146.68,168.18
17395,20250523,433,60.97,46.76,54.43
17396,20240218,490,84.06,80.96,81.78
17397,20250209,180,25.06,22.65,24.62
17398,20230817,87,204.15,195.06,214.85
17399,20231128,261,212.23,173.87,239.0
17400,20241114,591,113.73,111.78,128.46
17401,20230901,498,309.5,265.34,354.28
17402,20240117,660,11.42,11.41,12.93
17403,20251007,147,53.98,51.49,52.04
17404,20250616,234,318.9,259.55,356.35
17405,20241205,314,241.0,213.63,263.62
17406,20240726,131,24.54,18.52,23.93
17407,20230907,263,87.43,82.28,98.14
17408,20250103,758,348.5,308.9,369.8
17409,20241007,285,204.89,188.76,192.29
17410,20230901,459,41.78,38.45,41.68
17411,20250505,556,340.34,318.42,292.47
17412,20231201,638,35.51,31.62,39.28
17413,20240225,462,220.62,202.16,241.8
17414,20231113,127,264.28,219.05,261.99
17415,20250703,334,266.65,218.48,269.1
17416,20240811,479,253.27,206.6,290.22
17417,20231105,75,117.53,89.12,123.24
17418,20241219,581,46.45,35.78,46.33
17419,20231024,574,292.71,262.14,294.57
17420,20250328,90,228.46,204.97,199.24
17421,20240411,215,179.63,146.89,155.1
17422,20241228,109,374.56,339.28,370.55
17423,20230730,670,228.6,205.51,213.4
17424,20240708,218,193.69,147.56,191.3
17425,20231207,558,241.4,200.21,224.69
17426,20241102,6,195.36,182.64,167.9
17427,20240823,315,296.21,273.57,279.08
17428,20230917,275,34.97,34.94,33.89
17429,20240104,177,72.58,70.2,75.73
17430,20231023,352,272.28,251.55,284.75
17431,20230406,393,22.43,16.98,25.51
17432,20231009,537,125.74,115.4,143.02
17433,20230101,299,12.05,9.44,11.53
17434,20230426,47,225.94,186.38,246.5
17435,20240113,134,299.61,285.11,327.86
17436,20231115,798,130.63,122.06,116.08
17437,20230709,390,259.85,205.11,259.41
17438,20230615,353,230.0,201.85,212.54
17439,20260328,196,79.66,69.72,72.51
17440,20230222,419,199.26,189.9,217.2
17441,20250224,497,311.63,264.0,282.16
17442,20260128,696,181.19,155.32,190.36
17443,20231018,51,80.4,68.02,88.23
17444,20240120,463,203.4,193.97,218.08
17445,20250317,757,118.51,111.75,122.57
17446,20260627,369,98.11,96.79,97.87
17447,20240927,218,193.69,146.96,211.8
17448,20240904,715,170.39,136.92,148.3
17449,20230312,86,11.99,11.23,11.85
17450,20260416,285,204.89,178.47,210.61
17451,20240607,200,245.23,240.11,209.19
17452,20251030,232,283.79,243.93,323.64
17453,20230129,792,142.29,120.77,154.6
17454,20230805,145,222.21,168.65,232.76
17455,20250524,179,40.39,36.69,35.47
17456,20230618,226,250.65,231.83,249.1
17457,20240703,732,90.88,72.76,98.71
17458,20260430,346,279.84,216.84,316.01
17459,20231116,640,151.16,128.65,141.01
17460,20251215,525,333.84,330.01,374.95
17461,20260618,244,357.61,301.23,346.24
17462,20241116,23,213.42,190.41,211.35
17463,20250812,109,374.56,289.0,387.83
17464,20250301,669,256.27,231.3,237.37
17465,20230501,579,241.27,210.08,214.97
17466,20240104,197,150.97,136.46,173.24
17467,20250630,235,351.8,347.61,392.71
17468,20240110,518,38.63,31.11,34.2
17469,20260619,214,309.39,240.77,300.88
17470,20250717,102,258.72,232.27,256.89
17471,20230813,206,36.22,30.54,32.26
17472,20260503,376,268.5,243.21,304.07
17473,20230620,250,223.62,208.87,205.32
17474,20230419,437,95.28,79.71,90.38
17475,20260520,731,425.46,323.31,476.52
17476,20250920,224,205.12,163.56,228.54
17477,20251226,590,66.24,58.13,70.6
17478,20260128,11,54.42,50.99,62.03
17479,20251231,571,319.71,252.35,316.92
17480,20250612,90,228.46,189.95,203.87
17481,20250608,603,228.34,188.58,256.59
17482,20230614,159,138.34,104.13,151.55
17483,20231009,254,91.01,71.19,103.2
17484,20260303,476,235.18,188.32,243.81
17485,20250522,497,311.63,298.0,340.95
17486,20251229,93,61.41,56.36,67.65
17487,20250718,223,289.35,252.21,278.38
17488,20251213,332,121.61,100.17,110.9
17489,20260406,623,190.11,159.06,174.58
17490,20250407,756,394.25,382.92,340.14
17491,20241113,583,182.74,158.34,183.53
17492,20231206,415,83.9,67.28,73.11
17493,20250213,75,117.53,109.99,101.24
17494,20240904,83,12.62,10.26,11.15
17495,20231211,123,122.98,117.42,127.11
17496,20230413,410,94.32,74.82,85.38
17497,20251006,546,65.36,57.26,70.27
17498,20231025,196,79.66,61.01,69.31
17499,20231209,144,249.79,196.35,217.75
17500,20230720,352,272.28,266.15,277.1
17501,20250411,154,257.41,196.57,222.25
17502,20250621,132,116.18,89.9,100.05
17503,20240831,352,272.28,250.25,297.15
17504,20251112,215,179.63,177.73,186.39
17505,20240202,591,113.73,94.95,108.15
17506,20250311,271,181.82,143.23,163.02
17507,20230530,568,27.56,22.99,30.42
17508,20250716,92,242.67,232.86,264.43
17509,20241230,181,341.92,264.49,378.2
17510,20230623,235,351.8,320.55,342.58
17511,20240504,472,30.87,29.79,26.52
17512,20231102,7,169.43,153.59,160.3
17513,20240327,354,235.99,205.98,261.16
17514,20240613,407,187.73,174.73,205.98
17515,20231207,99,363.81,348.31,380.38
17516,20230428,169,80.84,78.48,76.73
17517,20231122,691,160.49,122.85,162.32
17518,20260303,746,393.87,326.12,431.59
17519,20230730,161,202.52,167.36,185.57
17520,20241106,393,22.43,22.36,20.57
17521,20250115,514,340.45,322.37,372.23
17522,20250722,164,412.46,339.3,401.8
17523,20230415,284,15.97,12.54,16.33
17524,20250421,660,11.42,10.47,9.97
17525,20241226,94,11.79,11.54,12.08
17526,20230719,699,65.91,64.55,57.9
17527,20240424,239,177.69,176.11,200.96
17528,20250108,176,155.18,153.74,151.92
17529,20231207,562,188.77,171.62,178.21
17530,20260519,246,289.83,266.71,270.11
17531,20231031,84,73.96,57.34,64.45
17532,20231117,286,317.67,287.1,326.86
17533,20260404,780,78.04,71.7,79.6
17534,20230224,14,109.54,86.97,115.93
17535,20230823,224,205.12,170.44,207.58
17536,20241225,497,311.63,281.27,270.61
17537,20230524,427,416.06,312.64,429.5
17538,20251107,488,237.94,234.34,206.17
17539,20240624,495,21.23,17.59,18.09
17540,20230110,770,92.3,69.98,96.0
17541,20230402,51,80.4,66.63,71.23
17542,20230908,508,358.96,355.47,333.82
17543,20250409,436,313.39,250.23,317.52
17544,20260419,545,24.51,18.99,28.03
17545,20230104,479,253.27,228.38,250.61
17546,20250712,629,217.61,208.86,220.35
17547,20230827,389,13.99,13.37,11.92
17548,20250729,680,272.43,224.46,262.13
17549,20250826,533,169.61,149.7,170.36
17550,20230422,480,425.68,332.61,453.46
17551,20250425,262,237.84,197.8,258.22
17552,20231101,164,412.46,402.58,455.62
17553,20241107,511,114.7,113.19,123.26
17554,20230726,215,179.63,164.39,153.96
17555,20240115,435,227.4,186.31,252.3
17556,20250617,572,96.08,73.76,98.05
17557,20250516,620,141.64,130.98,146.86
17558,20260513,517,325.99,306.25,287.36
17559,20250716,564,142.88,142.54,159.66
17560,20250409,384,52.49,44.56,59.33
17561,20230606,342,102.47,99.81,95.1
17562,20260111,710,52.14,49.37,53.6
17563,20260327,546,65.36,53.21,57.63
17564,20251018,126,119.25,96.95,134.72
17565,20250928,655,70.94,70.66,67.67
17566,20250612,598,111.7,109.25,101.4
17567,20241120,223,289.35,273.36,321.2
17568,20260623,606,54.24,47.76,49.9
17569,20241227,491,168.23,141.27,183.71
17570,20250517,622,97.19,96.76,96.13
17571,20260614,554,59.83,52.27,58.3
17572,20240117,416,128.68,118.15,127.22
17573,20250816,393,22.43,18.49,23.37
17574,20240102,582,419.19,373.45,449.61
17575,20231109,414,196.54,175.57,191.53
17576,20240210,523,151.65,125.65,167.48
17577,20250108,182,161.43,133.01,161.03
17578,20240427,272,66.09,60.41,71.44
17579,20240513,207,387.32,341.72,350.89
17580,20260126,366,384.91,297.73,441.25
17581,20250126,432,269.02,227.22,241.89
17582,20240515,472,30.87,24.74,35.07
17583,20240925,427,416.06,406.1,474.57
17584,20231206,783,254.01,216.59,259.18
17585,20250309,406,176.64,166.83,158.2
17586,20240525,717,37.49,34.78,39.05
17587,20230122,77,218.69,215.14,196.89
17588,20241103,86,11.99,9.54,12.52
17589,20250304,731,425.46,324.06,436.49
17590,20230521,505,143.55,123.0,129.2
17591,20250929,562,188.77,173.55,172.76
17592,20230923,121,298.82,282.81,330.62
17593,20250222,375,46.16,42.27,44.55
17594,20240923,408,74.67,66.26,83.31
17595,20240402,748,241.47,228.47,264.03
17596,20230217,629,217.61,197.7,187.39
17597,20230919,102,258.72,226.6,220.93
17598,20251205,326,267.52,207.94,244.1
17599,20260115,415,83.9,73.68,79.4
17600,20260222,72,119.72,103.22,110.42
17601,20230330,206,36.22,27.99,38.6
17602,20231031,745,215.3,188.15,197.89
17603,20230430,208,194.43,178.79,194.6
17604,20230205,254,91.01,78.0,92.56
17605,20240229,431,27.19,24.77,23.41
17606,20231003,500,394.62,304.83,375.9
17607,20241228,292,324.11,278.84,338.22
17608,20240926,4,279.54,260.09,279.54
17609,20260209,509,90.19,71.19,96.31
17610,20250131,771,87.72,77.83,83.46
17611,20250423,407,187.73,160.19,199.16
17612,20230127,572,96.08,73.32,106.66
17613,20240815,627,323.38,257.92,338.42
17614,20240229,799,172.35,172.14,172.25
17615,20240105,598,111.7,101.7,124.33
17616,20240208,279,296.99,279.79,280.0
17617,20240519,103,169.4,146.85,183.05
17618,20250513,286,317.67,272.13,365.2
17619,20251130,242,171.67,153.91,194.41
17620,20231018,240,48.56,42.51,43.1
17621,20251002,104,158.51,138.55,134.93
17622,20260620,752,83.54,70.72,86.68
17623,20250307,749,202.73,175.67,199.11
17624,20230723,192,142.28,136.98,134.22
17625,20240223,269,15.66,14.32,17.7
17626,20230823,481,267.97,267.49,245.64
17627,20251021,718,216.02,186.69,204.73
17628,20230220,366,384.91,304.32,331.22
17629,20250514,750,22.62,19.43,21.4
17630,20250817,164,412.46,343.58,377.34
17631,20250127,759,228.08,185.97,204.24
17632,20230409,713,325.0,256.57,345.55
17633,20240130,72,119.72,91.88,109.35
17634,20240621,558,241.4,197.32,227.54
17635,20230622,11,54.42,43.26,53.69
17636,20260301,789,412.97,313.8,411.02
17637,20230110,497,311.63,255.32,314.78
17638,20260321,326,267.52,208.54,248.29
17639,20230406,272,66.09,60.95,56.95
17640,20260210,374,330.48,292.78,311.67
17641,20241130,425,155.73,133.87,140.15
17642,20241126,477,253.44,225.76,234.16
17643,20251222,273,176.31,139.02,186.57
17644,20241015,183,26.08,21.67,24.59
17645,20240906,653,210.05,209.44,219.88
17646,20230815,39,85.06,77.58,78.63
17647,20230927,453,159.04,121.08,162.5
17648,20250910,247,116.11,92.46,117.11
17649,20260514,345,274.13,264.85,284.6
17650,20250612,105,380.19,344.39,401.89
17651,20251005,558,241.4,216.97,252.45
17652,20260309,79,253.18,217.68,265.8
17653,20230803,464,223.36,206.12,222.53
17654,20260531,165,223.04,202.48,250.27
17655,20250108,501,167.28,127.03,178.92
17656,20250803,720,410.49,376.16,370.24
17657,20260220,761,403.08,354.05,377.82
17658,20231229,68,17.84,13.46,17.4
17659,20230523,173,352.79,327.61,332.42
17660,20250228,383,55.74,54.47,50.02
17661,20230906,500,394.62,314.56,377.76
17662,20250125,566,84.3,83.53,86.28
17663,20241213,445,236.18,213.18,220.74
17664,20260217,176,155.18,133.51,134.08
17665,20241106,604,104.98,88.7,90.67
17666,20230729,403,210.54,157.92,194.2
17667,20250818,495,21.23,19.52,19.01
17668,20250117,700,159.22,144.04,164.7
17669,20260410,131,24.54,19.16,21.41
17670,20260106,214,309.39,261.74,331.12
17671,20230211,131,24.54,22.83,21.8
17672,20240914,344,107.89,82.15,122.26
17673,20240601,103,169.4,148.51,169.64
17674,20260530,116,34.36,33.8,37.27
17675,20240119,154,257.41,235.92,292.82
17676,20250714,472,30.87,26.4,34.83
17677,20230616,247,116.11,93.62,121.4
17678,20231127,618,117.82,90.02,114.8
17679,20230604,364,58.02,44.74,52.15
17680,20250209,789,412.97,372.0,402.24
17681,20240627,646,202.52,187.64,222.05
17682,20230917,487,35.77,31.05,30.76
17683,20250112,166,277.57,269.94,262.02
17684,20231125,313,145.22,133.66,138.52
17685,20250501,326,267.52,251.53,269.05
17686,20251122,764,38.17,34.93,37.31
17687,20231115,356,128.43,106.72,145.41
17688,20230729,629,217.61,202.29,214.04
17689,20230526,539,287.91,268.19,301.21
17690,20250619,778,248.68,206.68,211.98
17691,20230129,636,140.04,119.77,121.93
17692,20230227,297,203.31,187.95,200.44
17693,20240316,468,354.29,279.94,383.68
17694,20231018,31,281.2,234.71,250.31
17695,20240623,224,205.12,188.46,174.69
17696,20230612,249,37.07,32.71,39.7
17697,20240312,525,333.84,278.76,329.8
17698,20240904,565,40.62,37.89,42.46
17699,20230730,636,140.04,123.13,127.92
17700,20250731,437,95.28,83.6,96.39
17701,20240110,132,116.18,105.7,105.23
17702,20240429,231,190.39,150.76,200.69
17703,20251015,531,18.72,18.04,18.84
17704,20240520,696,181.19,173.08,154.58
17705,20231108,6,195.36,187.1,211.03
17706,20240523,44,186.98,150.34,213.35
17707,20240113,76,227.03,203.67,259.06
17708,20231030,518,38.63,32.76,40.52
17709,20250420,754,408.58,339.22,366.05
17710,20230821,29,170.48,165.54,154.42
17711,20230311,158,81.27,73.68,93.19
17712,20241218,352,272.28,223.67,273.59
17713,20250208,774,100.34,75.9,100.32
17714,20241112,462,220.62,194.86,238.43
17715,20230524,271,181.82,151.04,182.62
17716,20240216,610,31.94,27.6,27.22
17717,20240226,248,229.78,205.93,231.56
17718,20260204,379,306.26,278.15,294.63
17719,20241117,36,214.64,174.34,187.99
17720,20231217,623,190.11,172.67,176.27
17721,20251224,710,52.14,41.61,51.39
17722,20231006,198,61.79,53.54,69.07
17723,20241207,190,46.04,44.29,44.32
17724,20240309,337,284.78,218.91,298.11
17725,20260322,207,387.32,322.78,367.74
17726,20241211,91,191.54,175.48,190.9
17727,20231231,44,186.98,152.73,199.86
17728,20240130,479,253.27,208.25,288.81
17729,20260402,280,44.45,43.14,38.71
17730,20241206,270,147.92,114.31,162.0
17731,20260414,698,103.34,80.57,108.43
17732,20231226,573,146.12,132.82,143.86
17733,20260630,439,350.84,303.43,389.55
17734,20231217,715,170.39,143.77,171.06
17735,20241213,697,203.47,186.74,223.03
17736,20250310,227,292.62,271.96,325.98
17737,20230708,507,266.28,227.16,269.31
17738,20230605,463,203.4,190.35,190.03
17739,20240317,299,12.05,11.88,10.92
17740,20250316,369,98.11,97.24,86.08
17741,20241014,60,69.61,56.47,70.51
17742,20250510,486,204.27,197.8,182.36
17743,20240509,108,24.49,20.26,27.62
17744,20251216,106,80.14,69.76,78.09
17745,20231020,118,410.38,322.51,372.76
17746,20251021,101,321.61,289.34,307.42
17747,20241207,527,81.74,67.39,81.6
17748,20231218,57,20.69,16.0,19.38
17749,20250215,397,149.6,137.78,158.88
17750,20240628,756,394.25,372.46,354.59
17751,20251106,242,171.67,136.83,177.01
17752,20250106,272,66.09,57.04,62.72
17753,20250108,384,52.49,41.17,47.24
17754,20241008,305,183.32,149.58,181.3
17755,20250627,442,36.82,28.72,37.61
17756,20241129,199,127.18,120.84,135.47
17757,20250602,463,203.4,179.68,227.37
17758,20231018,236,380.33,372.12,335.69
17759,20230722,428,389.44,303.97,344.69
17760,20240916,686,193.71,149.73,184.3
17761,20260127,458,116.37,98.79,122.5
17762,20250901,421,82.54,65.86,73.04
17763,20230305,492,101.28,95.49,112.56
17764,20260318,383,55.74,55.14,59.95
17765,20260125,587,273.68,215.81,239.36
17766,20260516,652,164.75,138.77,178.24
17767,20231219,190,46.04,41.45,39.42
17768,20230605,725,378.22,374.95,363.16
17769,20260527,649,267.48,260.29,236.26
17770,20231013,590,66.24,62.38,62.07
17771,20230822,638,35.51,34.41,38.81
17772,20251130,190,46.04,44.74,42.97
17773,20230903,714,29.93,22.97,32.97
17774,20230803,188,276.5,243.71,256.73
17775,20230902,155,168.01,128.01,166.5
17776,20260607,292,324.11,289.08,319.65
17777,20230716,102,258.72,245.19,259.59
17778,20240319,567,223.92,177.9,213.57
17779,20240422,290,323.07,304.65,345.39
17780,20250317,593,348.5,310.91,393.48
17781,20250801,8,211.32,166.44,200.88
17782,20240317,443,376.23,306.39,336.74
17783,20231007,264,10.22,9.78,11.09
17784,20250818,141,224.09,175.34,200.63
17785,20231107,435,227.4,176.62,258.62
17786,20251216,436,313.39,311.93,297.04
17787,20260607,724,208.64,159.0,199.65
17788,20230323,85,52.93,49.46,52.97
17789,20231130,291,178.18,163.77,197.85
17790,20240714,44,186.98,163.41,181.73
17791,20251124,498,309.5,290.41,335.77
17792,20260507,617,100.85,85.36,108.78
17793,20240524,338,214.38,181.54,222.11
17794,20250420,491,168.23,139.18,152.59
17795,20260326,411,64.81,57.31,58.89
17796,20240711,262,237.84,236.65,273.18
17797,20240613,289,53.05,41.76,52.05
17798,20230829,611,119.6,93.75,118.66
17799,20241008,566,84.3,74.64,71.9
17800,20251221,98,316.05,292.23,313.97
17801,20230415,417,243.35,229.6,241.82
17802,20240307,258,30.13,30.01,27.66
17803,20230804,420,122.78,93.15,130.36
17804,20240520,166,277.57,268.82,245.33
17805,20250331,191,330.51,306.58,376.69
17806,20250328,784,112.95,93.45,120.46
17807,20251210,341,53.82,49.98,57.05
17808,20260312,351,348.89,296.22,370.97
17809,20230313,145,222.21,221.91,189.94
17810,20241122,453,159.04,146.03,149.36
17811,20230924,522,104.14,93.84,117.95
17812,20260417,268,75.48,74.35,76.05
17813,20230829,51,80.4,62.18,68.87
17814,20250919,196,79.66,67.64,83.95
17815,20230715,432,269.02,216.51,275.27
17816,20230924,766,210.17,184.97,241.34
17817,20231005,111,310.59,260.67,313.73
17818,20240116,203,357.94,314.81,375.88
17819,20240815,144,249.79,195.9,222.01
17820,20251024,204,137.31,127.43,146.41
17821,20230507,329,269.12,257.94,306.61
17822,20230925,62,427.35,334.11,409.68
17823,20260317,683,426.67,393.48,465.09
17824,20231007,535,170.95,138.83,190.56
17825,20260415,41,272.3,248.24,243.06
17826,20251007,67,220.55,205.96,235.3
17827,20260204,730,218.37,216.17,189.33
17828,20250319,185,138.24,116.4,125.27
17829,20230722,566,84.3,69.83,88.14
17830,20260527,456,219.24,199.95,249.74
17831,20241105,116,34.36,32.32,38.72
17832,20250928,659,165.56,126.98,163.68
17833,20251206,312,205.56,198.41,228.09
17834,20230525,89,83.91,76.63,74.23
17835,20230208,119,333.87,301.52,289.44
17836,20251123,374,330.48,269.57,336.3
17837,20230115,742,222.66,219.0,230.5
17838,20250408,345,274.13,262.45,270.11
17839,20250603,212,17.63,15.57,16.2
17840,20240411,313,145.22,124.02,153.25
17841,20250417,684,145.2,136.51,163.32
17842,20230826,791,228.37,211.59,229.64
17843,20260603,66,232.57,183.31,213.41
17844,20250203,756,394.25,321.41,427.03
17845,20230911,540,329.69,279.87,328.29
17846,20240226,408,74.67,61.83,72.99
17847,20260612,289,53.05,47.82,55.59
17848,20230413,573,146.12,135.65,131.68
17849,20240223,52,21.14,18.87,19.98
17850,20251107,597,11.11,9.95,10.83
17851,20241222,691,160.49,134.99,159.6
17852,20231203,168,139.86,116.03,134.04
17853,20231212,598,111.7,84.37,117.99
17854,20250106,44,186.98,174.09,197.94
17855,20250618,393,22.43,19.92,23.61
17856,20240601,161,202.52,187.5,192.95
17857,20230614,782,103.0,93.77,88.42
17858,20250312,385,85.79,70.18,75.71
17859,20240221,527,81.74,69.7,80.65
17860,20230619,153,89.99,68.94,102.49
17861,20240828,323,221.18,174.35,218.84
17862,20251108,23,213.42,163.62,222.18
17863,20240402,173,352.79,281.24,381.83
17864,20250528,372,11.94,11.53,12.2
17865,20250905,746,393.87,372.78,409.71
17866,20230501,792,142.29,113.64,140.74
17867,20250205,144,249.79,240.13,237.08
17868,20251020,605,161.5,151.61,164.57
17869,20251206,610,31.94,29.5,36.72
17870,20260206,194,314.56,311.02,326.89
17871,20240321,672,106.54,80.19,102.3
17872,20251117,437,95.28,93.5,106.79
17873,20240731,580,282.51,213.55,303.14
17874,20240812,86,11.99,11.69,13.35
17875,20241225,199,127.18,96.84,143.66
17876,20250129,735,122.01,111.05,112.2
17877,20230917,258,30.13,23.7,26.6
17878,20231222,784,112.95,111.67,106.37
17879,20241030,453,159.04,145.06,179.83
17880,20240302,331,284.71,236.41,244.12
17881,20240820,696,181.19,141.42,181.5
17882,20260408,521,260.98,235.26,242.55
17883,20240501,206,36.22,28.0,37.27
17884,20251208,774,100.34,89.36,96.75
17885,20241211,238,232.61,203.08,231.26
17886,20240929,31,281.2,272.27,288.84
17887,20240330,64,238.84,195.52,224.18
17888,20260325,515,127.91,123.87,122.65
17889,20250301,231,190.39,180.25,201.42
17890,20230730,491,168.23,161.99,155.71
17891,20260605,389,13.99,12.95,15.66
17892,20250407,648,33.89,29.29,32.33
17893,20260125,664,29.07,24.52,25.79
17894,20240710,346,279.84,264.84,303.61
17895,20260617,726,274.85,271.73,278.88
17896,20250529,742,222.66,214.63,243.27
17897,20241205,417,243.35,226.34,262.88
17898,20230612,107,92.43,76.36,85.12
17899,20240929,538,86.46,72.66,78.57
17900,20251205,632,291.15,288.0,261.57
17901,20241231,550,203.17,197.03,207.49
17902,20241126,276,66.7,66.68,69.72
17903,20250529,533,169.61,139.05,160.71
17904,20260118,457,60.47,57.74,66.17
17905,20241231,40,246.38,202.62,211.48
17906,20230410,83,12.62,12.26,11.47
17907,20230214,382,50.92,40.56,47.18
17908,20230226,401,188.97,161.92,216.12
17909,20230619,718,216.02,200.14,201.77
17910,20250129,430,96.92,83.99,101.68
17911,20260601,637,73.36,55.46,80.18
17912,20230712,352,272.28,254.85,256.21
17913,20240319,113,119.1,111.65,105.68
17914,20230208,95,76.43,60.33,84.67
17915,20230707,276,66.7,54.85,61.11
17916,20230101,198,61.79,57.37,54.08
17917,20240803,613,46.15,36.39,43.25
17918,20260619,448,28.11,22.92,25.81
17919,20250709,772,272.89,215.16,286.95
17920,20251115,800,138.76,119.42,138.92
17921,20231229,181,341.92,320.19,338.92
17922,20260517,538,86.46,82.34,74.97
17923,20250907,573,146.12,131.49,139.99
17924,20230726,378,260.57,257.05,298.71
17925,20250609,279,296.99,239.09,340.67
17926,20240517,132,116.18,90.4,113.85
17927,20260327,613,46.15,37.67,42.56
17928,20240222,196,79.66,76.44,90.99
17929,20240721,103,169.4,140.93,145.37
17930,20260415,391,64.13,51.26,63.81
17931,20260330,590,66.24,65.45,69.43
17932,20241010,528,365.56,304.03,345.51
17933,20251123,530,239.02,235.29,250.33
17934,20250509,89,83.91,80.62,84.77
17935,20251223,362,342.7,258.39,325.81
17936,20260427,71,81.45,79.67,80.12
17937,20260104,498,309.5,252.75,301.06
17938,20260121,239,177.69,154.63,199.92
17939,20250101,333,315.8,291.99,270.38
17940,20230526,91,191.54,148.97,171.97
17941,20250820,27,110.98,84.8,120.8
17942,20230706,779,134.97,129.98,150.87
17943,20240529,92,242.67,214.43,251.0
17944,20250923,146,188.03,170.67,202.53
17945,20250906,567,223.92,173.28,214.47
17946,20240402,16,121.92,93.28,123.84
17947,20251001,594,93.21,77.23,89.67
17948,20241217,190,46.04,36.97,50.21
17949,20240425,25,50.32,47.99,49.94
17950,20250624,166,277.57,244.81,250.71
17951,20250526,192,142.28,124.17,158.28
17952,20250128,486,204.27,168.72,225.89
17953,20260409,704,18.97,15.34,18.65
17954,20250707,328,77.81,75.87,82.23
17955,20231111,359,156.76,122.5,144.61
17956,20250924,337,284.78,235.41,266.12
17957,20250608,555,113.22,110.97,122.19
17958,20251210,730,218.37,179.62,228.51
17959,20260621,312,205.56,156.71,232.44
17960,20260522,574,292.71,258.18,280.85
17961,20230211,46,338.48,271.38,322.15
17962,20240419,602,85.13,73.66,85.22
17963,20260604,185,138.24,137.57,131.43
17964,20231206,634,132.1,119.99,150.4
17965,20250123,66,232.57,217.96,212.72
17966,20250901,67,220.55,201.68,213.84
17967,20250405,96,204.85,193.84,227.64
17968,20241209,318,41.09,30.92,42.57
17969,20260623,624,21.67,20.28,24.55
17970,20231118,730,218.37,168.71,222.15
17971,20230606,236,380.33,333.45,418.8
17972,20260322,432,269.02,203.36,238.39
17973,20250412,460,84.17,69.33,83.95
17974,20260212,709,35.68,33.74,32.25
17975,20251201,686,193.71,164.93,169.2
17976,20251125,435,227.4,182.39,215.43
17977,20240227,267,142.28,125.68,145.19
17978,20250521,621,238.21,185.43,252.04
17979,20250313,142,258.94,218.93,229.37
17980,20240206,177,72.58,67.47,70.11
17981,20230211,299,12.05,9.27,12.01
17982,20251113,498,309.5,257.58,354.4
17983,20260224,503,318.02,280.06,350.83
17984,20260527,306,267.41,253.46,257.15
17985,20230808,246,289.83,236.0,295.02
17986,20240728,566,84.3,77.08,79.15
17987,20240106,252,26.05,25.79,25.55
17988,20240816,583,182.74,168.28,163.23
17989,20240320,592,178.71,165.55,180.53
17990,20240229,458,116.37,95.18,123.8
17991,20251025,422,51.31,44.11,43.87
17992,20240928,389,13.99,10.63,15.21
17993,20240405,534,111.77,91.87,100.0
17994,20230905,531,18.72,16.92,21.49
17995,20250304,342,102.47,85.93,116.65
17996,20240101,13,97.85,85.47,111.87
17997,20250308,469,161.37,129.0,148.58
17998,20250118,657,207.96,185.52,179.23
17999,20230124,385,85.79,69.44,81.07
18000,20240210,583,182.74,176.87,195.72
18001,20251031,538,86.46,72.94,83.14
18002,20260316,532,328.3,289.83,297.13
18003,20230312,382,50.92,43.29,48.43
18004,20240227,264,10.22,8.67,9.76
18005,20240727,761,403.08,373.34,448.07
18006,20250701,33,147.68,115.59,134.75
18007,20250603,449,22.61,20.85,23.48
18008,20240507,644,440.69,411.03,417.17
18009,20260207,36,214.64,186.09,223.86
18010,20260105,493,91.44,81.66,87.53
18011,20260525,792,142.29,137.78,162.23
18012,20230319,313,145.22,111.43,157.08
18013,20240228,627,323.38,285.28,285.45
18014,20230716,695,219.54,197.28,230.26
18015,20230205,230,55.79,55.4,51.96
18016,20251127,37,408.21,395.72,443.23
18017,20260523,606,54.24,40.97,52.37
18018,20240826,18,49.16,47.37,42.79
18019,20230501,47,225.94,205.39,237.54
18020,20241231,218,193.69,161.56,200.96
18021,20260521,187,256.66,242.02,240.58
18022,20230402,95,76.43,61.35,87.83
18023,20260521,495,21.23,18.59,19.27
18024,20251022,779,134.97,107.3,120.28
18025,20250206,767,29.98,23.14,26.14
18026,20231202,718,216.02,192.92,225.66
18027,20260405,100,63.71,51.29,60.46
18028,20240903,265,249.31,234.96,228.95
18029,20250105,580,282.51,243.08,312.81
18030,20240827,662,142.93,139.81,135.63
18031,20260604,526,17.69,15.03,16.93
18032,20241219,253,436.82,436.44,383.06
18033,20250113,739,248.72,235.36,214.55
18034,20260613,515,127.91,117.38,119.14
18035,20230817,486,204.27,153.76,214.01
18036,20260505,723,392.9,326.46,425.75
18037,20250720,387,66.08,51.2,64.99
18038,20231225,126,119.25,112.53,109.04
18039,20260209,431,27.19,25.31,26.09
18040,20250415,333,315.8,306.5,314.87
18041,20250505,353,230.0,217.58,220.1
18042,20231106,110,284.95,261.47,245.12
18043,20250325,317,251.02,216.17,253.5
18044,20241207,383,55.74,55.21,56.13
18045,20260405,552,211.79,177.44,215.98
18046,20240817,103,169.4,150.3,184.44
18047,20260621,348,233.48,194.85,200.21
18048,20241003,498,309.5,291.16,278.96
18049,20250627,460,84.17,64.1,88.73
18050,20230318,343,17.55,13.4,15.66
18051,20240902,728,23.99,22.11,24.05
18052,20240423,264,10.22,9.21,11.22
18053,20240804,281,253.48,209.17,244.88
18054,20251223,612,244.74,192.31,218.36
18055,20240312,771,87.72,84.87,95.27
18056,20231218,528,365.56,360.1,384.25
18057,20240707,368,122.52,114.45,123.3
18058,20260430,482,74.27,71.82,73.72
18059,20250717,172,59.34,46.64,63.49
18060,20251219,2,108.79,82.99,117.48
18061,20240304,764,38.17,28.74,35.32
18062,20251020,761,403.08,372.46,409.18
18063,20240727,382,50.92,41.94,46.85
18064,20250423,551,39.75,32.96,36.59
18065,20230924,447,59.76,45.27,55.32
18066,20241221,618,117.82,117.29,101.66
18067,20260304,249,37.07,30.04,37.75
18068,20230924,660,11.42,11.02,10.39
18069,20240720,746,393.87,335.51,338.37
18070,20260331,281,253.48,212.92,270.44
18071,20260519,288,29.26,25.79,25.97
18072,20251022,203,357.94,335.15,400.82
18073,20240210,360,146.23,114.2,155.06
18074,20250425,689,102.62,97.23,99.74
18075,20230921,772,272.89,221.26,282.48
18076,20230730,127,264.28,257.65,279.32
18077,20240904,389,13.99,13.81,12.24
18078,20240421,776,93.65,75.66,105.89
18079,20240103,185,138.24,122.54,124.56
18080,20230529,725,378.22,307.43,377.06
18081,20250526,393,22.43,22.05,24.27
18082,20230312,737,232.1,230.5,241.03
18083,20250701,237,339.45,317.54,355.57
18084,20241110,648,33.89,32.45,29.97
18085,20260513,448,28.11,21.39,28.3
18086,20250126,707,225.72,189.25,259.13
18087,20231004,265,249.31,248.32,236.79
18088,20250415,468,354.29,335.47,326.37
18089,20240318,158,81.27,69.77,84.57
18090,20240221,63,58.12,56.63,62.87
18091,20230115,244,357.61,285.0,370.78
18092,20240106,456,219.24,209.68,248.54
18093,20240507,350,195.28,154.34,191.63
18094,20240601,696,181.19,161.85,173.35
18095,20250308,108,24.49,20.91,26.49
18096,20231203,203,357.94,300.76,326.25
18097,20241215,706,136.94,109.42,145.73
18098,20240825,800,138.76,122.41,135.76
18099,20251114,779,134.97,115.48,137.06
18100,20240318,330,288.16,257.68,295.0
18101,20240816,787,222.59,216.29,253.77
18102,20250410,195,225.23,207.42,216.67
18103,20250304,698,103.34,78.89,95.41
18104,20250428,565,40.62,40.19,44.3
18105,20240525,144,249.79,249.08,268.03
18106,20250127,138,287.07,254.53,265.54
18107,20260617,382,50.92,44.76,51.63
18108,20251120,41,272.3,205.42,261.42
18109,20250524,226,250.65,234.93,236.15
18110,20230921,675,310.72,306.64,352.6
18111,20240902,174,208.41,165.85,199.79
18112,20250722,50,253.67,191.8,284.23
18113,20231217,7,169.43,156.99,192.74
18114,20230314,777,116.51,100.22,123.75
18115,20240830,559,55.12,47.92,62.42
18116,20241010,243,30.66,29.02,29.18
18117,20250506,34,218.67,185.85,231.63
18118,20250610,725,378.22,370.73,334.61
18119,20251115,419,199.26,159.09,197.85
18120,20260125,134,299.61,270.32,279.86
18121,20250221,362,342.7,281.63,362.49
18122,20250306,220,267.45,256.62,270.67
18123,20230329,425,155.73,132.86,133.01
18124,20240915,460,84.17,71.03,76.72
18125,20231230,673,423.99,327.72,425.61
18126,20260314,513,255.23,192.63,264.83
18127,20240813,36,214.64,170.19,237.79
18128,20250323,468,354.29,303.78,383.85
18129,20230810,577,292.69,288.91,315.64
18130,20240302,238,232.61,179.47,219.22
18131,20240609,58,31.75,28.37,28.81
18132,20251124,343,17.55,17.54,19.6
18133,20250817,695,219.54,168.01,239.8
18134,20250727,90,228.46,186.98,199.25
18135,20240602,389,13.99,13.98,13.49
18136,20250423,527,81.74,68.21,85.0
18137,20240519,469,161.37,124.43,161.56
18138,20240901,301,241.8,206.31,222.0
18139,20260419,636,140.04,129.78,136.08
18140,20241005,538,86.46,70.43,89.17
18141,20251123,480,425.68,376.72,422.73
18142,20250108,138,287.07,263.85,295.11
18143,20250731,599,224.63,208.28,226.11
18144,20250601,472,30.87,27.95,34.89
18145,20250121,378,260.57,219.7,230.75
18146,20250919,71,81.45,73.33,92.75
18147,20260310,449,22.61,19.67,25.56
18148,20260519,155,168.01,151.74,170.35
18149,20260611,185,138.24,125.4,131.71
18150,20230729,167,236.05,225.4,251.36
18151,20250616,543,164.16,127.86,142.95
18152,20250314,637,73.36,73.14,63.74
18153,20251209,251,350.95,337.03,352.22
18154,20230302,263,87.43,78.84,90.61
18155,20250916,372,11.94,10.87,11.14
18156,20231014,617,100.85,92.84,103.83
18157,20241214,793,136.99,125.89,151.16
18158,20230502,538,86.46,72.53,76.64
18159,20230120,203,357.94,322.2,338.85
18160,20241029,74,140.18,109.51,157.91
18161,20251126,761,403.08,382.07,357.89
18162,20250715,429,195.21,161.89,178.54
18163,20260320,186,192.02,188.83,216.06
18164,20260419,635,53.49,50.0,58.66
18165,20230309,479,253.27,197.04,248.8
18166,20250527,332,121.61,102.31,116.8
18167,20250703,383,55.74,43.04,58.16
18168,20240516,652,164.75,157.34,154.13
18169,20240904,511,114.7,109.56,122.17
18170,20240427,67,220.55,180.38,242.93
18171,20250211,697,203.47,174.02,221.92
18172,20240304,201,178.89,142.75,181.13
18173,20250903,657,207.96,166.5,189.91
18174,20251223,168,139.86,138.38,121.57
18175,20230727,11,54.42,50.82,50.14
18176,20231214,419,199.26,157.9,173.38
18177,20260607,380,239.62,213.94,225.41
18178,20240131,231,190.39,156.56,179.42
18179,20251223,468,354.29,304.9,341.84
18180,20251201,672,106.54,81.1,113.78
18181,20230610,585,163.26,125.43,165.49
18182,20250408,539,287.91,231.84,302.54
18183,20230504,787,222.59,193.17,192.12
18184,20231204,543,164.16,123.51,145.96
18185,20230818,209,254.65,217.17,282.3
18186,20230411,143,275.87,237.78,265.15
18187,20240525,622,97.19,80.31,101.31
18188,20241114,516,76.0,62.91,75.37
18189,20251011,23,213.42,192.8,191.08
18190,20250905,264,10.22,8.7,10.72
18191,20230203,494,380.5,338.46,370.46
18192,20251219,318,41.09,36.46,41.21
18193,20250829,689,102.62,92.31,100.48
18194,20251011,309,270.23,205.45,295.83
18195,20230619,719,73.37,71.27,70.36
18196,20231114,495,21.23,20.7,24.22
18197,20250813,129,285.77,247.58,293.88
18198,20240130,458,116.37,113.86,110.59
18199,20230117,749,202.73,177.41,207.31
18200,20240130,146,188.03,156.5,212.36
18201,20231005,389,13.99,13.43,15.42
18202,20241218,462,220.62,177.83,249.6
18203,20230704,413,98.94,83.41,88.99
18204,20251212,314,241.0,225.58,219.14
18205,20230825,419,199.26,186.47,201.64
18206,20250528,384,52.49,44.28,59.39
18207,20230611,309,270.23,221.47,261.54
18208,20230606,457,60.47,56.91,62.0
18209,20230710,35,16.22,16.07,14.51
18210,20250414,751,98.86,95.55,90.73
18211,20250817,133,157.64,147.9,177.72
18212,20240124,13,97.85,89.99,102.87
18213,20231208,89,83.91,66.91,74.97
18214,20251031,299,12.05,10.94,12.66
18215,20230122,249,37.07,33.54,35.68
18216,20231210,224,205.12,184.48,184.82
18217,20230711,418,235.9,211.77,266.86
18218,20260309,143,275.87,214.08,301.46
18219,20260223,672,106.54,99.4,120.48
18220,20251128,394,159.79,128.9,149.65
18221,20240411,290,323.07,249.79,344.99
18222,20240809,268,75.48,64.04,82.87
18223,20230122,715,170.39,145.59,177.83
18224,20240323,531,18.72,18.66,20.2
18225,20241203,739,248.72,209.53,252.15
18226,20241121,712,117.99,103.59,134.73
18227,20241218,245,129.45,107.43,113.9
18228,20251108,81,274.94,220.37,295.77
18229,20241122,503,318.02,251.14,324.1
18230,20250914,261,212.23,192.48,229.87
18231,20230416,603,228.34,212.09,219.02
18232,20230609,150,107.86,95.44,116.07
18233,20250827,466,314.66,240.61,291.58
18234,20260312,635,53.49,52.07,46.77
18235,20250103,287,248.3,189.4,246.89
18236,20240317,74,140.18,135.51,149.86
18237,20230501,604,104.98,83.24,110.79
18238,20260205,219,21.56,20.44,22.43
18239,20231127,732,90.88,85.4,92.84
18240,20240811,336,366.26,344.5,388.61
18241,20230904,583,182.74,150.97,198.14
18242,20251205,90,228.46,218.48,232.69
18243,20230226,686,193.71,158.86,189.16
18244,20250815,319,283.51,247.11,315.62
18245,20230301,94,11.79,10.15,10.16
18246,20240326,51,80.4,75.29,79.3
18247,20230429,483,167.82,159.76,179.84
18248,20251102,419,199.26,191.29,172.95
18249,20240627,724,208.64,168.04,201.26
18250,20250531,14,109.54,97.96,107.45
18251,20251211,227,292.62,243.24,323.3
18252,20260606,716,97.62,82.14,104.0
18253,20250911,30,325.32,288.93,338.33
18254,20260225,612,244.74,230.87,244.06
18255,20260501,715,170.39,141.58,175.45
18256,20250310,354,235.99,226.33,248.74
18257,20250912,503,318.02,274.96,356.33
18258,20260404,94,11.79,9.35,10.91
18259,20231010,187,256.66,239.58,258.51
18260,20250311,583,182.74,174.2,183.02
18261,20260522,548,210.49,160.43,214.74
18262,20251206,527,81.74,80.33,78.65
18263,20240115,456,219.24,183.28,246.9
18264,20260627,68,17.84,16.65,18.61
18265,20260113,622,97.19,87.11,88.4
18266,20250507,528,365.56,296.47,332.06
18267,20240915,545,24.51,21.79,26.33
18268,20250828,742,222.66,197.47,254.52
18269,20230503,668,120.7,102.79,137.8
18270,20240111,8,211.32,180.91,199.76
18271,20230724,685,141.65,110.07,126.87
18272,20241227,178,241.37,224.47,276.34
18273,20260510,546,65.36,51.24,58.3
18274,20240917,103,169.4,143.8,148.46
18275,20230827,185,138.24,130.69,122.58
18276,20250725,669,256.27,246.48,253.25
18277,20240508,578,330.25,281.27,374.15
18278,20250506,652,164.75,151.49,189.07
18279,20250905,384,52.49,42.72,47.56
18280,20230922,380,239.62,229.8,205.26
18281,20251009,5,163.2,124.33,139.41
18282,20250121,713,325.0,283.11,293.5
18283,20250612,416,128.68,123.28,120.79
18284,20251010,87,204.15,181.32,212.07
18285,20230504,390,259.85,221.22,268.54
18286,20240211,349,300.82,273.5,306.9
18287,20260104,89,83.91,63.79,91.15
18288,20260304,511,114.7,96.23,117.45
18289,20250814,707,225.72,169.97,217.43
18290,20230422,463,203.4,189.25,213.91
18291,20230501,230,55.79,54.5,47.91
18292,20240914,178,241.37,209.11,213.08
18293,20251031,349,300.82,245.52,286.96
18294,20251228,651,68.28,63.2,74.65
18295,20240721,698,103.34,79.4,117.34
18296,20251125,16,121.92,108.61,132.76
18297,20241213,482,74.27,73.81,84.5
18298,20250816,750,22.62,22.37,20.76
18299,20251007,468,354.29,338.69,340.31
18300,20231106,459,41.78,33.36,38.94
18301,20260107,22,105.46,81.59,105.3
18302,20260209,785,272.2,237.56,288.81
18303,20250520,78,147.0,117.91,145.39
18304,20250727,635,53.49,44.25,46.72
18305,20230530,13,97.85,89.05,105.13
18306,20260515,106,80.14,64.07,87.39
18307,20260206,618,117.82,107.02,119.19
18308,20240909,727,29.93,27.44,30.52
18309,20260608,226,250.65,240.57,237.43
18310,20241123,227,292.62,223.98,335.31
18311,20250321,402,21.66,20.28,22.22
18312,20231107,482,74.27,56.09,75.98
18313,20250601,51,80.4,76.65,83.44
18314,20230315,618,117.82,88.72,104.25
18315,20240428,172,59.34,50.45,52.08
18316,20240807,223,289.35,254.7,308.56
18317,20240310,468,354.29,346.49,307.06
18318,20260322,431,27.19,21.83,28.16
18319,20241222,411,64.81,52.67,58.17
18320,20241109,645,259.57,198.14,296.8
18321,20250203,503,318.02,243.12,320.42
18322,20231125,440,113.85,88.42,122.49
18323,20250202,519,54.14,52.2,55.64
18324,20230517,147,53.98,43.31,57.49
18325,20240812,614,10.84,8.43,11.65
18326,20230131,742,222.66,183.77,234.22
18327,20240825,16,121.92,110.91,136.24
18328,20260323,636,140.04,133.45,157.16
18329,20240724,233,146.82,134.27,129.56
18330,20230102,632,291.15,289.36,248.14
18331,20240626,213,250.01,231.15,285.5
18332,20230702,609,249.15,228.53,282.75
18333,20260611,712,117.99,100.49,125.37
18334,20240508,164,412.46,379.87,430.34
18335,20241114,99,363.81,318.98,388.06
18336,20240531,406,176.64,154.2,150.56
18337,20251214,520,361.69,329.78,329.8
18338,20260406,479,253.27,223.72,218.39
18339,20251206,427,416.06,406.03,367.53
18340,20250724,686,193.71,154.32,216.75
18341,20230420,437,95.28,73.04,93.62
18342,20250522,139,382.89,334.28,404.21
18343,20230316,98,316.05,288.71,299.25
18344,20240727,310,71.17,65.65,64.34
18345,20230920,670,228.6,224.76,195.82
18346,20240730,316,244.0,221.23,210.38
18347,20241130,580,282.51,223.17,262.42
18348,20260409,212,17.63,13.64,17.57
18349,20231201,650,142.56,135.01,136.98
18350,20251217,791,228.37,218.95,256.95
18351,20251115,753,306.18,277.74,295.08
18352,20231228,424,164.94,146.3,183.96
18353,20230918,230,55.79,54.48,48.27
18354,20230426,151,452.82,427.81,446.13
18355,20260502,183,26.08,23.63,23.55
18356,20240902,343,17.55,15.35,15.29
18357,20230825,585,163.26,134.53,161.49
18358,20251123,460,84.17,74.54,86.13
18359,20240914,691,160.49,132.34,180.3
18360,20250920,569,318.86,280.14,346.51
18361,20231123,197,150.97,142.57,173.56
18362,20231109,568,27.56,27.33,26.92
18363,20230205,25,50.32,49.33,50.92
18364,20250204,63,58.12,54.45,49.46
18365,20250102,750,22.62,21.35,23.68
18366,20230617,783,254.01,211.25,281.98
18367,20251107,580,282.51,241.64,254.02
18368,20240606,232,283.79,245.95,274.85
18369,20250106,647,184.7,138.54,210.0
18370,20260312,656,264.51,241.77,271.69
18371,20260112,205,82.38,70.55,89.67
18372,20260622,48,76.9,66.79,66.28
18373,20251028,357,34.05,30.52,31.26
18374,20240921,219,21.56,21.47,22.27
18375,20231105,254,91.01,79.66,89.85
18376,20231012,456,219.24,212.25,223.26
18377,20231003,622,97.19,75.01,97.25
18378,20250610,522,104.14,81.03,110.81
18379,20230718,199,127.18,126.98,113.99
18380,20240515,22,105.46,82.06,113.96
18381,20230803,778,248.68,206.89,274.42
18382,20250704,761,403.08,363.28,397.62
18383,20250324,463,203.4,199.69,201.82
18384,20250210,734,36.51,36.17,34.79
18385,20230414,447,59.76,55.74,63.79
18386,20251215,670,228.6,215.9,252.1
18387,20240323,240,48.56,45.06,49.94
18388,20230926,306,267.41,214.37,294.16
18389,20231016,793,136.99,106.12,117.47
18390,20230201,306,267.41,262.83,271.24
18391,20250320,292,324.11,319.25,362.28
18392,20260124,782,103.0,79.21,102.65
18393,20260317,320,204.9,155.3,189.47
18394,20240528,492,101.28,97.3,110.64
18395,20230501,607,181.88,137.63,194.56
18396,20250826,25,50.32,42.44,47.15
18397,20241120,209,254.65,249.24,224.14
18398,20251202,516,76.0,74.33,79.75
18399,20250823,234,318.9,251.91,307.12
18400,20230814,48,76.9,74.4,68.07
18401,20240107,571,319.71,244.01,353.65
18402,20260107,631,266.82,246.14,294.1
18403,20260128,782,103.0,93.15,105.76
18404,20230517,434,136.54,119.35,145.94
18405,20230907,386,184.17,183.41,178.96
18406,20230322,35,16.22,13.84,18.1
18407,20260530,293,423.76,397.37,378.42
18408,20240109,525,333.84,331.01,317.61
18409,20230415,98,316.05,294.66,329.81
18410,20240816,400,179.93,136.11,169.36
18411,20250723,223,289.35,253.09,290.59
18412,20241217,137,17.94,17.24,15.83
18413,20241219,151,452.82,431.42,430.19
18414,20251020,438,40.99,34.58,40.67
18415,20230218,489,258.71,250.31,262.65
18416,20230601,93,61.41,50.42,59.57
18417,20230221,753,306.18,295.71,264.91
18418,20230528,773,48.89,44.68,43.39
18419,20240915,553,68.99,61.41,76.68
18420,20240403,463,203.4,174.29,212.91
18421,20260304,89,83.91,75.61,81.83
18422,20230121,523,151.65,116.68,158.29
18423,20240525,748,241.47,202.16,223.17
18424,20251028,776,93.65,72.54,86.52
18425,20230222,578,330.25,282.41,331.95
18426,20230418,234,318.9,300.39,313.6
18427,20230316,330,288.16,258.23,300.0
18428,20230825,410,94.32,89.3,82.67
18429,20230622,617,100.85,84.2,114.58
18430,20250727,318,41.09,37.98,43.38
18431,20230211,49,197.2,175.96,199.44
18432,20231216,761,403.08,347.91,345.86
18433,20230829,185,138.24,132.66,150.16
18434,20251002,336,366.26,310.54,369.83
18435,20240330,565,40.62,40.33,43.78
18436,20230926,382,50.92,48.88,46.82
18437,20240417,579,241.27,218.53,263.76
18438,20260531,628,117.7,101.41,121.54
18439,20250210,229,168.69,154.45,154.55
18440,20230821,204,137.31,127.19,157.85
18441,20240827,520,361.69,302.45,380.77
18442,20250827,721,249.16,231.57,249.37
18443,20241227,438,40.99,34.06,37.0
18444,20241201,762,278.35,276.64,282.11
18445,20250430,625,408.43,325.96,357.62
18446,20250502,766,210.17,166.79,217.82
18447,20250224,481,267.97,236.75,260.95
18448,20231120,547,393.46,354.53,449.31
18449,20251107,93,61.41,48.2,62.36
18450,20240515,517,325.99,311.58,373.47
18451,20250221,582,419.19,341.2,433.72
18452,20250924,78,147.0,144.99,135.34
18453,20250825,696,181.19,174.69,160.04
18454,20251101,351,348.89,347.45,326.57
18455,20260626,623,190.11,180.56,207.55
18456,20250911,52,21.14,18.89,22.55
18457,20250425,578,330.25,271.5,282.71
18458,20250823,40,246.38,204.15,231.74
18459,20240930,471,34.5,29.97,29.54
18460,20240802,502,358.64,305.67,306.53
18461,20251220,12,262.97,203.4,226.17
18462,20230421,66,232.57,178.61,255.51
18463,20260217,24,126.6,117.48,133.07
18464,20231024,192,142.28,135.72,160.94
18465,20260323,753,306.18,231.8,286.69
18466,20251107,275,34.97,34.92,30.83
18467,20240202,139,382.89,317.47,363.75
18468,20240608,466,314.66,288.78,310.22
18469,20240822,506,49.38,47.77,45.62
18470,20241129,737,232.1,215.11,221.26
18471,20230313,554,59.83,46.84,58.82
18472,20240105,323,221.18,175.12,230.86
18473,20230607,6,195.36,154.52,204.91
18474,20260211,231,190.39,165.14,210.75
18475,20250922,494,380.5,334.38,416.58
18476,20230930,486,204.27,173.93,190.83
18477,20250720,201,178.89,139.49,198.05
18478,20250908,119,333.87,258.63,313.1
18479,20250523,105,380.19,360.99,430.99
18480,20230604,129,285.77,284.77,315.17
18481,20240418,72,119.72,97.73,118.6
18482,20240114,313,145.22,143.96,136.65
18483,20250830,519,54.14,52.2,58.51
18484,20250815,357,34.05,32.54,31.79
18485,20251110,391,64.13,55.88,59.64
18486,20241011,455,34.92,27.89,32.36
18487,20230227,435,227.4,179.25,195.14
18488,20251208,560,40.22,33.38,42.43
18489,20250709,279,296.99,233.87,270.35
18490,20260329,635,53.49,52.76,52.66
18491,20230923,672,106.54,93.82,119.17
18492,20230402,108,24.49,19.06,24.46
18493,20240418,312,205.56,189.84,182.95
18494,20241201,177,72.58,61.25,65.88
18495,20231117,528,365.56,281.86,416.1
18496,20250221,376,268.5,249.48,276.24
18497,20230330,533,169.61,134.02,165.83
18498,20230901,328,77.81,69.79,85.5
18499,20260105,542,118.48,110.14,123.02
18500,20260510,352,272.28,245.74,309.86
18501,20260123,43,136.65,112.29,148.01
18502,20250310,439,350.84,294.91,359.87
18503,20251108,680,272.43,204.64,240.68
18504,20251222,720,410.49,376.42,374.33
18505,20240424,609,249.15,225.37,284.65
18506,20260323,162,43.61,36.57,46.18
18507,20240321,458,116.37,113.02,101.75
18508,20240313,392,148.86,113.05,157.95
18509,20231023,450,361.37,299.01,378.64
18510,20240726,637,73.36,68.03,70.8
18511,20230729,272,66.09,62.5,68.31
18512,20250312,502,358.64,340.8,372.63
18513,20260502,229,168.69,155.65,157.13
18514,20240326,717,37.49,28.13,39.88
18515,20250806,164,412.46,319.48,447.28
18516,20241024,304,72.0,71.29,70.43
18517,20241004,717,37.49,28.66,35.44
18518,20230402,694,65.85,59.31,56.7
18519,20250525,141,224.09,189.63,236.86
18520,20231228,491,168.23,131.87,156.02
18521,20251014,427,416.06,392.4,409.05
18522,20240906,5,163.2,137.28,167.43
18523,20241217,750,22.62,17.53,21.13
18524,20230612,430,96.92,81.57,106.24
18525,20240505,91,191.54,157.14,215.59
18526,20230213,177,72.58,66.33,64.77
18527,20250928,762,278.35,258.6,310.06
18528,20260323,296,86.09,77.79,86.48
18529,20260120,620,141.64,135.77,161.54
18530,20250516,245,129.45,128.5,112.9
18531,20240102,288,29.26,27.2,27.34
18532,20251212,131,24.54,20.74,22.43
18533,20240903,789,412.97,335.63,451.66
18534,20240707,666,221.55,170.93,252.34
18535,20240218,312,205.56,159.3,227.13
18536,20231203,733,218.3,194.21,239.26
18537,20240909,178,241.37,229.78,238.75
18538,20250622,177,72.58,68.63,70.35
18539,20260512,74,140.18,129.76,150.93
18540,20230102,666,221.55,212.05,216.5
18541,20231212,659,165.56,152.0,184.67
18542,20260121,653,210.05,178.82,218.83
18543,20251129,320,204.9,165.1,180.9
18544,20240718,271,181.82,139.73,159.85
18545,20231224,304,72.0,67.36,66.34
18546,20240910,542,118.48,97.39,109.73
18547,20240308,789,412.97,365.91,423.44
18548,20250705,530,239.02,201.56,238.24
18549,20250504,318,41.09,34.15,38.24
18550,20241201,737,232.1,200.7,218.35
18551,20240701,357,34.05,27.26,33.6
18552,20260310,359,156.76,129.82,174.89
18553,20250414,198,61.79,57.77,65.52
18554,20240918,319,283.51,232.88,244.26
18555,20250331,280,44.45,37.94,50.28
18556,20240205,15,179.98,137.1,153.69
18557,20230817,24,126.6,111.91,131.14
18558,20231210,164,412.46,338.16,391.9
18559,20240326,127,264.28,263.51,226.66
18560,20240926,382,50.92,47.91,54.21
18561,20250509,181,341.92,269.28,310.87
18562,20250920,795,235.28,205.79,215.19
18563,20251013,399,52.27,52.03,49.39
18564,20230728,228,211.07,177.1,206.3
18565,20250704,145,222.21,193.71,207.06
18566,20230214,494,380.5,287.32,407.19
18567,20251020,176,155.18,149.76,170.41
18568,20230109,489,258.71,255.46,220.14
18569,20250814,95,76.43,59.17,78.98
18570,20260106,577,292.69,291.12,314.74
18571,20250126,193,171.68,158.72,169.25
18572,20230624,39,85.06,83.43,85.22
18573,20250822,193,171.68,139.78,196.3
18574,20241218,320,204.9,190.19,225.24
18575,20231014,349,300.82,226.04,341.47
18576,20240927,503,318.02,297.98,356.72
18577,20240228,165,223.04,180.8,240.07
18578,20240127,73,219.47,208.59,249.11
18579,20231212,704,18.97,18.53,20.44
18580,20231105,750,22.62,20.49,21.5
18581,20240622,665,406.18,346.24,374.91
18582,20240629,69,201.68,155.63,227.76
18583,20260411,290,323.07,267.12,369.82
18584,20230925,206,36.22,30.03,39.18
18585,20230531,698,103.34,94.15,101.85
18586,20230602,121,298.82,276.46,283.27
18587,20250301,532,328.3,252.3,364.48
18588,20240513,604,104.98,88.37,90.9
18589,20260221,29,170.48,131.5,158.8
18590,20250225,143,275.87,257.18,289.14
18591,20251203,108,24.49,20.11,23.6
18592,20251022,174,208.41,188.07,185.83
18593,20250107,613,46.15,45.4,40.84
18594,20230521,683,426.67,420.26,404.28
18595,20251115,194,314.56,296.51,305.37
18596,20250405,577,292.69,272.11,297.88
18597,20240914,559,55.12,50.15,48.69
18598,20260324,209,254.65,253.51,260.34
18599,20230930,431,27.19,26.57,24.68
18600,20230629,424,164.94,140.51,164.68
18601,20251116,436,313.39,292.61,320.19
18602,20240316,470,186.23,163.05,208.18
18603,20230722,392,148.86,114.11,169.58
18604,20230627,254,91.01,89.31,89.49
18605,20240617,5,163.2,128.1,171.33
18606,20250420,398,70.82,63.21,67.68
18607,20240529,174,208.41,205.57,196.32
18608,20231128,612,244.74,184.45,266.39
18609,20260509,768,253.35,238.66,269.78
18610,20240705,495,21.23,18.49,22.96
18611,20260402,50,253.67,224.23,233.69
18612,20231206,137,17.94,16.28,19.92
18613,20241117,4,279.54,272.62,255.31
18614,20250927,655,70.94,69.78,67.47
18615,20260214,45,269.74,269.53,234.45
18616,20260418,132,116.18,115.33,99.63
18617,20230725,417,243.35,199.95,266.95
18618,20250123,251,350.95,332.91,345.96
18619,20260517,416,128.68,106.49,122.08
18620,20230214,639,208.98,168.67,199.35
18621,20250126,704,18.97,18.92,16.8
18622,20250823,44,186.98,173.93,209.09
18623,20250418,710,52.14,40.63,47.33
18624,20250617,90,228.46,217.84,249.52
18625,20250124,287,248.3,202.43,266.67
18626,20230207,540,329.69,271.37,367.05
18627,20240316,166,277.57,215.8,261.79
18628,20240515,197,150.97,128.79,155.45
18629,20251121,751,98.86,89.12,91.69
18630,20260518,708,140.71,105.86,120.62
18631,20241014,725,378.22,375.79,338.75
18632,20240128,8,211.32,183.66,193.73
18633,20260526,398,70.82,55.45,80.37
18634,20240417,499,261.75,251.7,249.52
18635,20260519,9,228.25,191.61,253.42
18636,20260129,332,121.61,101.55,128.78
18637,20241109,751,98.86,81.01,90.08
18638,20240811,658,277.36,263.29,264.59
18639,20241208,618,117.82,104.83,124.38
18640,20260327,309,270.23,235.88,290.41
18641,20240122,423,26.19,25.3,25.46
18642,20250401,360,146.23,117.4,164.41
18643,20240101,474,285.61,215.87,294.07
18644,20240616,59,71.61,68.68,64.06
18645,20230320,581,46.45,41.2,41.01
18646,20250729,20,54.98,52.85,62.41
18647,20250607,129,285.77,268.36,247.98
18648,20240916,161,202.52,167.89,224.96
18649,20230331,563,41.14,32.14,35.19
18650,20240413,17,231.2,202.77,260.44
18651,20230701,18,49.16,48.33,50.26
18652,20230121,749,202.73,187.91,174.51
18653,20260505,740,239.3,212.44,232.61
18654,20241004,644,440.69,332.65,466.94
18655,20250920,699,65.91,51.15,64.55
18656,20250915,129,285.77,227.21,317.25
18657,20250901,555,113.22,111.02,98.49
18658,20240309,379,306.26,233.37,345.17
18659,20230916,513,255.23,191.7,243.06
18660,20250413,47,225.94,184.16,252.24
18661,20250702,617,100.85,92.51,107.71
18662,20240415,168,139.86,107.38,150.0
18663,20260623,77,218.69,193.28,208.96
18664,20231017,81,274.94,244.5,240.09
18665,20251128,234,318.9,247.43,301.34
18666,20240413,638,35.51,28.18,34.92
18667,20231015,606,54.24,53.48,46.14
18668,20250407,584,303.45,273.19,287.04
18669,20241110,224,205.12,196.8,215.86
18670,20230324,197,150.97,119.12,161.0
18671,20250604,117,66.51,56.11,76.45
18672,20250418,105,380.19,367.26,368.4
18673,20240526,552,211.79,179.03,208.13
18674,20260416,628,117.7,89.41,116.63
18675,20251218,584,303.45,293.54,310.27
18676,20230305,273,176.31,175.83,177.86
18677,20230201,408,74.67,65.83,71.18
18678,20260109,578,330.25,320.03,363.75
18679,20230220,307,130.54,120.29,135.85
18680,20241201,763,348.36,346.74,352.2
18681,20230803,463,203.4,163.61,228.22
18682,20230626,545,24.51,22.52,24.81
18683,20260526,404,249.7,193.53,265.26
18684,20230916,373,240.17,209.29,262.3
18685,20230902,165,223.04,188.64,195.03
18686,20230123,715,170.39,145.63,175.16
18687,20260217,275,34.97,34.43,32.94
18688,20251225,37,408.21,405.89,382.96
18689,20240616,569,318.86,251.65,299.83
18690,20230618,305,183.32,166.92,165.49
18691,20260104,691,160.49,132.2,136.92
18692,20250521,500,394.62,379.23,392.83
18693,20260609,341,53.82,51.09,49.67
18694,20250414,602,85.13,68.86,78.11
18695,20230929,531,18.72,15.68,17.26
18696,20250915,138,287.07,261.15,320.16
18697,20250226,584,303.45,236.51,260.47
18698,20231009,637,73.36,72.43,83.19
18699,20260315,219,21.56,19.91,24.38
18700,20240404,628,117.7,107.54,113.28
18701,20251120,337,284.78,283.74,270.07
18702,20240525,667,106.93,94.77,116.36
18703,20230821,74,140.18,136.45,144.2
18704,20231128,257,153.43,146.06,146.19
18705,20240108,49,197.2,177.73,219.68
18706,20250428,165,223.04,209.62,197.56
18707,20250826,378,260.57,222.5,253.14
18708,20240521,256,108.27,82.05,103.32
18709,20240630,17,231.2,224.86,237.54
18710,20230318,391,64.13,51.83,55.07
18711,20231214,311,360.5,341.48,343.2
18712,20260325,87,204.15,153.67,212.99
18713,20241111,321,380.87,303.71,352.39
18714,20241015,459,41.78,36.75,47.98
18715,20260420,467,166.44,129.85,187.75
18716,20250722,220,267.45,232.39,280.92
18717,20230817,349,300.82,286.85,302.67
18718,20241229,98,316.05,301.07,311.89
18719,20260610,56,266.02,217.07,269.18
18720,20250812,351,348.89,347.81,382.59
18721,20260423,318,41.09,40.44,41.43
18722,20241223,158,81.27,80.69,89.65
18723,20240226,329,269.12,226.71,295.58
18724,20240508,557,165.04,154.86,187.81
18725,20240425,77,218.69,218.51,198.35
18726,20230726,607,181.88,158.09,156.98
18727,20250219,483,167.82,147.02,150.18
18728,20250213,569,318.86,316.37,352.07
18729,20260516,638,35.51,34.35,34.62
18730,20250121,502,358.64,290.45,339.34
18731,20251220,202,290.4,254.86,255.18
18732,20240912,628,117.7,113.72,122.63
18733,20231130,585,163.26,125.6,143.01
18734,20260415,421,82.54,74.35,81.95
18735,20240821,96,204.85,165.32,218.16
18736,20240418,251,350.95,265.71,349.1
18737,20250731,467,166.44,161.97,158.87
18738,20240401,366,384.91,297.74,336.45
18739,20250417,89,83.91,73.05,79.55
18740,20250213,444,271.47,231.33,267.95
18741,20230409,472,30.87,28.43,34.02
18742,20240512,645,259.57,201.35,237.54
18743,20241011,319,283.51,227.85,247.97
18744,20251125,1,128.02,126.46,142.12
18745,20240402,474,285.61,265.17,266.62
18746,20230731,215,179.63,145.69,195.94
18747,20230201,116,34.36,32.07,30.25
18748,20251106,338,214.38,176.66,210.37
18749,20230317,161,202.52,168.58,206.4
18750,20250330,709,35.68,28.13,39.78
18751,20250626,534,111.77,93.47,117.82
18752,20250702,356,128.43,97.57,123.85
18753,20251031,717,37.49,33.98,42.92
18754,20230704,53,274.33,230.44,280.25
18755,20251011,246,289.83,269.79,254.09
18756,20240809,564,142.88,132.44,147.1
18757,20250112,245,129.45,97.53,116.17
18758,20250625,490,84.06,78.76,88.31
18759,20250406,488,237.94,216.48,226.72
18760,20260107,686,193.71,174.35,210.25
18761,20250319,731,425.46,336.77,418.12
18762,20250804,704,18.97,17.24,18.47
18763,20251105,433,60.97,58.59,55.13
18764,20250305,559,55.12,51.95,58.21
18765,20250908,555,113.22,103.8,120.11
18766,20260409,707,225.72,186.07,234.14
18767,20240822,708,140.71,109.03,158.64
18768,20241008,706,136.94,105.02,147.62
18769,20230626,366,384.91,373.61,401.8
18770,20240704,52,21.14,18.94,18.41
18771,20260307,793,136.99,118.89,131.27
18772,20230706,751,98.86,81.77,113.36
18773,20231013,345,274.13,244.12,290.25
18774,20250602,706,136.94,133.38,145.05
18775,20250703,535,170.95,160.6,192.55
18776,20230626,469,161.37,159.88,145.41
18777,20230921,695,219.54,190.79,245.6
18778,20250812,168,139.86,113.41,140.96
18779,20240707,14,109.54,84.69,109.95
18780,20240204,633,57.66,46.27,60.72
18781,20260204,494,380.5,298.41,326.05
18782,20250817,529,73.96,68.74,82.08
18783,20240110,547,393.46,367.88,344.14
18784,20240211,685,141.65,107.55,128.84
18785,20230513,470,186.23,176.82,177.63
18786,20240731,316,244.0,190.84,225.9
18787,20260412,220,267.45,250.89,302.39
18788,20231026,725,378.22,331.77,419.59
18789,20240716,713,325.0,254.09,345.12
18790,20230828,445,236.18,232.56,266.99
18791,20250313,104,158.51,143.15,139.98
18792,20240905,399,52.27,43.15,49.61
18793,20240501,109,374.56,328.96,354.38
18794,20260225,268,75.48,61.13,66.29
18795,20230224,195,225.23,193.54,216.67
18796,20230321,10,52.67,47.77,45.78
18797,20260624,366,384.91,345.57,418.37
18798,20260423,107,92.43,76.61,101.3
18799,20240403,312,205.56,191.91,185.83
18800,20230823,420,122.78,110.64,138.91
18801,20241010,251,350.95,332.61,327.91
18802,20230720,254,91.01,89.74,88.75
18803,20231029,90,228.46,213.17,225.36
18804,20230217,505,143.55,134.98,153.74
18805,20251004,165,223.04,172.01,236.38
18806,20230318,497,311.63,269.08,321.07
18807,20230816,209,254.65,198.59,224.79
18808,20241211,138,287.07,230.94,277.4
18809,20260618,639,208.98,181.72,227.12
18810,20241022,726,274.85,240.51,314.88
18811,20260403,585,163.26,146.48,178.71
18812,20251226,690,128.51,121.37,140.92
18813,20250611,795,235.28,179.28,239.88
18814,20250917,279,296.99,289.29,289.76
18815,20251107,58,31.75,31.36,27.73
18816,20230507,202,290.4,290.08,330.12
18817,20240404,219,21.56,20.22,23.68
18818,20260601,370,263.18,217.83,297.7
18819,20240915,488,237.94,207.29,236.7
18820,20260526,24,126.6,126.03,132.47
18821,20230912,784,112.95,109.81,125.87
18822,20240713,517,325.99,289.39,335.22
18823,20230509,227,292.62,274.99,333.79
18824,20240329,132,116.18,107.24,119.89
18825,20260404,757,118.51,99.97,134.07
18826,20240728,389,13.99,12.43,14.69
18827,20251031,418,235.9,179.35,229.67
18828,20230323,567,223.92,223.19,217.27
18829,20260413,521,260.98,209.28,272.87
18830,20251223,430,96.92,82.84,98.37
18831,20241125,173,352.79,295.07,313.14
18832,20260124,144,249.79,229.44,255.91
18833,20230411,770,92.3,87.22,90.97
18834,20250314,791,228.37,218.85,208.52
18835,20250214,453,159.04,153.22,148.65
18836,20230422,654,223.67,222.91,214.29
18837,20230112,513,255.23,243.76,221.97
18838,20250913,621,238.21,211.94,217.33
18839,20260503,668,120.7,93.45,113.63
18840,20260226,741,212.39,173.4,218.43
18841,20230731,482,74.27,73.05,67.17
18842,20240317,254,91.01,78.46,77.36
18843,20240326,291,178.18,146.15,180.95
18844,20240526,782,103.0,78.42,111.88
18845,20250906,109,374.56,345.64,318.96
18846,20240504,133,157.64,137.27,148.89
18847,20251116,561,223.15,169.05,235.19
18848,20251022,230,55.79,48.34,63.8
18849,20260313,123,122.98,97.87,138.28
18850,20230128,179,40.39,36.44,37.33
18851,20230329,288,29.26,27.37,33.41
18852,20260417,284,15.97,14.54,13.77
18853,20230109,196,79.66,68.39,89.83
18854,20260615,256,108.27,82.31,114.49
18855,20250908,208,194.43,176.89,190.21
18856,20250502,383,55.74,53.28,48.97
18857,20260421,713,325.0,309.5,328.76
18858,20230707,685,141.65,138.08,157.56
18859,20250921,619,96.72,78.02,88.2
18860,20250720,654,223.67,219.04,198.18
18861,20260305,457,60.47,54.66,65.76
18862,20241110,499,261.75,210.53,297.1
18863,20260523,121,298.82,230.15,337.74
18864,20251010,753,306.18,271.1,298.69
18865,20250819,752,83.54,70.11,78.83
18866,20230410,470,186.23,153.7,193.41
18867,20230804,534,111.77,90.65,113.81
18868,20240626,381,275.49,235.96,274.46
18869,20250907,206,36.22,27.66,37.91
18870,20240222,749,202.73,163.96,226.05
18871,20260628,85,52.93,49.63,55.7
18872,20230115,121,298.82,251.35,322.79
18873,20250526,297,203.31,187.58,212.8
18874,20260525,767,29.98,26.22,27.92
18875,20250401,302,95.16,89.99,106.2
18876,20230629,325,223.83,223.79,206.23
18877,20230605,745,215.3,207.0,184.07
18878,20230413,759,228.08,201.87,212.59
18879,20240804,390,259.85,216.66,271.68
18880,20230714,729,357.03,289.41,367.94
18881,20240505,20,54.98,49.28,57.66
18882,20230419,582,419.19,317.22,432.81
18883,20250410,302,95.16,86.61,89.17
18884,20230623,458,116.37,111.09,108.72
18885,20241226,712,117.99,114.24,103.85
18886,20240305,45,269.74,227.81,273.48
18887,20230121,678,133.31,127.97,143.7
18888,20230516,16,121.92,107.31,121.19
18889,20260129,406,176.64,155.14,155.6
18890,20240603,116,34.36,29.12,38.63
18891,20241114,607,181.88,144.11,155.16
18892,20240612,468,354.29,321.6,328.49
18893,20241002,61,9.0,6.96,9.32
18894,20250320,406,176.64,146.71,172.02
18895,20240427,96,204.85,200.62,222.73
18896,20250225,723,392.9,301.68,377.01
18897,20240329,659,165.56,130.51,185.83
18898,20250125,513,255.23,195.18,242.94
18899,20260107,185,138.24,121.53,147.0
18900,20240930,85,52.93,41.19,56.19
18901,20250226,512,65.44,60.88,65.12
18902,20230331,274,185.35,147.0,165.52
18903,20241008,374,330.48,300.22,346.46
18904,20250617,631,266.82,200.32,274.18
18905,20240817,476,235.18,230.72,245.89
18906,20240130,777,116.51,99.57,103.22
18907,20251020,404,249.7,193.58,267.03
18908,20250504,47,225.94,194.42,243.23
18909,20250207,293,423.76,381.89,480.06
18910,20230703,56,266.02,208.73,288.29
18911,20230819,729,357.03,320.52,331.79
18912,20230309,57,20.69,17.21,19.14
18913,20241014,607,181.88,164.45,173.39
18914,20250218,520,361.69,321.87,383.46
18915,20240121,266,259.97,239.58,290.89
18916,20240416,567,223.92,206.3,195.6
18917,20241201,663,304.83,280.27,278.93
18918,20250403,18,49.16,46.18,48.58
18919,20230808,524,130.88,102.79,115.46
18920,20241130,527,81.74,70.7,87.03
18921,20231031,126,119.25,104.56,118.6
18922,20240511,417,243.35,186.01,216.45
18923,20260107,216,336.54,311.26,301.58
18924,20230320,731,425.46,417.81,448.54
18925,20260617,226,250.65,240.01,229.56
18926,20250317,374,330.48,327.14,330.75
18927,20260328,215,179.63,167.59,187.85
18928,20240511,455,34.92,32.29,34.07
18929,20240212,179,40.39,38.38,40.05
18930,20231224,105,380.19,302.71,346.46
18931,20230426,604,104.98,85.44,100.97
18932,20240402,737,232.1,223.86,224.42
18933,20260210,448,28.11,28.09,24.72
18934,20251011,610,31.94,27.82,30.84
18935,20250706,659,165.56,128.44,172.1
18936,20231003,79,253.18,229.55,221.73
18937,20250216,442,36.82,29.86,37.84
18938,20230504,370,263.18,200.25,280.53
18939,20250401,525,333.84,327.14,319.99
18940,20250902,234,318.9,280.97,278.94
18941,20230610,95,76.43,59.51,75.51
18942,20250329,258,30.13,28.78,25.97
18943,20250105,699,65.91,52.95,60.82
18944,20241029,137,17.94,14.31,16.38
18945,20230308,637,73.36,64.99,68.01
18946,20250318,59,71.61,58.73,63.56
18947,20230127,486,204.27,176.91,225.12
18948,20260302,742,222.66,181.4,217.13
18949,20230327,422,51.31,47.74,50.4
18950,20240326,699,65.91,62.7,60.89
18951,20240718,393,22.43,19.54,23.9
18952,20250317,564,142.88,136.75,141.56
18953,20260130,214,309.39,235.95,351.57
18954,20250429,726,274.85,227.31,255.11
18955,20260427,605,161.5,133.09,162.51
18956,20251006,620,141.64,107.2,148.35
18957,20231222,147,53.98,53.15,49.02
18958,20250904,317,251.02,212.37,273.62
18959,20260613,634,132.1,119.67,113.55
18960,20231031,209,254.65,235.46,218.83
18961,20240916,376,268.5,243.71,244.97
18962,20240430,553,68.99,55.26,76.99
18963,20250322,75,117.53,102.92,115.94
18964,20260615,300,94.2,77.64,80.88
18965,20240817,240,48.56,37.9,54.96
18966,20241108,107,92.43,76.39,96.01
18967,20240616,109,374.56,325.89,419.22
18968,20230725,407,187.73,145.49,200.56
18969,20230426,207,387.32,298.38,395.17
18970,20250328,16,121.92,112.07,126.03
18971,20240521,20,54.98,41.54,54.22
18972,20230914,297,203.31,180.7,199.6
18973,20250706,240,48.56,38.97,48.67
18974,20230418,205,82.38,67.47,87.39
18975,20240920,154,257.41,249.97,280.23
18976,20231213,567,223.92,202.48,254.06
18977,20251004,332,121.61,96.51,130.92
18978,20240801,508,358.96,347.07,321.78
18979,20251028,625,408.43,325.15,415.75
18980,20250221,557,165.04,144.22,172.14
18981,20251111,765,31.01,27.8,35.34
18982,20240221,481,267.97,256.82,293.32
18983,20230522,342,102.47,96.76,104.95
18984,20250304,61,9.0,7.18,9.14
18985,20250626,340,256.97,231.36,265.51
18986,20240803,279,296.99,249.3,340.85
18987,20230322,767,29.98,25.11,33.74
18988,20250326,296,86.09,74.23,75.96
18989,20250201,622,97.19,77.6,100.76
18990,20251230,404,249.7,191.02,276.55
18991,20230129,202,290.4,218.15,288.4
18992,20250406,191,330.51,315.9,282.77
18993,20231004,555,113.22,91.0,104.73
18994,20240701,563,41.14,34.87,46.75
18995,20251215,656,264.51,260.73,242.7
18996,20250729,255,317.46,287.71,322.61
18997,20240905,699,65.91,62.07,75.73
18998,20250128,2,108.79,88.25,112.63
18999,20250517,159,138.34,116.89,130.06
19000,20231112,662,142.93,130.58,138.41
19001,20241213,115,258.32,214.82,289.53
19002,20230124,658,277.36,209.64,312.88
19003,20240823,264,10.22,8.61,11.61
19004,20250318,546,65.36,63.88,75.16
19005,20230411,52,21.14,20.0,23.52
19006,20240428,482,74.27,65.05,75.86
19007,20230811,754,408.58,383.1,373.07
19008,20230131,585,163.26,148.54,179.18
19009,20230122,281,253.48,242.03,278.77
19010,20260612,341,53.82,51.75,47.09
19011,20260328,523,151.65,151.62,165.28
19012,20260201,129,285.77,248.12,326.57
19013,20240507,578,330.25,318.6,366.21
19014,20251212,44,186.98,148.42,200.0
19015,20250305,283,273.75,259.19,271.44
19016,20250421,391,64.13,52.33,61.24
19017,20241104,488,237.94,236.52,247.11
19018,20260317,799,172.35,148.16,146.6
19019,20251230,710,52.14,43.96,52.49
19020,20240622,220,267.45,257.41,264.09
19021,20260412,439,350.84,343.25,376.97
19022,20260219,572,96.08,72.72,94.64
19023,20250821,352,272.28,257.18,252.14
19024,20230621,158,81.27,81.12,69.97
19025,20231103,246,289.83,267.51,290.55
19026,20230508,639,208.98,161.51,182.32
19027,20260104,74,140.18,106.52,131.29
19028,20230225,766,210.17,188.67,211.9
19029,20260623,130,108.44,100.64,115.6
19030,20240730,428,389.44,355.04,377.04
19031,20250904,775,193.35,187.19,203.93
19032,20230509,680,272.43,235.16,262.44
19033,20230922,602,85.13,80.82,85.3
19034,20240116,381,275.49,209.81,276.48
19035,20260328,205,82.38,72.22,80.4
19036,20241231,316,244.0,229.7,258.99
19037,20260103,276,66.7,51.01,57.92
19038,20230203,569,318.86,284.0,341.36
19039,20240224,260,283.2,245.54,268.49
19040,20230731,35,16.22,13.88,16.36
19041,20260314,336,366.26,339.98,385.35
19042,20230218,215,179.63,141.98,164.93
19043,20250601,512,65.44,50.36,58.34
19044,20241130,449,22.61,19.15,19.61
19045,20241028,381,275.49,244.09,265.97
19046,20260329,668,120.7,119.49,130.92
19047,20260526,628,117.7,115.48,110.55
19048,20260111,483,167.82,142.59,166.92
19049,20240928,308,277.35,274.19,247.26
19050,20230728,228,211.07,172.06,186.62
19051,20250122,503,318.02,297.1,294.66
19052,20230626,471,34.5,31.37,29.63
19053,20240827,352,272.28,245.36,301.17
19054,20260114,118,410.38,401.39,364.84
19055,20250728,558,241.4,211.34,245.42
19056,20251026,254,91.01,85.19,86.64
19057,20250930,789,412.97,312.61,426.55
19058,20251031,277,308.04,306.25,340.42
19059,20230517,781,50.54,45.07,45.43
19060,20250527,336,366.26,345.46,339.15
19061,20250916,580,282.51,238.27,310.46
19062,20260216,468,354.29,304.56,336.87
19063,20240902,607,181.88,167.0,190.41
19064,20230525,798,130.63,115.47,121.0
19065,20230519,573,146.12,145.67,144.38
19066,20241216,647,184.7,159.51,191.41
19067,20230509,306,267.41,236.8,255.0
19068,20250104,180,25.06,21.75,22.26
19069,20230401,787,222.59,206.32,198.5
19070,20230325,441,334.72,279.58,341.01
19071,20250527,349,300.82,246.88,343.23
19072,20250201,435,227.4,200.8,234.76
19073,20241215,799,172.35,168.15,185.62
19074,20230922,151,452.82,424.04,453.21
19075,20260525,356,128.43,124.72,113.39
19076,20240728,180,25.06,20.83,21.93
19077,20260108,529,73.96,73.13,67.85
19078,20260528,346,279.84,228.58,313.66
19079,20230920,331,284.71,225.17,266.55
19080,20240406,151,452.82,389.36,499.54
19081,20250828,383,55.74,44.44,58.16
19082,20250523,513,255.23,220.51,224.71
19083,20240921,737,232.1,228.65,223.94
19084,20250728,389,13.99,12.52,12.41
19085,20240412,675,310.72,239.7,264.81
19086,20241119,305,183.32,153.04,162.91
19087,20241223,319,283.51,258.53,314.78
19088,20250916,380,239.62,191.93,260.52
19089,20231226,557,165.04,144.83,148.11
19090,20231219,769,93.19,80.76,102.28
19091,20251026,462,220.62,188.22,195.95
19092,20241206,366,384.91,365.92,338.91
19093,20240220,323,221.18,176.2,205.25
19094,20231002,224,205.12,159.32,195.34
19095,20250807,673,423.99,377.57,371.87
19096,20230707,334,266.65,200.33,289.99
19097,20251013,310,71.17,54.1,78.03
19098,20250518,697,203.47,172.78,220.87
19099,20230213,659,165.56,137.32,156.71
19100,20230913,29,170.48,131.87,173.16
19101,20230328,563,41.14,36.6,37.9
19102,20230629,613,46.15,44.85,41.79
19103,20250428,504,24.53,22.75,23.45
19104,20241126,397,149.6,118.03,134.09
19105,20240621,75,117.53,105.67,129.62
19106,20250627,696,181.19,146.85,156.65
19107,20260401,381,275.49,211.48,308.42
19108,20250422,471,34.5,30.75,38.93
19109,20260120,261,212.23,200.04,213.36
19110,20251108,333,315.8,302.32,331.42
19111,20250828,25,50.32,46.38,56.16
19112,20250903,118,410.38,325.98,424.97
19113,20260205,23,213.42,186.46,227.81
19114,20231203,184,305.93,305.07,262.45
19115,20241103,356,128.43,103.54,125.08
19116,20230319,120,187.42,172.0,170.94
19117,20240416,251,350.95,263.65,324.28
19118,20241224,438,40.99,31.13,39.12
19119,20231105,559,55.12,41.4,54.73
19120,20251106,601,17.49,14.41,17.47
19121,20241121,305,183.32,162.02,158.15
19122,20230721,578,330.25,283.42,362.9
19123,20241021,97,301.78,260.09,274.45
19124,20230423,356,128.43,103.43,117.8
19125,20230909,579,241.27,181.17,225.5
19126,20240828,186,192.02,151.07,178.42
19127,20250427,460,84.17,73.61,83.14
19128,20260319,462,220.62,171.01,208.91
19129,20240123,438,40.99,33.15,46.11
19130,20251122,656,264.51,236.06,260.7
19131,20230902,581,46.45,43.94,52.04
19132,20230930,430,96.92,73.72,110.89
19133,20231208,272,66.09,59.68,58.85
19134,20251006,395,380.39,345.72,342.05
19135,20240101,390,259.85,256.75,247.48
19136,20241128,563,41.14,31.51,45.54
19137,20231013,195,225.23,183.04,216.84
19138,20250619,275,34.97,31.62,31.02
19139,20250504,729,357.03,283.17,388.41
19140,20260103,715,170.39,147.23,150.18
19141,20230103,307,130.54,126.66,115.1
19142,20260328,226,250.65,234.84,236.83
19143,20231204,414,196.54,186.86,196.54
19144,20250519,614,10.84,8.36,10.61
19145,20250625,426,82.56,72.93,90.48
19146,20250804,228,211.07,210.52,220.35
19147,20230307,708,140.71,123.2,140.91
19148,20250103,103,169.4,130.56,171.49
19149,20250206,525,333.84,310.46,342.44
19150,20250925,616,278.04,253.24,311.77
19151,20231010,61,9.0,8.66,8.64
19152,20250413,531,18.72,18.69,21.24
19153,20260621,601,17.49,15.25,15.78
19154,20260530,7,169.43,133.02,148.14
19155,20230616,112,332.69,324.92,364.07
19156,20230518,764,38.17,33.6,42.33
19157,20230408,64,238.84,192.92,272.0
19158,20240610,99,363.81,280.15,331.02
19159,20240726,677,101.31,77.24,109.55
19160,20230118,245,129.45,104.03,133.19
19161,20240921,336,366.26,350.8,339.43
19162,20240413,620,141.64,128.25,135.11
19163,20240618,732,90.88,79.96,100.75
19164,20240823,424,164.94,151.9,177.94
19165,20230916,511,114.7,90.16,100.73
19166,20230127,137,17.94,15.17,19.23
19167,20251201,30,325.32,267.15,342.46
19168,20230315,196,79.66,79.29,91.34
19169,20260619,268,75.48,59.09,79.59
19170,20250509,91,191.54,173.5,217.18
19171,20230414,737,232.1,219.81,237.21
19172,20260107,702,260.54,217.41,245.08
19173,20230729,53,274.33,267.44,311.97
19174,20230922,642,93.63,83.24,87.08
19175,20250426,204,137.31,110.82,133.69
19176,20240604,307,130.54,124.89,134.6
19177,20230308,779,134.97,107.17,140.09
19178,20240204,790,117.22,111.6,114.2
19179,20241015,619,96.72,83.97,110.68
19180,20230524,622,97.19,78.65,100.61
19181,20231220,175,303.57,268.28,273.08
19182,20230416,402,21.66,17.93,19.72
19183,20260411,628,117.7,93.08,133.5
19184,20230621,502,358.64,350.1,319.06
19185,20240412,561,223.15,217.96,244.74
19186,20250901,438,40.99,38.29,35.81
19187,20230124,597,11.11,10.76,11.64
19188,20260111,702,260.54,245.63,292.73
19189,20240627,445,236.18,196.8,215.06
19190,20241206,269,15.66,15.51,17.28
19191,20241018,36,214.64,169.38,202.56
19192,20260623,388,209.17,183.94,211.93
19193,20241225,271,181.82,139.57,169.15
19194,20230209,48,76.9,57.99,71.52
19195,20250603,74,140.18,118.13,130.35
19196,20250224,111,310.59,295.48,287.93
19197,20250404,63,58.12,53.02,63.81
19198,20251204,623,190.11,184.53,204.95
19199,20250724,767,29.98,22.69,31.12
19200,20251001,297,203.31,162.79,217.87
19201,20230129,790,117.22,95.05,122.12
19202,20250427,8,211.32,161.34,212.11
19203,20250628,14,109.54,98.85,117.42
19204,20241211,415,83.9,66.16,75.28
19205,20230515,362,342.7,313.86,302.38
19206,20230519,30,325.32,321.92,302.09
19207,20250701,177,72.58,69.58,73.29
19208,20250609,67,220.55,215.75,191.32
19209,20250305,19,252.36,244.38,285.63
19210,20251121,669,256.27,228.5,255.89
19211,20230804,263,87.43,71.78,89.86
19212,20230316,601,17.49,13.36,18.52
19213,20250629,444,271.47,209.05,258.72
19214,20250409,105,380.19,304.27,407.89
19215,20240609,549,116.99,115.36,119.75
19216,20240130,552,211.79,169.91,200.94
19217,20260613,613,46.15,37.83,45.0
19218,20250717,246,289.83,259.05,321.17
19219,20260528,429,195.21,154.79,200.24
19220,20250221,463,203.4,191.55,191.24
19221,20251125,338,214.38,201.73,205.96
19222,20230318,759,228.08,184.02,249.67
19223,20241121,631,266.82,246.39,265.24
19224,20230426,600,66.54,56.39,62.46
19225,20230821,346,279.84,229.24,305.19
19226,20260629,181,341.92,297.81,373.97
19227,20250404,583,182.74,137.06,174.93
19228,20260530,312,205.56,178.79,224.87
19229,20230706,230,55.79,44.38,59.6
19230,20240616,557,165.04,157.8,164.28
19231,20260421,704,18.97,18.64,18.64
19232,20260321,518,38.63,36.2,40.83
19233,20240507,288,29.26,26.9,31.16
19234,20250928,715,170.39,138.09,159.25
19235,20231128,503,318.02,269.76,340.58
19236,20230605,413,98.94,90.76,90.34
19237,20240510,434,136.54,112.3,127.29
19238,20250713,219,21.56,21.2,22.16
19239,20240617,559,55.12,41.76,49.71
19240,20250828,740,239.3,206.17,246.18
19241,20260609,551,39.75,37.63,36.97
19242,20260415,472,30.87,24.72,31.19
19243,20250403,220,267.45,221.44,234.83
19244,20230812,209,254.65,194.66,234.69
19245,20240618,161,202.52,172.06,173.42
19246,20260101,425,155.73,117.0,136.22
19247,20231030,770,92.3,76.19,104.27
19248,20240119,761,403.08,312.87,463.29
19249,20231119,266,259.97,225.07,292.68
19250,20260523,64,238.84,199.53,270.78
19251,20240909,85,52.93,51.29,49.23
19252,20240307,609,249.15,213.55,251.97
19253,20240224,145,222.21,178.88,192.09
19254,20240110,441,334.72,324.11,381.06
19255,20260212,56,266.02,221.38,282.18
19256,20230722,330,288.16,224.62,247.28
19257,20260314,426,82.56,79.89,90.37
19258,20250515,19,252.36,216.9,274.49
19259,20230212,291,178.18,170.57,194.3
19260,20260616,700,159.22,128.89,143.85
19261,20230701,678,133.31,111.8,113.88
19262,20251220,318,41.09,37.9,38.99
19263,20240811,509,90.19,87.45,102.29
19264,20260129,723,392.9,384.72,388.04
19265,20240427,260,283.2,222.34,299.9
19266,20251207,202,290.4,240.04,256.33
19267,20251002,197,150.97,120.71,135.22
19268,20240814,381,275.49,263.99,287.84
19269,20250223,721,249.16,228.55,239.63
19270,20241019,447,59.76,45.87,68.41
19271,20231108,512,65.44,59.46,70.69
19272,20240805,356,128.43,99.6,123.48
19273,20231016,66,232.57,202.58,256.93
19274,20241123,523,151.65,122.1,166.77
19275,20240716,380,239.62,181.63,204.97
19276,20230907,343,17.55,16.39,15.45
19277,20230913,398,70.82,64.7,62.53
19278,20260330,97,301.78,266.45,270.11
19279,20230501,112,332.69,315.93,365.22
19280,20260518,438,40.99,35.8,40.25
19281,20251227,790,117.22,94.93,121.14
19282,20260221,220,267.45,254.81,283.18
19283,20260606,203,357.94,330.08,388.2
19284,20251009,542,118.48,93.47,110.53
19285,20251203,172,59.34,44.78,62.23
19286,20251031,291,178.18,174.87,180.25
19287,20240710,199,127.18,100.74,134.28
19288,20241215,437,95.28,89.52,102.72
19289,20260628,61,9.0,8.74,10.21
19290,20251008,151,452.82,390.34,391.89
19291,20240521,324,210.25,205.16,217.27
19292,20230702,185,138.24,129.89,136.22
19293,20240827,781,50.54,46.06,55.46
19294,20260404,273,176.31,139.68,190.62
19295,20230115,207,387.32,326.06,436.86
19296,20260114,453,159.04,140.8,169.37
19297,20230911,361,218.41,187.69,241.9
19298,20240130,183,26.08,22.98,29.42
19299,20230204,143,275.87,257.49,269.98
19300,20230224,308,277.35,242.2,256.47
19301,20230423,513,255.23,240.06,238.57
19302,20230915,585,163.26,158.79,164.39
19303,20250513,548,210.49,188.99,228.0
19304,20230707,697,203.47,162.02,233.96
19305,20231008,91,191.54,164.96,206.71
19306,20250430,645,259.57,244.47,265.9
19307,20260217,561,223.15,217.76,207.42
19308,20240805,446,47.38,39.52,49.69
19309,20250204,766,210.17,166.72,207.72
19310,20230226,36,214.64,213.47,234.47
19311,20230307,277,308.04,235.58,323.78
19312,20240803,75,117.53,111.92,130.84
19313,20240129,704,18.97,17.68,21.09
19314,20250514,560,40.22,39.79,44.45
19315,20230522,330,288.16,282.47,274.73
19316,20241102,231,190.39,168.32,162.77
19317,20251213,551,39.75,37.04,35.07
19318,20231219,551,39.75,36.25,41.91
19319,20260131,6,195.36,166.28,173.53
19320,20230726,272,66.09,56.65,69.74
19321,20260111,364,58.02,45.34,51.89
19322,20260102,583,182.74,138.61,182.9
19323,20240618,450,361.37,279.89,359.29
19324,20240101,665,406.18,342.9,438.27
19325,20231217,302,95.16,72.3,87.74
19326,20250311,539,287.91,268.93,327.45
19327,20240727,346,279.84,224.11,258.5
19328,20250604,479,253.27,242.1,254.31
19329,20250319,582,419.19,325.99,455.83
19330,20260511,690,128.51,112.94,136.82
19331,20240503,198,61.79,56.02,65.85
19332,20240307,405,234.96,212.18,253.76
19333,20230830,81,274.94,271.78,296.96
19334,20250724,509,90.19,90.17,94.25
19335,20250707,753,306.18,270.54,322.04
19336,20260323,634,132.1,111.96,115.58
19337,20230216,539,287.91,222.63,330.44
19338,20260524,94,11.79,11.36,10.21
19339,20240505,155,168.01,153.73,151.62
19340,20240223,663,304.83,272.36,303.29
19341,20250628,608,103.16,92.43,97.31
19342,20250222,597,11.11,8.68,12.51
19343,20231020,326,267.52,209.35,235.94
19344,20230829,447,59.76,58.59,54.32
19345,20230410,277,308.04,241.73,288.64
19346,20240225,312,205.56,168.95,195.83
19347,20230506,103,169.4,142.96,179.18
19348,20250911,460,84.17,71.74,94.1
19349,20241218,720,410.49,405.84,464.33
19350,20230723,456,219.24,165.58,235.72
19351,20240807,366,384.91,338.06,344.38
19352,20250630,772,272.89,230.05,273.92
19353,20231204,277,308.04,276.49,288.23
19354,20240210,35,16.22,14.95,17.57
19355,20240611,369,98.11,96.08,106.83
19356,20240309,685,141.65,131.14,126.54
19357,20240731,756,394.25,303.77,424.76
19358,20260411,774,100.34,91.09,115.09
19359,20260328,306,267.41,265.74,294.51
19360,20251003,140,105.24,92.16,112.58
19361,20230625,665,406.18,313.78,413.05
19362,20250310,447,59.76,57.25,53.96
19363,20250422,302,95.16,88.9,84.39
19364,20241126,685,141.65,114.01,151.55
19365,20250527,646,202.52,157.27,186.83
19366,20250721,284,15.97,14.71,15.78
19367,20230430,286,317.67,289.84,349.63
19368,20231105,327,31.53,25.72,27.62
19369,20251223,159,138.34,119.59,140.42
19370,20250804,534,111.77,98.16,99.87
19371,20240116,771,87.72,76.48,95.72
19372,20240327,438,40.99,38.99,42.93
19373,20240622,321,380.87,291.58,354.86
19374,20240517,275,34.97,32.6,31.43
19375,20230918,253,436.82,384.01,466.43
19376,20230520,646,202.52,161.44,176.07
19377,20240830,192,142.28,135.42,133.12
19378,20260226,663,304.83,256.35,322.01
19379,20240109,569,318.86,247.41,361.44
19380,20250817,340,256.97,212.89,246.72
19381,20260608,188,276.5,259.34,285.66
19382,20260408,337,284.78,230.97,318.16
19383,20260102,454,323.6,320.67,320.47
19384,20230228,336,366.26,340.39,335.21
19385,20260118,680,272.43,255.28,297.87
19386,20240520,713,325.0,254.09,362.16
19387,20240329,649,267.48,264.46,274.31
19388,20230714,176,155.18,143.56,152.77
19389,20241220,419,199.26,185.29,228.4
19390,20230327,527,81.74,68.11,89.18
19391,20241023,409,219.82,201.61,227.86
19392,20260109,276,66.7,59.36,60.6
19393,20240109,187,256.66,229.99,258.81
19394,20230326,523,151.65,125.05,132.59
19395,20241229,307,130.54,100.78,147.27
19396,20241229,761,403.08,329.24,406.37
19397,20240426,324,210.25,164.36,218.33
19398,20260418,799,172.35,170.9,189.03
19399,20230129,459,41.78,40.7,44.03
19400,20230428,146,188.03,167.38,196.95
19401,20250213,424,164.94,156.1,183.67
19402,20230601,199,127.18,110.98,113.24
19403,20250505,248,229.78,188.5,222.31
19404,20250213,139,382.89,351.21,388.47
19405,20231230,704,18.97,18.42,16.21
19406,20250325,242,171.67,132.33,149.74
19407,20240509,642,93.63,89.37,88.93
19408,20250108,762,278.35,270.69,302.46
19409,20260105,385,85.79,77.48,85.44
19410,20250729,699,65.91,52.13,63.85
19411,20230201,123,122.98,102.08,127.27
19412,20240119,417,243.35,190.56,236.05
19413,20260124,616,278.04,248.98,281.72
19414,20260419,690,128.51,127.41,131.28
19415,20240414,81,274.94,256.73,251.86
19416,20251203,469,161.37,127.62,138.07
19417,20240316,159,138.34,130.97,156.86
19418,20250121,319,283.51,253.52,315.84
19419,20230503,779,134.97,133.62,150.19
19420,20240128,665,406.18,391.09,464.55
19421,20230322,577,292.69,234.54,310.87
19422,20240619,445,236.18,194.28,249.15
19423,20260610,757,118.51,107.23,122.6
19424,20260223,469,161.37,128.68,166.37
19425,20260611,403,210.54,169.47,234.54
19426,20241208,464,223.36,217.08,242.45
19427,20230611,285,204.89,167.53,192.06
19428,20240310,770,92.3,85.14,91.04
19429,20250317,471,34.5,28.44,35.17
19430,20230327,698,103.34,97.9,108.55
19431,20241110,557,165.04,136.77,164.38
19432,20240904,581,46.45,45.85,47.27
19433,20230416,69,201.68,175.77,214.47
19434,20240428,293,423.76,354.04,466.09
19435,20240405,592,178.71,153.38,178.35
19436,20231120,518,38.63,35.98,43.92
19437,20230501,729,357.03,284.07,340.42
19438,20230630,97,301.78,299.66,269.33
19439,20250204,726,274.85,218.32,303.56
19440,20260601,471,34.5,30.31,32.18
19441,20260509,370,263.18,240.59,293.73
19442,20230705,577,292.69,221.94,304.86
19443,20231230,257,153.43,122.32,149.53
19444,20230322,153,89.99,75.16,92.44
19445,20240516,524,130.88,128.99,127.26
19446,20250703,783,254.01,252.92,251.27
19447,20250920,633,57.66,49.41,61.01
19448,20250626,240,48.56,37.72,44.09
19449,20230311,363,113.38,92.62,114.11
19450,20240812,446,47.38,46.93,45.84
19451,20241212,307,130.54,123.94,145.35
19452,20250906,112,332.69,321.72,303.07
19453,20240425,613,46.15,44.54,47.28
19454,20230413,562,188.77,149.32,174.57
19455,20230514,432,269.02,262.33,293.84
19456,20241229,71,81.45,64.06,74.57
19457,20230611,215,179.63,155.08,161.02
19458,20240121,420,122.78,96.16,113.24
19459,20240826,557,165.04,147.32,187.67
19460,20240910,139,382.89,303.17,344.12
19461,20240904,140,105.24,87.73,106.29
19462,20260529,442,36.82,31.84,32.37
19463,20240106,244,357.61,349.33,334.16
19464,20250908,334,266.65,209.85,248.24
19465,20240408,756,394.25,323.94,406.5
19466,20231026,355,151.19,117.79,139.36
19467,20241013,192,142.28,138.84,140.37
19468,20250119,69,201.68,172.46,177.75
19469,20251116,333,315.8,269.99,343.07
19470,20241217,719,73.37,66.59,75.21
19471,20240504,264,10.22,9.68,11.03
19472,20260526,768,253.35,212.95,218.89
19473,20241012,64,238.84,188.88,257.11
19474,20250427,83,12.62,11.88,13.43
19475,20250803,220,267.45,255.06,256.82
19476,20240412,775,193.35,146.96,198.7
19477,20250228,587,273.68,227.17,271.81
19478,20230227,629,217.61,166.16,219.39
19479,20240105,198,61.79,52.25,54.93
19480,20230918,480,425.68,367.5,377.03
19481,20250228,157,17.11,14.46,16.43
19482,20260302,403,210.54,202.45,214.53
19483,20250626,195,225.23,223.5,225.91
19484,20260410,677,101.31,84.06,112.56
19485,20241123,489,258.71,231.48,249.83
19486,20260101,306,267.41,235.27,301.25
19487,20250107,205,82.38,74.66,94.09
19488,20240316,265,249.31,193.24,223.07
19489,20240316,779,134.97,130.71,115.59
19490,20260121,394,159.79,129.14,137.51
19491,20250911,366,384.91,376.72,413.43
19492,20231229,139,382.89,363.65,389.96
19493,20230207,418,235.9,221.19,215.7
19494,20250212,116,34.36,29.17,37.64
19495,20240205,619,96.72,76.87,85.4
19496,20240604,537,125.74,104.24,134.86
19497,20240112,124,11.28,9.14,12.87
19498,20230331,503,318.02,277.08,312.33
19499,20230518,234,318.9,269.33,350.23
19500,20250424,550,203.17,173.68,180.4
19501,20240614,574,292.71,224.4,257.05
19502,20240916,571,319.71,307.98,303.56
19503,20240616,474,285.61,267.43,279.93
19504,20231128,390,259.85,258.37,287.65
19505,20230402,131,24.54,20.29,22.49
19506,20250811,467,166.44,126.41,152.39
19507,20231219,594,93.21,80.88,94.08
19508,20240401,218,193.69,183.91,186.56
19509,20250527,220,267.45,242.2,248.9
19510,20250930,215,179.63,166.04,205.71
19511,20240721,203,357.94,315.2,406.89
19512,20260617,357,34.05,30.37,35.12
19513,20231110,195,225.23,193.02,201.06
19514,20240525,6,195.36,176.92,205.47
19515,20230524,164,412.46,406.33,354.32
19516,20251006,706,136.94,126.75,134.16
19517,20250730,215,179.63,140.17,201.39
19518,20250630,524,130.88,108.92,115.2
19519,20240607,468,354.29,326.84,381.44
19520,20231110,729,357.03,309.35,365.47
19521,20240801,277,308.04,295.96,289.8
19522,20260616,12,262.97,253.48,284.7
19523,20260626,77,218.69,164.9,209.11
19524,20250830,738,223.85,212.13,212.29
19525,20260214,220,267.45,217.28,252.35
19526,20250112,700,159.22,131.5,158.09
19527,20250627,120,187.42,177.19,160.58
19528,20250503,170,336.66,256.57,364.65
19529,20240118,594,93.21,91.28,102.47
19530,20250902,161,202.52,167.44,209.28
19531,20250220,337,284.78,241.55,266.16
19532,20241212,526,17.69,15.68,19.39
19533,20260311,673,423.99,367.91,476.85
19534,20250625,739,248.72,236.91,238.06
19535,20230517,349,300.82,261.14,295.12
19536,20231212,355,151.19,116.97,146.59
19537,20250121,646,202.52,175.15,231.19
19538,20230712,60,69.61,59.9,61.0
19539,20240210,184,305.93,273.92,268.34
19540,20240516,90,228.46,185.18,225.32
19541,20250804,230,55.79,42.37,47.53
19542,20230730,697,203.47,198.77,224.31
19543,20251118,786,127.42,114.46,132.71
19544,20260326,673,423.99,326.24,383.22
19545,20241025,192,142.28,139.97,153.78
19546,20260623,529,73.96,69.42,76.54
19547,20240610,254,91.01,85.3,102.41
19548,20230712,198,61.79,52.31,56.16
19549,20231102,617,100.85,86.44,102.94
19550,20230608,480,425.68,410.21,449.98
19551,20230523,727,29.93,26.44,31.41
19552,20230825,642,93.63,76.15,82.39
19553,20250124,157,17.11,15.46,15.68
19554,20260103,780,78.04,77.37,84.93
19555,20250120,443,376.23,285.2,374.09
19556,20251220,431,27.19,22.04,24.57
19557,20230923,612,244.74,213.01,236.35
19558,20231009,764,38.17,32.39,36.12
19559,20230916,365,297.68,238.29,283.43
19560,20260320,645,259.57,215.95,257.22
19561,20251229,249,37.07,28.3,38.35
19562,20250904,501,167.28,138.99,184.75
19563,20231010,192,142.28,110.98,141.78
19564,20260417,518,38.63,38.19,35.99
19565,20241207,365,297.68,255.09,340.52
19566,20230630,276,66.7,53.82,76.17
19567,20230705,403,210.54,175.05,237.52
19568,20241209,459,41.78,37.53,45.38
19569,20251006,762,278.35,232.43,291.31
19570,20230326,317,251.02,223.98,277.28
19571,20250704,597,11.11,10.43,10.45
19572,20230712,140,105.24,86.77,118.37
19573,20230705,672,106.54,101.04,110.39
19574,20240225,434,136.54,118.0,138.88
19575,20230514,297,203.31,155.08,199.8
19576,20240314,562,188.77,159.13,214.57
19577,20240930,301,241.8,206.48,273.65
19578,20250708,63,58.12,52.53,58.04
19579,20231216,715,170.39,137.04,150.21
19580,20230611,189,205.54,179.13,204.75
19581,20250814,275,34.97,33.55,33.15
19582,20250628,207,387.32,341.42,407.95
19583,20260524,274,185.35,157.13,180.92
19584,20230627,638,35.51,32.17,40.01
19585,20251003,791,228.37,210.41,259.41
19586,20260525,636,140.04,106.02,123.69
19587,20250403,610,31.94,30.83,33.32
19588,20251204,725,378.22,291.11,389.31
19589,20240922,107,92.43,69.67,85.9
19590,20251130,647,184.7,162.56,189.06
19591,20230516,759,228.08,191.47,234.14
19592,20230325,653,210.05,170.22,210.47
19593,20240620,144,249.79,241.11,228.4
19594,20241113,242,171.67,140.66,194.02
19595,20240609,719,73.37,63.31,66.56
19596,20251114,487,35.77,33.61,39.52
19597,20240115,534,111.77,90.35,101.3
19598,20260107,103,169.4,166.05,186.01
19599,20230519,714,29.93,25.28,30.12
19600,20230927,416,128.68,122.08,120.95
19601,20230522,176,155.18,154.24,138.08
19602,20240119,500,394.62,344.6,442.39
19603,20230328,788,168.35,167.16,179.34
19604,20230525,784,112.95,97.66,117.07
19605,20260118,546,65.36,53.45,56.28
19606,20230828,402,21.66,19.28,20.76
19607,20231202,776,93.65,93.3,87.54
19608,20230612,616,278.04,247.4,291.25
19609,20240801,180,25.06,24.91,23.61
19610,20260320,439,350.84,336.23,335.46
19611,20230717,61,9.0,8.02,10.05
19612,20250224,733,218.3,210.91,197.0
19613,20241006,105,380.19,360.24,407.76
19614,20240310,142,258.94,242.58,292.51
19615,20251202,468,354.29,351.57,320.49
19616,20250626,115,258.32,227.25,269.54
19617,20240209,366,384.91,353.25,429.34
19618,20240419,26,359.21,322.85,359.08
19619,20230320,147,53.98,51.28,53.07
19620,20240814,222,199.12,193.91,212.75
19621,20230812,382,50.92,43.6,48.61
19622,20260510,237,339.45,291.8,362.1
19623,20241207,323,221.18,196.72,211.8
19624,20240903,435,227.4,192.12,227.72
19625,20241216,308,277.35,254.58,246.02
19626,20230814,168,139.86,115.04,125.32
19627,20250106,85,52.93,42.27,47.2
19628,20240228,517,325.99,316.22,364.38
19629,20260216,607,181.88,180.89,199.57
19630,20240929,251,350.95,266.05,339.06
19631,20241010,511,114.7,99.25,112.88
19632,20250814,86,11.99,10.93,13.74
19633,20260108,775,193.35,163.43,218.69
19634,20240503,519,54.14,47.23,53.76
19635,20250823,407,187.73,170.28,176.47
19636,20251120,403,210.54,159.77,229.45
19637,20230208,166,277.57,251.78,316.01
19638,20250507,542,118.48,102.32,103.78
19639,20240810,788,168.35,167.89,160.88
19640,20250804,185,138.24,116.68,120.79
19641,20260224,795,235.28,195.31,254.22
19642,20250314,214,309.39,278.45,294.93
19643,20250403,151,452.82,382.29,439.47
19644,20240724,6,195.36,186.63,188.0
19645,20250707,111,310.59,302.58,331.67
19646,20230816,485,125.2,106.1,118.58
19647,20240107,167,236.05,234.21,239.39
19648,20250628,489,258.71,201.85,273.7
19649,20240503,350,195.28,172.86,183.21
19650,20240823,42,245.92,187.39,261.2
19651,20260128,525,333.84,292.26,359.68
19652,20240610,598,111.7,101.51,112.4
19653,20230807,505,143.55,141.96,138.92
19654,20230906,555,113.22,85.53,114.83
19655,20250324,554,59.83,46.57,64.06
19656,20250204,428,389.44,342.29,403.31
19657,20231231,538,86.46,78.09,89.48
19658,20250606,199,127.18,113.41,129.12
19659,20240921,99,363.81,359.04,408.21
19660,20240107,664,29.07,26.1,28.03
19661,20230720,135,41.31,36.36,47.22
19662,20250419,508,358.96,276.75,398.37
19663,20241216,381,275.49,231.63,302.51
19664,20230905,506,49.38,42.61,56.51
19665,20250429,594,93.21,79.96,97.01
19666,20231027,470,186.23,161.73,178.29
19667,20230817,498,309.5,247.14,297.84
19668,20240505,738,223.85,208.74,233.09
19669,20231228,639,208.98,176.37,189.99
19670,20240626,761,403.08,328.02,387.23
19671,20260114,571,319.71,297.71,334.16
19672,20251017,241,311.53,243.74,286.55
19673,20231219,625,408.43,391.6,353.9
19674,20231218,299,12.05,10.91,13.78
19675,20240309,226,250.65,240.16,245.12
19676,20230103,554,59.83,57.98,59.23
19677,20231228,316,244.0,220.4,275.35
19678,20240208,716,97.62,87.34,103.79
19679,20230806,548,210.49,180.79,217.58
19680,20230817,240,48.56,40.16,48.16
19681,20241224,437,95.28,91.98,97.85
19682,20241111,667,106.93,89.34,101.29
19683,20240724,234,318.9,255.91,352.7
19684,20240303,38,36.67,35.65,32.3
19685,20240524,635,53.49,52.68,53.25
19686,20231201,501,167.28,143.79,191.01
19687,20250417,700,159.22,149.07,165.14
19688,20231016,480,425.68,319.29,486.51
19689,20230225,129,285.77,240.1,243.98
19690,20230519,148,26.37,25.85,23.53
19691,20230608,157,17.11,13.0,18.36
19692,20230410,547,393.46,346.55,410.36
19693,20240714,15,179.98,147.04,194.14
19694,20230603,447,59.76,54.05,59.92
19695,20240226,17,231.2,205.12,255.94
19696,20241003,779,134.97,130.71,152.76
19697,20250404,168,139.86,130.1,125.94
19698,20240523,571,319.71,252.76,331.82
19699,20251126,571,319.71,303.5,319.97
19700,20230623,300,94.2,81.7,102.33
19701,20260305,483,167.82,159.81,149.44
19702,20230430,266,259.97,257.1,287.12
19703,20241105,521,260.98,246.5,286.05
19704,20250325,29,170.48,168.84,157.54
19705,20231002,727,29.93,23.69,26.22
19706,20250308,773,48.89,43.8,46.32
19707,20240819,640,151.16,149.21,130.54
19708,20230908,489,258.71,250.69,294.5
19709,20240124,377,227.02,184.76,242.13
19710,20251229,145,222.21,213.23,245.12
19711,20240603,339,147.7,135.57,132.31
19712,20230310,58,31.75,27.49,29.57
19713,20240914,724,208.64,165.76,219.62
19714,20240923,585,163.26,139.57,153.82
19715,20250927,229,168.69,148.55,187.49
19716,20241208,524,130.88,128.17,125.78
19717,20240111,594,93.21,76.8,89.27
19718,20260523,344,107.89,94.29,102.35
19719,20260623,582,419.19,335.83,436.46
19720,20240228,606,54.24,41.1,61.92
19721,20230628,405,234.96,226.79,208.14
19722,20250516,667,106.93,93.55,99.64
19723,20251213,181,341.92,257.55,300.13
19724,20230820,173,352.79,268.75,346.04
19725,20260114,557,165.04,144.77,153.32
19726,20240405,637,73.36,71.46,77.08
19727,20230302,86,11.99,9.53,12.97
19728,20230318,785,272.2,213.59,285.61
19729,20241204,169,80.84,68.12,91.3
19730,20230419,121,298.82,256.25,289.12
19731,20231230,766,210.17,171.68,200.26
19732,20240912,520,361.69,347.83,404.67
19733,20231113,151,452.82,437.32,463.97
19734,20260614,493,91.44,83.58,92.58
19735,20230323,662,142.93,130.07,144.8
19736,20250909,427,416.06,358.33,427.88
19737,20230504,230,55.79,42.05,53.88
19738,20241013,370,263.18,242.82,240.52
19739,20260616,447,59.76,54.54,58.04
19740,20260527,590,66.24,53.36,59.4
19741,20240811,47,225.94,225.03,206.86
19742,20250511,362,342.7,330.02,348.06
19743,20260622,733,218.3,193.44,197.25
19744,20260410,612,244.74,197.43,259.63
19745,20260519,479,253.27,194.12,279.81
19746,20240313,622,97.19,86.2,111.14
19747,20250310,201,178.89,153.2,193.14
19748,20260516,508,358.96,305.01,333.57
19749,20230107,304,72.0,65.47,64.93
19750,20241224,196,79.66,75.18,78.06
19751,20230711,365,297.68,259.09,264.52
19752,20250221,192,142.28,109.25,138.38
19753,20240712,493,91.44,78.26,86.97
19754,20250417,731,425.46,325.48,417.15
19755,20260114,274,185.35,181.42,177.16
19756,20240723,468,354.29,287.85,403.58
19757,20250111,516,76.0,63.91,71.98
19758,20240303,735,122.01,106.26,112.42
19759,20240923,380,239.62,201.0,274.93
19760,20260315,689,102.62,90.98,99.6
19761,20250605,534,111.77,83.94,108.05
19762,20230320,12,262.97,225.16,277.1
19763,20230525,383,55.74,54.27,63.76
19764,20230407,59,71.61,69.3,63.32
19765,20230720,215,179.63,166.02,182.87
19766,20230216,732,90.88,88.06,81.85
19767,20260206,364,58.02,57.62,60.76
19768,20240925,13,97.85,85.55,93.47
19769,20230513,279,296.99,253.43,331.31
19770,20231028,142,258.94,214.9,269.11
19771,20230302,463,203.4,173.17,230.87
19772,20240916,791,228.37,210.69,194.34
19773,20260223,705,239.69,232.84,249.85
19774,20250122,434,136.54,125.6,118.0
19775,20251028,123,122.98,101.1,138.44
19776,20250927,716,97.62,95.78,98.27
19777,20230303,206,36.22,28.11,33.96
19778,20230106,245,129.45,128.06,128.7
19779,20260206,214,309.39,234.6,298.46
19780,20241011,43,136.65,131.91,141.5
19781,20230222,480,425.68,421.07,418.4
19782,20260113,469,161.37,156.4,150.85
19783,20231228,333,315.8,298.51,343.03
19784,20240411,22,105.46,103.79,96.26
19785,20240331,38,36.67,28.79,37.52
19786,20241008,476,235.18,213.62,259.03
19787,20250515,788,168.35,139.61,186.93
19788,20250920,740,239.3,213.74,261.29
19789,20240426,177,72.58,63.37,78.2
19790,20240411,435,227.4,193.46,200.92
19791,20230615,215,179.63,151.63,191.58
19792,20260302,444,271.47,240.12,311.2
19793,20250930,530,239.02,225.18,259.18
19794,20240527,407,187.73,148.32,160.15
19795,20240327,444,271.47,223.66,288.17
19796,20260513,598,111.7,101.44,108.53
19797,20260403,166,277.57,259.57,301.94
19798,20241018,790,117.22,101.08,132.77
19799,20230827,769,93.19,73.5,94.06
19800,20230804,750,22.62,19.01,24.12
19801,20260331,392,148.86,126.8,128.59
19802,20240430,559,55.12,49.03,47.08
19803,20250420,176,155.18,134.34,153.14
19804,20230415,106,80.14,60.18,86.62
19805,20250318,766,210.17,191.82,230.18
19806,20241227,758,348.5,328.91,385.72
19807,20240424,603,228.34,208.56,206.34
19808,20260110,18,49.16,47.61,50.7
19809,20230313,750,22.62,20.66,23.33
19810,20240201,548,210.49,206.26,189.0
19811,20251029,186,192.02,168.33,204.38
19812,20251222,552,211.79,186.75,230.68
19813,20240430,280,44.45,35.95,43.91
19814,20230219,216,336.54,301.4,343.84
19815,20251010,37,408.21,346.94,429.46
19816,20250420,617,100.85,92.99,104.3
19817,20260222,368,122.52,92.78,110.95
19818,20251106,551,39.75,36.83,35.13
19819,20251128,122,193.32,154.2,195.73
19820,20260219,209,254.65,254.15,218.92
19821,20231028,566,84.3,81.52,85.23
19822,20230514,161,202.52,165.98,215.27
19823,20250124,339,147.7,133.45,140.85
19824,20240823,632,291.15,240.49,315.96
19825,20250529,102,258.72,219.69,275.52
19826,20251205,783,254.01,226.95,231.49
19827,20251026,302,95.16,88.95,81.49
19828,20230212,375,46.16,38.24,41.22
19829,20250818,218,193.69,147.59,216.68
19830,20240402,621,238.21,217.58,228.21
19831,20250622,301,241.8,204.24,250.74
19832,20250905,262,237.84,198.64,221.4
19833,20231019,472,30.87,25.98,32.8
19834,20260308,454,323.6,322.99,314.62
19835,20250128,434,136.54,124.15,155.92
19836,20260225,482,74.27,72.9,66.49
19837,20230821,455,34.92,28.87,36.73
19838,20230908,247,116.11,90.51,126.45
19839,20251003,441,334.72,258.3,307.89
19840,20240111,548,210.49,206.33,209.92
19841,20251001,620,141.64,107.13,157.29
19842,20250920,484,15.41,14.97,15.7
19843,20231205,351,348.89,328.69,356.08
19844,20241022,444,271.47,216.0,297.33
19845,20251128,625,408.43,317.05,392.52
19846,20231214,500,394.62,385.73,369.24
19847,20250425,43,136.65,128.14,128.91
19848,20260503,128,41.76,32.7,45.69
19849,20240608,107,92.43,85.67,91.41
19850,20241112,205,82.38,78.19,93.45
19851,20240305,540,329.69,266.2,345.13
19852,20231014,471,34.5,34.16,29.33
19853,20250523,194,314.56,262.29,291.42
19854,20250920,89,83.91,65.3,81.66
19855,20240518,231,190.39,146.1,208.39
19856,20250126,95,76.43,61.59,71.55
19857,20241029,717,37.49,33.55,34.26
19858,20260303,178,241.37,219.74,208.83
19859,20230627,720,410.49,333.35,353.47
19860,20230225,564,142.88,140.8,127.54
19861,20251103,469,161.37,153.73,160.97
19862,20251105,224,205.12,188.88,200.89
19863,20240220,763,348.36,342.33,349.88
19864,20240401,117,66.51,62.05,62.46
19865,20250426,791,228.37,194.34,223.47
19866,20260108,174,208.41,173.62,186.83
19867,20231204,763,348.36,334.83,398.48
19868,20250513,250,223.62,200.3,238.71
19869,20251112,278,255.97,237.52,230.66
19870,20251215,714,29.93,25.33,30.64
19871,20260509,299,12.05,11.86,13.09
19872,20241221,287,248.3,189.77,252.58
19873,20241222,22,105.46,100.97,105.6
19874,20250924,12,262.97,236.8,279.32
19875,20240330,67,220.55,194.49,238.37
19876,20241020,629,217.61,197.54,186.31
19877,20240403,196,79.66,64.37,89.23
19878,20250615,302,95.16,88.66,107.67
19879,20230712,669,256.27,206.23,220.57
19880,20240504,530,239.02,182.68,274.03
19881,20250408,731,425.46,340.43,484.46
19882,20250725,183,26.08,21.43,28.12
19883,20260106,250,223.62,170.12,243.2
19884,20251019,325,223.83,170.46,221.87
19885,20230723,640,151.16,148.29,171.39
19886,20240717,278,255.97,238.72,250.41
19887,20240626,2,108.79,103.73,119.34
19888,20230415,694,65.85,65.77,71.02
19889,20250216,629,217.61,205.17,221.6
19890,20250422,59,71.61,64.7,61.31
19891,20230519,566,84.3,76.02,75.91
19892,20260404,535,170.95,135.5,176.03
19893,20230823,658,277.36,220.15,243.19
19894,20260401,51,80.4,77.0,92.0
19895,20230619,22,105.46,94.26,112.49
19896,20240924,382,50.92,48.99,55.98
19897,20250305,418,235.9,194.52,215.02
19898,20240415,133,157.64,144.07,165.0
19899,20240731,31,281.2,263.26,257.76
19900,20240214,36,214.64,199.04,223.45
19901,20260425,119,333.87,301.33,316.01
19902,20240611,220,267.45,244.21,288.48
19903,20230922,605,161.5,155.64,175.69
19904,20230204,678,133.31,101.4,135.92
19905,20231201,597,11.11,8.68,11.74
19906,20240906,434,136.54,119.12,121.81
19907,20240812,603,228.34,183.71,212.06
19908,20250202,761,403.08,327.27,414.34
19909,20260630,571,319.71,282.71,319.53
19910,20240108,256,108.27,83.08,92.09
19911,20260328,464,223.36,191.84,203.56
19912,20241001,719,73.37,56.97,67.88
19913,20260226,310,71.17,64.01,65.95
19914,20250313,783,254.01,243.97,228.37
19915,20260317,466,314.66,272.06,331.13
19916,20230604,699,65.91,56.74,69.95
19917,20230422,49,197.2,176.36,195.59
19918,20250322,23,213.42,160.39,182.16
19919,20240526,433,60.97,58.04,58.65
19920,20250407,756,394.25,339.97,372.79
19921,20240610,597,11.11,10.9,9.95
19922,20240701,561,223.15,212.99,224.67
19923,20231209,304,72.0,54.24,82.24
19924,20230314,204,137.31,103.63,155.91
19925,20260619,177,72.58,72.38,65.8
19926,20240821,245,129.45,124.65,123.47
19927,20250730,49,197.2,190.76,201.57
19928,20230317,402,21.66,18.73,24.29
19929,20251007,89,83.91,74.5,76.76
19930,20260311,87,204.15,197.67,227.94
19931,20230528,454,323.6,322.09,286.08
19932,20240814,328,77.81,58.57,83.55
19933,20240421,353,230.0,175.64,234.86
19934,20230531,753,306.18,300.8,260.59
19935,20251125,363,113.38,111.44,105.75
19936,20251219,218,193.69,183.83,203.6
19937,20260522,668,120.7,107.43,122.0
19938,20250527,203,357.94,279.41,392.43
19939,20250126,80,237.98,200.72,233.7
19940,20240821,610,31.94,25.08,31.31
19941,20231008,454,323.6,305.71,301.15
19942,20230301,504,24.53,21.4,20.94
19943,20241121,220,267.45,221.89,271.12
19944,20260109,508,358.96,316.04,312.44
19945,20260118,385,85.79,67.93,83.14
19946,20250616,69,201.68,163.72,205.38
19947,20230501,308,277.35,229.04,274.55
19948,20240201,154,257.41,250.89,286.59
19949,20260110,118,410.38,357.64,362.54
19950,20250228,582,419.19,340.07,384.42
19951,20230102,347,58.66,48.99,54.2
19952,20260304,417,243.35,228.35,256.81
19953,20231127,332,121.61,120.92,108.43
19954,20240528,260,283.2,264.0,323.19
19955,20250521,33,147.68,114.36,141.67
19956,20250121,520,361.69,301.71,390.32
19957,20250221,663,304.83,272.49,331.05
19958,20250901,196,79.66,71.12,80.55
19959,20240102,772,272.89,260.57,251.81
19960,20240708,230,55.79,52.62,48.84
19961,20230326,246,289.83,228.08,320.77
19962,20250712,269,15.66,11.75,13.38
19963,20231228,617,100.85,92.77,90.78
19964,20240828,710,52.14,49.82,57.64
19965,20240419,521,260.98,231.93,283.84
19966,20240521,375,46.16,44.99,41.36
19967,20251231,85,52.93,41.89,54.99
19968,20250602,213,250.01,219.72,231.66
19969,20250615,90,228.46,183.79,238.98
19970,20250226,353,230.0,209.37,206.27
19971,20230507,415,83.9,74.59,74.55
19972,20231004,312,205.56,159.33,224.35
19973,20230920,61,9.0,7.63,10.23
19974,20250925,670,228.6,214.16,201.56
19975,20230226,404,249.7,231.19,263.8
19976,20251006,82,299.58,280.05,263.5
19977,20231001,620,141.64,127.6,124.09
19978,20240501,749,202.73,186.32,206.46
19979,20260430,729,357.03,351.78,391.55
19980,20230829,151,452.82,418.67,487.15
19981,20260328,213,250.01,191.47,267.57
19982,20241018,470,186.23,175.5,211.18
19983,20240905,416,128.68,102.65,113.05
19984,20240328,339,147.7,111.91,161.91
19985,20241103,346,279.84,247.07,316.41
19986,20240815,273,176.31,151.79,160.69
19987,20241010,84,73.96,61.46,71.64
19988,20260119,620,141.64,126.64,142.77
19989,20230602,347,58.66,50.76,55.55
19990,20230207,521,260.98,203.31,251.03
19991,20260215,305,183.32,164.8,164.55
19992,20250921,477,253.44,249.87,290.16
19993,20230524,222,199.12,196.42,213.97
19994,20240617,400,179.93,142.87,154.82
19995,20240101,591,113.73,112.22,119.36
19996,20260215,420,122.78,119.18,130.46
19997,20241212,98,316.05,243.87,345.8
19998,20230607,303,105.17,91.24,107.62
19999,20230107,765,31.01,25.32,27.71
20000,20260328,19,252.36,210.86,231.53
