AvailabilityKey,DateKey,ProductKey,WarehouseKey,AvailabilityPct,InStockFlag
1,20240904,288,6,73.6,1
2,20231017,135,6,97.4,1
3,20230102,566,10,93.3,1
4,20230727,346,9,91.4,1
5,20260114,398,6,87.8,1
6,20240520,133,7,95.8,1
7,20251211,172,1,92.0,1
8,20230419,800,9,93.0,1
9,20230524,533,4,72.2,1
10,20241217,10,2,73.8,1
11,20240531,80,5,99.9,1
12,20250607,278,6,87.2,1
13,20240618,527,9,98.5,1
14,20251114,44,7,71.7,1
15,20250509,539,1,92.6,1
16,20240912,449,6,77.3,1
17,20240224,400,5,75.1,1
18,20260405,567,9,92.2,1
19,20251121,385,8,97.1,1
20,20240227,261,2,88.0,1
21,20260514,424,5,93.1,1
22,20260527,59,3,95.7,1
23,20230615,373,6,71.2,1
24,20250322,392,7,98.3,1
25,20240614,132,3,91.8,1
26,20251002,619,9,96.8,1
27,20260210,587,2,86.6,1
28,20250626,219,3,97.7,1
29,20240724,752,9,90.3,1
30,20240911,754,3,89.0,1
31,20260425,59,5,93.2,1
32,20230726,84,9,88.7,1
33,20240627,488,5,97.7,1
34,20231222,15,5,77.8,1
35,20230811,438,5,75.6,1
36,20230505,411,9,89.7,1
37,20260222,713,8,93.5,1
38,20240306,370,7,77.6,1
39,20230712,731,10,89.1,1
40,20250929,97,8,93.4,1
41,20250104,712,4,95.3,1
42,20250108,347,10,83.9,1
43,20260114,584,10,99.0,1
44,20231121,307,6,82.4,1
45,20250424,569,9,87.3,1
46,20240820,101,1,85.4,1
47,20230408,84,10,78.8,1
48,20230207,435,1,89.4,1
49,20240317,654,10,97.9,1
50,20230701,424,5,88.7,1
51,20231101,729,5,95.6,1
52,20230310,81,10,86.2,1
53,20230126,237,7,82.5,1
54,20250615,422,4,97.3,1
55,20260113,17,7,89.4,1
56,20250130,569,10,71.2,1
57,20260409,500,9,86.8,1
58,20250916,685,2,92.8,1
59,20240120,78,1,95.5,1
60,20260217,373,2,74.2,1
61,20230601,424,6,94.8,1
62,20230412,717,6,79.3,1
63,20240807,462,2,98.6,1
64,20230111,146,9,73.4,1
65,20260416,779,4,98.1,1
66,20240804,504,8,81.0,1
67,20260221,508,10,78.1,1
68,20230521,48,5,94.6,1
69,20250725,705,10,96.7,1
70,20250423,6,5,91.3,1
71,20260309,78,2,93.1,1
72,20250328,373,6,87.5,1
73,20250320,393,6,91.0,1
74,20240815,198,10,90.9,1
75,20250922,314,6,78.3,1
76,20230727,389,3,87.1,1
77,20240330,497,7,48.0,1
78,20230702,715,2,87.1,1
79,20250323,145,2,70.8,1
80,20241124,268,10,97.8,1
81,20231003,645,8,97.9,1
82,20241015,723,10,85.2,1
83,20240125,562,3,89.1,1
84,20230624,675,8,86.4,1
85,20230730,799,2,86.3,1
86,20240801,517,2,96.1,1
87,20251129,68,1,94.3,1
88,20231205,539,5,89.3,1
89,20230913,201,8,90.1,1
90,20230715,637,2,80.1,1
91,20250102,393,9,97.1,1
92,20260323,253,3,98.9,1
93,20260526,599,2,99.4,1
94,20230214,339,10,99.0,1
95,20240912,602,7,83.3,1
96,20231207,777,4,91.2,1
97,20250112,739,7,68.0,1
98,20250822,699,7,90.6,1
99,20240116,575,5,45.0,1
100,20250424,554,9,85.6,1
101,20241120,368,8,77.1,1
102,20250501,365,7,87.9,1
103,20250115,675,3,82.4,1
104,20240511,565,7,90.6,1
105,20231013,56,4,72.6,1
106,20260213,86,3,97.9,1
107,20240709,265,6,99.1,1
108,20240330,753,4,81.8,1
109,20250610,58,4,88.5,1
110,20250708,395,5,92.1,1
111,20251127,255,1,52.1,1
112,20241013,445,5,56.5,1
113,20231210,364,10,73.7,1
114,20260411,500,9,82.8,1
115,20240808,45,3,86.2,1
116,20250322,98,3,99.1,1
117,20230921,291,10,85.7,1
118,20251028,535,8,82.0,1
119,20260101,310,1,90.3,1
120,20231028,230,7,95.7,1
121,20230125,430,4,88.6,1
122,20240620,158,3,89.8,1
123,20250529,139,2,95.4,1
124,20260408,732,9,95.3,1
125,20230609,386,7,95.8,1
126,20230404,220,9,93.1,1
127,20230404,409,3,94.4,1
128,20260203,453,1,99.0,1
129,20230228,574,10,94.0,1
130,20250911,656,6,89.0,1
131,20250209,74,3,82.8,1
132,20231008,481,6,83.2,1
133,20250601,103,3,85.8,1
134,20231211,384,3,96.4,1
135,20240512,90,1,85.1,1
136,20230109,68,9,97.9,1
137,20260428,635,1,90.4,1
138,20260625,545,6,95.6,1
139,20241205,392,6,96.6,1
140,20240404,52,2,91.5,1
141,20230419,402,3,71.3,1
142,20241016,494,4,84.4,1
143,20251128,680,1,76.4,1
144,20240119,506,2,83.2,1
145,20240621,450,9,91.9,1
146,20260523,655,1,82.3,1
147,20260220,745,7,93.6,1
148,20230725,80,3,92.9,1
149,20240907,742,5,91.3,1
150,20240516,386,7,60.6,1
151,20250623,458,8,83.6,1
152,20241010,375,10,98.9,1
153,20241003,629,4,89.5,1
154,20240426,708,6,90.9,1
155,20231020,789,1,82.9,1
156,20230909,354,9,91.4,1
157,20250513,441,9,82.4,1
158,20250905,277,1,80.5,1
159,20240329,583,6,99.4,1
160,20240430,133,8,96.0,1
161,20240202,726,2,97.2,1
162,20240528,227,7,90.5,1
163,20260610,501,9,88.0,1
164,20250601,234,4,68.1,1
165,20260404,15,1,82.0,1
166,20240710,743,9,94.8,1
167,20250902,555,8,91.0,1
168,20240708,791,8,90.3,1
169,20240705,379,9,96.8,1
170,20230611,581,1,99.9,1
171,20230823,594,1,94.0,1
172,20230429,376,4,90.4,1
173,20241115,111,7,89.8,1
174,20250318,286,1,85.0,1
175,20250528,165,10,95.1,1
176,20250925,36,3,79.0,1
177,20231101,560,8,89.8,1
178,20240411,196,1,94.8,1
179,20230109,772,2,86.1,1
180,20260226,174,9,78.6,1
181,20260119,489,6,79.6,1
182,20241010,405,8,81.0,1
183,20240901,356,9,99.2,1
184,20250129,148,10,99.4,1
185,20231029,280,5,84.7,1
186,20260327,545,3,83.2,1
187,20231009,680,6,95.2,1
188,20240905,527,9,92.5,1
189,20240516,713,10,86.0,1
190,20260427,494,2,77.7,1
191,20250126,469,1,79.4,1
192,20260614,705,9,91.0,1
193,20230101,242,3,95.4,1
194,20230219,368,4,69.5,1
195,20260425,735,5,98.1,1
196,20230914,184,10,90.3,1
197,20230417,50,6,90.0,1
198,20241221,540,3,77.4,1
199,20241215,379,3,92.4,1
200,20240920,94,6,87.2,1
201,20240515,202,2,76.0,1
202,20250417,488,9,93.7,1
203,20231115,405,4,67.8,1
204,20241210,20,1,85.1,1
205,20240401,467,8,80.8,1
206,20250629,533,6,89.9,1
207,20250803,601,1,90.6,1
208,20230809,414,8,93.3,1
209,20251210,345,5,95.7,1
210,20250218,781,3,98.2,1
211,20240118,569,10,96.9,1
212,20250214,642,1,72.0,1
213,20240731,739,3,99.5,1
214,20251223,490,2,97.1,1
215,20240622,508,3,74.4,1
216,20250202,111,10,98.1,1
217,20230521,715,10,93.9,1
218,20230713,60,1,91.4,1
219,20251117,11,5,97.2,1
220,20240808,1,1,86.1,1
221,20230211,601,1,65.2,1
222,20230315,350,10,88.2,1
223,20241029,293,10,81.5,1
224,20231026,530,9,84.4,1
225,20250129,127,5,98.6,1
226,20251112,417,9,88.9,1
227,20241225,46,10,88.0,1
228,20240520,220,5,99.1,1
229,20231122,601,2,87.0,1
230,20240421,397,3,77.4,1
231,20260308,511,7,90.3,1
232,20241107,433,1,89.3,1
233,20251015,597,4,93.5,1
234,20250512,716,6,89.7,1
235,20230521,357,8,61.4,1
236,20260126,454,9,85.4,1
237,20240111,340,10,91.7,1
238,20260613,230,4,77.5,1
239,20230924,594,1,93.2,1
240,20260410,606,8,95.1,1
241,20240709,138,3,91.0,1
242,20230712,424,9,85.2,1
243,20260329,227,1,83.6,1
244,20231005,391,4,93.8,1
245,20260121,573,5,96.1,1
246,20251030,488,8,79.2,1
247,20250528,464,7,99.6,1
248,20230830,342,5,73.3,1
249,20251205,426,8,94.1,1
250,20241028,389,1,95.7,1
251,20241128,554,1,76.5,1
252,20250803,224,3,90.8,1
253,20251209,507,6,79.8,1
254,20260319,159,4,98.2,1
255,20230225,488,6,93.6,1
256,20230301,753,10,80.2,1
257,20250410,608,9,71.1,1
258,20240207,720,6,91.8,1
259,20241204,7,2,69.5,1
260,20230214,269,9,72.7,1
261,20250216,774,3,83.0,1
262,20250418,205,10,93.6,1
263,20230105,253,10,93.1,1
264,20240115,778,10,88.6,1
265,20230518,704,9,93.7,1
266,20240720,645,5,89.1,1
267,20260311,777,5,97.9,1
268,20251126,315,4,92.7,1
269,20231008,689,5,89.9,1
270,20231226,315,3,98.8,1
271,20251029,121,9,80.2,1
272,20260612,290,5,76.4,1
273,20240327,598,8,93.3,1
274,20250110,336,5,95.8,1
275,20230525,21,9,82.6,1
276,20260530,321,4,91.6,1
277,20241124,765,4,74.4,1
278,20240524,423,2,90.7,1
279,20240802,40,5,58.6,1
280,20240409,551,4,94.9,1
281,20241210,273,1,82.4,1
282,20240928,174,2,89.6,1
283,20250831,645,8,79.0,1
284,20231129,312,5,95.0,1
285,20240706,527,8,96.0,1
286,20240322,665,7,85.8,1
287,20230204,292,3,95.2,1
288,20230808,268,8,96.3,1
289,20260423,312,7,96.6,1
290,20230609,181,5,88.3,1
291,20230110,228,3,94.5,1
292,20260217,203,9,87.2,1
293,20260508,388,10,96.0,1
294,20250507,572,7,78.9,1
295,20250819,97,7,81.5,1
296,20230514,695,3,84.6,1
297,20230925,278,3,95.2,1
298,20250605,381,2,99.8,1
299,20260322,305,10,90.1,1
300,20240217,620,6,76.2,1
301,20250327,280,2,79.5,1
302,20250801,583,8,91.9,1
303,20250610,19,1,98.0,1
304,20231114,216,4,86.7,1
305,20260112,94,3,86.6,1
306,20230713,582,5,68.4,1
307,20230907,115,8,68.5,1
308,20231016,775,4,78.9,1
309,20240224,377,5,92.3,1
310,20230323,299,2,90.9,1
311,20230822,543,2,76.5,1
312,20240708,699,3,98.7,1
313,20230729,420,6,87.8,1
314,20250620,273,4,93.9,1
315,20250506,514,8,83.2,1
316,20250219,647,8,87.6,1
317,20260527,229,9,93.5,1
318,20230722,4,9,88.6,1
319,20260422,735,6,96.5,1
320,20230911,63,6,92.3,1
321,20250214,495,3,98.4,1
322,20240802,710,5,94.2,1
323,20260507,86,4,87.3,1
324,20251209,240,1,92.4,1
325,20231030,158,7,79.2,1
326,20230330,556,10,84.7,1
327,20231208,69,3,79.8,1
328,20260222,744,10,93.8,1
329,20240812,453,6,93.1,1
330,20240307,201,3,96.3,1
331,20240605,146,6,57.1,1
332,20260308,593,9,98.2,1
333,20240220,605,8,97.9,1
334,20250525,728,4,64.0,1
335,20240609,394,10,60.6,1
336,20230116,346,2,80.2,1
337,20250616,752,7,86.2,1
338,20230429,511,7,56.4,1
339,20230816,288,8,67.9,1
340,20231023,307,8,87.3,1
341,20231109,333,4,84.6,1
342,20241030,375,4,85.8,1
343,20250130,122,4,65.8,1
344,20250626,391,5,96.5,1
345,20260331,25,4,95.0,1
346,20241113,438,8,98.1,1
347,20251124,719,1,89.5,1
348,20250629,605,4,95.3,1
349,20240403,525,7,89.8,1
350,20240713,359,5,79.5,1
351,20260621,633,2,83.7,1
352,20251225,653,1,83.1,1
353,20260428,310,10,98.8,1
354,20230804,172,6,93.5,1
355,20250114,109,7,89.0,1
356,20260531,233,3,84.8,1
357,20260105,164,8,85.4,1
358,20251126,788,7,92.7,1
359,20260521,248,3,76.7,1
360,20260515,749,7,68.7,1
361,20250817,326,2,87.5,1
362,20250308,515,6,79.4,1
363,20251215,163,10,99.3,1
364,20241101,466,4,81.6,1
365,20251024,313,9,86.1,1
366,20231007,701,1,88.7,1
367,20260303,518,9,97.8,1
368,20250122,247,9,94.4,1
369,20251110,365,4,96.6,1
370,20230415,531,3,93.7,1
371,20260118,226,8,67.5,1
372,20240611,73,7,76.9,1
373,20230515,592,9,97.7,1
374,20230705,732,10,95.3,1
375,20240309,338,8,83.0,1
376,20240831,230,10,84.1,1
377,20230417,372,7,96.5,1
378,20260622,501,10,88.4,1
379,20260317,411,2,90.7,1
380,20250107,60,3,89.7,1
381,20241125,632,5,81.7,1
382,20241108,17,1,87.1,1
383,20230808,42,4,98.4,1
384,20250223,472,8,72.8,1
385,20230312,53,10,90.0,1
386,20230629,701,1,87.2,1
387,20230312,582,3,69.8,1
388,20250225,533,9,97.6,1
389,20230828,299,2,99.6,1
390,20231027,27,1,87.7,1
391,20240525,17,2,87.3,1
392,20230512,198,10,96.4,1
393,20230429,659,9,96.6,1
394,20251129,517,7,96.1,1
395,20241102,760,4,93.1,1
396,20260208,598,5,80.3,1
397,20231119,375,6,98.9,1
398,20260629,29,8,76.9,1
399,20231024,493,4,99.1,1
400,20241226,10,5,90.2,1
401,20241214,513,9,79.3,1
402,20251030,176,9,89.6,1
403,20230626,353,5,85.4,1
404,20241008,372,4,93.7,1
405,20241225,235,5,78.8,1
406,20250720,16,9,73.5,1
407,20251227,315,1,94.5,1
408,20260307,504,8,80.0,1
409,20250121,120,5,80.8,1
410,20241102,739,2,93.6,1
411,20240301,120,3,91.3,1
412,20250403,619,1,90.2,1
413,20260417,624,3,86.1,1
414,20250207,565,3,73.6,1
415,20250320,739,8,77.6,1
416,20231116,669,9,87.3,1
417,20251106,314,2,93.5,1
418,20230420,194,3,90.5,1
419,20230602,505,9,86.5,1
420,20240322,16,1,86.0,1
421,20241203,469,8,89.6,1
422,20230309,89,10,89.5,1
423,20251211,561,8,69.4,1
424,20260514,303,5,85.0,1
425,20240417,140,9,99.5,1
426,20250530,581,3,95.3,1
427,20231122,615,2,89.7,1
428,20250807,289,4,98.1,1
429,20240125,269,7,83.1,1
430,20230916,562,6,84.7,1
431,20230815,548,8,97.4,1
432,20240912,231,3,77.8,1
433,20260115,735,7,97.7,1
434,20241217,129,9,96.4,1
435,20251206,711,1,88.3,1
436,20260606,50,7,97.8,1
437,20240618,356,5,97.1,1
438,20250110,738,5,98.6,1
439,20231019,620,2,97.0,1
440,20240122,342,5,94.0,1
441,20230406,5,6,94.3,1
442,20230620,331,4,99.4,1
443,20260625,64,7,100.0,1
444,20240124,178,9,91.7,1
445,20240210,721,5,54.6,1
446,20231021,429,10,82.3,1
447,20251215,161,4,94.3,1
448,20250806,67,4,87.6,1
449,20230406,758,2,90.1,1
450,20260118,691,4,97.5,1
451,20251230,434,10,91.2,1
452,20251109,411,1,80.6,1
453,20231026,91,1,91.0,1
454,20260427,629,9,92.0,1
455,20260513,158,4,98.6,1
456,20230928,486,2,82.1,1
457,20250629,740,7,92.0,1
458,20260428,728,2,98.0,1
459,20250731,517,10,90.5,1
460,20230107,791,7,82.2,1
461,20251218,106,7,88.9,1
462,20250904,97,6,68.6,1
463,20231201,263,4,96.2,1
464,20241020,716,4,92.0,1
465,20231111,640,8,80.9,1
466,20230730,719,6,91.4,1
467,20260618,678,7,97.3,1
468,20231029,54,10,92.5,1
469,20241205,525,3,95.5,1
470,20251202,147,3,84.4,1
471,20240831,127,2,97.1,1
472,20240203,494,6,84.0,1
473,20241105,219,6,80.2,1
474,20250307,648,4,85.3,1
475,20230228,253,1,95.8,1
476,20240315,169,7,96.0,1
477,20230417,363,10,90.0,1
478,20250205,128,1,88.9,1
479,20250705,441,9,90.9,1
480,20230120,169,6,90.9,1
481,20260628,700,9,88.1,1
482,20251113,376,9,84.1,1
483,20230505,792,5,88.3,1
484,20250603,342,5,86.3,1
485,20260306,468,5,94.5,1
486,20260513,713,5,93.8,1
487,20230903,360,3,66.3,1
488,20240702,205,9,98.9,1
489,20230703,455,9,85.5,1
490,20240128,419,4,76.4,1
491,20250305,120,1,94.7,1
492,20241017,89,5,43.5,1
493,20240428,77,3,94.4,1
494,20250108,406,2,75.6,1
495,20230317,116,5,90.7,1
496,20260407,540,6,79.5,1
497,20231104,515,2,92.6,1
498,20231112,280,3,79.6,1
499,20251109,356,8,96.0,1
500,20230916,338,3,94.6,1
501,20231222,502,1,87.9,1
502,20260610,517,8,86.0,1
503,20240123,429,2,93.8,1
504,20241216,506,2,97.9,1
505,20240212,411,4,93.5,1
506,20260311,320,10,84.4,1
507,20240526,655,7,96.1,1
508,20241017,260,5,94.9,1
509,20230219,453,7,96.0,1
510,20260421,6,7,76.7,1
511,20230530,436,1,99.4,1
512,20241210,63,1,55.0,1
513,20231104,139,2,95.5,1
514,20240607,453,5,87.2,1
515,20230722,498,9,80.3,1
516,20241107,670,10,92.1,1
517,20230531,492,10,86.6,1
518,20240824,257,7,82.2,1
519,20240820,252,4,85.0,1
520,20241118,306,8,92.2,1
521,20231205,705,1,86.6,1
522,20250304,279,1,98.5,1
523,20241112,425,7,98.9,1
524,20230829,248,6,95.5,1
525,20240203,94,8,91.5,1
526,20250425,400,7,92.8,1
527,20240317,534,10,96.0,1
528,20260117,1,8,93.1,1
529,20250920,218,8,95.5,1
530,20230306,1,9,71.3,1
531,20241028,579,5,74.5,1
532,20240421,502,9,99.5,1
533,20250324,582,2,87.0,1
534,20250611,279,3,96.9,1
535,20240907,343,6,64.4,1
536,20260131,172,7,81.7,1
537,20240911,265,3,93.4,1
538,20241009,372,6,74.9,1
539,20230317,376,10,78.7,1
540,20251208,678,10,91.2,1
541,20240819,419,5,92.7,1
542,20240921,658,8,90.2,1
543,20260523,99,7,92.5,1
544,20250105,611,10,80.4,1
545,20230403,708,4,76.9,1
546,20230629,561,4,89.4,1
547,20260119,113,9,97.6,1
548,20240814,761,2,74.9,1
549,20230725,368,2,93.6,1
550,20250904,417,10,74.7,1
551,20250605,236,3,87.7,1
552,20240109,484,9,50.9,1
553,20230227,420,4,91.5,1
554,20250219,79,3,99.0,1
555,20241223,605,9,97.2,1
556,20240830,373,5,86.9,1
557,20231006,186,1,77.3,1
558,20260616,23,4,95.8,1
559,20250125,791,10,84.6,1
560,20240421,119,8,89.3,1
561,20251008,299,8,87.1,1
562,20240604,498,5,99.5,1
563,20260613,248,5,93.6,1
564,20250716,176,8,83.9,1
565,20251224,724,2,94.9,1
566,20240913,791,2,68.9,1
567,20251226,328,5,89.3,1
568,20230216,245,8,96.9,1
569,20250104,384,1,92.8,1
570,20240613,526,10,99.9,1
571,20230312,381,9,91.7,1
572,20231201,104,7,75.9,1
573,20240127,396,8,96.8,1
574,20240714,548,5,83.9,1
575,20240120,431,3,95.3,1
576,20230105,696,2,92.9,1
577,20231125,141,2,71.8,1
578,20260617,566,10,74.3,1
579,20230603,490,5,96.6,1
580,20250420,105,7,86.7,1
581,20240221,608,1,96.0,1
582,20250312,627,3,95.7,1
583,20240515,180,4,66.4,1
584,20260626,778,8,80.1,1
585,20230809,31,10,94.3,1
586,20230422,337,6,93.8,1
587,20240614,219,10,98.3,1
588,20240624,419,5,98.5,1
589,20251230,295,5,92.4,1
590,20231201,554,2,98.9,1
591,20260201,464,6,89.9,1
592,20250523,495,4,82.4,1
593,20230124,634,5,94.0,1
594,20240810,202,5,82.6,1
595,20250910,72,2,95.1,1
596,20231109,640,5,81.4,1
597,20240122,577,2,62.2,1
598,20240802,491,10,90.9,1
599,20241018,336,2,97.6,1
600,20240617,680,9,76.0,1
601,20240713,23,4,84.1,1
602,20231212,758,6,90.8,1
603,20260208,719,6,62.2,1
604,20251215,380,9,83.6,1
605,20240224,336,1,87.5,1
606,20250420,5,4,95.6,1
607,20250810,673,2,71.2,1
608,20260301,658,6,88.8,1
609,20250612,438,7,89.7,1
610,20260304,743,9,86.1,1
611,20230804,16,10,88.6,1
612,20250923,777,6,76.5,1
613,20260619,629,3,75.1,1
614,20231227,182,9,83.8,1
615,20260510,466,6,94.1,1
616,20260123,675,10,96.5,1
617,20240804,657,7,96.6,1
618,20250213,51,5,85.7,1
619,20250815,175,6,83.6,1
620,20260104,106,1,95.4,1
621,20240813,418,9,90.0,1
622,20250125,427,8,83.3,1
623,20231121,295,7,93.8,1
624,20231103,241,3,94.4,1
625,20240611,572,10,96.2,1
626,20230222,502,8,91.2,1
627,20240724,288,10,69.0,1
628,20250722,739,9,81.8,1
629,20260525,658,3,90.2,1
630,20230329,285,5,98.2,1
631,20240219,731,10,97.8,1
632,20260527,624,10,97.1,1
633,20260331,216,2,75.1,1
634,20251121,334,1,65.1,1
635,20230108,200,9,75.1,1
636,20240311,292,2,92.0,1
637,20230329,408,8,86.6,1
638,20250531,617,6,84.8,1
639,20260329,698,2,70.0,1
640,20230225,697,7,91.5,1
641,20231227,587,10,90.5,1
642,20260106,139,7,97.8,1
643,20240512,508,10,95.1,1
644,20250313,613,7,77.3,1
645,20240923,738,6,88.6,1
646,20260425,539,6,83.5,1
647,20260614,663,5,98.8,1
648,20250702,556,8,83.5,1
649,20241230,199,4,87.3,1
650,20230524,777,1,82.5,1
651,20250301,468,2,71.5,1
652,20250221,154,8,98.0,1
653,20230622,558,2,96.3,1
654,20260301,548,8,95.0,1
655,20230830,561,10,99.6,1
656,20241115,537,1,97.0,1
657,20231118,276,5,81.3,1
658,20250611,182,4,92.9,1
659,20240127,288,5,81.9,1
660,20230913,762,1,88.4,1
661,20250425,734,9,72.8,1
662,20230903,354,10,99.0,1
663,20230715,471,8,94.2,1
664,20240623,624,7,88.8,1
665,20230519,320,6,92.6,1
666,20230418,750,5,82.0,1
667,20230307,117,1,95.9,1
668,20250330,575,4,98.6,1
669,20260419,258,1,86.8,1
670,20230708,444,10,88.7,1
671,20250517,613,4,96.8,1
672,20250718,647,5,68.2,1
673,20231115,704,6,87.7,1
674,20241127,636,9,77.4,1
675,20241125,107,9,96.1,1
676,20231115,341,8,85.5,1
677,20250428,790,1,95.9,1
678,20260121,310,4,98.6,1
679,20240528,664,5,86.1,1
680,20241130,791,5,99.6,1
681,20260505,317,6,99.0,1
682,20240222,616,5,75.5,1
683,20230720,590,6,93.5,1
684,20240410,623,4,94.3,1
685,20240612,761,3,77.1,1
686,20250616,202,8,97.8,1
687,20231116,756,6,84.3,1
688,20240818,146,6,95.4,1
689,20240218,132,3,95.7,1
690,20230326,730,9,90.1,1
691,20260403,46,4,99.5,1
692,20230813,491,4,93.8,1
693,20230315,784,8,92.1,1
694,20251026,558,6,80.9,1
695,20230609,176,8,82.6,1
696,20250109,92,9,99.3,1
697,20250825,291,7,66.2,1
698,20250113,638,8,98.0,1
699,20260628,663,5,79.3,1
700,20240727,108,6,97.7,1
701,20260415,347,6,92.1,1
702,20241126,592,4,84.8,1
703,20231108,630,2,95.5,1
704,20230823,258,10,89.7,1
705,20230515,454,8,70.9,1
706,20241026,583,8,98.0,1
707,20230422,319,4,98.5,1
708,20230411,627,3,94.9,1
709,20260312,183,2,79.7,1
710,20250115,656,6,85.7,1
711,20231104,201,10,91.6,1
712,20240902,286,3,87.9,1
713,20230930,522,1,95.3,1
714,20240306,321,2,92.3,1
715,20250412,21,10,88.3,1
716,20230420,686,5,98.9,1
717,20251210,17,9,92.8,1
718,20251206,235,1,72.5,1
719,20241001,126,2,70.9,1
720,20240514,177,10,81.4,1
721,20250525,276,10,96.3,1
722,20231222,386,9,89.0,1
723,20230103,73,7,81.7,1
724,20230919,492,4,84.7,1
725,20230123,427,5,99.2,1
726,20240901,317,6,99.7,1
727,20250925,725,4,67.5,1
728,20230214,543,7,82.6,1
729,20240602,91,9,89.8,1
730,20241019,21,7,93.4,1
731,20250510,69,6,95.8,1
732,20251128,773,2,86.3,1
733,20240305,380,5,84.9,1
734,20230510,684,4,74.9,1
735,20250304,509,6,95.5,1
736,20260103,694,9,97.5,1
737,20240701,590,6,86.0,1
738,20250329,102,2,94.8,1
739,20260405,348,1,93.6,1
740,20240717,273,10,94.1,1
741,20251025,283,5,94.6,1
742,20231017,698,9,96.4,1
743,20231101,517,4,88.6,1
744,20251024,712,3,96.1,1
745,20240923,650,8,96.3,1
746,20260110,63,7,73.5,1
747,20251015,493,4,95.9,1
748,20260405,274,7,89.1,1
749,20260516,766,3,69.3,1
750,20230819,186,4,87.6,1
751,20260404,42,8,89.8,1
752,20241013,749,5,87.9,1
753,20240417,569,8,81.0,1
754,20251222,281,9,94.7,1
755,20230411,587,9,91.2,1
756,20231007,337,4,84.8,1
757,20230119,462,6,84.5,1
758,20230819,533,5,82.1,1
759,20251028,631,3,92.2,1
760,20240330,591,2,97.6,1
761,20260222,312,10,98.7,1
762,20240713,185,1,79.4,1
763,20260519,129,5,83.7,1
764,20251214,281,7,67.3,1
765,20251211,252,2,98.5,1
766,20240716,14,2,95.0,1
767,20230304,672,3,99.2,1
768,20230523,53,7,89.9,1
769,20241001,242,9,93.5,1
770,20240102,536,3,86.5,1
771,20230503,614,4,94.0,1
772,20250712,605,6,94.8,1
773,20230331,524,5,96.5,1
774,20230320,127,1,82.7,1
775,20250203,513,3,91.6,1
776,20230212,318,1,56.1,1
777,20231203,770,1,96.6,1
778,20241226,479,1,84.5,1
779,20250828,685,5,82.4,1
780,20240319,342,1,95.1,1
781,20241224,382,2,86.3,1
782,20230514,208,8,94.1,1
783,20250810,73,9,96.6,1
784,20260107,10,4,100.0,1
785,20240424,84,8,88.8,1
786,20240626,758,5,79.8,1
787,20240920,23,2,94.4,1
788,20250618,769,2,87.8,1
789,20240610,504,7,97.8,1
790,20230102,338,5,97.6,1
791,20240514,262,10,68.9,1
792,20230124,594,1,88.1,1
793,20260530,46,5,85.2,1
794,20260518,683,5,81.0,1
795,20250807,37,8,94.6,1
796,20230730,270,1,77.7,1
797,20240117,16,2,93.3,1
798,20231026,256,4,56.3,1
799,20241017,83,10,95.3,1
800,20230216,437,8,99.8,1
801,20260413,505,10,83.5,1
802,20240204,364,4,99.4,1
803,20240226,464,4,87.3,1
804,20260329,11,9,73.7,1
805,20240709,172,2,89.9,1
806,20251110,409,4,89.5,1
807,20250330,589,5,87.8,1
808,20260524,780,10,91.4,1
809,20250714,777,7,83.4,1
810,20230519,737,9,82.6,1
811,20230908,645,2,91.4,1
812,20260108,775,4,96.0,1
813,20250811,148,6,99.1,1
814,20240902,14,6,99.7,1
815,20250416,7,10,97.2,1
816,20250606,630,8,89.8,1
817,20260125,760,6,72.4,1
818,20250512,592,3,99.7,1
819,20260125,317,6,73.4,1
820,20230513,321,5,82.4,1
821,20250616,268,9,78.4,1
822,20230518,316,7,67.0,1
823,20230205,285,10,80.7,1
824,20251001,301,1,79.2,1
825,20230524,53,4,94.5,1
826,20230707,72,4,93.5,1
827,20250824,197,4,69.4,1
828,20260302,341,8,91.7,1
829,20250506,415,6,83.2,1
830,20240503,460,9,92.5,1
831,20240507,657,10,99.5,1
832,20240618,521,5,99.0,1
833,20250307,242,7,94.1,1
834,20230503,123,3,93.0,1
835,20260102,192,1,96.5,1
836,20240916,327,3,98.8,1
837,20240513,237,4,96.3,1
838,20260329,701,10,97.4,1
839,20240921,492,3,96.0,1
840,20230902,389,1,90.4,1
841,20241225,501,4,94.7,1
842,20260523,316,4,98.4,1
843,20230813,172,3,96.4,1
844,20240123,750,10,61.4,1
845,20230519,571,4,87.5,1
846,20240410,280,6,92.0,1
847,20240710,680,1,95.5,1
848,20251124,483,4,91.6,1
849,20250306,486,5,94.3,1
850,20230425,778,6,88.8,1
851,20250202,179,4,85.6,1
852,20240817,334,9,95.9,1
853,20260323,146,5,77.7,1
854,20250805,776,1,97.4,1
855,20240402,100,6,98.5,1
856,20231211,619,8,96.3,1
857,20240729,203,1,93.1,1
858,20251011,611,9,83.4,1
859,20250707,25,10,99.1,1
860,20250130,706,9,93.6,1
861,20250830,150,5,80.8,1
862,20231226,215,4,89.6,1
863,20250525,434,6,78.4,1
864,20250713,309,2,79.3,1
865,20240628,62,4,83.8,1
866,20250812,716,6,91.5,1
867,20241225,511,4,81.8,1
868,20240418,108,4,95.0,1
869,20240430,260,10,91.6,1
870,20240706,162,1,90.4,1
871,20250927,685,10,99.7,1
872,20240525,252,10,95.0,1
873,20230815,21,8,88.5,1
874,20240807,625,5,93.0,1
875,20230615,547,5,59.8,1
876,20250112,154,5,96.5,1
877,20260104,164,10,99.8,1
878,20230517,745,9,82.4,1
879,20260119,673,3,85.2,1
880,20250709,515,5,76.2,1
881,20260424,213,4,96.4,1
882,20240815,333,5,92.5,1
883,20250630,237,4,95.5,1
884,20240407,744,4,88.8,1
885,20260223,386,3,95.5,1
886,20250819,406,1,92.5,1
887,20251127,143,3,81.0,1
888,20250719,370,8,87.9,1
889,20230903,608,6,89.7,1
890,20250604,58,9,76.5,1
891,20231117,444,7,95.9,1
892,20240131,227,2,96.9,1
893,20230424,353,10,78.7,1
894,20230812,414,8,94.7,1
895,20260524,258,1,79.3,1
896,20251012,565,5,83.1,1
897,20260219,775,7,95.0,1
898,20230603,49,5,98.1,1
899,20230927,478,10,93.1,1
900,20240806,411,7,87.5,1
901,20240326,467,4,94.5,1
902,20241127,126,3,97.1,1
903,20260612,685,3,89.7,1
904,20240213,336,9,82.6,1
905,20230103,542,8,72.8,1
906,20251009,317,10,91.4,1
907,20250716,554,2,93.5,1
908,20241018,209,1,95.8,1
909,20241218,300,8,54.5,1
910,20231228,12,3,99.9,1
911,20231022,68,6,91.8,1
912,20260223,659,3,98.5,1
913,20250709,59,5,69.2,1
914,20240802,415,6,83.0,1
915,20250812,719,8,90.8,1
916,20250418,488,9,95.1,1
917,20240830,525,8,65.1,1
918,20240526,265,9,88.5,1
919,20230825,631,10,94.1,1
920,20260322,107,4,82.4,1
921,20250613,272,4,95.6,1
922,20240604,126,9,95.8,1
923,20260417,552,9,99.0,1
924,20250211,378,1,79.8,1
925,20240203,10,5,96.0,1
926,20230104,264,1,75.4,1
927,20240530,96,2,93.6,1
928,20230506,704,5,76.0,1
929,20251014,504,6,90.3,1
930,20250524,422,10,92.3,1
931,20250207,633,1,84.9,1
932,20250104,226,4,79.4,1
933,20260502,310,3,79.9,1
934,20240601,271,8,89.2,1
935,20230722,753,7,91.0,1
936,20230123,275,8,77.4,1
937,20250614,327,8,72.8,1
938,20260209,86,10,96.6,1
939,20240626,439,4,82.2,1
940,20260318,628,10,97.0,1
941,20251129,199,9,77.1,1
942,20251130,153,8,87.9,1
943,20240919,165,4,96.6,1
944,20240430,236,9,84.9,1
945,20241119,109,6,91.2,1
946,20251007,436,6,76.5,1
947,20231217,750,4,98.0,1
948,20240119,543,6,74.1,1
949,20230323,691,3,93.6,1
950,20250221,216,1,83.2,1
951,20230517,514,8,93.9,1
952,20250131,146,1,83.0,1
953,20250408,64,2,91.6,1
954,20230806,170,9,92.0,1
955,20231101,712,6,92.8,1
956,20241203,529,3,93.0,1
957,20230531,738,8,90.0,1
958,20250621,599,4,90.7,1
959,20250620,476,3,55.1,1
960,20250628,308,3,71.3,1
961,20240928,103,10,96.3,1
962,20240409,428,10,93.3,1
963,20250309,257,3,97.8,1
964,20260410,279,9,87.0,1
965,20250712,726,3,96.7,1
966,20230101,256,10,76.2,1
967,20250104,175,2,94.2,1
968,20260107,636,1,98.8,1
969,20241006,705,6,97.9,1
970,20231031,565,6,82.8,1
971,20241101,680,5,88.2,1
972,20260512,316,2,98.5,1
973,20240704,516,8,99.8,1
974,20230904,312,1,89.5,1
975,20230424,310,8,91.8,1
976,20260606,545,1,95.1,1
977,20230314,718,3,79.2,1
978,20260106,262,9,97.9,1
979,20260321,592,7,74.7,1
980,20230712,378,3,84.3,1
981,20240531,285,1,80.2,1
982,20250525,550,6,81.2,1
983,20240412,314,10,79.0,1
984,20260220,479,10,86.9,1
985,20241013,120,4,99.4,1
986,20260303,548,7,98.9,1
987,20260627,731,7,95.5,1
988,20241104,271,6,90.8,1
989,20240413,185,8,90.5,1
990,20250104,436,7,98.5,1
991,20231223,321,9,83.0,1
992,20240422,445,8,88.6,1
993,20231120,153,3,80.6,1
994,20250826,362,6,98.1,1
995,20240316,311,3,98.5,1
996,20240501,537,6,93.9,1
997,20230419,542,4,96.8,1
998,20241212,252,9,91.9,1
999,20230223,614,10,91.5,1
1000,20240428,420,6,95.8,1
1001,20250120,575,5,96.3,1
1002,20250428,504,9,94.0,1
1003,20240213,560,4,87.2,1
1004,20260328,90,3,83.1,1
1005,20231228,389,6,87.6,1
1006,20250224,477,9,96.8,1
1007,20230301,651,3,92.4,1
1008,20230619,650,3,83.2,1
1009,20230902,313,5,48.0,1
1010,20260321,407,8,69.4,1
1011,20231119,559,9,97.6,1
1012,20240723,214,8,95.5,1
1013,20250524,448,5,98.5,1
1014,20230213,470,5,90.7,1
1015,20241110,426,10,81.6,1
1016,20260411,247,10,82.0,1
1017,20230314,99,10,80.6,1
1018,20240105,8,3,91.1,1
1019,20230531,403,9,95.2,1
1020,20240207,113,10,74.6,1
1021,20230228,260,4,97.8,1
1022,20240415,368,9,95.1,1
1023,20240706,92,4,86.3,1
1024,20230116,751,8,92.7,1
1025,20231016,227,6,87.0,1
1026,20260104,405,2,95.5,1
1027,20250725,257,10,83.9,1
1028,20241125,257,2,95.9,1
1029,20230707,631,3,44.6,1
1030,20251206,115,10,87.3,1
1031,20250326,589,5,80.3,1
1032,20230505,277,8,97.3,1
1033,20231226,491,10,90.9,1
1034,20240719,154,6,93.7,1
1035,20241009,234,3,96.5,1
1036,20240719,147,3,87.1,1
1037,20251115,564,1,97.5,1
1038,20230527,533,7,94.9,1
1039,20230518,132,2,94.3,1
1040,20251225,236,3,86.6,1
1041,20230401,218,1,87.4,1
1042,20240417,449,9,98.2,1
1043,20230127,733,6,93.9,1
1044,20250809,707,3,94.0,1
1045,20231212,196,6,98.3,1
1046,20260104,385,2,89.1,1
1047,20250607,224,6,94.5,1
1048,20250626,34,6,99.1,1
1049,20240804,126,7,76.3,1
1050,20240521,83,8,99.6,1
1051,20240609,348,9,88.1,1
1052,20250608,579,2,82.9,1
1053,20260525,677,9,89.3,1
1054,20250131,318,3,98.3,1
1055,20260629,773,3,94.1,1
1056,20260302,245,8,92.9,1
1057,20240605,348,10,82.1,1
1058,20230414,242,4,94.9,1
1059,20250102,456,4,83.1,1
1060,20241109,417,10,85.0,1
1061,20231004,56,3,97.2,1
1062,20260121,472,9,96.0,1
1063,20241104,593,9,91.5,1
1064,20230124,406,8,92.1,1
1065,20260118,200,7,80.8,1
1066,20240317,189,6,62.6,1
1067,20231027,532,1,86.1,1
1068,20240728,304,9,77.5,1
1069,20241025,409,7,84.5,1
1070,20240513,153,9,91.0,1
1071,20251015,116,9,94.8,1
1072,20250911,669,9,88.7,1
1073,20250620,60,10,98.2,1
1074,20240602,17,1,86.6,1
1075,20250722,45,9,97.6,1
1076,20230827,183,3,89.8,1
1077,20251030,348,6,92.7,1
1078,20260107,167,5,74.1,1
1079,20251213,22,4,85.9,1
1080,20241214,402,8,83.4,1
1081,20260430,444,10,87.2,1
1082,20230807,158,4,96.5,1
1083,20250818,740,6,96.0,1
1084,20250430,440,8,93.5,1
1085,20230724,100,9,96.6,1
1086,20260521,503,5,83.9,1
1087,20230508,44,9,79.1,1
1088,20240823,734,3,94.4,1
1089,20230406,699,6,70.9,1
1090,20260503,476,8,97.5,1
1091,20250730,227,9,92.6,1
1092,20241027,782,5,75.8,1
1093,20250412,57,5,95.1,1
1094,20241119,770,8,96.1,1
1095,20240915,54,4,99.9,1
1096,20241122,387,6,96.4,1
1097,20260326,306,5,100.0,1
1098,20230224,300,4,99.6,1
1099,20251201,34,6,86.5,1
1100,20250313,325,6,82.9,1
1101,20251015,673,3,93.0,1
1102,20240829,758,2,88.8,1
1103,20250909,763,1,83.5,1
1104,20230112,463,9,88.0,1
1105,20241208,768,1,92.0,1
1106,20260323,535,1,90.9,1
1107,20250509,426,5,85.6,1
1108,20250716,279,4,85.2,1
1109,20250121,787,4,92.7,1
1110,20260620,776,10,65.2,1
1111,20230414,519,2,98.2,1
1112,20251024,350,7,91.5,1
1113,20240130,683,7,88.9,1
1114,20230909,369,5,78.2,1
1115,20230730,554,9,93.0,1
1116,20230411,738,3,93.3,1
1117,20231207,700,3,98.9,1
1118,20230420,705,5,73.0,1
1119,20231117,599,8,99.1,1
1120,20251230,577,7,92.7,1
1121,20260107,783,5,98.1,1
1122,20230401,579,1,92.0,1
1123,20250911,295,4,81.7,1
1124,20240323,591,7,97.2,1
1125,20260101,215,8,91.9,1
1126,20230520,193,9,95.3,1
1127,20230626,786,7,95.2,1
1128,20240807,253,1,86.7,1
1129,20240726,434,1,68.9,1
1130,20251224,231,9,80.5,1
1131,20260404,691,7,95.1,1
1132,20240409,566,8,79.6,1
1133,20260113,477,10,95.2,1
1134,20240301,591,3,93.8,1
1135,20260619,202,7,79.2,1
1136,20260509,516,8,97.0,1
1137,20250409,173,9,92.2,1
1138,20251126,471,10,81.8,1
1139,20230707,744,4,97.5,1
1140,20240327,710,4,85.6,1
1141,20230215,87,5,95.1,1
1142,20250218,599,2,93.6,1
1143,20240823,194,9,99.1,1
1144,20230712,583,6,71.8,1
1145,20240212,791,10,80.3,1
1146,20251020,623,5,98.7,1
1147,20230703,645,1,91.7,1
1148,20260516,250,5,74.9,1
1149,20251225,552,1,94.8,1
1150,20241206,648,9,82.0,1
1151,20240718,188,7,99.7,1
1152,20240131,339,3,93.8,1
1153,20240721,394,1,97.9,1
1154,20250322,319,1,78.2,1
1155,20230421,504,9,98.5,1
1156,20240703,497,9,81.9,1
1157,20230624,553,8,94.3,1
1158,20260607,166,1,42.6,1
1159,20250906,16,1,86.2,1
1160,20250717,317,10,76.1,1
1161,20250722,410,2,96.2,1
1162,20231004,360,5,97.6,1
1163,20230819,515,7,75.3,1
1164,20240122,725,3,69.9,1
1165,20260514,606,10,73.5,1
1166,20240611,406,3,91.2,1
1167,20241017,180,7,88.8,1
1168,20240402,24,3,84.5,1
1169,20250706,64,5,95.8,1
1170,20240715,606,6,89.2,1
1171,20260107,572,6,94.5,1
1172,20260203,99,9,92.1,1
1173,20240919,673,7,86.9,1
1174,20240615,522,10,61.3,1
1175,20230413,555,2,87.3,1
1176,20240714,614,8,96.4,1
1177,20230305,376,7,94.0,1
1178,20230310,24,7,87.2,1
1179,20251028,466,6,93.9,1
1180,20240215,106,3,56.8,1
1181,20240917,786,4,90.9,1
1182,20231011,530,7,97.7,1
1183,20250513,108,10,87.4,1
1184,20240105,44,6,84.6,1
1185,20231203,577,6,89.4,1
1186,20230323,392,7,92.1,1
1187,20231115,112,1,92.2,1
1188,20231007,295,3,84.6,1
1189,20230127,617,9,85.1,1
1190,20250927,529,1,91.3,1
1191,20250412,482,7,97.8,1
1192,20250707,709,3,96.4,1
1193,20260307,357,10,76.1,1
1194,20250223,91,10,99.0,1
1195,20240729,492,10,79.3,1
1196,20250429,784,1,85.6,1
1197,20240909,534,3,86.1,1
1198,20241224,5,8,94.3,1
1199,20250417,729,1,91.9,1
1200,20230306,604,2,71.7,1
1201,20250807,176,2,95.5,1
1202,20240423,330,5,91.6,1
1203,20240310,500,7,62.3,1
1204,20231108,56,3,96.4,1
1205,20251221,416,6,96.7,1
1206,20250418,749,6,85.4,1
1207,20231004,480,8,94.3,1
1208,20230131,208,1,56.6,1
1209,20230109,219,4,79.2,1
1210,20250201,503,10,98.2,1
1211,20260120,188,10,87.8,1
1212,20260625,691,6,82.0,1
1213,20240306,592,9,83.8,1
1214,20241017,482,1,82.8,1
1215,20250222,564,7,91.5,1
1216,20240211,173,5,89.4,1
1217,20240808,50,3,83.0,1
1218,20251221,625,8,96.7,1
1219,20250731,162,7,93.9,1
1220,20260306,294,9,85.8,1
1221,20241029,151,2,93.4,1
1222,20241015,376,6,90.3,1
1223,20230418,351,8,80.7,1
1224,20260501,59,7,80.3,1
1225,20250417,186,3,99.8,1
1226,20250825,108,2,79.4,1
1227,20240628,193,3,94.3,1
1228,20240124,406,6,96.9,1
1229,20260309,345,6,79.7,1
1230,20250531,237,4,91.5,1
1231,20250101,16,1,64.7,1
1232,20230531,83,4,96.7,1
1233,20250814,456,2,89.1,1
1234,20250908,346,9,97.1,1
1235,20251024,169,3,82.1,1
1236,20240806,597,5,97.3,1
1237,20260331,248,7,81.9,1
1238,20230503,273,4,95.7,1
1239,20240903,710,6,95.8,1
1240,20251228,548,2,83.0,1
1241,20230606,787,9,98.1,1
1242,20251130,272,3,75.3,1
1243,20260414,495,5,81.4,1
1244,20250605,56,7,93.4,1
1245,20250629,490,4,86.3,1
1246,20230923,327,1,83.1,1
1247,20231130,559,10,89.0,1
1248,20230813,548,2,89.5,1
1249,20230322,706,5,76.1,1
1250,20230811,672,2,79.1,1
1251,20240716,317,2,98.1,1
1252,20260214,550,10,98.7,1
1253,20231002,508,7,77.8,1
1254,20240710,520,1,96.8,1
1255,20240101,648,6,92.0,1
1256,20241010,79,6,87.0,1
1257,20240816,131,8,98.1,1
1258,20251021,11,8,91.0,1
1259,20250922,763,1,94.6,1
1260,20250724,665,4,92.4,1
1261,20231019,247,2,88.3,1
1262,20230619,440,8,67.0,1
1263,20250906,778,5,82.7,1
1264,20250118,734,10,93.9,1
1265,20230312,325,9,67.6,1
1266,20230503,111,8,85.3,1
1267,20260604,714,5,90.7,1
1268,20230102,195,5,85.3,1
1269,20230427,85,1,98.8,1
1270,20241112,132,9,66.0,1
1271,20240209,664,8,84.7,1
1272,20250524,415,7,84.7,1
1273,20250301,289,5,85.4,1
1274,20250519,764,7,78.7,1
1275,20231203,782,5,68.3,1
1276,20231101,154,7,93.9,1
1277,20250912,545,4,99.0,1
1278,20260211,594,7,97.4,1
1279,20240127,515,7,80.1,1
1280,20260526,642,2,95.2,1
1281,20230225,554,9,94.5,1
1282,20240707,753,8,78.0,1
1283,20240718,368,5,95.1,1
1284,20230611,618,2,95.9,1
1285,20231220,685,2,95.6,1
1286,20250703,25,6,94.1,1
1287,20230514,526,5,80.1,1
1288,20251218,244,7,83.4,1
1289,20230616,538,4,95.7,1
1290,20240406,698,4,92.2,1
1291,20250924,450,1,77.5,1
1292,20250616,197,8,92.0,1
1293,20240726,774,8,82.6,1
1294,20260606,62,4,90.2,1
1295,20251214,462,4,67.2,1
1296,20230721,177,4,71.0,1
1297,20250319,775,7,83.1,1
1298,20230911,148,5,74.7,1
1299,20230925,37,6,88.5,1
1300,20260127,419,4,98.3,1
1301,20240902,585,3,93.5,1
1302,20240605,175,10,87.9,1
1303,20230915,314,8,91.6,1
1304,20241225,511,4,95.9,1
1305,20231028,235,10,80.9,1
1306,20240426,219,10,86.5,1
1307,20260131,573,9,99.8,1
1308,20240301,111,7,88.8,1
1309,20230413,308,6,99.6,1
1310,20250520,230,7,98.7,1
1311,20241002,440,7,80.1,1
1312,20240907,594,3,77.8,1
1313,20260405,313,6,74.7,1
1314,20240519,193,6,97.0,1
1315,20260621,653,7,95.6,1
1316,20230613,164,4,94.7,1
1317,20250619,700,5,71.1,1
1318,20231205,455,5,89.5,1
1319,20250905,243,6,95.6,1
1320,20231025,54,4,95.6,1
1321,20260504,284,10,85.5,1
1322,20250915,276,7,97.7,1
1323,20260429,631,1,88.6,1
1324,20250101,523,5,78.7,1
1325,20240313,101,2,98.3,1
1326,20240303,562,1,80.3,1
1327,20260516,175,1,96.8,1
1328,20251012,173,3,95.8,1
1329,20260125,725,1,92.1,1
1330,20231216,260,6,96.2,1
1331,20240826,123,5,96.8,1
1332,20240619,524,10,96.1,1
1333,20250811,162,9,91.6,1
1334,20230716,5,7,80.2,1
1335,20240114,258,2,90.9,1
1336,20251107,346,3,85.8,1
1337,20260527,625,3,92.0,1
1338,20241110,212,10,98.5,1
1339,20230811,299,10,98.7,1
1340,20240203,604,6,90.7,1
1341,20260506,728,9,91.2,1
1342,20231214,318,7,94.0,1
1343,20230226,269,6,78.7,1
1344,20250723,249,8,98.2,1
1345,20230501,560,5,99.2,1
1346,20251128,47,7,90.3,1
1347,20241009,654,8,99.2,1
1348,20241227,704,5,77.3,1
1349,20250724,83,1,99.6,1
1350,20230607,527,9,88.4,1
1351,20231030,323,9,96.1,1
1352,20250915,312,8,61.2,1
1353,20240411,637,8,99.6,1
1354,20241016,318,10,90.0,1
1355,20250613,751,9,98.8,1
1356,20250407,250,7,82.6,1
1357,20250127,542,7,85.9,1
1358,20250330,383,8,91.8,1
1359,20241015,547,5,97.3,1
1360,20250325,349,7,93.8,1
1361,20250102,15,2,95.2,1
1362,20260316,616,10,98.1,1
1363,20240816,191,8,98.5,1
1364,20260323,328,6,71.4,1
1365,20250723,292,9,83.8,1
1366,20251224,711,8,74.1,1
1367,20230309,695,2,94.7,1
1368,20241220,536,7,81.5,1
1369,20240719,400,1,74.8,1
1370,20231121,472,9,89.1,1
1371,20230930,203,10,89.0,1
1372,20251213,128,2,84.0,1
1373,20260514,709,5,89.1,1
1374,20250403,442,7,93.5,1
1375,20250405,257,2,89.8,1
1376,20241107,734,2,87.4,1
1377,20250228,606,10,99.5,1
1378,20250324,392,10,88.8,1
1379,20241110,737,8,91.9,1
1380,20240920,299,2,82.9,1
1381,20260605,139,9,86.2,1
1382,20250317,572,1,89.8,1
1383,20250417,581,4,91.9,1
1384,20231024,436,8,86.1,1
1385,20250306,509,5,96.8,1
1386,20230909,340,7,75.2,1
1387,20250704,629,5,85.3,1
1388,20241224,625,7,88.3,1
1389,20240801,675,6,96.4,1
1390,20260528,365,10,96.6,1
1391,20251012,723,5,93.7,1
1392,20240314,78,9,83.7,1
1393,20251101,196,7,90.8,1
1394,20240606,638,7,94.7,1
1395,20250422,43,9,87.8,1
1396,20230412,725,3,97.3,1
1397,20260329,406,8,69.7,1
1398,20251123,80,1,85.4,1
1399,20230206,185,10,99.2,1
1400,20251230,318,8,77.6,1
1401,20250617,309,7,92.3,1
1402,20230113,757,2,90.3,1
1403,20241017,526,8,99.4,1
1404,20260312,333,10,86.1,1
1405,20251111,479,2,96.5,1
1406,20230913,68,1,73.8,1
1407,20240813,434,9,95.3,1
1408,20230619,313,5,98.2,1
1409,20250612,120,3,85.5,1
1410,20240430,419,3,82.7,1
1411,20241016,214,6,91.3,1
1412,20260201,24,3,79.2,1
1413,20240226,339,7,94.8,1
1414,20241115,786,10,84.4,1
1415,20240425,347,6,96.2,1
1416,20230607,659,1,94.3,1
1417,20240415,253,4,76.2,1
1418,20240604,308,9,84.9,1
1419,20260105,148,8,82.8,1
1420,20250211,206,5,83.0,1
1421,20231211,691,4,98.3,1
1422,20250926,337,7,95.3,1
1423,20231007,49,4,82.4,1
1424,20241021,525,7,79.7,1
1425,20231020,406,10,74.1,1
1426,20260508,201,8,89.7,1
1427,20230519,87,2,95.5,1
1428,20251208,36,10,94.8,1
1429,20250120,582,9,83.9,1
1430,20250111,195,1,95.9,1
1431,20240413,195,2,55.4,1
1432,20250702,82,2,89.6,1
1433,20250510,642,7,93.7,1
1434,20240203,483,8,93.4,1
1435,20260312,743,3,88.1,1
1436,20250117,600,6,99.9,1
1437,20250915,235,6,82.8,1
1438,20251128,57,7,95.7,1
1439,20240430,517,1,85.5,1
1440,20250322,782,4,59.4,1
1441,20260603,491,5,61.0,1
1442,20250415,567,6,89.9,1
1443,20240804,58,5,96.9,1
1444,20250209,569,3,70.6,1
1445,20240524,729,2,83.9,1
1446,20240719,91,4,86.2,1
1447,20250110,690,6,98.6,1
1448,20241210,780,2,88.2,1
1449,20240527,289,4,77.4,1
1450,20230616,571,5,60.7,1
1451,20230122,178,10,84.5,1
1452,20240423,542,3,85.1,1
1453,20240826,429,6,47.1,1
1454,20241225,158,5,98.6,1
1455,20230909,203,8,89.3,1
1456,20240714,686,7,93.1,1
1457,20240229,726,9,88.6,1
1458,20250129,717,10,90.1,1
1459,20240903,255,5,76.3,1
1460,20240221,646,9,94.7,1
1461,20241216,718,3,84.1,1
1462,20230728,407,8,92.8,1
1463,20231206,699,5,94.1,1
1464,20250318,684,9,96.8,1
1465,20240721,432,2,98.5,1
1466,20240202,633,6,86.4,1
1467,20260520,187,5,95.5,1
1468,20240220,723,5,89.1,1
1469,20250716,118,6,92.1,1
1470,20240927,738,7,97.2,1
1471,20230903,421,10,80.1,1
1472,20250413,120,5,88.1,1
1473,20240118,495,5,96.4,1
1474,20260118,173,9,88.9,1
1475,20240731,769,8,84.9,1
1476,20250421,619,4,96.5,1
1477,20230629,166,10,88.7,1
1478,20230214,734,5,93.1,1
1479,20250807,795,8,96.8,1
1480,20240709,524,5,95.2,1
1481,20260126,308,10,73.7,1
1482,20230224,557,3,76.7,1
1483,20260107,516,4,81.2,1
1484,20240405,731,8,79.9,1
1485,20241106,9,9,94.3,1
1486,20240819,334,2,83.0,1
1487,20230724,424,4,64.0,1
1488,20240527,263,9,91.4,1
1489,20260521,15,2,83.2,1
1490,20260602,138,3,95.3,1
1491,20251129,273,5,99.5,1
1492,20251014,463,9,80.3,1
1493,20231002,666,4,80.1,1
1494,20230706,620,10,88.3,1
1495,20240102,247,3,94.5,1
1496,20250101,774,10,85.5,1
1497,20230502,144,10,91.8,1
1498,20230227,427,2,91.5,1
1499,20240507,620,9,83.4,1
1500,20260626,611,10,83.6,1
1501,20250128,395,7,77.9,1
1502,20260425,485,1,84.5,1
1503,20250915,686,9,86.9,1
1504,20230502,685,1,98.1,1
1505,20230425,672,7,80.6,1
1506,20250815,695,9,82.1,1
1507,20240831,493,8,93.1,1
1508,20240227,620,6,86.0,1
1509,20260617,250,6,98.9,1
1510,20251024,558,3,96.4,1
1511,20240726,779,9,90.0,1
1512,20250601,526,10,89.2,1
1513,20230521,265,5,78.9,1
1514,20250409,762,10,77.3,1
1515,20250112,435,5,69.7,1
1516,20240914,351,2,85.3,1
1517,20241205,777,8,78.8,1
1518,20240528,414,8,98.3,1
1519,20250528,439,9,96.0,1
1520,20241203,530,2,94.1,1
1521,20231126,583,1,84.2,1
1522,20241211,698,9,97.6,1
1523,20250813,53,1,94.5,1
1524,20251113,153,7,97.6,1
1525,20251228,412,8,83.2,1
1526,20230715,363,4,95.2,1
1527,20230201,523,8,84.5,1
1528,20251024,572,3,80.4,1
1529,20251210,445,7,83.6,1
1530,20250603,493,2,90.9,1
1531,20250513,216,8,67.6,1
1532,20250402,472,3,93.9,1
1533,20240826,642,10,71.3,1
1534,20250704,740,3,94.7,1
1535,20240307,597,9,88.3,1
1536,20250916,498,5,88.8,1
1537,20251123,128,2,83.5,1
1538,20240322,640,5,88.8,1
1539,20251104,294,4,79.6,1
1540,20230703,345,9,97.8,1
1541,20241122,645,8,75.5,1
1542,20230503,667,10,79.7,1
1543,20250811,42,6,84.3,1
1544,20260318,273,5,96.2,1
1545,20250926,134,1,80.3,1
1546,20250801,603,4,94.0,1
1547,20240906,56,5,84.2,1
1548,20250819,744,5,86.9,1
1549,20250822,9,10,95.1,1
1550,20230401,776,3,85.3,1
1551,20251005,304,4,96.2,1
1552,20260615,769,7,80.1,1
1553,20260303,629,2,98.0,1
1554,20240920,25,9,88.5,1
1555,20250331,727,4,95.2,1
1556,20260610,194,5,90.2,1
1557,20260316,304,7,89.1,1
1558,20260512,18,9,88.8,1
1559,20231228,668,9,97.3,1
1560,20240515,631,1,87.0,1
1561,20230720,405,6,92.4,1
1562,20250118,509,9,97.8,1
1563,20250122,78,10,85.5,1
1564,20250603,547,9,99.8,1
1565,20230915,647,3,98.4,1
1566,20250820,336,4,79.4,1
1567,20241109,161,4,80.2,1
1568,20260327,354,5,78.9,1
1569,20231012,72,3,94.0,1
1570,20260305,508,6,85.2,1
1571,20250311,187,5,88.3,1
1572,20230909,173,6,95.2,1
1573,20260222,326,2,96.9,1
1574,20250705,649,3,84.5,1
1575,20250423,326,6,96.4,1
1576,20240624,296,3,79.5,1
1577,20250912,38,8,97.5,1
1578,20250114,252,9,93.1,1
1579,20240109,58,4,93.6,1
1580,20240326,15,6,87.7,1
1581,20250218,556,8,91.6,1
1582,20241010,518,1,94.8,1
1583,20240517,531,2,89.0,1
1584,20250818,522,7,96.3,1
1585,20241002,384,3,83.0,1
1586,20230711,481,5,94.9,1
1587,20241126,118,6,82.1,1
1588,20240930,137,7,99.0,1
1589,20250708,42,4,81.6,1
1590,20230608,418,8,70.6,1
1591,20250601,553,2,74.4,1
1592,20260319,11,5,94.6,1
1593,20250918,194,3,90.8,1
1594,20250424,705,8,99.6,1
1595,20250929,629,1,93.0,1
1596,20250203,379,2,94.0,1
1597,20240720,121,9,90.9,1
1598,20260203,795,3,86.3,1
1599,20260303,278,8,81.9,1
1600,20230326,135,1,84.3,1
1601,20231208,349,7,97.2,1
1602,20260406,791,4,92.0,1
1603,20230122,94,1,98.1,1
1604,20251231,540,9,97.0,1
1605,20230109,770,10,88.5,1
1606,20260228,72,8,96.4,1
1607,20251225,792,5,97.7,1
1608,20250405,646,1,98.5,1
1609,20240506,62,5,92.1,1
1610,20240219,471,5,77.8,1
1611,20251109,460,5,87.6,1
1612,20240523,291,8,83.0,1
1613,20250622,173,2,67.5,1
1614,20230324,338,8,98.6,1
1615,20250531,17,3,86.8,1
1616,20240826,524,5,94.5,1
1617,20250302,764,5,97.2,1
1618,20230107,4,3,97.8,1
1619,20240722,308,4,93.8,1
1620,20240813,203,2,97.0,1
1621,20240817,146,8,84.9,1
1622,20250919,447,6,96.8,1
1623,20230214,482,10,95.8,1
1624,20260618,468,8,99.7,1
1625,20241007,528,7,99.1,1
1626,20250518,585,1,94.5,1
1627,20230606,364,10,82.8,1
1628,20250717,568,10,91.4,1
1629,20230224,463,1,91.9,1
1630,20230808,106,3,84.5,1
1631,20240914,80,10,70.9,1
1632,20230725,471,4,77.8,1
1633,20231202,581,2,87.5,1
1634,20240529,148,7,81.4,1
1635,20260227,668,5,79.3,1
1636,20240526,177,4,75.2,1
1637,20240401,562,5,77.6,1
1638,20240826,8,8,84.9,1
1639,20230518,422,6,96.0,1
1640,20240212,791,7,87.7,1
1641,20260620,443,7,99.3,1
1642,20240426,616,6,92.7,1
1643,20240716,742,3,65.1,1
1644,20251030,383,5,89.7,1
1645,20230117,142,1,83.6,1
1646,20250226,325,6,92.6,1
1647,20230701,790,5,95.6,1
1648,20240126,302,2,86.7,1
1649,20260218,405,1,77.4,1
1650,20240217,246,3,82.0,1
1651,20260320,99,6,96.2,1
1652,20250812,527,4,86.8,1
1653,20241127,143,3,89.9,1
1654,20230505,427,1,83.6,1
1655,20250408,734,6,77.1,1
1656,20260307,608,6,92.3,1
1657,20260424,625,2,94.8,1
1658,20230218,504,10,92.7,1
1659,20250203,515,2,93.0,1
1660,20250517,720,5,97.3,1
1661,20240815,734,6,93.0,1
1662,20250901,678,1,81.0,1
1663,20241204,386,5,86.6,1
1664,20251023,148,7,96.1,1
1665,20240420,653,3,97.9,1
1666,20240418,660,4,94.2,1
1667,20260317,522,6,85.8,1
1668,20250125,547,4,89.3,1
1669,20240529,352,7,89.2,1
1670,20251124,23,1,97.8,1
1671,20250429,385,4,79.9,1
1672,20241022,407,8,92.1,1
1673,20240803,714,8,89.9,1
1674,20240526,799,6,89.8,1
1675,20250426,379,7,76.9,1
1676,20230317,453,3,92.6,1
1677,20240226,4,9,79.9,1
1678,20241123,313,6,88.9,1
1679,20240831,224,1,87.8,1
1680,20241109,194,6,57.5,1
1681,20240520,100,5,94.8,1
1682,20250323,436,2,89.7,1
1683,20250624,302,2,88.7,1
1684,20250301,573,8,93.5,1
1685,20260331,725,3,85.8,1
1686,20240229,224,1,77.6,1
1687,20251214,4,5,97.4,1
1688,20240325,266,5,85.8,1
1689,20260512,242,2,83.0,1
1690,20240426,226,5,94.8,1
1691,20240201,297,10,98.3,1
1692,20251115,425,7,91.4,1
1693,20230317,68,1,79.4,1
1694,20250522,23,4,94.1,1
1695,20251112,235,9,90.0,1
1696,20260421,100,3,96.5,1
1697,20230329,527,4,93.9,1
1698,20230608,474,1,90.6,1
1699,20230524,290,6,89.0,1
1700,20240222,508,3,68.8,1
1701,20230902,275,7,95.9,1
1702,20260426,528,2,84.3,1
1703,20250913,609,4,76.8,1
1704,20260311,110,5,80.5,1
1705,20260104,552,3,81.4,1
1706,20231114,440,5,95.5,1
1707,20250720,520,8,93.4,1
1708,20260102,115,7,89.4,1
1709,20240623,768,6,84.6,1
1710,20260506,492,4,93.3,1
1711,20260409,551,7,84.5,1
1712,20240607,508,8,93.1,1
1713,20250606,375,1,84.3,1
1714,20240901,605,9,90.1,1
1715,20250406,209,5,96.1,1
1716,20260628,264,7,71.7,1
1717,20260419,304,1,94.9,1
1718,20240109,613,10,83.8,1
1719,20231104,64,3,97.7,1
1720,20230808,328,2,93.0,1
1721,20230721,151,3,88.8,1
1722,20260317,539,7,96.9,1
1723,20240831,86,4,98.4,1
1724,20240903,216,6,95.7,1
1725,20260104,219,10,95.7,1
1726,20230204,134,4,89.9,1
1727,20250727,186,2,81.7,1
1728,20230606,604,10,66.4,1
1729,20250320,632,3,97.2,1
1730,20231122,456,10,86.9,1
1731,20250302,172,2,79.8,1
1732,20241120,444,2,88.8,1
1733,20260622,177,6,99.4,1
1734,20240205,291,3,96.3,1
1735,20230403,175,7,67.1,1
1736,20231225,239,2,89.6,1
1737,20240626,699,7,99.9,1
1738,20240621,226,4,93.3,1
1739,20230213,363,8,95.3,1
1740,20260207,644,6,81.5,1
1741,20240508,479,9,67.5,1
1742,20240522,639,1,81.1,1
1743,20250413,732,5,91.7,1
1744,20230624,307,8,87.6,1
1745,20241120,140,6,82.5,1
1746,20231112,180,9,90.2,1
1747,20241119,800,6,98.0,1
1748,20231211,49,9,90.5,1
1749,20240924,450,10,97.8,1
1750,20240104,667,7,97.6,1
1751,20241022,491,9,87.0,1
1752,20260516,227,1,96.8,1
1753,20240426,364,4,99.5,1
1754,20260124,351,8,77.9,1
1755,20250811,720,5,90.3,1
1756,20240726,300,1,85.9,1
1757,20230227,667,5,66.2,1
1758,20231105,551,7,79.0,1
1759,20260625,128,6,89.4,1
1760,20241117,608,7,86.5,1
1761,20260423,194,6,99.8,1
1762,20260313,443,2,71.5,1
1763,20240720,678,10,80.7,1
1764,20240928,437,5,84.7,1
1765,20240624,121,1,88.4,1
1766,20231004,494,5,97.8,1
1767,20230403,593,6,78.0,1
1768,20230627,555,2,95.0,1
1769,20250226,49,1,84.8,1
1770,20250501,621,2,87.0,1
1771,20260418,471,10,97.6,1
1772,20240710,256,2,82.1,1
1773,20260625,694,9,99.3,1
1774,20231201,180,5,82.2,1
1775,20250426,460,4,97.4,1
1776,20241027,396,6,88.7,1
1777,20251223,94,7,97.8,1
1778,20251011,301,10,82.6,1
1779,20250305,577,4,77.3,1
1780,20251228,362,1,99.1,1
1781,20240508,338,4,90.5,1
1782,20230810,436,6,76.4,1
1783,20240520,522,1,90.8,1
1784,20260607,338,7,46.0,1
1785,20230629,234,10,97.1,1
1786,20230118,593,1,96.5,1
1787,20240802,67,3,86.1,1
1788,20230423,557,4,89.8,1
1789,20260119,241,2,90.6,1
1790,20230621,664,7,84.8,1
1791,20260517,56,9,85.8,1
1792,20250220,95,3,90.0,1
1793,20250430,332,7,92.8,1
1794,20230604,157,10,97.7,1
1795,20241003,647,10,78.8,1
1796,20230320,33,2,96.8,1
1797,20240203,622,5,88.8,1
1798,20231111,227,8,94.7,1
1799,20260416,743,9,70.4,1
1800,20241112,483,4,76.3,1
1801,20231225,428,8,96.3,1
1802,20230509,333,1,96.2,1
1803,20250503,377,3,94.7,1
1804,20250109,172,10,90.0,1
1805,20250420,435,2,82.1,1
1806,20230322,398,5,91.1,1
1807,20231107,648,2,95.3,1
1808,20250914,617,5,86.0,1
1809,20250430,662,6,96.6,1
1810,20251116,694,2,97.8,1
1811,20240320,787,10,94.7,1
1812,20241019,132,8,66.3,1
1813,20230312,273,8,67.4,1
1814,20240517,768,2,99.8,1
1815,20241219,702,10,81.1,1
1816,20230612,406,3,85.8,1
1817,20260402,71,10,92.7,1
1818,20240612,525,5,97.3,1
1819,20260321,252,6,85.9,1
1820,20240518,509,2,92.3,1
1821,20230523,655,10,87.4,1
1822,20230414,795,6,88.8,1
1823,20231117,297,7,83.0,1
1824,20230618,406,1,99.4,1
1825,20230201,373,3,89.1,1
1826,20230310,470,7,83.2,1
1827,20250903,506,6,96.4,1
1828,20240906,163,4,85.5,1
1829,20260121,480,8,75.9,1
1830,20250531,290,9,71.5,1
1831,20231030,250,3,86.1,1
1832,20250717,741,7,97.8,1
1833,20250321,662,10,77.9,1
1834,20260215,607,5,97.1,1
1835,20231024,739,1,99.3,1
1836,20250608,683,3,61.5,1
1837,20250614,670,1,86.8,1
1838,20240607,450,9,88.5,1
1839,20260302,35,5,97.7,1
1840,20241119,26,4,62.0,1
1841,20250922,67,1,96.7,1
1842,20250910,164,5,91.5,1
1843,20231113,261,8,97.5,1
1844,20231110,329,2,98.2,1
1845,20240616,669,8,96.9,1
1846,20250417,277,8,87.2,1
1847,20251227,552,5,72.8,1
1848,20231121,94,10,97.3,1
1849,20230902,761,6,79.8,1
1850,20250207,640,2,97.4,1
1851,20240209,362,2,96.0,1
1852,20260128,202,5,96.0,1
1853,20230103,405,1,92.4,1
1854,20230505,116,6,90.1,1
1855,20231204,266,5,90.3,1
1856,20250529,447,3,94.9,1
1857,20240925,276,2,87.4,1
1858,20231020,477,1,86.8,1
1859,20230615,723,9,93.9,1
1860,20231220,8,2,98.1,1
1861,20231128,329,7,91.1,1
1862,20250129,739,5,69.9,1
1863,20250329,556,9,95.7,1
1864,20260329,402,7,86.2,1
1865,20251215,644,6,93.0,1
1866,20240821,685,6,86.1,1
1867,20240321,441,4,73.2,1
1868,20250925,254,1,82.2,1
1869,20230111,4,9,91.6,1
1870,20230811,4,7,94.3,1
1871,20250218,94,4,97.2,1
1872,20240111,4,10,90.9,1
1873,20240819,429,4,94.0,1
1874,20230425,760,7,82.3,1
1875,20251122,66,4,94.5,1
1876,20250506,713,2,99.2,1
1877,20241216,497,9,94.0,1
1878,20260616,562,1,95.2,1
1879,20240609,99,9,81.0,1
1880,20250512,593,1,92.7,1
1881,20260201,501,6,87.6,1
1882,20241226,532,1,97.3,1
1883,20240605,777,5,90.5,1
1884,20251021,133,2,92.2,1
1885,20231208,248,3,99.7,1
1886,20240529,662,9,98.3,1
1887,20260130,201,6,73.1,1
1888,20240202,698,4,84.1,1
1889,20241125,766,8,85.5,1
1890,20240618,402,8,81.6,1
1891,20230702,361,8,94.6,1
1892,20241011,727,9,88.3,1
1893,20241106,325,6,92.6,1
1894,20241112,91,2,98.8,1
1895,20241003,410,5,81.9,1
1896,20260507,247,2,92.8,1
1897,20240721,396,8,97.9,1
1898,20230617,640,7,97.2,1
1899,20251202,303,1,99.4,1
1900,20230828,68,5,97.8,1
1901,20260527,649,5,98.7,1
1902,20250531,426,6,87.7,1
1903,20250227,181,10,93.9,1
1904,20230116,383,9,99.5,1
1905,20231230,564,10,96.1,1
1906,20250204,689,5,97.0,1
1907,20230707,289,5,88.9,1
1908,20250517,637,3,92.0,1
1909,20240527,730,2,85.1,1
1910,20250112,248,10,99.3,1
1911,20250510,408,6,98.2,1
1912,20231205,423,9,98.0,1
1913,20240603,260,5,97.1,1
1914,20230219,127,8,92.4,1
1915,20250921,68,2,81.1,1
1916,20231204,103,4,89.7,1
1917,20250108,642,6,96.8,1
1918,20250828,575,3,99.6,1
1919,20240919,90,3,95.7,1
1920,20241001,108,1,92.0,1
1921,20240124,517,5,96.2,1
1922,20240404,425,5,74.0,1
1923,20240402,431,6,98.4,1
1924,20260131,425,6,77.8,1
1925,20230121,16,1,88.8,1
1926,20250221,508,1,78.5,1
1927,20250303,782,4,73.4,1
1928,20250305,283,2,84.3,1
1929,20241113,150,4,68.3,1
1930,20231113,609,3,96.8,1
1931,20250921,348,4,94.6,1
1932,20260306,721,6,78.0,1
1933,20241022,762,5,96.0,1
1934,20230106,382,8,90.0,1
1935,20230426,577,8,92.0,1
1936,20230723,365,10,95.5,1
1937,20241109,557,10,85.2,1
1938,20231022,446,1,69.9,1
1939,20250206,162,5,91.1,1
1940,20240114,578,7,96.8,1
1941,20251005,718,4,74.0,1
1942,20240823,284,3,99.6,1
1943,20260616,533,10,89.6,1
1944,20241014,349,2,95.5,1
1945,20241007,800,9,97.6,1
1946,20230913,90,10,98.4,1
1947,20250906,494,7,90.9,1
1948,20250125,602,3,86.0,1
1949,20230519,60,6,95.5,1
1950,20250322,346,6,93.0,1
1951,20241003,116,8,96.1,1
1952,20250329,735,8,99.3,1
1953,20230605,670,1,99.7,1
1954,20241228,403,4,90.8,1
1955,20251027,250,3,75.4,1
1956,20240203,80,5,79.7,1
1957,20250419,5,10,93.2,1
1958,20240326,89,6,89.8,1
1959,20241222,50,3,80.1,1
1960,20250413,560,3,85.8,1
1961,20230627,288,4,95.1,1
1962,20260217,593,8,99.9,1
1963,20230222,353,4,70.0,1
1964,20230801,12,4,90.6,1
1965,20240515,384,9,94.4,1
1966,20250510,109,3,96.5,1
1967,20250324,459,3,91.6,1
1968,20230418,698,10,95.6,1
1969,20240822,333,2,95.4,1
1970,20250504,384,8,78.7,1
1971,20260119,92,5,94.6,1
1972,20230409,294,10,99.3,1
1973,20231216,434,6,91.0,1
1974,20260208,348,7,99.6,1
1975,20230417,155,4,86.7,1
1976,20240107,563,10,79.1,1
1977,20230405,728,1,99.1,1
1978,20230130,481,2,81.4,1
1979,20260202,583,6,98.9,1
1980,20260212,266,1,84.8,1
1981,20230728,4,1,82.9,1
1982,20230713,486,6,99.1,1
1983,20230808,74,1,82.3,1
1984,20260119,107,7,93.2,1
1985,20240311,611,6,94.3,1
1986,20260223,431,6,96.3,1
1987,20230114,630,2,91.1,1
1988,20260128,137,1,95.9,1
1989,20260227,109,6,96.5,1
1990,20231112,348,7,84.5,1
1991,20240217,579,7,89.4,1
1992,20241203,621,1,90.1,1
1993,20250729,558,4,87.8,1
1994,20230316,196,8,72.9,1
1995,20250930,589,2,94.6,1
1996,20251229,745,5,94.4,1
1997,20241026,74,8,96.8,1
1998,20240322,93,1,92.6,1
1999,20240707,597,9,90.5,1
2000,20260131,41,9,84.2,1
2001,20240115,325,2,82.0,1
2002,20230330,345,8,87.4,1
2003,20240908,281,4,95.6,1
2004,20230819,762,1,98.9,1
2005,20250801,383,10,98.2,1
2006,20250123,308,6,57.2,1
2007,20240128,39,5,91.1,1
2008,20250312,685,8,88.8,1
2009,20250919,307,6,99.4,1
2010,20241119,464,4,90.2,1
2011,20240408,289,9,89.8,1
2012,20250824,623,3,86.6,1
2013,20240212,716,2,79.5,1
2014,20240703,238,10,52.9,1
2015,20240422,314,4,97.8,1
2016,20250515,552,7,98.0,1
2017,20260416,89,1,94.7,1
2018,20240301,269,10,99.2,1
2019,20260218,444,6,72.1,1
2020,20250530,484,6,93.6,1
2021,20240713,203,1,77.2,1
2022,20250213,774,2,98.5,1
2023,20240909,431,4,86.4,1
2024,20230223,445,7,98.1,1
2025,20240817,545,8,86.0,1
2026,20230901,778,8,82.8,1
2027,20251224,741,6,85.7,1
2028,20230915,40,6,77.4,1
2029,20260217,557,7,97.0,1
2030,20241103,23,7,98.7,1
2031,20240830,345,5,95.6,1
2032,20230216,707,4,88.8,1
2033,20240626,696,10,88.8,1
2034,20251019,781,3,97.6,1
2035,20231003,173,8,45.3,1
2036,20250802,344,8,99.0,1
2037,20241115,785,4,94.0,1
2038,20260522,594,7,74.4,1
2039,20230514,202,9,96.9,1
2040,20260516,21,7,97.9,1
2041,20251219,118,4,84.4,1
2042,20251224,445,9,78.3,1
2043,20250110,575,6,87.7,1
2044,20240721,315,2,95.4,1
2045,20230623,76,3,99.3,1
2046,20260130,392,6,87.4,1
2047,20260415,341,8,70.2,1
2048,20251202,400,7,99.4,1
2049,20241124,101,2,96.5,1
2050,20240815,193,2,83.8,1
2051,20260106,777,6,87.7,1
2052,20230710,446,6,77.5,1
2053,20230708,36,10,86.4,1
2054,20230715,406,1,74.1,1
2055,20231107,107,9,91.3,1
2056,20260305,377,7,87.3,1
2057,20231211,731,1,83.9,1
2058,20240717,224,1,97.8,1
2059,20240819,648,2,75.7,1
2060,20230127,799,10,84.4,1
2061,20230928,174,8,71.2,1
2062,20230806,618,4,85.5,1
2063,20250904,601,4,96.3,1
2064,20260225,344,5,85.8,1
2065,20230129,398,1,94.5,1
2066,20241220,528,5,94.1,1
2067,20251212,614,9,89.0,1
2068,20230831,238,3,91.9,1
2069,20230307,456,7,90.0,1
2070,20250518,340,5,91.0,1
2071,20241121,600,6,92.9,1
2072,20260129,336,9,92.1,1
2073,20230120,497,7,68.9,1
2074,20260520,130,7,83.0,1
2075,20230115,227,5,65.6,1
2076,20241124,543,8,92.8,1
2077,20240726,6,8,99.5,1
2078,20251019,117,5,92.3,1
2079,20250315,431,8,94.2,1
2080,20251030,562,2,96.0,1
2081,20240226,326,6,84.2,1
2082,20250923,757,4,89.8,1
2083,20241229,178,8,74.2,1
2084,20250731,178,3,94.6,1
2085,20250829,102,1,87.5,1
2086,20240801,269,9,83.8,1
2087,20250830,499,2,95.7,1
2088,20250125,585,8,86.0,1
2089,20230902,640,8,91.5,1
2090,20231024,582,1,97.1,1
2091,20240131,144,4,95.6,1
2092,20251122,265,8,98.8,1
2093,20240425,513,3,88.2,1
2094,20230501,72,4,88.9,1
2095,20240519,559,3,93.5,1
2096,20230411,378,3,91.9,1
2097,20230126,530,4,86.4,1
2098,20240302,241,3,87.6,1
2099,20240227,629,8,78.9,1
2100,20250801,474,8,53.1,1
2101,20250808,545,4,95.0,1
2102,20230412,391,4,80.4,1
2103,20240503,443,2,93.6,1
2104,20250216,444,8,97.4,1
2105,20260310,579,1,98.2,1
2106,20241029,459,6,87.8,1
2107,20241229,242,6,85.4,1
2108,20231119,10,2,88.0,1
2109,20230818,527,8,94.7,1
2110,20230730,631,5,99.7,1
2111,20230311,560,2,95.5,1
2112,20230910,122,2,99.3,1
2113,20240810,407,10,82.5,1
2114,20231223,530,2,96.8,1
2115,20230608,784,5,97.1,1
2116,20240417,780,5,98.9,1
2117,20250311,281,7,72.6,1
2118,20241220,583,4,66.2,1
2119,20230530,514,6,70.9,1
2120,20260405,789,9,64.5,1
2121,20230906,439,2,80.9,1
2122,20230918,474,1,84.5,1
2123,20250912,311,9,98.1,1
2124,20241026,660,10,86.6,1
2125,20241225,649,3,98.8,1
2126,20250121,26,3,82.9,1
2127,20251130,66,6,72.3,1
2128,20240608,260,9,81.9,1
2129,20240226,781,8,98.5,1
2130,20230718,779,9,93.7,1
2131,20251129,212,10,91.7,1
2132,20230928,175,4,94.6,1
2133,20241205,34,2,94.9,1
2134,20250728,788,9,80.4,1
2135,20241001,118,7,93.2,1
2136,20260529,312,9,97.8,1
2137,20240624,372,3,77.1,1
2138,20250626,483,5,95.1,1
2139,20260415,283,3,79.2,1
2140,20231208,485,5,92.4,1
2141,20240121,503,9,94.9,1
2142,20251128,81,7,99.7,1
2143,20240511,373,9,61.6,1
2144,20260406,560,2,87.9,1
2145,20240531,471,7,72.7,1
2146,20230606,706,1,83.4,1
2147,20240411,520,5,70.4,1
2148,20260307,305,4,70.2,1
2149,20231023,644,10,98.1,1
2150,20240308,413,3,71.8,1
2151,20231218,296,10,96.9,1
2152,20260408,279,5,90.8,1
2153,20230925,305,8,80.9,1
2154,20240828,721,8,83.3,1
2155,20260119,12,10,92.8,1
2156,20240720,204,8,94.6,1
2157,20250312,115,7,85.8,1
2158,20240522,667,8,69.4,1
2159,20230112,515,9,90.9,1
2160,20230430,266,2,87.3,1
2161,20260421,294,7,84.7,1
2162,20230713,467,2,97.3,1
2163,20250430,720,6,84.6,1
2164,20250102,161,9,90.0,1
2165,20251022,279,9,99.0,1
2166,20230115,45,1,96.9,1
2167,20240731,248,2,76.9,1
2168,20240821,547,2,83.1,1
2169,20240316,665,3,87.1,1
2170,20250520,699,2,96.0,1
2171,20241017,601,8,87.2,1
2172,20241220,200,7,94.7,1
2173,20240310,107,8,97.0,1
2174,20260620,557,3,87.7,1
2175,20250622,575,4,91.6,1
2176,20240509,132,2,89.8,1
2177,20241013,420,3,96.0,1
2178,20251127,202,6,93.3,1
2179,20240907,14,2,91.1,1
2180,20240307,730,7,87.0,1
2181,20260328,179,5,94.0,1
2182,20251130,275,9,93.3,1
2183,20230214,522,1,89.7,1
2184,20231228,212,1,89.6,1
2185,20240119,776,4,87.8,1
2186,20231230,512,3,64.0,1
2187,20250304,563,1,83.0,1
2188,20251103,686,1,83.5,1
2189,20250206,223,3,89.5,1
2190,20240917,142,5,96.1,1
2191,20231010,712,5,96.1,1
2192,20230131,320,2,63.5,1
2193,20250529,48,8,95.4,1
2194,20240308,787,6,98.9,1
2195,20260226,273,5,93.0,1
2196,20230119,134,6,98.2,1
2197,20241022,654,5,98.1,1
2198,20240809,354,2,89.2,1
2199,20230804,660,3,83.9,1
2200,20230611,785,6,81.4,1
2201,20230918,732,10,75.4,1
2202,20230713,440,1,85.9,1
2203,20230219,761,7,99.4,1
2204,20240327,774,4,61.6,1
2205,20251031,69,6,78.7,1
2206,20230919,279,3,95.2,1
2207,20240427,218,10,87.7,1
2208,20260416,274,3,77.7,1
2209,20241029,7,8,99.4,1
2210,20240420,54,3,88.2,1
2211,20251105,689,1,62.5,1
2212,20260224,345,9,97.5,1
2213,20250316,650,9,90.2,1
2214,20240511,716,10,76.8,1
2215,20250917,346,3,94.6,1
2216,20230621,248,3,96.9,1
2217,20230227,763,8,95.1,1
2218,20240114,326,6,80.9,1
2219,20250523,238,7,91.7,1
2220,20230421,566,4,82.0,1
2221,20250406,186,8,73.7,1
2222,20231225,69,6,94.8,1
2223,20260225,327,7,91.6,1
2224,20240927,568,7,91.0,1
2225,20240910,279,3,83.3,1
2226,20260613,689,9,97.7,1
2227,20240927,562,7,79.2,1
2228,20241025,353,3,72.5,1
2229,20231029,249,2,67.0,1
2230,20250117,537,4,82.2,1
2231,20250930,94,5,99.2,1
2232,20250607,598,8,88.5,1
2233,20240724,716,5,97.6,1
2234,20240414,82,3,96.2,1
2235,20250529,120,2,84.5,1
2236,20240423,675,10,96.7,1
2237,20231128,186,1,95.6,1
2238,20240807,297,3,80.6,1
2239,20240227,528,10,97.3,1
2240,20250820,440,9,96.4,1
2241,20260525,161,6,95.1,1
2242,20230721,340,3,98.8,1
2243,20230605,293,4,77.9,1
2244,20251015,38,3,80.8,1
2245,20251223,748,2,92.7,1
2246,20250609,19,10,94.4,1
2247,20240511,168,6,92.5,1
2248,20251206,779,9,98.5,1
2249,20240911,518,10,98.1,1
2250,20231106,548,2,98.1,1
2251,20240329,547,6,55.5,1
2252,20231219,391,5,83.5,1
2253,20251108,569,1,82.4,1
2254,20230913,605,1,98.0,1
2255,20230322,374,6,95.3,1
2256,20231003,612,6,96.6,1
2257,20230708,78,3,93.6,1
2258,20230504,142,6,79.0,1
2259,20250806,543,7,94.6,1
2260,20231128,534,5,99.7,1
2261,20241227,787,10,96.3,1
2262,20240611,406,7,71.8,1
2263,20240604,523,5,91.6,1
2264,20231001,118,7,95.0,1
2265,20240517,16,10,91.6,1
2266,20251112,772,10,95.7,1
2267,20230510,370,9,66.9,1
2268,20240930,675,9,81.5,1
2269,20230110,130,9,91.1,1
2270,20251214,253,8,84.1,1
2271,20240112,236,1,97.7,1
2272,20241101,594,7,74.9,1
2273,20230114,383,5,91.2,1
2274,20240718,617,8,95.8,1
2275,20231124,341,6,98.5,1
2276,20230309,645,4,70.2,1
2277,20230322,701,3,87.5,1
2278,20240807,698,3,58.4,1
2279,20260626,731,6,68.1,1
2280,20260114,410,2,75.6,1
2281,20230304,84,8,96.0,1
2282,20240510,395,6,99.2,1
2283,20240604,538,10,87.9,1
2284,20250512,487,5,67.1,1
2285,20260412,232,2,88.5,1
2286,20251028,550,8,97.6,1
2287,20250506,543,6,78.6,1
2288,20230818,26,4,77.0,1
2289,20260126,649,9,80.0,1
2290,20250907,664,1,82.5,1
2291,20240707,331,10,90.4,1
2292,20230820,344,1,81.8,1
2293,20250907,630,9,87.8,1
2294,20240321,133,10,98.0,1
2295,20231007,480,5,94.9,1
2296,20251104,229,8,99.1,1
2297,20250623,459,10,76.8,1
2298,20250222,220,8,95.8,1
2299,20250731,476,6,90.4,1
2300,20240512,97,8,82.3,1
2301,20260320,418,4,98.4,1
2302,20241225,157,4,92.8,1
2303,20241020,126,7,90.6,1
2304,20260219,334,5,69.1,1
2305,20230324,77,9,84.7,1
2306,20231109,677,9,72.5,1
2307,20250527,608,10,80.0,1
2308,20240624,555,5,84.4,1
2309,20231213,174,3,61.8,1
2310,20240520,101,6,92.5,1
2311,20240703,542,1,93.1,1
2312,20230208,636,10,97.3,1
2313,20251212,264,6,88.9,1
2314,20240809,710,8,90.3,1
2315,20260401,180,2,92.6,1
2316,20240105,393,6,96.7,1
2317,20240306,435,7,99.5,1
2318,20240626,490,7,87.8,1
2319,20240207,128,9,77.5,1
2320,20240514,292,2,59.4,1
2321,20250104,726,5,79.0,1
2322,20231215,422,8,88.8,1
2323,20230714,142,2,90.8,1
2324,20250913,779,6,95.0,1
2325,20240301,313,1,89.6,1
2326,20240625,387,1,91.0,1
2327,20240924,200,6,88.1,1
2328,20230308,440,10,95.9,1
2329,20250827,200,5,78.3,1
2330,20260506,344,3,96.4,1
2331,20231022,79,10,88.0,1
2332,20230809,344,8,86.4,1
2333,20250507,788,8,95.3,1
2334,20250504,280,4,92.3,1
2335,20240120,161,7,96.2,1
2336,20260322,213,9,85.7,1
2337,20260409,444,6,79.0,1
2338,20250615,273,7,86.4,1
2339,20260514,633,8,83.3,1
2340,20260214,603,1,89.4,1
2341,20250113,430,4,90.7,1
2342,20250315,43,10,95.6,1
2343,20260111,207,4,99.7,1
2344,20240701,723,2,83.9,1
2345,20230720,379,7,86.8,1
2346,20230518,380,2,76.0,1
2347,20230702,656,5,71.8,1
2348,20250325,399,9,96.3,1
2349,20251130,636,3,96.2,1
2350,20241027,244,2,96.3,1
2351,20230808,540,9,87.6,1
2352,20230212,768,5,89.2,1
2353,20240210,483,2,82.8,1
2354,20250521,330,8,98.7,1
2355,20230606,324,8,91.0,1
2356,20240623,397,4,68.3,1
2357,20230107,664,4,86.3,1
2358,20260505,419,3,86.0,1
2359,20231024,13,7,86.1,1
2360,20241022,701,9,92.5,1
2361,20250114,271,1,95.2,1
2362,20241212,720,6,89.8,1
2363,20241104,321,5,99.0,1
2364,20240205,230,7,97.0,1
2365,20260408,76,10,98.0,1
2366,20240404,203,4,86.4,1
2367,20240418,312,9,87.7,1
2368,20240608,341,2,89.6,1
2369,20240514,235,7,96.4,1
2370,20231219,630,1,69.6,1
2371,20251008,707,10,78.4,1
2372,20241204,651,7,92.5,1
2373,20240216,126,10,98.4,1
2374,20250827,518,3,64.8,1
2375,20251003,778,2,97.7,1
2376,20240906,603,6,86.6,1
2377,20230908,579,8,95.9,1
2378,20240329,642,8,98.7,1
2379,20230807,230,3,92.9,1
2380,20240320,527,4,86.3,1
2381,20260524,598,8,83.3,1
2382,20250430,48,9,87.1,1
2383,20240823,2,4,93.6,1
2384,20230803,573,9,93.8,1
2385,20250430,627,2,98.7,1
2386,20250818,311,2,80.2,1
2387,20230515,733,8,83.5,1
2388,20240927,587,3,63.5,1
2389,20240508,9,1,95.8,1
2390,20240228,707,5,93.8,1
2391,20230913,79,2,92.2,1
2392,20241008,800,10,89.6,1
2393,20251101,625,5,96.5,1
2394,20241018,746,3,81.5,1
2395,20240611,467,8,80.8,1
2396,20260612,410,8,92.2,1
2397,20250304,538,5,88.4,1
2398,20260120,386,10,74.1,1
2399,20241001,756,7,60.2,1
2400,20240509,280,1,76.7,1
2401,20230801,6,3,99.9,1
2402,20260524,574,3,99.9,1
2403,20250224,571,2,96.3,1
2404,20230125,646,6,95.5,1
2405,20230118,209,10,88.2,1
2406,20241115,133,2,83.8,1
2407,20230411,462,2,93.8,1
2408,20230122,64,7,84.7,1
2409,20250919,497,4,95.7,1
2410,20240331,284,6,99.2,1
2411,20250224,675,8,90.5,1
2412,20250618,778,10,91.3,1
2413,20230308,68,3,90.9,1
2414,20231008,297,10,86.6,1
2415,20231231,364,9,97.8,1
2416,20250516,571,1,70.6,1
2417,20230618,525,1,89.8,1
2418,20241030,266,6,88.9,1
2419,20230619,390,10,95.0,1
2420,20230104,324,10,95.0,1
2421,20241015,285,3,97.0,1
2422,20241026,325,9,70.1,1
2423,20231125,193,3,97.2,1
2424,20260225,84,2,76.5,1
2425,20240629,315,8,95.9,1
2426,20251125,170,4,73.8,1
2427,20240923,25,8,97.6,1
2428,20250428,146,4,98.2,1
2429,20250119,548,3,83.5,1
2430,20250610,606,4,87.0,1
2431,20230730,450,2,97.2,1
2432,20240925,127,10,93.1,1
2433,20251029,292,4,99.2,1
2434,20240724,573,1,89.5,1
2435,20230425,636,7,99.5,1
2436,20260429,485,9,96.2,1
2437,20240622,608,2,79.2,1
2438,20250512,312,10,97.7,1
2439,20260611,121,5,98.7,1
2440,20260129,220,8,88.8,1
2441,20230519,727,5,98.6,1
2442,20260220,684,8,87.8,1
2443,20240817,200,8,91.2,1
2444,20250312,564,6,60.3,1
2445,20230918,182,2,98.3,1
2446,20230928,76,2,61.3,1
2447,20250511,492,6,93.8,1
2448,20260615,81,3,85.6,1
2449,20260507,633,7,70.8,1
2450,20260401,537,8,69.1,1
2451,20260110,598,9,84.2,1
2452,20230923,607,4,91.8,1
2453,20251129,200,6,80.4,1
2454,20230130,565,8,83.6,1
2455,20240526,146,8,88.4,1
2456,20241130,354,9,65.2,1
2457,20240703,281,9,90.6,1
2458,20230928,12,5,87.2,1
2459,20231127,500,2,96.5,1
2460,20240123,700,2,81.0,1
2461,20240511,469,1,93.8,1
2462,20250519,514,6,99.0,1
2463,20240811,357,3,98.9,1
2464,20230411,13,8,98.4,1
2465,20230202,621,4,94.8,1
2466,20260626,724,4,98.6,1
2467,20240810,85,4,90.1,1
2468,20230507,343,4,97.1,1
2469,20260110,248,1,80.2,1
2470,20230407,228,4,55.3,1
2471,20240905,750,8,88.4,1
2472,20240630,393,8,93.6,1
2473,20250803,288,8,95.9,1
2474,20240531,608,9,84.8,1
2475,20250606,43,7,86.1,1
2476,20240512,78,4,98.6,1
2477,20230729,504,10,89.1,1
2478,20240224,235,7,98.8,1
2479,20251013,786,5,90.5,1
2480,20230312,631,7,99.4,1
2481,20251107,222,1,91.8,1
2482,20230609,222,8,96.9,1
2483,20231205,600,3,97.4,1
2484,20250825,53,3,86.2,1
2485,20240606,83,2,82.0,1
2486,20240901,768,2,96.1,1
2487,20240919,86,7,74.6,1
2488,20250216,216,4,96.7,1
2489,20230704,67,9,71.0,1
2490,20241227,50,9,89.3,1
2491,20260322,266,9,92.2,1
2492,20230716,248,6,82.5,1
2493,20260421,386,4,95.1,1
2494,20230828,330,3,85.3,1
2495,20230505,773,1,92.9,1
2496,20260410,719,7,68.7,1
2497,20250829,124,4,75.0,1
2498,20241104,466,7,84.3,1
2499,20241010,457,3,99.2,1
2500,20240827,621,10,98.3,1
2501,20240924,383,1,84.8,1
2502,20230802,759,7,86.4,1
2503,20260221,173,3,91.5,1
2504,20260412,619,1,82.2,1
2505,20240516,632,4,91.9,1
2506,20240331,321,2,97.6,1
2507,20231218,520,1,94.5,1
2508,20241023,563,6,79.1,1
2509,20240720,741,7,90.7,1
2510,20230920,104,9,97.7,1
2511,20230927,186,1,71.3,1
2512,20250506,47,1,94.8,1
2513,20241231,213,1,97.9,1
2514,20240122,585,5,85.4,1
2515,20230727,783,9,81.4,1
2516,20240825,140,10,98.4,1
2517,20260419,578,2,85.7,1
2518,20260227,357,2,84.1,1
2519,20250322,791,8,97.0,1
2520,20250824,603,4,99.0,1
2521,20250920,761,4,82.7,1
2522,20230628,52,3,99.4,1
2523,20240320,721,7,72.8,1
2524,20240503,312,10,94.1,1
2525,20250727,587,9,99.9,1
2526,20250920,745,1,88.0,1
2527,20230515,50,2,58.9,1
2528,20240128,752,6,99.0,1
2529,20240605,189,10,90.8,1
2530,20250602,635,1,90.5,1
2531,20260620,507,8,99.0,1
2532,20240517,660,10,95.2,1
2533,20260216,154,7,82.3,1
2534,20230915,381,4,97.7,1
2535,20250424,578,9,87.0,1
2536,20240730,277,3,81.6,1
2537,20230517,261,4,81.6,1
2538,20260425,743,7,89.8,1
2539,20230701,175,8,93.0,1
2540,20240504,543,8,98.8,1
2541,20251014,6,3,93.2,1
2542,20240819,59,1,81.1,1
2543,20230807,184,9,92.4,1
2544,20260529,659,8,87.9,1
2545,20231009,241,4,86.8,1
2546,20251206,507,6,86.9,1
2547,20240423,200,8,69.8,1
2548,20260324,105,3,82.6,1
2549,20250411,123,1,83.2,1
2550,20230521,441,8,83.0,1
2551,20250319,248,2,86.0,1
2552,20230123,279,2,93.3,1
2553,20230819,264,7,58.4,1
2554,20250401,245,8,93.8,1
2555,20241008,726,1,93.8,1
2556,20230712,691,8,96.9,1
2557,20251119,529,5,77.2,1
2558,20250802,599,5,94.1,1
2559,20260607,566,4,95.1,1
2560,20231126,789,1,79.2,1
2561,20260119,557,2,98.4,1
2562,20230901,131,9,92.2,1
2563,20250521,151,9,85.2,1
2564,20251103,647,6,88.0,1
2565,20260310,176,6,98.1,1
2566,20230910,443,10,89.1,1
2567,20230318,733,4,97.3,1
2568,20250612,84,2,89.5,1
2569,20231126,95,6,89.1,1
2570,20240314,765,5,90.2,1
2571,20250904,789,3,93.2,1
2572,20251005,615,6,95.2,1
2573,20241212,51,6,85.1,1
2574,20260613,763,6,91.1,1
2575,20230116,622,3,80.6,1
2576,20240814,686,2,95.6,1
2577,20240423,763,3,73.2,1
2578,20230928,227,2,81.9,1
2579,20231008,428,10,83.7,1
2580,20240107,303,4,94.9,1
2581,20260216,431,6,95.5,1
2582,20250201,459,10,77.4,1
2583,20240422,492,3,76.8,1
2584,20230814,167,3,98.8,1
2585,20260403,35,6,95.3,1
2586,20250920,377,1,81.9,1
2587,20250226,721,5,71.6,1
2588,20230307,273,10,73.9,1
2589,20240627,243,5,91.3,1
2590,20250919,112,10,86.5,1
2591,20240919,714,3,78.3,1
2592,20241029,438,6,94.6,1
2593,20260118,276,5,90.8,1
2594,20250101,606,4,84.1,1
2595,20241222,77,3,90.3,1
2596,20260211,328,10,89.3,1
2597,20250504,365,7,58.8,1
2598,20250117,768,9,89.7,1
2599,20240918,583,6,73.6,1
2600,20240527,255,2,97.3,1
2601,20250718,436,1,76.5,1
2602,20250917,737,5,92.8,1
2603,20240614,261,9,94.8,1
2604,20240921,398,6,97.3,1
2605,20240812,343,10,92.5,1
2606,20230425,642,3,90.1,1
2607,20260223,512,7,97.7,1
2608,20240127,164,10,99.0,1
2609,20241102,678,3,79.0,1
2610,20240905,726,7,88.2,1
2611,20240620,521,2,75.2,1
2612,20250518,265,10,95.1,1
2613,20260303,623,7,92.2,1
2614,20230528,20,9,93.6,1
2615,20231105,16,10,84.1,1
2616,20231222,409,1,97.4,1
2617,20231105,403,2,82.6,1
2618,20260504,404,5,82.7,1
2619,20250511,472,6,96.7,1
2620,20231214,526,3,80.7,1
2621,20230105,36,10,92.2,1
2622,20230401,323,6,97.9,1
2623,20240715,724,9,85.6,1
2624,20250218,709,9,61.5,1
2625,20230709,36,2,75.2,1
2626,20250523,629,7,87.3,1
2627,20260610,328,9,82.3,1
2628,20230326,404,6,96.2,1
2629,20260430,366,5,96.3,1
2630,20231229,82,3,94.1,1
2631,20260215,172,4,92.3,1
2632,20240111,613,1,63.2,1
2633,20250508,344,7,86.5,1
2634,20251202,527,6,77.7,1
2635,20231023,732,2,92.2,1
2636,20240929,330,1,69.5,1
2637,20230928,74,10,96.7,1
2638,20230325,705,3,91.1,1
2639,20230602,422,10,95.7,1
2640,20230621,289,4,86.2,1
2641,20230608,606,6,97.3,1
2642,20240201,466,10,96.3,1
2643,20230102,102,8,99.0,1
2644,20240222,712,7,95.9,1
2645,20260508,431,3,82.2,1
2646,20240123,181,9,88.5,1
2647,20230720,308,4,82.6,1
2648,20260621,167,1,85.9,1
2649,20241209,53,7,98.1,1
2650,20241007,455,9,95.6,1
2651,20230131,146,9,95.1,1
2652,20230908,138,5,97.0,1
2653,20240429,412,3,79.2,1
2654,20241026,612,4,85.4,1
2655,20250412,168,2,87.2,1
2656,20230124,17,4,97.8,1
2657,20230410,172,6,98.4,1
2658,20240616,780,7,89.7,1
2659,20251009,505,10,99.9,1
2660,20240720,362,5,84.1,1
2661,20230807,766,10,96.9,1
2662,20231101,215,10,95.0,1
2663,20240827,668,7,99.9,1
2664,20260406,354,10,88.2,1
2665,20260604,757,5,94.4,1
2666,20231005,733,9,65.3,1
2667,20240429,714,3,89.0,1
2668,20240114,730,3,87.1,1
2669,20250826,701,6,99.0,1
2670,20230502,583,2,83.6,1
2671,20230127,336,5,80.6,1
2672,20240104,774,5,98.0,1
2673,20240922,785,5,97.3,1
2674,20251208,472,7,77.6,1
2675,20230922,638,7,93.1,1
2676,20260125,270,8,79.9,1
2677,20250901,120,4,99.5,1
2678,20250630,519,7,80.5,1
2679,20230329,277,2,84.1,1
2680,20240131,198,2,99.6,1
2681,20250828,551,1,90.4,1
2682,20260310,245,5,97.6,1
2683,20230120,763,1,80.6,1
2684,20240428,781,4,87.6,1
2685,20240318,173,9,86.5,1
2686,20230131,657,3,98.9,1
2687,20251229,260,7,91.9,1
2688,20260201,741,8,99.6,1
2689,20260503,21,7,92.2,1
2690,20240709,629,7,96.6,1
2691,20231204,609,8,92.9,1
2692,20230522,474,9,83.8,1
2693,20231202,29,9,83.2,1
2694,20240901,218,10,95.4,1
2695,20240327,748,10,74.5,1
2696,20251016,620,3,96.5,1
2697,20240417,448,8,90.8,1
2698,20250612,717,9,75.3,1
2699,20250731,800,7,98.5,1
2700,20250403,319,3,96.0,1
2701,20231218,441,5,90.9,1
2702,20250214,528,4,76.4,1
2703,20250704,139,8,99.0,1
2704,20240703,15,10,92.1,1
2705,20230418,333,10,94.6,1
2706,20230730,22,6,98.0,1
2707,20250811,124,2,69.6,1
2708,20240728,292,6,99.9,1
2709,20260209,463,5,78.4,1
2710,20240930,161,10,90.2,1
2711,20250729,652,10,97.4,1
2712,20260226,467,5,66.7,1
2713,20240730,102,6,97.1,1
2714,20231024,247,9,92.6,1
2715,20250208,185,7,84.4,1
2716,20260621,90,2,69.5,1
2717,20240304,132,8,99.6,1
2718,20251013,454,2,94.2,1
2719,20250601,734,5,95.5,1
2720,20230728,60,2,72.9,1
2721,20260208,129,8,99.3,1
2722,20230224,151,1,63.0,1
2723,20230623,591,6,96.2,1
2724,20251029,52,10,83.1,1
2725,20241110,307,6,99.2,1
2726,20240716,498,5,82.8,1
2727,20230502,478,5,76.1,1
2728,20250606,599,10,99.4,1
2729,20240607,194,2,92.8,1
2730,20250927,574,9,90.1,1
2731,20251124,308,4,95.1,1
2732,20231112,556,10,84.8,1
2733,20230805,29,9,65.1,1
2734,20230318,646,9,92.9,1
2735,20250423,416,1,74.4,1
2736,20240818,342,10,97.8,1
2737,20230402,426,10,90.7,1
2738,20250104,12,3,73.6,1
2739,20240407,246,4,87.7,1
2740,20230712,327,9,91.0,1
2741,20230928,568,5,97.5,1
2742,20241220,486,9,95.5,1
2743,20260106,781,2,93.1,1
2744,20240112,518,1,89.4,1
2745,20241218,673,9,90.2,1
2746,20260221,154,3,68.9,1
2747,20230707,235,5,94.8,1
2748,20250410,151,3,98.4,1
2749,20230801,745,2,91.2,1
2750,20231112,11,5,97.4,1
2751,20260401,18,4,95.7,1
2752,20241210,754,5,80.1,1
2753,20241231,524,10,94.3,1
2754,20231004,23,6,94.4,1
2755,20250526,518,2,76.7,1
2756,20240619,408,8,95.7,1
2757,20240603,502,9,88.3,1
2758,20241103,529,9,91.5,1
2759,20260113,273,1,94.7,1
2760,20260515,244,8,96.6,1
2761,20240504,203,2,94.6,1
2762,20230129,241,3,93.0,1
2763,20240616,613,5,99.1,1
2764,20260411,417,8,53.5,1
2765,20230524,706,6,77.3,1
2766,20250605,331,10,98.5,1
2767,20251130,30,6,86.1,1
2768,20240530,97,9,97.9,1
2769,20240419,128,3,93.6,1
2770,20260621,694,1,99.1,1
2771,20250806,390,7,84.9,1
2772,20230321,621,10,88.8,1
2773,20240216,506,6,89.6,1
2774,20250218,697,4,89.7,1
2775,20260502,701,8,98.4,1
2776,20250228,260,5,88.6,1
2777,20230327,699,3,89.6,1
2778,20230730,169,8,99.0,1
2779,20230405,787,8,90.2,1
2780,20230501,639,6,94.2,1
2781,20230502,279,9,87.7,1
2782,20260125,99,2,71.1,1
2783,20230207,402,10,97.4,1
2784,20260419,350,7,97.5,1
2785,20240209,490,10,74.2,1
2786,20240822,85,6,98.0,1
2787,20231105,17,2,93.5,1
2788,20241125,183,3,87.9,1
2789,20240820,460,5,88.1,1
2790,20260610,75,6,93.6,1
2791,20230425,239,8,96.1,1
2792,20260221,341,9,86.9,1
2793,20260409,313,10,95.4,1
2794,20241230,639,8,99.9,1
2795,20240125,781,7,84.9,1
2796,20260127,146,4,72.0,1
2797,20230826,245,7,96.9,1
2798,20260407,313,1,85.9,1
2799,20240502,700,1,87.7,1
2800,20230311,704,9,84.6,1
2801,20250618,16,5,96.1,1
2802,20230713,460,9,91.1,1
2803,20231204,321,1,78.6,1
2804,20230221,620,1,93.9,1
2805,20230322,468,6,55.4,1
2806,20240714,400,7,95.9,1
2807,20230515,664,3,98.0,1
2808,20240810,529,6,91.6,1
2809,20230213,261,2,96.4,1
2810,20250927,57,3,96.7,1
2811,20250131,355,1,86.5,1
2812,20240821,414,5,68.0,1
2813,20240402,291,5,92.0,1
2814,20240416,650,6,91.4,1
2815,20230501,330,9,78.4,1
2816,20260620,500,3,83.2,1
2817,20251127,208,1,99.8,1
2818,20240624,790,8,98.0,1
2819,20240503,297,8,82.7,1
2820,20240912,410,1,91.2,1
2821,20240125,113,2,97.7,1
2822,20250423,411,5,84.6,1
2823,20260323,325,7,88.2,1
2824,20231031,339,1,82.0,1
2825,20260207,345,3,86.0,1
2826,20230801,738,9,85.9,1
2827,20250716,224,3,72.2,1
2828,20230820,229,3,90.5,1
2829,20230427,112,8,91.5,1
2830,20230415,115,6,93.5,1
2831,20240210,120,1,94.5,1
2832,20240509,158,4,80.4,1
2833,20230201,111,2,92.1,1
2834,20260520,162,6,96.4,1
2835,20240516,244,8,91.8,1
2836,20250922,108,4,99.8,1
2837,20251121,119,2,89.1,1
2838,20240415,227,2,97.2,1
2839,20260513,308,9,94.8,1
2840,20230329,698,3,84.6,1
2841,20250508,166,4,75.8,1
2842,20241021,347,8,84.9,1
2843,20251025,750,6,90.3,1
2844,20241107,153,3,94.8,1
2845,20241009,14,10,94.0,1
2846,20230124,271,3,89.8,1
2847,20240325,388,2,85.7,1
2848,20230804,527,8,99.0,1
2849,20230303,680,10,99.4,1
2850,20250929,546,6,84.2,1
2851,20240322,59,8,88.8,1
2852,20250312,677,10,98.2,1
2853,20231209,487,4,98.3,1
2854,20230622,499,10,77.6,1
2855,20260222,538,2,88.7,1
2856,20241227,559,2,99.6,1
2857,20230813,488,1,98.8,1
2858,20240610,262,8,94.5,1
2859,20240821,24,2,62.0,1
2860,20260120,200,1,77.2,1
2861,20231115,713,9,67.3,1
2862,20230723,294,2,93.5,1
2863,20241001,342,9,85.7,1
2864,20231118,782,5,98.2,1
2865,20251129,318,1,93.8,1
2866,20230523,644,4,96.3,1
2867,20240405,477,10,58.0,1
2868,20230204,587,2,94.7,1
2869,20250905,694,10,97.7,1
2870,20240217,206,9,74.9,1
2871,20251127,239,4,95.9,1
2872,20241022,799,8,94.0,1
2873,20230313,196,7,98.4,1
2874,20230727,59,7,93.3,1
2875,20250201,219,3,86.4,1
2876,20251230,614,8,98.8,1
2877,20230604,594,1,98.6,1
2878,20230806,767,9,96.7,1
2879,20240221,276,8,85.8,1
2880,20230727,764,4,91.5,1
2881,20240904,74,7,88.0,1
2882,20251017,460,9,96.8,1
2883,20230813,214,3,86.3,1
2884,20251101,416,3,74.4,1
2885,20250505,12,9,97.9,1
2886,20230703,535,2,91.1,1
2887,20250924,672,2,89.7,1
2888,20231105,413,4,96.4,1
2889,20230601,454,3,83.9,1
2890,20250120,560,10,91.5,1
2891,20260317,315,8,72.5,1
2892,20250207,683,8,71.3,1
2893,20250615,597,6,73.6,1
2894,20241029,446,7,70.7,1
2895,20260109,390,10,94.2,1
2896,20240619,168,10,64.2,1
2897,20250427,697,9,90.0,1
2898,20241209,170,1,95.9,1
2899,20230317,521,10,95.1,1
2900,20230916,621,2,91.5,1
2901,20230302,606,5,89.6,1
2902,20251230,301,3,96.5,1
2903,20260120,528,1,95.5,1
2904,20251112,618,6,98.6,1
2905,20240915,648,1,75.0,1
2906,20240116,535,2,77.2,1
2907,20260302,60,1,93.8,1
2908,20230227,779,10,94.5,1
2909,20240127,242,8,77.2,1
2910,20251012,190,1,89.9,1
2911,20260421,40,3,87.3,1
2912,20230315,194,5,91.8,1
2913,20250327,337,7,83.3,1
2914,20240717,340,10,94.4,1
2915,20260406,349,4,97.4,1
2916,20250116,763,10,81.4,1
2917,20260108,50,10,67.0,1
2918,20250130,414,8,73.5,1
2919,20240503,604,4,97.6,1
2920,20240129,108,7,88.9,1
2921,20230111,422,8,86.1,1
2922,20241107,36,3,92.0,1
2923,20251209,774,9,88.4,1
2924,20230503,187,3,97.9,1
2925,20231030,522,3,84.6,1
2926,20230214,417,8,85.3,1
2927,20250821,781,6,82.9,1
2928,20240115,133,4,82.6,1
2929,20230123,110,6,78.5,1
2930,20240901,383,1,88.0,1
2931,20260419,254,6,97.3,1
2932,20250505,672,9,61.5,1
2933,20250228,743,4,93.7,1
2934,20230413,782,9,96.5,1
2935,20240610,333,2,96.9,1
2936,20250606,146,1,94.4,1
2937,20230729,694,9,86.9,1
2938,20250816,640,2,95.4,1
2939,20240404,278,7,96.3,1
2940,20231106,770,1,86.5,1
2941,20231028,728,1,92.6,1
2942,20240823,739,8,85.6,1
2943,20231002,120,2,85.1,1
2944,20241121,573,4,96.9,1
2945,20250111,639,1,89.4,1
2946,20240705,205,9,91.5,1
2947,20230908,459,7,89.4,1
2948,20231015,660,3,93.9,1
2949,20260629,320,7,72.0,1
2950,20230302,199,9,80.6,1
2951,20250213,381,5,95.5,1
2952,20260523,407,9,97.1,1
2953,20260609,108,4,84.0,1
2954,20240109,689,5,95.5,1
2955,20241113,488,10,90.8,1
2956,20251028,361,6,94.1,1
2957,20260204,62,8,96.6,1
2958,20260128,269,9,81.5,1
2959,20250221,23,6,87.5,1
2960,20240824,38,3,80.2,1
2961,20240926,646,4,71.5,1
2962,20240606,48,2,91.5,1
2963,20240517,668,3,72.2,1
2964,20250516,767,9,96.0,1
2965,20250323,519,2,99.3,1
2966,20250626,80,7,79.4,1
2967,20260313,742,8,94.9,1
2968,20240202,530,1,91.5,1
2969,20250123,784,8,99.6,1
2970,20260206,214,7,82.1,1
2971,20240128,247,5,91.1,1
2972,20250410,608,6,97.7,1
2973,20240818,42,9,96.6,1
2974,20240518,709,5,94.3,1
2975,20240301,469,3,89.3,1
2976,20241119,253,4,91.9,1
2977,20250530,734,2,88.1,1
2978,20260409,466,7,85.7,1
2979,20230124,702,5,81.6,1
2980,20250621,758,5,91.8,1
2981,20240117,395,1,83.2,1
2982,20240822,610,6,99.0,1
2983,20240510,219,6,86.8,1
2984,20250531,77,2,93.5,1
2985,20241202,590,4,99.3,1
2986,20230825,368,9,94.8,1
2987,20230830,73,3,70.9,1
2988,20250610,31,4,98.4,1
2989,20240726,507,2,85.9,1
2990,20231221,214,9,90.2,1
2991,20240508,709,6,75.9,1
2992,20250912,602,7,97.4,1
2993,20230612,291,2,99.1,1
2994,20251124,477,7,86.5,1
2995,20241124,539,3,93.9,1
2996,20240706,363,8,89.1,1
2997,20230817,479,2,75.8,1
2998,20230615,645,8,88.9,1
2999,20240318,98,1,82.1,1
3000,20230422,270,7,88.3,1
3001,20250424,482,2,90.7,1
3002,20250320,503,6,82.1,1
3003,20250320,24,3,79.3,1
3004,20260329,583,5,79.5,1
3005,20260404,777,2,94.1,1
3006,20231016,706,10,91.6,1
3007,20260422,116,2,78.5,1
3008,20260430,344,7,95.9,1
3009,20240302,745,3,85.9,1
3010,20250716,196,9,92.8,1
3011,20260522,100,5,74.8,1
3012,20230206,376,2,97.3,1
3013,20250107,265,2,85.3,1
3014,20241212,501,7,93.6,1
3015,20250207,724,7,95.6,1
3016,20251108,517,3,93.9,1
3017,20260612,719,4,98.9,1
3018,20260627,511,1,93.9,1
3019,20250201,612,7,99.2,1
3020,20250614,178,5,99.7,1
3021,20230413,382,5,94.0,1
3022,20230721,468,8,80.0,1
3023,20240603,347,7,91.8,1
3024,20230928,293,3,93.3,1
3025,20240401,328,4,83.2,1
3026,20230729,103,5,96.7,1
3027,20230517,762,1,96.7,1
3028,20240227,247,10,97.3,1
3029,20260319,653,3,94.0,1
3030,20230504,340,1,86.0,1
3031,20240324,456,4,90.6,1
3032,20230210,294,7,89.3,1
3033,20230128,566,2,57.8,1
3034,20230226,742,6,86.6,1
3035,20240523,412,8,94.6,1
3036,20250406,758,3,87.2,1
3037,20251007,147,10,84.3,1
3038,20230307,348,7,74.3,1
3039,20230129,534,1,97.7,1
3040,20231107,97,2,94.7,1
3041,20250710,645,4,81.1,1
3042,20250127,307,6,91.5,1
3043,20250313,446,7,94.9,1
3044,20250819,664,5,88.7,1
3045,20260412,786,6,74.7,1
3046,20231119,537,5,90.4,1
3047,20250401,337,2,88.1,1
3048,20250707,343,8,84.1,1
3049,20260625,239,5,98.1,1
3050,20231213,383,7,92.1,1
3051,20241108,60,5,96.8,1
3052,20250223,528,4,94.8,1
3053,20230915,627,5,77.8,1
3054,20260118,202,10,88.7,1
3055,20251018,762,3,91.3,1
3056,20230111,767,8,87.3,1
3057,20250228,410,3,97.9,1
3058,20241025,52,7,68.5,1
3059,20250215,4,9,97.7,1
3060,20250824,780,3,88.4,1
3061,20230220,205,9,98.3,1
3062,20230117,142,10,72.8,1
3063,20230703,721,7,97.5,1
3064,20241209,312,1,81.2,1
3065,20240917,338,2,79.4,1
3066,20240907,390,5,75.2,1
3067,20240601,164,4,92.3,1
3068,20240317,430,2,83.5,1
3069,20240416,594,7,84.7,1
3070,20230330,628,5,90.6,1
3071,20250915,421,1,79.2,1
3072,20241008,562,8,74.7,1
3073,20241119,208,6,93.4,1
3074,20250617,716,10,92.1,1
3075,20230623,21,4,85.5,1
3076,20231006,735,3,80.1,1
3077,20230805,60,5,97.3,1
3078,20240119,233,10,88.3,1
3079,20240620,179,8,98.6,1
3080,20260107,161,3,94.3,1
3081,20251112,752,7,80.2,1
3082,20231021,43,4,98.9,1
3083,20240422,621,10,71.3,1
3084,20230807,10,9,87.7,1
3085,20230802,172,3,92.0,1
3086,20250407,584,1,96.1,1
3087,20231005,296,8,81.5,1
3088,20251023,190,2,89.6,1
3089,20240222,670,7,75.3,1
3090,20240523,636,5,84.3,1
3091,20260614,696,9,97.5,1
3092,20231022,602,5,97.0,1
3093,20250406,428,7,93.0,1
3094,20240929,341,6,85.4,1
3095,20260419,399,2,95.9,1
3096,20250126,293,1,64.6,1
3097,20240318,530,5,72.8,1
3098,20250709,361,5,95.0,1
3099,20250728,428,2,84.4,1
3100,20230811,750,3,92.2,1
3101,20250317,555,6,97.0,1
3102,20260329,767,6,76.1,1
3103,20231101,789,10,96.9,1
3104,20240821,174,10,69.9,1
3105,20251111,718,10,76.7,1
3106,20241105,663,3,95.1,1
3107,20250717,389,8,97.8,1
3108,20240429,311,4,98.6,1
3109,20240302,168,8,97.4,1
3110,20250121,98,8,90.0,1
3111,20250817,54,7,89.1,1
3112,20230417,567,6,98.5,1
3113,20250723,223,7,91.4,1
3114,20240929,766,6,98.3,1
3115,20250726,495,1,86.2,1
3116,20251016,251,10,91.5,1
3117,20230313,163,6,86.2,1
3118,20230705,799,7,84.5,1
3119,20230204,328,4,83.7,1
3120,20250411,785,2,85.9,1
3121,20231214,629,2,92.6,1
3122,20230827,172,1,81.4,1
3123,20241009,167,4,94.7,1
3124,20240728,290,9,84.5,1
3125,20251204,436,10,97.5,1
3126,20250612,581,5,89.3,1
3127,20250305,760,4,93.2,1
3128,20231116,336,8,87.6,1
3129,20250721,477,4,98.2,1
3130,20240114,441,8,99.4,1
3131,20250826,499,6,97.2,1
3132,20230503,589,9,92.3,1
3133,20230301,617,2,99.2,1
3134,20260218,787,10,98.0,1
3135,20251006,226,7,62.8,1
3136,20240217,40,1,88.6,1
3137,20240617,740,8,99.3,1
3138,20251018,352,10,93.3,1
3139,20250701,315,2,95.7,1
3140,20250131,272,4,98.1,1
3141,20230808,408,6,98.6,1
3142,20240507,426,9,91.8,1
3143,20231203,395,9,98.3,1
3144,20250329,392,6,94.5,1
3145,20250427,94,10,88.3,1
3146,20260610,106,2,93.9,1
3147,20250602,640,10,87.1,1
3148,20240804,346,2,98.1,1
3149,20250525,253,5,83.8,1
3150,20240307,89,7,38.3,1
3151,20240914,272,3,72.7,1
3152,20230208,264,9,89.1,1
3153,20240509,270,1,98.5,1
3154,20260123,146,7,87.1,1
3155,20231114,276,10,94.3,1
3156,20240425,500,9,97.7,1
3157,20230211,346,4,57.9,1
3158,20230320,323,8,98.3,1
3159,20250421,126,1,96.7,1
3160,20240727,44,9,96.7,1
3161,20240207,323,8,95.3,1
3162,20240616,438,1,96.1,1
3163,20240921,277,1,96.2,1
3164,20250519,547,3,94.3,1
3165,20250205,26,2,99.1,1
3166,20231204,702,2,90.9,1
3167,20240114,74,10,91.9,1
3168,20240606,110,8,71.4,1
3169,20240215,67,10,90.6,1
3170,20260622,737,1,97.0,1
3171,20240130,8,10,96.0,1
3172,20251206,13,3,86.3,1
3173,20230201,744,10,84.6,1
3174,20240225,574,4,99.1,1
3175,20230409,51,1,96.2,1
3176,20241218,263,9,75.8,1
3177,20250921,74,9,94.5,1
3178,20240613,8,10,77.7,1
3179,20240612,584,3,81.6,1
3180,20230729,655,10,91.6,1
3181,20260609,527,9,90.4,1
3182,20230917,620,7,97.9,1
3183,20241016,772,7,94.2,1
3184,20240817,540,10,97.8,1
3185,20240823,768,8,80.5,1
3186,20250816,634,6,98.6,1
3187,20250625,656,4,96.3,1
3188,20240130,714,5,65.2,1
3189,20250517,780,10,59.5,1
3190,20260611,302,10,94.5,1
3191,20241220,443,6,82.0,1
3192,20240917,278,9,80.1,1
3193,20250307,553,8,88.6,1
3194,20230828,572,5,76.3,1
3195,20250810,417,7,87.7,1
3196,20260123,619,5,75.2,1
3197,20240512,235,4,82.5,1
3198,20241130,280,9,68.8,1
3199,20250226,478,3,97.7,1
3200,20260326,274,2,93.7,1
3201,20240417,704,1,91.9,1
3202,20250124,283,8,82.6,1
3203,20230211,399,1,97.6,1
3204,20260502,13,7,99.8,1
3205,20241103,212,6,74.2,1
3206,20260426,533,9,92.2,1
3207,20260602,743,8,96.9,1
3208,20240629,639,5,97.3,1
3209,20230326,642,4,90.4,1
3210,20251016,177,10,93.9,1
3211,20231119,155,10,90.8,1
3212,20260525,299,3,96.4,1
3213,20250524,89,5,95.0,1
3214,20240601,229,9,90.7,1
3215,20250305,249,10,92.9,1
3216,20250917,713,2,69.9,1
3217,20260611,783,5,82.3,1
3218,20250601,313,9,95.2,1
3219,20230719,12,8,89.2,1
3220,20240620,9,4,88.1,1
3221,20241117,545,4,99.8,1
3222,20250311,705,3,88.6,1
3223,20241013,433,7,89.9,1
3224,20230131,190,8,97.6,1
3225,20250927,200,9,89.4,1
3226,20251114,102,5,83.0,1
3227,20260119,333,5,90.4,1
3228,20240309,400,9,95.2,1
3229,20240121,330,2,96.9,1
3230,20250208,102,8,99.8,1
3231,20230610,57,7,85.4,1
3232,20240405,177,2,69.8,1
3233,20260505,694,10,90.1,1
3234,20230930,102,7,87.0,1
3235,20240305,206,4,74.1,1
3236,20260224,166,5,76.0,1
3237,20231101,224,6,94.6,1
3238,20240325,283,2,93.6,1
3239,20230918,724,10,96.7,1
3240,20240120,231,9,89.4,1
3241,20231111,469,7,81.2,1
3242,20260327,514,9,72.9,1
3243,20260218,102,6,98.4,1
3244,20240930,69,1,95.0,1
3245,20260103,385,9,87.8,1
3246,20260305,241,2,96.2,1
3247,20231022,772,4,96.8,1
3248,20240628,754,3,96.9,1
3249,20240102,364,7,97.0,1
3250,20230111,245,4,92.6,1
3251,20231027,672,7,81.6,1
3252,20231229,146,9,90.8,1
3253,20260218,288,4,98.5,1
3254,20250802,181,9,88.2,1
3255,20240327,53,6,66.8,1
3256,20230805,309,6,96.9,1
3257,20231013,229,3,91.4,1
3258,20230421,38,1,87.8,1
3259,20240629,187,10,93.2,1
3260,20240129,716,2,96.6,1
3261,20230208,78,7,85.7,1
3262,20250602,456,4,81.3,1
3263,20230601,523,5,77.1,1
3264,20250714,321,7,91.4,1
3265,20250714,520,4,83.8,1
3266,20230624,57,4,97.6,1
3267,20231111,709,6,80.6,1
3268,20250915,724,5,98.7,1
3269,20230904,229,1,81.1,1
3270,20240329,117,2,91.3,1
3271,20250120,394,8,92.9,1
3272,20250820,658,7,87.4,1
3273,20251205,483,2,75.7,1
3274,20260219,715,1,79.1,1
3275,20230602,299,9,87.7,1
3276,20240902,683,8,80.1,1
3277,20240729,424,7,98.3,1
3278,20240911,277,6,92.5,1
3279,20250223,625,3,82.4,1
3280,20250404,103,2,88.8,1
3281,20230730,191,1,90.7,1
3282,20230519,718,3,90.1,1
3283,20260318,23,6,99.8,1
3284,20240607,167,4,90.6,1
3285,20231222,283,4,96.8,1
3286,20241019,41,7,66.4,1
3287,20240528,176,6,55.1,1
3288,20240625,41,6,94.3,1
3289,20240130,288,5,83.0,1
3290,20230422,261,6,83.1,1
3291,20260604,698,4,91.7,1
3292,20241017,680,8,78.8,1
3293,20231006,732,7,89.3,1
3294,20230610,271,10,95.1,1
3295,20250312,432,2,90.9,1
3296,20250124,765,10,90.1,1
3297,20230516,25,6,96.5,1
3298,20230615,660,9,97.3,1
3299,20230910,244,2,90.3,1
3300,20250811,459,5,87.5,1
3301,20250407,150,3,88.0,1
3302,20240531,37,10,82.7,1
3303,20240910,603,3,98.4,1
3304,20260520,128,4,83.8,1
3305,20260518,399,8,78.2,1
3306,20240315,10,10,88.2,1
3307,20240329,686,1,97.7,1
3308,20231105,678,2,62.9,1
3309,20230901,644,9,73.4,1
3310,20251201,329,5,84.5,1
3311,20250303,286,4,85.1,1
3312,20240819,433,4,97.9,1
3313,20250102,379,3,89.9,1
3314,20230425,31,4,97.9,1
3315,20241216,296,7,95.2,1
3316,20230623,619,5,78.0,1
3317,20240918,290,1,81.6,1
3318,20250326,254,7,97.3,1
3319,20230823,602,8,98.2,1
3320,20230713,789,3,89.9,1
3321,20230911,67,1,88.9,1
3322,20250218,678,2,62.6,1
3323,20260613,292,8,77.2,1
3324,20260104,551,8,87.0,1
3325,20250315,370,8,98.0,1
3326,20240329,74,10,74.9,1
3327,20250820,669,7,99.0,1
3328,20240915,415,7,84.8,1
3329,20231129,788,3,97.8,1
3330,20240709,790,9,85.4,1
3331,20231114,274,3,74.9,1
3332,20230912,659,4,92.3,1
3333,20240414,540,6,89.5,1
3334,20230923,435,10,61.0,1
3335,20240111,619,8,99.8,1
3336,20250531,10,5,88.0,1
3337,20230907,798,1,83.3,1
3338,20251010,59,3,97.9,1
3339,20250407,124,2,73.5,1
3340,20241118,545,7,96.6,1
3341,20241204,718,5,93.7,1
3342,20250707,287,8,88.6,1
3343,20241113,509,3,97.6,1
3344,20240604,567,9,91.4,1
3345,20260221,651,5,86.0,1
3346,20240829,776,1,88.6,1
3347,20240917,37,5,97.3,1
3348,20231124,308,5,78.4,1
3349,20250508,215,4,75.7,1
3350,20240727,686,5,90.4,1
3351,20260321,492,7,92.3,1
3352,20250304,673,10,76.9,1
3353,20230830,145,2,90.9,1
3354,20250307,121,6,72.2,1
3355,20260119,215,7,80.2,1
3356,20241226,232,9,82.9,1
3357,20241214,237,9,94.2,1
3358,20260425,684,4,82.8,1
3359,20230524,338,10,86.7,1
3360,20240907,446,9,76.9,1
3361,20230201,376,5,79.9,1
3362,20260204,238,6,98.7,1
3363,20251222,14,10,91.3,1
3364,20231210,207,7,98.7,1
3365,20240702,559,1,92.3,1
3366,20230806,337,7,65.1,1
3367,20240913,175,4,98.0,1
3368,20241002,166,4,77.3,1
3369,20260307,540,5,73.2,1
3370,20250917,234,9,98.1,1
3371,20230122,517,7,80.7,1
3372,20230114,636,5,82.2,1
3373,20250130,30,6,68.2,1
3374,20240531,411,3,99.7,1
3375,20260630,757,2,97.2,1
3376,20250401,197,6,92.2,1
3377,20230327,577,2,80.3,1
3378,20230329,753,10,68.9,1
3379,20260118,404,4,95.2,1
3380,20250726,60,4,96.4,1
3381,20250607,640,4,92.4,1
3382,20260206,98,8,98.9,1
3383,20230309,686,4,92.0,1
3384,20230723,183,1,69.0,1
3385,20250414,615,4,85.9,1
3386,20240618,165,5,99.0,1
3387,20231005,701,4,78.1,1
3388,20241108,616,6,84.0,1
3389,20250620,601,10,60.4,1
3390,20241226,583,8,90.1,1
3391,20240606,781,6,83.3,1
3392,20240324,116,10,99.6,1
3393,20230823,748,9,86.7,1
3394,20231112,345,3,91.8,1
3395,20231021,254,9,75.2,1
3396,20260119,546,8,94.9,1
3397,20251102,778,7,94.5,1
3398,20260624,725,8,93.5,1
3399,20250220,668,6,76.9,1
3400,20250503,471,6,99.7,1
3401,20241123,180,7,82.0,1
3402,20240201,574,3,95.6,1
3403,20231119,632,1,98.5,1
3404,20260128,690,2,86.9,1
3405,20230519,779,4,92.2,1
3406,20231017,266,5,95.4,1
3407,20240526,630,1,70.3,1
3408,20230921,503,10,98.4,1
3409,20240617,319,7,85.1,1
3410,20260110,699,10,85.7,1
3411,20260415,244,4,95.7,1
3412,20241023,281,6,98.2,1
3413,20240518,790,1,95.5,1
3414,20250724,281,10,88.5,1
3415,20260129,250,3,84.3,1
3416,20250122,82,1,86.6,1
3417,20230308,24,5,93.1,1
3418,20250419,597,8,79.5,1
3419,20260510,346,9,75.3,1
3420,20251106,684,1,73.1,1
3421,20241115,199,5,89.5,1
3422,20230124,518,2,86.3,1
3423,20230717,660,5,91.7,1
3424,20250120,350,10,80.8,1
3425,20250812,542,1,87.5,1
3426,20230322,516,4,92.9,1
3427,20260220,780,1,88.5,1
3428,20250403,583,10,89.7,1
3429,20230524,737,4,97.7,1
3430,20230924,287,10,67.5,1
3431,20240315,49,5,97.4,1
3432,20250304,25,8,91.8,1
3433,20260315,271,1,81.0,1
3434,20240227,364,1,85.3,1
3435,20250118,227,5,97.6,1
3436,20240420,583,6,94.9,1
3437,20240320,27,8,95.3,1
3438,20260228,677,9,95.4,1
3439,20260504,205,3,96.9,1
3440,20240123,17,7,88.2,1
3441,20250903,482,6,90.5,1
3442,20260515,487,1,82.4,1
3443,20240117,793,10,91.4,1
3444,20231226,7,7,97.8,1
3445,20240314,250,8,64.1,1
3446,20241228,72,8,90.0,1
3447,20230206,131,4,88.3,1
3448,20260310,416,1,87.1,1
3449,20240310,505,5,88.3,1
3450,20230608,181,9,92.8,1
3451,20230629,180,8,82.1,1
3452,20260327,269,1,97.0,1
3453,20231217,483,4,91.8,1
3454,20231223,614,4,95.6,1
3455,20260619,47,1,94.4,1
3456,20241127,613,2,83.5,1
3457,20240716,327,1,85.6,1
3458,20231001,411,10,96.6,1
3459,20240407,456,6,92.5,1
3460,20250805,512,3,88.4,1
3461,20260605,86,3,82.9,1
3462,20251216,301,9,88.5,1
3463,20251004,752,8,99.8,1
3464,20241230,684,10,92.7,1
3465,20231029,656,1,61.9,1
3466,20230601,665,5,97.3,1
3467,20251126,501,4,91.9,1
3468,20260326,285,5,91.5,1
3469,20250318,580,6,84.1,1
3470,20240529,620,6,98.1,1
3471,20231107,695,6,98.2,1
3472,20241127,49,6,86.6,1
3473,20250306,353,5,92.1,1
3474,20250531,550,1,69.4,1
3475,20250109,224,8,94.6,1
3476,20240313,630,6,96.2,1
3477,20260213,327,3,83.0,1
3478,20240125,29,9,84.0,1
3479,20250806,11,9,84.2,1
3480,20260327,582,1,87.8,1
3481,20230909,536,6,71.2,1
3482,20260112,251,4,95.0,1
3483,20251015,299,9,92.3,1
3484,20260320,618,1,88.6,1
3485,20231112,254,8,89.9,1
3486,20240222,768,8,94.0,1
3487,20250302,167,10,87.2,1
3488,20230320,695,4,77.9,1
3489,20241106,389,6,98.2,1
3490,20251009,685,3,80.1,1
3491,20260103,412,8,93.5,1
3492,20260523,35,3,99.3,1
3493,20240529,257,10,99.3,1
3494,20251111,605,10,93.7,1
3495,20250712,244,6,94.6,1
3496,20240804,689,3,78.6,1
3497,20240721,532,4,87.8,1
3498,20260514,409,3,96.2,1
3499,20250529,213,4,85.9,1
3500,20250216,538,9,96.7,1
3501,20240916,468,10,85.9,1
3502,20230731,222,2,91.9,1
3503,20240229,697,10,99.7,1
3504,20240131,222,1,86.9,1
3505,20240917,648,8,83.4,1
3506,20240702,673,9,85.7,1
3507,20240205,157,7,97.4,1
3508,20230420,431,3,97.8,1
3509,20231210,112,3,72.2,1
3510,20260114,207,6,87.8,1
3511,20240707,485,5,96.4,1
3512,20250624,316,3,95.2,1
3513,20240517,407,3,91.8,1
3514,20241015,178,3,80.1,1
3515,20231027,395,6,88.5,1
3516,20250615,240,2,96.0,1
3517,20230827,524,4,81.1,1
3518,20250420,357,6,99.5,1
3519,20230408,637,4,87.5,1
3520,20240819,332,10,84.7,1
3521,20240520,137,6,89.9,1
3522,20260214,52,10,94.1,1
3523,20230816,68,6,83.5,1
3524,20240330,406,4,67.7,1
3525,20250503,235,6,84.9,1
3526,20260513,706,1,95.0,1
3527,20260215,91,10,91.4,1
3528,20230125,155,2,96.0,1
3529,20251209,75,7,83.7,1
3530,20250501,306,10,84.4,1
3531,20251017,381,8,89.0,1
3532,20251025,271,5,99.0,1
3533,20250620,401,5,88.3,1
3534,20231203,434,5,92.3,1
3535,20251010,331,3,91.1,1
3536,20250126,474,10,97.7,1
3537,20240803,87,4,94.8,1
3538,20240421,372,2,90.7,1
3539,20231204,714,1,95.1,1
3540,20250821,472,6,89.7,1
3541,20250102,121,5,96.3,1
3542,20230619,197,3,91.1,1
3543,20240811,789,10,96.8,1
3544,20240312,39,1,83.6,1
3545,20240831,1,10,88.4,1
3546,20230207,543,6,96.9,1
3547,20230728,537,8,75.6,1
3548,20260629,441,4,99.0,1
3549,20230209,505,3,87.4,1
3550,20250705,467,7,90.4,1
3551,20250105,633,4,99.6,1
3552,20240101,268,9,93.1,1
3553,20231115,410,2,94.0,1
3554,20250924,581,9,98.4,1
3555,20260414,352,1,90.5,1
3556,20240717,657,6,88.4,1
3557,20251103,763,1,89.1,1
3558,20250807,296,3,97.4,1
3559,20251006,740,10,87.8,1
3560,20231125,502,1,81.4,1
3561,20250819,253,4,91.7,1
3562,20250305,743,1,85.5,1
3563,20250113,779,4,83.9,1
3564,20251012,786,3,98.3,1
3565,20240921,341,3,89.2,1
3566,20251115,111,9,86.2,1
3567,20230930,563,1,93.0,1
3568,20240509,668,3,93.9,1
3569,20230723,167,2,87.3,1
3570,20250327,280,3,78.9,1
3571,20231217,593,8,90.1,1
3572,20250714,750,5,68.1,1
3573,20241115,777,7,98.6,1
3574,20260103,56,9,75.1,1
3575,20251013,790,4,97.0,1
3576,20230310,701,5,98.2,1
3577,20240123,759,10,94.5,1
3578,20260202,319,9,96.9,1
3579,20250224,227,10,78.6,1
3580,20251026,438,10,94.7,1
3581,20241218,224,6,99.1,1
3582,20240809,197,7,64.5,1
3583,20231003,601,5,98.2,1
3584,20230926,640,9,96.8,1
3585,20240611,517,1,99.6,1
3586,20260411,558,8,97.2,1
3587,20250820,74,3,88.7,1
3588,20250129,249,8,66.0,1
3589,20260621,177,6,97.6,1
3590,20240124,248,9,97.9,1
3591,20230101,748,5,95.3,1
3592,20231221,589,4,95.3,1
3593,20240919,573,1,67.6,1
3594,20230703,569,10,88.5,1
3595,20231001,270,9,98.7,1
3596,20231005,13,3,96.7,1
3597,20260514,723,3,67.8,1
3598,20230223,80,9,89.4,1
3599,20230123,556,4,59.8,1
3600,20230211,325,3,99.1,1
3601,20240327,774,4,93.7,1
3602,20240417,341,9,77.2,1
3603,20240122,289,7,93.8,1
3604,20251031,762,7,86.2,1
3605,20231026,286,8,92.9,1
3606,20230814,650,10,88.7,1
3607,20260621,103,8,83.9,1
3608,20240615,629,8,93.4,1
3609,20230907,717,10,95.3,1
3610,20250506,753,6,97.6,1
3611,20231229,476,3,85.6,1
3612,20251120,228,4,92.2,1
3613,20230603,557,9,79.1,1
3614,20230523,565,7,93.4,1
3615,20251231,37,8,66.5,1
3616,20250419,141,4,96.6,1
3617,20240210,615,3,94.1,1
3618,20241101,187,1,80.9,1
3619,20251213,54,5,99.6,1
3620,20230805,170,5,96.0,1
3621,20240421,612,4,94.0,1
3622,20260320,472,4,96.8,1
3623,20251012,494,1,97.0,1
3624,20230120,121,8,78.6,1
3625,20230817,766,7,98.9,1
3626,20260515,434,9,78.0,1
3627,20240414,115,3,85.2,1
3628,20230420,232,9,91.7,1
3629,20250209,657,1,85.5,1
3630,20260409,581,6,99.8,1
3631,20230811,110,8,80.8,1
3632,20230911,777,8,74.8,1
3633,20240310,419,1,97.6,1
3634,20260602,95,5,99.0,1
3635,20241001,232,1,89.2,1
3636,20251226,765,1,90.6,1
3637,20260108,313,4,95.2,1
3638,20260625,543,5,92.7,1
3639,20250715,577,5,90.0,1
3640,20230223,201,10,88.0,1
3641,20231114,540,9,82.4,1
3642,20240308,788,6,98.2,1
3643,20231209,492,5,90.8,1
3644,20251104,658,5,99.1,1
3645,20231217,750,9,85.2,1
3646,20250621,115,6,74.7,1
3647,20251025,351,5,86.7,1
3648,20250503,633,7,96.5,1
3649,20240527,48,4,81.8,1
3650,20260319,54,4,94.6,1
3651,20240412,533,4,92.4,1
3652,20240430,599,1,99.4,1
3653,20241228,792,8,80.7,1
3654,20251231,498,8,64.5,1
3655,20230906,558,2,91.0,1
3656,20250705,551,8,97.7,1
3657,20240418,67,2,70.5,1
3658,20240524,251,10,96.2,1
3659,20240707,379,5,87.5,1
3660,20251103,793,10,98.0,1
3661,20250528,524,1,94.2,1
3662,20240831,548,8,85.7,1
3663,20230102,560,2,97.9,1
3664,20240726,598,10,86.1,1
3665,20230908,16,6,94.5,1
3666,20250926,398,9,98.4,1
3667,20240413,168,8,95.5,1
3668,20250505,726,9,98.1,1
3669,20230527,214,5,91.8,1
3670,20240619,583,1,96.6,1
3671,20240817,340,4,92.0,1
3672,20230717,607,5,95.5,1
3673,20241105,35,3,73.4,1
3674,20240322,130,9,96.2,1
3675,20260528,62,6,77.9,1
3676,20250315,121,9,82.7,1
3677,20230526,696,2,83.2,1
3678,20230417,36,10,96.3,1
3679,20260510,223,8,81.6,1
3680,20230219,481,10,80.1,1
3681,20240408,728,2,91.3,1
3682,20240827,477,6,88.4,1
3683,20240604,343,1,94.1,1
3684,20230907,721,3,94.3,1
3685,20240827,153,8,86.5,1
3686,20250813,613,3,89.3,1
3687,20230717,749,9,97.7,1
3688,20240122,34,7,84.5,1
3689,20250710,59,8,98.2,1
3690,20230110,417,9,83.0,1
3691,20230816,132,8,97.5,1
3692,20260325,467,4,90.7,1
3693,20241202,351,5,84.7,1
3694,20250217,552,7,93.7,1
3695,20241226,637,3,71.2,1
3696,20241016,235,1,93.9,1
3697,20260118,34,10,90.7,1
3698,20260125,652,8,97.0,1
3699,20250302,286,10,91.3,1
3700,20230506,252,1,87.6,1
3701,20260507,793,3,94.4,1
3702,20250513,537,8,93.4,1
3703,20240503,445,7,89.7,1
3704,20241021,589,1,87.6,1
3705,20240507,662,8,91.3,1
3706,20260519,780,6,86.3,1
3707,20260109,337,10,86.7,1
3708,20260305,368,6,91.3,1
3709,20230118,206,9,97.0,1
3710,20230124,511,6,95.1,1
3711,20250704,785,3,83.9,1
3712,20230715,93,9,94.5,1
3713,20240516,554,6,86.0,1
3714,20250313,754,1,78.5,1
3715,20250321,753,8,97.9,1
3716,20251114,92,3,98.2,1
3717,20240920,8,5,81.9,1
3718,20241116,531,3,99.2,1
3719,20241010,257,1,86.0,1
3720,20250508,82,1,74.2,1
3721,20240131,587,1,82.8,1
3722,20250520,357,10,96.4,1
3723,20241129,189,1,97.7,1
3724,20260527,370,10,89.8,1
3725,20230310,301,8,93.0,1
3726,20250622,386,4,96.3,1
3727,20230113,667,6,81.5,1
3728,20251103,423,7,69.9,1
3729,20230716,392,9,80.6,1
3730,20251002,470,8,89.5,1
3731,20250131,683,4,84.9,1
3732,20231121,659,2,84.2,1
3733,20241114,183,6,93.6,1
3734,20230108,500,6,99.3,1
3735,20260318,291,7,73.1,1
3736,20230902,571,2,67.3,1
3737,20230413,241,6,72.7,1
3738,20250502,255,3,96.4,1
3739,20230224,776,8,90.7,1
3740,20230113,613,4,84.6,1
3741,20240103,145,10,90.7,1
3742,20250726,132,10,94.1,1
3743,20250305,77,10,89.2,1
3744,20250112,509,5,93.5,1
3745,20240205,377,7,61.2,1
3746,20231027,628,5,78.4,1
3747,20260423,618,5,94.8,1
3748,20260406,59,6,99.0,1
3749,20241015,701,1,93.1,1
3750,20230210,190,4,83.1,1
3751,20251027,135,5,84.5,1
3752,20260606,281,5,79.2,1
3753,20230124,309,6,99.0,1
3754,20230215,458,2,76.5,1
3755,20230201,261,1,87.6,1
3756,20250128,276,9,80.0,1
3757,20260129,536,9,74.3,1
3758,20230323,542,5,86.8,1
3759,20231229,214,10,97.0,1
3760,20251220,616,7,77.7,1
3761,20230829,406,3,84.0,1
3762,20240810,383,8,99.1,1
3763,20251223,345,3,93.5,1
3764,20251112,30,1,80.2,1
3765,20240621,271,4,90.7,1
3766,20240528,670,7,82.9,1
3767,20250103,145,9,89.7,1
3768,20250805,714,2,99.6,1
3769,20230518,409,6,83.4,1
3770,20250815,91,8,83.9,1
3771,20240713,349,2,74.5,1
3772,20260126,414,9,96.5,1
3773,20250624,401,1,98.5,1
3774,20240309,754,4,90.4,1
3775,20250426,521,1,97.5,1
3776,20260310,384,8,86.2,1
3777,20230109,155,4,99.8,1
3778,20250321,185,5,85.5,1
3779,20251207,4,8,89.6,1
3780,20260107,480,8,89.1,1
3781,20250117,614,2,99.9,1
3782,20230421,290,8,93.4,1
3783,20250419,766,7,99.0,1
3784,20231009,785,8,86.5,1
3785,20230705,780,8,88.4,1
3786,20250517,109,10,98.3,1
3787,20230925,552,7,92.9,1
3788,20250510,427,6,77.3,1
3789,20240123,188,3,86.6,1
3790,20241127,306,3,94.6,1
3791,20241205,313,7,94.1,1
3792,20250307,552,5,82.5,1
3793,20250816,640,10,86.6,1
3794,20240102,330,1,92.9,1
3795,20230525,21,6,91.2,1
3796,20250613,38,3,93.2,1
3797,20241221,270,2,96.0,1
3798,20250924,640,5,92.3,1
3799,20240903,773,4,92.6,1
3800,20250829,342,7,90.3,1
3801,20231216,415,6,53.1,1
3802,20260428,605,5,93.0,1
3803,20250617,786,5,89.8,1
3804,20240808,262,7,96.2,1
3805,20240706,694,4,86.3,1
3806,20240308,723,8,94.0,1
3807,20240708,423,9,68.5,1
3808,20251210,758,3,68.2,1
3809,20250113,138,5,96.3,1
3810,20251107,329,9,84.6,1
3811,20240325,701,3,95.4,1
3812,20250821,53,5,89.0,1
3813,20250204,743,4,91.6,1
3814,20240406,126,3,83.1,1
3815,20240708,37,9,85.3,1
3816,20260327,634,7,73.3,1
3817,20250605,148,6,73.8,1
3818,20240625,13,1,90.0,1
3819,20260523,295,5,80.5,1
3820,20240915,786,5,98.0,1
3821,20230803,445,10,94.3,1
3822,20240923,218,3,97.9,1
3823,20250713,793,10,75.5,1
3824,20250315,795,7,67.0,1
3825,20250420,74,9,96.0,1
3826,20230804,743,3,86.4,1
3827,20260418,344,8,95.9,1
3828,20230627,665,1,91.5,1
3829,20230609,15,10,92.1,1
3830,20250727,381,4,92.2,1
3831,20250511,247,10,98.5,1
3832,20240302,707,7,90.8,1
3833,20230306,200,4,82.9,1
3834,20231225,614,10,94.4,1
3835,20230705,13,1,96.6,1
3836,20230408,391,5,76.2,1
3837,20260528,362,8,85.7,1
3838,20250914,153,8,94.4,1
3839,20250129,508,6,92.6,1
3840,20231211,89,1,73.0,1
3841,20230517,502,6,98.4,1
3842,20250216,292,5,84.2,1
3843,20230716,501,7,95.6,1
3844,20260307,121,10,82.7,1
3845,20260517,513,6,79.3,1
3846,20230306,518,8,97.0,1
3847,20231029,652,10,87.2,1
3848,20260507,42,6,69.7,1
3849,20241105,632,2,96.4,1
3850,20260411,785,8,56.4,1
3851,20251016,601,7,92.4,1
3852,20250416,159,10,90.5,1
3853,20241003,203,5,90.8,1
3854,20230913,229,4,93.5,1
3855,20240328,405,5,66.0,1
3856,20230730,666,10,76.0,1
3857,20231202,45,3,90.1,1
3858,20241205,486,9,60.8,1
3859,20230301,735,6,93.9,1
3860,20230225,683,8,74.4,1
3861,20230907,213,6,94.2,1
3862,20241125,387,9,94.6,1
3863,20230617,92,8,99.6,1
3864,20250105,497,2,98.0,1
3865,20251221,117,4,98.4,1
3866,20251026,247,4,90.4,1
3867,20231224,620,7,76.3,1
3868,20250528,763,2,94.9,1
3869,20250326,684,7,96.4,1
3870,20240809,532,10,99.7,1
3871,20251025,316,5,92.0,1
3872,20250718,183,2,70.1,1
3873,20240311,359,5,96.3,1
3874,20230613,271,10,86.0,1
3875,20231106,134,8,91.1,1
3876,20260111,786,9,82.6,1
3877,20260206,230,2,97.6,1
3878,20241208,567,6,84.5,1
3879,20260511,695,2,74.4,1
3880,20250207,566,3,68.1,1
3881,20240805,712,10,93.2,1
3882,20240621,766,8,92.5,1
3883,20240523,425,8,77.5,1
3884,20250204,214,7,96.8,1
3885,20230315,646,2,75.8,1
3886,20240409,135,1,69.4,1
3887,20260409,456,7,88.5,1
3888,20230206,385,10,95.7,1
3889,20240111,597,7,94.3,1
3890,20251203,95,10,83.4,1
3891,20240829,625,9,98.6,1
3892,20251022,316,4,98.1,1
3893,20230706,397,5,92.3,1
3894,20240111,97,7,76.8,1
3895,20240917,67,9,85.9,1
3896,20231004,42,8,94.8,1
3897,20250801,169,4,93.8,1
3898,20231117,545,5,98.1,1
3899,20241112,701,8,98.5,1
3900,20241020,198,5,81.2,1
3901,20240318,623,1,96.7,1
3902,20230227,411,5,89.0,1
3903,20241117,615,1,96.4,1
3904,20250312,752,6,91.1,1
3905,20240319,398,8,96.6,1
3906,20231115,251,3,93.6,1
3907,20240927,612,7,66.5,1
3908,20231126,242,5,90.1,1
3909,20240720,128,8,95.6,1
3910,20240115,412,6,73.7,1
3911,20231114,700,7,80.2,1
3912,20250419,179,9,84.8,1
3913,20230908,668,4,99.6,1
3914,20251215,7,4,91.5,1
3915,20241116,515,4,75.4,1
3916,20260123,216,4,95.3,1
3917,20260603,159,4,90.9,1
3918,20250210,109,1,88.6,1
3919,20240404,787,5,94.7,1
3920,20260201,444,9,94.7,1
3921,20250307,187,1,79.6,1
3922,20230908,407,3,94.5,1
3923,20230505,734,3,84.6,1
3924,20230103,320,2,98.9,1
3925,20231111,338,6,82.9,1
3926,20241223,86,3,96.9,1
3927,20230131,479,1,91.8,1
3928,20260618,632,9,72.2,1
3929,20260218,244,9,85.2,1
3930,20241113,250,3,87.3,1
3931,20230520,236,1,90.4,1
3932,20250506,585,7,92.3,1
3933,20240819,209,8,67.2,1
3934,20250101,792,1,73.7,1
3935,20230623,66,4,89.8,1
3936,20240217,359,1,71.3,1
3937,20240927,527,3,79.2,1
3938,20240226,26,9,87.3,1
3939,20250908,413,1,72.7,1
3940,20250220,635,9,65.7,1
3941,20230809,608,3,91.4,1
3942,20231219,505,7,76.8,1
3943,20230830,463,6,92.2,1
3944,20230402,30,7,82.6,1
3945,20251022,408,9,94.6,1
3946,20250104,200,2,90.4,1
3947,20241106,467,9,82.1,1
3948,20250703,542,4,99.8,1
3949,20231024,446,2,86.8,1
3950,20230422,340,10,78.6,1
3951,20251105,587,4,78.7,1
3952,20240610,228,9,71.9,1
3953,20250516,724,9,89.6,1
3954,20230828,343,1,84.4,1
3955,20240509,134,7,95.5,1
3956,20250111,758,4,95.5,1
3957,20230121,513,10,98.3,1
3958,20250909,97,4,74.6,1
3959,20231024,382,5,86.0,1
3960,20250227,10,5,77.8,1
3961,20230524,189,7,87.1,1
3962,20240823,491,6,82.7,1
3963,20230824,601,8,94.3,1
3964,20250901,72,5,98.8,1
3965,20240623,702,10,96.8,1
3966,20240604,16,6,95.9,1
3967,20260414,202,8,89.6,1
3968,20230819,44,9,80.3,1
3969,20260628,63,3,94.7,1
3970,20231124,263,7,95.6,1
3971,20250527,62,9,89.3,1
3972,20260606,314,7,97.1,1
3973,20230425,432,10,90.4,1
3974,20251222,712,4,90.7,1
3975,20231207,581,4,89.2,1
3976,20250926,278,6,96.5,1
3977,20260508,219,9,86.4,1
3978,20251008,716,3,92.1,1
3979,20250901,701,2,93.9,1
3980,20230705,135,3,92.8,1
3981,20250606,107,4,82.8,1
3982,20250119,795,1,71.5,1
3983,20240922,559,7,76.6,1
3984,20250828,377,1,84.4,1
3985,20250619,784,5,76.2,1
3986,20240627,746,5,97.0,1
3987,20240714,662,1,87.1,1
3988,20260426,83,6,97.3,1
3989,20240428,772,1,75.9,1
3990,20230602,630,5,89.5,1
3991,20250623,629,3,98.9,1
3992,20250424,523,7,86.2,1
3993,20230307,606,6,95.4,1
3994,20250529,254,4,92.9,1
3995,20240106,354,7,92.0,1
3996,20260107,385,1,90.1,1
3997,20240608,780,9,93.4,1
3998,20230515,668,10,98.5,1
3999,20260426,381,9,99.3,1
4000,20250514,509,8,99.9,1
4001,20250125,424,7,95.2,1
4002,20250924,629,3,79.8,1
4003,20251018,228,5,85.4,1
4004,20240625,413,3,73.1,1
4005,20260315,792,2,92.2,1
4006,20241030,386,8,94.8,1
4007,20240305,729,1,91.8,1
4008,20241126,231,8,76.2,1
4009,20231126,396,8,98.2,1
4010,20250606,102,5,90.4,1
4011,20250713,460,3,92.1,1
4012,20231216,168,3,94.6,1
4013,20250131,708,5,44.5,1
4014,20241214,327,4,89.5,1
4015,20231212,581,8,92.5,1
4016,20251024,219,7,82.8,1
4017,20231018,350,4,98.4,1
4018,20240413,573,8,91.4,1
4019,20230912,407,7,88.5,1
4020,20250307,666,5,89.0,1
4021,20260510,619,1,66.4,1
4022,20250725,625,6,92.4,1
4023,20250828,385,8,88.0,1
4024,20231021,173,5,97.6,1
4025,20250424,232,7,89.8,1
4026,20260507,393,3,69.8,1
4027,20250414,773,5,89.9,1
4028,20231209,471,10,98.5,1
4029,20241216,312,3,99.4,1
4030,20240217,490,1,99.7,1
4031,20260124,746,1,95.5,1
4032,20240605,317,7,99.0,1
4033,20250114,697,1,49.9,1
4034,20240914,112,5,91.8,1
4035,20251216,173,1,97.3,1
4036,20241216,339,8,89.6,1
4037,20250712,431,4,93.7,1
4038,20250404,680,1,70.6,1
4039,20251008,697,3,96.1,1
4040,20240528,563,5,99.3,1
4041,20260623,571,10,91.1,1
4042,20250512,319,7,96.8,1
4043,20230121,311,2,99.6,1
4044,20260622,495,1,96.3,1
4045,20230907,178,7,89.9,1
4046,20231003,4,10,93.5,1
4047,20250109,444,9,85.3,1
4048,20230207,788,5,71.0,1
4049,20230416,450,1,70.5,1
4050,20240310,30,4,95.2,1
4051,20230730,285,8,61.8,1
4052,20240419,64,1,94.8,1
4053,20240630,721,8,93.3,1
4054,20240422,765,1,98.3,1
4055,20260302,179,7,86.2,1
4056,20250202,92,8,82.2,1
4057,20260130,710,2,85.9,1
4058,20230115,744,2,93.9,1
4059,20250920,264,3,76.2,1
4060,20251021,650,5,91.1,1
4061,20250724,355,8,96.3,1
4062,20260102,428,10,67.6,1
4063,20250808,132,10,92.0,1
4064,20260113,565,3,87.2,1
4065,20230702,38,2,92.3,1
4066,20230707,389,6,96.3,1
4067,20230924,173,4,90.4,1
4068,20231102,444,5,88.9,1
4069,20251002,67,6,96.9,1
4070,20240623,120,1,67.0,1
4071,20240609,194,8,85.1,1
4072,20230217,582,7,92.4,1
4073,20240428,694,2,97.0,1
4074,20230521,610,8,98.7,1
4075,20250513,246,10,78.5,1
4076,20250803,168,4,95.9,1
4077,20260208,751,4,96.2,1
4078,20231017,400,5,89.3,1
4079,20250131,121,6,78.6,1
4080,20250830,479,1,91.8,1
4081,20230702,320,3,70.8,1
4082,20250903,203,6,83.9,1
4083,20260116,198,9,97.1,1
4084,20250301,304,5,92.7,1
4085,20230804,504,1,85.5,1
4086,20231010,481,10,92.8,1
4087,20231110,526,10,98.2,1
4088,20240722,590,4,84.8,1
4089,20240131,441,10,89.9,1
4090,20240625,420,8,86.4,1
4091,20260321,680,9,96.8,1
4092,20230723,176,10,96.2,1
4093,20240527,51,8,90.8,1
4094,20250614,296,3,94.7,1
4095,20250616,242,3,79.2,1
4096,20230207,454,5,98.6,1
4097,20250528,85,6,90.9,1
4098,20250314,430,6,94.0,1
4099,20231201,381,1,92.1,1
4100,20240308,426,9,88.6,1
4101,20250405,551,4,89.5,1
4102,20240205,546,8,86.7,1
4103,20251003,218,7,99.2,1
4104,20230703,701,10,84.2,1
4105,20260501,387,7,68.7,1
4106,20240731,518,7,97.3,1
4107,20260501,81,1,79.9,1
4108,20231212,740,5,99.2,1
4109,20231012,486,8,91.3,1
4110,20260311,79,9,98.9,1
4111,20240516,41,9,98.7,1
4112,20250728,15,10,96.4,1
4113,20260319,582,10,60.7,1
4114,20260411,553,10,91.4,1
4115,20241109,750,8,77.4,1
4116,20240328,724,2,95.2,1
4117,20240131,341,9,74.0,1
4118,20251102,416,6,95.5,1
4119,20260228,352,9,97.1,1
4120,20260119,603,6,79.5,1
4121,20260303,655,4,82.0,1
4122,20240330,675,5,94.2,1
4123,20250626,746,2,97.0,1
4124,20251209,207,8,92.7,1
4125,20260612,470,3,76.0,1
4126,20231002,110,1,94.3,1
4127,20241117,113,5,87.7,1
4128,20241031,561,2,90.4,1
4129,20230630,388,7,64.8,1
4130,20240602,324,10,85.7,1
4131,20230606,194,6,95.9,1
4132,20250326,774,10,97.6,1
4133,20260525,717,3,98.0,1
4134,20250115,288,2,77.9,1
4135,20230507,305,8,97.5,1
4136,20230124,231,2,99.1,1
4137,20250810,711,6,87.5,1
4138,20260208,525,9,86.6,1
4139,20250822,255,9,97.1,1
4140,20230921,409,3,84.9,1
4141,20230205,150,10,95.7,1
4142,20250603,561,10,87.2,1
4143,20230512,592,4,97.0,1
4144,20230517,609,9,98.0,1
4145,20231212,436,8,92.7,1
4146,20240423,725,6,68.0,1
4147,20230315,552,8,97.6,1
4148,20230821,139,10,100.0,1
4149,20250704,304,6,84.1,1
4150,20260416,582,3,88.8,1
4151,20230424,242,2,92.8,1
4152,20240606,381,9,84.8,1
4153,20260326,695,1,87.2,1
4154,20240706,742,5,95.8,1
4155,20251010,341,9,96.1,1
4156,20240413,241,7,89.1,1
4157,20241114,542,5,94.5,1
4158,20230403,471,4,92.4,1
4159,20240101,763,10,92.2,1
4160,20230519,777,4,99.8,1
4161,20240214,580,3,99.6,1
4162,20250701,501,10,82.2,1
4163,20230722,730,10,99.1,1
4164,20251103,490,6,59.1,1
4165,20250607,759,3,76.4,1
4166,20251014,610,5,77.3,1
4167,20250102,477,3,88.1,1
4168,20231124,477,2,98.5,1
4169,20230406,493,6,87.1,1
4170,20241211,8,10,92.5,1
4171,20260119,238,6,99.2,1
4172,20240703,725,4,77.9,1
4173,20250301,128,1,86.6,1
4174,20250718,445,8,93.8,1
4175,20250516,422,8,86.7,1
4176,20230716,170,2,94.7,1
4177,20260517,434,2,97.0,1
4178,20260216,714,2,72.9,1
4179,20241106,505,10,89.9,1
4180,20240107,359,6,78.5,1
4181,20250617,459,3,96.6,1
4182,20250527,536,3,82.7,1
4183,20240828,744,6,99.8,1
4184,20240508,507,2,95.8,1
4185,20250714,553,7,89.5,1
4186,20250310,658,7,88.4,1
4187,20231018,7,8,92.5,1
4188,20230516,448,3,87.8,1
4189,20231028,257,9,93.8,1
4190,20260614,23,3,96.5,1
4191,20251110,57,10,98.5,1
4192,20240415,372,2,85.0,1
4193,20250829,516,10,95.8,1
4194,20230731,333,3,91.4,1
4195,20231114,457,5,93.4,1
4196,20241123,616,8,93.0,1
4197,20251029,183,4,90.6,1
4198,20260329,716,7,88.7,1
4199,20260517,602,3,86.3,1
4200,20250310,60,2,85.8,1
4201,20250212,732,4,97.1,1
4202,20250321,565,2,96.5,1
4203,20230612,562,7,97.7,1
4204,20250926,71,8,99.4,1
4205,20240327,304,7,97.7,1
4206,20250701,321,8,65.9,1
4207,20230124,592,5,81.0,1
4208,20240531,463,10,81.0,1
4209,20260423,408,4,95.6,1
4210,20260324,289,6,99.6,1
4211,20250523,207,5,66.3,1
4212,20231227,691,10,97.0,1
4213,20250423,21,6,93.4,1
4214,20230818,129,5,89.8,1
4215,20240922,346,1,71.6,1
4216,20250107,277,5,67.1,1
4217,20250618,91,3,87.2,1
4218,20240105,253,9,52.7,1
4219,20230715,82,9,90.3,1
4220,20240502,257,10,85.0,1
4221,20240131,305,8,68.5,1
4222,20240523,174,7,89.6,1
4223,20230816,222,6,85.3,1
4224,20231226,781,4,98.4,1
4225,20231224,76,8,31.7,1
4226,20240607,279,3,93.8,1
4227,20260609,42,9,96.2,1
4228,20250924,9,10,93.5,1
4229,20250110,746,10,79.3,1
4230,20230430,102,2,93.3,1
4231,20231006,593,2,84.9,1
4232,20230119,326,1,93.9,1
4233,20241125,450,9,91.0,1
4234,20260321,548,5,89.4,1
4235,20250303,280,8,91.7,1
4236,20250810,631,9,79.6,1
4237,20250828,176,9,95.9,1
4238,20241229,800,1,97.7,1
4239,20260613,142,7,99.0,1
4240,20260614,416,2,82.8,1
4241,20260409,677,2,88.2,1
4242,20250129,416,9,98.3,1
4243,20250503,731,4,84.8,1
4244,20240228,644,2,98.6,1
4245,20250703,48,10,72.4,1
4246,20260115,482,8,93.8,1
4247,20230713,394,1,99.1,1
4248,20260426,369,7,95.4,1
4249,20250418,652,9,87.0,1
4250,20231016,108,4,77.6,1
4251,20240622,4,3,99.5,1
4252,20240815,269,6,77.0,1
4253,20240424,463,3,94.8,1
4254,20230419,444,6,83.3,1
4255,20250604,502,10,89.8,1
4256,20250818,343,9,71.9,1
4257,20240530,776,1,92.8,1
4258,20250513,84,1,92.8,1
4259,20230710,170,1,93.4,1
4260,20230303,548,6,63.8,1
4261,20240602,573,2,99.5,1
4262,20240104,207,6,94.0,1
4263,20240426,16,2,96.4,1
4264,20230713,737,5,97.9,1
4265,20230918,213,6,86.8,1
4266,20251128,40,3,92.7,1
4267,20250417,495,7,91.4,1
4268,20240119,421,6,96.8,1
4269,20230206,656,4,92.1,1
4270,20231215,551,5,92.0,1
4271,20241012,235,7,91.6,1
4272,20240927,739,4,95.5,1
4273,20230716,420,4,87.3,1
4274,20260111,538,1,70.4,1
4275,20260503,516,3,98.1,1
4276,20230212,276,2,86.4,1
4277,20260531,341,6,94.3,1
4278,20240208,678,8,82.5,1
4279,20240808,569,7,91.8,1
4280,20260419,748,8,97.0,1
4281,20240908,305,1,89.1,1
4282,20230718,372,1,91.3,1
4283,20240327,168,2,68.9,1
4284,20240730,90,10,98.3,1
4285,20230803,709,9,97.5,1
4286,20240801,486,9,85.5,1
4287,20230718,37,6,96.8,1
4288,20250718,223,3,87.4,1
4289,20230415,558,2,83.8,1
4290,20240425,486,6,96.3,1
4291,20240619,800,4,92.5,1
4292,20250831,481,8,91.9,1
4293,20230914,283,1,95.5,1
4294,20231107,709,4,92.7,1
4295,20240906,158,2,98.1,1
4296,20230929,138,5,96.7,1
4297,20250804,795,4,87.4,1
4298,20240205,68,1,96.7,1
4299,20251220,457,5,99.2,1
4300,20250520,268,5,88.3,1
4301,20260205,410,6,52.7,1
4302,20231103,731,1,96.4,1
4303,20240204,436,9,100.0,1
4304,20230115,321,9,99.9,1
4305,20260611,505,10,76.2,1
4306,20250831,471,7,96.8,1
4307,20230405,312,2,76.6,1
4308,20251122,255,2,84.1,1
4309,20250805,540,1,91.0,1
4310,20251015,52,3,95.2,1
4311,20230719,646,4,96.9,1
4312,20230802,247,8,73.8,1
4313,20250210,694,3,85.6,1
4314,20240408,438,4,93.5,1
4315,20250422,302,4,97.4,1
4316,20230609,412,1,99.6,1
4317,20250408,380,9,92.8,1
4318,20251015,396,7,90.5,1
4319,20230206,725,6,97.4,1
4320,20260630,683,1,86.1,1
4321,20240125,194,5,97.7,1
4322,20251030,253,7,88.2,1
4323,20260529,785,4,78.3,1
4324,20230211,187,5,86.6,1
4325,20260517,612,6,89.8,1
4326,20240603,61,8,77.1,1
4327,20230324,424,10,93.1,1
4328,20240922,135,7,95.4,1
4329,20251201,482,9,97.3,1
4330,20240608,615,4,94.1,1
4331,20260430,207,8,97.5,1
4332,20251113,764,10,92.3,1
4333,20230326,189,9,93.8,1
4334,20240112,498,1,90.0,1
4335,20231208,319,2,77.6,1
4336,20240508,237,4,99.2,1
4337,20260117,165,9,97.6,1
4338,20230912,99,6,99.4,1
4339,20231015,27,2,98.4,1
4340,20240809,204,7,83.1,1
4341,20240119,135,3,67.4,1
4342,20260227,20,10,95.0,1
4343,20230413,101,4,85.9,1
4344,20230908,726,8,99.5,1
4345,20230912,242,6,91.2,1
4346,20250714,636,4,71.0,1
4347,20250831,347,3,86.2,1
4348,20250916,29,8,76.4,1
4349,20260203,612,2,83.6,1
4350,20250903,484,9,95.3,1
4351,20260514,75,9,82.8,1
4352,20230525,43,9,97.3,1
4353,20231019,274,3,93.3,1
4354,20240415,12,2,91.3,1
4355,20230227,242,8,67.9,1
4356,20230725,649,1,89.9,1
4357,20241108,677,1,91.2,1
4358,20230401,330,3,93.4,1
4359,20251014,784,4,99.6,1
4360,20260509,218,4,90.6,1
4361,20240521,457,9,93.5,1
4362,20240409,260,6,64.1,1
4363,20230728,178,8,68.6,1
4364,20260627,517,6,96.7,1
4365,20230217,20,8,91.1,1
4366,20240618,774,7,89.1,1
4367,20250321,296,7,99.7,1
4368,20230308,701,4,90.8,1
4369,20240520,236,6,94.3,1
4370,20231022,57,1,91.3,1
4371,20260321,484,6,95.3,1
4372,20250908,575,1,82.5,1
4373,20250529,196,3,88.3,1
4374,20230310,39,9,94.5,1
4375,20260626,546,4,97.8,1
4376,20241015,16,2,84.0,1
4377,20241018,24,4,83.1,1
4378,20240709,338,7,88.5,1
4379,20240314,617,6,86.6,1
4380,20230509,650,6,74.5,1
4381,20241101,374,7,98.2,1
4382,20260409,704,9,92.4,1
4383,20240107,490,4,87.0,1
4384,20250323,193,10,88.7,1
4385,20250803,319,1,97.0,1
4386,20240810,770,7,88.2,1
4387,20240723,15,8,73.5,1
4388,20260224,293,5,89.2,1
4389,20260312,192,1,93.5,1
4390,20240514,572,1,98.6,1
4391,20240523,497,2,96.1,1
4392,20230904,378,6,87.5,1
4393,20231031,439,3,96.6,1
4394,20250518,120,8,94.2,1
4395,20240831,649,7,83.6,1
4396,20250112,257,6,92.0,1
4397,20250424,398,9,98.5,1
4398,20250513,203,10,94.6,1
4399,20230226,402,7,83.3,1
4400,20251103,450,10,97.4,1
4401,20250925,121,2,59.1,1
4402,20250412,526,7,88.7,1
4403,20230516,158,1,95.6,1
4404,20231225,727,5,98.4,1
4405,20250505,56,7,62.2,1
4406,20260508,275,5,98.5,1
4407,20241204,232,1,83.1,1
4408,20230608,776,3,86.0,1
4409,20230118,43,1,90.8,1
4410,20230308,6,4,88.0,1
4411,20241211,537,9,94.6,1
4412,20230615,533,7,97.9,1
4413,20260227,454,7,85.1,1
4414,20240610,419,8,86.0,1
4415,20251114,242,4,94.4,1
4416,20260323,787,2,86.4,1
4417,20250101,247,6,96.2,1
4418,20260629,85,8,90.1,1
4419,20250808,312,1,84.6,1
4420,20250527,215,5,92.5,1
4421,20241124,338,5,98.1,1
4422,20241116,583,1,92.9,1
4423,20230327,166,10,94.5,1
4424,20241215,695,6,79.4,1
4425,20240604,631,4,98.0,1
4426,20240716,429,10,91.8,1
4427,20240823,201,8,97.5,1
4428,20250903,115,4,85.7,1
4429,20241210,94,10,85.2,1
4430,20250602,620,6,93.3,1
4431,20240522,169,5,99.3,1
4432,20230728,719,4,84.2,1
4433,20230715,574,8,78.4,1
4434,20231102,202,5,99.4,1
4435,20240202,230,8,94.5,1
4436,20241128,265,3,96.7,1
4437,20250524,346,5,93.2,1
4438,20260415,265,10,86.7,1
4439,20231014,561,5,86.9,1
4440,20241001,505,7,92.3,1
4441,20240309,542,4,90.7,1
4442,20230103,213,4,94.3,1
4443,20250102,168,5,83.3,1
4444,20230113,420,10,84.4,1
4445,20230430,64,2,74.2,1
4446,20241213,412,3,94.2,1
4447,20240930,189,5,83.7,1
4448,20230113,438,4,97.0,1
4449,20230405,172,9,82.7,1
4450,20260326,286,9,75.9,1
4451,20240723,514,10,78.8,1
4452,20250627,608,5,99.7,1
4453,20230827,666,1,91.8,1
4454,20230424,483,1,96.4,1
4455,20240101,43,1,74.8,1
4456,20230916,179,2,89.3,1
4457,20231010,691,6,80.1,1
4458,20230907,490,3,74.9,1
4459,20240924,94,9,87.5,1
4460,20260115,476,8,88.3,1
4461,20230510,323,6,77.3,1
4462,20250613,223,3,98.8,1
4463,20250222,321,3,87.5,1
4464,20250330,151,3,96.7,1
4465,20260210,767,10,96.5,1
4466,20260525,334,2,94.9,1
4467,20250609,122,8,85.3,1
4468,20250614,2,2,80.5,1
4469,20230427,446,10,75.9,1
4470,20260529,159,6,90.9,1
4471,20250526,9,5,96.4,1
4472,20240917,732,3,88.1,1
4473,20241018,246,7,90.5,1
4474,20240311,191,1,97.0,1
4475,20250720,188,8,98.6,1
4476,20230822,67,9,87.9,1
4477,20250213,549,7,94.5,1
4478,20250818,104,2,82.3,1
4479,20240410,291,6,86.6,1
4480,20250322,56,5,88.8,1
4481,20231029,344,8,80.9,1
4482,20250823,556,8,84.9,1
4483,20240414,181,7,87.7,1
4484,20231227,363,1,79.0,1
4485,20231023,118,5,93.4,1
4486,20241012,756,6,85.8,1
4487,20231130,100,7,95.3,1
4488,20240323,272,8,97.5,1
4489,20231212,508,6,96.0,1
4490,20241110,505,9,81.6,1
4491,20231021,387,6,96.9,1
4492,20250301,518,6,94.6,1
4493,20250208,533,8,97.2,1
4494,20240206,437,2,82.1,1
4495,20250510,781,5,93.2,1
4496,20240903,169,9,89.3,1
4497,20230227,517,9,88.4,1
4498,20231215,180,9,97.5,1
4499,20240814,263,7,93.6,1
4500,20250507,702,5,98.1,1
4501,20250803,349,3,98.3,1
4502,20250530,748,1,83.9,1
4503,20231014,364,1,86.5,1
4504,20230907,100,3,98.1,1
4505,20250224,515,9,90.5,1
4506,20230509,711,7,83.1,1
4507,20240210,723,1,87.0,1
4508,20240312,390,9,64.6,1
4509,20240606,236,10,71.3,1
4510,20250214,559,10,83.3,1
4511,20250116,798,9,94.4,1
4512,20260528,164,8,91.1,1
4513,20251128,190,4,97.7,1
4514,20230921,272,3,99.8,1
4515,20250429,482,4,95.7,1
4516,20250804,343,4,84.8,1
4517,20250625,10,10,91.5,1
4518,20231130,54,5,81.9,1
4519,20230606,269,2,94.8,1
4520,20240306,619,9,85.2,1
4521,20240128,320,5,99.9,1
4522,20260106,480,3,94.6,1
4523,20260519,85,3,86.1,1
4524,20231105,19,9,62.2,1
4525,20240523,386,7,88.8,1
4526,20241022,369,7,95.9,1
4527,20231113,69,1,92.5,1
4528,20240207,224,2,82.5,1
4529,20260611,440,10,73.6,1
4530,20230323,594,9,97.2,1
4531,20231222,163,2,87.0,1
4532,20231115,579,6,91.5,1
4533,20241104,115,5,91.4,1
4534,20240206,48,10,98.1,1
4535,20230719,523,1,91.0,1
4536,20241010,448,2,83.1,1
4537,20250427,216,6,88.1,1
4538,20240828,5,6,88.1,1
4539,20251125,471,9,96.0,1
4540,20231027,694,5,58.9,1
4541,20230128,621,5,75.4,1
4542,20240309,640,6,98.4,1
4543,20250622,261,6,92.5,1
4544,20240726,393,1,72.2,1
4545,20250918,369,3,92.6,1
4546,20230322,701,3,99.9,1
4547,20241020,551,6,95.4,1
4548,20231212,359,8,95.8,1
4549,20251219,104,3,94.8,1
4550,20231004,379,6,97.2,1
4551,20240825,305,6,97.5,1
4552,20260612,529,5,79.9,1
4553,20251019,186,7,74.3,1
4554,20230623,266,9,59.8,1
4555,20251109,463,10,89.4,1
4556,20240430,167,9,99.7,1
4557,20240621,39,7,86.4,1
4558,20260116,387,7,96.3,1
4559,20250926,492,9,97.7,1
4560,20251022,792,3,94.5,1
4561,20240331,426,9,99.1,1
4562,20230920,289,10,78.5,1
4563,20231126,549,5,89.5,1
4564,20240303,255,8,89.9,1
4565,20241115,378,2,81.7,1
4566,20250617,546,3,99.9,1
4567,20230217,675,3,84.6,1
4568,20240325,390,10,78.6,1
4569,20250628,273,10,96.1,1
4570,20260408,522,7,98.0,1
4571,20240817,748,8,88.5,1
4572,20241002,624,1,98.7,1
4573,20260106,396,5,87.5,1
4574,20240504,613,7,77.5,1
4575,20241210,716,6,96.1,1
4576,20231202,61,7,92.9,1
4577,20250218,533,2,87.8,1
4578,20230803,350,6,88.2,1
4579,20230203,285,8,94.7,1
4580,20231221,790,3,92.1,1
4581,20230719,84,4,97.4,1
4582,20240819,104,7,91.7,1
4583,20260221,184,4,84.9,1
4584,20250301,531,8,90.6,1
4585,20230114,190,7,79.7,1
4586,20230505,342,8,96.0,1
4587,20250612,585,10,88.3,1
4588,20240616,123,7,91.7,1
4589,20240117,735,4,85.2,1
4590,20230810,355,10,89.0,1
4591,20260128,478,7,80.9,1
4592,20250129,92,1,88.1,1
4593,20230313,123,8,93.4,1
4594,20231003,278,2,99.7,1
4595,20260529,6,6,95.3,1
4596,20250226,324,3,97.2,1
4597,20231113,232,2,89.3,1
4598,20231029,547,1,67.9,1
4599,20250106,107,3,89.8,1
4600,20231125,437,9,56.4,1
4601,20260112,275,4,99.2,1
4602,20250507,527,4,99.7,1
4603,20240304,195,6,89.9,1
4604,20230806,234,8,96.4,1
4605,20230726,713,7,93.2,1
4606,20231212,23,9,84.6,1
4607,20240217,450,6,73.3,1
4608,20230324,333,9,99.8,1
4609,20241221,301,1,82.3,1
4610,20231201,71,6,94.2,1
4611,20231223,361,1,96.8,1
4612,20250222,372,3,85.9,1
4613,20250917,107,1,94.6,1
4614,20250704,631,7,94.0,1
4615,20230612,311,9,87.7,1
4616,20240922,406,10,88.9,1
4617,20231225,295,7,73.6,1
4618,20230126,214,3,87.6,1
4619,20250509,638,6,97.6,1
4620,20250920,434,8,79.3,1
4621,20260414,535,3,82.2,1
4622,20231011,199,10,94.0,1
4623,20260329,670,1,86.5,1
4624,20240428,760,4,90.8,1
4625,20260315,701,6,85.3,1
4626,20241113,231,8,92.4,1
4627,20250322,678,7,85.2,1
4628,20250715,423,9,94.8,1
4629,20251114,376,5,84.5,1
4630,20260222,686,3,96.0,1
4631,20240323,234,1,96.2,1
4632,20231112,499,9,91.3,1
4633,20251008,523,8,71.7,1
4634,20240301,664,9,96.3,1
4635,20240415,426,7,85.2,1
4636,20231113,317,4,99.9,1
4637,20250601,199,8,74.4,1
4638,20240211,404,9,89.0,1
4639,20240828,193,1,94.8,1
4640,20260318,249,5,81.3,1
4641,20250806,616,5,99.0,1
4642,20260506,328,8,98.4,1
4643,20230725,383,6,83.0,1
4644,20241223,702,7,96.2,1
4645,20240527,464,5,76.4,1
4646,20250127,680,9,92.4,1
4647,20260621,437,9,94.7,1
4648,20231206,683,7,76.1,1
4649,20250110,26,3,87.7,1
4650,20260308,68,4,90.4,1
4651,20251202,219,9,77.1,1
4652,20240601,140,10,75.2,1
4653,20251007,122,6,82.6,1
4654,20260603,204,1,93.2,1
4655,20240714,771,8,81.9,1
4656,20250711,587,8,80.0,1
4657,20250515,75,2,86.5,1
4658,20240926,403,8,95.7,1
4659,20260423,229,4,89.4,1
4660,20260608,788,1,89.4,1
4661,20251218,602,8,95.8,1
4662,20260506,121,7,85.0,1
4663,20241020,432,4,75.5,1
4664,20240101,629,5,84.5,1
4665,20240420,551,3,95.4,1
4666,20230331,328,2,85.2,1
4667,20230417,459,1,90.9,1
4668,20250804,509,10,98.6,1
4669,20251109,636,1,91.3,1
4670,20240219,258,2,91.4,1
4671,20230318,667,8,66.0,1
4672,20250402,731,4,86.8,1
4673,20250413,787,3,81.4,1
4674,20240616,390,4,51.8,1
4675,20230506,51,2,97.9,1
4676,20250428,691,3,71.9,1
4677,20230126,99,8,90.1,1
4678,20230414,68,7,89.7,1
4679,20250720,261,1,92.8,1
4680,20251011,280,6,66.9,1
4681,20260422,543,6,65.0,1
4682,20250205,80,2,88.9,1
4683,20251211,110,10,94.8,1
4684,20260403,252,8,85.3,1
4685,20250310,587,10,89.2,1
4686,20250804,354,6,94.0,1
4687,20250501,119,2,78.0,1
4688,20250531,380,1,98.0,1
4689,20260102,357,8,81.3,1
4690,20250521,509,7,92.6,1
4691,20230314,431,6,97.6,1
4692,20240726,495,3,91.6,1
4693,20250215,381,2,88.1,1
4694,20240827,559,6,66.3,1
4695,20231108,780,6,81.2,1
4696,20260310,120,6,97.4,1
4697,20260227,252,7,84.0,1
4698,20260210,686,4,86.2,1
4699,20240112,748,9,73.6,1
4700,20230709,185,5,88.6,1
4701,20250624,502,4,95.3,1
4702,20250420,512,10,91.9,1
4703,20230402,37,2,90.8,1
4704,20260120,517,7,96.0,1
4705,20240410,417,3,69.1,1
4706,20240412,255,10,86.7,1
4707,20260429,218,9,90.0,1
4708,20251212,631,3,83.8,1
4709,20230416,786,3,97.6,1
4710,20260322,166,2,94.7,1
4711,20231206,204,9,95.4,1
4712,20240417,73,3,84.2,1
4713,20230512,80,6,85.8,1
4714,20230325,431,7,78.0,1
4715,20231103,474,1,81.9,1
4716,20240127,785,1,81.5,1
4717,20240820,265,6,74.0,1
4718,20231110,309,2,83.8,1
4719,20240330,580,7,91.1,1
4720,20250501,709,8,43.5,1
4721,20230724,100,2,85.9,1
4722,20230203,562,10,93.6,1
4723,20240309,343,2,95.0,1
4724,20241125,343,9,84.3,1
4725,20250917,629,7,81.8,1
4726,20240210,746,10,87.9,1
4727,20240331,355,4,90.5,1
4728,20240105,610,9,80.4,1
4729,20241217,771,8,79.4,1
4730,20230411,502,4,55.7,1
4731,20230817,413,3,84.1,1
4732,20230309,581,1,96.5,1
4733,20231126,640,3,98.0,1
4734,20230217,388,1,96.8,1
4735,20240207,658,4,94.1,1
4736,20240316,654,5,88.4,1
4737,20230114,143,3,98.4,1
4738,20260206,264,10,90.7,1
4739,20230309,533,4,46.1,1
4740,20231126,380,1,84.8,1
4741,20251105,281,7,96.6,1
4742,20240909,460,2,98.4,1
4743,20251022,487,5,99.5,1
4744,20231212,748,9,88.3,1
4745,20250501,776,8,89.1,1
4746,20230825,338,2,93.1,1
4747,20240221,417,5,89.3,1
4748,20241104,582,3,94.4,1
4749,20250818,43,2,98.0,1
4750,20230624,30,4,96.5,1
4751,20240316,769,1,80.2,1
4752,20251029,187,7,82.4,1
4753,20230623,388,4,96.7,1
4754,20260421,779,5,98.7,1
4755,20240417,737,7,94.3,1
4756,20231207,64,1,98.0,1
4757,20250815,503,7,99.1,1
4758,20240525,793,6,92.4,1
4759,20250925,631,3,67.5,1
4760,20230920,538,5,94.9,1
4761,20260428,403,5,85.2,1
4762,20230328,285,9,86.3,1
4763,20240602,13,6,84.8,1
4764,20260506,477,1,95.0,1
4765,20251111,14,4,94.5,1
4766,20251121,321,10,95.4,1
4767,20231016,542,3,95.1,1
4768,20250531,61,8,97.6,1
4769,20230519,684,1,93.8,1
4770,20250602,429,9,93.6,1
4771,20231102,236,2,94.1,1
4772,20241008,761,1,93.5,1
4773,20250328,52,10,96.6,1
4774,20250213,177,10,98.5,1
4775,20250320,240,10,94.0,1
4776,20241219,404,6,96.6,1
4777,20240802,339,5,85.3,1
4778,20260624,728,10,71.9,1
4779,20240501,299,7,96.2,1
4780,20250924,390,8,98.6,1
4781,20231020,501,5,93.0,1
4782,20250321,244,8,88.2,1
4783,20240920,509,10,63.0,1
4784,20251219,257,3,84.7,1
4785,20240803,92,3,93.6,1
4786,20250102,729,5,85.8,1
4787,20241009,245,2,90.3,1
4788,20240128,332,2,85.2,1
4789,20231008,507,6,98.0,1
4790,20230103,324,9,64.6,1
4791,20230412,260,9,98.3,1
4792,20240425,339,4,88.7,1
4793,20240402,702,6,96.1,1
4794,20250927,490,7,80.6,1
4795,20251003,119,8,94.6,1
4796,20260514,535,5,95.7,1
4797,20230912,368,9,87.1,1
4798,20230423,257,9,96.8,1
4799,20231210,319,10,74.5,1
4800,20230916,763,5,81.1,1
4801,20260521,423,6,82.3,1
4802,20240507,690,6,89.2,1
4803,20240312,261,4,98.9,1
4804,20260118,21,9,95.9,1
4805,20240510,199,1,95.9,1
4806,20250606,631,4,74.1,1
4807,20230119,617,8,96.2,1
4808,20230414,101,10,86.3,1
4809,20260521,278,5,79.2,1
4810,20260206,777,7,90.0,1
4811,20241012,202,6,94.5,1
4812,20230312,123,6,84.0,1
4813,20250925,649,3,97.0,1
4814,20250407,329,7,99.2,1
4815,20260215,489,7,96.8,1
4816,20250830,374,7,85.2,1
4817,20251111,76,3,62.0,1
4818,20230104,94,9,97.7,1
4819,20240729,208,8,92.8,1
4820,20250711,179,4,97.1,1
4821,20260101,627,10,84.5,1
4822,20250224,337,10,94.2,1
4823,20230308,81,2,96.6,1
4824,20250513,556,8,99.7,1
4825,20241120,319,4,79.5,1
4826,20230915,349,8,97.7,1
4827,20230503,53,2,71.0,1
4828,20250106,258,2,76.2,1
4829,20240820,556,7,83.9,1
4830,20230427,62,3,96.8,1
4831,20231103,329,4,90.1,1
4832,20260426,20,10,93.5,1
4833,20240604,326,9,99.5,1
4834,20231110,66,10,94.4,1
4835,20230605,402,6,98.3,1
4836,20240613,363,1,85.3,1
4837,20231013,120,1,84.9,1
4838,20230822,488,1,95.2,1
4839,20251102,558,1,96.7,1
4840,20251022,752,6,93.8,1
4841,20240429,26,8,91.3,1
4842,20230809,336,3,84.6,1
4843,20241019,20,4,97.8,1
4844,20241218,468,10,92.1,1
4845,20240217,464,8,98.1,1
4846,20251218,365,1,88.0,1
4847,20250413,87,3,86.7,1
4848,20251211,546,7,78.3,1
4849,20260123,148,4,93.5,1
4850,20230628,381,5,86.0,1
4851,20230810,632,9,92.8,1
4852,20260221,331,3,80.5,1
4853,20231208,233,6,89.6,1
4854,20231118,106,4,72.7,1
4855,20260119,472,1,94.6,1
4856,20230324,316,5,67.6,1
4857,20231209,627,7,97.6,1
4858,20230831,771,1,92.4,1
4859,20240705,426,5,93.8,1
4860,20250408,332,3,85.0,1
4861,20251106,645,8,91.3,1
4862,20241204,45,7,94.5,1
4863,20250317,247,8,99.4,1
4864,20250614,468,2,98.6,1
4865,20251113,575,8,79.8,1
4866,20260413,284,6,93.8,1
4867,20260616,562,3,99.7,1
4868,20240322,708,6,92.4,1
4869,20251224,512,1,50.4,1
4870,20250711,764,6,60.7,1
4871,20260506,78,6,65.5,1
4872,20251130,765,3,85.5,1
4873,20230203,677,4,68.3,1
4874,20241025,212,2,96.6,1
4875,20260305,194,4,86.4,1
4876,20240618,633,5,83.8,1
4877,20260130,321,5,86.0,1
4878,20250905,531,7,99.1,1
4879,20230831,377,4,78.3,1
4880,20231010,418,3,66.7,1
4881,20250821,697,9,98.0,1
4882,20240128,702,8,90.7,1
4883,20260621,453,6,97.0,1
4884,20240330,528,9,94.7,1
4885,20250807,118,6,92.4,1
4886,20240425,355,2,88.5,1
4887,20230726,181,10,95.0,1
4888,20250122,348,6,77.7,1
4889,20231205,714,4,95.3,1
4890,20231228,444,4,90.0,1
4891,20240605,321,5,98.4,1
4892,20260511,414,6,87.6,1
4893,20240509,623,7,67.0,1
4894,20250705,779,8,76.9,1
4895,20250818,220,8,99.6,1
4896,20260119,253,1,78.6,1
4897,20260213,83,7,96.1,1
4898,20250222,538,6,89.0,1
4899,20250414,750,1,76.4,1
4900,20230106,137,6,85.2,1
4901,20240621,294,7,95.6,1
4902,20230717,578,7,67.8,1
4903,20260319,359,3,89.2,1
4904,20240711,326,7,83.2,1
4905,20250303,549,1,89.7,1
4906,20240505,673,8,74.6,1
4907,20250622,698,3,85.5,1
4908,20240902,706,6,90.1,1
4909,20240922,118,8,90.0,1
4910,20240616,102,7,96.2,1
4911,20230727,188,4,87.1,1
4912,20260210,340,1,88.0,1
4913,20230731,206,3,97.6,1
4914,20240415,422,2,98.7,1
4915,20250913,762,4,93.2,1
4916,20240508,44,5,95.5,1
4917,20251125,565,7,96.2,1
4918,20240416,36,8,88.6,1
4919,20240803,530,4,87.1,1
4920,20230530,379,10,89.8,1
4921,20250327,144,5,93.4,1
4922,20250614,401,4,96.4,1
4923,20230805,243,10,97.0,1
4924,20230510,675,7,95.5,1
4925,20231008,328,8,83.4,1
4926,20240322,511,6,91.3,1
4927,20250609,40,10,95.8,1
4928,20251216,708,4,85.3,1
4929,20250612,240,6,82.6,1
4930,20240624,423,1,90.9,1
4931,20240326,174,10,84.9,1
4932,20240505,18,5,96.5,1
4933,20240424,521,9,82.0,1
4934,20240525,9,6,94.6,1
4935,20241212,440,3,87.1,1
4936,20230801,207,1,97.2,1
4937,20240630,379,10,78.6,1
4938,20240123,194,8,96.5,1
4939,20241006,625,1,83.8,1
4940,20240326,677,8,97.5,1
4941,20250126,538,10,82.7,1
4942,20230904,725,3,97.7,1
4943,20250807,159,4,84.8,1
4944,20230717,690,5,90.1,1
4945,20240530,329,6,93.0,1
4946,20230417,306,4,99.1,1
4947,20240619,429,9,95.9,1
4948,20250218,185,5,97.2,1
4949,20240220,537,7,92.3,1
4950,20240916,294,9,73.5,1
4951,20230221,360,3,74.7,1
4952,20230210,31,6,75.5,1
4953,20250717,601,5,79.8,1
4954,20240406,564,9,98.6,1
4955,20240924,742,1,87.8,1
4956,20230118,642,9,92.9,1
4957,20240121,274,5,76.1,1
4958,20230111,642,5,86.0,1
4959,20230511,246,10,97.4,1
4960,20240323,254,9,98.8,1
4961,20250113,381,9,79.0,1
4962,20251214,612,2,90.8,1
4963,20240608,430,8,91.9,1
4964,20240517,707,9,91.9,1
4965,20250302,304,10,94.7,1
4966,20230514,279,6,92.9,1
4967,20241223,751,7,80.1,1
4968,20250516,467,2,93.9,1
4969,20240811,533,2,91.8,1
4970,20240825,591,9,86.3,1
4971,20260128,561,10,79.7,1
4972,20240824,607,3,79.8,1
4973,20260429,716,5,95.7,1
4974,20230619,326,6,73.1,1
4975,20231201,650,5,99.2,1
4976,20240923,548,1,78.1,1
4977,20240817,46,2,98.6,1
4978,20250426,16,8,93.9,1
4979,20240506,145,1,96.6,1
4980,20250820,457,2,99.0,1
4981,20230325,312,1,70.7,1
4982,20251110,706,9,98.0,1
4983,20230308,516,1,97.8,1
4984,20240417,83,9,72.3,1
4985,20230607,188,5,87.7,1
4986,20230725,783,7,85.0,1
4987,20250118,675,8,88.1,1
4988,20251223,690,4,65.4,1
4989,20250625,188,6,94.3,1
4990,20231221,635,2,89.6,1
4991,20241016,86,8,83.3,1
4992,20241014,389,5,89.4,1
4993,20250207,251,4,95.9,1
4994,20231114,142,2,83.8,1
4995,20240226,531,10,93.7,1
4996,20230428,389,7,88.7,1
4997,20230520,264,7,92.3,1
4998,20250526,800,1,96.0,1
4999,20240321,748,1,94.9,1
5000,20230731,262,2,87.8,1
5001,20240412,634,1,96.8,1
5002,20260303,141,2,87.2,1
5003,20230803,624,9,89.8,1
5004,20250422,255,9,83.1,1
5005,20241215,240,3,75.3,1
5006,20240120,127,10,85.5,1
5007,20240223,198,4,91.5,1
5008,20241224,547,3,89.7,1
5009,20260321,148,1,68.9,1
5010,20250114,355,6,84.4,1
5011,20260301,97,5,97.9,1
5012,20251212,528,6,83.6,1
5013,20260301,292,6,98.1,1
5014,20250315,195,2,86.6,1
5015,20251020,416,3,70.7,1
5016,20250724,793,9,94.2,1
5017,20251201,303,2,94.5,1
5018,20241024,227,2,96.8,1
5019,20250813,415,6,87.2,1
5020,20230225,330,9,94.4,1
5021,20230803,305,6,98.8,1
5022,20251008,448,2,90.5,1
5023,20250514,590,10,92.5,1
5024,20230421,305,8,67.7,1
5025,20251124,455,1,99.2,1
5026,20240227,241,2,99.1,1
5027,20240417,434,9,95.0,1
5028,20241009,542,10,98.9,1
5029,20260108,447,4,99.1,1
5030,20230705,319,4,97.6,1
5031,20230630,491,10,88.3,1
5032,20260105,339,1,83.3,1
5033,20260617,296,10,85.6,1
5034,20250721,607,3,93.1,1
5035,20260402,785,3,81.9,1
5036,20230814,359,2,89.6,1
5037,20250630,372,3,81.9,1
5038,20231025,710,8,91.7,1
5039,20240519,203,4,83.1,1
5040,20260310,739,2,88.8,1
5041,20230608,352,9,96.0,1
5042,20260429,748,9,92.9,1
5043,20240417,632,1,98.8,1
5044,20260114,594,1,92.7,1
5045,20251127,408,6,82.0,1
5046,20230705,112,7,95.5,1
5047,20260626,412,9,83.3,1
5048,20230325,25,3,94.6,1
5049,20250212,448,4,95.6,1
5050,20250307,67,3,97.3,1
5051,20240720,2,3,93.3,1
5052,20240406,324,9,84.7,1
5053,20240501,675,8,96.5,1
5054,20230503,297,9,93.5,1
5055,20250709,800,8,79.9,1
5056,20251023,795,6,98.1,1
5057,20250331,663,5,90.3,1
5058,20230417,100,3,97.8,1
5059,20260214,29,5,96.3,1
5060,20240825,380,2,89.2,1
5061,20260209,483,6,91.5,1
5062,20260401,467,2,97.4,1
5063,20250115,346,7,90.7,1
5064,20230201,248,8,81.5,1
5065,20230923,243,9,97.7,1
5066,20231110,655,1,92.3,1
5067,20241021,383,10,99.1,1
5068,20250703,183,8,89.5,1
5069,20260509,155,8,96.9,1
5070,20240726,300,6,86.5,1
5071,20230928,116,8,98.3,1
5072,20250516,113,2,88.2,1
5073,20250903,450,7,82.0,1
5074,20250817,601,4,90.3,1
5075,20230411,623,2,76.9,1
5076,20260220,163,9,92.4,1
5077,20240628,362,10,88.4,1
5078,20240421,81,8,98.8,1
5079,20240825,513,1,99.3,1
5080,20230406,314,2,51.5,1
5081,20240516,58,5,92.4,1
5082,20250824,107,4,96.7,1
5083,20251121,592,1,95.8,1
5084,20240130,94,1,73.5,1
5085,20231010,330,2,92.4,1
5086,20250202,599,9,91.0,1
5087,20240409,578,2,93.6,1
5088,20240518,347,2,97.9,1
5089,20260520,549,7,83.8,1
5090,20230107,287,8,62.3,1
5091,20240801,466,4,91.4,1
5092,20231110,425,3,94.9,1
5093,20230415,13,4,92.1,1
5094,20240820,559,2,85.6,1
5095,20241208,659,5,92.3,1
5096,20240125,391,6,94.6,1
5097,20250522,49,10,91.8,1
5098,20260226,110,8,83.7,1
5099,20251028,292,4,87.9,1
5100,20240217,513,9,93.1,1
5101,20230521,284,7,87.8,1
5102,20231217,190,9,84.9,1
5103,20260428,556,1,95.5,1
5104,20250607,669,6,99.7,1
5105,20231124,338,4,84.7,1
5106,20230205,129,4,99.0,1
5107,20240121,190,8,76.8,1
5108,20231012,341,3,95.5,1
5109,20241013,763,8,81.7,1
5110,20250308,561,9,71.8,1
5111,20250727,150,3,92.6,1
5112,20240822,717,2,90.7,1
5113,20240808,575,3,92.8,1
5114,20230411,228,6,94.7,1
5115,20250218,486,6,91.2,1
5116,20250321,799,1,97.6,1
5117,20240229,240,5,98.1,1
5118,20240825,229,6,88.7,1
5119,20231217,425,10,91.2,1
5120,20260217,16,4,93.9,1
5121,20250609,456,5,75.9,1
5122,20241006,652,2,86.7,1
5123,20230619,419,6,79.2,1
5124,20231112,425,7,97.4,1
5125,20230205,232,9,89.9,1
5126,20230831,502,9,91.0,1
5127,20260408,364,7,84.6,1
5128,20250611,738,10,73.3,1
5129,20240223,108,4,86.1,1
5130,20230211,521,7,88.8,1
5131,20250731,609,8,91.4,1
5132,20240118,27,3,96.1,1
5133,20231105,421,5,96.0,1
5134,20250924,253,8,95.5,1
5135,20240709,655,8,98.2,1
5136,20230421,432,8,56.1,1
5137,20230402,120,2,97.5,1
5138,20260418,185,5,93.7,1
5139,20251216,599,1,98.3,1
5140,20240704,15,5,79.8,1
5141,20231111,236,4,68.3,1
5142,20250520,483,10,74.4,1
5143,20240919,540,5,88.7,1
5144,20240105,776,6,71.8,1
5145,20240611,597,8,92.2,1
5146,20230424,594,9,94.3,1
5147,20260616,711,7,76.7,1
5148,20241103,417,2,78.2,1
5149,20240203,222,1,96.2,1
5150,20231002,474,9,88.8,1
5151,20250103,584,1,77.3,1
5152,20250217,463,4,94.9,1
5153,20250119,650,8,81.0,1
5154,20230620,281,2,87.2,1
5155,20251210,743,2,97.3,1
5156,20240313,43,8,94.0,1
5157,20250827,190,10,83.1,1
5158,20250915,708,6,93.5,1
5159,20240403,711,10,94.1,1
5160,20230512,627,3,82.1,1
5161,20230221,49,8,85.1,1
5162,20240203,316,6,73.8,1
5163,20260621,344,4,81.7,1
5164,20240523,185,10,98.0,1
5165,20230629,617,3,91.7,1
5166,20230626,241,4,96.2,1
5167,20250509,46,7,76.8,1
5168,20260426,551,6,85.9,1
5169,20230317,192,5,96.7,1
5170,20231019,250,9,68.5,1
5171,20251125,130,2,89.7,1
5172,20231128,450,10,88.8,1
5173,20240904,429,2,97.5,1
5174,20240703,540,4,95.1,1
5175,20250915,518,5,83.1,1
5176,20230108,495,1,91.2,1
5177,20250714,673,3,75.4,1
5178,20241123,143,8,92.3,1
5179,20241103,338,10,99.2,1
5180,20250818,147,10,85.1,1
5181,20230917,558,1,92.0,1
5182,20260216,556,7,92.5,1
5183,20250528,556,1,85.9,1
5184,20230331,650,2,96.6,1
5185,20241114,529,5,89.7,1
5186,20240615,522,3,89.8,1
5187,20250504,470,1,85.5,1
5188,20250902,83,9,91.5,1
5189,20230915,361,5,92.7,1
5190,20260128,267,9,74.6,1
5191,20251231,664,10,95.1,1
5192,20260410,705,5,96.2,1
5193,20260609,342,9,95.8,1
5194,20240414,572,6,91.2,1
5195,20240424,630,4,96.9,1
5196,20241130,82,9,93.9,1
5197,20241109,219,5,92.2,1
5198,20230520,772,7,90.2,1
5199,20241210,733,2,87.0,1
5200,20230413,109,7,86.7,1
5201,20250805,447,3,89.8,1
5202,20260619,742,4,90.1,1
5203,20240908,430,7,97.4,1
5204,20250404,549,6,96.4,1
5205,20240724,253,3,80.0,1
5206,20230903,132,8,92.6,1
5207,20230529,666,5,94.4,1
5208,20240901,143,8,97.2,1
5209,20250909,629,10,83.0,1
5210,20230829,357,8,98.3,1
5211,20230103,246,3,94.2,1
5212,20250726,680,9,97.3,1
5213,20230512,654,1,67.2,1
5214,20250913,563,2,92.6,1
5215,20240330,388,6,82.5,1
5216,20230420,288,4,87.7,1
5217,20230727,435,8,95.6,1
5218,20250917,702,1,96.5,1
5219,20230322,341,2,93.6,1
5220,20240304,124,9,81.9,1
5221,20230612,404,2,96.9,1
5222,20240627,667,5,99.2,1
5223,20250417,482,5,99.9,1
5224,20241126,644,6,91.3,1
5225,20250731,122,2,80.6,1
5226,20250512,646,1,94.1,1
5227,20260204,91,6,72.5,1
5228,20241126,551,3,94.1,1
5229,20230309,613,6,92.1,1
5230,20251011,111,7,82.0,1
5231,20230109,667,4,88.1,1
5232,20230524,639,4,93.0,1
5233,20251213,232,7,96.8,1
5234,20230613,116,4,74.5,1
5235,20240808,486,4,97.3,1
5236,20230131,759,4,93.5,1
5237,20231224,187,3,92.3,1
5238,20230710,278,6,84.8,1
5239,20230817,701,4,94.4,1
5240,20241016,26,2,88.5,1
5241,20241115,233,7,83.0,1
5242,20250311,446,10,85.6,1
5243,20260205,279,2,83.3,1
5244,20240705,456,8,97.1,1
5245,20230105,694,1,75.9,1
5246,20240830,439,2,86.5,1
5247,20230610,253,9,90.0,1
5248,20241022,546,1,99.6,1
5249,20230204,394,10,81.8,1
5250,20230602,77,6,76.7,1
5251,20260523,536,4,94.8,1
5252,20231028,68,7,95.3,1
5253,20260404,422,3,99.7,1
5254,20230318,238,5,80.5,1
5255,20260303,222,3,61.0,1
5256,20240527,239,5,97.3,1
5257,20250404,158,1,98.0,1
5258,20231018,181,4,84.3,1
5259,20241026,547,3,98.3,1
5260,20260410,109,4,71.3,1
5261,20231008,523,7,89.1,1
5262,20240416,426,7,92.9,1
5263,20241025,758,9,98.9,1
5264,20240623,342,9,86.9,1
5265,20250915,600,10,91.1,1
5266,20251218,616,1,95.9,1
5267,20260614,635,3,98.4,1
5268,20250926,1,9,71.4,1
5269,20250322,732,1,85.4,1
5270,20231029,515,1,69.3,1
5271,20240203,563,3,71.2,1
5272,20230706,636,9,87.9,1
5273,20260529,372,10,76.4,1
5274,20250324,328,10,88.2,1
5275,20241221,494,4,97.3,1
5276,20250911,80,2,98.3,1
5277,20230320,531,8,90.1,1
5278,20230117,284,5,95.2,1
5279,20230904,84,6,90.5,1
5280,20240616,277,8,96.1,1
5281,20250714,758,2,95.4,1
5282,20251229,782,6,96.9,1
5283,20260110,466,3,93.3,1
5284,20240823,491,9,88.8,1
5285,20231017,477,2,93.5,1
5286,20250515,493,7,75.2,1
5287,20250821,208,8,87.8,1
5288,20230307,569,2,85.7,1
5289,20260124,532,5,99.4,1
5290,20260303,309,9,57.7,1
5291,20260116,526,10,99.2,1
5292,20231128,240,1,93.9,1
5293,20231031,26,3,71.5,1
5294,20251230,110,8,99.9,1
5295,20251012,133,9,85.7,1
5296,20260518,2,9,88.7,1
5297,20250217,685,4,97.5,1
5298,20260318,50,3,80.9,1
5299,20231128,517,2,98.7,1
5300,20230423,353,5,99.3,1
5301,20250511,698,2,83.6,1
5302,20240621,95,8,73.4,1
5303,20251113,275,4,80.7,1
5304,20250418,454,5,92.5,1
5305,20240616,162,3,84.4,1
5306,20241031,271,1,91.1,1
5307,20240419,237,1,98.1,1
5308,20240226,648,1,96.1,1
5309,20250109,350,4,96.6,1
5310,20260625,404,10,85.5,1
5311,20241016,19,1,94.2,1
5312,20230912,566,8,87.5,1
5313,20260117,495,8,97.3,1
5314,20240925,308,4,69.5,1
5315,20240831,658,8,83.1,1
5316,20250227,562,5,75.9,1
5317,20250625,13,4,98.9,1
5318,20230918,717,7,97.6,1
5319,20250327,572,8,96.8,1
5320,20250526,294,10,76.3,1
5321,20240530,131,4,80.4,1
5322,20250311,619,7,81.6,1
5323,20260204,376,6,97.8,1
5324,20231015,420,8,97.3,1
5325,20241025,382,5,87.6,1
5326,20240907,589,3,91.8,1
5327,20240713,779,2,78.6,1
5328,20231025,157,8,99.6,1
5329,20250429,495,1,98.5,1
5330,20241030,93,5,96.8,1
5331,20251103,405,4,95.8,1
5332,20231210,378,9,92.3,1
5333,20260623,267,6,68.8,1
5334,20241028,599,4,96.1,1
5335,20230211,781,7,99.4,1
5336,20260320,309,6,84.8,1
5337,20250604,332,5,96.0,1
5338,20240425,104,1,98.9,1
5339,20230206,135,4,85.2,1
5340,20240602,476,6,93.5,1
5341,20250818,614,4,97.2,1
5342,20250405,151,7,84.2,1
5343,20240721,288,4,90.8,1
5344,20240515,75,2,78.9,1
5345,20230727,429,1,99.6,1
5346,20240322,59,9,94.7,1
5347,20250430,718,2,97.2,1
5348,20250124,310,10,92.1,1
5349,20250901,236,8,91.9,1
5350,20240926,745,4,85.9,1
5351,20260615,220,7,80.1,1
5352,20241107,272,6,89.5,1
5353,20231128,481,6,92.3,1
5354,20241216,417,4,86.8,1
5355,20260213,778,5,98.4,1
5356,20250822,507,5,94.6,1
5357,20260505,625,7,84.4,1
5358,20240306,76,1,79.6,1
5359,20230912,331,5,81.4,1
5360,20260117,74,10,68.2,1
5361,20230306,724,4,90.4,1
5362,20240802,580,4,79.3,1
5363,20230704,558,6,98.8,1
5364,20251230,346,3,79.9,1
5365,20240324,132,1,95.2,1
5366,20240516,194,2,76.3,1
5367,20251111,542,9,97.9,1
5368,20260427,191,7,97.3,1
5369,20251026,426,4,96.7,1
5370,20231213,80,7,94.1,1
5371,20230807,446,7,97.3,1
5372,20240207,668,1,98.9,1
5373,20230613,255,8,61.4,1
5374,20250730,783,5,94.9,1
5375,20241122,721,10,91.2,1
5376,20250614,68,2,85.3,1
5377,20231210,384,10,93.3,1
5378,20250213,268,7,90.8,1
5379,20241125,792,1,59.0,1
5380,20230425,262,9,86.2,1
5381,20230709,316,5,94.4,1
5382,20240104,495,9,93.7,1
5383,20251101,501,7,93.7,1
5384,20240912,787,5,91.9,1
5385,20240119,27,5,85.1,1
5386,20230303,409,10,98.5,1
5387,20241120,79,9,85.4,1
5388,20251201,447,4,88.8,1
5389,20231121,597,4,93.1,1
5390,20251116,458,1,97.8,1
5391,20240413,609,10,84.6,1
5392,20250523,314,5,98.3,1
5393,20250728,516,10,96.1,1
5394,20230109,139,8,87.7,1
5395,20260628,226,5,88.6,1
5396,20240417,708,4,98.3,1
5397,20240114,331,7,71.4,1
5398,20240615,143,4,80.1,1
5399,20230410,45,9,97.1,1
5400,20251203,637,7,85.5,1
5401,20230815,683,7,89.6,1
5402,20250101,347,10,98.8,1
5403,20230429,699,5,87.7,1
5404,20251106,137,6,87.1,1
5405,20240504,411,6,96.3,1
5406,20231005,397,10,82.7,1
5407,20250515,466,10,95.2,1
5408,20240310,574,6,83.8,1
5409,20251106,64,4,78.3,1
5410,20251008,429,3,79.7,1
5411,20250408,672,7,95.4,1
5412,20240321,232,1,82.3,1
5413,20231116,60,2,83.0,1
5414,20230415,672,4,71.3,1
5415,20230308,690,6,67.4,1
5416,20251126,745,10,62.2,1
5417,20240424,775,6,94.7,1
5418,20250623,41,5,95.7,1
5419,20240714,466,6,77.2,1
5420,20240130,12,2,89.1,1
5421,20250812,292,3,65.6,1
5422,20230107,239,5,79.2,1
5423,20250512,235,5,90.4,1
5424,20231220,632,8,90.9,1
5425,20231221,495,3,90.2,1
5426,20251008,352,10,98.0,1
5427,20230323,575,3,80.7,1
5428,20230423,428,7,98.4,1
5429,20250410,231,10,70.7,1
5430,20230420,447,7,99.0,1
5431,20240823,168,1,84.7,1
5432,20230215,256,9,87.8,1
5433,20251221,94,10,93.9,1
5434,20240914,593,10,98.1,1
5435,20260410,597,1,78.8,1
5436,20231230,20,3,91.6,1
5437,20230825,193,10,98.0,1
5438,20260225,59,5,97.4,1
5439,20251025,299,7,87.3,1
5440,20250210,443,2,62.2,1
5441,20240603,198,3,94.8,1
5442,20240505,562,4,96.9,1
5443,20230724,729,3,96.9,1
5444,20240324,231,10,76.7,1
5445,20240101,271,5,79.4,1
5446,20240202,624,4,93.1,1
5447,20241208,287,9,89.7,1
5448,20240702,195,3,85.8,1
5449,20230105,305,2,77.1,1
5450,20250218,110,2,79.3,1
5451,20240212,437,8,82.2,1
5452,20231102,738,8,97.9,1
5453,20250407,624,6,81.0,1
5454,20251127,285,5,90.7,1
5455,20250315,265,10,94.5,1
5456,20241008,266,1,91.2,1
5457,20240707,62,2,94.5,1
5458,20241007,320,3,97.8,1
5459,20250223,328,8,82.6,1
5460,20250405,109,1,60.4,1
5461,20241230,31,4,86.0,1
5462,20250104,764,6,99.6,1
5463,20250408,78,1,84.2,1
5464,20260302,520,6,93.2,1
5465,20240307,51,6,91.0,1
5466,20260220,530,10,98.3,1
5467,20240910,244,9,96.3,1
5468,20260522,113,4,95.3,1
5469,20241222,283,2,86.9,1
5470,20240102,760,3,99.2,1
5471,20241002,766,3,90.3,1
5472,20230618,788,7,80.3,1
5473,20250621,374,1,84.6,1
5474,20230924,365,5,92.9,1
5475,20240218,120,2,95.3,1
5476,20250325,283,9,86.0,1
5477,20240520,2,10,84.4,1
5478,20250223,313,9,79.2,1
5479,20230223,429,8,90.2,1
5480,20241003,628,2,84.1,1
5481,20241203,377,9,69.2,1
5482,20250623,233,10,91.5,1
5483,20251021,402,4,93.5,1
5484,20231126,218,5,99.5,1
5485,20241124,399,8,91.5,1
5486,20240706,227,1,93.4,1
5487,20240617,254,5,84.2,1
5488,20251125,34,8,94.9,1
5489,20251220,535,8,75.3,1
5490,20241211,607,3,93.9,1
5491,20231229,424,6,61.0,1
5492,20231222,508,2,73.9,1
5493,20250904,142,2,87.7,1
5494,20250322,508,4,94.8,1
5495,20250313,23,9,90.8,1
5496,20241019,566,2,95.4,1
5497,20231116,594,6,92.6,1
5498,20241028,432,6,79.2,1
5499,20250802,751,3,74.9,1
5500,20240312,218,4,94.7,1
5501,20230319,621,10,98.4,1
5502,20260526,795,10,76.8,1
5503,20251230,472,10,99.7,1
5504,20240407,261,8,99.7,1
5505,20240811,190,1,93.2,1
5506,20240419,388,6,63.1,1
5507,20240306,749,6,94.8,1
5508,20250401,427,4,94.5,1
5509,20230531,597,1,80.1,1
5510,20240217,113,5,95.2,1
5511,20250905,733,10,94.3,1
5512,20230303,439,4,94.4,1
5513,20230426,310,6,92.2,1
5514,20230718,654,9,83.2,1
5515,20260526,788,3,65.5,1
5516,20241001,669,5,87.3,1
5517,20230304,216,2,95.3,1
5518,20260422,351,9,95.8,1
5519,20240727,273,9,94.1,1
5520,20240812,630,8,99.7,1
5521,20250521,527,7,73.6,1
5522,20260531,666,7,98.6,1
5523,20230402,240,9,90.8,1
5524,20230828,209,7,91.2,1
5525,20230811,247,2,95.4,1
5526,20250816,556,3,69.8,1
5527,20231130,189,3,71.6,1
5528,20230121,292,2,72.4,1
5529,20241021,478,1,54.9,1
5530,20260504,173,8,80.3,1
5531,20260201,630,9,96.1,1
5532,20250815,519,3,92.0,1
5533,20230724,42,1,98.6,1
5534,20260301,365,1,86.2,1
5535,20230207,60,9,81.9,1
5536,20251106,317,5,81.4,1
5537,20250627,488,6,90.8,1
5538,20250114,169,4,87.9,1
5539,20230403,359,2,86.6,1
5540,20240927,289,6,93.2,1
5541,20240819,212,9,85.1,1
5542,20260503,593,4,89.9,1
5543,20240124,381,2,94.2,1
5544,20260603,270,4,75.6,1
5545,20240327,283,5,96.9,1
5546,20250108,655,1,90.3,1
5547,20230318,148,3,92.8,1
5548,20230207,345,5,98.3,1
5549,20230920,301,6,83.1,1
5550,20260215,357,1,84.3,1
5551,20260609,492,4,87.4,1
5552,20240519,504,7,89.2,1
5553,20230128,490,8,94.7,1
5554,20240710,751,3,65.3,1
5555,20230419,103,2,92.8,1
5556,20230103,485,2,95.3,1
5557,20240629,31,8,87.2,1
5558,20241006,12,7,56.6,1
5559,20240719,151,5,70.6,1
5560,20250226,178,5,97.9,1
5561,20250904,424,3,64.4,1
5562,20231211,86,6,81.6,1
5563,20250718,443,3,63.1,1
5564,20241130,307,3,92.6,1
5565,20260105,342,4,88.9,1
5566,20240613,577,9,93.4,1
5567,20231224,604,9,84.2,1
5568,20260302,49,9,85.6,1
5569,20230214,51,1,77.0,1
5570,20230521,589,3,95.0,1
5571,20250424,139,9,97.8,1
5572,20230118,773,9,82.5,1
5573,20230706,209,1,89.7,1
5574,20240216,532,6,92.1,1
5575,20250709,401,1,99.4,1
5576,20240501,729,7,99.0,1
5577,20230830,656,9,65.7,1
5578,20260411,700,3,91.9,1
5579,20230710,556,5,98.9,1
5580,20250202,256,9,89.1,1
5581,20241101,665,6,89.6,1
5582,20240920,274,7,81.3,1
5583,20240504,139,3,97.3,1
5584,20230811,575,4,88.6,1
5585,20240829,122,7,93.8,1
5586,20250227,592,9,88.0,1
5587,20241209,572,4,80.2,1
5588,20230222,86,4,86.2,1
5589,20240207,432,1,91.8,1
5590,20230404,209,6,80.0,1
5591,20230629,119,4,81.4,1
5592,20230511,304,8,65.0,1
5593,20240916,315,10,98.3,1
5594,20230512,385,6,95.9,1
5595,20230905,554,6,91.6,1
5596,20230804,761,1,93.6,1
5597,20260130,778,2,92.6,1
5598,20240213,640,8,96.9,1
5599,20240406,250,9,97.6,1
5600,20260314,77,1,73.7,1
5601,20240801,270,3,89.3,1
5602,20250205,647,8,85.4,1
5603,20230808,737,1,49.6,1
5604,20240419,334,4,93.1,1
5605,20250426,389,5,91.0,1
5606,20260505,230,3,87.7,1
5607,20240708,536,10,90.7,1
5608,20251015,730,2,89.9,1
5609,20240708,727,2,89.4,1
5610,20240724,552,9,92.6,1
5611,20231120,651,1,90.6,1
5612,20260215,750,5,87.8,1
5613,20251124,684,4,94.3,1
5614,20231010,105,10,89.8,1
5615,20230420,58,1,90.5,1
5616,20230714,742,10,90.5,1
5617,20231125,363,6,94.0,1
5618,20230503,645,6,81.1,1
5619,20240430,176,5,93.0,1
5620,20251224,297,7,78.7,1
5621,20231003,750,1,88.6,1
5622,20240714,719,8,85.7,1
5623,20240424,743,4,90.7,1
5624,20240318,457,4,94.4,1
5625,20251120,1,2,94.1,1
5626,20230303,268,3,82.2,1
5627,20250827,75,6,72.0,1
5628,20260422,628,1,87.6,1
5629,20240225,72,9,90.7,1
5630,20240511,25,2,92.6,1
5631,20250618,458,3,90.4,1
5632,20260113,712,7,93.5,1
5633,20260221,492,2,90.9,1
5634,20240722,669,7,96.3,1
5635,20240403,467,3,88.0,1
5636,20231012,389,10,99.7,1
5637,20230311,78,10,75.8,1
5638,20250706,486,9,87.5,1
5639,20240506,725,5,76.8,1
5640,20260212,505,5,88.6,1
5641,20250814,741,2,73.9,1
5642,20251102,329,8,96.0,1
5643,20260410,459,10,84.4,1
5644,20250414,170,2,64.7,1
5645,20250517,327,2,84.8,1
5646,20241212,414,7,94.7,1
5647,20260321,710,1,95.9,1
5648,20240326,480,8,96.6,1
5649,20230831,645,9,97.1,1
5650,20230820,789,1,98.2,1
5651,20250827,511,4,92.8,1
5652,20241106,147,8,92.7,1
5653,20230208,401,10,74.5,1
5654,20250726,468,2,86.8,1
5655,20260517,130,8,94.0,1
5656,20230307,788,5,98.0,1
5657,20240425,354,6,84.4,1
5658,20240714,91,3,86.6,1
5659,20260601,343,2,95.9,1
5660,20250104,534,10,82.3,1
5661,20231107,447,9,74.6,1
5662,20240301,721,9,67.4,1
5663,20230707,459,9,99.7,1
5664,20250317,787,9,96.1,1
5665,20251226,543,3,71.4,1
5666,20250106,147,10,77.3,1
5667,20260126,270,4,93.6,1
5668,20230528,247,2,78.5,1
5669,20260118,97,2,78.8,1
5670,20230208,241,7,99.1,1
5671,20230921,325,1,94.1,1
5672,20230822,409,6,90.1,1
5673,20240530,420,8,99.8,1
5674,20251211,652,8,90.6,1
5675,20251104,758,5,88.2,1
5676,20250308,698,10,67.5,1
5677,20251227,518,4,94.5,1
5678,20230201,415,2,87.4,1
5679,20230120,493,10,95.8,1
5680,20250202,317,8,84.2,1
5681,20260625,472,9,99.5,1
5682,20241112,498,10,86.5,1
5683,20230710,360,6,84.3,1
5684,20240522,535,6,97.0,1
5685,20230824,604,8,95.2,1
5686,20260107,363,3,87.7,1
5687,20250813,449,2,96.4,1
5688,20251225,398,6,98.0,1
5689,20260620,278,10,80.4,1
5690,20230712,2,5,91.1,1
5691,20241023,418,7,87.8,1
5692,20240316,502,5,96.6,1
5693,20260201,554,1,47.7,1
5694,20250422,463,10,93.8,1
5695,20230314,593,1,74.0,1
5696,20230423,280,2,83.5,1
5697,20260611,8,10,92.1,1
5698,20250911,281,7,90.7,1
5699,20260118,738,4,93.4,1
5700,20250104,289,8,81.1,1
5701,20241104,285,10,98.0,1
5702,20230716,97,2,95.5,1
5703,20251125,737,1,85.2,1
5704,20250627,526,8,79.6,1
5705,20240928,161,10,83.3,1
5706,20251211,721,3,96.0,1
5707,20230712,315,10,59.2,1
5708,20250923,42,9,85.6,1
5709,20241201,716,2,97.9,1
5710,20240607,117,7,71.4,1
5711,20240701,81,7,81.5,1
5712,20241022,645,5,79.6,1
5713,20251030,525,5,95.0,1
5714,20230413,485,8,88.5,1
5715,20241019,759,2,90.6,1
5716,20260421,763,5,88.3,1
5717,20230104,432,3,97.5,1
5718,20250825,779,10,95.3,1
5719,20231213,249,10,55.7,1
5720,20260130,91,7,59.4,1
5721,20250719,363,7,97.5,1
5722,20250902,702,1,82.8,1
5723,20241113,500,4,73.3,1
5724,20230520,76,3,86.7,1
5725,20240816,405,6,83.3,1
5726,20231117,668,4,70.9,1
5727,20230610,281,2,99.3,1
5728,20240820,666,1,98.3,1
5729,20240517,2,7,93.1,1
5730,20230422,391,10,89.3,1
5731,20260623,319,7,88.4,1
5732,20260608,464,9,86.5,1
5733,20240908,90,5,83.4,1
5734,20230604,421,8,93.4,1
5735,20230529,145,1,98.4,1
5736,20240108,492,5,96.9,1
5737,20251028,564,9,69.3,1
5738,20250613,87,10,84.6,1
5739,20250801,273,1,97.0,1
5740,20240204,43,9,96.6,1
5741,20241219,404,3,74.4,1
5742,20230716,732,5,55.8,1
5743,20241229,178,1,78.8,1
5744,20230720,293,5,99.7,1
5745,20231103,249,1,77.2,1
5746,20230711,614,6,90.7,1
5747,20240524,479,1,88.9,1
5748,20240325,712,8,93.2,1
5749,20231219,416,8,93.5,1
5750,20250609,634,2,91.8,1
5751,20230706,336,7,91.4,1
5752,20250403,698,1,96.2,1
5753,20240316,425,1,98.8,1
5754,20250526,378,3,76.7,1
5755,20240215,498,6,70.6,1
5756,20241019,551,5,97.7,1
5757,20251106,96,10,73.9,1
5758,20241110,771,6,86.9,1
5759,20230116,446,1,88.3,1
5760,20250429,691,5,96.8,1
5761,20231110,240,1,93.8,1
5762,20241028,237,1,91.5,1
5763,20251028,488,5,97.6,1
5764,20240325,380,3,98.4,1
5765,20240727,574,4,80.7,1
5766,20260226,106,7,94.1,1
5767,20260601,567,4,80.2,1
5768,20230919,515,7,92.8,1
5769,20260516,472,8,82.2,1
5770,20241211,709,4,95.6,1
5771,20250830,487,6,98.5,1
5772,20250531,566,2,68.3,1
5773,20240518,39,1,88.1,1
5774,20251101,521,8,96.5,1
5775,20260423,207,5,88.6,1
5776,20250721,652,1,96.9,1
5777,20230729,758,5,92.6,1
5778,20241003,637,9,89.6,1
5779,20241106,740,2,67.3,1
5780,20260126,10,6,86.3,1
5781,20251028,64,4,81.2,1
5782,20250710,364,8,98.0,1
5783,20250925,154,7,71.8,1
5784,20240702,417,2,90.0,1
5785,20250114,617,5,70.3,1
5786,20230204,44,3,86.1,1
5787,20240921,612,3,99.4,1
5788,20251024,785,4,94.5,1
5789,20240513,23,4,64.3,1
5790,20230824,540,3,88.4,1
5791,20240828,123,5,98.1,1
5792,20250215,117,10,78.7,1
5793,20240312,77,3,94.0,1
5794,20260327,43,8,94.5,1
5795,20231101,788,5,91.7,1
5796,20231002,305,2,97.9,1
5797,20250925,175,5,87.2,1
5798,20260304,658,10,88.5,1
5799,20230707,273,6,94.7,1
5800,20240615,638,7,92.2,1
5801,20250329,261,8,84.8,1
5802,20260622,308,8,74.4,1
5803,20240613,549,10,98.8,1
5804,20230304,505,5,70.1,1
5805,20231108,271,5,99.0,1
5806,20250111,226,10,96.6,1
5807,20230723,751,8,75.1,1
5808,20260314,392,7,61.1,1
5809,20231011,483,4,81.5,1
5810,20260331,800,6,93.6,1
5811,20230405,511,3,69.1,1
5812,20250504,698,2,78.5,1
5813,20230803,250,2,91.0,1
5814,20250715,759,8,83.6,1
5815,20240726,762,2,84.3,1
5816,20251126,458,8,81.9,1
5817,20251019,248,4,99.6,1
5818,20240625,264,7,77.7,1
5819,20260516,363,9,94.9,1
5820,20230610,202,1,91.9,1
5821,20240814,462,5,94.0,1
5822,20251005,45,9,93.6,1
5823,20230114,764,1,62.4,1
5824,20240809,388,9,96.7,1
5825,20250615,536,1,83.5,1
5826,20240608,551,10,88.7,1
5827,20231226,728,8,92.3,1
5828,20241115,21,2,93.1,1
5829,20240105,219,10,97.9,1
5830,20251114,580,1,80.7,1
5831,20230412,585,1,96.8,1
5832,20240611,696,10,96.6,1
5833,20250620,84,6,92.7,1
5834,20260101,307,7,94.6,1
5835,20240604,744,9,95.5,1
5836,20230821,341,2,91.5,1
5837,20230727,174,2,88.9,1
5838,20231205,287,10,84.2,1
5839,20240813,427,4,81.7,1
5840,20230830,5,4,96.4,1
5841,20240110,734,7,80.0,1
5842,20260206,627,7,98.9,1
5843,20230314,516,4,85.2,1
5844,20250824,4,7,84.2,1
5845,20250223,745,7,92.7,1
5846,20250413,237,1,85.1,1
5847,20230406,694,9,97.1,1
5848,20260505,657,9,97.4,1
5849,20250330,331,2,94.3,1
5850,20250612,732,8,97.9,1
5851,20231205,373,2,73.0,1
5852,20230709,145,1,97.2,1
5853,20260627,204,9,92.3,1
5854,20231022,420,5,88.5,1
5855,20250911,415,1,51.2,1
5856,20240824,168,9,91.5,1
5857,20230910,166,2,97.8,1
5858,20251209,299,4,95.1,1
5859,20231202,76,5,92.3,1
5860,20250801,293,3,92.0,1
5861,20231219,650,10,96.5,1
5862,20250911,517,8,88.8,1
5863,20240729,598,6,75.0,1
5864,20230707,534,7,78.5,1
5865,20240819,523,8,99.0,1
5866,20230908,713,9,96.8,1
5867,20250831,748,10,65.4,1
5868,20240809,386,5,72.9,1
5869,20230209,121,4,98.2,1
5870,20251119,405,2,92.2,1
5871,20230426,2,9,96.1,1
5872,20230508,565,7,89.3,1
5873,20241010,98,8,93.3,1
5874,20231104,668,1,95.4,1
5875,20230829,167,10,97.4,1
5876,20240424,637,3,98.1,1
5877,20251018,393,6,76.1,1
5878,20241209,244,1,94.2,1
5879,20230217,39,8,90.6,1
5880,20241121,675,8,65.5,1
5881,20230712,683,8,93.0,1
5882,20230905,504,6,82.8,1
5883,20251113,597,1,93.4,1
5884,20250731,435,9,97.9,1
5885,20231227,257,4,90.0,1
5886,20231206,118,5,87.2,1
5887,20260512,522,10,90.5,1
5888,20230501,770,8,96.5,1
5889,20250727,540,9,98.8,1
5890,20250418,444,6,89.8,1
5891,20230507,459,5,94.4,1
5892,20230118,307,5,60.1,1
5893,20250924,748,9,96.8,1
5894,20231210,19,2,82.6,1
5895,20231028,392,4,82.8,1
5896,20230311,134,10,94.8,1
5897,20230406,431,10,81.3,1
5898,20230121,759,9,99.7,1
5899,20230503,520,4,83.9,1
5900,20230914,35,6,98.5,1
5901,20241113,190,10,84.5,1
5902,20260207,78,1,94.9,1
5903,20230127,142,8,92.8,1
5904,20260305,368,7,91.2,1
5905,20231116,587,5,78.5,1
5906,20240201,554,1,86.8,1
5907,20231219,639,1,87.8,1
5908,20240312,359,5,88.3,1
5909,20250709,771,8,76.3,1
5910,20231228,686,7,65.3,1
5911,20230111,8,3,93.9,1
5912,20250820,205,10,93.7,1
5913,20230112,348,2,71.4,1
5914,20250503,139,7,76.3,1
5915,20240322,776,6,82.4,1
5916,20240825,227,9,76.3,1
5917,20230918,633,7,91.4,1
5918,20260205,270,10,95.2,1
5919,20230103,339,1,93.5,1
5920,20260523,791,2,91.8,1
5921,20251108,337,7,91.7,1
5922,20230530,467,2,72.1,1
5923,20250310,251,5,80.4,1
5924,20260505,741,7,84.0,1
5925,20240221,706,1,87.0,1
5926,20250420,13,4,86.6,1
5927,20250119,260,7,86.5,1
5928,20240319,166,1,92.2,1
5929,20241118,683,5,97.3,1
5930,20241022,383,9,93.9,1
5931,20260107,200,9,82.4,1
5932,20250724,29,2,97.8,1
5933,20250117,154,5,94.1,1
5934,20251226,512,10,78.5,1
5935,20260416,390,1,81.1,1
5936,20240715,569,10,97.0,1
5937,20240302,376,10,98.7,1
5938,20230623,275,6,86.1,1
5939,20250412,593,5,93.6,1
5940,20240406,95,3,93.5,1
5941,20260130,752,5,81.9,1
5942,20240205,795,3,91.1,1
5943,20240110,549,3,96.1,1
5944,20240406,678,7,85.1,1
5945,20251123,284,7,97.2,1
5946,20240221,215,2,92.5,1
5947,20241015,457,4,83.0,1
5948,20251108,759,7,94.0,1
5949,20251119,246,8,82.9,1
5950,20260228,704,8,89.9,1
5951,20240127,203,3,88.3,1
5952,20231118,793,4,74.0,1
5953,20260511,101,10,92.6,1
5954,20250220,116,6,83.8,1
5955,20240722,602,5,72.3,1
5956,20230722,145,8,88.0,1
5957,20260306,556,2,95.9,1
5958,20240428,15,4,97.2,1
5959,20250807,406,9,78.6,1
5960,20250118,800,6,81.5,1
5961,20240717,59,3,83.8,1
5962,20260309,429,7,97.1,1
5963,20241230,194,7,70.4,1
5964,20240730,13,5,81.6,1
5965,20240531,737,9,95.7,1
5966,20250221,141,7,97.6,1
5967,20250218,374,1,89.9,1
5968,20241104,366,6,82.9,1
5969,20260222,469,10,90.9,1
5970,20241111,799,2,89.7,1
5971,20230704,446,1,78.6,1
5972,20260109,618,1,88.3,1
5973,20231129,237,6,93.2,1
5974,20240411,650,1,94.2,1
5975,20231124,672,1,84.0,1
5976,20230206,22,3,53.9,1
5977,20250906,673,3,99.0,1
5978,20260527,551,10,93.5,1
5979,20250816,324,2,87.2,1
5980,20250312,239,6,94.3,1
5981,20260227,273,1,79.5,1
5982,20251105,67,8,94.1,1
5983,20251215,606,6,77.3,1
5984,20231125,616,2,77.8,1
5985,20240402,150,1,86.8,1
5986,20251109,489,4,86.6,1
5987,20230212,163,1,91.9,1
5988,20231004,614,2,77.9,1
5989,20230727,360,1,83.1,1
5990,20240629,188,6,94.1,1
5991,20250115,492,5,88.8,1
5992,20241103,73,9,90.7,1
5993,20231029,513,1,81.9,1
5994,20250808,605,5,94.9,1
5995,20250819,594,8,84.7,1
5996,20230312,196,8,92.1,1
5997,20251114,563,9,85.2,1
5998,20230724,212,9,92.3,1
5999,20241017,616,7,76.9,1
6000,20240927,76,2,77.8,1
6001,20250414,746,7,99.6,1
6002,20250701,527,10,87.1,1
6003,20240608,269,4,97.1,1
6004,20231107,360,7,86.4,1
6005,20251203,474,5,95.8,1
6006,20240105,90,3,96.7,1
6007,20240417,580,7,96.3,1
6008,20240416,434,1,67.1,1
6009,20240928,557,8,94.8,1
6010,20250410,336,5,96.1,1
6011,20240326,178,9,91.0,1
6012,20230704,206,5,87.5,1
6013,20230923,324,7,96.5,1
6014,20230801,665,8,91.6,1
6015,20251015,614,1,95.8,1
6016,20240204,83,8,99.0,1
6017,20250521,694,7,85.0,1
6018,20250705,242,10,98.1,1
6019,20241029,520,8,74.5,1
6020,20240706,97,1,99.1,1
6021,20260506,593,3,72.5,1
6022,20230116,141,9,58.0,1
6023,20251104,768,1,86.3,1
6024,20230827,48,4,68.3,1
6025,20250117,790,8,98.1,1
6026,20260429,642,10,93.1,1
6027,20240622,788,7,92.6,1
6028,20240429,395,5,86.0,1
6029,20240114,173,8,92.9,1
6030,20260522,739,2,96.9,1
6031,20250611,272,8,96.9,1
6032,20230103,153,6,87.6,1
6033,20250427,165,7,99.2,1
6034,20250917,795,8,86.8,1
6035,20250414,124,5,83.5,1
6036,20250721,523,6,93.3,1
6037,20260511,49,2,92.4,1
6038,20260112,23,4,91.6,1
6039,20240218,455,3,96.6,1
6040,20250703,106,7,94.9,1
6041,20240522,618,3,90.1,1
6042,20260307,792,7,97.7,1
6043,20241203,516,6,96.1,1
6044,20240701,326,3,99.3,1
6045,20230404,488,8,95.0,1
6046,20250621,230,5,88.9,1
6047,20260102,27,8,90.9,1
6048,20230126,492,5,90.1,1
6049,20250506,52,2,87.6,1
6050,20250820,640,8,97.5,1
6051,20251107,278,6,97.0,1
6052,20250122,403,2,55.4,1
6053,20240128,233,1,86.6,1
6054,20260503,349,3,86.0,1
6055,20251225,320,10,98.1,1
6056,20230514,294,9,88.4,1
6057,20240516,390,7,96.3,1
6058,20241112,21,8,91.4,1
6059,20230919,800,5,94.4,1
6060,20240717,614,9,86.4,1
6061,20241226,768,5,97.7,1
6062,20260202,236,8,79.3,1
6063,20241227,498,6,95.2,1
6064,20250805,231,4,89.1,1
6065,20240118,633,7,89.6,1
6066,20251029,534,3,95.9,1
6067,20240117,495,9,92.4,1
6068,20240920,548,7,95.4,1
6069,20260102,667,1,90.2,1
6070,20250731,57,2,90.3,1
6071,20250222,220,2,84.1,1
6072,20251103,566,8,79.6,1
6073,20240919,561,10,92.9,1
6074,20241128,557,3,77.6,1
6075,20250424,592,2,82.5,1
6076,20230418,604,2,71.4,1
6077,20250313,648,8,83.9,1
6078,20230403,449,3,89.2,1
6079,20260625,122,7,99.6,1
6080,20230503,678,7,80.8,1
6081,20250803,798,4,97.4,1
6082,20240127,219,6,83.5,1
6083,20231126,266,10,92.8,1
6084,20241217,224,10,57.8,1
6085,20231203,195,10,93.4,1
6086,20241119,716,9,86.0,1
6087,20230725,579,9,94.3,1
6088,20260301,379,1,77.6,1
6089,20260118,396,6,64.6,1
6090,20240225,668,8,78.7,1
6091,20260608,52,4,98.0,1
6092,20250712,133,5,84.6,1
6093,20231223,247,9,85.3,1
6094,20250212,248,5,85.1,1
6095,20230725,301,5,78.8,1
6096,20230414,185,1,82.1,1
6097,20230522,550,6,93.9,1
6098,20231019,529,7,88.6,1
6099,20251220,137,3,92.1,1
6100,20260412,640,9,99.1,1
6101,20230801,709,7,98.6,1
6102,20251204,355,1,66.4,1
6103,20251104,8,7,90.9,1
6104,20240503,618,2,96.5,1
6105,20250621,95,1,71.2,1
6106,20240204,445,7,84.0,1
6107,20250806,385,1,95.4,1
6108,20231127,581,3,96.2,1
6109,20251105,775,2,86.0,1
6110,20241113,741,3,92.6,1
6111,20250703,328,3,87.0,1
6112,20250206,702,3,83.5,1
6113,20230207,629,10,95.9,1
6114,20230314,698,3,94.4,1
6115,20230126,289,2,89.7,1
6116,20251227,374,4,93.1,1
6117,20240922,116,5,88.4,1
6118,20260225,297,1,94.2,1
6119,20240107,670,10,93.1,1
6120,20230317,307,1,97.5,1
6121,20240613,1,3,97.7,1
6122,20230402,405,5,83.9,1
6123,20260409,758,1,69.4,1
6124,20240303,40,1,90.3,1
6125,20250127,668,3,73.2,1
6126,20250722,311,5,72.8,1
6127,20260621,464,6,83.8,1
6128,20230923,707,10,96.5,1
6129,20250605,94,10,83.5,1
6130,20231231,633,5,92.2,1
6131,20240201,433,3,89.2,1
6132,20240915,783,6,90.1,1
6133,20250104,163,8,91.6,1
6134,20240529,579,9,84.6,1
6135,20260111,272,6,87.6,1
6136,20260126,334,2,88.3,1
6137,20250228,772,6,87.1,1
6138,20230404,383,9,94.7,1
6139,20260124,748,8,96.0,1
6140,20240614,745,10,97.5,1
6141,20230801,6,5,66.8,1
6142,20240702,485,7,96.3,1
6143,20250802,275,5,93.0,1
6144,20230218,764,2,97.2,1
6145,20241226,252,8,82.1,1
6146,20230823,446,4,87.8,1
6147,20230807,66,2,93.6,1
6148,20251229,161,6,95.8,1
6149,20260607,655,6,93.9,1
6150,20251025,768,9,93.2,1
6151,20260329,35,9,99.7,1
6152,20241218,163,1,85.9,1
6153,20240617,563,8,88.1,1
6154,20260316,782,6,99.6,1
6155,20241130,635,8,93.6,1
6156,20240118,471,7,91.8,1
6157,20240526,154,8,97.4,1
6158,20260308,607,9,89.3,1
6159,20260626,737,2,63.0,1
6160,20251014,571,2,95.8,1
6161,20230309,572,8,97.0,1
6162,20250625,321,6,82.5,1
6163,20250721,610,4,76.2,1
6164,20230114,390,10,91.0,1
6165,20250406,647,4,83.0,1
6166,20230811,685,8,83.0,1
6167,20230314,795,10,96.1,1
6168,20240607,113,7,96.2,1
6169,20230811,45,9,92.6,1
6170,20230806,128,7,95.6,1
6171,20250912,121,1,74.9,1
6172,20250925,684,7,75.2,1
6173,20230722,33,9,82.5,1
6174,20260603,647,7,98.4,1
6175,20251231,33,7,79.7,1
6176,20230408,201,1,86.9,1
6177,20260628,685,5,78.0,1
6178,20250723,188,4,85.4,1
6179,20260608,189,7,78.2,1
6180,20251110,325,3,80.7,1
6181,20240508,110,10,90.0,1
6182,20230922,471,6,83.6,1
6183,20230801,536,5,96.9,1
6184,20230303,613,2,90.3,1
6185,20230827,77,3,95.2,1
6186,20230622,192,1,96.1,1
6187,20240716,459,10,94.9,1
6188,20260109,90,3,64.1,1
6189,20250223,532,1,99.9,1
6190,20240113,224,7,70.7,1
6191,20240519,308,6,92.6,1
6192,20240502,131,4,99.2,1
6193,20240322,340,8,96.1,1
6194,20250606,338,5,88.5,1
6195,20241022,185,9,85.8,1
6196,20230124,776,3,89.2,1
6197,20250918,82,9,98.3,1
6198,20250905,555,10,85.4,1
6199,20230124,289,6,93.0,1
6200,20230119,441,10,93.7,1
6201,20240609,306,4,88.3,1
6202,20240620,625,7,97.1,1
6203,20230104,362,4,99.3,1
6204,20260517,752,7,99.1,1
6205,20250607,64,5,83.0,1
6206,20231112,154,6,81.0,1
6207,20241120,573,5,86.2,1
6208,20250824,787,3,84.8,1
6209,20240424,394,7,93.7,1
6210,20250915,488,3,96.9,1
6211,20250323,308,1,90.2,1
6212,20240718,431,2,79.3,1
6213,20231012,364,3,88.5,1
6214,20251126,198,9,97.6,1
6215,20230120,17,6,92.5,1
6216,20251103,698,8,71.4,1
6217,20230325,353,8,94.6,1
6218,20230121,175,1,63.8,1
6219,20230720,436,1,93.1,1
6220,20250211,266,1,75.4,1
6221,20260202,227,1,92.6,1
6222,20231129,666,2,99.2,1
6223,20260125,422,2,65.9,1
6224,20251113,24,3,99.8,1
6225,20230221,511,6,94.0,1
6226,20230328,691,2,84.0,1
6227,20260107,800,5,86.9,1
6228,20250719,232,5,78.3,1
6229,20231109,18,9,93.7,1
6230,20240515,729,9,80.9,1
6231,20241022,241,6,78.5,1
6232,20250823,269,2,91.2,1
6233,20230811,494,8,90.2,1
6234,20230628,569,4,88.1,1
6235,20230531,787,2,85.6,1
6236,20240807,307,4,79.5,1
6237,20230411,296,1,91.7,1
6238,20230921,196,3,96.2,1
6239,20240412,647,8,70.8,1
6240,20241114,107,5,91.2,1
6241,20231030,467,10,92.7,1
6242,20260424,723,7,71.9,1
6243,20230730,504,9,94.9,1
6244,20240410,307,7,59.1,1
6245,20250708,440,6,89.8,1
6246,20241120,330,2,87.1,1
6247,20250701,305,6,70.1,1
6248,20240426,619,3,90.2,1
6249,20241125,232,1,93.7,1
6250,20240203,200,7,88.9,1
6251,20250216,52,7,95.6,1
6252,20230730,413,4,79.0,1
6253,20251219,247,9,81.9,1
6254,20250806,571,6,95.5,1
6255,20240123,150,3,95.4,1
6256,20250817,258,9,98.3,1
6257,20250420,80,5,95.9,1
6258,20231006,564,10,95.6,1
6259,20240705,462,3,92.8,1
6260,20231023,341,3,82.3,1
6261,20241214,83,7,98.6,1
6262,20230517,209,4,70.4,1
6263,20240220,726,1,89.4,1
6264,20260226,27,1,97.1,1
6265,20241205,59,4,86.6,1
6266,20240626,737,5,82.5,1
6267,20230222,182,9,99.7,1
6268,20230412,433,9,91.4,1
6269,20250107,227,3,65.3,1
6270,20230314,341,10,72.1,1
6271,20250329,21,6,76.7,1
6272,20240622,478,10,98.0,1
6273,20260605,619,2,89.9,1
6274,20240220,785,1,87.2,1
6275,20251113,666,4,97.7,1
6276,20250920,48,10,79.3,1
6277,20260520,662,2,89.6,1
6278,20250323,418,8,95.3,1
6279,20231109,505,4,63.8,1
6280,20240927,311,8,92.0,1
6281,20240217,314,9,73.0,1
6282,20260406,343,10,85.1,1
6283,20241126,632,9,98.3,1
6284,20230521,365,1,99.8,1
6285,20240821,265,4,99.0,1
6286,20240820,150,1,94.3,1
6287,20250827,665,3,56.8,1
6288,20240925,429,5,88.6,1
6289,20230106,163,1,93.4,1
6290,20250809,216,1,88.8,1
6291,20241223,616,3,77.6,1
6292,20260207,67,1,78.5,1
6293,20260328,106,9,89.2,1
6294,20250923,97,9,83.9,1
6295,20251125,784,8,99.9,1
6296,20251012,711,2,91.8,1
6297,20251106,779,1,70.8,1
6298,20260529,123,8,99.3,1
6299,20260428,775,6,85.4,1
6300,20251128,296,9,83.1,1
6301,20250917,246,2,75.9,1
6302,20240525,5,4,97.1,1
6303,20240813,579,2,68.1,1
6304,20251110,555,3,83.7,1
6305,20230125,769,1,90.8,1
6306,20260319,654,4,99.5,1
6307,20230224,163,4,50.0,1
6308,20240803,58,10,58.1,1
6309,20240307,495,9,77.6,1
6310,20250130,609,5,98.1,1
6311,20250807,196,6,74.7,1
6312,20250505,45,3,63.3,1
6313,20230807,365,5,91.5,1
6314,20230617,271,2,93.6,1
6315,20250203,263,5,81.8,1
6316,20240823,408,7,81.4,1
6317,20260104,5,8,84.0,1
6318,20260413,239,10,82.9,1
6319,20240501,393,6,99.3,1
6320,20250315,121,10,78.9,1
6321,20251229,651,4,87.0,1
6322,20250327,706,7,92.5,1
6323,20250407,85,3,84.5,1
6324,20250323,668,3,93.7,1
6325,20240821,478,10,46.4,1
6326,20250326,591,7,96.2,1
6327,20251022,397,9,92.3,1
6328,20250518,12,6,96.6,1
6329,20240319,190,7,99.8,1
6330,20240830,783,9,100.0,1
6331,20240224,7,1,96.3,1
6332,20240312,272,1,76.7,1
6333,20240627,332,1,99.1,1
6334,20241028,463,7,83.0,1
6335,20230128,716,1,65.2,1
6336,20230120,494,6,96.4,1
6337,20231223,384,10,81.3,1
6338,20250618,323,5,96.2,1
6339,20250127,271,8,68.5,1
6340,20230530,420,3,92.5,1
6341,20230617,306,6,97.6,1
6342,20250618,395,4,77.9,1
6343,20250105,745,2,67.7,1
6344,20260105,72,5,65.9,1
6345,20250826,170,5,89.6,1
6346,20240820,231,5,84.8,1
6347,20260511,672,8,88.9,1
6348,20260617,67,2,59.4,1
6349,20240207,616,1,96.5,1
6350,20240512,76,9,86.5,1
6351,20250817,47,5,98.8,1
6352,20230224,110,1,92.5,1
6353,20260329,611,6,93.6,1
6354,20250303,566,3,89.9,1
6355,20251102,426,9,91.6,1
6356,20250903,328,1,94.1,1
6357,20230223,120,6,97.4,1
6358,20260125,412,9,94.5,1
6359,20241030,80,2,97.0,1
6360,20250705,128,10,97.6,1
6361,20240725,96,2,80.7,1
6362,20250519,350,10,94.6,1
6363,20251102,606,6,87.0,1
6364,20260617,697,5,96.8,1
6365,20250113,780,5,86.1,1
6366,20240927,564,6,87.0,1
6367,20251123,7,4,89.6,1
6368,20230106,613,8,94.6,1
6369,20250301,385,8,70.7,1
6370,20250629,39,1,78.9,1
6371,20230121,665,6,95.4,1
6372,20260630,96,3,98.6,1
6373,20240531,295,4,90.8,1
6374,20250604,320,8,91.1,1
6375,20230825,290,8,98.4,1
6376,20250717,625,6,88.4,1
6377,20250113,188,3,79.4,1
6378,20230516,762,8,93.9,1
6379,20260501,375,1,88.5,1
6380,20260423,249,8,84.9,1
6381,20231204,523,6,89.9,1
6382,20231008,623,9,65.8,1
6383,20241020,565,9,85.2,1
6384,20250907,127,5,45.3,1
6385,20251129,444,3,88.2,1
6386,20260612,214,1,83.8,1
6387,20230521,484,10,82.6,1
6388,20241116,719,8,87.5,1
6389,20241109,502,2,97.6,1
6390,20250703,477,7,97.3,1
6391,20251102,187,5,81.7,1
6392,20240102,317,10,93.3,1
6393,20230629,535,10,92.2,1
6394,20260429,549,5,95.0,1
6395,20240613,406,10,95.0,1
6396,20230118,219,10,46.6,1
6397,20250308,683,3,91.2,1
6398,20251123,345,9,97.8,1
6399,20230209,776,5,94.8,1
6400,20250919,68,6,62.0,1
6401,20260419,177,9,87.0,1
6402,20230309,101,3,87.1,1
6403,20230409,514,5,95.1,1
6404,20251217,554,1,96.8,1
6405,20230101,438,7,85.6,1
6406,20230305,306,10,87.2,1
6407,20251205,418,9,97.8,1
6408,20240125,49,1,90.9,1
6409,20260224,222,10,94.2,1
6410,20240425,712,4,83.1,1
6411,20230128,711,8,99.3,1
6412,20250307,314,2,48.1,1
6413,20250608,727,10,83.4,1
6414,20231225,41,8,92.3,1
6415,20260429,656,2,75.3,1
6416,20231005,788,2,94.0,1
6417,20260614,384,7,90.7,1
6418,20241010,547,7,96.6,1
6419,20241127,590,9,85.6,1
6420,20251108,224,9,94.0,1
6421,20240511,527,9,65.2,1
6422,20240102,720,10,76.4,1
6423,20231018,292,1,92.3,1
6424,20240803,341,10,81.0,1
6425,20250602,425,8,93.1,1
6426,20240713,170,10,92.7,1
6427,20250211,592,1,97.4,1
6428,20240724,283,7,95.9,1
6429,20260213,234,1,93.9,1
6430,20260515,413,8,97.7,1
6431,20241028,493,5,98.4,1
6432,20241111,372,1,93.1,1
6433,20231226,436,6,75.8,1
6434,20260311,660,5,72.9,1
6435,20231031,254,4,98.3,1
6436,20240713,520,2,86.0,1
6437,20230224,574,3,66.4,1
6438,20251002,584,9,88.4,1
6439,20240412,732,2,82.5,1
6440,20230317,550,4,70.2,1
6441,20240628,370,1,90.3,1
6442,20251117,744,10,71.7,1
6443,20260215,399,9,97.4,1
6444,20260129,228,5,87.2,1
6445,20251212,268,1,93.1,1
6446,20240831,276,4,80.7,1
6447,20230906,642,3,66.7,1
6448,20250726,619,7,94.4,1
6449,20231007,558,10,93.8,1
6450,20250923,650,6,89.7,1
6451,20231122,375,4,89.4,1
6452,20251016,99,7,88.4,1
6453,20250201,760,8,90.6,1
6454,20250904,628,1,82.7,1
6455,20250723,580,8,86.4,1
6456,20250225,582,5,86.0,1
6457,20240116,206,2,61.3,1
6458,20230509,400,1,89.8,1
6459,20260419,462,1,97.9,1
6460,20241104,81,4,87.8,1
6461,20230714,525,7,98.5,1
6462,20230424,195,10,95.1,1
6463,20251226,531,1,93.5,1
6464,20260505,291,3,76.6,1
6465,20230804,29,7,91.6,1
6466,20230504,520,5,98.1,1
6467,20240924,686,9,95.5,1
6468,20230518,21,9,81.9,1
6469,20250527,182,10,90.1,1
6470,20241229,349,7,97.4,1
6471,20260326,624,5,99.7,1
6472,20230218,215,3,90.2,1
6473,20231029,277,10,96.5,1
6474,20241117,303,2,85.8,1
6475,20260305,328,1,94.2,1
6476,20241207,54,1,92.6,1
6477,20260611,87,6,96.0,1
6478,20241102,662,7,89.0,1
6479,20250715,684,5,91.6,1
6480,20230227,119,7,93.0,1
6481,20250612,672,3,84.8,1
6482,20231105,704,8,91.9,1
6483,20250901,354,6,92.7,1
6484,20260427,173,2,85.7,1
6485,20231102,605,4,93.4,1
6486,20260523,321,6,90.2,1
6487,20260613,279,8,82.5,1
6488,20230912,777,4,92.8,1
6489,20230108,564,5,95.0,1
6490,20240816,610,9,96.6,1
6491,20250201,730,7,94.8,1
6492,20250906,768,7,93.7,1
6493,20230620,513,2,97.0,1
6494,20251221,275,1,91.9,1
6495,20250202,787,4,90.3,1
6496,20230126,58,3,98.6,1
6497,20240630,521,5,81.6,1
6498,20251115,707,8,89.0,1
6499,20240420,433,10,90.2,1
6500,20230513,331,8,93.7,1
6501,20231110,775,3,94.8,1
6502,20241125,258,3,94.4,1
6503,20241101,35,5,75.5,1
6504,20230113,552,8,94.8,1
6505,20251104,297,8,92.7,1
6506,20240909,331,9,63.6,1
6507,20240305,495,10,87.9,1
6508,20251210,333,6,97.9,1
6509,20251217,16,4,98.7,1
6510,20230406,242,6,93.7,1
6511,20230924,459,7,71.7,1
6512,20240904,571,6,59.0,1
6513,20250514,170,3,99.1,1
6514,20250807,632,1,84.2,1
6515,20230520,559,3,91.5,1
6516,20231117,408,4,87.6,1
6517,20250908,543,7,97.4,1
6518,20250127,388,9,94.8,1
6519,20260530,10,5,67.2,1
6520,20241108,438,3,92.7,1
6521,20240825,319,9,73.2,1
6522,20231111,339,1,93.8,1
6523,20250815,610,5,74.9,1
6524,20250224,269,1,92.3,1
6525,20251203,686,10,86.3,1
6526,20230106,592,3,92.8,1
6527,20240529,517,6,99.6,1
6528,20241203,511,5,97.3,1
6529,20240602,542,9,89.2,1
6530,20241004,165,9,74.8,1
6531,20230827,733,9,93.2,1
6532,20240518,129,5,95.5,1
6533,20250415,768,2,91.1,1
6534,20230820,606,9,81.0,1
6535,20250718,404,3,80.4,1
6536,20250415,53,1,88.4,1
6537,20260609,293,4,82.5,1
6538,20230116,182,9,97.8,1
6539,20251007,757,4,99.1,1
6540,20230227,100,8,99.7,1
6541,20241211,753,4,75.9,1
6542,20250204,732,9,88.4,1
6543,20251012,233,10,94.8,1
6544,20231225,294,10,87.1,1
6545,20231230,530,4,87.2,1
6546,20230124,285,8,91.8,1
6547,20260124,572,10,81.0,1
6548,20251115,6,2,79.3,1
6549,20260330,52,5,85.8,1
6550,20250405,62,5,95.7,1
6551,20250704,363,3,92.3,1
6552,20260120,701,1,89.2,1
6553,20241003,707,9,74.7,1
6554,20240205,101,4,74.7,1
6555,20250403,30,7,78.3,1
6556,20250114,359,3,91.1,1
6557,20260607,246,2,97.4,1
6558,20251218,571,2,99.9,1
6559,20251123,94,9,98.7,1
6560,20240312,59,1,80.0,1
6561,20241206,337,4,82.9,1
6562,20250503,553,5,92.8,1
6563,20240216,310,10,71.6,1
6564,20240414,314,4,87.3,1
6565,20230722,418,8,97.8,1
6566,20240503,634,10,97.2,1
6567,20230330,415,2,93.3,1
6568,20240928,520,7,84.3,1
6569,20240126,459,2,99.3,1
6570,20240301,412,4,85.1,1
6571,20240827,381,2,99.3,1
6572,20230526,550,4,93.1,1
6573,20240329,646,1,87.9,1
6574,20240415,729,7,79.4,1
6575,20251208,61,9,63.0,1
6576,20250911,129,9,87.7,1
6577,20230628,630,10,83.9,1
6578,20241223,38,9,97.1,1
6579,20250918,778,9,95.4,1
6580,20240218,664,6,83.3,1
6581,20260604,459,7,96.8,1
6582,20240223,42,1,92.2,1
6583,20240919,480,1,81.7,1
6584,20260617,604,7,98.7,1
6585,20240130,315,5,92.5,1
6586,20250625,278,7,92.4,1
6587,20241010,174,8,98.2,1
6588,20241105,610,7,76.4,1
6589,20251211,279,2,98.1,1
6590,20240328,438,5,73.0,1
6591,20260521,607,9,86.3,1
6592,20240328,197,5,88.5,1
6593,20250608,297,1,89.2,1
6594,20250211,142,7,93.4,1
6595,20250320,146,7,77.4,1
6596,20240925,409,2,95.1,1
6597,20241206,257,9,91.6,1
6598,20250920,664,7,97.1,1
6599,20251222,253,2,94.5,1
6600,20250304,148,1,53.9,1
6601,20240518,769,2,79.2,1
6602,20260131,316,9,81.4,1
6603,20260605,116,2,91.0,1
6604,20231102,271,10,96.6,1
6605,20230304,728,10,80.1,1
6606,20230124,5,3,69.0,1
6607,20230319,775,10,64.8,1
6608,20230225,302,1,96.0,1
6609,20250406,104,10,83.5,1
6610,20241123,5,9,98.3,1
6611,20260415,30,3,76.7,1
6612,20240622,182,4,90.9,1
6613,20230915,287,3,95.2,1
6614,20250216,94,2,93.7,1
6615,20240829,201,2,98.3,1
6616,20250610,571,9,82.9,1
6617,20250901,235,8,81.8,1
6618,20230927,143,4,99.1,1
6619,20241001,719,3,93.4,1
6620,20241221,598,1,73.6,1
6621,20250421,540,10,69.2,1
6622,20250409,766,4,90.7,1
6623,20260313,43,5,94.4,1
6624,20250106,368,3,85.3,1
6625,20230702,18,3,84.5,1
6626,20251108,374,7,96.6,1
6627,20260630,14,6,95.7,1
6628,20260107,97,10,83.6,1
6629,20230617,415,4,96.1,1
6630,20260222,293,8,95.0,1
6631,20230423,250,7,93.0,1
6632,20251017,304,3,78.0,1
6633,20241123,450,1,84.8,1
6634,20230105,394,2,96.3,1
6635,20251013,245,9,90.5,1
6636,20260203,345,7,95.0,1
6637,20250907,174,9,89.5,1
6638,20240510,251,7,92.6,1
6639,20250629,410,4,83.4,1
6640,20250506,119,8,90.3,1
6641,20230129,437,7,88.2,1
6642,20260210,746,5,97.3,1
6643,20231227,103,5,86.5,1
6644,20230201,430,7,83.7,1
6645,20230901,440,4,72.3,1
6646,20240224,162,4,81.8,1
6647,20240110,180,2,94.0,1
6648,20250613,709,9,98.4,1
6649,20260417,338,4,86.8,1
6650,20230805,296,9,87.1,1
6651,20231109,654,10,84.7,1
6652,20240418,185,5,90.7,1
6653,20251120,786,2,95.1,1
6654,20240516,514,6,81.1,1
6655,20230714,53,10,79.8,1
6656,20250411,260,5,76.7,1
6657,20231120,178,7,94.3,1
6658,20230530,184,10,90.9,1
6659,20230116,730,8,93.6,1
6660,20251022,18,5,68.0,1
6661,20250208,95,1,94.3,1
6662,20240821,383,1,90.3,1
6663,20251105,279,8,71.3,1
6664,20240906,408,3,94.2,1
6665,20250401,479,10,94.7,1
6666,20231021,52,10,87.3,1
6667,20250227,783,10,95.1,1
6668,20230516,291,10,93.7,1
6669,20250326,264,4,97.2,1
6670,20250213,502,3,80.7,1
6671,20251021,162,10,88.1,1
6672,20250110,515,7,92.4,1
6673,20251105,331,3,70.2,1
6674,20240206,271,6,96.7,1
6675,20250926,559,4,99.1,1
6676,20250915,602,10,94.8,1
6677,20250924,168,8,95.8,1
6678,20231230,490,2,83.8,1
6679,20230930,155,4,92.7,1
6680,20250928,34,10,70.0,1
6681,20230617,54,8,82.5,1
6682,20240113,782,10,86.3,1
6683,20241014,615,8,66.1,1
6684,20230611,17,7,96.2,1
6685,20230113,266,6,98.6,1
6686,20251217,776,3,82.4,1
6687,20240726,398,4,96.4,1
6688,20230404,501,7,94.5,1
6689,20241214,749,7,94.6,1
6690,20240324,781,6,83.3,1
6691,20230322,381,3,88.4,1
6692,20260305,46,5,75.9,1
6693,20260417,490,5,88.8,1
6694,20250723,42,5,92.0,1
6695,20260619,402,8,77.1,1
6696,20230528,551,4,45.2,1
6697,20230917,144,5,94.2,1
6698,20251215,254,3,96.3,1
6699,20230407,389,8,95.2,1
6700,20250922,753,3,80.6,1
6701,20260610,599,3,62.4,1
6702,20240208,446,8,78.0,1
6703,20241007,309,4,95.7,1
6704,20230602,684,1,69.2,1
6705,20240227,112,7,96.9,1
6706,20231126,500,2,99.0,1
6707,20230907,506,3,98.3,1
6708,20250422,481,3,90.5,1
6709,20240725,702,9,91.7,1
6710,20240924,256,5,92.5,1
6711,20230604,614,2,88.5,1
6712,20250428,592,4,95.4,1
6713,20260424,468,2,97.9,1
6714,20241226,262,7,87.8,1
6715,20230828,249,1,86.7,1
6716,20250726,668,5,94.2,1
6717,20240827,229,7,84.0,1
6718,20251203,339,7,88.8,1
6719,20240311,526,2,90.4,1
6720,20230722,756,1,89.0,1
6721,20231207,534,6,74.0,1
6722,20240105,26,2,92.9,1
6723,20230711,500,7,82.3,1
6724,20240304,713,3,78.8,1
6725,20240218,485,9,95.6,1
6726,20241207,283,1,89.2,1
6727,20250725,317,5,98.4,1
6728,20250615,694,1,88.3,1
6729,20231012,712,7,80.8,1
6730,20250531,383,7,90.7,1
6731,20241204,27,4,80.8,1
6732,20260103,377,9,97.4,1
6733,20240711,394,6,96.3,1
6734,20231129,134,1,58.8,1
6735,20240113,38,4,89.9,1
6736,20231019,617,7,91.0,1
6737,20251102,638,6,91.7,1
6738,20250220,501,8,66.6,1
6739,20240820,304,10,92.3,1
6740,20250910,276,10,81.5,1
6741,20240825,578,2,96.1,1
6742,20240519,176,6,94.1,1
6743,20250212,440,10,88.6,1
6744,20240410,153,8,96.8,1
6745,20231110,353,3,97.6,1
6746,20231213,728,4,91.1,1
6747,20241123,509,3,92.3,1
6748,20250729,522,2,88.0,1
6749,20250606,446,6,95.6,1
6750,20240521,503,2,82.9,1
6751,20231016,702,1,89.7,1
6752,20250328,329,10,91.8,1
6753,20251105,622,8,89.9,1
6754,20251001,301,5,94.0,1
6755,20240320,651,7,97.7,1
6756,20240409,615,8,97.0,1
6757,20250727,557,7,80.2,1
6758,20230715,347,3,97.4,1
6759,20250406,118,2,94.7,1
6760,20230428,424,2,97.8,1
6761,20240104,775,10,53.5,1
6762,20250301,129,7,64.5,1
6763,20231025,698,3,94.3,1
6764,20240701,527,6,86.8,1
6765,20241204,432,8,91.2,1
6766,20240318,354,2,99.3,1
6767,20250216,228,9,94.8,1
6768,20240301,293,4,89.8,1
6769,20260219,597,10,98.9,1
6770,20231222,768,8,98.7,1
6771,20250711,168,5,97.0,1
6772,20230521,123,6,97.5,1
6773,20241008,42,9,81.2,1
6774,20260206,38,2,88.8,1
6775,20230222,800,8,79.0,1
6776,20240608,508,6,84.2,1
6777,20250207,663,10,97.3,1
6778,20260626,435,10,94.8,1
6779,20250109,264,4,87.1,1
6780,20230616,501,2,87.5,1
6781,20250321,433,2,99.2,1
6782,20230106,737,8,62.5,1
6783,20230309,662,6,92.6,1
6784,20240207,361,1,94.4,1
6785,20240812,408,9,76.5,1
6786,20241210,29,6,77.1,1
6787,20251013,305,4,80.2,1
6788,20240309,194,2,95.1,1
6789,20251219,427,4,92.5,1
6790,20250131,265,6,71.1,1
6791,20241020,380,7,61.1,1
6792,20230714,732,5,96.4,1
6793,20240902,618,10,99.3,1
6794,20250120,471,7,77.4,1
6795,20250625,543,8,93.6,1
6796,20250419,238,5,91.7,1
6797,20230329,742,3,83.2,1
6798,20240324,60,8,95.8,1
6799,20260122,592,3,85.3,1
6800,20241110,457,2,77.8,1
6801,20240226,598,2,90.6,1
6802,20230503,500,9,58.5,1
6803,20260617,587,3,96.4,1
6804,20240225,79,4,63.3,1
6805,20240122,552,2,99.1,1
6806,20251216,307,8,82.9,1
6807,20230928,162,2,70.0,1
6808,20250408,455,3,94.8,1
6809,20250516,43,6,99.1,1
6810,20230211,127,6,97.5,1
6811,20240714,38,6,67.4,1
6812,20240408,426,3,71.7,1
6813,20260124,578,5,90.4,1
6814,20250603,29,1,94.6,1
6815,20230816,518,7,94.1,1
6816,20240114,504,8,95.1,1
6817,20240220,290,1,92.2,1
6818,20230614,478,8,94.8,1
6819,20240512,395,4,81.3,1
6820,20230326,783,1,99.2,1
6821,20230816,348,8,80.3,1
6822,20230616,743,1,88.4,1
6823,20250124,313,4,95.9,1
6824,20230701,96,5,91.4,1
6825,20231005,238,7,96.3,1
6826,20240118,157,7,90.9,1
6827,20231212,81,10,83.5,1
6828,20250606,426,6,98.6,1
6829,20250301,612,4,96.6,1
6830,20250915,522,2,91.6,1
6831,20251112,784,7,94.8,1
6832,20240101,166,10,92.6,1
6833,20240324,34,3,89.7,1
6834,20250201,101,5,92.9,1
6835,20230906,752,4,85.3,1
6836,20231001,15,6,90.2,1
6837,20230527,543,3,88.6,1
6838,20230825,716,10,87.6,1
6839,20250723,161,3,62.7,1
6840,20240209,757,8,95.8,1
6841,20260302,667,4,66.3,1
6842,20241026,141,4,79.5,1
6843,20260505,551,1,86.8,1
6844,20241125,798,5,95.2,1
6845,20260408,535,6,80.5,1
6846,20260109,714,8,45.0,1
6847,20250406,351,2,99.1,1
6848,20230610,520,10,95.7,1
6849,20250206,479,5,78.5,1
6850,20230825,523,2,95.2,1
6851,20231211,87,9,87.3,1
6852,20250728,506,7,95.4,1
6853,20250404,697,2,85.4,1
6854,20230814,425,4,98.3,1
6855,20251219,488,7,96.0,1
6856,20260128,137,10,92.4,1
6857,20241212,646,9,94.2,1
6858,20231004,651,9,92.8,1
6859,20230523,683,1,99.4,1
6860,20230718,43,7,94.8,1
6861,20250314,680,3,82.7,1
6862,20230507,748,2,97.3,1
6863,20240813,619,2,94.5,1
6864,20251224,281,9,95.0,1
6865,20260406,77,6,92.7,1
6866,20240704,635,8,94.6,1
6867,20260421,295,3,72.7,1
6868,20231127,38,1,95.0,1
6869,20240618,752,1,86.9,1
6870,20241121,170,3,91.7,1
6871,20240116,553,1,94.7,1
6872,20240109,774,10,69.4,1
6873,20230510,647,4,89.4,1
6874,20251230,639,2,73.9,1
6875,20251110,306,8,88.9,1
6876,20240612,415,10,76.3,1
6877,20260411,409,10,79.3,1
6878,20240910,319,1,85.6,1
6879,20230828,799,5,91.1,1
6880,20250705,64,9,84.5,1
6881,20241108,48,2,92.3,1
6882,20260611,673,6,89.4,1
6883,20250628,284,9,76.7,1
6884,20260521,730,4,94.6,1
6885,20250503,123,5,69.5,1
6886,20250328,777,9,96.0,1
6887,20240625,524,4,95.7,1
6888,20230525,543,5,89.9,1
6889,20260327,438,9,95.2,1
6890,20251114,314,10,83.7,1
6891,20250313,532,4,94.4,1
6892,20240108,508,10,92.8,1
6893,20250320,89,8,88.7,1
6894,20240209,425,5,91.7,1
6895,20250513,33,1,91.1,1
6896,20230625,428,1,50.4,1
6897,20240316,631,10,88.0,1
6898,20230614,226,10,96.8,1
6899,20240328,616,5,78.5,1
6900,20231106,727,8,97.8,1
6901,20251014,16,9,82.9,1
6902,20230820,328,6,82.3,1
6903,20240125,762,6,93.2,1
6904,20240102,505,8,97.6,1
6905,20250815,407,6,95.2,1
6906,20250201,1,1,97.0,1
6907,20241024,388,2,98.7,1
6908,20231214,767,10,83.3,1
6909,20260119,485,7,99.4,1
6910,20240102,419,1,83.3,1
6911,20230306,63,4,83.2,1
6912,20251226,275,1,98.5,1
6913,20241118,720,5,81.4,1
6914,20230909,320,9,71.5,1
6915,20250329,66,2,95.6,1
6916,20231008,1,3,88.2,1
6917,20240728,481,5,89.1,1
6918,20260505,265,6,98.5,1
6919,20250423,710,1,99.4,1
6920,20251220,700,10,92.8,1
6921,20230516,462,2,87.3,1
6922,20251220,177,5,91.6,1
6923,20230409,387,5,57.3,1
6924,20241113,100,3,95.4,1
6925,20230721,148,5,86.4,1
6926,20231031,696,1,94.2,1
6927,20230715,9,1,99.8,1
6928,20241012,728,10,86.1,1
6929,20250205,196,5,68.3,1
6930,20231017,319,10,75.5,1
6931,20231230,153,5,97.0,1
6932,20230113,480,4,67.0,1
6933,20241012,713,8,87.3,1
6934,20231103,183,5,87.9,1
6935,20250611,526,5,97.2,1
6936,20260314,79,6,82.9,1
6937,20240209,478,8,85.4,1
6938,20230220,789,10,98.7,1
6939,20251028,108,1,91.3,1
6940,20241205,631,10,78.3,1
6941,20260105,636,8,90.3,1
6942,20250411,174,6,96.3,1
6943,20231129,515,9,87.6,1
6944,20230630,453,8,80.7,1
6945,20230511,87,5,90.1,1
6946,20260322,27,6,88.6,1
6947,20250925,29,10,84.9,1
6948,20251209,213,2,97.1,1
6949,20230819,382,1,93.6,1
6950,20241018,759,9,72.7,1
6951,20230205,773,5,93.7,1
6952,20240725,163,8,89.7,1
6953,20250420,339,8,95.5,1
6954,20250815,381,5,78.0,1
6955,20240601,79,2,87.3,1
6956,20230710,231,8,96.3,1
6957,20240913,646,1,85.1,1
6958,20241115,199,4,90.3,1
6959,20240919,791,1,93.3,1
6960,20260509,121,5,96.3,1
6961,20230414,535,5,85.0,1
6962,20251208,362,8,90.7,1
6963,20230126,112,1,99.0,1
6964,20250208,444,6,95.0,1
6965,20250512,25,7,92.4,1
6966,20240613,40,3,98.0,1
6967,20231230,11,2,85.4,1
6968,20250531,293,5,84.6,1
6969,20230420,263,5,91.3,1
6970,20250405,98,7,73.3,1
6971,20240417,410,9,84.4,1
6972,20260528,697,10,95.7,1
6973,20260103,540,10,96.4,1
6974,20230404,488,2,88.0,1
6975,20230120,699,3,90.7,1
6976,20240916,512,4,85.6,1
6977,20260503,347,10,69.9,1
6978,20230625,200,1,94.8,1
6979,20230527,593,2,88.1,1
6980,20240204,463,3,70.2,1
6981,20241108,308,10,89.4,1
6982,20240713,151,5,96.0,1
6983,20251216,307,5,99.3,1
6984,20260314,40,7,95.9,1
6985,20231121,94,5,84.4,1
6986,20241128,446,7,90.2,1
6987,20250329,180,7,96.9,1
6988,20241025,609,7,91.8,1
6989,20240828,272,3,85.9,1
6990,20260412,566,2,93.0,1
6991,20231129,749,1,85.2,1
6992,20250921,90,1,86.1,1
6993,20251203,377,3,89.1,1
6994,20230406,379,3,89.5,1
6995,20240323,21,9,85.0,1
6996,20260620,223,3,71.8,1
6997,20260222,78,4,94.4,1
6998,20230301,147,8,99.0,1
6999,20241227,642,9,90.3,1
7000,20250510,36,10,91.4,1
7001,20230221,157,7,92.9,1
7002,20260529,793,8,98.7,1
7003,20241007,689,6,90.7,1
7004,20251012,799,9,93.5,1
7005,20241212,150,4,93.4,1
7006,20250504,391,7,93.5,1
7007,20260102,402,5,91.4,1
7008,20260414,798,2,80.1,1
7009,20230112,719,7,90.5,1
7010,20230601,733,10,92.4,1
7011,20260408,46,3,80.2,1
7012,20231211,132,9,93.7,1
7013,20241114,459,1,100.0,1
7014,20260613,657,10,82.1,1
7015,20241014,766,5,94.9,1
7016,20230822,501,1,87.2,1
7017,20230727,206,7,99.7,1
7018,20240602,494,3,93.5,1
7019,20230215,621,7,96.0,1
7020,20230508,107,8,67.7,1
7021,20240614,38,7,79.5,1
7022,20230909,655,6,96.5,1
7023,20260101,785,3,96.9,1
7024,20240413,90,7,96.1,1
7025,20251014,67,5,97.4,1
7026,20251003,161,9,70.5,1
7027,20230109,247,7,91.8,1
7028,20250814,105,6,80.4,1
7029,20230801,647,6,84.0,1
7030,20241124,691,1,96.7,1
7031,20250723,46,5,99.5,1
7032,20230807,620,2,99.1,1
7033,20230923,267,9,78.1,1
7034,20250110,790,10,82.5,1
7035,20240606,771,6,96.0,1
7036,20251229,338,7,91.9,1
7037,20260413,13,4,86.5,1
7038,20250107,617,10,86.6,1
7039,20240125,640,8,99.7,1
7040,20241202,263,2,74.0,1
7041,20241218,652,6,83.6,1
7042,20251223,380,7,90.6,1
7043,20250821,353,9,85.8,1
7044,20260130,404,3,88.7,1
7045,20250518,241,2,95.8,1
7046,20250628,788,1,97.7,1
7047,20251231,163,6,65.3,1
7048,20240902,379,6,88.1,1
7049,20240703,204,5,79.6,1
7050,20240326,776,10,94.3,1
7051,20250712,301,8,94.8,1
7052,20241022,165,1,79.0,1
7053,20231223,589,4,98.3,1
7054,20250724,557,6,96.6,1
7055,20231119,364,9,83.9,1
7056,20240718,4,7,89.8,1
7057,20240425,505,7,75.9,1
7058,20250327,739,3,99.8,1
7059,20230226,423,9,94.1,1
7060,20260109,240,7,92.4,1
7061,20240404,446,4,69.1,1
7062,20230220,411,4,59.5,1
7063,20230207,163,5,96.1,1
7064,20250223,58,1,97.0,1
7065,20251130,103,6,99.1,1
7066,20260528,476,3,96.9,1
7067,20240919,698,7,90.0,1
7068,20231230,768,6,83.7,1
7069,20230720,342,8,93.4,1
7070,20230716,366,1,87.7,1
7071,20240423,738,9,88.7,1
7072,20230307,288,10,90.4,1
7073,20231021,726,5,97.3,1
7074,20260530,163,2,95.3,1
7075,20230722,694,6,97.7,1
7076,20231106,551,1,98.6,1
7077,20250418,513,3,88.3,1
7078,20230620,420,10,98.5,1
7079,20231124,390,4,95.2,1
7080,20230531,361,3,89.9,1
7081,20230901,548,1,97.4,1
7082,20250310,663,4,97.9,1
7083,20240413,24,7,95.1,1
7084,20231107,83,1,88.1,1
7085,20250307,377,6,93.4,1
7086,20231110,454,6,93.0,1
7087,20250106,226,1,87.1,1
7088,20230723,188,2,96.4,1
7089,20250313,231,2,88.3,1
7090,20260518,514,3,98.1,1
7091,20240429,27,4,72.1,1
7092,20240917,581,9,92.7,1
7093,20250526,619,5,91.8,1
7094,20230821,60,6,98.5,1
7095,20240305,85,9,97.7,1
7096,20250329,420,6,86.2,1
7097,20260414,54,9,86.8,1
7098,20230420,287,1,73.4,1
7099,20250510,513,8,63.4,1
7100,20230921,359,6,88.5,1
7101,20240827,730,4,94.0,1
7102,20231031,415,1,81.5,1
7103,20230629,57,6,78.5,1
7104,20250203,782,7,83.2,1
7105,20230605,709,4,98.2,1
7106,20240104,86,1,94.0,1
7107,20250104,192,2,91.4,1
7108,20250625,704,6,93.4,1
7109,20260206,86,5,97.6,1
7110,20230501,17,10,67.3,1
7111,20251214,430,1,86.0,1
7112,20260606,310,9,83.2,1
7113,20250304,788,6,77.0,1
7114,20250225,353,10,90.2,1
7115,20240522,509,2,84.6,1
7116,20250406,296,7,98.7,1
7117,20230305,272,9,85.6,1
7118,20251124,172,2,79.6,1
7119,20240907,547,6,77.8,1
7120,20250130,101,1,76.2,1
7121,20250213,617,6,72.7,1
7122,20230303,696,5,69.3,1
7123,20230509,491,7,96.4,1
7124,20241010,154,8,90.7,1
7125,20251127,321,8,71.8,1
7126,20230421,613,5,86.1,1
7127,20230114,96,4,75.3,1
7128,20241128,304,6,81.3,1
7129,20240514,439,2,80.8,1
7130,20241120,252,1,92.0,1
7131,20250916,520,1,89.7,1
7132,20240429,706,4,90.7,1
7133,20240212,124,10,96.2,1
7134,20260407,698,6,72.8,1
7135,20230625,738,2,92.4,1
7136,20250226,522,10,92.9,1
7137,20250918,204,6,92.4,1
7138,20240722,145,2,91.7,1
7139,20260223,213,5,88.9,1
7140,20240930,192,1,99.1,1
7141,20250228,260,4,94.6,1
7142,20240524,573,2,89.8,1
7143,20250219,397,9,89.9,1
7144,20240125,364,6,95.1,1
7145,20240328,716,6,87.1,1
7146,20240614,80,10,86.6,1
7147,20250614,612,3,82.3,1
7148,20240905,439,4,89.6,1
7149,20230525,305,8,96.6,1
7150,20230912,232,6,96.7,1
7151,20240211,486,7,98.3,1
7152,20231215,352,9,98.6,1
7153,20240930,141,7,55.1,1
7154,20240220,751,10,93.3,1
7155,20231030,511,4,86.8,1
7156,20230727,685,5,89.6,1
7157,20260314,669,6,87.1,1
7158,20260323,638,9,97.4,1
7159,20250519,526,4,96.2,1
7160,20250728,95,5,98.0,1
7161,20231023,429,2,96.6,1
7162,20250513,52,5,97.0,1
7163,20250217,52,6,97.8,1
7164,20240319,495,4,95.8,1
7165,20250222,196,6,89.7,1
7166,20240117,656,6,97.5,1
7167,20230129,147,4,91.5,1
7168,20260122,294,10,90.4,1
7169,20251128,115,8,75.1,1
7170,20250121,269,5,90.8,1
7171,20230904,35,5,84.0,1
7172,20230107,248,8,83.2,1
7173,20240728,800,4,88.7,1
7174,20250117,138,2,78.9,1
7175,20260128,153,6,92.0,1
7176,20231122,240,4,93.4,1
7177,20230210,603,8,99.9,1
7178,20230915,753,10,76.6,1
7179,20240122,172,1,96.3,1
7180,20260419,437,8,90.7,1
7181,20260603,44,1,95.6,1
7182,20250826,324,3,97.3,1
7183,20240722,350,3,95.1,1
7184,20260305,96,10,92.0,1
7185,20260526,673,4,90.1,1
7186,20230220,582,7,65.5,1
7187,20230921,199,3,95.7,1
7188,20230206,327,8,84.5,1
7189,20240420,14,4,91.9,1
7190,20260117,700,3,88.8,1
7191,20251229,263,4,94.8,1
7192,20260504,540,8,95.5,1
7193,20250609,205,10,97.3,1
7194,20231022,203,8,93.9,1
7195,20230219,700,5,85.5,1
7196,20250615,553,4,90.7,1
7197,20230509,354,7,90.5,1
7198,20260312,618,10,98.3,1
7199,20230909,480,8,98.1,1
7200,20230518,385,10,78.5,1
7201,20240412,232,5,94.9,1
7202,20241212,214,1,81.0,1
7203,20231023,532,10,84.2,1
7204,20250629,29,3,80.8,1
7205,20230119,241,1,71.5,1
7206,20250411,239,10,92.4,1
7207,20231006,164,9,89.8,1
7208,20230802,51,2,94.2,1
7209,20240414,306,2,93.6,1
7210,20251023,411,7,96.3,1
7211,20250701,163,5,98.6,1
7212,20230110,257,10,97.8,1
7213,20230911,39,10,46.5,1
7214,20250219,633,6,92.7,1
7215,20251109,675,6,78.7,1
7216,20251024,538,8,80.9,1
7217,20250802,483,3,89.2,1
7218,20240301,119,3,88.2,1
7219,20260123,392,1,89.2,1
7220,20240730,59,8,78.1,1
7221,20240605,352,8,80.3,1
7222,20241208,102,8,96.6,1
7223,20250323,453,1,86.1,1
7224,20260615,287,4,93.2,1
7225,20251120,697,9,94.9,1
7226,20250910,255,4,98.5,1
7227,20260224,765,1,98.6,1
7228,20260509,640,6,79.9,1
7229,20231207,799,9,78.5,1
7230,20240605,167,8,87.6,1
7231,20250523,57,8,86.0,1
7232,20251119,250,3,84.6,1
7233,20241212,611,2,96.9,1
7234,20231230,158,3,89.1,1
7235,20230821,350,10,71.4,1
7236,20241115,218,10,95.2,1
7237,20230104,509,5,95.7,1
7238,20260428,587,10,98.4,1
7239,20260604,564,10,88.2,1
7240,20230131,62,10,93.7,1
7241,20250129,616,9,67.7,1
7242,20240629,795,1,73.5,1
7243,20240824,343,9,98.5,1
7244,20240517,509,5,95.4,1
7245,20240521,393,9,89.8,1
7246,20260223,711,2,84.5,1
7247,20230326,220,8,77.0,1
7248,20241127,531,6,92.5,1
7249,20230423,745,2,88.8,1
7250,20240520,589,8,92.1,1
7251,20240919,316,5,86.6,1
7252,20260219,638,8,96.8,1
7253,20251009,393,4,71.6,1
7254,20251005,362,4,91.7,1
7255,20241123,577,5,89.6,1
7256,20240501,244,2,93.9,1
7257,20230125,704,9,85.8,1
7258,20230412,31,8,97.2,1
7259,20260305,87,4,90.0,1
7260,20241231,614,1,98.9,1
7261,20260206,717,5,90.2,1
7262,20260306,202,1,91.3,1
7263,20251122,556,6,88.5,1
7264,20250411,778,6,97.0,1
7265,20251130,672,4,79.2,1
7266,20231003,728,7,65.5,1
7267,20240424,578,2,79.5,1
7268,20250729,76,5,90.9,1
7269,20230620,313,4,87.6,1
7270,20240305,194,10,93.6,1
7271,20250412,683,7,98.4,1
7272,20250914,454,5,75.2,1
7273,20260201,486,1,95.4,1
7274,20241209,602,5,99.2,1
7275,20240404,110,10,80.0,1
7276,20250718,80,6,94.0,1
7277,20250903,325,7,95.7,1
7278,20251224,405,1,97.4,1
7279,20240307,303,5,92.9,1
7280,20260501,514,4,94.2,1
7281,20230830,545,9,80.9,1
7282,20250726,678,5,99.5,1
7283,20260109,467,1,96.9,1
7284,20250525,545,1,96.3,1
7285,20230101,96,9,93.9,1
7286,20250518,719,9,84.5,1
7287,20240217,785,3,72.7,1
7288,20240628,177,4,98.7,1
7289,20240421,772,6,96.8,1
7290,20240925,78,7,82.0,1
7291,20241213,168,2,92.9,1
7292,20251113,453,3,88.2,1
7293,20250625,1,2,96.2,1
7294,20231104,323,10,99.4,1
7295,20240419,97,3,99.0,1
7296,20250304,240,5,74.5,1
7297,20260315,408,9,69.6,1
7298,20240308,59,9,97.1,1
7299,20231125,531,4,97.7,1
7300,20250902,390,9,95.8,1
7301,20230307,627,6,99.1,1
7302,20250627,656,9,97.6,1
7303,20260223,433,10,92.1,1
7304,20250124,438,3,78.9,1
7305,20260324,720,6,92.6,1
7306,20230307,290,9,96.8,1
7307,20230607,764,2,88.5,1
7308,20260527,449,2,99.5,1
7309,20260425,683,9,92.5,1
7310,20240202,110,7,97.7,1
7311,20250719,542,10,93.9,1
7312,20260112,71,6,89.3,1
7313,20230308,186,10,87.2,1
7314,20230816,301,4,96.5,1
7315,20260611,247,4,98.4,1
7316,20230202,26,7,80.9,1
7317,20250903,291,8,89.5,1
7318,20230312,618,1,68.5,1
7319,20250219,254,4,91.4,1
7320,20230413,529,6,92.9,1
7321,20240414,433,10,80.3,1
7322,20240419,263,3,84.1,1
7323,20240106,214,4,86.7,1
7324,20250609,635,1,96.4,1
7325,20251027,263,5,97.2,1
7326,20251014,75,9,93.1,1
7327,20250323,633,4,86.7,1
7328,20250711,448,10,98.5,1
7329,20240127,444,8,93.8,1
7330,20251103,231,2,80.2,1
7331,20231215,274,10,89.2,1
7332,20231212,290,2,87.0,1
7333,20251224,391,1,99.2,1
7334,20260430,89,9,68.2,1
7335,20230824,485,9,75.8,1
7336,20250504,64,2,80.9,1
7337,20260626,733,10,90.9,1
7338,20250505,387,5,73.3,1
7339,20240722,446,6,77.4,1
7340,20260310,564,7,99.2,1
7341,20231026,531,1,87.9,1
7342,20250526,101,2,90.6,1
7343,20241102,574,6,74.2,1
7344,20230629,9,1,45.6,1
7345,20240320,179,9,79.0,1
7346,20251115,504,6,84.0,1
7347,20230806,443,3,83.5,1
7348,20240723,522,9,88.1,1
7349,20230817,602,7,79.7,1
7350,20230410,43,1,86.3,1
7351,20260117,780,8,79.8,1
7352,20240921,314,6,93.9,1
7353,20241223,725,7,86.1,1
7354,20240507,489,3,86.1,1
7355,20230417,627,2,79.5,1
7356,20251210,116,3,78.3,1
7357,20260422,153,6,97.8,1
7358,20260222,17,7,90.9,1
7359,20231026,286,7,71.1,1
7360,20260104,506,3,94.7,1
7361,20240501,276,10,87.7,1
7362,20230814,343,3,98.4,1
7363,20240818,714,1,89.8,1
7364,20240116,193,8,89.5,1
7365,20251120,345,7,78.7,1
7366,20250512,106,8,88.7,1
7367,20250420,223,4,88.5,1
7368,20240129,721,6,92.8,1
7369,20250606,752,8,92.4,1
7370,20240805,150,5,94.1,1
7371,20231231,575,3,90.1,1
7372,20260530,728,7,79.5,1
7373,20240120,421,5,84.7,1
7374,20230212,435,3,89.6,1
7375,20231026,184,7,95.5,1
7376,20240320,188,1,88.8,1
7377,20240626,228,9,94.5,1
7378,20260507,164,1,49.6,1
7379,20260425,94,2,94.1,1
7380,20240922,130,5,92.5,1
7381,20260104,234,10,80.8,1
7382,20241203,702,8,93.0,1
7383,20260120,493,9,95.3,1
7384,20240320,441,5,85.1,1
7385,20230920,264,3,79.5,1
7386,20241119,172,9,91.6,1
7387,20260613,261,4,97.6,1
7388,20260319,283,4,85.2,1
7389,20230221,218,5,86.0,1
7390,20260416,15,3,96.2,1
7391,20250615,7,7,90.4,1
7392,20231120,598,10,63.0,1
7393,20231227,321,10,91.9,1
7394,20230605,708,9,96.2,1
7395,20250118,241,6,94.4,1
7396,20231217,506,2,79.2,1
7397,20251223,257,10,83.1,1
7398,20240706,444,6,89.0,1
7399,20240514,203,8,77.8,1
7400,20230912,474,3,89.9,1
7401,20260406,707,9,86.3,1
7402,20260103,702,2,63.0,1
7403,20250320,616,7,89.4,1
7404,20250531,546,7,91.1,1
7405,20250319,509,4,68.2,1
7406,20250914,581,3,44.3,1
7407,20250705,357,1,90.5,1
7408,20240929,741,3,92.7,1
7409,20250714,175,2,99.7,1
7410,20260106,200,8,75.7,1
7411,20240212,611,9,63.1,1
7412,20241220,534,8,70.4,1
7413,20230529,324,2,97.8,1
7414,20250430,525,7,96.3,1
7415,20240324,96,3,84.2,1
7416,20260526,403,7,96.6,1
7417,20250418,175,6,87.9,1
7418,20240604,772,3,92.0,1
7419,20250805,60,1,84.2,1
7420,20240429,727,5,82.0,1
7421,20230918,167,9,86.0,1
7422,20250114,44,5,54.5,1
7423,20240608,260,9,88.8,1
7424,20240806,690,3,86.9,1
7425,20240611,213,1,98.9,1
7426,20250320,549,8,92.6,1
7427,20241223,191,3,93.5,1
7428,20240817,334,1,76.8,1
7429,20260327,194,7,100.0,1
7430,20241231,274,1,87.0,1
7431,20241231,435,5,77.4,1
7432,20250829,299,6,84.3,1
7433,20240817,659,5,78.8,1
7434,20240130,495,2,76.8,1
7435,20250420,721,7,62.2,1
7436,20230129,663,10,92.1,1
7437,20250726,109,8,97.4,1
7438,20240208,145,3,97.6,1
7439,20240507,68,9,84.6,1
7440,20250415,168,7,81.6,1
7441,20240329,423,7,86.3,1
7442,20250928,366,3,91.5,1
7443,20240510,394,4,66.9,1
7444,20240131,172,3,94.6,1
7445,20260606,154,1,90.1,1
7446,20231114,222,10,96.7,1
7447,20230602,625,7,89.3,1
7448,20231009,416,2,96.7,1
7449,20231014,15,6,80.8,1
7450,20250608,113,6,88.8,1
7451,20260105,340,7,84.5,1
7452,20230523,513,9,89.1,1
7453,20231225,443,5,94.4,1
7454,20241226,753,5,78.8,1
7455,20260520,412,10,92.6,1
7456,20240919,474,10,95.6,1
7457,20231117,326,5,92.5,1
7458,20240513,577,9,93.1,1
7459,20251221,611,3,98.7,1
7460,20251203,196,6,61.8,1
7461,20250309,659,6,88.3,1
7462,20231206,263,6,95.9,1
7463,20260430,770,6,98.1,1
7464,20230122,599,1,95.2,1
7465,20231023,723,5,90.7,1
7466,20260213,431,8,88.7,1
7467,20260406,303,2,89.7,1
7468,20250114,66,7,92.6,1
7469,20260321,256,6,96.2,1
7470,20230609,43,10,63.8,1
7471,20230603,311,5,64.4,1
7472,20240422,584,1,80.5,1
7473,20240715,592,7,85.3,1
7474,20231008,181,7,98.8,1
7475,20241211,558,1,97.7,1
7476,20250802,399,4,82.2,1
7477,20251114,594,10,99.5,1
7478,20250421,238,4,84.9,1
7479,20260310,429,2,83.4,1
7480,20250108,30,7,97.3,1
7481,20230416,242,2,91.5,1
7482,20230130,244,10,81.5,1
7483,20260414,381,3,98.5,1
7484,20240823,375,7,83.5,1
7485,20241114,520,9,97.9,1
7486,20250920,75,5,85.8,1
7487,20250727,182,10,91.3,1
7488,20230214,16,6,89.7,1
7489,20230114,744,6,86.7,1
7490,20240123,642,4,94.3,1
7491,20250727,311,10,68.3,1
7492,20231223,728,7,99.0,1
7493,20230108,278,9,97.6,1
7494,20251222,605,3,95.0,1
7495,20250313,609,8,95.3,1
7496,20250223,708,3,88.0,1
7497,20240405,5,7,98.4,1
7498,20251213,657,10,89.4,1
7499,20260327,484,7,72.9,1
7500,20250311,241,3,86.0,1
7501,20241028,133,6,84.4,1
7502,20240323,631,2,73.3,1
7503,20250521,401,7,98.9,1
7504,20231108,753,5,91.5,1
7505,20230219,761,6,77.9,1
7506,20240430,53,8,68.3,1
7507,20251011,606,10,97.0,1
7508,20260409,116,4,97.7,1
7509,20251019,402,10,91.6,1
7510,20250319,300,2,85.8,1
7511,20260514,619,6,93.9,1
7512,20251027,19,7,95.6,1
7513,20251116,339,5,93.5,1
7514,20260514,388,9,97.5,1
7515,20241201,624,5,98.5,1
7516,20231229,710,9,83.0,1
7517,20240119,455,4,89.7,1
7518,20230214,752,2,93.1,1
7519,20241201,637,2,89.6,1
7520,20260613,402,4,96.5,1
7521,20240518,664,4,95.0,1
7522,20230409,667,3,90.7,1
7523,20230627,224,8,80.8,1
7524,20240903,691,7,99.7,1
7525,20260216,629,6,71.0,1
7526,20240610,323,2,60.8,1
7527,20240314,368,10,99.1,1
7528,20241123,482,2,90.1,1
7529,20230406,373,7,95.3,1
7530,20240912,255,5,85.9,1
7531,20230618,12,4,85.9,1
7532,20231011,778,1,61.9,1
7533,20251231,735,6,99.2,1
7534,20250917,432,3,96.1,1
7535,20250428,101,8,99.5,1
7536,20230531,656,2,98.0,1
7537,20241025,394,3,91.5,1
7538,20230321,158,10,91.2,1
7539,20231204,454,1,97.0,1
7540,20260203,537,4,96.1,1
7541,20230919,174,2,83.2,1
7542,20260113,182,6,89.7,1
7543,20250209,345,4,96.8,1
7544,20260310,275,10,91.6,1
7545,20230911,292,5,95.5,1
7546,20241227,264,4,81.7,1
7547,20231122,241,5,89.4,1
7548,20250905,408,3,93.9,1
7549,20250917,619,2,94.5,1
7550,20231010,172,8,86.8,1
7551,20251017,704,8,100.0,1
7552,20250112,78,9,86.7,1
7553,20230614,567,7,94.3,1
7554,20260331,628,7,70.1,1
7555,20240417,86,3,96.3,1
7556,20250509,24,10,86.7,1
7557,20260106,385,9,93.3,1
7558,20250705,711,5,89.9,1
7559,20230511,500,5,69.9,1
7560,20250613,450,2,86.5,1
7561,20260318,545,8,98.6,1
7562,20240331,376,4,99.0,1
7563,20250626,690,10,97.9,1
7564,20231217,649,9,84.3,1
7565,20250525,137,10,84.9,1
7566,20260511,180,5,86.8,1
7567,20241012,286,7,93.2,1
7568,20230131,488,6,94.5,1
7569,20260127,107,5,90.1,1
7570,20230716,264,1,87.2,1
7571,20260505,180,1,68.9,1
7572,20241113,549,4,76.8,1
7573,20250705,97,6,87.6,1
7574,20230728,505,9,72.3,1
7575,20240928,564,7,84.5,1
7576,20230318,101,6,89.8,1
7577,20230729,87,6,91.3,1
7578,20260122,318,4,88.8,1
7579,20260105,706,9,91.6,1
7580,20240307,238,7,88.2,1
7581,20230319,20,6,92.7,1
7582,20230823,306,5,95.6,1
7583,20240821,476,2,89.8,1
7584,20250528,446,7,94.2,1
7585,20230524,443,4,84.5,1
7586,20240506,189,10,86.3,1
7587,20240625,361,3,98.1,1
7588,20241130,267,6,82.9,1
7589,20230723,226,1,88.6,1
7590,20240516,403,10,65.6,1
7591,20240529,295,9,91.6,1
7592,20231021,27,6,97.7,1
7593,20240311,119,3,95.7,1
7594,20240801,353,5,96.2,1
7595,20260218,325,4,79.3,1
7596,20250605,189,5,99.2,1
7597,20240221,262,4,90.0,1
7598,20231123,109,7,86.3,1
7599,20230920,90,2,86.8,1
7600,20260503,305,5,92.9,1
7601,20241002,751,8,88.4,1
7602,20240618,133,5,84.7,1
7603,20240721,422,5,96.4,1
7604,20260606,640,8,86.1,1
7605,20241128,737,8,84.5,1
7606,20230602,201,9,68.6,1
7607,20231021,553,2,76.4,1
7608,20230630,169,10,96.5,1
7609,20231030,241,9,79.9,1
7610,20230110,472,9,98.0,1
7611,20250307,392,1,88.1,1
7612,20241202,390,1,95.1,1
7613,20250629,193,2,73.5,1
7614,20240420,695,10,97.1,1
7615,20230506,337,6,98.0,1
7616,20241008,265,8,85.5,1
7617,20240611,14,1,81.5,1
7618,20260124,468,7,85.4,1
7619,20230427,636,3,77.1,1
7620,20250514,447,2,90.4,1
7621,20230720,552,9,86.8,1
7622,20251224,545,4,69.8,1
7623,20240522,454,1,87.0,1
7624,20260503,590,5,69.0,1
7625,20241115,58,7,59.2,1
7626,20231011,208,9,89.7,1
7627,20250419,228,5,96.6,1
7628,20240729,164,3,99.0,1
7629,20240316,263,6,58.6,1
7630,20230307,365,10,99.5,1
7631,20250120,289,1,98.6,1
7632,20250108,462,5,86.4,1
7633,20240504,528,9,95.6,1
7634,20241128,611,5,88.3,1
7635,20250625,742,7,98.6,1
7636,20240726,480,7,53.0,1
7637,20231124,273,3,95.1,1
7638,20250608,439,9,99.9,1
7639,20240715,330,8,92.0,1
7640,20251008,773,9,87.5,1
7641,20260226,276,2,94.0,1
7642,20231220,533,8,97.3,1
7643,20240713,392,7,93.7,1
7644,20250113,495,5,94.3,1
7645,20240602,509,10,99.1,1
7646,20230821,616,1,94.6,1
7647,20230427,762,1,99.6,1
7648,20241115,351,2,89.0,1
7649,20230607,753,4,70.1,1
7650,20240224,598,5,55.7,1
7651,20260401,87,6,79.3,1
7652,20230207,684,2,97.7,1
7653,20251015,627,8,97.9,1
7654,20260420,492,8,89.5,1
7655,20241218,468,1,84.9,1
7656,20240624,770,6,82.6,1
7657,20250619,15,1,78.5,1
7658,20231107,195,8,83.4,1
7659,20260629,159,3,91.1,1
7660,20250224,75,8,85.7,1
7661,20240131,710,5,95.2,1
7662,20230108,697,8,87.7,1
7663,20230227,197,3,87.7,1
7664,20230422,300,10,94.4,1
7665,20250319,107,7,94.5,1
7666,20260206,727,6,93.6,1
7667,20231110,266,8,86.0,1
7668,20230105,379,2,90.2,1
7669,20230304,294,8,89.3,1
7670,20250808,453,10,88.6,1
7671,20230731,305,10,85.9,1
7672,20250611,169,1,99.8,1
7673,20250521,616,7,99.2,1
7674,20240413,363,2,68.4,1
7675,20230119,718,1,90.7,1
7676,20240929,329,3,88.7,1
7677,20230509,694,4,94.7,1
7678,20241103,366,10,79.5,1
7679,20251112,768,8,94.2,1
7680,20230513,387,10,94.3,1
7681,20250717,539,2,89.1,1
7682,20260618,707,8,98.0,1
7683,20240101,728,4,70.0,1
7684,20241225,120,1,96.5,1
7685,20260216,5,5,94.9,1
7686,20230501,127,3,61.4,1
7687,20251111,270,6,95.6,1
7688,20250820,705,10,81.5,1
7689,20241018,790,5,98.9,1
7690,20240211,331,5,89.0,1
7691,20240216,242,2,65.0,1
7692,20230121,360,8,92.3,1
7693,20260630,142,8,98.4,1
7694,20231122,200,5,89.8,1
7695,20260609,110,2,97.6,1
7696,20240417,150,4,77.3,1
7697,20230602,584,8,92.3,1
7698,20230318,167,3,86.9,1
7699,20230815,745,2,98.1,1
7700,20240222,143,2,99.7,1
7701,20230313,122,7,91.4,1
7702,20241227,262,6,91.3,1
7703,20260214,631,9,95.6,1
7704,20240612,31,1,98.4,1
7705,20250118,738,3,88.3,1
7706,20251212,411,5,85.3,1
7707,20241207,600,8,80.8,1
7708,20250130,59,10,91.8,1
7709,20230501,286,6,79.3,1
7710,20230318,49,5,82.5,1
7711,20250815,146,4,42.6,1
7712,20230420,267,5,78.8,1
7713,20240531,168,3,82.0,1
7714,20250609,215,6,92.8,1
7715,20240303,342,4,79.4,1
7716,20240628,98,5,87.7,1
7717,20250926,95,10,85.0,1
7718,20251017,247,1,98.8,1
7719,20230525,664,2,85.4,1
7720,20240118,515,2,86.5,1
7721,20230701,193,10,78.3,1
7722,20240723,753,4,81.5,1
7723,20231204,274,8,58.6,1
7724,20230915,8,2,89.8,1
7725,20241005,246,4,89.3,1
7726,20260321,454,7,93.6,1
7727,20240213,388,9,94.4,1
7728,20240730,215,9,98.3,1
7729,20250510,491,8,98.2,1
7730,20231221,251,10,91.6,1
7731,20231004,665,7,94.8,1
7732,20240415,263,7,84.1,1
7733,20250529,341,1,71.7,1
7734,20241226,186,5,97.0,1
7735,20241111,216,6,83.5,1
7736,20251124,132,9,86.0,1
7737,20250118,446,7,77.5,1
7738,20251016,62,10,88.4,1
7739,20251116,695,6,92.8,1
7740,20230429,38,6,96.0,1
7741,20230407,127,2,83.6,1
7742,20230129,330,1,96.9,1
7743,20240423,663,8,75.1,1
7744,20250616,108,9,86.7,1
7745,20260421,790,8,88.4,1
7746,20240211,25,9,87.7,1
7747,20250110,323,4,77.7,1
7748,20231224,700,9,85.7,1
7749,20240506,337,5,93.6,1
7750,20230224,448,1,84.0,1
7751,20250523,168,8,55.8,1
7752,20231123,374,10,99.3,1
7753,20230131,712,1,67.4,1
7754,20230806,12,8,78.5,1
7755,20240311,107,3,93.7,1
7756,20240710,318,2,81.7,1
7757,20230212,419,1,99.8,1
7758,20260401,610,6,93.1,1
7759,20251108,413,9,83.2,1
7760,20240820,228,5,98.7,1
7761,20250917,765,4,75.8,1
7762,20260107,781,1,75.4,1
7763,20230407,729,9,95.9,1
7764,20260116,395,4,90.9,1
7765,20250323,305,3,98.9,1
7766,20260318,593,3,92.6,1
7767,20260405,603,5,96.5,1
7768,20250312,119,10,89.1,1
7769,20260219,279,3,83.8,1
7770,20231220,385,9,70.5,1
7771,20230611,102,6,88.2,1
7772,20241209,685,10,89.0,1
7773,20251228,645,2,97.1,1
7774,20241101,522,5,73.9,1
7775,20240523,771,9,95.3,1
7776,20251120,460,4,89.4,1
7777,20260217,204,1,72.5,1
7778,20231226,359,5,95.1,1
7779,20230623,174,5,89.6,1
7780,20240929,707,9,85.2,1
7781,20260513,449,5,97.7,1
7782,20250103,686,2,64.5,1
7783,20260402,29,3,86.3,1
7784,20240220,301,6,94.7,1
7785,20231114,31,3,95.2,1
7786,20250321,708,6,73.8,1
7787,20240723,558,10,79.7,1
7788,20241008,659,3,88.1,1
7789,20230518,414,7,76.0,1
7790,20240419,37,3,73.2,1
7791,20230423,566,4,71.2,1
7792,20230225,609,5,89.0,1
7793,20241212,333,10,92.3,1
7794,20240214,712,10,63.0,1
7795,20241231,228,2,95.8,1
7796,20240228,551,7,88.5,1
7797,20250409,230,9,96.8,1
7798,20240930,449,2,94.3,1
7799,20230209,337,6,98.0,1
7800,20250930,49,6,84.6,1
7801,20250818,800,5,87.3,1
7802,20231016,754,9,88.8,1
7803,20240426,242,3,71.9,1
7804,20230711,231,7,76.6,1
7805,20231226,763,6,85.0,1
7806,20240415,237,10,85.1,1
7807,20240523,427,10,69.9,1
7808,20240513,352,2,99.8,1
7809,20230903,728,8,96.6,1
7810,20250626,684,7,99.3,1
7811,20240504,124,3,85.9,1
7812,20230923,338,9,94.9,1
7813,20241130,308,4,76.0,1
7814,20260519,34,10,89.0,1
7815,20241023,731,1,96.2,1
7816,20231018,434,5,76.4,1
7817,20240310,553,6,87.4,1
7818,20251231,514,10,93.7,1
7819,20231127,342,2,76.4,1
7820,20230716,243,10,85.4,1
7821,20231231,168,7,97.0,1
7822,20231114,40,3,88.6,1
7823,20250719,423,4,76.9,1
7824,20230724,412,8,77.3,1
7825,20250207,424,2,96.5,1
7826,20230223,494,1,90.2,1
7827,20250710,80,6,97.4,1
7828,20240223,49,10,89.6,1
7829,20230315,678,5,87.5,1
7830,20240325,215,6,96.7,1
7831,20240425,625,2,83.8,1
7832,20230218,593,6,80.2,1
7833,20260314,375,2,86.8,1
7834,20260429,35,4,97.4,1
7835,20240619,605,1,93.1,1
7836,20240324,17,10,84.9,1
7837,20231103,198,10,96.4,1
7838,20240824,464,6,74.1,1
7839,20250917,144,2,76.8,1
7840,20231121,583,1,73.4,1
7841,20241124,721,4,95.6,1
7842,20231230,539,1,98.4,1
7843,20230617,271,6,83.2,1
7844,20251121,548,9,87.8,1
7845,20241129,134,6,96.4,1
7846,20230406,379,10,58.2,1
7847,20250525,223,2,65.4,1
7848,20250929,441,2,98.3,1
7849,20260414,279,4,96.1,1
7850,20260627,476,7,58.7,1
7851,20240821,281,4,91.1,1
7852,20251015,339,10,95.3,1
7853,20230131,738,2,83.6,1
7854,20241209,499,7,86.0,1
7855,20251005,684,9,63.2,1
7856,20251126,15,7,78.5,1
7857,20250117,415,9,99.6,1
7858,20240301,656,1,88.6,1
7859,20251001,523,5,81.9,1
7860,20230623,26,8,98.2,1
7861,20250525,242,2,96.0,1
7862,20260116,247,2,84.6,1
7863,20260114,10,3,96.2,1
7864,20250129,499,10,89.6,1
7865,20251016,8,3,93.6,1
7866,20260106,131,8,95.9,1
7867,20240729,481,6,98.5,1
7868,20230909,71,4,89.5,1
7869,20240104,270,5,80.8,1
7870,20231017,148,8,77.0,1
7871,20250804,415,7,98.8,1
7872,20230603,733,3,86.3,1
7873,20260218,508,9,73.0,1
7874,20260619,304,2,84.6,1
7875,20230917,548,5,99.1,1
7876,20240812,47,4,96.1,1
7877,20260616,321,5,84.0,1
7878,20240717,39,6,80.3,1
7879,20250427,739,9,97.8,1
7880,20230911,677,9,33.1,1
7881,20260123,385,6,78.9,1
7882,20250928,324,3,99.2,1
7883,20251206,646,6,82.7,1
7884,20240204,346,3,76.5,1
7885,20240120,614,7,98.3,1
7886,20260422,505,1,83.8,1
7887,20230826,663,10,95.3,1
7888,20250222,501,1,83.6,1
7889,20250918,117,7,88.9,1
7890,20241221,269,4,85.9,1
7891,20241126,582,3,97.9,1
7892,20230721,543,10,90.7,1
7893,20240512,179,3,92.0,1
7894,20250101,535,9,84.5,1
7895,20231021,435,6,90.2,1
7896,20230110,534,1,97.2,1
7897,20230914,789,10,93.9,1
7898,20260122,598,7,72.6,1
7899,20240507,727,3,98.8,1
7900,20240514,312,3,82.6,1
7901,20260209,430,1,96.2,1
7902,20251228,411,1,97.5,1
7903,20230719,336,5,75.0,1
7904,20250826,725,4,98.8,1
7905,20250414,86,7,98.2,1
7906,20230909,729,6,97.7,1
7907,20240805,235,8,66.2,1
7908,20250930,374,7,72.3,1
7909,20240517,706,6,81.0,1
7910,20250711,42,4,99.6,1
7911,20251017,213,2,88.7,1
7912,20230724,517,2,86.8,1
7913,20260417,599,7,79.3,1
7914,20260515,1,1,89.2,1
7915,20250208,577,4,98.7,1
7916,20241001,515,1,85.2,1
7917,20240315,181,1,92.8,1
7918,20240507,191,10,96.7,1
7919,20250412,242,8,64.6,1
7920,20231015,252,10,99.1,1
7921,20241120,234,8,94.1,1
7922,20250630,138,8,90.3,1
7923,20240906,515,1,82.2,1
7924,20230821,25,3,99.0,1
7925,20240623,231,10,97.4,1
7926,20260603,103,5,83.1,1
7927,20230110,594,3,82.0,1
7928,20231216,631,6,80.8,1
7929,20240305,161,9,95.0,1
7930,20260329,552,10,72.8,1
7931,20250816,121,3,90.4,1
7932,20260619,454,5,88.7,1
7933,20240531,239,1,88.9,1
7934,20240628,90,3,97.4,1
7935,20240131,61,9,98.4,1
7936,20230409,75,3,79.5,1
7937,20240831,324,1,82.3,1
7938,20250819,334,4,94.4,1
7939,20230228,346,8,96.5,1
7940,20240304,373,10,96.5,1
7941,20231001,246,6,88.6,1
7942,20250802,79,8,95.6,1
7943,20240118,408,1,87.3,1
7944,20230703,123,1,74.3,1
7945,20241006,300,10,97.9,1
7946,20240806,231,4,88.6,1
7947,20240716,506,5,96.7,1
7948,20240410,564,9,98.5,1
7949,20260201,224,4,87.8,1
7950,20231003,456,9,99.0,1
7951,20231215,249,6,84.2,1
7952,20230123,454,5,80.5,1
7953,20241117,357,7,97.1,1
7954,20251201,653,5,98.7,1
7955,20240410,8,6,84.1,1
7956,20241228,660,1,98.8,1
7957,20230820,111,3,97.6,1
7958,20260413,459,7,81.9,1
7959,20260319,158,1,93.2,1
7960,20251207,286,2,99.2,1
7961,20231208,765,9,64.3,1
7962,20260305,601,5,89.9,1
7963,20240917,433,8,91.3,1
7964,20260128,565,5,71.5,1
7965,20251124,645,1,78.3,1
7966,20240511,712,10,88.3,1
7967,20260321,113,4,83.9,1
7968,20230128,561,9,95.2,1
7969,20250217,43,7,80.4,1
7970,20240601,599,2,98.9,1
7971,20230705,216,4,99.5,1
7972,20240428,50,4,71.8,1
7973,20240218,410,8,92.5,1
7974,20240810,13,5,91.6,1
7975,20240226,115,9,99.3,1
7976,20241230,440,5,97.9,1
7977,20240617,514,8,82.6,1
7978,20251128,109,10,77.5,1
7979,20260519,257,1,88.7,1
7980,20251012,644,1,94.4,1
7981,20231015,373,6,79.0,1
7982,20250905,784,4,90.9,1
7983,20260215,718,8,96.5,1
7984,20230824,636,3,74.8,1
7985,20231005,60,9,98.9,1
7986,20240412,269,6,89.3,1
7987,20250623,224,5,91.6,1
7988,20230928,782,9,89.8,1
7989,20260124,542,10,98.6,1
7990,20240708,91,7,77.6,1
7991,20230402,781,5,90.9,1
7992,20230331,263,7,92.4,1
7993,20250828,354,1,65.9,1
7994,20241012,155,10,95.1,1
7995,20230327,272,7,95.7,1
7996,20251031,567,8,93.8,1
7997,20240102,57,4,83.4,1
7998,20230415,430,6,87.9,1
7999,20240614,419,9,76.7,1
8000,20240323,542,3,93.3,1
8001,20231025,616,10,83.1,1
8002,20251215,287,1,95.8,1
8003,20260503,294,1,91.8,1
8004,20260204,344,6,90.8,1
8005,20240519,10,10,89.2,1
8006,20230522,695,8,86.5,1
8007,20230124,535,4,88.4,1
8008,20240311,35,3,86.3,1
8009,20260221,786,4,91.9,1
8010,20240429,706,3,84.0,1
8011,20250917,488,5,87.5,1
8012,20250918,600,7,87.8,1
8013,20240104,328,3,85.6,1
8014,20240919,752,1,89.1,1
8015,20241203,700,1,86.0,1
8016,20251226,5,6,81.4,1
8017,20250113,173,7,94.3,1
8018,20250227,704,8,92.4,1
8019,20230603,579,4,55.0,1
8020,20230410,710,8,92.4,1
8021,20230619,118,4,91.3,1
8022,20250409,706,8,94.4,1
8023,20230428,227,1,98.8,1
8024,20241218,308,5,87.4,1
8025,20260130,583,1,73.6,1
8026,20260429,434,5,85.4,1
8027,20241001,721,1,89.5,1
8028,20260604,696,5,96.8,1
8029,20230816,181,1,95.1,1
8030,20250303,517,3,93.9,1
8031,20250605,177,8,91.7,1
8032,20240220,474,8,97.0,1
8033,20250430,481,2,83.2,1
8034,20230131,701,9,94.0,1
8035,20260305,743,4,96.3,1
8036,20240710,178,8,71.0,1
8037,20260408,148,6,96.0,1
8038,20260513,701,9,76.4,1
8039,20260213,428,10,92.7,1
8040,20260425,34,9,96.1,1
8041,20250409,702,8,97.7,1
8042,20251021,119,7,92.6,1
8043,20250917,414,3,76.3,1
8044,20250803,784,10,98.6,1
8045,20260312,74,10,93.0,1
8046,20240821,142,5,80.7,1
8047,20250225,68,4,95.6,1
8048,20260216,511,10,69.7,1
8049,20240706,343,4,91.7,1
8050,20230502,758,9,78.8,1
8051,20260618,313,10,99.4,1
8052,20230924,87,3,93.5,1
8053,20250711,525,3,95.5,1
8054,20240409,195,2,98.5,1
8055,20251121,720,3,99.5,1
8056,20241009,230,2,98.1,1
8057,20251109,231,2,90.3,1
8058,20260602,34,1,90.3,1
8059,20250126,659,7,88.1,1
8060,20260327,788,3,87.6,1
8061,20230731,604,10,99.4,1
8062,20231010,799,1,89.7,1
8063,20250424,445,6,88.3,1
8064,20240825,165,3,89.5,1
8065,20231226,459,9,91.7,1
8066,20250302,47,4,95.0,1
8067,20240710,393,2,86.2,1
8068,20251207,764,7,88.5,1
8069,20241106,412,3,97.5,1
8070,20250223,694,10,87.5,1
8071,20250525,628,8,93.7,1
8072,20250604,501,1,86.4,1
8073,20251117,158,7,94.6,1
8074,20260408,180,2,97.6,1
8075,20250408,143,4,77.4,1
8076,20250411,645,2,63.6,1
8077,20230713,486,7,99.0,1
8078,20250819,552,10,77.8,1
8079,20251217,284,10,85.7,1
8080,20250723,361,1,91.7,1
8081,20240608,286,3,78.0,1
8082,20250402,758,4,99.3,1
8083,20250116,744,1,93.4,1
8084,20251121,516,5,92.1,1
8085,20250427,100,5,94.5,1
8086,20230208,792,8,94.1,1
8087,20250807,265,6,87.1,1
8088,20240120,478,8,98.6,1
8089,20250211,251,3,99.5,1
8090,20241225,520,8,92.7,1
8091,20241115,400,1,77.9,1
8092,20250807,326,9,88.0,1
8093,20250831,590,1,97.6,1
8094,20260228,240,8,92.4,1
8095,20241209,277,4,99.5,1
8096,20240910,238,6,81.5,1
8097,20240701,709,6,85.2,1
8098,20240114,218,4,93.5,1
8099,20250918,463,5,94.4,1
8100,20231215,57,3,99.1,1
8101,20240222,113,10,96.0,1
8102,20251129,592,7,89.3,1
8103,20250905,744,3,97.4,1
8104,20240524,728,4,95.5,1
8105,20250919,723,1,96.2,1
8106,20260108,551,4,86.1,1
8107,20250724,140,7,75.6,1
8108,20260615,61,3,77.8,1
8109,20250926,615,9,93.4,1
8110,20231004,377,6,96.6,1
8111,20250104,761,3,97.3,1
8112,20260621,54,5,90.6,1
8113,20240906,487,7,97.9,1
8114,20250904,547,8,89.3,1
8115,20250623,385,6,75.7,1
8116,20250420,315,8,84.4,1
8117,20251007,499,3,96.8,1
8118,20231109,548,9,74.0,1
8119,20250923,540,8,79.7,1
8120,20230213,528,6,97.8,1
8121,20251214,86,10,96.5,1
8122,20240921,173,1,96.4,1
8123,20241228,9,4,92.2,1
8124,20250717,81,4,99.2,1
8125,20250626,438,1,69.2,1
8126,20250319,380,9,83.0,1
8127,20230113,173,7,97.2,1
8128,20250114,618,8,98.1,1
8129,20230402,497,8,84.7,1
8130,20260608,236,1,68.5,1
8131,20240621,503,3,97.1,1
8132,20230902,429,5,80.6,1
8133,20251004,650,8,86.3,1
8134,20251104,275,4,62.6,1
8135,20250716,507,10,96.4,1
8136,20240317,349,1,94.5,1
8137,20250802,248,9,97.9,1
8138,20240526,155,4,87.7,1
8139,20250603,454,9,80.7,1
8140,20230422,351,9,61.9,1
8141,20260607,782,1,91.6,1
8142,20241025,758,5,99.5,1
8143,20240112,611,10,72.4,1
8144,20231113,57,3,92.5,1
8145,20250928,599,10,95.6,1
8146,20230620,286,9,93.9,1
8147,20240823,458,9,85.4,1
8148,20240210,193,7,94.6,1
8149,20240819,782,1,98.5,1
8150,20260405,735,2,52.3,1
8151,20250103,341,4,75.7,1
8152,20230324,531,6,99.5,1
8153,20250829,138,2,86.2,1
8154,20241013,798,5,99.6,1
8155,20240514,363,9,93.0,1
8156,20250417,435,3,85.6,1
8157,20230828,767,4,93.8,1
8158,20260625,578,10,99.0,1
8159,20230504,204,9,90.9,1
8160,20240226,365,9,93.2,1
8161,20240726,422,10,87.2,1
8162,20250925,346,9,99.0,1
8163,20251122,274,6,94.2,1
8164,20250701,301,5,87.7,1
8165,20250916,466,6,89.0,1
8166,20240602,737,5,87.4,1
8167,20241207,733,9,87.7,1
8168,20240428,146,8,93.5,1
8169,20240404,706,9,88.4,1
8170,20260607,42,10,96.7,1
8171,20250507,45,7,89.9,1
8172,20240509,202,2,98.4,1
8173,20241114,394,6,98.7,1
8174,20231129,186,10,92.5,1
8175,20240920,90,1,91.6,1
8176,20231214,772,8,96.0,1
8177,20240522,399,10,63.2,1
8178,20250703,697,5,91.7,1
8179,20241231,502,9,90.7,1
8180,20250517,614,9,94.1,1
8181,20260525,109,7,87.9,1
8182,20230214,704,9,85.5,1
8183,20241203,270,7,92.1,1
8184,20250505,8,7,80.6,1
8185,20260616,675,9,79.4,1
8186,20240716,411,7,92.4,1
8187,20250606,223,3,92.9,1
8188,20250428,233,9,84.2,1
8189,20240205,490,2,96.2,1
8190,20230607,548,3,73.3,1
8191,20230704,345,5,96.4,1
8192,20231123,372,7,76.0,1
8193,20230404,431,7,97.4,1
8194,20240420,154,2,97.5,1
8195,20230604,306,4,82.4,1
8196,20250429,82,9,80.9,1
8197,20250326,537,5,85.6,1
8198,20250611,763,10,95.3,1
8199,20240607,663,7,87.8,1
8200,20251107,324,4,91.9,1
8201,20260313,394,7,99.1,1
8202,20240603,464,8,85.3,1
8203,20250112,224,7,83.7,1
8204,20251119,458,5,95.3,1
8205,20231120,657,5,71.7,1
8206,20230411,408,6,99.1,1
8207,20250807,361,10,91.2,1
8208,20230402,649,1,99.3,1
8209,20251031,421,3,98.5,1
8210,20260228,466,2,89.4,1
8211,20240524,299,2,89.7,1
8212,20260126,644,7,73.5,1
8213,20230430,761,7,90.6,1
8214,20251206,739,9,72.7,1
8215,20250418,9,3,88.2,1
8216,20231029,52,1,85.6,1
8217,20251026,188,9,99.1,1
8218,20251006,63,6,97.0,1
8219,20250719,226,1,91.5,1
8220,20230806,186,9,92.8,1
8221,20250907,195,5,95.4,1
8222,20250509,130,4,79.0,1
8223,20260606,524,10,94.7,1
8224,20251024,170,1,57.5,1
8225,20260504,119,4,82.6,1
8226,20230607,130,8,75.7,1
8227,20260424,611,8,88.9,1
8228,20230213,334,1,86.4,1
8229,20260101,394,1,91.3,1
8230,20230503,428,2,77.3,1
8231,20240724,778,6,89.0,1
8232,20250415,738,2,88.8,1
8233,20240624,316,7,98.4,1
8234,20260109,213,4,97.5,1
8235,20240223,390,7,94.1,1
8236,20260119,361,6,88.8,1
8237,20260518,649,5,83.2,1
8238,20240301,191,9,98.2,1
8239,20240707,144,7,81.1,1
8240,20240211,770,10,76.7,1
8241,20240204,393,3,92.3,1
8242,20240815,400,9,85.7,1
8243,20260521,102,1,93.9,1
8244,20250227,24,2,81.8,1
8245,20250703,464,5,91.9,1
8246,20231204,266,2,87.2,1
8247,20260306,443,10,97.0,1
8248,20250221,239,4,95.7,1
8249,20250430,71,3,98.6,1
8250,20251218,772,4,85.0,1
8251,20260424,749,10,79.1,1
8252,20230124,311,7,92.4,1
8253,20251229,56,6,91.0,1
8254,20231119,66,8,80.2,1
8255,20250826,369,1,97.8,1
8256,20231120,752,6,86.2,1
8257,20250108,379,7,87.4,1
8258,20241124,215,1,90.2,1
8259,20231130,187,3,71.0,1
8260,20230826,109,5,80.2,1
8261,20240909,394,3,98.0,1
8262,20230206,701,1,96.0,1
8263,20240222,532,6,97.7,1
8264,20240508,571,4,84.6,1
8265,20250521,466,4,96.4,1
8266,20250704,9,4,82.0,1
8267,20230827,599,7,98.4,1
8268,20250820,479,6,99.3,1
8269,20240513,487,3,79.7,1
8270,20260306,542,9,97.4,1
8271,20260112,515,5,87.9,1
8272,20250715,235,5,91.8,1
8273,20241001,309,6,92.7,1
8274,20240818,488,1,94.9,1
8275,20251207,145,1,95.4,1
8276,20241211,329,6,87.6,1
8277,20240614,724,5,93.8,1
8278,20250208,409,1,89.4,1
8279,20231208,414,9,98.3,1
8280,20241124,614,9,86.2,1
8281,20241227,799,7,94.4,1
8282,20230707,46,4,95.0,1
8283,20240806,179,4,98.2,1
8284,20230712,1,8,92.2,1
8285,20240404,771,10,71.8,1
8286,20260529,113,8,81.4,1
8287,20240212,365,7,78.0,1
8288,20240928,524,10,92.3,1
8289,20260324,753,9,84.9,1
8290,20240327,735,7,92.2,1
8291,20241024,386,3,85.5,1
8292,20230207,393,1,97.2,1
8293,20240228,685,10,86.0,1
8294,20240911,694,8,92.1,1
8295,20250512,254,1,91.9,1
8296,20250809,168,6,98.7,1
8297,20260214,110,6,86.2,1
8298,20240304,348,3,99.3,1
8299,20250428,248,6,84.2,1
8300,20230703,646,2,82.4,1
8301,20230711,251,4,71.1,1
8302,20260314,68,9,83.2,1
8303,20240128,526,8,82.3,1
8304,20241020,365,7,82.4,1
8305,20250313,404,1,64.2,1
8306,20250106,269,3,95.2,1
8307,20240807,236,5,92.5,1
8308,20250714,457,5,88.5,1
8309,20230509,622,9,91.7,1
8310,20260514,292,3,99.4,1
8311,20260528,8,4,95.8,1
8312,20230209,758,2,88.6,1
8313,20260111,36,5,98.1,1
8314,20260222,200,2,87.7,1
8315,20260305,408,7,97.0,1
8316,20231228,550,9,98.7,1
8317,20240107,396,10,84.4,1
8318,20230530,485,1,77.8,1
8319,20230614,483,9,96.3,1
8320,20241106,540,2,93.7,1
8321,20250103,734,7,97.2,1
8322,20251116,625,8,89.9,1
8323,20240621,516,10,65.3,1
8324,20240715,772,2,95.8,1
8325,20230922,608,5,95.0,1
8326,20260502,319,4,99.9,1
8327,20260327,622,6,98.1,1
8328,20260226,768,5,98.1,1
8329,20260606,212,5,91.5,1
8330,20240110,785,4,58.2,1
8331,20250331,276,1,93.3,1
8332,20240325,283,5,89.1,1
8333,20260215,235,2,83.5,1
8334,20230227,706,9,94.8,1
8335,20250417,516,3,93.8,1
8336,20250117,201,8,91.0,1
8337,20230611,697,5,96.1,1
8338,20240710,56,6,63.9,1
8339,20250308,709,3,82.1,1
8340,20240706,561,4,93.1,1
8341,20250904,208,6,75.0,1
8342,20240706,356,5,98.0,1
8343,20250703,460,6,99.0,1
8344,20240602,159,4,92.3,1
8345,20240902,565,3,84.0,1
8346,20250801,644,6,92.7,1
8347,20260216,521,8,63.8,1
8348,20230322,305,1,91.9,1
8349,20250607,158,3,99.4,1
8350,20250120,593,1,94.2,1
8351,20240814,754,10,84.2,1
8352,20241102,195,2,97.8,1
8353,20250604,199,7,87.3,1
8354,20250607,54,5,86.2,1
8355,20260409,372,10,81.5,1
8356,20250214,151,9,95.6,1
8357,20240801,93,5,83.5,1
8358,20260417,344,5,91.6,1
8359,20250802,205,5,73.9,1
8360,20260228,264,6,83.5,1
8361,20230403,236,6,87.7,1
8362,20250810,234,1,95.7,1
8363,20250616,509,9,99.9,1
8364,20250109,564,8,95.6,1
8365,20260327,120,10,77.0,1
8366,20251020,193,4,98.7,1
8367,20230512,189,6,97.8,1
8368,20231030,762,5,95.1,1
8369,20260306,791,1,81.3,1
8370,20240422,2,3,95.0,1
8371,20231202,387,3,99.2,1
8372,20240512,670,9,87.7,1
8373,20251121,15,3,92.2,1
8374,20231213,439,6,87.4,1
8375,20250822,759,6,75.7,1
8376,20240218,185,3,98.7,1
8377,20251111,30,4,83.6,1
8378,20250516,304,9,90.0,1
8379,20230524,684,2,96.0,1
8380,20230310,40,2,81.2,1
8381,20250604,302,9,87.1,1
8382,20230819,49,1,84.8,1
8383,20241101,716,6,88.5,1
8384,20240620,381,1,98.7,1
8385,20230110,466,8,90.0,1
8386,20240414,515,4,93.5,1
8387,20250126,746,10,88.2,1
8388,20250502,129,7,78.8,1
8389,20240114,150,9,78.7,1
8390,20250816,663,9,94.2,1
8391,20250811,640,1,93.3,1
8392,20240923,632,8,91.2,1
8393,20240508,54,7,93.7,1
8394,20260212,622,9,94.7,1
8395,20260512,481,10,87.7,1
8396,20260122,41,4,95.9,1
8397,20250708,161,7,98.5,1
8398,20260103,119,5,67.0,1
8399,20260217,390,2,95.2,1
8400,20230111,442,4,84.2,1
8401,20240905,101,2,87.6,1
8402,20260508,770,4,77.0,1
8403,20240716,133,3,72.9,1
8404,20241106,436,7,97.9,1
8405,20251018,23,6,82.9,1
8406,20250611,106,2,88.3,1
8407,20260301,314,7,97.9,1
8408,20251218,494,9,66.6,1
8409,20240702,119,4,93.8,1
8410,20230327,457,3,85.3,1
8411,20251126,511,3,94.2,1
8412,20250518,535,8,92.1,1
8413,20260606,252,9,79.8,1
8414,20240919,739,6,93.2,1
8415,20231226,266,4,97.4,1
8416,20230417,642,6,85.5,1
8417,20230505,400,9,99.9,1
8418,20260322,433,4,76.5,1
8419,20240414,763,3,84.3,1
8420,20251112,402,4,55.4,1
8421,20260121,77,2,91.1,1
8422,20231130,128,7,77.3,1
8423,20240706,285,4,91.3,1
8424,20260227,749,6,60.4,1
8425,20250421,260,5,75.6,1
8426,20250318,346,9,95.5,1
8427,20251222,577,10,96.3,1
8428,20230706,607,2,87.3,1
8429,20240401,563,1,85.7,1
8430,20260613,762,9,97.3,1
8431,20240702,488,6,87.1,1
8432,20250611,301,9,88.2,1
8433,20240313,704,10,91.0,1
8434,20241229,17,3,96.1,1
8435,20251008,677,1,93.2,1
8436,20260209,288,8,72.9,1
8437,20250416,181,7,84.6,1
8438,20260522,748,5,53.3,1
8439,20241230,169,9,83.1,1
8440,20230519,236,3,98.0,1
8441,20231015,104,10,68.7,1
8442,20240905,42,7,92.4,1
8443,20230510,29,2,79.1,1
8444,20240420,559,2,84.8,1
8445,20240210,779,9,94.5,1
8446,20241209,38,5,81.8,1
8447,20230722,227,10,74.7,1
8448,20251208,66,2,96.8,1
8449,20240711,264,2,95.9,1
8450,20260419,352,4,98.4,1
8451,20240521,555,2,87.0,1
8452,20240810,118,1,96.6,1
8453,20260216,787,9,89.5,1
8454,20250111,551,5,70.5,1
8455,20240628,278,7,97.4,1
8456,20250312,11,8,82.3,1
8457,20241208,142,10,72.2,1
8458,20240326,235,8,87.9,1
8459,20241104,552,8,94.1,1
8460,20240505,761,4,80.5,1
8461,20230122,611,10,76.5,1
8462,20241210,261,5,92.0,1
8463,20231013,44,10,99.6,1
8464,20240823,110,2,92.9,1
8465,20241207,739,4,78.2,1
8466,20260219,177,7,84.1,1
8467,20240409,167,7,98.8,1
8468,20260325,17,4,70.0,1
8469,20240222,662,6,91.1,1
8470,20240119,658,1,85.0,1
8471,20240610,460,5,82.1,1
8472,20230307,642,4,89.7,1
8473,20240312,4,7,88.7,1
8474,20251031,425,7,98.1,1
8475,20230524,331,7,84.8,1
8476,20231117,431,5,86.3,1
8477,20260623,680,9,91.0,1
8478,20260409,648,6,99.1,1
8479,20230307,107,7,94.5,1
8480,20230728,162,8,71.9,1
8481,20250109,786,2,92.0,1
8482,20251104,665,3,54.6,1
8483,20250215,325,2,90.3,1
8484,20241130,170,1,87.5,1
8485,20230102,422,6,92.9,1
8486,20260611,311,3,92.2,1
8487,20230227,624,2,98.0,1
8488,20251228,712,7,96.7,1
8489,20241101,306,3,81.1,1
8490,20231004,482,10,91.5,1
8491,20241222,512,7,95.9,1
8492,20241106,627,7,97.1,1
8493,20250319,413,10,88.3,1
8494,20250216,530,7,75.9,1
8495,20240514,332,7,89.7,1
8496,20240525,53,10,98.7,1
8497,20240827,497,3,65.6,1
8498,20240828,719,8,76.5,1
8499,20240115,67,6,93.6,1
8500,20241011,673,9,92.2,1
8501,20260122,699,1,93.6,1
8502,20240126,454,4,95.8,1
8503,20251119,272,10,78.3,1
8504,20250601,657,5,81.6,1
8505,20251030,597,6,92.2,1
8506,20250716,141,10,90.4,1
8507,20240111,249,5,95.1,1
8508,20241118,66,6,93.2,1
8509,20250619,482,9,89.2,1
8510,20230722,433,5,85.9,1
8511,20231122,476,8,79.2,1
8512,20250419,775,2,92.7,1
8513,20230726,547,2,98.5,1
8514,20250506,80,3,93.5,1
8515,20240502,431,1,84.9,1
8516,20230617,314,5,95.9,1
8517,20240928,775,7,96.2,1
8518,20250612,27,7,74.0,1
8519,20230330,695,8,91.2,1
8520,20240917,311,6,90.1,1
8521,20230526,627,10,96.9,1
8522,20260529,71,10,91.3,1
8523,20240608,754,6,97.5,1
8524,20250908,123,7,89.4,1
8525,20250525,691,2,87.0,1
8526,20231227,205,4,99.1,1
8527,20231225,691,6,93.5,1
8528,20250917,445,2,84.3,1
8529,20230715,311,5,92.7,1
8530,20241028,726,3,98.1,1
8531,20241213,203,5,92.0,1
8532,20241116,414,6,96.4,1
8533,20230627,231,2,93.0,1
8534,20240721,206,2,84.6,1
8535,20251127,737,2,86.9,1
8536,20231104,560,1,91.3,1
8537,20241208,229,4,91.2,1
8538,20230726,389,9,91.5,1
8539,20230331,8,2,90.2,1
8540,20231023,413,6,93.8,1
8541,20240104,166,10,94.3,1
8542,20260222,132,10,86.5,1
8543,20250630,183,10,95.1,1
8544,20260402,614,5,70.0,1
8545,20230310,270,10,97.2,1
8546,20231011,52,1,94.7,1
8547,20240621,404,7,100.0,1
8548,20240207,704,10,91.9,1
8549,20240301,122,5,99.1,1
8550,20260121,53,8,92.5,1
8551,20230824,26,6,97.5,1
8552,20250911,444,10,99.7,1
8553,20250127,324,7,93.6,1
8554,20250125,538,5,90.3,1
8555,20250828,243,5,72.1,1
8556,20240818,60,3,88.4,1
8557,20250417,140,3,87.7,1
8558,20250622,9,6,98.3,1
8559,20250131,364,4,96.8,1
8560,20260206,317,1,95.7,1
8561,20230129,505,1,85.5,1
8562,20240509,697,1,92.0,1
8563,20260224,398,9,88.0,1
8564,20240905,307,3,94.2,1
8565,20230324,237,7,89.9,1
8566,20250515,447,5,99.6,1
8567,20231001,609,6,96.5,1
8568,20231020,127,6,94.2,1
8569,20250901,393,4,92.6,1
8570,20240109,487,4,89.0,1
8571,20260308,781,9,98.3,1
8572,20231128,9,1,100.0,1
8573,20250814,448,4,74.1,1
8574,20250505,79,6,95.0,1
8575,20250608,113,5,78.6,1
8576,20250216,15,5,95.5,1
8577,20251112,279,4,98.1,1
8578,20260201,592,6,85.4,1
8579,20240513,742,9,91.2,1
8580,20250122,48,5,73.8,1
8581,20240414,253,9,85.2,1
8582,20250302,294,5,89.8,1
8583,20230409,485,10,76.8,1
8584,20250118,488,3,99.9,1
8585,20250116,80,1,79.5,1
8586,20250326,110,3,96.8,1
8587,20250102,701,2,91.2,1
8588,20240616,572,9,93.5,1
8589,20240521,96,7,64.1,1
8590,20240616,13,7,86.7,1
8591,20230726,134,9,94.2,1
8592,20250824,707,2,74.0,1
8593,20260522,100,9,87.1,1
8594,20260118,673,2,97.8,1
8595,20260502,776,2,95.2,1
8596,20260407,484,6,86.4,1
8597,20240507,527,5,94.2,1
8598,20250614,531,3,84.4,1
8599,20231101,721,7,73.4,1
8600,20250210,110,2,79.0,1
8601,20230517,631,1,94.3,1
8602,20230824,727,5,64.5,1
8603,20230317,280,2,97.5,1
8604,20250701,466,6,95.1,1
8605,20240205,25,9,87.5,1
8606,20241105,600,4,68.8,1
8607,20250421,583,1,89.4,1
8608,20240512,429,4,88.1,1
8609,20231226,29,5,95.9,1
8610,20250616,140,1,91.1,1
8611,20230406,719,4,85.8,1
8612,20231220,757,2,95.3,1
8613,20250126,607,10,94.5,1
8614,20251209,175,5,99.3,1
8615,20241021,120,5,84.6,1
8616,20230222,770,4,99.0,1
8617,20250601,685,9,98.8,1
8618,20230623,413,10,91.8,1
8619,20230404,355,3,76.2,1
8620,20260202,6,4,98.2,1
8621,20260125,532,10,84.7,1
8622,20251105,569,7,87.1,1
8623,20230216,11,3,91.3,1
8624,20260628,539,1,88.0,1
8625,20240927,307,9,98.3,1
8626,20251109,205,4,99.0,1
8627,20241006,690,4,98.1,1
8628,20250529,278,8,93.3,1
8629,20250717,618,3,79.4,1
8630,20260625,639,6,78.0,1
8631,20230126,631,1,97.0,1
8632,20250415,550,1,88.6,1
8633,20260419,339,7,94.3,1
8634,20240907,5,1,84.9,1
8635,20240731,767,6,80.3,1
8636,20251105,215,10,86.6,1
8637,20250126,80,7,95.3,1
8638,20250316,276,1,95.3,1
8639,20230128,556,2,99.7,1
8640,20240504,751,2,90.5,1
8641,20250314,459,10,86.2,1
8642,20250227,449,10,94.9,1
8643,20230617,288,5,82.2,1
8644,20230920,316,1,90.9,1
8645,20240310,237,2,88.2,1
8646,20250115,610,1,94.3,1
8647,20260315,199,1,86.7,1
8648,20240217,591,5,91.9,1
8649,20231224,455,2,83.3,1
8650,20240321,540,9,89.2,1
8651,20251004,743,3,96.5,1
8652,20240905,714,8,87.8,1
8653,20251014,476,9,90.9,1
8654,20230531,738,7,81.5,1
8655,20260507,795,10,88.2,1
8656,20230110,248,8,71.7,1
8657,20240725,773,3,95.2,1
8658,20240813,177,10,92.6,1
8659,20240131,107,4,92.7,1
8660,20250130,718,10,91.6,1
8661,20240311,72,2,58.7,1
8662,20231221,38,7,73.6,1
8663,20230603,551,4,88.7,1
8664,20241101,64,6,81.9,1
8665,20240711,476,6,80.4,1
8666,20240706,340,9,86.2,1
8667,20240313,609,2,98.5,1
8668,20240926,15,8,94.7,1
8669,20230917,705,9,94.2,1
8670,20240606,403,7,95.6,1
8671,20260604,53,4,91.3,1
8672,20260422,400,5,90.7,1
8673,20230827,416,9,92.6,1
8674,20241102,786,7,93.6,1
8675,20230615,66,7,90.1,1
8676,20260110,662,5,98.1,1
8677,20240327,165,2,69.8,1
8678,20250824,664,2,77.9,1
8679,20240406,429,5,87.3,1
8680,20240723,758,3,69.1,1
8681,20230313,633,7,81.0,1
8682,20251127,383,2,79.1,1
8683,20260130,518,5,77.2,1
8684,20250719,203,10,98.5,1
8685,20231121,21,1,95.7,1
8686,20230603,338,10,92.4,1
8687,20230529,214,5,83.1,1
8688,20251120,604,9,88.9,1
8689,20260313,434,2,97.3,1
8690,20260411,712,10,87.8,1
8691,20240103,71,10,91.9,1
8692,20230906,19,1,72.4,1
8693,20250202,137,10,94.2,1
8694,20231005,188,9,73.0,1
8695,20250406,347,1,95.8,1
8696,20230912,757,5,89.9,1
8697,20260128,162,1,60.8,1
8698,20230814,401,2,82.9,1
8699,20260514,104,8,98.5,1
8700,20240325,212,6,97.6,1
8701,20260106,380,2,96.7,1
8702,20250114,651,2,92.2,1
8703,20240217,4,3,91.2,1
8704,20251127,8,7,93.9,1
8705,20260203,178,7,95.0,1
8706,20240629,410,8,88.1,1
8707,20251124,336,4,94.1,1
8708,20260106,718,7,81.0,1
8709,20240829,320,5,89.4,1
8710,20260206,599,6,89.1,1
8711,20240326,4,6,96.5,1
8712,20251006,622,7,91.9,1
8713,20241207,429,8,90.2,1
8714,20250412,241,7,87.1,1
8715,20260503,744,7,82.4,1
8716,20231202,644,1,91.6,1
8717,20230202,349,6,80.0,1
8718,20250306,732,10,92.9,1
8719,20240220,126,3,87.1,1
8720,20250204,746,2,76.6,1
8721,20250101,627,9,90.1,1
8722,20240807,732,7,95.6,1
8723,20250930,478,9,92.9,1
8724,20230612,493,6,98.2,1
8725,20260421,737,7,91.6,1
8726,20240318,271,4,72.3,1
8727,20260105,412,1,98.4,1
8728,20250828,237,5,46.9,1
8729,20230223,214,4,77.7,1
8730,20260415,711,6,69.4,1
8731,20240309,279,4,97.1,1
8732,20240330,702,3,96.7,1
8733,20231128,23,4,86.6,1
8734,20250402,25,1,95.9,1
8735,20230117,680,2,89.2,1
8736,20240128,561,6,94.5,1
8737,20240809,54,5,82.2,1
8738,20250327,561,1,97.8,1
8739,20241220,603,4,90.8,1
8740,20260428,132,7,87.0,1
8741,20230905,564,1,99.6,1
8742,20250601,629,9,88.7,1
8743,20260302,255,2,97.8,1
8744,20251228,555,10,87.4,1
8745,20241110,122,1,94.1,1
8746,20260505,162,4,98.9,1
8747,20230802,560,4,71.9,1
8748,20240320,100,6,90.4,1
8749,20240106,200,8,77.3,1
8750,20260326,537,4,82.3,1
8751,20240309,492,2,79.7,1
8752,20251127,361,5,90.2,1
8753,20260524,24,3,91.2,1
8754,20260408,622,5,99.1,1
8755,20260426,787,1,98.9,1
8756,20231015,683,5,89.8,1
8757,20230623,231,5,93.9,1
8758,20251225,654,4,84.6,1
8759,20250211,100,2,93.6,1
8760,20260414,103,3,95.0,1
8761,20260417,690,2,74.1,1
8762,20240803,176,4,94.4,1
8763,20250209,434,6,75.9,1
8764,20230212,272,7,85.4,1
8765,20260326,62,2,71.5,1
8766,20230312,349,3,83.6,1
8767,20241225,253,1,99.0,1
8768,20231003,205,7,41.8,1
8769,20260501,513,6,96.6,1
8770,20231218,328,10,93.0,1
8771,20230430,223,3,97.5,1
8772,20240514,627,1,91.0,1
8773,20230806,707,7,96.3,1
8774,20240729,361,3,90.8,1
8775,20230506,269,2,92.7,1
8776,20260203,283,4,86.7,1
8777,20251215,498,1,94.4,1
8778,20250529,168,4,73.6,1
8779,20260123,611,7,86.9,1
8780,20251209,697,5,89.4,1
8781,20241115,731,6,85.2,1
8782,20231026,107,6,95.1,1
8783,20240414,511,3,91.1,1
8784,20241031,39,5,73.6,1
8785,20250330,647,4,91.3,1
8786,20250219,481,9,92.8,1
8787,20240526,194,1,86.8,1
8788,20240107,468,2,96.5,1
8789,20230105,423,1,93.8,1
8790,20240823,97,10,69.5,1
8791,20241029,422,3,98.4,1
8792,20260102,511,2,94.9,1
8793,20250526,559,1,84.0,1
8794,20230201,568,2,89.2,1
8795,20260623,437,4,86.6,1
8796,20241228,445,4,88.6,1
8797,20260609,413,5,93.1,1
8798,20250501,401,7,90.7,1
8799,20230415,627,6,85.5,1
8800,20230308,15,3,87.4,1
8801,20230331,37,2,94.2,1
8802,20260224,121,9,90.9,1
8803,20250814,294,5,97.5,1
8804,20230225,587,6,68.7,1
8805,20250813,379,8,82.0,1
8806,20240828,753,2,89.3,1
8807,20240301,10,8,84.6,1
8808,20240309,666,5,95.2,1
8809,20230329,133,8,87.4,1
8810,20230109,69,2,95.9,1
8811,20240614,667,9,85.6,1
8812,20260319,460,1,95.5,1
8813,20230414,647,3,96.8,1
8814,20230320,431,2,87.5,1
8815,20231017,741,3,91.0,1
8816,20240508,247,4,77.9,1
8817,20260530,27,6,84.6,1
8818,20230131,709,7,98.1,1
8819,20230518,366,9,86.9,1
8820,20250517,651,2,79.2,1
8821,20240628,223,9,97.6,1
8822,20250122,410,8,95.6,1
8823,20240125,719,10,92.6,1
8824,20230410,44,8,92.5,1
8825,20260203,561,3,92.4,1
8826,20230412,317,8,82.2,1
8827,20251019,439,6,80.9,1
8828,20250414,723,6,88.4,1
8829,20240720,498,6,71.3,1
8830,20250517,521,10,84.1,1
8831,20251122,261,4,95.5,1
8832,20231121,640,5,96.8,1
8833,20260418,476,1,72.1,1
8834,20230520,205,4,96.1,1
8835,20240122,208,9,88.7,1
8836,20260213,324,6,89.5,1
8837,20250211,479,6,83.5,1
8838,20250325,627,4,97.2,1
8839,20240808,469,9,88.2,1
8840,20250123,128,1,93.8,1
8841,20260220,331,5,97.9,1
8842,20260624,116,3,93.3,1
8843,20251023,319,4,98.7,1
8844,20240824,99,2,95.1,1
8845,20240202,482,3,98.4,1
8846,20250101,787,1,59.8,1
8847,20230429,327,8,94.6,1
8848,20260615,52,3,78.2,1
8849,20230722,183,1,86.5,1
8850,20240825,666,3,73.8,1
8851,20240831,245,4,98.8,1
8852,20231016,264,3,89.4,1
8853,20240604,627,6,96.5,1
8854,20231006,777,5,98.9,1
8855,20240414,377,10,92.0,1
8856,20250731,252,3,93.1,1
8857,20260312,215,5,82.2,1
8858,20240813,40,4,87.8,1
8859,20250607,109,7,61.0,1
8860,20230823,564,10,88.9,1
8861,20250326,536,2,93.9,1
8862,20240428,200,3,86.3,1
8863,20230718,257,4,99.3,1
8864,20250427,685,7,95.8,1
8865,20240331,62,2,76.6,1
8866,20251129,169,5,55.0,1
8867,20241222,724,9,94.9,1
8868,20230505,509,9,85.5,1
8869,20241211,773,7,68.1,1
8870,20260419,47,6,91.8,1
8871,20250513,269,10,90.0,1
8872,20230604,490,9,68.6,1
8873,20230516,218,3,92.8,1
8874,20260116,533,10,86.4,1
8875,20250406,178,6,93.8,1
8876,20251010,530,8,73.3,1
8877,20230402,262,8,98.3,1
8878,20250514,613,5,62.4,1
8879,20250626,543,8,74.6,1
8880,20240717,516,5,85.3,1
8881,20240606,495,8,91.5,1
8882,20250525,732,4,95.8,1
8883,20260513,590,7,97.8,1
8884,20231205,503,4,81.1,1
8885,20240901,270,10,92.7,1
8886,20230312,362,5,90.2,1
8887,20241019,187,8,81.4,1
8888,20230417,691,7,83.8,1
8889,20240614,387,2,76.7,1
8890,20251028,23,5,87.9,1
8891,20240818,520,8,90.7,1
8892,20260216,324,10,92.2,1
8893,20251019,194,8,99.0,1
8894,20231023,455,5,84.2,1
8895,20230605,782,3,96.7,1
8896,20230327,721,3,97.4,1
8897,20250801,312,9,88.9,1
8898,20240220,205,4,85.9,1
8899,20241106,51,10,95.5,1
8900,20241027,285,1,61.4,1
8901,20230718,781,6,94.6,1
8902,20230806,91,7,95.6,1
8903,20250205,394,7,76.9,1
8904,20251229,622,6,84.8,1
8905,20231125,313,3,58.2,1
8906,20240809,234,7,98.5,1
8907,20250819,509,9,99.4,1
8908,20250104,246,1,96.7,1
8909,20250325,683,3,85.2,1
8910,20260610,608,10,87.2,1
8911,20241121,170,7,82.5,1
8912,20240328,742,10,89.9,1
8913,20240926,417,8,71.4,1
8914,20231117,362,10,94.0,1
8915,20240803,368,8,75.6,1
8916,20250202,144,5,92.2,1
8917,20240316,754,9,85.0,1
8918,20250628,754,2,62.9,1
8919,20240924,291,8,80.0,1
8920,20240805,276,10,90.2,1
8921,20260419,90,4,93.5,1
8922,20260216,645,5,90.9,1
8923,20240527,694,8,87.0,1
8924,20230220,347,8,84.3,1
8925,20230516,159,1,95.1,1
8926,20240203,255,8,92.7,1
8927,20241209,602,2,95.9,1
8928,20240328,770,10,90.2,1
8929,20230209,783,2,96.7,1
8930,20231015,552,9,96.9,1
8931,20230621,744,7,75.4,1
8932,20240814,456,6,95.9,1
8933,20230909,768,10,95.4,1
8934,20240504,115,5,90.2,1
8935,20240620,474,8,93.7,1
8936,20250905,133,3,58.5,1
8937,20250129,151,6,93.8,1
8938,20251006,202,2,91.9,1
8939,20240807,269,7,77.4,1
8940,20231003,338,10,91.6,1
8941,20250506,80,3,89.6,1
8942,20250427,786,7,97.3,1
8943,20240526,83,1,63.8,1
8944,20250221,779,9,87.8,1
8945,20250329,472,1,75.0,1
8946,20230319,495,1,82.3,1
8947,20230609,471,5,93.5,1
8948,20241227,126,6,84.9,1
8949,20240922,454,7,97.8,1
8950,20240831,444,8,62.3,1
8951,20241127,552,8,89.2,1
8952,20250510,36,9,95.0,1
8953,20250117,134,6,95.5,1
8954,20231021,788,9,95.2,1
8955,20240117,592,9,97.5,1
8956,20250122,615,2,99.4,1
8957,20240902,14,7,80.9,1
8958,20241205,534,5,29.1,1
8959,20240209,22,3,84.0,1
8960,20240327,405,6,91.2,1
8961,20260529,431,10,96.8,1
8962,20250704,427,10,88.0,1
8963,20231227,162,4,94.6,1
8964,20260613,257,4,95.4,1
8965,20230216,69,2,98.3,1
8966,20250919,785,8,92.5,1
8967,20240217,80,9,96.1,1
8968,20250822,407,2,85.7,1
8969,20250821,176,5,96.7,1
8970,20240621,728,9,87.3,1
8971,20251024,4,9,80.0,1
8972,20230116,269,5,93.1,1
8973,20240906,656,7,88.1,1
8974,20240717,615,6,99.4,1
8975,20250209,339,9,78.6,1
8976,20240515,686,6,87.6,1
8977,20231201,305,1,83.7,1
8978,20240527,731,1,96.6,1
8979,20240418,197,4,90.0,1
8980,20230826,76,8,98.9,1
8981,20251028,40,2,88.2,1
8982,20250704,375,3,76.9,1
8983,20250319,479,6,93.6,1
8984,20240302,134,4,67.5,1
8985,20250608,673,10,87.0,1
8986,20240110,574,6,92.5,1
8987,20230428,207,8,95.7,1
8988,20230116,549,4,95.4,1
8989,20240629,659,1,98.8,1
8990,20240316,575,3,78.5,1
8991,20230810,631,8,72.8,1
8992,20260220,667,4,95.2,1
8993,20230310,179,5,98.6,1
8994,20260104,232,8,98.4,1
8995,20240520,330,3,95.6,1
8996,20240326,379,1,72.9,1
8997,20260420,798,6,86.9,1
8998,20250217,189,5,89.8,1
8999,20231008,638,7,92.0,1
9000,20250914,18,1,96.5,1
9001,20240927,534,2,86.5,1
9002,20230722,251,8,81.6,1
9003,20230523,305,10,89.9,1
9004,20240123,382,7,85.8,1
9005,20240703,727,6,95.6,1
9006,20240131,61,7,81.9,1
9007,20230519,353,1,57.4,1
9008,20241204,505,6,97.7,1
9009,20230926,347,5,83.3,1
9010,20230807,144,10,85.6,1
9011,20230520,165,3,82.0,1
9012,20250625,731,2,89.8,1
9013,20231128,52,8,92.2,1
9014,20240803,740,6,89.0,1
9015,20250922,79,8,93.2,1
9016,20241123,531,2,92.8,1
9017,20260228,300,5,69.1,1
9018,20240430,393,3,75.3,1
9019,20260330,87,9,93.9,1
9020,20250105,502,6,80.9,1
9021,20230530,333,10,81.7,1
9022,20240430,167,7,79.2,1
9023,20240622,222,1,96.1,1
9024,20230101,530,5,93.4,1
9025,20230329,122,7,91.3,1
9026,20241021,310,9,94.1,1
9027,20240523,798,9,98.0,1
9028,20250218,444,3,95.0,1
9029,20240605,75,10,91.4,1
9030,20250914,553,7,97.3,1
9031,20230627,728,9,83.0,1
9032,20241221,166,8,99.2,1
9033,20251221,668,10,76.8,1
9034,20251019,144,1,76.8,1
9035,20250628,562,6,91.1,1
9036,20260220,9,2,88.6,1
9037,20240421,472,5,91.7,1
9038,20260611,738,2,89.9,1
9039,20240314,60,7,99.8,1
9040,20230201,138,1,89.6,1
9041,20230126,119,4,94.4,1
9042,20250717,495,3,79.1,1
9043,20230128,336,1,92.7,1
9044,20251216,59,3,92.2,1
9045,20230918,633,3,83.4,1
9046,20250412,72,10,93.2,1
9047,20250804,61,5,88.8,1
9048,20260528,404,9,70.5,1
9049,20231026,392,2,95.1,1
9050,20241009,387,5,83.7,1
9051,20230721,320,8,78.7,1
9052,20240111,20,2,98.1,1
9053,20251225,549,3,92.7,1
9054,20250701,122,4,91.9,1
9055,20241114,781,2,90.6,1
9056,20251022,453,8,99.2,1
9057,20240212,495,1,84.4,1
9058,20250518,783,7,81.1,1
9059,20260416,11,9,87.7,1
9060,20251126,694,7,91.3,1
9061,20230423,190,7,81.8,1
9062,20241017,698,6,99.1,1
9063,20250511,571,4,90.4,1
9064,20241107,281,3,74.3,1
9065,20240607,261,10,82.6,1
9066,20241128,274,3,90.9,1
9067,20240329,737,8,84.8,1
9068,20231001,132,9,94.7,1
9069,20250410,487,9,98.8,1
9070,20240616,394,5,83.1,1
9071,20240302,356,7,86.7,1
9072,20240103,56,1,85.6,1
9073,20231019,245,4,95.1,1
9074,20230406,338,7,84.0,1
9075,20231006,478,10,93.2,1
9076,20260405,194,9,96.0,1
9077,20240520,724,7,97.9,1
9078,20230219,509,10,91.5,1
9079,20250530,401,10,99.4,1
9080,20230520,763,1,98.6,1
9081,20231109,256,6,73.9,1
9082,20230407,340,7,86.2,1
9083,20241016,694,7,91.9,1
9084,20250326,694,10,97.7,1
9085,20241217,324,8,93.3,1
9086,20250606,781,3,86.1,1
9087,20230517,716,10,91.4,1
9088,20230907,107,10,95.1,1
9089,20230421,525,7,90.2,1
9090,20240605,763,3,92.8,1
9091,20240708,468,10,78.8,1
9092,20230612,37,10,98.2,1
9093,20240708,575,5,81.0,1
9094,20260203,189,1,91.0,1
9095,20250407,43,1,89.9,1
9096,20240701,58,2,85.8,1
9097,20240807,336,8,87.9,1
9098,20240724,619,7,88.4,1
9099,20240410,276,3,88.3,1
9100,20231119,12,7,84.6,1
9101,20260501,482,1,95.7,1
9102,20250730,695,1,96.5,1
9103,20240121,485,4,91.4,1
9104,20230306,13,2,81.3,1
9105,20241027,17,1,89.1,1
9106,20240406,686,4,66.7,1
9107,20230617,273,5,77.2,1
9108,20240307,788,10,91.4,1
9109,20230428,95,4,90.3,1
9110,20240619,287,7,100.0,1
9111,20230905,618,2,95.0,1
9112,20241015,98,8,90.0,1
9113,20230110,430,1,90.7,1
9114,20231001,1,9,73.1,1
9115,20240324,769,3,77.0,1
9116,20260105,339,9,91.2,1
9117,20250112,732,3,84.0,1
9118,20250701,793,2,98.3,1
9119,20251209,372,3,94.9,1
9120,20260610,23,3,76.7,1
9121,20250607,603,6,78.5,1
9122,20251017,126,3,74.2,1
9123,20260628,557,10,95.1,1
9124,20250806,470,4,98.9,1
9125,20250824,784,8,96.1,1
9126,20260624,94,8,96.0,1
9127,20250123,494,4,48.0,1
9128,20230423,694,2,93.2,1
9129,20240131,732,2,88.5,1
9130,20230514,144,9,62.5,1
9131,20240310,348,8,73.9,1
9132,20241206,15,4,77.7,1
9133,20240824,751,1,67.2,1
9134,20250727,341,3,98.8,1
9135,20230416,652,9,84.0,1
9136,20260610,701,5,93.7,1
9137,20251101,61,7,95.8,1
9138,20230613,175,4,90.6,1
9139,20260118,41,6,85.0,1
9140,20250108,673,10,96.3,1
9141,20260609,118,3,78.9,1
9142,20230716,494,6,97.5,1
9143,20230926,83,7,98.9,1
9144,20250918,98,7,92.3,1
9145,20260316,230,2,81.3,1
9146,20230824,799,7,90.1,1
9147,20250809,287,9,91.7,1
9148,20260417,637,7,98.2,1
9149,20260123,19,1,91.5,1
9150,20260330,503,4,94.0,1
9151,20241231,251,7,89.9,1
9152,20230424,639,8,89.7,1
9153,20231108,260,10,93.7,1
9154,20241223,637,5,97.0,1
9155,20260619,101,9,94.9,1
9156,20260402,743,4,55.6,1
9157,20260518,51,4,75.0,1
9158,20250427,442,4,83.7,1
9159,20251113,771,1,87.2,1
9160,20260217,306,5,96.6,1
9161,20240118,757,2,62.6,1
9162,20240324,293,3,88.1,1
9163,20230418,287,9,89.6,1
9164,20230617,483,2,95.6,1
9165,20240625,361,8,94.0,1
9166,20240119,155,7,88.8,1
9167,20250507,513,1,99.0,1
9168,20230108,786,5,98.0,1
9169,20230605,127,9,98.5,1
9170,20241013,292,3,97.3,1
9171,20240811,784,3,96.0,1
9172,20251207,664,7,95.8,1
9173,20231214,315,3,97.5,1
9174,20250719,365,6,84.5,1
9175,20250724,734,8,87.8,1
9176,20240701,184,2,84.7,1
9177,20250828,441,2,69.7,1
9178,20250604,399,9,97.8,1
9179,20250905,119,10,92.9,1
9180,20240906,743,9,99.3,1
9181,20240303,360,9,70.6,1
9182,20251223,750,3,94.2,1
9183,20260520,584,5,95.8,1
9184,20250622,614,8,49.2,1
9185,20230718,609,3,91.7,1
9186,20241006,763,8,96.6,1
9187,20240808,155,1,89.3,1
9188,20260225,113,6,60.2,1
9189,20240815,181,3,63.9,1
9190,20251202,633,8,91.4,1
9191,20240620,587,5,98.1,1
9192,20251126,531,1,76.3,1
9193,20230417,769,10,98.9,1
9194,20251210,486,5,93.3,1
9195,20250428,443,5,67.6,1
9196,20240802,695,9,96.0,1
9197,20230918,632,7,74.1,1
9198,20251221,167,1,89.8,1
9199,20250531,734,9,90.2,1
9200,20251220,147,9,86.4,1
9201,20250621,691,9,97.3,1
9202,20251202,74,10,90.6,1
9203,20250113,652,1,43.3,1
9204,20250830,46,2,52.8,1
9205,20230307,330,9,95.7,1
9206,20260126,454,2,98.6,1
9207,20250725,352,5,96.8,1
9208,20250316,436,10,84.9,1
9209,20240915,728,8,98.2,1
9210,20250614,669,8,85.4,1
9211,20250613,617,1,86.8,1
9212,20240214,539,6,93.7,1
9213,20231217,402,1,90.2,1
9214,20250709,608,4,97.4,1
9215,20251113,584,10,72.2,1
9216,20230128,1,8,93.5,1
9217,20250824,395,1,92.2,1
9218,20230312,557,9,88.4,1
9219,20241010,243,5,85.7,1
9220,20251130,205,4,99.2,1
9221,20240702,482,1,82.3,1
9222,20230714,751,8,96.3,1
9223,20241127,237,5,91.9,1
9224,20260530,411,5,92.5,1
9225,20250505,522,7,97.7,1
9226,20240925,204,3,84.2,1
9227,20230123,491,2,85.1,1
9228,20240229,411,4,94.5,1
9229,20230614,759,8,99.8,1
9230,20260314,131,7,95.6,1
9231,20230917,771,10,74.0,1
9232,20240502,696,6,94.2,1
9233,20250206,389,3,98.0,1
9234,20230726,511,1,79.9,1
9235,20230503,628,4,70.9,1
9236,20240313,389,6,78.7,1
9237,20250708,487,5,86.8,1
9238,20240529,104,7,99.4,1
9239,20240925,346,10,96.6,1
9240,20260315,341,6,98.1,1
9241,20241103,62,9,98.9,1
9242,20260413,437,8,94.8,1
9243,20240318,98,4,98.0,1
9244,20230211,569,1,79.5,1
9245,20230127,13,8,98.0,1
9246,20240202,537,7,86.2,1
9247,20231223,348,6,74.2,1
9248,20250822,75,7,86.2,1
9249,20260607,154,4,98.3,1
9250,20240521,459,6,65.8,1
9251,20230208,527,10,77.0,1
9252,20240630,396,3,87.0,1
9253,20240720,196,6,87.1,1
9254,20250904,419,9,96.4,1
9255,20251204,33,3,97.0,1
9256,20251201,372,2,97.6,1
9257,20240119,616,2,98.2,1
9258,20241229,512,1,91.3,1
9259,20230821,634,3,98.5,1
9260,20240422,492,4,90.1,1
9261,20250306,435,1,88.5,1
9262,20230402,118,6,93.3,1
9263,20230222,534,10,98.7,1
9264,20230726,793,1,94.8,1
9265,20240902,368,10,82.3,1
9266,20241203,174,6,83.5,1
9267,20260313,229,5,85.5,1
9268,20250718,657,7,76.9,1
9269,20230321,46,5,66.5,1
9270,20240202,524,10,91.7,1
9271,20260307,771,1,90.7,1
9272,20260626,111,2,98.9,1
9273,20240215,439,7,99.9,1
9274,20230407,67,6,76.3,1
9275,20240711,99,10,86.8,1
9276,20241216,105,6,82.5,1
9277,20240811,106,7,96.7,1
9278,20251010,11,4,74.2,1
9279,20260206,616,1,95.3,1
9280,20250504,734,5,94.0,1
9281,20240717,116,8,86.4,1
9282,20231018,689,3,68.1,1
9283,20230821,696,1,96.6,1
9284,20240127,686,4,76.5,1
9285,20230902,724,10,81.9,1
9286,20251016,326,4,99.0,1
9287,20230917,792,8,98.5,1
9288,20240905,428,7,86.8,1
9289,20240925,274,7,87.8,1
9290,20240806,745,7,91.4,1
9291,20240613,270,8,73.4,1
9292,20230324,429,1,97.8,1
9293,20230402,35,9,69.2,1
9294,20250323,178,1,93.8,1
9295,20240226,195,8,88.3,1
9296,20230926,529,2,84.8,1
9297,20251104,89,9,82.5,1
9298,20251014,447,6,92.2,1
9299,20231110,479,10,96.3,1
9300,20241118,278,4,92.1,1
9301,20260331,613,5,96.8,1
9302,20240626,228,2,91.2,1
9303,20230418,462,1,96.1,1
9304,20231104,789,9,76.6,1
9305,20231012,74,2,83.6,1
9306,20230228,126,5,95.3,1
9307,20231125,728,2,97.7,1
9308,20240601,66,1,86.0,1
9309,20250118,466,3,90.9,1
9310,20230616,561,6,98.5,1
9311,20250629,718,4,91.6,1
9312,20231101,434,1,91.1,1
9313,20241106,255,8,90.5,1
9314,20240412,144,6,85.5,1
9315,20250606,238,10,92.3,1
9316,20250201,42,2,88.3,1
9317,20251116,761,10,96.8,1
9318,20250206,43,4,94.7,1
9319,20250105,64,5,96.3,1
9320,20260218,347,3,89.2,1
9321,20230729,95,7,95.0,1
9322,20260422,345,7,98.5,1
9323,20240711,292,4,98.4,1
9324,20260510,422,1,96.8,1
9325,20250807,560,7,81.1,1
9326,20240616,179,8,96.5,1
9327,20240717,610,8,99.2,1
9328,20230408,420,3,89.1,1
9329,20240821,735,1,95.3,1
9330,20240527,488,2,97.7,1
9331,20231117,592,3,52.7,1
9332,20231216,77,3,81.4,1
9333,20250102,338,8,79.7,1
9334,20230202,306,6,93.2,1
9335,20250717,436,4,96.5,1
9336,20260207,157,2,96.3,1
9337,20240810,532,5,94.3,1
9338,20230824,172,10,96.8,1
9339,20240508,257,8,93.5,1
9340,20231214,408,3,99.9,1
9341,20240522,768,8,86.8,1
9342,20240301,245,1,57.8,1
9343,20240522,236,6,92.1,1
9344,20250602,329,8,91.9,1
9345,20260106,624,3,89.4,1
9346,20250906,35,3,95.9,1
9347,20230612,418,10,80.8,1
9348,20240926,303,4,80.8,1
9349,20250208,443,7,88.1,1
9350,20230524,361,3,97.6,1
9351,20250217,402,2,90.6,1
9352,20231104,189,3,67.8,1
9353,20250913,773,6,80.2,1
9354,20250328,738,1,95.1,1
9355,20231230,35,7,80.0,1
9356,20250412,426,2,91.1,1
9357,20231030,69,5,92.7,1
9358,20240113,464,5,79.5,1
9359,20241128,297,2,86.4,1
9360,20240730,336,4,68.4,1
9361,20250321,704,4,87.1,1
9362,20230701,531,9,93.8,1
9363,20231116,778,6,96.6,1
9364,20251004,294,9,95.8,1
9365,20240927,281,3,84.1,1
9366,20250804,191,4,87.1,1
9367,20231026,754,6,99.3,1
9368,20230903,266,9,84.9,1
9369,20240406,536,1,97.7,1
9370,20240704,454,9,72.2,1
9371,20260213,410,10,71.0,1
9372,20240311,1,4,88.6,1
9373,20240627,308,6,91.8,1
9374,20230411,630,3,99.0,1
9375,20250702,417,3,94.3,1
9376,20251125,317,6,98.7,1
9377,20260509,460,6,91.8,1
9378,20240117,289,7,79.4,1
9379,20240919,203,1,92.7,1
9380,20241023,354,4,54.2,1
9381,20260514,765,9,99.1,1
9382,20240922,291,6,99.0,1
9383,20240511,577,7,90.2,1
9384,20231220,585,9,96.2,1
9385,20250831,168,6,86.0,1
9386,20250831,202,2,90.5,1
9387,20230117,644,2,91.8,1
9388,20231215,670,6,86.3,1
9389,20230215,769,6,89.7,1
9390,20250911,227,7,81.4,1
9391,20240223,25,9,96.0,1
9392,20240605,309,5,83.4,1
9393,20250314,550,3,96.0,1
9394,20250614,599,1,72.1,1
9395,20250401,490,3,94.9,1
9396,20250430,455,5,96.2,1
9397,20260102,289,1,91.8,1
9398,20250504,729,8,94.4,1
9399,20250227,272,1,95.5,1
9400,20230222,245,2,87.5,1
9401,20260517,168,9,96.7,1
9402,20240129,216,7,91.3,1
9403,20250919,147,3,94.9,1
9404,20230208,281,4,89.4,1
9405,20260610,272,8,97.9,1
9406,20250531,710,5,93.4,1
9407,20251129,95,3,74.4,1
9408,20230124,403,8,92.4,1
9409,20260512,476,7,83.8,1
9410,20250630,409,7,91.1,1
9411,20260125,46,5,91.3,1
9412,20240428,514,8,95.1,1
9413,20230411,714,2,71.3,1
9414,20260530,90,8,70.6,1
9415,20240616,619,10,81.8,1
9416,20250102,536,2,85.9,1
9417,20260116,614,6,95.0,1
9418,20241020,109,1,67.6,1
9419,20251026,769,5,86.6,1
9420,20240526,477,8,75.6,1
9421,20251026,343,9,83.5,1
9422,20230519,391,6,92.7,1
9423,20250814,7,5,85.0,1
9424,20230419,587,5,95.6,1
9425,20250529,399,5,87.6,1
9426,20241025,615,2,83.1,1
9427,20240901,659,8,98.4,1
9428,20240123,546,6,98.8,1
9429,20231025,686,6,87.8,1
9430,20230913,329,5,80.0,1
9431,20260225,420,4,77.4,1
9432,20241201,784,3,67.2,1
9433,20240406,383,1,86.1,1
9434,20260428,721,5,62.2,1
9435,20240613,662,2,93.1,1
9436,20240911,684,6,88.9,1
9437,20250804,470,2,91.5,1
9438,20240729,630,3,92.3,1
9439,20241130,325,9,76.0,1
9440,20231206,80,7,49.2,1
9441,20230527,53,7,89.8,1
9442,20250107,656,4,88.4,1
9443,20241031,504,9,91.9,1
9444,20231124,563,7,92.5,1
9445,20240415,787,5,96.2,1
9446,20231105,266,7,99.4,1
9447,20230825,727,8,98.2,1
9448,20250319,623,7,78.9,1
9449,20230825,135,10,92.3,1
9450,20230122,450,10,99.0,1
9451,20230626,377,10,92.4,1
9452,20250120,26,7,94.7,1
9453,20230520,253,1,86.0,1
9454,20230710,514,1,94.4,1
9455,20230813,436,7,88.1,1
9456,20250109,330,7,94.7,1
9457,20241015,316,10,90.7,1
9458,20251117,110,1,67.4,1
9459,20260502,430,5,88.8,1
9460,20240701,269,2,94.1,1
9461,20250129,768,3,86.7,1
9462,20240822,463,1,93.4,1
9463,20250809,348,8,95.4,1
9464,20240407,520,1,76.4,1
9465,20240228,240,3,93.0,1
9466,20251004,786,2,85.5,1
9467,20230118,535,8,85.6,1
9468,20250322,673,5,80.7,1
9469,20241031,106,4,98.3,1
9470,20240319,375,10,98.5,1
9471,20230212,718,3,85.3,1
9472,20250124,761,7,71.3,1
9473,20231107,425,3,82.6,1
9474,20240430,769,8,91.7,1
9475,20250428,76,4,98.2,1
9476,20250807,509,4,83.3,1
9477,20240911,507,4,97.4,1
9478,20230821,395,9,90.2,1
9479,20241206,354,4,94.8,1
9480,20240129,17,8,89.3,1
9481,20250810,540,6,73.8,1
9482,20250510,177,3,70.5,1
9483,20230125,553,1,78.6,1
9484,20240725,127,1,98.6,1
9485,20240613,535,2,96.9,1
9486,20260205,484,4,94.9,1
9487,20241215,556,4,88.6,1
9488,20250802,427,6,99.3,1
9489,20260422,669,2,98.6,1
9490,20230815,486,9,89.1,1
9491,20230110,241,9,95.2,1
9492,20250704,43,7,89.4,1
9493,20240805,790,2,96.1,1
9494,20241127,73,10,92.3,1
9495,20260608,785,9,91.4,1
9496,20250803,175,1,94.3,1
9497,20251231,718,7,64.6,1
9498,20250315,784,8,97.9,1
9499,20230828,346,10,96.9,1
9500,20250624,89,5,99.4,1
9501,20240926,665,4,86.6,1
9502,20260219,723,6,83.2,1
9503,20260105,130,4,78.2,1
9504,20250217,517,2,76.0,1
9505,20250709,470,9,99.8,1
9506,20241115,249,1,92.3,1
9507,20230126,333,2,73.4,1
9508,20240204,183,7,90.3,1
9509,20260503,325,4,98.1,1
9510,20230926,781,2,83.5,1
9511,20260623,549,7,92.5,1
9512,20250521,39,10,88.5,1
9513,20240821,472,8,63.4,1
9514,20250129,558,5,99.9,1
9515,20240529,325,1,87.4,1
9516,20241118,49,3,80.6,1
9517,20241219,74,9,84.9,1
9518,20250616,325,3,98.6,1
9519,20251005,383,1,72.0,1
9520,20240102,181,6,70.7,1
9521,20240527,383,3,82.3,1
9522,20230808,575,7,85.5,1
9523,20230618,267,8,97.0,1
9524,20230222,556,5,96.4,1
9525,20260522,54,10,88.2,1
9526,20230605,400,8,81.5,1
9527,20251224,382,1,99.0,1
9528,20230717,251,7,92.7,1
9529,20231222,90,6,91.4,1
9530,20240812,519,2,94.1,1
9531,20241014,542,4,84.5,1
9532,20260526,548,7,94.2,1
9533,20251009,613,5,74.6,1
9534,20251120,733,8,98.0,1
9535,20260425,554,4,75.9,1
9536,20260303,697,3,92.8,1
9537,20230912,280,3,87.4,1
9538,20251221,303,2,70.2,1
9539,20240902,561,7,94.2,1
9540,20241210,392,5,65.9,1
9541,20260309,513,10,86.2,1
9542,20230217,594,3,99.6,1
9543,20260630,737,4,97.1,1
9544,20250110,503,6,63.8,1
9545,20260105,316,10,82.1,1
9546,20250627,686,2,66.8,1
9547,20260604,120,7,88.1,1
9548,20240421,728,9,98.8,1
9549,20250112,657,9,90.8,1
9550,20241214,12,6,83.9,1
9551,20240502,696,6,65.0,1
9552,20230604,79,8,89.2,1
9553,20240505,68,6,94.3,1
9554,20230213,147,6,96.6,1
9555,20250515,24,4,97.8,1
9556,20260319,85,2,91.4,1
9557,20230312,416,9,77.5,1
9558,20241103,489,8,93.4,1
9559,20260207,519,8,92.4,1
9560,20250811,700,3,91.6,1
9561,20241026,351,2,81.6,1
9562,20240518,707,1,98.0,1
9563,20241206,657,3,98.3,1
9564,20260421,408,4,73.7,1
9565,20231004,35,10,99.6,1
9566,20251024,507,10,99.1,1
9567,20250311,488,5,87.1,1
9568,20250809,377,8,83.5,1
9569,20230716,429,10,78.0,1
9570,20231218,423,10,93.5,1
9571,20230430,464,10,93.2,1
9572,20250120,177,2,61.2,1
9573,20250318,526,3,89.9,1
9574,20230127,662,7,91.3,1
9575,20250829,673,1,99.3,1
9576,20251013,116,9,98.9,1
9577,20251013,490,9,93.1,1
9578,20230511,537,4,97.8,1
9579,20260611,481,8,95.6,1
9580,20250319,196,1,92.2,1
9581,20260110,45,5,98.1,1
9582,20230828,295,8,92.8,1
9583,20250908,662,3,95.8,1
9584,20250416,154,8,92.4,1
9585,20230807,793,7,91.7,1
9586,20230707,360,10,81.3,1
9587,20230922,194,2,89.6,1
9588,20260604,69,2,94.7,1
9589,20251013,6,6,98.3,1
9590,20230611,675,10,86.3,1
9591,20240902,392,6,93.3,1
9592,20260428,309,7,95.3,1
9593,20240204,274,9,89.2,1
9594,20240311,179,6,92.3,1
9595,20240910,219,6,58.3,1
9596,20230203,167,7,80.7,1
9597,20260610,278,3,89.4,1
9598,20230109,46,10,93.1,1
9599,20250226,658,5,96.2,1
9600,20241103,680,5,91.9,1
9601,20230114,317,6,73.1,1
9602,20231022,39,4,91.4,1
9603,20250103,22,6,79.1,1
9604,20241127,584,8,73.2,1
9605,20240907,577,1,78.4,1
9606,20231119,548,1,83.5,1
9607,20240519,271,10,99.5,1
9608,20241010,348,10,97.3,1
9609,20250202,150,7,59.2,1
9610,20230907,777,8,97.0,1
9611,20230224,517,10,90.2,1
9612,20230510,251,4,92.7,1
9613,20260301,772,8,82.1,1
9614,20230316,479,2,77.6,1
9615,20230411,278,9,99.7,1
9616,20260312,562,10,84.3,1
9617,20250806,742,10,89.8,1
9618,20230528,767,10,92.0,1
9619,20231221,629,5,90.3,1
9620,20241117,574,1,86.4,1
9621,20250114,584,4,84.2,1
9622,20230625,377,5,96.3,1
9623,20250926,20,4,93.5,1
9624,20241011,260,7,79.9,1
9625,20240227,382,1,94.8,1
9626,20230102,470,4,77.8,1
9627,20251029,395,9,96.1,1
9628,20260316,183,4,76.2,1
9629,20240622,357,4,90.8,1
9630,20231005,89,5,80.2,1
9631,20251221,8,7,83.5,1
9632,20241130,226,2,92.7,1
9633,20240728,501,3,93.6,1
9634,20241129,402,8,94.4,1
9635,20230509,235,10,73.9,1
9636,20260108,68,5,96.3,1
9637,20250218,614,2,72.5,1
9638,20250827,104,8,90.7,1
9639,20251024,391,1,79.2,1
9640,20241125,42,1,82.9,1
9641,20250904,515,5,97.7,1
9642,20230817,795,2,89.0,1
9643,20231113,720,7,82.8,1
9644,20230314,439,8,97.1,1
9645,20230227,444,6,100.0,1
9646,20230905,256,4,86.2,1
9647,20240206,403,3,92.1,1
9648,20250131,618,4,71.8,1
9649,20240904,26,5,79.6,1
9650,20240807,178,7,78.4,1
9651,20231012,478,5,74.1,1
9652,20230404,589,8,86.4,1
9653,20260111,515,6,98.7,1
9654,20231105,375,5,80.1,1
9655,20240719,107,8,93.0,1
9656,20230205,651,3,84.6,1
9657,20250614,766,9,98.7,1
9658,20260302,388,10,54.8,1
9659,20241008,447,9,94.5,1
9660,20230202,683,6,97.6,1
9661,20231125,352,2,87.9,1
9662,20240622,601,9,72.7,1
9663,20241229,459,4,90.7,1
9664,20250211,404,10,99.0,1
9665,20230601,248,9,85.8,1
9666,20240226,309,3,94.0,1
9667,20230108,83,7,87.8,1
9668,20240604,191,2,89.7,1
9669,20250228,733,1,92.2,1
9670,20230809,400,3,77.4,1
9671,20241208,471,6,90.4,1
9672,20230728,251,4,96.9,1
9673,20240706,364,10,95.7,1
9674,20240710,625,9,83.8,1
9675,20241002,250,2,90.4,1
9676,20250915,597,9,94.5,1
9677,20230409,430,10,95.7,1
9678,20230330,243,7,97.5,1
9679,20251211,128,4,85.5,1
9680,20250927,593,6,78.8,1
9681,20250721,101,8,92.3,1
9682,20240716,772,5,94.9,1
9683,20241031,603,9,92.4,1
9684,20231102,724,3,95.3,1
9685,20230629,96,9,93.8,1
9686,20251004,120,3,92.6,1
9687,20260407,130,4,46.0,1
9688,20260121,1,4,99.1,1
9689,20250223,531,4,71.9,1
9690,20240516,764,8,99.0,1
9691,20260511,514,6,93.1,1
9692,20250401,604,1,97.6,1
9693,20260327,179,8,92.7,1
9694,20240927,585,5,76.7,1
9695,20230910,600,6,96.6,1
9696,20250228,477,7,92.1,1
9697,20260315,551,6,87.3,1
9698,20230826,18,6,79.6,1
9699,20250130,764,10,87.6,1
9700,20231025,269,8,65.3,1
9701,20250204,30,8,87.9,1
9702,20240828,582,9,93.6,1
9703,20230118,327,4,76.3,1
9704,20260216,410,10,96.9,1
9705,20240716,363,2,97.3,1
9706,20230403,269,1,83.3,1
9707,20260120,528,7,97.1,1
9708,20241205,568,8,74.8,1
9709,20240330,250,6,90.1,1
9710,20260312,713,1,86.6,1
9711,20240811,7,10,86.0,1
9712,20230718,224,6,88.2,1
9713,20231206,477,3,93.5,1
9714,20230227,520,8,97.4,1
9715,20231124,620,6,66.4,1
9716,20240907,439,1,93.9,1
9717,20260112,268,3,92.6,1
9718,20241120,179,9,98.0,1
9719,20240318,62,5,77.9,1
9720,20250528,719,6,91.7,1
9721,20230129,657,5,94.1,1
9722,20230927,464,10,89.7,1
9723,20250813,672,4,89.1,1
9724,20230715,23,2,91.8,1
9725,20231117,355,8,94.4,1
9726,20240623,316,7,89.2,1
9727,20250214,185,2,81.3,1
9728,20250820,200,8,94.5,1
9729,20240613,146,10,96.1,1
9730,20260226,263,4,96.5,1
9731,20260424,44,5,82.8,1
9732,20251118,772,3,94.2,1
9733,20241109,174,7,89.1,1
9734,20251221,481,2,52.0,1
9735,20240609,223,7,91.8,1
9736,20230516,631,6,99.5,1
9737,20240219,272,8,96.1,1
9738,20260629,750,2,97.7,1
9739,20251111,349,8,83.7,1
9740,20240829,683,9,92.5,1
9741,20241214,523,9,98.0,1
9742,20240825,469,3,70.3,1
9743,20260401,315,10,66.5,1
9744,20250614,53,4,73.6,1
9745,20251015,204,10,79.0,1
9746,20230116,49,5,93.3,1
9747,20251001,691,9,72.0,1
9748,20240102,426,3,94.5,1
9749,20241005,645,3,88.6,1
9750,20241105,68,1,87.6,1
9751,20240313,444,3,91.6,1
9752,20240720,23,3,95.7,1
9753,20240217,258,6,79.4,1
9754,20230522,91,10,93.3,1
9755,20240505,517,6,89.0,1
9756,20250216,663,6,88.1,1
9757,20230807,271,3,98.9,1
9758,20240115,53,8,89.6,1
9759,20250527,20,9,80.8,1
9760,20251204,341,8,91.5,1
9761,20250110,100,6,65.2,1
9762,20250401,244,5,96.5,1
9763,20260601,677,4,98.9,1
9764,20230103,701,1,73.6,1
9765,20250114,732,9,77.5,1
9766,20260110,529,4,98.0,1
9767,20230209,295,8,87.7,1
9768,20250811,354,1,95.6,1
9769,20260411,483,8,86.9,1
9770,20260213,294,7,77.4,1
9771,20230919,565,2,89.6,1
9772,20250709,434,8,90.8,1
9773,20250316,554,5,85.0,1
9774,20241130,548,5,74.9,1
9775,20230415,534,6,97.0,1
9776,20240217,278,10,90.2,1
9777,20250429,630,9,92.6,1
9778,20240710,59,10,96.4,1
9779,20241114,177,9,92.1,1
9780,20250701,393,1,92.8,1
9781,20260504,447,2,95.8,1
9782,20250903,507,5,97.8,1
9783,20240205,564,1,98.6,1
9784,20240823,598,4,94.3,1
9785,20240130,269,6,98.0,1
9786,20250402,734,6,98.5,1
9787,20250224,546,6,83.5,1
9788,20260529,471,9,89.9,1
9789,20241208,385,7,99.8,1
9790,20230617,113,2,95.9,1
9791,20240304,572,2,94.8,1
9792,20260630,51,6,93.4,1
9793,20241013,165,5,76.1,1
9794,20230307,302,3,95.2,1
9795,20230212,502,9,97.0,1
9796,20260527,745,10,79.9,1
9797,20230803,53,3,93.4,1
9798,20231003,273,6,88.6,1
9799,20241226,67,4,75.8,1
9800,20231230,390,5,79.9,1
9801,20251104,437,2,98.1,1
9802,20230526,227,2,93.5,1
9803,20230820,717,10,93.9,1
9804,20240624,454,9,69.9,1
9805,20250220,745,2,97.1,1
9806,20230305,264,3,97.9,1
9807,20250624,376,2,84.7,1
9808,20230607,665,3,98.4,1
9809,20250813,20,2,91.5,1
9810,20250804,719,3,95.8,1
9811,20230314,10,2,77.8,1
9812,20240516,604,10,99.4,1
9813,20241224,255,1,75.1,1
9814,20230101,492,4,92.7,1
9815,20250411,455,1,97.8,1
9816,20250802,609,4,87.1,1
9817,20260325,10,4,91.3,1
9818,20240804,305,1,79.7,1
9819,20240426,506,10,79.9,1
9820,20240724,312,5,94.7,1
9821,20240627,512,9,80.4,1
9822,20250225,487,5,92.6,1
9823,20260309,184,9,91.1,1
9824,20241006,538,5,97.3,1
9825,20260618,303,1,63.7,1
9826,20230104,255,10,87.8,1
9827,20230102,15,8,97.2,1
9828,20230704,478,7,96.6,1
9829,20250307,395,9,97.1,1
9830,20260521,18,8,68.8,1
9831,20240722,146,10,74.1,1
9832,20260626,54,1,97.1,1
9833,20250523,526,4,96.2,1
9834,20260216,365,1,82.1,1
9835,20231121,758,7,96.6,1
9836,20250816,609,8,84.1,1
9837,20250124,169,6,93.9,1
9838,20231126,563,3,94.9,1
9839,20250728,98,9,98.7,1
9840,20240227,406,3,77.8,1
9841,20260227,666,8,89.3,1
9842,20240711,660,10,94.7,1
9843,20230128,518,2,89.8,1
9844,20241226,311,6,95.1,1
9845,20260122,479,9,91.0,1
9846,20250924,717,4,94.2,1
9847,20260416,783,5,80.6,1
9848,20230610,729,10,75.4,1
9849,20250712,13,3,75.3,1
9850,20250327,400,1,99.1,1
9851,20231231,33,2,97.2,1
9852,20251121,485,4,81.3,1
9853,20240509,17,5,88.4,1
9854,20240713,112,4,84.9,1
9855,20260306,137,1,85.7,1
9856,20251112,446,1,95.0,1
9857,20230826,531,8,97.4,1
9858,20251008,2,8,82.1,1
9859,20230714,562,10,87.5,1
9860,20250630,47,6,79.6,1
9861,20250217,585,3,93.3,1
9862,20250416,379,7,98.2,1
9863,20230706,792,6,94.8,1
9864,20230630,472,2,97.8,1
9865,20260410,548,7,98.8,1
9866,20231123,359,2,92.6,1
9867,20250129,215,9,92.7,1
9868,20231028,550,8,97.2,1
9869,20240828,429,7,86.4,1
9870,20260606,543,1,94.0,1
9871,20240909,799,9,91.2,1
9872,20260404,732,7,61.3,1
9873,20230915,377,3,83.2,1
9874,20230517,562,2,71.1,1
9875,20250905,258,8,92.3,1
9876,20230710,409,10,91.3,1
9877,20251222,183,5,97.3,1
9878,20250717,287,4,90.3,1
9879,20250707,515,4,95.9,1
9880,20250511,350,5,93.5,1
9881,20260102,750,8,72.7,1
9882,20241113,605,6,95.2,1
9883,20260423,517,9,95.2,1
9884,20230818,7,3,82.0,1
9885,20230721,564,5,92.1,1
9886,20230811,546,4,96.0,1
9887,20250817,84,5,81.0,1
9888,20240630,54,2,92.1,1
9889,20241015,74,7,98.0,1
9890,20260306,477,8,91.1,1
9891,20231226,469,4,88.7,1
9892,20240630,672,9,94.0,1
9893,20230614,684,1,92.7,1
9894,20241010,286,2,73.0,1
9895,20251127,799,6,85.3,1
9896,20231114,767,8,96.6,1
9897,20230717,343,8,99.8,1
9898,20250912,85,3,71.9,1
9899,20241022,164,5,67.3,1
9900,20251229,54,3,86.2,1
9901,20241116,19,4,91.0,1
9902,20241102,493,3,96.1,1
9903,20241226,405,9,86.4,1
9904,20230908,733,4,88.9,1
9905,20260125,618,4,98.4,1
9906,20230822,127,4,70.6,1
9907,20231008,498,5,94.2,1
9908,20240728,121,8,90.1,1
9909,20260118,507,8,89.9,1
9910,20260516,412,4,62.5,1
9911,20230501,34,1,90.7,1
9912,20250413,633,10,93.8,1
9913,20260629,459,6,94.0,1
9914,20260207,312,1,81.3,1
9915,20241222,593,7,94.3,1
9916,20230504,63,4,92.3,1
9917,20260517,169,9,74.9,1
9918,20231216,57,4,72.9,1
9919,20231203,124,5,95.1,1
9920,20250111,515,6,94.3,1
9921,20251130,66,9,88.9,1
9922,20240202,137,4,96.3,1
9923,20231101,202,4,84.2,1
9924,20250220,660,6,86.2,1
9925,20240726,471,2,82.1,1
9926,20260210,148,4,92.8,1
9927,20240727,26,2,83.6,1
9928,20240628,218,10,91.1,1
9929,20250103,135,10,83.8,1
9930,20250817,342,1,68.3,1
9931,20260419,446,8,81.4,1
9932,20231122,319,6,79.3,1
9933,20230522,444,4,66.3,1
9934,20230729,466,10,92.8,1
9935,20240908,46,4,78.7,1
9936,20250219,376,3,89.5,1
9937,20260304,470,7,87.6,1
9938,20250610,791,7,73.0,1
9939,20230723,408,1,86.0,1
9940,20231121,378,3,88.0,1
9941,20250119,81,1,76.1,1
9942,20240729,304,5,86.8,1
9943,20250508,455,7,84.6,1
9944,20240606,761,6,95.3,1
9945,20240818,530,4,97.3,1
9946,20250615,746,2,72.5,1
9947,20231029,599,8,76.6,1
9948,20260511,707,9,91.8,1
9949,20260330,454,10,99.7,1
9950,20260212,175,6,98.1,1
9951,20240818,19,4,92.4,1
9952,20250331,209,2,82.4,1
9953,20230124,281,8,92.4,1
9954,20231211,663,7,93.8,1
9955,20230925,256,6,94.7,1
9956,20250702,54,5,99.1,1
9957,20251026,320,9,84.6,1
9958,20250721,214,5,75.7,1
9959,20260228,411,5,96.4,1
9960,20240903,123,7,55.6,1
9961,20241124,573,4,97.7,1
9962,20250918,18,8,97.7,1
9963,20230621,574,3,85.5,1
9964,20250719,356,3,96.6,1
9965,20231014,611,7,99.4,1
9966,20230522,188,1,88.3,1
9967,20260528,241,4,88.3,1
9968,20250624,370,2,98.1,1
9969,20260419,733,5,95.9,1
9970,20240501,195,6,78.2,1
9971,20240904,772,10,99.9,1
9972,20250607,419,2,97.8,1
9973,20230110,192,7,95.8,1
9974,20251206,386,3,97.4,1
9975,20260531,547,10,94.6,1
9976,20230218,22,5,96.3,1
9977,20240510,477,4,98.5,1
9978,20230227,780,7,94.6,1
9979,20230107,14,6,89.2,1
9980,20231101,716,3,96.2,1
9981,20230804,78,10,91.7,1
9982,20260205,778,8,94.0,1
9983,20250323,535,4,95.3,1
9984,20240330,342,5,91.1,1
9985,20230228,547,2,89.6,1
9986,20240731,577,10,99.9,1
9987,20240529,107,9,91.2,1
9988,20230514,759,10,98.3,1
9989,20260529,396,3,97.3,1
9990,20231128,730,3,95.9,1
9991,20260611,611,5,94.2,1
9992,20231001,419,8,84.9,1
9993,20231022,434,9,89.4,1
9994,20250314,305,10,97.0,1
9995,20230625,499,1,87.6,1
9996,20230803,352,8,74.4,1
9997,20230108,760,10,94.1,1
9998,20231031,505,4,86.8,1
9999,20231123,769,7,93.7,1
10000,20240803,611,2,74.2,1
10001,20240906,289,4,78.8,1
10002,20231201,374,3,94.8,1
10003,20241128,735,2,90.4,1
10004,20241129,378,1,90.3,1
10005,20240919,248,7,83.6,1
10006,20230914,177,7,74.6,1
10007,20230811,558,4,80.6,1
10008,20260211,508,1,92.6,1
10009,20230218,773,10,90.4,1
10010,20260309,632,5,93.1,1
10011,20230619,347,10,95.5,1
10012,20240228,299,3,72.5,1
10013,20260607,622,6,59.5,1
10014,20230320,757,2,78.7,1
10015,20231213,563,6,95.8,1
10016,20250526,753,8,98.8,1
10017,20260313,498,6,93.3,1
10018,20231023,426,10,86.2,1
10019,20250812,260,8,90.0,1
10020,20231028,746,5,92.1,1
10021,20250320,64,8,99.5,1
10022,20250407,409,7,68.9,1
10023,20260517,478,2,88.8,1
10024,20230622,232,4,88.7,1
10025,20230422,656,8,94.8,1
10026,20230619,234,9,88.9,1
10027,20240607,652,3,99.2,1
10028,20241002,96,2,98.3,1
10029,20251201,293,7,93.8,1
10030,20230507,85,1,91.3,1
10031,20230414,606,8,87.1,1
10032,20230721,525,1,91.2,1
10033,20260210,124,2,93.7,1
10034,20260617,132,10,98.2,1
10035,20260424,448,3,76.3,1
10036,20230324,545,4,89.7,1
10037,20250324,305,2,94.0,1
10038,20240122,20,5,96.8,1
10039,20260421,234,5,96.2,1
10040,20251207,604,2,98.8,1
10041,20230714,753,8,80.7,1
10042,20251213,182,2,91.1,1
10043,20240922,195,6,98.2,1
10044,20231128,742,5,93.8,1
10045,20250225,404,9,77.4,1
10046,20250530,222,7,97.2,1
10047,20231226,346,4,86.3,1
10048,20250731,141,4,89.0,1
10049,20230629,135,5,96.4,1
10050,20250809,35,6,77.3,1
10051,20240916,265,3,96.7,1
10052,20230925,735,8,91.8,1
10053,20230802,429,7,91.7,1
10054,20240511,281,8,78.8,1
10055,20260208,265,3,92.0,1
10056,20230826,374,5,93.0,1
10057,20230726,59,2,78.0,1
10058,20240112,113,7,92.0,1
10059,20240505,158,6,99.2,1
10060,20260405,672,10,90.8,1
10061,20251227,497,6,99.8,1
10062,20251030,560,3,68.8,1
10063,20230709,336,6,75.1,1
10064,20250716,349,7,85.1,1
10065,20240627,761,10,77.1,1
10066,20230715,232,1,99.4,1
10067,20240530,336,1,81.4,1
10068,20260630,54,8,84.7,1
10069,20231205,700,6,91.7,1
10070,20230407,54,10,96.6,1
10071,20240224,556,4,90.8,1
10072,20240809,793,9,90.3,1
10073,20230805,162,1,91.7,1
10074,20230823,585,8,99.4,1
10075,20250719,315,5,94.7,1
10076,20260101,315,8,92.5,1
10077,20240605,410,9,91.1,1
10078,20260129,240,9,86.7,1
10079,20250313,10,9,95.2,1
10080,20240107,535,6,95.0,1
10081,20240628,426,4,90.3,1
10082,20230116,200,9,97.9,1
10083,20240204,551,3,98.2,1
10084,20250313,255,3,90.1,1
10085,20260502,602,5,82.2,1
10086,20250318,481,8,80.9,1
10087,20260304,310,2,99.5,1
10088,20230928,584,1,82.6,1
10089,20240131,468,7,92.0,1
10090,20240617,432,8,94.6,1
10091,20250320,511,8,96.1,1
10092,20250524,689,9,88.8,1
10093,20251106,129,1,85.1,1
10094,20241030,64,3,90.9,1
10095,20230923,72,2,89.8,1
10096,20251017,507,5,93.5,1
10097,20250501,416,5,92.2,1
10098,20230607,349,3,85.3,1
10099,20240611,241,2,99.8,1
10100,20251222,122,1,94.3,1
10101,20240616,446,10,94.8,1
10102,20240115,147,8,90.5,1
10103,20260330,380,10,91.2,1
10104,20260228,45,9,97.9,1
10105,20240714,584,7,87.0,1
10106,20260112,117,2,83.8,1
10107,20241210,140,4,74.3,1
10108,20250119,22,5,71.6,1
10109,20260217,580,8,88.4,1
10110,20250914,637,6,90.2,1
10111,20231208,386,8,58.2,1
10112,20250308,252,2,88.6,1
10113,20241105,166,5,97.8,1
10114,20230628,363,3,91.2,1
10115,20230128,10,9,83.5,1
10116,20241102,386,6,92.5,1
10117,20250304,157,7,89.6,1
10118,20260522,343,4,94.0,1
10119,20260603,411,7,78.2,1
10120,20240929,290,10,95.6,1
10121,20250415,151,10,78.5,1
10122,20250404,559,5,95.5,1
10123,20241209,226,1,64.8,1
10124,20251023,740,1,83.1,1
10125,20251015,509,4,97.7,1
10126,20231019,548,2,85.7,1
10127,20230106,485,4,82.7,1
10128,20250622,745,8,79.8,1
10129,20250326,601,7,84.9,1
10130,20230401,455,7,92.2,1
10131,20241118,368,9,95.0,1
10132,20230102,244,2,91.1,1
10133,20241017,760,1,69.9,1
10134,20240408,485,5,76.3,1
10135,20231013,339,3,78.1,1
10136,20230131,222,1,64.2,1
10137,20260402,355,2,95.0,1
10138,20260314,756,2,97.8,1
10139,20240219,539,2,77.8,1
10140,20260118,177,6,74.3,1
10141,20260323,273,4,95.4,1
10142,20241105,543,10,68.3,1
10143,20230525,295,1,78.3,1
10144,20230211,38,9,96.3,1
10145,20231127,261,10,98.3,1
10146,20241006,587,8,94.8,1
10147,20240413,165,8,97.0,1
10148,20250912,633,4,98.5,1
10149,20250405,245,9,58.7,1
10150,20230806,376,4,94.9,1
10151,20250206,268,6,97.0,1
10152,20241204,617,8,88.9,1
10153,20241231,463,4,82.3,1
10154,20230323,495,5,88.8,1
10155,20240422,699,2,93.0,1
10156,20250829,87,9,81.3,1
10157,20241214,63,9,94.3,1
10158,20250109,569,2,99.0,1
10159,20251226,463,5,77.8,1
10160,20250314,778,2,97.2,1
10161,20230827,515,8,94.1,1
10162,20250322,206,10,66.2,1
10163,20241011,471,1,97.2,1
10164,20250522,270,4,95.7,1
10165,20230920,40,7,87.4,1
10166,20250808,584,9,99.3,1
10167,20260426,399,4,91.6,1
10168,20231030,422,6,75.8,1
10169,20230413,754,5,87.9,1
10170,20240622,129,5,77.2,1
10171,20251021,220,6,97.6,1
10172,20250402,704,4,93.6,1
10173,20230724,36,1,94.4,1
10174,20250624,146,6,84.7,1
10175,20251230,304,2,90.6,1
10176,20251105,346,9,93.3,1
10177,20251026,311,7,87.7,1
10178,20240123,82,1,84.3,1
10179,20250528,477,6,89.4,1
10180,20250214,572,9,95.2,1
10181,20230821,117,5,99.2,1
10182,20240721,399,8,79.0,1
10183,20250402,254,8,99.8,1
10184,20250731,720,2,87.8,1
10185,20240525,142,2,97.9,1
10186,20260404,741,1,78.1,1
10187,20240610,501,2,80.3,1
10188,20240212,176,9,97.6,1
10189,20240210,428,7,99.6,1
10190,20250909,495,6,98.9,1
10191,20250825,504,4,73.5,1
10192,20241016,749,8,76.2,1
10193,20240726,52,10,93.2,1
10194,20240111,96,3,72.4,1
10195,20230917,280,1,87.2,1
10196,20230818,476,5,73.8,1
10197,20231210,791,2,80.7,1
10198,20250629,44,1,96.0,1
10199,20250724,492,4,90.0,1
10200,20251204,109,9,85.6,1
10201,20241006,775,7,82.7,1
10202,20230103,767,3,80.2,1
10203,20260217,591,1,82.5,1
10204,20231231,386,5,89.9,1
10205,20260310,649,3,99.9,1
10206,20251020,507,2,95.1,1
10207,20260117,411,9,85.1,1
10208,20230616,64,5,81.9,1
10209,20240721,474,9,86.4,1
10210,20251026,119,1,96.3,1
10211,20250916,539,10,89.5,1
10212,20241018,147,8,94.7,1
10213,20230211,725,8,82.5,1
10214,20230926,166,9,93.3,1
10215,20260410,647,7,71.6,1
10216,20230125,215,2,99.6,1
10217,20250215,300,10,97.9,1
10218,20240325,2,4,96.0,1
10219,20240608,280,2,91.8,1
10220,20230718,193,5,83.1,1
10221,20260331,573,5,87.4,1
10222,20230510,519,6,83.8,1
10223,20240609,204,10,92.4,1
10224,20230320,360,6,86.8,1
10225,20240110,308,5,78.2,1
10226,20230823,499,2,99.6,1
10227,20230108,523,8,80.3,1
10228,20230331,69,3,91.2,1
10229,20241127,782,10,92.7,1
10230,20230129,241,1,99.0,1
10231,20251020,158,4,73.6,1
10232,20240805,411,8,95.4,1
10233,20240113,712,9,61.4,1
10234,20240812,582,1,77.7,1
10235,20240102,614,7,98.8,1
10236,20230720,24,2,98.9,1
10237,20231018,305,1,83.9,1
10238,20241208,130,2,96.7,1
10239,20260617,579,8,70.1,1
10240,20230824,216,5,98.8,1
10241,20251223,75,3,97.4,1
10242,20250523,294,3,85.5,1
10243,20230913,161,7,98.4,1
10244,20250901,532,1,90.7,1
10245,20230711,636,10,99.3,1
10246,20240502,382,3,87.5,1
10247,20250405,216,10,82.1,1
10248,20260322,6,2,85.1,1
10249,20250224,166,9,92.9,1
10250,20241219,638,2,82.5,1
10251,20240915,526,7,99.3,1
10252,20250928,143,8,46.4,1
10253,20230606,525,1,75.4,1
10254,20251218,369,3,86.3,1
10255,20240215,684,7,95.8,1
10256,20230727,42,4,91.2,1
10257,20240408,560,4,95.9,1
10258,20230523,145,9,95.0,1
10259,20250807,384,9,97.8,1
10260,20240524,699,3,85.1,1
10261,20240317,512,7,98.1,1
10262,20260509,773,3,82.7,1
10263,20260207,616,9,96.5,1
10264,20230825,256,2,95.2,1
10265,20240211,10,7,72.4,1
10266,20230308,362,1,84.3,1
10267,20250715,547,4,86.5,1
10268,20250326,743,6,95.0,1
10269,20230421,285,8,83.6,1
10270,20231218,283,8,95.8,1
10271,20260209,315,9,98.4,1
10272,20230817,189,6,93.0,1
10273,20260316,35,1,89.1,1
10274,20230722,209,6,84.0,1
10275,20251207,6,2,99.1,1
10276,20241228,715,10,88.5,1
10277,20230101,189,6,99.4,1
10278,20241203,713,7,76.9,1
10279,20260216,310,8,84.7,1
10280,20230408,81,3,93.5,1
10281,20231004,691,6,86.3,1
10282,20231011,735,4,85.1,1
10283,20241211,758,1,93.2,1
10284,20251223,2,1,78.3,1
10285,20230219,1,6,82.0,1
10286,20250912,214,7,56.9,1
10287,20230424,374,7,99.8,1
10288,20260312,415,5,96.2,1
10289,20230226,772,6,79.5,1
10290,20240305,311,1,96.8,1
10291,20230621,97,5,91.6,1
10292,20230903,200,10,96.6,1
10293,20240920,303,5,97.8,1
10294,20250415,323,9,92.4,1
10295,20250604,618,2,90.2,1
10296,20250818,668,3,80.1,1
10297,20250817,73,9,97.5,1
10298,20260316,542,6,74.4,1
10299,20231123,619,9,88.3,1
10300,20240127,202,7,73.6,1
10301,20260518,744,5,86.9,1
10302,20230521,145,3,86.9,1
10303,20251029,334,9,85.5,1
10304,20250206,337,8,97.3,1
10305,20230110,242,9,95.4,1
10306,20230307,112,4,98.4,1
10307,20250823,616,10,84.6,1
10308,20260620,235,3,94.3,1
10309,20250804,176,5,89.0,1
10310,20250626,548,4,94.6,1
10311,20240723,478,9,95.5,1
10312,20240624,415,4,99.7,1
10313,20230911,34,7,76.3,1
10314,20240508,100,8,88.3,1
10315,20260424,43,10,91.5,1
10316,20240819,364,2,98.3,1
10317,20250518,762,8,98.5,1
10318,20230127,799,1,93.9,1
10319,20230323,520,6,80.1,1
10320,20250424,800,6,59.6,1
10321,20250213,205,6,77.2,1
10322,20230605,297,4,80.7,1
10323,20260501,137,7,86.4,1
10324,20251013,215,6,99.2,1
10325,20250313,694,4,86.5,1
10326,20241221,772,4,86.8,1
10327,20250827,36,3,94.5,1
10328,20260501,349,3,92.9,1
10329,20230511,162,4,87.6,1
10330,20250609,527,8,82.2,1
10331,20240510,295,4,81.1,1
10332,20251210,303,8,95.0,1
10333,20231128,672,3,96.4,1
10334,20230112,635,2,99.6,1
10335,20260216,328,5,94.0,1
10336,20231029,360,5,75.3,1
10337,20241121,729,10,81.5,1
10338,20250104,776,1,75.9,1
10339,20241103,410,1,98.6,1
10340,20250911,417,9,90.3,1
10341,20260529,726,10,94.9,1
10342,20230617,787,5,90.8,1
10343,20231114,378,10,96.5,1
10344,20260610,305,5,95.6,1
10345,20250427,495,2,82.3,1
10346,20260621,708,1,94.2,1
10347,20250517,654,2,93.2,1
10348,20240415,59,7,88.2,1
10349,20251017,18,2,79.9,1
10350,20230525,397,1,99.4,1
10351,20260127,244,6,94.2,1
10352,20240507,488,5,94.5,1
10353,20250503,127,2,87.2,1
10354,20240302,89,9,99.6,1
10355,20230516,127,9,99.3,1
10356,20230620,712,10,88.6,1
10357,20230112,400,6,89.0,1
10358,20240517,129,1,92.9,1
10359,20250503,346,8,84.5,1
10360,20231028,534,9,87.3,1
10361,20250809,667,10,94.9,1
10362,20231227,155,8,77.3,1
10363,20241025,777,3,80.1,1
10364,20250529,545,4,79.2,1
10365,20240101,424,8,99.8,1
10366,20240425,486,6,90.1,1
10367,20250509,388,6,82.2,1
10368,20240219,64,4,98.5,1
10369,20230106,756,5,84.3,1
10370,20250829,572,4,98.1,1
10371,20230616,29,10,74.7,1
10372,20241003,122,2,99.8,1
10373,20250623,267,9,87.1,1
10374,20260215,27,3,95.6,1
10375,20230501,497,8,91.6,1
10376,20240316,166,6,90.2,1
10377,20260410,117,5,72.7,1
10378,20250225,487,7,73.9,1
10379,20260522,792,8,84.6,1
10380,20231210,535,5,87.8,1
10381,20260226,488,6,96.0,1
10382,20240811,157,9,92.9,1
10383,20250529,611,6,84.3,1
10384,20240417,647,8,88.9,1
10385,20260320,41,8,91.6,1
10386,20231002,472,1,95.9,1
10387,20250721,130,6,97.5,1
10388,20241024,196,3,59.8,1
10389,20240109,159,1,95.8,1
10390,20260122,415,9,92.8,1
10391,20250321,500,5,94.7,1
10392,20230213,31,2,81.4,1
10393,20240607,266,6,95.5,1
10394,20240831,278,5,93.2,1
10395,20250530,33,5,97.1,1
10396,20240130,670,5,85.8,1
10397,20260531,392,4,95.9,1
10398,20230720,216,3,82.8,1
10399,20251020,404,6,91.7,1
10400,20240620,267,1,98.9,1
10401,20241031,717,5,53.9,1
10402,20230121,202,1,83.3,1
10403,20251117,627,3,80.7,1
10404,20231116,240,2,93.8,1
10405,20260316,533,6,78.7,1
10406,20240227,179,6,95.5,1
10407,20231009,56,4,99.4,1
10408,20241016,746,4,45.3,1
10409,20260119,557,3,95.5,1
10410,20230619,116,9,88.9,1
10411,20250228,520,7,93.3,1
10412,20241116,62,10,77.2,1
10413,20250429,503,6,91.1,1
10414,20250829,396,6,96.1,1
10415,20231028,226,3,92.3,1
10416,20240728,696,5,93.3,1
10417,20260319,49,7,96.3,1
10418,20250128,359,5,94.0,1
10419,20240923,718,4,93.8,1
10420,20260418,542,8,84.6,1
10421,20250330,398,2,63.1,1
10422,20231112,343,5,93.3,1
10423,20260223,604,10,98.9,1
10424,20250224,427,9,98.9,1
10425,20230419,351,10,95.1,1
10426,20260610,542,6,74.8,1
10427,20240613,57,5,94.5,1
10428,20250818,548,4,99.3,1
10429,20240712,91,9,84.6,1
10430,20260215,665,6,98.9,1
10431,20250414,222,2,87.5,1
10432,20240404,612,8,93.7,1
10433,20260621,590,7,76.7,1
10434,20250215,187,4,91.8,1
10435,20250803,38,5,99.7,1
10436,20230606,669,6,95.8,1
10437,20251129,712,7,91.9,1
10438,20231128,377,4,85.4,1
10439,20251212,476,5,80.6,1
10440,20231102,430,6,83.5,1
10441,20240923,172,5,89.1,1
10442,20251226,476,4,94.4,1
10443,20260425,51,5,89.0,1
10444,20230714,776,2,96.7,1
10445,20250418,164,10,89.7,1
10446,20251118,758,6,84.3,1
10447,20251201,345,10,73.0,1
10448,20230817,381,7,67.7,1
10449,20250115,328,3,90.7,1
10450,20250329,262,7,60.4,1
10451,20260205,627,5,72.8,1
10452,20230226,5,2,97.7,1
10453,20230506,324,1,70.8,1
10454,20250520,130,9,94.6,1
10455,20240112,170,10,84.7,1
10456,20240627,771,2,61.8,1
10457,20231110,753,3,81.1,1
10458,20230123,397,2,95.2,1
10459,20240323,274,5,91.5,1
10460,20260430,630,9,85.2,1
10461,20260124,284,5,87.8,1
10462,20240113,93,10,92.0,1
10463,20250730,662,9,92.3,1
10464,20240425,297,5,98.5,1
10465,20230705,777,4,72.0,1
10466,20250605,222,9,94.7,1
10467,20230329,106,5,85.7,1
10468,20230917,195,7,89.5,1
10469,20250918,573,4,94.1,1
10470,20230220,387,5,81.0,1
10471,20230514,132,5,92.9,1
10472,20260214,406,7,75.0,1
10473,20240404,534,1,98.6,1
10474,20251205,130,10,98.2,1
10475,20230127,616,9,93.7,1
10476,20241030,448,6,86.1,1
10477,20230505,261,2,78.7,1
10478,20250526,733,7,90.8,1
10479,20251112,237,3,86.7,1
10480,20251227,37,6,91.3,1
10481,20250720,370,10,68.9,1
10482,20250710,189,1,80.7,1
10483,20250714,85,4,97.4,1
10484,20231003,196,5,86.0,1
10485,20250511,11,1,86.9,1
10486,20240316,264,9,99.0,1
10487,20241111,775,6,95.8,1
10488,20230903,786,3,79.2,1
10489,20230504,276,8,95.6,1
10490,20260527,283,4,94.6,1
10491,20250614,336,5,97.0,1
10492,20241214,43,9,95.9,1
10493,20260204,347,10,97.2,1
10494,20230124,78,9,97.6,1
10495,20250602,590,7,85.9,1
10496,20231218,575,8,93.8,1
10497,20230707,342,2,74.3,1
10498,20241016,249,5,88.1,1
10499,20240310,257,9,87.0,1
10500,20250602,216,5,90.6,1
10501,20230203,783,9,97.5,1
10502,20241201,31,8,87.1,1
10503,20250211,434,4,99.3,1
10504,20231213,59,3,66.1,1
10505,20240909,506,3,75.4,1
10506,20230513,64,3,90.4,1
10507,20260325,411,2,86.3,1
10508,20230528,327,7,68.0,1
10509,20251101,569,4,77.7,1
10510,20230518,25,9,98.0,1
10511,20250722,359,6,97.3,1
10512,20250525,684,10,80.1,1
10513,20250125,93,7,88.5,1
10514,20240101,716,3,71.8,1
10515,20250728,141,10,94.0,1
10516,20230226,385,3,84.9,1
10517,20260216,657,5,91.3,1
10518,20260406,181,10,84.6,1
10519,20240528,236,8,95.0,1
10520,20240125,20,2,96.5,1
10521,20260130,105,10,83.8,1
10522,20230830,368,5,90.3,1
10523,20240315,268,6,93.8,1
10524,20260621,69,5,87.5,1
10525,20240116,663,9,99.6,1
10526,20231029,364,1,89.3,1
10527,20260228,567,6,97.2,1
10528,20240705,709,3,88.3,1
10529,20230820,8,9,77.0,1
10530,20240818,409,2,90.1,1
10531,20250312,368,4,95.8,1
10532,20260219,25,4,89.8,1
10533,20230307,660,8,76.9,1
10534,20260127,719,4,70.2,1
10535,20250227,279,9,75.5,1
10536,20260211,140,2,82.9,1
10537,20230226,357,8,96.0,1
10538,20230720,339,8,95.4,1
10539,20260203,240,3,81.0,1
10540,20260601,140,6,93.5,1
10541,20231014,800,9,70.6,1
10542,20250707,705,2,86.0,1
10543,20241124,102,6,82.8,1
10544,20240118,615,9,80.4,1
10545,20240601,218,2,81.3,1
10546,20241002,274,1,89.1,1
10547,20241030,407,4,88.6,1
10548,20230114,92,2,83.1,1
10549,20240621,632,8,84.0,1
10550,20240517,502,4,75.0,1
10551,20230828,4,7,89.7,1
10552,20230326,744,4,77.2,1
10553,20251020,535,6,99.6,1
10554,20230906,189,6,89.0,1
10555,20250130,118,7,98.2,1
10556,20240306,709,2,89.9,1
10557,20230718,328,8,98.8,1
10558,20251116,469,1,89.3,1
10559,20260309,43,8,89.0,1
10560,20260614,777,7,74.4,1
10561,20231113,147,1,95.6,1
10562,20230831,341,3,93.0,1
10563,20231122,558,10,97.7,1
10564,20231006,320,8,96.4,1
10565,20250528,189,10,88.4,1
10566,20250406,208,7,74.3,1
10567,20251115,253,10,91.2,1
10568,20230306,548,5,64.2,1
10569,20260416,117,4,72.0,1
10570,20230623,784,8,99.3,1
10571,20240209,41,1,93.9,1
10572,20250617,636,8,96.4,1
10573,20260616,33,2,99.8,1
10574,20230803,532,8,76.1,1
10575,20240730,710,2,84.2,1
10576,20230805,758,9,87.5,1
10577,20250128,293,4,86.3,1
10578,20250701,342,10,87.3,1
10579,20251105,248,3,90.4,1
10580,20250211,162,6,97.7,1
10581,20250306,406,8,72.3,1
10582,20260622,615,9,94.5,1
10583,20241111,566,2,89.0,1
10584,20240228,305,1,44.1,1
10585,20230128,159,8,97.5,1
10586,20230511,466,6,93.4,1
10587,20240611,422,1,84.0,1
10588,20240430,256,6,83.0,1
10589,20240219,89,6,94.8,1
10590,20260603,262,6,96.2,1
10591,20230430,562,6,86.4,1
10592,20240715,563,5,90.8,1
10593,20260103,18,2,74.9,1
10594,20250325,398,8,82.1,1
10595,20240705,340,6,79.9,1
10596,20230128,76,9,95.2,1
10597,20260114,16,1,99.1,1
10598,20230221,8,3,90.1,1
10599,20240928,98,5,96.7,1
10600,20260514,246,8,83.2,1
10601,20230730,699,10,95.3,1
10602,20260621,781,1,94.8,1
10603,20250120,515,8,55.7,1
10604,20250310,338,7,51.3,1
10605,20230903,730,1,93.4,1
10606,20250908,540,8,91.5,1
10607,20230502,213,1,86.5,1
10608,20240502,46,10,71.9,1
10609,20240216,12,7,62.2,1
10610,20250701,555,2,67.1,1
10611,20260118,444,3,79.5,1
10612,20251209,325,7,86.6,1
10613,20260331,689,7,90.4,1
10614,20230608,517,8,97.7,1
10615,20230625,633,5,78.7,1
10616,20230129,723,6,86.6,1
10617,20241202,310,8,90.4,1
10618,20240306,187,6,84.8,1
10619,20250823,350,1,97.3,1
10620,20241101,756,3,98.0,1
10621,20250806,503,2,94.3,1
10622,20241214,306,1,88.6,1
10623,20250113,215,1,80.8,1
10624,20251227,534,5,88.6,1
10625,20251206,240,3,73.8,1
10626,20240111,466,6,95.8,1
10627,20240212,182,1,95.3,1
10628,20240720,132,3,94.9,1
10629,20240902,530,7,82.3,1
10630,20241028,538,3,87.6,1
10631,20240128,698,4,96.5,1
10632,20250804,583,10,99.2,1
10633,20260120,310,6,72.9,1
10634,20231219,498,10,97.1,1
10635,20230224,444,5,97.0,1
10636,20240401,73,9,89.8,1
10637,20250814,627,4,87.1,1
10638,20230804,266,1,72.7,1
10639,20231230,675,7,94.2,1
10640,20230111,506,8,98.5,1
10641,20251123,536,8,96.9,1
10642,20250721,242,4,92.9,1
10643,20230910,250,2,98.8,1
10644,20230125,421,2,84.9,1
10645,20241123,161,7,66.2,1
10646,20240107,268,6,91.6,1
10647,20241105,34,10,76.1,1
10648,20240120,418,5,72.6,1
10649,20260328,184,5,63.5,1
10650,20260110,529,6,92.3,1
10651,20230406,16,9,84.3,1
10652,20241205,660,4,96.4,1
10653,20260319,254,1,90.7,1
10654,20240301,754,3,92.5,1
10655,20241114,684,3,90.3,1
10656,20260218,162,2,95.1,1
10657,20260414,458,5,88.6,1
10658,20250320,551,9,90.4,1
10659,20231229,625,4,79.6,1
10660,20250424,754,4,98.1,1
10661,20250809,21,2,86.3,1
10662,20240924,734,9,94.6,1
10663,20240527,175,1,94.9,1
10664,20240516,200,5,98.3,1
10665,20250729,293,7,92.3,1
10666,20251105,106,9,94.4,1
10667,20230607,287,5,99.2,1
10668,20230531,224,6,89.8,1
10669,20230404,754,8,86.5,1
10670,20240104,193,4,83.3,1
10671,20260118,271,5,73.7,1
10672,20250703,792,9,87.1,1
10673,20240412,344,2,94.0,1
10674,20250916,117,10,78.4,1
10675,20230221,280,1,96.7,1
10676,20230706,758,2,90.1,1
10677,20260203,645,7,95.0,1
10678,20241107,84,1,96.4,1
10679,20241021,126,4,80.6,1
10680,20240204,574,4,93.6,1
10681,20230907,639,2,97.0,1
10682,20260322,719,4,85.7,1
10683,20260626,685,1,97.9,1
10684,20240328,176,10,92.1,1
10685,20241206,244,10,94.4,1
10686,20231210,366,4,68.3,1
10687,20230419,512,10,74.1,1
10688,20260429,391,9,95.6,1
10689,20260525,506,1,57.3,1
10690,20251224,144,4,93.7,1
10691,20240617,66,10,96.0,1
10692,20250201,268,2,98.8,1
10693,20250428,359,6,94.7,1
10694,20260625,384,2,98.2,1
10695,20251207,382,1,91.4,1
10696,20250216,689,10,94.1,1
10697,20241002,198,1,89.7,1
10698,20250621,795,4,70.3,1
10699,20230224,402,7,89.3,1
10700,20251026,320,7,79.0,1
10701,20260318,268,4,82.0,1
10702,20240308,6,3,95.4,1
10703,20250114,458,7,92.2,1
10704,20250222,491,1,71.6,1
10705,20250907,718,10,97.3,1
10706,20240714,78,2,92.7,1
10707,20250808,203,5,82.8,1
10708,20240715,271,9,97.3,1
10709,20250103,508,1,95.3,1
10710,20230806,169,9,89.9,1
10711,20250820,415,6,78.6,1
10712,20240210,565,4,65.5,1
10713,20240504,663,9,78.8,1
10714,20260518,49,7,78.6,1
10715,20230726,16,7,62.8,1
10716,20231114,323,4,96.2,1
10717,20250203,74,6,96.4,1
10718,20251105,401,7,88.6,1
10719,20231205,562,10,90.9,1
10720,20231226,460,10,93.9,1
10721,20240324,754,6,83.6,1
10722,20240813,733,5,75.8,1
10723,20240306,545,4,62.0,1
10724,20260526,133,6,60.7,1
10725,20230821,404,4,88.3,1
10726,20241216,103,4,57.7,1
10727,20250330,759,10,88.7,1
10728,20240528,16,1,90.9,1
10729,20230812,258,10,96.4,1
10730,20230204,123,3,81.5,1
10731,20231106,276,8,93.8,1
10732,20250819,400,4,87.1,1
10733,20260530,62,3,97.8,1
10734,20240202,663,6,89.4,1
10735,20250313,590,3,99.9,1
10736,20250223,128,1,94.4,1
10737,20250313,560,2,96.9,1
10738,20260429,615,2,98.2,1
10739,20230421,198,5,92.3,1
10740,20230805,303,4,94.8,1
10741,20250630,346,4,76.9,1
10742,20260202,401,10,96.4,1
10743,20240620,341,2,96.5,1
10744,20241216,727,5,63.9,1
10745,20230204,193,6,88.9,1
10746,20250527,345,7,93.6,1
10747,20230217,52,4,92.2,1
10748,20240216,372,1,78.6,1
10749,20240524,579,8,94.0,1
10750,20250323,503,4,76.0,1
10751,20240912,591,2,87.9,1
10752,20260419,270,7,76.5,1
10753,20230723,783,2,97.1,1
10754,20241012,456,7,91.2,1
10755,20250815,609,10,85.3,1
10756,20250122,377,3,97.3,1
10757,20251012,449,4,97.7,1
10758,20231130,532,8,65.9,1
10759,20250615,470,1,90.8,1
10760,20241221,318,2,92.8,1
10761,20231219,638,1,71.2,1
10762,20231210,776,7,84.7,1
10763,20240802,243,7,97.1,1
10764,20230124,770,2,96.0,1
10765,20240915,111,9,76.3,1
10766,20250602,751,8,83.9,1
10767,20250309,657,7,89.9,1
10768,20231111,678,5,94.2,1
10769,20240419,313,7,91.4,1
10770,20240713,448,4,87.6,1
10771,20250419,669,3,78.6,1
10772,20260629,442,4,92.3,1
10773,20240312,445,3,85.0,1
10774,20250310,22,9,97.0,1
10775,20250721,165,1,95.7,1
10776,20240404,420,10,78.8,1
10777,20230430,548,8,82.7,1
10778,20241207,54,3,88.5,1
10779,20250409,12,3,97.1,1
10780,20250827,727,9,95.2,1
10781,20251112,2,3,85.7,1
10782,20240319,419,7,80.2,1
10783,20240526,738,7,76.7,1
10784,20250611,36,3,54.1,1
10785,20231102,775,6,96.6,1
10786,20260305,224,10,98.7,1
10787,20250414,352,10,97.4,1
10788,20250213,365,10,76.9,1
10789,20231217,670,10,78.9,1
10790,20241016,760,5,69.0,1
10791,20240531,602,4,95.9,1
10792,20250630,168,5,94.9,1
10793,20241207,615,3,98.4,1
10794,20250403,597,2,90.9,1
10795,20230507,454,8,89.5,1
10796,20241229,519,8,97.0,1
10797,20230704,195,9,98.3,1
10798,20230202,291,8,86.8,1
10799,20250110,374,3,95.7,1
10800,20230616,372,6,99.8,1
10801,20240314,308,6,94.0,1
10802,20230810,699,7,91.5,1
10803,20260212,174,3,96.2,1
10804,20231129,608,5,87.7,1
10805,20250202,143,3,93.4,1
10806,20250617,296,5,94.1,1
10807,20240610,730,6,90.7,1
10808,20260426,193,3,98.4,1
10809,20240313,667,9,94.9,1
10810,20240302,500,3,99.2,1
10811,20250925,604,10,99.3,1
10812,20230930,297,2,93.4,1
10813,20240617,69,2,94.1,1
10814,20230603,127,6,94.8,1
10815,20231011,18,6,85.8,1
10816,20240903,545,1,73.1,1
10817,20250620,611,3,86.5,1
10818,20230701,458,4,92.4,1
10819,20260101,376,5,68.2,1
10820,20230125,274,5,87.8,1
10821,20240510,718,3,94.9,1
10822,20241203,543,3,87.0,1
10823,20230715,154,10,88.7,1
10824,20231114,343,9,72.2,1
10825,20230521,327,9,99.6,1
10826,20250409,220,8,97.1,1
10827,20250529,60,6,79.5,1
10828,20230120,421,3,74.7,1
10829,20251211,40,2,77.1,1
10830,20231004,348,1,92.6,1
10831,20240425,663,4,80.0,1
10832,20230526,686,2,95.2,1
10833,20260213,101,10,85.9,1
10834,20230405,602,8,86.5,1
10835,20250503,430,2,85.3,1
10836,20230331,695,9,89.4,1
10837,20230729,48,7,91.5,1
10838,20260509,752,5,78.5,1
10839,20241116,616,10,99.4,1
10840,20250728,63,10,97.1,1
10841,20231125,243,7,69.6,1
10842,20260317,172,1,93.5,1
10843,20240726,488,10,92.4,1
10844,20250918,685,5,91.9,1
10845,20230309,654,10,91.2,1
10846,20231116,284,8,74.2,1
10847,20240424,409,4,98.1,1
10848,20250821,792,3,96.4,1
10849,20231220,672,10,98.4,1
10850,20240107,523,3,96.0,1
10851,20241031,372,1,83.8,1
10852,20230715,619,1,91.9,1
10853,20240209,611,1,94.3,1
10854,20250319,479,5,91.7,1
10855,20250227,77,2,95.7,1
10856,20240428,330,6,93.9,1
10857,20230604,185,4,87.2,1
10858,20260420,57,8,86.2,1
10859,20240620,548,4,78.1,1
10860,20240717,558,3,76.4,1
10861,20230216,104,3,97.0,1
10862,20240625,642,5,97.6,1
10863,20240630,535,2,84.8,1
10864,20260111,305,1,95.6,1
10865,20230226,18,1,70.9,1
10866,20230505,690,7,90.2,1
10867,20250303,640,2,94.6,1
10868,20230310,260,3,87.8,1
10869,20260424,753,3,82.7,1
10870,20240601,323,10,86.2,1
10871,20231219,6,10,78.1,1
10872,20250210,699,2,96.2,1
10873,20250424,235,8,81.0,1
10874,20250908,33,1,85.2,1
10875,20240516,151,7,92.6,1
10876,20230115,652,2,87.6,1
10877,20250301,17,3,91.0,1
10878,20230423,264,8,87.8,1
10879,20260125,677,5,98.0,1
10880,20250107,226,10,97.4,1
10881,20251105,598,2,99.5,1
10882,20240913,773,2,95.8,1
10883,20240906,294,10,86.0,1
10884,20230814,219,7,85.2,1
10885,20230303,422,6,97.1,1
10886,20251210,633,9,88.4,1
10887,20250523,489,10,93.8,1
10888,20230715,248,1,84.0,1
10889,20240220,789,6,81.6,1
10890,20251016,408,1,88.0,1
10891,20240204,564,7,88.9,1
10892,20251202,763,5,74.0,1
10893,20250720,325,1,89.2,1
10894,20240505,168,2,71.2,1
10895,20241224,364,9,86.2,1
10896,20250315,96,1,88.7,1
10897,20251125,582,8,95.5,1
10898,20251109,517,6,93.1,1
10899,20250902,355,9,89.3,1
10900,20260623,101,5,89.9,1
10901,20240926,667,10,82.2,1
10902,20230118,591,8,96.8,1
10903,20230927,201,6,99.6,1
10904,20230428,486,8,97.5,1
10905,20231215,558,7,85.6,1
10906,20251001,324,9,94.3,1
10907,20230308,150,2,96.8,1
10908,20250310,624,8,93.8,1
10909,20240822,157,3,82.2,1
10910,20250305,604,6,86.4,1
10911,20250619,784,2,89.5,1
10912,20250223,491,7,96.5,1
10913,20230322,430,10,96.4,1
10914,20250605,628,4,99.3,1
10915,20250828,649,10,86.8,1
10916,20230507,668,1,95.1,1
10917,20231121,381,4,99.3,1
10918,20250617,423,8,65.2,1
10919,20231204,673,7,82.2,1
10920,20240824,378,9,67.8,1
10921,20250722,324,5,95.8,1
10922,20260424,534,3,93.6,1
10923,20260601,8,1,86.6,1
10924,20230704,670,5,91.5,1
10925,20230927,381,2,93.2,1
10926,20240321,366,9,85.1,1
10927,20250826,432,6,77.2,1
10928,20240129,565,9,94.3,1
10929,20240404,247,6,96.9,1
10930,20240601,240,8,82.6,1
10931,20250918,332,10,83.7,1
10932,20240118,279,7,84.1,1
10933,20240524,449,10,84.2,1
10934,20260123,697,6,94.6,1
10935,20250703,725,3,98.5,1
10936,20230213,633,1,78.6,1
10937,20241004,750,10,94.9,1
10938,20231001,424,2,93.1,1
10939,20240418,542,9,91.3,1
10940,20240205,659,4,64.5,1
10941,20230528,219,4,83.6,1
10942,20260306,725,4,91.6,1
10943,20240706,187,1,92.7,1
10944,20231126,607,5,91.1,1
10945,20240427,624,9,76.8,1
10946,20241006,448,10,59.5,1
10947,20260303,777,2,85.7,1
10948,20250111,270,7,84.6,1
10949,20260320,172,4,84.4,1
10950,20250908,364,6,97.6,1
10951,20250316,67,2,95.7,1
10952,20240208,633,10,98.6,1
10953,20231205,779,8,85.4,1
10954,20230103,346,6,88.4,1
10955,20230903,75,6,98.1,1
10956,20230320,675,7,85.1,1
10957,20240729,194,3,92.3,1
10958,20250816,263,1,97.6,1
10959,20250305,780,1,96.8,1
10960,20241201,670,1,94.5,1
10961,20240414,798,8,94.8,1
10962,20240906,488,5,97.5,1
10963,20231029,68,8,87.6,1
10964,20241020,600,9,89.6,1
10965,20240708,237,3,94.8,1
10966,20231105,598,1,86.5,1
10967,20240507,376,5,90.9,1
10968,20250427,668,7,97.2,1
10969,20250722,303,8,91.8,1
10970,20230112,601,9,91.4,1
10971,20250412,590,10,77.6,1
10972,20241114,798,7,81.2,1
10973,20230920,121,5,84.9,1
10974,20230904,593,3,75.4,1
10975,20260621,169,9,96.8,1
10976,20241217,789,1,95.4,1
10977,20241126,444,2,96.0,1
10978,20260211,647,10,63.2,1
10979,20250621,36,4,92.4,1
10980,20240520,446,9,93.4,1
10981,20251129,675,4,89.9,1
10982,20231106,72,1,72.4,1
10983,20241017,129,7,88.5,1
10984,20230213,344,8,89.9,1
10985,20231212,339,6,97.3,1
10986,20250111,174,10,80.4,1
10987,20240122,178,8,80.3,1
10988,20240205,727,3,97.9,1
10989,20250809,472,4,95.8,1
10990,20240107,685,4,96.4,1
10991,20250902,242,9,92.2,1
10992,20230916,715,3,81.9,1
10993,20241207,348,1,82.2,1
10994,20250426,580,10,80.2,1
10995,20240924,787,3,98.4,1
10996,20230321,147,9,84.9,1
10997,20240911,414,1,88.9,1
10998,20230723,354,6,95.1,1
10999,20250513,528,3,87.2,1
11000,20240325,132,2,75.1,1
11001,20250527,222,7,94.2,1
11002,20241225,659,4,90.8,1
11003,20251001,41,8,94.3,1
11004,20230118,401,6,88.7,1
11005,20250507,471,1,78.4,1
11006,20240810,203,10,95.9,1
11007,20250720,343,6,70.8,1
11008,20230614,647,4,82.5,1
11009,20240716,355,5,93.6,1
11010,20240212,504,6,81.7,1
11011,20240306,45,10,92.9,1
11012,20260408,174,8,95.9,1
11013,20240901,122,6,91.0,1
11014,20250119,326,3,91.7,1
11015,20250516,337,4,97.2,1
11016,20251105,741,3,96.4,1
11017,20240218,407,9,95.9,1
11018,20230115,439,9,79.3,1
11019,20251228,466,8,99.2,1
11020,20240227,464,3,97.8,1
11021,20240414,394,5,97.1,1
11022,20260220,668,7,80.3,1
11023,20230807,311,2,88.1,1
11024,20240711,478,9,99.7,1
11025,20260109,383,8,86.0,1
11026,20231216,398,5,72.4,1
11027,20230113,207,5,95.8,1
11028,20240102,741,6,77.3,1
11029,20250220,590,9,83.9,1
11030,20230313,695,2,87.2,1
11031,20240730,73,7,88.4,1
11032,20260220,718,9,95.3,1
11033,20250722,598,3,96.1,1
11034,20240609,563,9,84.7,1
11035,20251118,212,7,94.4,1
11036,20240619,604,6,88.2,1
11037,20240811,706,1,82.9,1
11038,20250817,403,4,86.2,1
11039,20230227,184,9,80.9,1
11040,20240716,31,6,99.2,1
11041,20260601,582,1,94.4,1
11042,20230513,752,2,95.8,1
11043,20231030,395,8,96.9,1
11044,20230817,297,9,97.4,1
11045,20260519,549,10,92.8,1
11046,20240403,163,9,95.5,1
11047,20230130,737,1,56.9,1
11048,20251016,228,7,96.4,1
11049,20260621,637,8,96.1,1
11050,20230429,550,9,59.3,1
11051,20260202,751,4,76.1,1
11052,20250909,27,6,89.1,1
11053,20250709,280,8,96.8,1
11054,20260415,501,10,81.5,1
11055,20260305,37,3,95.2,1
11056,20241117,484,1,90.2,1
11057,20230223,620,7,98.8,1
11058,20231105,78,9,92.8,1
11059,20231111,338,2,98.5,1
11060,20250730,281,8,86.4,1
11061,20231104,92,10,95.4,1
11062,20230410,749,5,84.3,1
11063,20241116,292,9,84.5,1
11064,20240709,170,7,85.1,1
11065,20260414,773,4,95.5,1
11066,20250703,99,8,82.9,1
11067,20240329,787,9,64.3,1
11068,20241216,7,7,99.2,1
11069,20241116,745,5,71.2,1
11070,20250101,288,6,76.3,1
11071,20240731,392,5,98.4,1
11072,20250501,767,8,86.7,1
11073,20260426,763,10,93.2,1
11074,20250203,214,3,86.3,1
11075,20240425,291,10,92.0,1
11076,20251225,728,3,78.5,1
11077,20230720,474,9,73.3,1
11078,20230714,4,2,92.4,1
11079,20240625,764,8,91.7,1
11080,20260113,61,3,93.6,1
11081,20260628,141,8,82.7,1
11082,20260510,575,8,96.5,1
11083,20260213,413,7,75.5,1
11084,20230218,652,10,92.0,1
11085,20250718,281,6,93.6,1
11086,20260108,551,1,98.5,1
11087,20250424,180,2,88.7,1
11088,20230705,398,5,96.0,1
11089,20230917,511,8,77.6,1
11090,20260518,790,7,99.0,1
11091,20230316,203,5,63.0,1
11092,20230404,701,4,88.4,1
11093,20251121,35,1,92.9,1
11094,20250203,590,2,94.7,1
11095,20231226,232,2,89.1,1
11096,20260504,728,7,80.9,1
11097,20240820,664,4,95.2,1
11098,20241113,292,3,68.0,1
11099,20240602,502,4,92.8,1
11100,20230724,347,3,77.4,1
11101,20260601,273,3,97.6,1
11102,20230730,422,9,72.0,1
11103,20240915,666,4,94.2,1
11104,20230601,73,3,87.2,1
11105,20250705,134,4,86.5,1
11106,20251231,305,5,91.0,1
11107,20260107,290,7,83.2,1
11108,20231017,651,8,52.9,1
11109,20250817,303,4,75.6,1
11110,20260104,372,10,85.7,1
11111,20250111,691,5,84.1,1
11112,20231203,760,5,98.3,1
11113,20240714,200,10,93.0,1
11114,20250114,695,1,97.4,1
11115,20240418,29,2,97.0,1
11116,20251130,751,10,96.1,1
11117,20250616,129,7,91.0,1
11118,20260505,761,1,78.5,1
11119,20250511,29,10,85.5,1
11120,20230628,289,2,70.1,1
11121,20230226,48,5,97.3,1
11122,20250109,545,4,90.9,1
11123,20241103,611,8,98.4,1
11124,20251107,524,9,87.5,1
11125,20260530,387,1,88.1,1
11126,20230916,724,7,65.7,1
11127,20230202,447,7,93.1,1
11128,20230818,519,10,83.3,1
11129,20250811,519,10,79.5,1
11130,20260620,390,9,99.8,1
11131,20230107,548,6,93.7,1
11132,20260605,535,4,99.5,1
11133,20231214,614,4,99.8,1
11134,20230606,261,9,76.2,1
11135,20250429,48,4,71.5,1
11136,20250506,517,7,70.5,1
11137,20240220,126,7,80.4,1
11138,20250509,366,9,79.8,1
11139,20241102,348,2,87.7,1
11140,20250802,561,4,86.1,1
11141,20260312,13,10,93.8,1
11142,20250515,492,4,91.8,1
11143,20250721,224,4,89.0,1
11144,20260425,213,4,94.2,1
11145,20230407,731,1,97.8,1
11146,20260623,591,1,94.3,1
11147,20240111,200,2,92.4,1
11148,20230214,318,2,92.6,1
11149,20251123,657,1,94.3,1
11150,20240821,569,6,78.9,1
11151,20250124,238,7,92.8,1
11152,20230705,492,6,92.5,1
11153,20240331,504,2,91.2,1
11154,20230611,168,10,83.0,1
11155,20260315,170,6,90.5,1
11156,20231212,543,9,82.7,1
11157,20260501,128,10,98.7,1
11158,20250701,639,2,98.8,1
11159,20260604,148,3,89.8,1
11160,20250728,175,6,98.3,1
11161,20250609,770,2,94.2,1
11162,20230523,16,8,93.9,1
11163,20230501,424,6,71.7,1
11164,20260601,77,1,82.1,1
11165,20260118,4,3,87.4,1
11166,20240529,414,2,95.4,1
11167,20240810,581,3,92.8,1
11168,20240722,425,7,98.4,1
11169,20231119,644,4,98.0,1
11170,20230822,212,1,92.3,1
11171,20230106,62,4,77.7,1
11172,20250827,66,8,98.5,1
11173,20240213,198,8,93.7,1
11174,20240805,758,5,74.2,1
11175,20240804,745,3,68.9,1
11176,20250916,166,6,84.0,1
11177,20230905,455,4,81.5,1
11178,20260115,36,6,78.4,1
11179,20260109,357,10,98.6,1
11180,20230513,80,7,94.9,1
11181,20240517,738,5,85.0,1
11182,20250208,312,4,89.4,1
11183,20240619,453,1,88.5,1
11184,20230510,305,9,88.9,1
11185,20250508,320,8,91.1,1
11186,20251014,633,9,86.2,1
11187,20231008,392,9,84.7,1
11188,20240224,17,2,71.6,1
11189,20250221,80,6,86.1,1
11190,20260123,39,5,99.7,1
11191,20240111,482,1,98.6,1
11192,20240422,199,10,96.3,1
11193,20241023,527,4,75.5,1
11194,20250611,498,2,95.6,1
11195,20230417,611,3,93.9,1
11196,20250722,762,2,82.7,1
11197,20230113,719,10,82.6,1
11198,20240202,222,6,82.7,1
11199,20240711,750,4,80.5,1
11200,20230511,179,1,77.0,1
11201,20241118,307,6,82.1,1
11202,20230820,309,10,75.3,1
11203,20230101,403,9,91.8,1
11204,20250809,201,10,84.9,1
11205,20240313,705,10,79.7,1
11206,20241002,304,1,99.8,1
11207,20240304,732,5,87.7,1
11208,20231130,589,4,94.3,1
11209,20230222,517,6,85.5,1
11210,20240810,72,9,86.2,1
11211,20250616,798,3,96.8,1
11212,20260616,166,8,71.0,1
11213,20230108,300,8,80.9,1
11214,20240404,612,4,71.9,1
11215,20251009,81,10,81.8,1
11216,20230407,175,2,97.0,1
11217,20250414,169,5,80.2,1
11218,20231022,614,8,95.5,1
11219,20250105,134,9,99.6,1
11220,20241007,618,9,64.0,1
11221,20240804,612,7,62.3,1
11222,20251018,610,1,99.2,1
11223,20250130,609,6,89.1,1
11224,20260527,746,10,86.6,1
11225,20240212,257,7,91.7,1
11226,20250926,328,10,97.7,1
11227,20260525,482,5,83.8,1
11228,20250306,326,6,98.3,1
11229,20250820,199,10,89.8,1
11230,20230810,134,3,93.1,1
11231,20240130,433,6,79.3,1
11232,20230717,672,5,85.4,1
11233,20240710,499,9,96.7,1
11234,20230603,430,6,96.6,1
11235,20230610,23,9,88.3,1
11236,20250222,556,4,98.4,1
11237,20251031,290,9,86.6,1
11238,20230126,443,4,75.3,1
11239,20260323,292,6,96.8,1
11240,20240626,533,5,90.8,1
11241,20240229,7,2,92.0,1
11242,20250120,768,9,96.4,1
11243,20241019,385,9,91.1,1
11244,20240503,376,10,97.2,1
11245,20260116,738,3,82.4,1
11246,20260506,758,2,71.8,1
11247,20260504,386,9,86.0,1
11248,20260119,403,9,78.9,1
11249,20250306,318,7,94.5,1
11250,20231101,625,3,98.3,1
11251,20260628,110,6,92.3,1
11252,20230922,625,10,95.6,1
11253,20250924,623,2,69.0,1
11254,20230316,564,7,95.6,1
11255,20260318,93,7,75.8,1
11256,20250811,502,3,99.0,1
11257,20250212,264,2,99.2,1
11258,20231110,455,9,91.2,1
11259,20241028,514,3,98.0,1
11260,20250514,627,2,98.1,1
11261,20231020,508,5,90.1,1
11262,20230214,710,6,89.4,1
11263,20250507,698,5,97.8,1
11264,20230818,566,9,93.5,1
11265,20241129,739,7,76.2,1
11266,20240803,601,6,87.7,1
11267,20230508,300,2,88.0,1
11268,20250727,325,9,98.9,1
11269,20230705,286,6,95.2,1
11270,20230215,100,8,89.2,1
11271,20250406,711,5,97.5,1
11272,20260209,14,3,68.8,1
11273,20250812,559,10,95.4,1
11274,20241024,295,2,94.9,1
11275,20230207,523,4,92.2,1
11276,20241210,134,7,97.2,1
11277,20250511,312,2,90.6,1
11278,20260506,291,1,99.9,1
11279,20240414,275,7,85.6,1
11280,20230101,157,6,74.5,1
11281,20240115,781,10,80.5,1
11282,20230916,533,10,93.8,1
11283,20250221,72,2,91.3,1
11284,20251111,513,2,66.9,1
11285,20240330,260,2,88.2,1
11286,20251128,795,1,85.5,1
11287,20230818,513,8,70.5,1
11288,20240630,13,9,99.3,1
11289,20240423,260,9,99.4,1
11290,20260207,249,10,87.2,1
11291,20260604,364,5,99.5,1
11292,20230527,618,9,88.4,1
11293,20231228,336,7,93.4,1
11294,20241229,284,3,74.5,1
11295,20231229,341,4,82.4,1
11296,20250308,779,3,90.5,1
11297,20240413,178,7,60.3,1
11298,20241106,590,10,80.1,1
11299,20230902,782,4,75.9,1
11300,20241110,306,2,82.2,1
11301,20251223,19,10,88.3,1
11302,20250309,64,6,81.0,1
11303,20230615,501,5,99.7,1
11304,20240905,698,3,90.9,1
11305,20251022,164,1,89.8,1
11306,20240827,447,4,93.2,1
11307,20230720,220,2,99.7,1
11308,20231116,773,9,83.9,1
11309,20231102,656,5,73.8,1
11310,20240309,553,7,94.4,1
11311,20250420,53,7,91.5,1
11312,20240301,199,6,97.3,1
11313,20250429,733,7,97.0,1
11314,20250504,763,8,96.7,1
11315,20240714,295,7,88.1,1
11316,20250907,343,10,94.1,1
11317,20260630,454,9,98.5,1
11318,20250414,188,3,82.4,1
11319,20240101,301,9,89.6,1
11320,20250922,484,7,97.1,1
11321,20260620,257,1,80.3,1
11322,20241225,273,6,77.9,1
11323,20250812,505,2,98.1,1
11324,20240619,296,7,97.0,1
11325,20240607,597,2,86.2,1
11326,20251010,589,4,96.9,1
11327,20230816,786,2,92.4,1
11328,20240203,464,7,99.1,1
11329,20241110,712,1,88.3,1
11330,20231012,135,4,96.6,1
11331,20251203,620,7,84.8,1
11332,20230602,767,4,89.9,1
11333,20250122,714,9,93.6,1
11334,20250721,57,5,99.8,1
11335,20240926,548,5,99.6,1
11336,20251120,275,7,96.0,1
11337,20230725,167,2,92.3,1
11338,20260312,255,1,81.3,1
11339,20260215,517,8,90.8,1
11340,20250217,103,4,93.3,1
11341,20240722,278,8,99.2,1
11342,20231128,148,8,94.8,1
11343,20250719,100,1,87.0,1
11344,20240710,238,8,89.1,1
11345,20260401,318,6,97.0,1
11346,20260315,524,7,92.2,1
11347,20240719,18,3,98.8,1
11348,20231216,708,2,87.7,1
11349,20250613,744,9,98.6,1
11350,20240112,315,2,97.6,1
11351,20260318,340,4,92.2,1
11352,20240801,13,7,93.2,1
11353,20250220,349,7,90.0,1
11354,20240425,469,4,91.9,1
11355,20230310,433,2,73.2,1
11356,20231125,503,3,97.6,1
11357,20260201,646,10,85.7,1
11358,20240229,254,7,86.0,1
11359,20260516,742,3,82.4,1
11360,20260219,448,3,94.9,1
11361,20230718,164,6,98.5,1
11362,20260620,190,1,98.4,1
11363,20240512,299,6,94.3,1
11364,20240729,712,3,90.9,1
11365,20230519,566,6,88.7,1
11366,20250817,177,2,86.5,1
11367,20260309,245,8,86.7,1
11368,20251030,333,3,88.4,1
11369,20240313,293,9,95.7,1
11370,20231230,315,8,76.5,1
11371,20241103,662,8,90.7,1
11372,20250819,428,2,98.1,1
11373,20240415,10,7,96.8,1
11374,20231021,792,5,98.7,1
11375,20230728,347,10,97.7,1
11376,20241128,678,3,87.6,1
11377,20260105,260,2,77.7,1
11378,20230906,348,2,98.0,1
11379,20240907,712,6,70.4,1
11380,20250706,556,9,90.3,1
11381,20240614,422,9,94.8,1
11382,20230815,9,10,100.0,1
11383,20240312,175,2,87.9,1
11384,20231117,508,7,96.3,1
11385,20250516,161,1,68.7,1
11386,20250901,352,2,96.2,1
11387,20231002,635,6,94.9,1
11388,20230630,276,9,90.0,1
11389,20230909,140,10,79.5,1
11390,20230205,568,1,80.9,1
11391,20240410,284,6,85.2,1
11392,20231030,343,8,95.4,1
11393,20231124,372,6,89.0,1
11394,20250623,424,2,71.2,1
11395,20251221,664,8,83.1,1
11396,20250621,765,1,73.4,1
11397,20240129,144,10,85.1,1
11398,20240113,437,10,97.3,1
11399,20241008,694,9,83.5,1
11400,20260419,421,6,94.5,1
11401,20230628,184,2,92.2,1
11402,20240227,339,4,94.6,1
11403,20240418,395,10,97.6,1
11404,20240604,622,4,88.2,1
11405,20230519,232,2,94.7,1
11406,20250204,269,4,99.8,1
11407,20240421,567,1,94.3,1
11408,20230224,531,4,97.4,1
11409,20230428,27,5,93.6,1
11410,20250725,81,4,91.0,1
11411,20230612,449,3,98.7,1
11412,20241009,590,1,95.2,1
11413,20240301,12,3,86.7,1
11414,20241124,714,3,95.8,1
11415,20241112,381,10,86.3,1
11416,20241002,705,4,63.3,1
11417,20240928,468,1,95.6,1
11418,20240130,711,7,98.7,1
11419,20240327,44,9,87.2,1
11420,20230516,260,1,84.6,1
11421,20251014,689,1,91.3,1
11422,20240908,83,9,91.7,1
11423,20230824,38,1,87.3,1
11424,20260527,248,10,96.8,1
11425,20250917,762,6,69.4,1
11426,20231220,481,4,98.3,1
11427,20250321,417,9,97.6,1
11428,20240825,542,7,75.3,1
11429,20251111,664,8,98.8,1
11430,20230418,563,4,84.8,1
11431,20260602,483,7,96.7,1
11432,20250204,503,9,91.7,1
11433,20231027,388,8,94.2,1
11434,20231215,11,2,94.4,1
11435,20230131,222,3,93.4,1
11436,20230206,103,8,88.2,1
11437,20230401,184,9,72.8,1
11438,20240605,128,9,72.4,1
11439,20241201,396,2,76.3,1
11440,20260124,476,1,53.9,1
11441,20251225,770,3,89.3,1
11442,20250614,246,2,85.8,1
11443,20250705,494,1,68.2,1
11444,20260516,426,1,86.2,1
11445,20230103,177,4,85.6,1
11446,20240503,25,10,95.4,1
11447,20230303,644,7,88.3,1
11448,20250805,124,2,97.9,1
11449,20230706,166,5,88.2,1
11450,20250915,717,9,93.9,1
11451,20240922,266,6,83.5,1
11452,20250329,782,4,69.3,1
11453,20240519,535,7,98.8,1
11454,20230413,669,8,95.2,1
11455,20230406,562,4,93.9,1
11456,20260317,554,4,65.6,1
11457,20230901,161,4,97.0,1
11458,20251114,731,5,81.4,1
11459,20250513,195,7,91.9,1
11460,20240907,276,4,94.0,1
11461,20230928,458,2,94.1,1
11462,20240722,578,2,90.7,1
11463,20250402,179,9,86.7,1
11464,20231103,587,7,88.1,1
11465,20240923,715,1,89.6,1
11466,20250915,58,8,99.9,1
11467,20231029,333,1,87.0,1
11468,20240326,25,3,81.3,1
11469,20230906,321,9,89.5,1
11470,20250402,128,5,97.7,1
11471,20260616,1,3,89.2,1
11472,20260428,321,10,94.1,1
11473,20250315,704,6,73.7,1
11474,20231018,441,6,97.7,1
11475,20230520,352,9,96.6,1
11476,20230218,486,9,95.4,1
11477,20241113,14,4,96.8,1
11478,20231021,799,9,95.9,1
11479,20260512,273,7,59.7,1
11480,20230817,551,10,86.2,1
11481,20241205,52,3,84.6,1
11482,20250605,440,10,89.4,1
11483,20241119,420,7,94.7,1
11484,20251129,758,8,92.9,1
11485,20241012,220,8,85.4,1
11486,20260122,537,6,84.4,1
11487,20241106,737,8,88.9,1
11488,20240814,246,6,73.5,1
11489,20230611,347,9,85.9,1
11490,20230505,341,8,91.8,1
11491,20260618,527,8,99.7,1
11492,20250518,615,1,94.1,1
11493,20250315,359,5,84.6,1
11494,20230705,533,10,96.7,1
11495,20250203,245,7,94.1,1
11496,20240815,105,2,91.2,1
11497,20240315,319,1,84.7,1
11498,20260515,478,9,76.6,1
11499,20250526,520,4,95.4,1
11500,20231213,417,4,96.7,1
11501,20250201,393,6,95.5,1
11502,20250508,215,1,96.9,1
11503,20250406,581,4,83.9,1
11504,20260129,200,5,96.7,1
11505,20250209,192,7,76.8,1
11506,20240124,683,7,95.0,1
11507,20230917,385,9,90.5,1
11508,20230712,299,5,95.0,1
11509,20241224,245,2,79.9,1
11510,20231219,201,2,99.4,1
11511,20240330,765,4,82.8,1
11512,20231020,73,6,96.8,1
11513,20251206,105,1,83.1,1
11514,20250604,354,5,99.3,1
11515,20240216,101,4,61.8,1
11516,20250218,439,4,97.7,1
11517,20251126,13,5,96.1,1
11518,20250517,209,4,94.6,1
11519,20230701,426,3,94.8,1
11520,20250108,386,5,75.6,1
11521,20251119,370,2,93.7,1
11522,20250401,15,1,89.5,1
11523,20250704,364,6,81.0,1
11524,20240702,188,3,95.6,1
11525,20240711,207,10,87.3,1
11526,20250628,280,10,72.0,1
11527,20260129,492,1,90.6,1
11528,20230804,198,1,90.4,1
11529,20250525,67,2,89.8,1
11530,20230602,151,2,93.8,1
11531,20230622,751,9,89.2,1
11532,20250519,21,10,92.8,1
11533,20230528,46,7,99.3,1
11534,20251001,540,5,92.5,1
11535,20250921,257,3,91.0,1
11536,20250630,731,10,98.2,1
11537,20251226,94,3,94.1,1
11538,20250108,208,9,81.0,1
11539,20230212,58,6,91.2,1
11540,20231230,357,9,99.0,1
11541,20251231,148,2,98.8,1
11542,20260312,303,9,80.5,1
11543,20240625,105,9,65.6,1
11544,20260122,651,9,91.6,1
11545,20231229,105,8,95.0,1
11546,20250509,299,10,92.0,1
11547,20230511,579,3,77.8,1
11548,20231203,265,1,68.8,1
11549,20240301,250,4,96.6,1
11550,20230611,370,7,67.4,1
11551,20251010,638,3,78.9,1
11552,20260423,61,8,92.3,1
11553,20241028,543,3,86.8,1
11554,20231103,99,10,90.8,1
11555,20250310,401,8,97.4,1
11556,20260609,635,9,85.7,1
11557,20240505,572,1,93.7,1
11558,20260201,599,8,88.2,1
11559,20230802,543,9,84.6,1
11560,20260405,30,5,83.4,1
11561,20231214,350,7,96.6,1
11562,20230929,530,9,93.9,1
11563,20230215,602,1,79.0,1
11564,20231104,731,4,88.3,1
11565,20231224,7,1,89.0,1
11566,20250613,499,5,95.7,1
11567,20230522,155,3,92.4,1
11568,20250311,442,7,65.6,1
11569,20250105,608,1,91.4,1
11570,20251206,338,6,92.7,1
11571,20230923,668,8,96.7,1
11572,20250424,478,6,96.5,1
11573,20250417,640,1,92.8,1
11574,20251119,546,7,89.2,1
11575,20241212,662,7,92.7,1
11576,20250723,404,1,76.2,1
11577,20250130,429,3,95.9,1
11578,20230207,106,9,89.8,1
11579,20241025,677,2,94.7,1
11580,20251006,84,2,96.2,1
11581,20260516,176,2,95.9,1
11582,20250414,148,1,76.0,1
11583,20250805,62,8,91.0,1
11584,20260612,609,8,91.5,1
11585,20250211,494,3,92.8,1
11586,20260107,94,5,86.0,1
11587,20250519,158,1,93.7,1
11588,20240427,498,2,94.1,1
11589,20230123,280,2,70.9,1
11590,20251228,625,1,94.8,1
11591,20260320,540,10,84.0,1
11592,20240621,302,2,95.9,1
11593,20230221,636,7,85.5,1
11594,20250529,58,4,73.5,1
11595,20231226,748,4,80.8,1
11596,20241115,280,6,76.7,1
11597,20230809,121,1,94.5,1
11598,20250115,705,8,95.9,1
11599,20250429,306,7,75.8,1
11600,20231229,368,9,96.6,1
11601,20240925,178,8,99.7,1
11602,20241011,443,7,62.0,1
11603,20251114,395,4,93.4,1
11604,20230313,791,5,94.8,1
11605,20250414,720,4,77.5,1
11606,20240513,275,7,67.6,1
11607,20240729,380,6,90.2,1
11608,20260507,150,7,92.1,1
11609,20230909,719,2,98.8,1
11610,20230508,372,3,73.8,1
11611,20240708,347,10,72.1,1
11612,20230522,611,8,96.1,1
11613,20241102,216,9,86.5,1
11614,20250205,69,9,97.5,1
11615,20230414,105,6,74.5,1
11616,20231120,50,3,84.7,1
11617,20251030,95,2,53.8,1
11618,20240718,295,6,98.5,1
11619,20231219,522,7,71.7,1
11620,20231108,554,3,86.3,1
11621,20251208,763,2,79.5,1
11622,20250315,349,10,95.1,1
11623,20250124,719,4,72.6,1
11624,20241008,341,5,98.2,1
11625,20241227,733,1,86.9,1
11626,20250414,99,9,93.3,1
11627,20240407,295,10,98.9,1
11628,20250927,216,7,69.3,1
11629,20230831,704,5,87.5,1
11630,20241217,439,3,97.2,1
11631,20251106,216,9,84.7,1
11632,20240218,597,1,99.2,1
11633,20250312,758,2,95.1,1
11634,20250715,526,9,82.6,1
11635,20240215,177,2,74.8,1
11636,20250217,135,5,92.9,1
11637,20250604,197,3,96.6,1
11638,20250706,113,7,89.1,1
11639,20240321,213,10,78.1,1
11640,20260304,523,1,62.4,1
11641,20250506,365,8,86.6,1
11642,20260606,789,1,96.4,1
11643,20251122,110,7,93.6,1
11644,20250929,157,2,85.8,1
11645,20240501,166,3,98.6,1
11646,20260408,490,4,90.9,1
11647,20230301,640,4,85.3,1
11648,20250303,363,3,96.5,1
11649,20230603,649,10,97.0,1
11650,20250320,185,2,97.6,1
11651,20240407,760,10,71.9,1
11652,20230307,126,10,93.2,1
11653,20260626,22,3,99.2,1
11654,20250803,394,6,93.0,1
11655,20260505,617,1,89.3,1
11656,20250506,400,1,81.3,1
11657,20240322,696,5,97.3,1
11658,20231026,22,5,85.8,1
11659,20250421,715,4,98.6,1
11660,20260616,381,10,92.5,1
11661,20241107,234,5,94.7,1
11662,20250203,362,6,95.9,1
11663,20251212,26,2,80.3,1
11664,20231125,684,2,79.8,1
11665,20240613,89,1,98.5,1
11666,20230725,165,2,92.7,1
11667,20230806,200,4,82.2,1
11668,20241129,589,2,98.0,1
11669,20241227,200,1,91.5,1
11670,20240110,242,2,98.8,1
11671,20230826,758,10,99.4,1
11672,20260105,379,4,85.6,1
11673,20230529,716,7,92.0,1
11674,20250421,295,9,84.9,1
11675,20241030,86,3,93.6,1
11676,20230211,151,9,90.5,1
11677,20250902,40,2,89.7,1
11678,20230519,254,5,77.2,1
11679,20260107,533,3,97.7,1
11680,20250528,756,4,76.4,1
11681,20260423,437,7,90.9,1
11682,20240506,134,2,87.0,1
11683,20230818,84,9,75.4,1
11684,20250627,138,1,73.4,1
11685,20231018,625,8,96.1,1
11686,20240423,738,10,65.5,1
11687,20260126,793,1,91.4,1
11688,20240511,222,5,80.8,1
11689,20260220,406,10,99.0,1
11690,20231210,81,10,69.1,1
11691,20250725,501,7,85.9,1
11692,20250425,46,6,77.5,1
11693,20231015,81,8,97.0,1
11694,20231120,293,6,93.0,1
11695,20240217,689,9,99.0,1
11696,20241209,539,3,61.2,1
11697,20230516,369,2,85.5,1
11698,20250629,52,6,84.9,1
11699,20260105,163,9,99.6,1
11700,20240418,238,5,85.6,1
11701,20241209,254,2,83.5,1
11702,20240417,333,9,97.4,1
11703,20240326,71,3,93.7,1
11704,20230521,497,2,87.8,1
11705,20260516,75,3,93.7,1
11706,20230806,642,6,77.6,1
11707,20250215,423,10,85.1,1
11708,20230118,109,9,87.2,1
11709,20240615,769,4,82.4,1
11710,20260427,349,2,84.4,1
11711,20250402,158,3,84.5,1
11712,20230621,108,8,76.8,1
11713,20250502,591,5,88.3,1
11714,20240718,240,5,91.2,1
11715,20241106,591,3,94.7,1
11716,20250411,734,8,87.1,1
11717,20230121,201,5,71.9,1
11718,20231230,704,5,84.1,1
11719,20260212,178,2,60.1,1
11720,20230404,386,2,80.8,1
11721,20260219,11,7,97.6,1
11722,20251223,555,4,82.8,1
11723,20260113,151,2,69.8,1
11724,20231230,231,1,91.8,1
11725,20250323,11,8,87.7,1
11726,20240708,247,4,82.5,1
11727,20240104,717,2,72.5,1
11728,20251125,366,4,92.5,1
11729,20231201,330,2,88.9,1
11730,20250824,323,7,84.4,1
11731,20251123,727,2,86.1,1
11732,20240113,760,7,90.6,1
11733,20240830,635,6,89.9,1
11734,20240108,699,5,91.8,1
11735,20240127,483,3,76.8,1
11736,20250531,639,4,97.1,1
11737,20240525,85,2,96.5,1
11738,20251130,178,2,87.5,1
11739,20230205,273,8,94.2,1
11740,20230309,227,5,80.2,1
11741,20250519,255,10,92.6,1
11742,20250912,384,5,79.1,1
11743,20250126,685,10,77.2,1
11744,20260220,83,9,91.1,1
11745,20230801,619,7,61.1,1
11746,20240716,723,5,86.6,1
11747,20251213,310,1,87.1,1
11748,20240813,512,9,91.3,1
11749,20250423,183,5,87.3,1
11750,20250530,611,6,93.2,1
11751,20230812,700,9,99.9,1
11752,20250111,433,3,93.5,1
11753,20250414,274,1,94.4,1
11754,20251204,762,1,94.8,1
11755,20251021,155,3,98.2,1
11756,20250331,234,5,91.9,1
11757,20240314,206,9,72.8,1
11758,20240614,255,7,94.1,1
11759,20251208,43,2,88.4,1
11760,20230208,339,7,94.0,1
11761,20240202,116,1,96.8,1
11762,20230517,83,2,96.8,1
11763,20230712,455,5,98.4,1
11764,20250723,276,4,98.8,1
11765,20251209,315,10,94.9,1
11766,20260608,363,5,86.8,1
11767,20241208,163,3,79.8,1
11768,20230331,205,8,92.4,1
11769,20260228,186,4,92.3,1
11770,20250317,423,3,90.6,1
11771,20231014,486,7,78.8,1
11772,20260318,359,3,86.0,1
11773,20250307,201,9,79.6,1
11774,20240814,19,3,85.3,1
11775,20241203,655,7,95.6,1
11776,20251107,487,6,85.7,1
11777,20230520,373,7,74.8,1
11778,20250624,654,3,93.6,1
11779,20260415,184,6,81.9,1
11780,20241007,93,4,59.9,1
11781,20230301,23,7,93.8,1
11782,20250820,343,3,91.0,1
11783,20260113,555,8,61.4,1
11784,20260424,683,6,88.1,1
11785,20230504,528,4,89.2,1
11786,20250830,67,7,97.7,1
11787,20250129,580,3,94.0,1
11788,20250127,263,4,90.8,1
11789,20231114,742,6,98.7,1
11790,20250530,436,5,96.3,1
11791,20250420,12,1,98.6,1
11792,20260421,440,1,94.1,1
11793,20231227,478,10,87.4,1
11794,20260328,337,4,64.7,1
11795,20260312,342,4,88.5,1
11796,20240301,527,8,71.1,1
11797,20231124,459,2,99.2,1
11798,20240118,208,6,87.1,1
11799,20241217,215,3,99.8,1
11800,20260307,236,7,70.9,1
11801,20240313,771,7,79.6,1
11802,20241225,9,3,98.4,1
11803,20241218,71,1,93.9,1
11804,20260103,247,2,95.2,1
11805,20240401,697,4,84.4,1
11806,20230910,66,5,98.4,1
11807,20260108,145,3,73.6,1
11808,20240721,115,8,50.3,1
11809,20250113,554,1,96.6,1
11810,20260528,379,4,87.2,1
11811,20251221,704,10,91.4,1
11812,20250824,344,6,97.2,1
11813,20230717,118,8,79.9,1
11814,20251225,198,9,91.0,1
11815,20260212,180,7,74.1,1
11816,20240413,396,4,85.5,1
11817,20240904,777,6,90.6,1
11818,20250128,118,6,90.1,1
11819,20260527,246,5,92.4,1
11820,20250801,612,7,96.2,1
11821,20230413,330,10,98.6,1
11822,20240523,226,6,65.1,1
11823,20240117,638,2,62.2,1
11824,20260318,748,3,74.4,1
11825,20230607,63,6,85.8,1
11826,20230902,144,10,84.3,1
11827,20230718,226,6,60.1,1
11828,20240218,219,4,97.3,1
11829,20260317,300,6,91.9,1
11830,20231227,326,3,95.7,1
11831,20230405,632,10,92.6,1
11832,20250110,46,1,94.9,1
11833,20251020,76,5,71.4,1
11834,20231029,26,5,95.7,1
11835,20240525,16,5,80.3,1
11836,20240408,205,7,98.5,1
11837,20230402,78,8,77.0,1
11838,20250126,332,6,66.8,1
11839,20230215,680,10,84.9,1
11840,20250105,53,2,84.0,1
11841,20230612,709,7,85.6,1
11842,20251201,568,1,91.1,1
11843,20251218,442,8,61.6,1
11844,20231218,792,2,97.9,1
11845,20250806,528,3,64.1,1
11846,20241012,735,1,97.1,1
11847,20230311,631,5,99.7,1
11848,20240131,382,2,94.9,1
11849,20230326,673,10,90.4,1
11850,20240423,669,3,78.6,1
11851,20250909,410,2,83.6,1
11852,20240525,405,8,96.5,1
11853,20260304,517,7,82.5,1
11854,20260129,754,7,56.0,1
11855,20250402,317,3,97.6,1
11856,20260509,580,9,93.0,1
11857,20250419,326,7,93.7,1
11858,20230110,710,9,91.6,1
11859,20231008,716,6,83.0,1
11860,20250908,521,6,77.3,1
11861,20250906,609,8,80.1,1
11862,20260128,418,9,61.9,1
11863,20251219,300,8,93.9,1
11864,20240914,48,1,90.7,1
11865,20241016,384,10,83.6,1
11866,20250630,759,5,92.8,1
11867,20230511,71,6,74.6,1
11868,20241130,39,2,96.9,1
11869,20240805,763,1,78.5,1
11870,20260322,351,10,82.6,1
11871,20250603,655,9,88.6,1
11872,20240831,17,9,97.6,1
11873,20250408,290,4,95.6,1
11874,20230607,39,7,51.2,1
11875,20251201,304,10,69.3,1
11876,20230320,563,1,91.0,1
11877,20240107,50,5,88.3,1
11878,20250416,316,8,95.3,1
11879,20250517,648,5,95.1,1
11880,20240427,735,7,71.3,1
11881,20251212,179,8,97.1,1
11882,20230915,284,4,70.0,1
11883,20251222,520,7,93.2,1
11884,20241005,192,6,91.8,1
11885,20260115,291,2,89.9,1
11886,20231223,571,4,94.6,1
11887,20230822,5,8,99.7,1
11888,20230622,527,8,82.6,1
11889,20251203,139,2,96.0,1
11890,20251112,520,4,92.9,1
11891,20240418,8,8,54.0,1
11892,20240202,734,5,95.0,1
11893,20230430,704,10,70.0,1
11894,20260420,360,5,97.1,1
11895,20231105,533,7,91.6,1
11896,20241127,633,9,95.0,1
11897,20241012,696,9,97.6,1
11898,20240322,44,6,70.4,1
11899,20250504,228,2,88.6,1
11900,20250213,315,1,66.2,1
11901,20250928,363,6,81.7,1
11902,20231013,491,1,99.2,1
11903,20240822,765,8,94.4,1
11904,20230430,689,7,92.4,1
11905,20230905,87,4,91.2,1
11906,20230625,721,3,85.9,1
11907,20231222,302,8,89.7,1
11908,20230414,126,1,57.5,1
11909,20250829,732,8,97.0,1
11910,20250808,4,9,96.5,1
11911,20231204,730,1,90.6,1
11912,20230828,66,2,96.5,1
11913,20230116,107,5,85.7,1
11914,20240401,741,6,83.8,1
11915,20230303,111,2,99.2,1
11916,20240501,789,7,95.6,1
11917,20230416,196,4,97.5,1
11918,20231029,711,2,71.7,1
11919,20250318,218,8,89.5,1
11920,20251203,624,1,95.6,1
11921,20260421,727,8,98.2,1
11922,20230109,218,4,71.9,1
11923,20241223,650,2,79.9,1
11924,20240320,517,8,90.7,1
11925,20251209,208,8,83.9,1
11926,20251130,484,10,89.4,1
11927,20240818,92,7,95.6,1
11928,20240919,164,1,83.9,1
11929,20240606,334,7,81.8,1
11930,20260628,234,6,93.6,1
11931,20230603,675,9,82.7,1
11932,20260321,573,9,78.8,1
11933,20250320,601,10,83.0,1
11934,20240429,597,2,98.7,1
11935,20231013,278,5,95.8,1
11936,20230614,342,4,87.4,1
11937,20230216,552,6,76.3,1
11938,20260404,83,4,87.7,1
11939,20240625,132,2,78.6,1
11940,20230213,781,3,86.9,1
11941,20231018,550,10,78.0,1
11942,20230405,604,5,95.5,1
11943,20240919,351,2,80.9,1
11944,20240512,341,2,63.2,1
11945,20250317,46,1,66.2,1
11946,20231019,775,7,91.4,1
11947,20260609,377,1,98.1,1
11948,20250426,229,7,82.0,1
11949,20260306,377,10,89.7,1
11950,20231018,348,4,96.6,1
11951,20250123,778,6,96.3,1
11952,20231018,612,1,94.9,1
11953,20260324,485,1,86.9,1
11954,20260611,118,3,83.0,1
11955,20251003,624,7,91.3,1
11956,20230115,751,10,92.2,1
11957,20231214,163,3,93.3,1
11958,20240303,243,4,89.7,1
11959,20260411,604,3,88.5,1
11960,20231014,456,6,72.5,1
11961,20240916,250,4,79.8,1
11962,20240608,738,5,89.2,1
11963,20231122,332,6,93.9,1
11964,20250220,458,4,97.2,1
11965,20230227,59,7,71.2,1
11966,20240113,723,9,91.6,1
11967,20240824,196,10,85.8,1
11968,20231025,710,3,98.6,1
11969,20250225,590,3,81.7,1
11970,20231230,632,2,96.3,1
11971,20230310,35,2,93.3,1
11972,20250802,303,3,91.6,1
11973,20230531,73,9,92.5,1
11974,20250103,398,8,97.5,1
11975,20250119,474,8,83.6,1
11976,20241221,642,9,96.4,1
11977,20240428,201,6,97.3,1
11978,20241026,232,3,94.6,1
11979,20230131,255,6,96.7,1
11980,20251223,686,3,90.9,1
11981,20260409,82,6,75.4,1
11982,20250714,365,1,89.1,1
11983,20230222,135,9,97.5,1
11984,20231221,381,3,94.9,1
11985,20250808,128,1,95.8,1
11986,20250526,252,9,94.6,1
11987,20240114,419,2,85.5,1
11988,20260620,598,1,93.8,1
11989,20241223,38,1,94.9,1
11990,20240707,49,6,95.9,1
11991,20260127,623,7,89.1,1
11992,20260519,249,3,85.6,1
11993,20240520,87,9,99.8,1
11994,20250612,264,2,85.4,1
11995,20251122,795,4,92.9,1
11996,20250417,725,6,95.5,1
11997,20230126,26,2,92.0,1
11998,20260509,529,7,86.4,1
11999,20230629,338,2,94.6,1
12000,20230106,629,8,91.1,1
12001,20231029,756,6,97.4,1
12002,20240808,447,9,97.9,1
12003,20251031,471,3,99.0,1
12004,20240329,405,6,96.9,1
12005,20231207,411,1,97.5,1
12006,20251210,290,1,88.1,1
12007,20250310,592,2,87.4,1
12008,20241219,189,3,96.4,1
12009,20240316,638,6,83.1,1
12010,20240611,157,9,97.7,1
12011,20240705,603,2,97.1,1
12012,20230831,344,5,89.8,1
12013,20230102,98,6,98.0,1
12014,20240322,2,6,98.8,1
12015,20241107,668,2,88.5,1
12016,20241228,133,4,91.5,1
12017,20230510,163,7,94.3,1
12018,20260222,785,6,91.4,1
12019,20250221,728,9,90.8,1
12020,20260407,436,7,91.4,1
12021,20250424,548,10,89.1,1
12022,20260129,470,9,90.3,1
12023,20240508,244,6,95.9,1
12024,20240101,422,5,86.6,1
12025,20230201,104,10,92.1,1
12026,20230312,44,9,87.6,1
12027,20230718,185,8,84.1,1
12028,20251002,539,8,98.4,1
12029,20230408,598,1,62.5,1
12030,20231020,318,8,75.6,1
12031,20241226,581,1,80.6,1
12032,20251112,233,6,94.9,1
12033,20230314,761,4,97.5,1
12034,20230325,582,2,86.7,1
12035,20240802,497,6,91.5,1
12036,20251017,288,6,86.4,1
12037,20231210,92,9,91.2,1
12038,20260105,757,5,85.2,1
12039,20230807,179,7,82.7,1
12040,20250909,27,5,93.4,1
12041,20240206,761,8,75.2,1
12042,20251027,784,2,99.3,1
12043,20260626,344,2,94.6,1
12044,20250718,105,8,86.1,1
12045,20250331,742,2,71.9,1
12046,20240327,277,6,78.9,1
12047,20251121,564,4,67.0,1
12048,20250418,275,5,82.1,1
12049,20251230,639,3,89.6,1
12050,20250817,760,5,90.4,1
12051,20250605,531,2,99.9,1
12052,20240710,141,2,85.0,1
12053,20250514,94,6,97.5,1
12054,20260530,9,10,99.9,1
12055,20250721,638,1,86.3,1
12056,20251104,141,10,91.5,1
12057,20230328,790,9,92.9,1
12058,20230510,270,9,92.7,1
12059,20230725,165,9,96.5,1
12060,20231217,346,5,89.2,1
12061,20230710,582,2,93.6,1
12062,20251127,239,1,72.0,1
12063,20260214,141,10,98.1,1
12064,20230124,279,9,93.5,1
12065,20230724,551,6,79.3,1
12066,20230207,689,4,91.0,1
12067,20250623,789,1,96.6,1
12068,20240409,132,8,96.8,1
12069,20250319,67,4,96.1,1
12070,20260302,79,3,77.5,1
12071,20250403,43,1,63.5,1
12072,20230406,632,10,95.6,1
12073,20240925,357,7,70.2,1
12074,20230416,22,1,71.7,1
12075,20230420,118,5,98.0,1
12076,20230513,434,8,97.7,1
12077,20241012,654,2,97.9,1
12078,20231103,123,1,81.4,1
12079,20251113,795,7,63.2,1
12080,20260209,598,7,82.6,1
12081,20240526,177,3,97.9,1
12082,20250219,549,7,99.5,1
12083,20230414,635,8,99.2,1
12084,20230511,300,10,92.1,1
12085,20250525,443,8,98.9,1
12086,20241022,401,5,90.6,1
12087,20250614,42,9,97.4,1
12088,20240210,445,8,84.1,1
12089,20241023,109,2,55.0,1
12090,20240614,224,8,87.1,1
12091,20250109,513,9,97.2,1
12092,20250428,168,2,80.0,1
12093,20230725,284,5,97.5,1
12094,20240127,37,2,79.1,1
12095,20250109,344,7,89.1,1
12096,20251228,628,8,96.2,1
12097,20250501,71,8,80.9,1
12098,20230702,526,5,73.5,1
12099,20260520,756,2,88.8,1
12100,20230813,113,9,71.2,1
12101,20250624,140,6,76.5,1
12102,20240514,193,2,97.6,1
12103,20231220,135,6,80.5,1
12104,20250408,202,5,78.7,1
12105,20240207,333,3,95.8,1
12106,20230803,374,3,63.7,1
12107,20250924,530,1,95.6,1
12108,20230429,634,7,89.6,1
12109,20241117,372,2,93.5,1
12110,20240220,257,10,95.4,1
12111,20250823,566,10,96.5,1
12112,20241212,312,9,86.0,1
12113,20240913,4,1,95.9,1
12114,20251215,430,1,90.5,1
12115,20241214,467,10,84.6,1
12116,20230707,619,9,77.1,1
12117,20260117,695,4,82.7,1
12118,20230220,96,7,92.9,1
12119,20241215,305,6,81.9,1
12120,20251111,168,3,89.9,1
12121,20250424,4,7,88.9,1
12122,20240620,146,9,97.6,1
12123,20250529,2,5,92.2,1
12124,20251222,498,9,93.3,1
12125,20230802,263,5,75.3,1
12126,20240507,290,7,85.1,1
12127,20251023,300,9,99.3,1
12128,20241109,363,4,88.4,1
12129,20260430,68,2,91.1,1
12130,20250603,172,9,96.8,1
12131,20240102,580,5,99.5,1
12132,20250910,308,2,90.6,1
12133,20231211,302,8,80.8,1
12134,20250830,780,5,90.5,1
12135,20240808,187,9,90.5,1
12136,20251122,91,10,88.8,1
12137,20240510,550,3,74.9,1
12138,20230905,407,7,86.3,1
12139,20240806,144,6,97.1,1
12140,20240824,297,9,94.7,1
12141,20241020,197,10,99.3,1
12142,20230610,305,5,88.3,1
12143,20231221,489,5,87.1,1
12144,20240621,420,4,93.4,1
12145,20231216,413,7,65.8,1
12146,20251225,383,7,99.6,1
12147,20251021,6,2,96.2,1
12148,20230618,94,4,73.1,1
12149,20240308,244,4,85.0,1
12150,20260507,59,10,92.4,1
12151,20251129,273,3,78.7,1
12152,20260404,587,4,88.4,1
12153,20251229,635,2,82.0,1
12154,20250910,417,2,92.3,1
12155,20250906,326,7,98.2,1
12156,20230124,273,10,87.0,1
12157,20230313,162,10,98.8,1
12158,20240113,392,6,89.0,1
12159,20250509,486,5,99.2,1
12160,20230727,567,2,94.5,1
12161,20240701,616,5,99.1,1
12162,20250224,771,10,92.8,1
12163,20230816,506,4,97.8,1
12164,20230413,506,4,91.6,1
12165,20260307,689,4,96.9,1
12166,20250920,60,9,81.4,1
12167,20250713,563,6,98.2,1
12168,20230530,376,6,81.8,1
12169,20250702,429,7,59.8,1
12170,20231129,416,2,99.4,1
12171,20250616,222,3,95.1,1
12172,20231010,121,8,83.5,1
12173,20240128,218,3,65.3,1
12174,20250923,644,4,91.0,1
12175,20230808,67,3,99.2,1
12176,20230228,352,7,88.3,1
12177,20250708,275,2,84.5,1
12178,20240211,449,4,96.1,1
12179,20260319,622,3,92.9,1
12180,20260522,202,7,72.4,1
12181,20250909,714,2,87.5,1
12182,20230605,106,1,94.8,1
12183,20241010,486,3,95.0,1
12184,20260324,161,5,98.3,1
12185,20260517,245,6,83.9,1
12186,20250824,41,5,85.6,1
12187,20260301,443,2,97.7,1
12188,20241110,392,5,92.2,1
12189,20230327,385,1,95.4,1
12190,20250622,501,5,92.4,1
12191,20240308,376,4,95.9,1
12192,20260429,482,9,95.1,1
12193,20230124,482,9,65.5,1
12194,20240909,673,8,99.6,1
12195,20240609,316,1,82.8,1
12196,20250522,724,3,98.0,1
12197,20251018,339,7,68.8,1
12198,20230625,239,5,97.8,1
12199,20231212,469,4,97.6,1
12200,20250913,781,7,76.1,1
12201,20241127,187,4,85.5,1
12202,20240222,172,6,98.1,1
12203,20250517,612,7,95.9,1
12204,20250316,332,2,89.5,1
12205,20251224,453,3,91.9,1
12206,20250621,436,10,86.6,1
12207,20230409,521,10,92.9,1
12208,20231205,331,8,70.9,1
12209,20250426,552,7,92.6,1
12210,20250709,66,2,85.5,1
12211,20241224,453,3,84.0,1
12212,20260306,639,10,82.4,1
12213,20250518,566,5,99.2,1
12214,20250720,113,6,97.5,1
12215,20230815,311,9,92.1,1
12216,20230127,476,3,94.8,1
12217,20230629,524,1,82.6,1
12218,20240625,633,1,89.1,1
12219,20230501,494,4,94.6,1
12220,20250130,361,10,76.3,1
12221,20240506,684,3,96.6,1
12222,20240927,497,2,98.6,1
12223,20260326,76,1,82.4,1
12224,20240926,16,3,91.9,1
12225,20260323,206,2,76.8,1
12226,20240910,734,9,98.6,1
12227,20260129,313,7,92.5,1
12228,20260513,72,10,97.9,1
12229,20250428,691,4,93.7,1
12230,20230830,531,3,93.7,1
12231,20260328,209,1,90.0,1
12232,20230212,800,7,97.0,1
12233,20240525,463,6,98.5,1
12234,20260317,457,9,90.6,1
12235,20240620,792,1,97.0,1
12236,20260419,47,7,88.5,1
12237,20230611,781,7,83.9,1
12238,20230305,397,2,88.2,1
12239,20250916,689,2,88.6,1
12240,20251018,390,8,82.7,1
12241,20230130,240,5,86.3,1
12242,20240514,538,7,93.3,1
12243,20260201,562,4,62.4,1
12244,20240906,656,10,94.6,1
12245,20250925,283,10,79.2,1
12246,20250508,281,4,71.3,1
12247,20250720,215,10,98.5,1
12248,20260506,437,6,70.1,1
12249,20240811,154,9,93.5,1
12250,20241017,800,2,95.3,1
12251,20230717,189,4,75.9,1
12252,20241225,116,1,81.7,1
12253,20250107,80,4,98.3,1
12254,20231220,589,3,97.0,1
12255,20230811,231,2,93.7,1
12256,20230106,657,8,69.3,1
12257,20260123,713,8,96.2,1
12258,20230607,73,6,84.1,1
12259,20251219,258,1,92.7,1
12260,20230131,40,5,71.0,1
12261,20260313,224,3,94.0,1
12262,20231109,608,3,77.8,1
12263,20231213,642,7,99.3,1
12264,20250408,308,10,81.3,1
12265,20251230,719,7,84.6,1
12266,20230220,273,8,84.2,1
12267,20260406,111,5,95.2,1
12268,20250814,172,8,52.2,1
12269,20250428,745,9,99.1,1
12270,20250922,412,5,86.0,1
12271,20230501,531,8,97.5,1
12272,20250523,793,3,97.2,1
12273,20240611,198,6,91.4,1
12274,20240423,169,3,98.0,1
12275,20231014,668,10,49.9,1
12276,20241201,664,1,84.7,1
12277,20240504,374,1,96.2,1
12278,20250301,173,3,90.2,1
12279,20241105,268,9,82.0,1
12280,20241003,437,7,82.1,1
12281,20230721,608,9,89.6,1
12282,20250810,311,7,73.0,1
12283,20250212,68,3,92.8,1
12284,20231015,708,3,98.4,1
12285,20250923,403,7,94.8,1
12286,20241029,764,2,82.1,1
12287,20230817,344,6,62.4,1
12288,20230207,310,8,89.6,1
12289,20250910,575,2,87.7,1
12290,20260324,74,4,96.2,1
12291,20240407,530,6,89.4,1
12292,20251201,62,10,96.9,1
12293,20250424,789,5,97.7,1
12294,20230409,762,10,97.7,1
12295,20231105,99,9,93.3,1
12296,20240909,266,10,87.0,1
12297,20240406,731,10,87.7,1
12298,20230401,526,4,94.5,1
12299,20241109,562,9,92.7,1
12300,20250813,266,1,84.8,1
12301,20260531,352,6,99.3,1
12302,20240127,4,3,96.7,1
12303,20230328,310,2,87.3,1
12304,20240328,20,7,89.2,1
12305,20260304,401,7,96.3,1
12306,20241210,635,5,91.9,1
12307,20230610,270,6,99.0,1
12308,20250307,463,5,92.4,1
12309,20251129,590,4,89.5,1
12310,20260412,50,5,96.1,1
12311,20251101,416,10,94.7,1
12312,20251012,731,4,76.0,1
12313,20240120,482,4,86.0,1
12314,20260131,359,8,99.1,1
12315,20240211,705,3,98.1,1
12316,20230730,717,4,87.1,1
12317,20230526,170,2,63.2,1
12318,20250929,396,6,97.8,1
12319,20230627,274,3,83.6,1
12320,20231007,787,6,79.4,1
12321,20250403,405,10,73.2,1
12322,20230828,562,1,84.0,1
12323,20230814,249,6,94.7,1
12324,20230923,131,5,88.9,1
12325,20260428,403,2,85.7,1
12326,20240927,733,5,98.8,1
12327,20240328,549,1,85.0,1
12328,20250124,295,8,93.0,1
12329,20250326,660,1,90.5,1
12330,20260520,735,2,87.5,1
12331,20230302,463,8,94.7,1
12332,20260409,537,9,95.4,1
12333,20260327,4,7,88.8,1
12334,20251101,398,10,83.1,1
12335,20230729,647,1,92.2,1
12336,20251103,748,7,81.5,1
12337,20230218,294,1,94.8,1
12338,20260123,758,10,90.4,1
12339,20240722,564,2,96.6,1
12340,20230106,292,7,96.0,1
12341,20231120,639,4,87.3,1
12342,20250427,439,9,90.7,1
12343,20230521,337,1,97.9,1
12344,20240629,255,6,91.0,1
12345,20240622,466,10,98.6,1
12346,20260505,611,6,91.0,1
12347,20240103,98,5,83.5,1
12348,20240706,527,4,74.9,1
12349,20230923,38,10,84.5,1
12350,20230504,799,6,99.0,1
12351,20250903,412,2,59.6,1
12352,20240209,244,8,90.7,1
12353,20230510,619,7,88.1,1
12354,20260521,664,1,98.7,1
12355,20250306,669,3,72.9,1
12356,20250627,353,6,86.1,1
12357,20230531,357,3,87.1,1
12358,20230322,391,3,99.1,1
12359,20230109,694,9,91.2,1
12360,20240930,140,7,78.2,1
12361,20260518,476,2,95.1,1
12362,20260409,188,6,89.2,1
12363,20230527,602,10,94.2,1
12364,20250916,699,6,95.6,1
12365,20231205,789,2,84.8,1
12366,20231204,519,1,70.3,1
12367,20250624,29,2,99.9,1
12368,20260115,323,1,87.4,1
12369,20240918,727,6,84.2,1
12370,20241209,613,7,86.2,1
12371,20260602,450,2,98.5,1
12372,20250922,712,4,91.8,1
12373,20231226,46,7,93.7,1
12374,20240815,648,2,83.9,1
12375,20260625,244,9,75.6,1
12376,20240902,499,3,75.9,1
12377,20230125,201,1,95.8,1
12378,20231126,170,4,95.5,1
12379,20250901,280,4,92.9,1
12380,20250403,704,3,95.2,1
12381,20241227,783,1,71.1,1
12382,20240804,700,7,80.3,1
12383,20241018,752,10,95.4,1
12384,20250206,236,8,93.2,1
12385,20240915,373,4,81.2,1
12386,20250721,753,4,94.3,1
12387,20250512,76,5,73.0,1
12388,20240729,434,5,64.5,1
12389,20250720,573,8,94.0,1
12390,20260420,71,8,90.0,1
12391,20250514,208,8,90.6,1
12392,20251026,440,4,96.6,1
12393,20250217,695,6,95.5,1
12394,20251204,786,1,93.4,1
12395,20240225,685,4,90.6,1
12396,20260207,153,5,84.5,1
12397,20230107,441,6,86.6,1
12398,20240702,556,5,96.6,1
12399,20240724,235,10,97.3,1
12400,20240702,655,2,93.9,1
12401,20250810,370,6,86.1,1
12402,20260405,270,10,98.1,1
12403,20230514,619,5,96.4,1
12404,20251228,338,5,94.2,1
12405,20231002,657,3,90.9,1
12406,20250508,556,7,96.2,1
12407,20250208,89,9,97.1,1
12408,20241112,720,1,82.4,1
12409,20240204,546,8,67.8,1
12410,20260626,150,6,89.6,1
12411,20240220,52,9,86.4,1
12412,20251209,579,4,81.2,1
12413,20260221,567,1,86.8,1
12414,20240529,707,4,90.0,1
12415,20260327,781,5,97.1,1
12416,20251129,740,10,92.3,1
12417,20230413,170,2,86.1,1
12418,20250128,181,6,97.7,1
12419,20230413,659,1,60.6,1
12420,20230122,469,7,96.7,1
12421,20260411,670,3,80.3,1
12422,20240219,491,4,98.0,1
12423,20251230,433,6,98.1,1
12424,20260206,387,1,99.8,1
12425,20251028,406,2,73.7,1
12426,20231106,699,8,96.0,1
12427,20260330,442,8,97.6,1
12428,20260305,41,2,86.4,1
12429,20250527,436,2,98.6,1
12430,20230920,683,8,82.8,1
12431,20250209,157,2,94.7,1
12432,20260120,636,9,85.8,1
12433,20250617,631,1,78.4,1
12434,20230927,5,1,91.1,1
12435,20250927,177,2,75.3,1
12436,20231120,273,9,98.4,1
12437,20240611,317,6,79.1,1
12438,20230112,207,3,92.1,1
12439,20240312,77,10,98.8,1
12440,20230209,154,10,79.3,1
12441,20230826,758,9,96.2,1
12442,20230926,297,1,86.0,1
12443,20250429,237,8,73.9,1
12444,20230112,415,7,98.4,1
12445,20230324,573,2,77.6,1
12446,20240111,261,10,87.1,1
12447,20260324,305,2,88.3,1
12448,20240229,170,5,93.9,1
12449,20250705,630,1,84.2,1
12450,20241122,592,6,78.2,1
12451,20260506,67,4,86.2,1
12452,20251125,106,4,71.7,1
12453,20240425,368,7,96.6,1
12454,20240917,550,8,82.7,1
12455,20240123,677,4,84.6,1
12456,20240319,347,7,95.8,1
12457,20240406,331,6,92.3,1
12458,20241223,723,1,90.7,1
12459,20250916,93,4,62.2,1
12460,20230524,784,7,74.0,1
12461,20251211,208,8,92.9,1
12462,20250515,102,7,97.5,1
12463,20231229,206,9,91.1,1
12464,20241004,273,8,70.8,1
12465,20230103,704,6,99.2,1
12466,20230422,630,2,92.0,1
12467,20240919,418,5,97.3,1
12468,20250301,289,5,92.5,1
12469,20260120,340,7,94.1,1
12470,20231028,299,10,98.6,1
12471,20250427,760,3,78.4,1
12472,20260210,633,10,93.8,1
12473,20230204,101,3,97.5,1
12474,20241109,427,3,75.1,1
12475,20250528,783,4,83.3,1
12476,20231030,54,8,77.8,1
12477,20260613,665,7,74.7,1
12478,20260106,409,5,98.8,1
12479,20230113,263,5,67.3,1
12480,20240527,767,10,94.8,1
12481,20251128,256,8,89.8,1
12482,20250522,691,2,99.9,1
12483,20240812,268,8,87.4,1
12484,20250124,218,4,98.4,1
12485,20240903,484,9,97.5,1
12486,20230404,5,1,70.3,1
12487,20251105,200,3,93.6,1
12488,20260215,148,7,87.3,1
12489,20230617,273,5,98.2,1
12490,20250704,485,8,84.5,1
12491,20250928,457,1,81.5,1
12492,20250128,184,3,97.4,1
12493,20230331,353,9,96.5,1
12494,20230609,158,8,96.2,1
12495,20230917,108,4,82.0,1
12496,20230613,425,10,94.1,1
12497,20251217,195,7,87.5,1
12498,20241019,355,10,94.4,1
12499,20251015,628,3,87.9,1
12500,20251109,719,8,93.3,1
12501,20230427,319,5,97.6,1
12502,20231020,112,3,96.8,1
12503,20260329,504,4,86.7,1
12504,20231105,491,1,79.7,1
12505,20251118,652,5,85.3,1
12506,20231004,448,1,46.0,1
12507,20241117,252,6,86.4,1
12508,20240210,792,6,90.6,1
12509,20240916,56,1,95.1,1
12510,20260220,518,4,71.8,1
12511,20260626,539,1,94.1,1
12512,20250520,484,5,78.7,1
12513,20241010,57,1,97.2,1
12514,20230524,42,10,94.0,1
12515,20230417,113,1,98.6,1
12516,20250521,407,4,77.3,1
12517,20250708,434,7,97.0,1
12518,20240715,268,4,78.2,1
12519,20250220,597,2,95.2,1
12520,20250504,362,1,93.8,1
12521,20260102,201,3,80.4,1
12522,20241010,480,10,82.4,1
12523,20250307,603,1,82.8,1
12524,20230809,501,8,98.3,1
12525,20230930,415,9,93.9,1
12526,20260410,750,3,93.6,1
12527,20251109,741,6,67.1,1
12528,20260516,17,2,76.0,1
12529,20240329,305,10,90.8,1
12530,20240425,163,3,96.3,1
12531,20230122,507,8,94.7,1
12532,20240401,564,2,84.6,1
12533,20241203,376,10,84.7,1
12534,20250511,234,6,86.6,1
12535,20240805,139,10,89.6,1
12536,20240306,318,4,95.3,1
12537,20230213,730,10,85.9,1
12538,20250702,157,8,95.8,1
12539,20230119,448,10,75.5,1
12540,20240510,630,2,93.8,1
12541,20240428,620,4,82.4,1
12542,20250202,727,4,96.9,1
12543,20240722,176,5,93.2,1
12544,20240921,741,5,94.4,1
12545,20230330,124,7,96.5,1
12546,20240514,128,9,89.2,1
12547,20250109,42,2,95.3,1
12548,20260507,146,1,89.4,1
12549,20251212,176,3,78.3,1
12550,20260425,633,5,96.2,1
12551,20260107,66,6,86.1,1
12552,20231116,381,9,90.6,1
12553,20230526,346,7,97.7,1
12554,20230221,554,4,84.0,1
12555,20250517,495,10,78.4,1
12556,20260626,216,6,92.3,1
12557,20250217,600,6,88.2,1
12558,20241229,534,2,83.9,1
12559,20250223,390,5,77.5,1
12560,20250123,668,6,96.3,1
12561,20260128,517,3,57.6,1
12562,20251218,15,5,97.7,1
12563,20240926,248,7,89.7,1
12564,20230518,632,6,93.2,1
12565,20230816,372,7,82.1,1
12566,20240417,756,6,68.4,1
12567,20230704,147,9,83.3,1
12568,20260129,455,10,98.7,1
12569,20230627,97,2,85.2,1
12570,20260608,656,4,79.2,1
12571,20241221,145,10,86.6,1
12572,20240603,524,2,98.4,1
12573,20231213,522,6,91.6,1
12574,20230224,413,2,94.9,1
12575,20230127,743,2,60.9,1
12576,20241006,64,9,75.9,1
12577,20240628,476,10,86.7,1
12578,20241202,306,9,78.7,1
12579,20241011,360,7,92.6,1
12580,20240325,482,4,91.3,1
12581,20231004,7,4,96.0,1
12582,20251012,363,4,98.1,1
12583,20240514,192,10,90.0,1
12584,20260220,433,8,86.8,1
12585,20230124,411,4,83.5,1
12586,20240330,658,3,97.8,1
12587,20250507,415,5,77.8,1
12588,20231206,457,4,86.7,1
12589,20250920,761,9,89.7,1
12590,20251221,660,5,92.1,1
12591,20230912,602,2,93.3,1
12592,20240203,179,9,99.3,1
12593,20230310,724,3,96.9,1
12594,20260312,176,2,78.1,1
12595,20260618,118,3,83.1,1
12596,20251224,417,10,83.3,1
12597,20240325,90,1,88.3,1
12598,20230702,295,2,99.7,1
12599,20230917,231,6,96.5,1
12600,20230412,109,4,97.7,1
12601,20250820,754,9,97.5,1
12602,20250120,340,7,78.0,1
12603,20230221,284,10,90.0,1
12604,20250522,409,5,65.1,1
12605,20260403,362,1,97.8,1
12606,20260607,291,3,93.3,1
12607,20230719,215,3,84.4,1
12608,20241106,109,4,98.8,1
12609,20230113,113,9,98.0,1
12610,20250311,446,6,72.0,1
12611,20250707,547,9,84.8,1
12612,20250818,266,5,91.6,1
12613,20251213,199,4,86.6,1
12614,20240509,407,8,97.0,1
12615,20230317,462,6,68.5,1
12616,20241214,486,7,96.8,1
12617,20240628,699,8,92.7,1
12618,20260521,289,1,72.5,1
12619,20231023,261,2,73.8,1
12620,20230908,26,9,67.6,1
12621,20260115,594,2,65.8,1
12622,20250731,553,8,90.5,1
12623,20240523,150,4,85.6,1
12624,20250510,430,3,83.5,1
12625,20260301,29,8,76.0,1
12626,20251209,1,8,88.0,1
12627,20250130,717,5,77.8,1
12628,20260605,723,6,93.5,1
12629,20230107,413,9,82.5,1
12630,20230816,413,10,95.3,1
12631,20240109,215,2,92.4,1
12632,20251123,85,1,81.6,1
12633,20240717,332,3,91.7,1
12634,20250516,175,6,82.8,1
12635,20230409,194,8,46.0,1
12636,20250110,246,1,92.3,1
12637,20240821,301,2,98.7,1
12638,20250701,437,10,76.2,1
12639,20240409,432,2,82.4,1
12640,20251203,497,8,99.1,1
12641,20250709,432,1,84.1,1
12642,20240720,701,9,95.1,1
12643,20240713,684,4,88.9,1
12644,20250902,691,1,95.4,1
12645,20260403,35,1,77.8,1
12646,20240801,143,7,90.5,1
12647,20251111,455,1,96.6,1
12648,20240716,100,6,98.6,1
12649,20241021,762,3,98.7,1
12650,20250411,501,6,90.4,1
12651,20230220,219,9,94.1,1
12652,20230624,235,5,98.7,1
12653,20251230,611,9,91.9,1
12654,20241112,439,3,92.7,1
12655,20260414,791,3,96.1,1
12656,20230802,177,6,98.3,1
12657,20250310,90,3,94.5,1
12658,20260401,178,7,81.0,1
12659,20230601,356,2,59.0,1
12660,20250914,100,1,96.9,1
12661,20251001,75,6,93.2,1
12662,20250824,116,9,94.2,1
12663,20250214,468,1,47.0,1
12664,20240701,680,6,88.9,1
12665,20260306,635,1,95.4,1
12666,20250914,604,6,96.3,1
12667,20240113,732,8,93.7,1
12668,20260516,710,8,96.2,1
12669,20260204,119,2,71.0,1
12670,20240217,395,9,99.6,1
12671,20251207,598,1,87.0,1
12672,20230220,652,4,55.4,1
12673,20240709,633,8,89.1,1
12674,20260111,780,5,79.9,1
12675,20240210,620,4,82.0,1
12676,20260510,771,3,97.7,1
12677,20241014,265,4,89.3,1
12678,20250114,154,6,83.9,1
12679,20260502,468,10,94.6,1
12680,20251129,292,4,95.8,1
12681,20241111,766,4,85.1,1
12682,20250803,324,8,93.1,1
12683,20250508,60,2,91.5,1
12684,20231004,702,10,66.1,1
12685,20240222,728,7,85.2,1
12686,20230308,392,3,98.1,1
12687,20240506,454,2,97.7,1
12688,20240806,7,3,95.3,1
12689,20230130,167,9,98.9,1
12690,20250411,512,6,93.6,1
12691,20230514,375,6,63.2,1
12692,20250621,274,7,82.1,1
12693,20260413,15,8,86.7,1
12694,20240601,799,4,98.5,1
12695,20241001,658,6,71.0,1
12696,20241224,412,10,87.4,1
12697,20230425,344,1,68.7,1
12698,20230104,197,3,94.3,1
12699,20241107,460,1,90.0,1
12700,20231121,460,7,84.5,1
12701,20240923,170,8,84.7,1
12702,20251229,442,5,84.0,1
12703,20230315,782,9,91.6,1
12704,20250316,115,3,85.9,1
12705,20230218,193,6,99.4,1
12706,20260326,6,5,68.2,1
12707,20240428,590,2,89.6,1
12708,20240507,673,3,98.9,1
12709,20241126,49,3,75.4,1
12710,20240503,527,2,85.0,1
12711,20240927,109,4,88.4,1
12712,20260321,106,8,96.1,1
12713,20251222,746,7,91.5,1
12714,20250620,770,4,88.9,1
12715,20260506,521,4,85.7,1
12716,20250325,611,2,87.6,1
12717,20250509,339,1,85.2,1
12718,20260421,561,8,98.0,1
12719,20260129,702,6,64.6,1
12720,20250506,552,3,81.3,1
12721,20250722,502,5,93.1,1
12722,20231028,183,3,97.5,1
12723,20240310,142,9,96.3,1
12724,20230918,212,2,58.5,1
12725,20260623,584,2,97.3,1
12726,20250530,632,7,65.8,1
12727,20240220,348,3,67.4,1
12728,20250107,790,10,91.3,1
12729,20250228,293,7,92.6,1
12730,20230828,158,10,90.9,1
12731,20230129,222,9,94.2,1
12732,20230223,449,5,73.0,1
12733,20240320,312,10,88.9,1
12734,20251219,84,7,84.9,1
12735,20241117,68,2,96.2,1
12736,20241015,764,7,93.5,1
12737,20230403,334,1,79.3,1
12738,20240817,266,3,96.9,1
12739,20260206,758,1,97.4,1
12740,20230731,467,4,93.5,1
12741,20260121,458,10,96.1,1
12742,20250513,45,3,91.9,1
12743,20230111,578,3,90.1,1
12744,20250327,239,1,96.9,1
12745,20240412,186,7,67.8,1
12746,20251011,575,3,90.8,1
12747,20230403,242,9,96.3,1
12748,20240408,269,10,94.2,1
12749,20240213,123,5,66.8,1
12750,20230320,315,9,64.7,1
12751,20241228,332,6,97.3,1
12752,20240116,293,6,95.9,1
12753,20250124,536,2,98.5,1
12754,20231126,381,3,92.5,1
12755,20230302,652,3,60.5,1
12756,20250101,57,5,56.9,1
12757,20250504,350,9,92.4,1
12758,20260201,630,6,94.6,1
12759,20240416,568,6,85.6,1
12760,20260428,723,1,68.8,1
12761,20231106,123,8,90.2,1
12762,20250118,587,5,89.3,1
12763,20250910,347,1,92.3,1
12764,20230322,543,2,95.0,1
12765,20251109,737,1,98.3,1
12766,20231114,347,10,97.2,1
12767,20230526,759,8,77.5,1
12768,20240526,557,2,96.5,1
12769,20250618,562,5,99.4,1
12770,20260331,284,9,99.2,1
12771,20260314,72,4,93.1,1
12772,20250125,566,1,94.7,1
12773,20240130,12,2,96.1,1
12774,20250211,357,2,86.4,1
12775,20240927,670,5,84.1,1
12776,20260207,701,9,97.3,1
12777,20250616,459,4,94.2,1
12778,20230702,23,3,79.4,1
12779,20250730,646,2,97.2,1
12780,20230630,14,6,86.9,1
12781,20240306,408,9,82.9,1
12782,20260615,502,3,66.2,1
12783,20260105,388,4,95.6,1
12784,20260407,450,10,72.5,1
12785,20250121,360,9,82.3,1
12786,20230704,175,2,75.3,1
12787,20230213,781,6,92.6,1
12788,20240811,272,3,93.9,1
12789,20230321,594,9,99.5,1
12790,20250702,407,6,91.5,1
12791,20250323,148,4,99.0,1
12792,20251011,27,5,99.8,1
12793,20230405,569,1,76.7,1
12794,20260525,472,6,71.5,1
12795,20231204,441,5,98.9,1
12796,20240923,172,1,90.6,1
12797,20250907,303,8,86.8,1
12798,20240114,702,3,94.7,1
12799,20230220,248,4,83.4,1
12800,20240103,279,6,97.1,1
12801,20240607,663,10,85.1,1
12802,20250914,267,6,99.3,1
12803,20240721,789,5,93.6,1
12804,20250514,652,4,90.5,1
12805,20250905,54,8,88.2,1
12806,20231014,673,10,81.6,1
12807,20250718,308,9,80.4,1
12808,20251116,374,10,98.8,1
12809,20251015,779,1,85.5,1
12810,20230727,731,7,74.0,1
12811,20230504,594,8,99.4,1
12812,20260104,474,8,94.7,1
12813,20260213,524,10,92.4,1
12814,20231127,316,9,85.1,1
12815,20230811,483,5,93.5,1
12816,20240903,511,6,92.3,1
12817,20250115,689,4,80.5,1
12818,20240910,223,6,91.4,1
12819,20250812,204,10,98.4,1
12820,20240510,320,6,98.5,1
12821,20240207,73,1,86.9,1
12822,20230630,24,6,87.9,1
12823,20260527,518,6,88.9,1
12824,20230327,118,1,96.3,1
12825,20250603,597,5,89.5,1
12826,20231107,780,4,99.0,1
12827,20230311,294,2,81.3,1
12828,20250711,82,8,92.7,1
12829,20240314,254,1,85.0,1
12830,20250107,54,4,94.9,1
12831,20250926,442,7,79.2,1
12832,20240505,345,5,92.5,1
12833,20251225,356,4,82.7,1
12834,20250711,513,3,92.9,1
12835,20241106,508,2,92.8,1
12836,20251017,683,5,95.3,1
12837,20260409,341,10,75.2,1
12838,20230630,105,4,88.8,1
12839,20260319,728,7,93.9,1
12840,20250725,742,9,81.6,1
12841,20260625,760,6,73.7,1
12842,20240921,137,6,94.6,1
12843,20251116,484,6,83.1,1
12844,20250109,336,4,99.9,1
12845,20240828,515,10,94.5,1
12846,20250605,234,3,96.8,1
12847,20240527,45,7,90.7,1
12848,20240130,232,1,84.8,1
12849,20240629,281,6,87.7,1
12850,20230624,683,2,80.4,1
12851,20251222,314,9,91.0,1
12852,20230112,683,6,82.6,1
12853,20251221,792,6,99.7,1
12854,20250124,719,10,75.4,1
12855,20230815,455,2,87.0,1
12856,20250617,627,2,88.8,1
12857,20250414,5,1,100.0,1
12858,20260419,126,9,88.0,1
12859,20251216,6,10,91.5,1
12860,20260406,606,7,96.0,1
12861,20250610,650,9,79.4,1
12862,20250615,525,1,90.3,1
12863,20250326,287,10,88.4,1
12864,20251201,354,9,89.1,1
12865,20250620,553,4,97.9,1
12866,20230617,242,8,88.0,1
12867,20251001,784,3,99.5,1
12868,20240428,517,10,98.2,1
12869,20230625,658,5,95.1,1
12870,20230409,750,9,69.2,1
12871,20230327,120,6,99.2,1
12872,20250719,232,9,96.7,1
12873,20251222,216,8,96.6,1
12874,20231007,117,8,98.8,1
12875,20260403,334,2,82.6,1
12876,20250913,244,9,90.9,1
12877,20240509,789,8,76.4,1
12878,20241105,73,7,87.5,1
12879,20241009,73,1,88.1,1
12880,20240424,410,4,96.1,1
12881,20260522,597,4,89.8,1
12882,20260220,4,6,94.2,1
12883,20241223,746,10,76.7,1
12884,20260104,170,1,67.6,1
12885,20251228,398,6,90.7,1
12886,20240524,770,10,80.8,1
12887,20240406,791,8,88.5,1
12888,20241217,106,3,93.6,1
12889,20241019,498,3,96.7,1
12890,20250910,38,7,96.9,1
12891,20230907,277,1,88.9,1
12892,20240227,709,5,88.2,1
12893,20230507,705,5,75.7,1
12894,20250822,633,6,68.9,1
12895,20260519,385,8,99.8,1
12896,20250509,12,4,89.2,1
12897,20231203,662,7,76.1,1
12898,20251223,607,8,93.8,1
12899,20231117,633,7,91.9,1
12900,20251004,523,3,95.3,1
12901,20241212,561,10,97.9,1
12902,20240305,274,3,87.7,1
12903,20250913,463,10,91.4,1
12904,20250323,503,5,97.1,1
12905,20250325,566,8,90.5,1
12906,20260304,435,6,78.8,1
12907,20260210,587,1,81.1,1
12908,20260208,319,9,96.2,1
12909,20251217,51,6,97.4,1
12910,20250422,140,4,92.9,1
12911,20230101,140,3,69.5,1
12912,20260320,627,2,99.9,1
12913,20250316,342,3,77.7,1
12914,20241205,503,10,89.1,1
12915,20230221,134,4,86.9,1
12916,20251205,542,10,83.1,1
12917,20260223,561,4,98.7,1
12918,20240617,748,1,59.5,1
12919,20251223,261,10,98.1,1
12920,20230724,63,4,81.3,1
12921,20251211,226,6,90.4,1
12922,20240316,695,6,95.9,1
12923,20240807,106,8,98.6,1
12924,20240824,777,1,92.9,1
12925,20250912,566,5,99.5,1
12926,20230322,624,7,90.7,1
12927,20240608,707,4,84.5,1
12928,20230105,621,3,82.5,1
12929,20250322,511,3,83.1,1
12930,20230113,426,1,84.5,1
12931,20250626,499,3,91.5,1
12932,20240927,43,1,96.6,1
12933,20231122,613,7,92.3,1
12934,20250318,157,1,90.1,1
12935,20250430,250,10,95.6,1
12936,20231111,138,2,91.4,1
12937,20260617,753,4,87.8,1
12938,20260119,97,4,99.1,1
12939,20230417,705,5,85.3,1
12940,20230914,781,10,99.2,1
12941,20230930,308,8,97.9,1
12942,20241108,96,2,94.6,1
12943,20240811,391,8,90.9,1
12944,20250616,696,9,86.2,1
12945,20230806,410,10,85.4,1
12946,20230127,506,8,93.6,1
12947,20250128,51,7,87.4,1
12948,20241025,419,2,99.6,1
12949,20241012,295,7,84.4,1
12950,20231015,574,9,96.9,1
12951,20241206,214,6,93.1,1
12952,20240712,12,4,90.4,1
12953,20240104,91,4,93.9,1
12954,20260609,532,5,99.2,1
12955,20230527,51,7,89.4,1
12956,20240528,470,4,94.2,1
12957,20250701,705,3,85.0,1
12958,20231012,618,7,96.3,1
12959,20230927,69,7,85.1,1
12960,20250427,707,1,95.7,1
12961,20240324,696,1,81.9,1
12962,20240831,105,9,89.1,1
12963,20260304,437,1,99.6,1
12964,20250704,215,3,99.2,1
12965,20250126,316,2,84.7,1
12966,20250405,386,7,91.4,1
12967,20250618,518,4,73.7,1
12968,20230528,357,4,47.6,1
12969,20241004,372,7,97.2,1
12970,20260603,471,8,99.5,1
12971,20250616,97,2,89.8,1
12972,20230806,609,2,80.1,1
12973,20230621,772,7,95.2,1
12974,20241205,334,4,84.6,1
12975,20250630,222,8,90.8,1
12976,20231206,786,4,89.8,1
12977,20241009,313,5,78.5,1
12978,20230428,623,5,96.0,1
12979,20240530,338,2,96.8,1
12980,20240210,62,2,89.7,1
12981,20251201,248,6,87.2,1
12982,20230801,616,1,94.7,1
12983,20241203,241,1,92.6,1
12984,20250225,260,5,96.6,1
12985,20251014,524,10,82.8,1
12986,20250706,372,6,79.3,1
12987,20231004,234,3,61.6,1
12988,20260519,86,1,87.0,1
12989,20240803,656,9,85.6,1
12990,20231019,363,7,86.5,1
12991,20240413,209,5,83.7,1
12992,20240818,607,10,89.4,1
12993,20250319,416,3,90.1,1
12994,20251101,764,9,87.5,1
12995,20250923,36,1,97.6,1
12996,20241003,700,10,99.9,1
12997,20231108,528,10,95.3,1
12998,20230225,513,5,95.0,1
12999,20230201,323,3,97.4,1
13000,20240617,296,1,98.0,1
13001,20230426,43,5,94.5,1
13002,20230813,468,7,99.2,1
13003,20231126,528,10,92.6,1
13004,20240627,414,7,97.0,1
13005,20250322,120,6,83.8,1
13006,20240315,788,6,65.9,1
13007,20230423,395,6,99.4,1
13008,20250425,605,4,91.8,1
13009,20250507,208,6,88.3,1
13010,20250801,186,2,69.5,1
13011,20240423,779,4,69.8,1
13012,20260417,670,1,66.8,1
13013,20251005,644,2,76.1,1
13014,20260526,572,5,80.9,1
13015,20240703,540,4,78.2,1
13016,20250714,457,9,93.1,1
13017,20251005,636,7,98.7,1
13018,20240513,636,7,68.6,1
13019,20251120,356,5,97.9,1
13020,20260617,351,8,72.0,1
13021,20240122,131,6,97.3,1
13022,20260112,314,8,97.9,1
13023,20240405,548,6,89.0,1
13024,20260226,6,1,89.0,1
13025,20250509,431,5,85.4,1
13026,20251003,504,1,79.7,1
13027,20241208,507,6,75.9,1
13028,20230215,346,8,99.5,1
13029,20251203,706,7,93.5,1
13030,20251227,246,2,86.7,1
13031,20250912,690,7,97.3,1
13032,20250221,105,2,70.5,1
13033,20251028,629,9,85.5,1
13034,20260406,669,8,95.2,1
13035,20250718,9,8,94.5,1
13036,20231123,597,1,90.3,1
13037,20251119,176,2,95.2,1
13038,20241211,327,4,79.8,1
13039,20230903,68,8,98.9,1
13040,20260202,251,1,90.9,1
13041,20230407,412,8,99.6,1
13042,20240115,376,6,75.9,1
13043,20250405,36,10,91.9,1
13044,20251210,158,10,45.9,1
13045,20240705,199,10,84.6,1
13046,20231218,632,1,91.8,1
13047,20230605,381,6,73.4,1
13048,20250411,456,1,93.2,1
13049,20230717,355,5,74.4,1
13050,20250202,667,5,93.6,1
13051,20230927,710,7,94.4,1
13052,20231105,624,4,98.0,1
13053,20240811,435,3,99.5,1
13054,20260607,559,7,90.5,1
13055,20240123,436,2,86.1,1
13056,20240714,678,9,89.7,1
13057,20250513,729,9,93.9,1
13058,20240118,369,5,97.0,1
13059,20231126,500,3,97.7,1
13060,20240512,310,9,93.1,1
13061,20230706,138,2,95.1,1
13062,20230215,290,9,75.1,1
13063,20240131,176,1,98.4,1
13064,20250117,505,10,99.0,1
13065,20230104,784,8,82.7,1
13066,20251204,378,5,84.9,1
13067,20241025,785,2,57.3,1
13068,20250122,705,10,90.2,1
13069,20230328,300,4,78.0,1
13070,20241104,495,7,73.2,1
13071,20250212,585,9,95.5,1
13072,20240502,310,2,67.5,1
13073,20251115,18,7,95.3,1
13074,20240826,261,8,98.3,1
13075,20260411,195,9,90.0,1
13076,20230617,192,2,99.4,1
13077,20240829,275,8,76.2,1
13078,20230710,381,3,96.7,1
13079,20250216,550,6,92.8,1
13080,20231227,685,10,97.3,1
13081,20251226,307,4,94.6,1
13082,20241217,303,6,67.2,1
13083,20240724,517,4,84.4,1
13084,20250511,180,4,91.7,1
13085,20230708,304,1,90.6,1
13086,20230903,228,4,95.0,1
13087,20230804,202,1,96.8,1
13088,20230207,99,8,93.6,1
13089,20250310,726,8,74.9,1
13090,20260424,42,3,91.9,1
13091,20260314,441,3,97.2,1
13092,20260419,500,9,94.3,1
13093,20260322,103,9,98.3,1
13094,20240708,702,5,75.4,1
13095,20240318,321,9,98.4,1
13096,20260217,429,1,91.9,1
13097,20240830,94,8,80.2,1
13098,20240130,650,8,83.9,1
13099,20251129,10,10,39.8,1
13100,20240715,702,2,83.9,1
13101,20250106,665,6,90.1,1
13102,20230429,299,5,91.2,1
13103,20231031,109,9,98.5,1
13104,20240613,366,4,94.5,1
13105,20241207,100,7,91.8,1
13106,20241009,724,4,94.3,1
13107,20240719,98,6,98.2,1
13108,20241031,614,5,87.9,1
13109,20250519,157,3,93.6,1
13110,20260118,209,10,89.4,1
13111,20240226,370,5,85.6,1
13112,20230630,618,2,78.8,1
13113,20250101,489,10,95.2,1
13114,20240425,258,10,94.5,1
13115,20230311,78,2,96.8,1
13116,20230702,409,2,98.6,1
13117,20240227,195,5,88.6,1
13118,20241026,539,10,75.9,1
13119,20230209,215,2,87.6,1
13120,20250203,583,4,82.0,1
13121,20250929,161,3,79.9,1
13122,20241128,359,6,79.9,1
13123,20250126,91,7,84.2,1
13124,20250820,245,3,82.7,1
13125,20230706,479,2,87.6,1
13126,20240428,17,1,97.3,1
13127,20260509,33,5,95.6,1
13128,20231117,416,3,76.5,1
13129,20250721,332,6,76.1,1
13130,20230814,299,9,95.7,1
13131,20230616,757,9,87.4,1
13132,20250202,533,5,96.0,1
13133,20260612,5,3,97.4,1
13134,20240714,39,4,97.3,1
13135,20250824,42,4,99.4,1
13136,20260524,314,1,75.8,1
13137,20240217,529,4,89.8,1
13138,20240623,783,4,67.2,1
13139,20230723,314,3,93.2,1
13140,20241117,777,5,92.5,1
13141,20260511,753,3,98.5,1
13142,20260302,654,7,80.3,1
13143,20260101,165,5,91.4,1
13144,20230601,599,4,79.3,1
13145,20230630,230,4,80.2,1
13146,20250909,634,5,88.4,1
13147,20260402,299,5,95.1,1
13148,20240425,18,2,72.6,1
13149,20250808,82,3,86.4,1
13150,20260421,42,3,92.9,1
13151,20260329,694,8,82.5,1
13152,20250223,752,4,95.8,1
13153,20241002,748,10,75.3,1
13154,20240110,497,10,91.5,1
13155,20260126,489,8,91.3,1
13156,20231018,455,8,99.9,1
13157,20250218,753,7,97.9,1
13158,20250917,658,1,93.4,1
13159,20251204,102,6,99.2,1
13160,20231229,266,6,78.8,1
13161,20240704,132,3,98.9,1
13162,20240808,568,7,61.1,1
13163,20250218,338,1,99.7,1
13164,20260203,493,1,73.4,1
13165,20250930,726,6,90.9,1
13166,20241228,163,5,97.4,1
13167,20241014,207,9,93.4,1
13168,20250224,334,4,97.6,1
13169,20231214,296,2,76.6,1
13170,20240601,575,6,70.2,1
13171,20241213,318,4,96.1,1
13172,20230226,89,6,98.8,1
13173,20231117,79,10,94.0,1
13174,20230531,103,10,89.1,1
13175,20230827,341,8,79.7,1
13176,20250618,37,10,72.1,1
13177,20251127,36,4,76.8,1
13178,20240424,559,3,94.7,1
13179,20240920,141,2,91.7,1
13180,20240223,173,9,90.1,1
13181,20240306,508,10,93.4,1
13182,20250824,76,8,86.7,1
13183,20241021,353,3,95.1,1
13184,20250712,640,7,93.0,1
13185,20250521,575,7,98.4,1
13186,20250520,773,10,98.1,1
13187,20260404,157,4,96.4,1
13188,20240916,106,3,99.1,1
13189,20250803,306,3,74.2,1
13190,20230819,464,10,78.3,1
13191,20250130,20,2,97.2,1
13192,20230811,248,10,87.7,1
13193,20250704,750,2,90.0,1
13194,20230825,166,8,94.1,1
13195,20231020,172,3,97.9,1
13196,20251117,708,5,71.2,1
13197,20241226,680,5,87.8,1
13198,20240330,117,10,97.0,1
13199,20250807,360,6,85.6,1
13200,20230208,622,5,96.7,1
13201,20241109,316,8,97.4,1
13202,20250419,41,5,91.2,1
13203,20241213,507,10,93.7,1
13204,20240712,326,7,94.0,1
13205,20251010,189,2,95.3,1
13206,20230312,345,4,93.3,1
13207,20250316,214,1,94.3,1
13208,20250921,220,6,89.1,1
13209,20250329,609,2,97.0,1
13210,20230810,441,2,88.4,1
13211,20230701,139,3,74.3,1
13212,20250916,581,5,73.9,1
13213,20260409,743,8,94.4,1
13214,20260215,619,2,83.4,1
13215,20260421,318,4,84.1,1
13216,20241105,508,8,89.3,1
13217,20231006,478,8,91.8,1
13218,20251128,310,2,98.5,1
13219,20260224,161,3,95.9,1
13220,20260630,545,10,86.2,1
13221,20230606,172,10,86.9,1
13222,20230121,334,5,87.8,1
13223,20250719,394,3,99.2,1
13224,20250131,363,3,92.6,1
13225,20240607,798,7,92.9,1
13226,20230404,82,6,99.3,1
13227,20231006,26,10,80.0,1
13228,20250504,798,10,83.0,1
13229,20230826,150,7,85.5,1
13230,20231009,326,4,93.0,1
13231,20260227,97,10,94.8,1
13232,20260129,535,6,57.8,1
13233,20250621,751,2,85.6,1
13234,20260106,196,3,96.9,1
13235,20240321,756,3,88.6,1
13236,20250803,633,1,90.6,1
13237,20240504,642,8,94.2,1
13238,20250729,417,3,95.0,1
13239,20231206,346,10,97.5,1
13240,20240223,408,10,86.1,1
13241,20240213,552,4,93.9,1
13242,20230115,526,7,86.5,1
13243,20260424,700,7,82.7,1
13244,20240202,377,1,87.7,1
13245,20241127,256,10,98.7,1
13246,20240511,73,8,94.7,1
13247,20250705,64,9,94.6,1
13248,20230529,490,7,86.2,1
13249,20230503,139,7,80.2,1
13250,20250516,143,5,84.9,1
13251,20230825,405,4,77.2,1
13252,20251108,121,4,98.9,1
13253,20231207,673,9,94.0,1
13254,20241121,426,8,99.0,1
13255,20240717,696,10,95.9,1
13256,20260416,398,2,84.1,1
13257,20230908,346,8,89.5,1
13258,20230505,656,6,95.6,1
13259,20230129,108,9,87.5,1
13260,20230619,779,4,92.6,1
13261,20250119,707,6,91.7,1
13262,20230328,190,2,98.0,1
13263,20241205,678,2,83.3,1
13264,20240713,343,4,92.3,1
13265,20240704,677,2,81.0,1
13266,20250629,270,1,84.4,1
13267,20250805,306,2,92.6,1
13268,20231210,552,5,99.1,1
13269,20260605,431,10,99.3,1
13270,20260323,450,9,87.8,1
13271,20260511,181,8,82.6,1
13272,20260401,648,4,93.9,1
13273,20260218,85,1,96.4,1
13274,20250822,497,5,64.4,1
13275,20241007,84,4,90.3,1
13276,20250713,227,1,85.8,1
13277,20241225,584,4,88.6,1
13278,20230707,604,9,82.2,1
13279,20250526,453,3,50.4,1
13280,20230821,439,4,89.7,1
13281,20240802,638,1,90.4,1
13282,20250713,116,5,95.6,1
13283,20250204,110,2,96.8,1
13284,20241205,629,10,80.9,1
13285,20260518,377,8,68.4,1
13286,20250713,728,8,92.6,1
13287,20230301,22,1,94.7,1
13288,20230118,775,6,97.7,1
13289,20240824,289,9,92.5,1
13290,20231228,463,5,79.1,1
13291,20230424,526,5,84.0,1
13292,20240520,271,9,93.4,1
13293,20250514,30,1,92.2,1
13294,20240110,694,8,90.6,1
13295,20240616,79,4,94.7,1
13296,20231221,440,5,96.9,1
13297,20230524,212,5,78.0,1
13298,20250531,36,7,80.2,1
13299,20250508,261,7,97.9,1
13300,20240312,493,1,99.7,1
13301,20250521,378,4,99.0,1
13302,20250506,443,4,79.6,1
13303,20231106,183,1,95.6,1
13304,20230807,743,3,97.5,1
13305,20260512,226,3,59.7,1
13306,20230808,271,9,83.5,1
13307,20240518,304,2,95.1,1
13308,20231223,795,10,87.5,1
13309,20230513,172,1,92.1,1
13310,20251003,76,7,93.8,1
13311,20250430,752,9,69.4,1
13312,20250207,182,10,83.6,1
13313,20241027,460,4,94.0,1
13314,20240727,76,8,98.5,1
13315,20231218,512,2,81.8,1
13316,20250131,678,8,92.2,1
13317,20230831,607,7,86.0,1
13318,20250402,754,9,92.9,1
13319,20260305,112,2,97.0,1
13320,20241007,463,1,96.9,1
13321,20240414,539,10,97.7,1
13322,20260419,58,3,88.6,1
13323,20230122,518,10,77.0,1
13324,20230105,43,6,84.1,1
13325,20230208,104,6,93.5,1
13326,20251123,185,10,96.6,1
13327,20250828,612,6,90.3,1
13328,20260305,557,10,98.3,1
13329,20230923,170,1,75.3,1
13330,20260226,247,2,85.8,1
13331,20251027,431,5,97.5,1
13332,20250127,165,9,86.0,1
13333,20230602,162,6,77.4,1
13334,20230209,547,2,67.6,1
13335,20230713,705,4,84.9,1
13336,20240327,594,8,95.4,1
13337,20250425,553,9,95.7,1
13338,20250302,351,4,88.6,1
13339,20260507,505,1,95.5,1
13340,20231101,249,1,98.9,1
13341,20260617,419,3,97.0,1
13342,20230108,333,3,75.5,1
13343,20241017,64,10,83.0,1
13344,20250413,38,1,66.7,1
13345,20260310,370,1,66.2,1
13346,20260112,218,3,76.7,1
13347,20240315,775,8,85.0,1
13348,20251125,412,10,87.7,1
13349,20240912,762,6,85.1,1
13350,20251022,426,5,96.2,1
13351,20230322,40,10,78.5,1
13352,20251031,520,1,80.6,1
13353,20250225,300,6,80.8,1
13354,20260225,617,7,89.7,1
13355,20260208,275,8,96.8,1
13356,20251202,255,10,69.5,1
13357,20251107,391,7,87.0,1
13358,20251102,739,1,98.1,1
13359,20240316,350,4,95.5,1
13360,20230108,53,7,91.6,1
13361,20241117,328,6,92.4,1
13362,20241125,146,9,85.5,1
13363,20240725,1,9,92.7,1
13364,20260425,646,9,86.6,1
13365,20240119,189,7,87.5,1
13366,20230806,534,9,72.4,1
13367,20240221,144,7,94.6,1
13368,20240228,720,6,91.3,1
13369,20250530,649,4,97.2,1
13370,20230111,148,8,91.6,1
13371,20231211,378,9,97.8,1
13372,20240521,139,6,86.1,1
13373,20260424,316,1,89.3,1
13374,20241214,768,1,98.4,1
13375,20260410,594,8,97.8,1
13376,20231106,237,8,99.8,1
13377,20230719,615,8,63.1,1
13378,20230520,162,6,82.8,1
13379,20260317,483,8,61.6,1
13380,20260328,472,9,75.6,1
13381,20230308,609,7,93.3,1
13382,20240430,127,9,91.0,1
13383,20260316,57,8,88.8,1
13384,20260311,787,2,69.2,1
13385,20250517,620,4,76.4,1
13386,20240124,369,2,75.8,1
13387,20230805,178,1,76.1,1
13388,20240407,319,6,66.0,1
13389,20240102,215,6,93.0,1
13390,20230717,760,1,93.2,1
13391,20250729,478,1,71.7,1
13392,20240725,487,1,93.9,1
13393,20250204,695,1,96.1,1
13394,20250525,84,7,94.0,1
13395,20241028,164,7,97.3,1
13396,20260218,249,10,71.6,1
13397,20250304,113,3,92.4,1
13398,20230702,144,2,96.4,1
13399,20250702,95,8,97.8,1
13400,20241109,359,6,89.3,1
13401,20250825,630,8,91.8,1
13402,20231118,59,3,97.4,1
13403,20240302,410,9,90.3,1
13404,20250828,726,7,97.6,1
13405,20240328,81,4,88.9,1
13406,20240926,645,5,90.0,1
13407,20250825,29,9,92.0,1
13408,20240421,71,5,93.7,1
13409,20230629,537,9,95.3,1
13410,20250212,229,3,93.0,1
13411,20241030,413,4,69.8,1
13412,20251210,143,1,99.2,1
13413,20260204,17,5,93.6,1
13414,20240527,292,8,95.2,1
13415,20230907,636,10,90.6,1
13416,20250319,163,10,88.9,1
13417,20231220,255,3,94.3,1
13418,20250418,207,6,78.8,1
13419,20260128,498,9,92.7,1
13420,20230707,424,7,76.5,1
13421,20260407,230,3,94.6,1
13422,20241218,729,5,92.9,1
13423,20251224,31,5,89.0,1
13424,20251129,689,3,93.1,1
13425,20240302,665,5,66.7,1
13426,20250412,458,1,76.1,1
13427,20230607,539,10,96.4,1
13428,20260630,775,9,82.9,1
13429,20240903,72,6,89.0,1
13430,20250927,450,3,96.0,1
13431,20240214,724,6,99.4,1
13432,20240824,59,1,94.1,1
13433,20240911,43,6,94.7,1
13434,20230721,408,5,88.1,1
13435,20230818,600,4,89.6,1
13436,20231013,77,7,92.7,1
13437,20230123,231,9,88.6,1
13438,20260407,764,8,85.7,1
13439,20231212,218,10,82.7,1
13440,20240815,304,5,89.0,1
13441,20240601,208,9,64.9,1
13442,20240910,295,8,57.7,1
13443,20231119,462,5,63.1,1
13444,20250515,121,10,71.3,1
13445,20230309,142,6,65.9,1
13446,20251125,731,3,80.1,1
13447,20240416,704,2,78.1,1
13448,20230501,361,8,95.7,1
13449,20260616,657,3,92.4,1
13450,20240102,243,5,86.0,1
13451,20230522,587,9,97.6,1
13452,20240930,17,9,97.3,1
13453,20240816,585,2,97.5,1
13454,20240924,121,5,66.6,1
13455,20250104,27,6,95.3,1
13456,20240302,223,3,92.5,1
13457,20260629,37,9,92.2,1
13458,20260513,518,3,90.5,1
13459,20241204,92,3,93.7,1
13460,20251104,138,5,88.0,1
13461,20231027,757,4,85.6,1
13462,20240501,590,3,90.9,1
13463,20260401,61,8,98.1,1
13464,20241117,350,4,97.7,1
13465,20230705,716,5,99.1,1
13466,20250604,40,3,88.0,1
13467,20231211,795,1,88.9,1
13468,20260227,182,2,84.7,1
13469,20230421,208,7,96.6,1
13470,20260522,477,3,91.4,1
13471,20230702,509,4,85.5,1
13472,20260126,304,1,97.1,1
13473,20230120,379,2,88.8,1
13474,20251210,137,7,99.4,1
13475,20260627,592,5,94.1,1
13476,20250523,503,9,96.0,1
13477,20241126,435,8,99.5,1
13478,20240602,279,4,96.0,1
13479,20231009,262,4,97.0,1
13480,20240628,267,10,90.3,1
13481,20250418,711,7,99.2,1
13482,20260607,464,8,94.5,1
13483,20250303,637,2,84.3,1
13484,20230111,664,4,87.1,1
13485,20260301,146,1,97.1,1
13486,20240813,713,2,83.3,1
13487,20230221,380,4,89.8,1
13488,20241102,619,8,93.2,1
13489,20230821,538,4,94.5,1
13490,20260402,316,6,66.4,1
13491,20260318,241,4,87.3,1
13492,20240709,483,4,75.8,1
13493,20230901,14,6,95.4,1
13494,20241201,7,9,93.3,1
13495,20230510,660,10,93.9,1
13496,20240310,186,1,99.7,1
13497,20250925,96,5,89.5,1
13498,20231019,708,3,79.5,1
13499,20240320,737,2,80.4,1
13500,20230927,101,9,99.2,1
13501,20250715,614,3,93.0,1
13502,20230104,348,9,98.1,1
13503,20260315,392,8,96.6,1
13504,20230519,59,1,74.1,1
13505,20240606,305,10,89.8,1
13506,20240519,457,2,92.8,1
13507,20250522,614,2,78.3,1
13508,20240717,731,5,99.6,1
13509,20251107,216,8,62.7,1
13510,20260129,678,1,97.6,1
13511,20240208,368,1,96.4,1
13512,20240608,599,8,70.2,1
13513,20260304,581,8,83.8,1
13514,20250531,601,9,97.1,1
13515,20250206,4,6,98.4,1
13516,20250906,177,7,97.0,1
13517,20241103,299,6,91.0,1
13518,20251129,577,3,86.5,1
13519,20230828,396,1,91.2,1
13520,20240403,524,7,94.0,1
13521,20230519,103,4,88.5,1
13522,20250508,523,3,81.8,1
13523,20260130,484,1,88.2,1
13524,20250719,525,3,85.8,1
13525,20241205,90,8,85.2,1
13526,20230223,659,7,74.2,1
13527,20250310,392,7,91.5,1
13528,20230618,219,8,76.3,1
13529,20241013,197,6,99.1,1
13530,20250527,662,9,86.0,1
13531,20251226,702,6,93.6,1
13532,20231004,750,10,99.3,1
13533,20240815,729,7,90.4,1
13534,20240807,8,2,95.8,1
13535,20240407,456,9,93.3,1
13536,20240514,615,9,76.3,1
13537,20230911,117,2,75.2,1
13538,20231123,609,4,93.7,1
13539,20230905,696,10,93.2,1
13540,20240118,326,1,90.6,1
13541,20260209,382,8,94.6,1
13542,20250216,321,6,92.8,1
13543,20250110,264,10,86.2,1
13544,20250731,309,2,87.6,1
13545,20230627,187,6,89.5,1
13546,20241120,645,2,95.0,1
13547,20230506,317,6,90.9,1
13548,20240219,670,4,84.0,1
13549,20240119,752,2,93.7,1
13550,20230121,230,4,89.4,1
13551,20231017,622,8,88.1,1
13552,20250810,69,3,84.2,1
13553,20240406,250,7,87.2,1
13554,20240830,526,1,98.4,1
13555,20230205,413,8,91.9,1
13556,20250830,124,3,85.7,1
13557,20260430,366,10,99.7,1
13558,20241030,294,9,89.9,1
13559,20240523,47,2,94.5,1
13560,20250817,373,1,76.8,1
13561,20240108,113,2,92.6,1
13562,20250604,168,7,87.5,1
13563,20250822,591,10,79.3,1
13564,20250116,372,3,91.0,1
13565,20260622,104,7,60.3,1
13566,20240102,261,4,96.3,1
13567,20251109,198,3,99.7,1
13568,20260424,290,1,75.5,1
13569,20260228,174,7,97.4,1
13570,20240111,213,7,95.6,1
13571,20240521,168,9,81.6,1
13572,20260612,560,6,87.5,1
13573,20240318,33,1,93.5,1
13574,20240117,438,7,95.5,1
13575,20240625,312,10,52.7,1
13576,20260316,249,10,78.3,1
13577,20231203,407,7,83.2,1
13578,20240115,386,2,97.9,1
13579,20240517,715,4,99.5,1
13580,20250601,165,9,90.2,1
13581,20260123,50,6,91.0,1
13582,20231010,500,1,89.8,1
13583,20250908,790,4,96.7,1
13584,20240211,349,4,99.7,1
13585,20250527,606,1,93.0,1
13586,20240317,369,6,93.2,1
13587,20240716,111,6,89.2,1
13588,20260227,286,8,85.8,1
13589,20250912,285,3,95.0,1
13590,20260615,81,5,67.9,1
13591,20241005,542,2,65.3,1
13592,20240202,493,4,82.3,1
13593,20231220,379,7,93.4,1
13594,20250124,377,9,57.1,1
13595,20240715,183,7,78.7,1
13596,20230907,254,8,75.9,1
13597,20240808,382,2,99.7,1
13598,20250223,441,7,89.4,1
13599,20250728,54,4,77.3,1
13600,20250914,119,5,79.6,1
13601,20251218,424,2,86.0,1
13602,20241227,385,3,50.9,1
13603,20240914,69,7,90.1,1
13604,20251231,466,8,94.7,1
13605,20251224,284,5,89.7,1
13606,20260205,678,5,96.2,1
13607,20260322,134,9,90.8,1
13608,20240715,201,1,92.3,1
13609,20230621,657,7,83.5,1
13610,20260210,336,10,72.8,1
13611,20240920,486,10,80.7,1
13612,20240618,374,4,89.8,1
13613,20260101,428,5,98.4,1
13614,20240101,173,3,69.6,1
13615,20230920,117,3,99.8,1
13616,20231225,68,8,89.5,1
13617,20240928,54,7,86.0,1
13618,20240501,145,10,59.7,1
13619,20240202,779,7,94.5,1
13620,20260130,297,2,97.9,1
13621,20260412,297,10,97.0,1
13622,20230808,417,5,70.8,1
13623,20240528,405,7,98.4,1
13624,20231020,574,10,86.3,1
13625,20260429,476,3,86.2,1
13626,20250207,158,3,84.0,1
13627,20241025,46,5,82.8,1
13628,20260207,333,2,98.4,1
13629,20240205,277,7,93.2,1
13630,20231124,614,4,77.0,1
13631,20230729,305,6,78.2,1
13632,20260411,498,4,96.9,1
13633,20241205,555,9,95.8,1
13634,20250418,165,6,69.0,1
13635,20230209,143,9,96.0,1
13636,20260317,779,3,93.3,1
13637,20251129,15,1,65.8,1
13638,20251217,484,1,71.5,1
13639,20230508,119,7,78.8,1
13640,20231206,536,3,87.0,1
13641,20230114,5,9,97.9,1
13642,20260326,566,2,55.2,1
13643,20250410,346,1,94.4,1
13644,20230621,704,8,91.9,1
13645,20251102,113,6,89.3,1
13646,20241101,580,9,85.2,1
13647,20250930,600,9,75.8,1
13648,20260514,353,6,95.3,1
13649,20250709,33,6,87.7,1
13650,20230205,238,6,91.9,1
13651,20240817,484,4,93.4,1
13652,20230804,718,9,87.4,1
13653,20260531,547,5,94.1,1
13654,20251114,262,5,73.0,1
13655,20260416,566,8,77.0,1
13656,20230224,579,3,73.7,1
13657,20231206,307,1,86.5,1
13658,20230106,87,7,97.6,1
13659,20250623,788,6,93.6,1
13660,20241207,628,1,58.3,1
13661,20240307,532,2,87.9,1
13662,20250416,501,8,86.2,1
13663,20250629,644,7,82.7,1
13664,20251119,349,2,96.3,1
13665,20230821,609,4,88.9,1
13666,20251121,701,9,92.0,1
13667,20240725,226,7,90.2,1
13668,20230501,416,3,83.3,1
13669,20260516,428,7,97.5,1
13670,20230802,389,4,78.2,1
13671,20230802,427,10,99.0,1
13672,20240421,785,8,96.4,1
13673,20230204,175,5,99.1,1
13674,20240201,725,5,88.2,1
13675,20251001,411,8,97.1,1
13676,20251028,657,9,95.2,1
13677,20250223,278,10,59.9,1
13678,20240804,732,5,99.5,1
13679,20240830,212,5,94.8,1
13680,20240919,604,1,99.0,1
13681,20240311,33,1,92.8,1
13682,20251202,490,9,58.2,1
13683,20250128,62,4,73.5,1
13684,20250602,416,5,85.1,1
13685,20230821,402,7,97.9,1
13686,20240719,514,8,74.8,1
13687,20260616,291,1,95.9,1
13688,20231224,98,8,86.3,1
13689,20260209,629,1,97.6,1
13690,20241006,765,4,95.0,1
13691,20230611,728,1,93.5,1
13692,20230406,444,8,84.7,1
13693,20250703,60,6,79.0,1
13694,20231001,757,3,71.6,1
13695,20250830,246,4,57.1,1
13696,20230307,471,8,84.3,1
13697,20250113,216,5,87.2,1
13698,20250909,365,5,87.5,1
13699,20231124,281,5,78.0,1
13700,20251014,472,5,95.7,1
13701,20230503,12,3,83.7,1
13702,20230208,101,5,97.2,1
13703,20260304,721,4,67.4,1
13704,20251228,529,9,86.4,1
13705,20260414,91,5,96.6,1
13706,20230530,778,3,81.7,1
13707,20250108,222,8,78.6,1
13708,20260205,309,1,86.9,1
13709,20240128,512,7,75.5,1
13710,20240523,708,1,91.4,1
13711,20240206,271,9,81.3,1
13712,20231205,680,10,91.1,1
13713,20250823,195,9,97.5,1
13714,20240826,618,4,73.3,1
13715,20250714,411,4,94.9,1
13716,20250415,245,9,74.2,1
13717,20241106,470,2,91.1,1
13718,20240301,34,2,87.3,1
13719,20240315,751,4,90.3,1
13720,20260410,619,10,91.4,1
13721,20240703,391,2,97.9,1
13722,20240801,683,6,65.9,1
13723,20241130,239,4,86.3,1
13724,20231216,245,6,78.3,1
13725,20230124,222,3,93.9,1
13726,20241010,219,4,96.4,1
13727,20230304,491,10,94.0,1
13728,20250106,123,5,95.5,1
13729,20240805,416,7,89.6,1
13730,20240927,476,10,85.0,1
13731,20251006,757,4,81.9,1
13732,20260507,148,10,96.3,1
13733,20250114,214,3,93.2,1
13734,20230425,323,7,69.5,1
13735,20230119,30,1,59.8,1
13736,20250524,342,3,92.7,1
13737,20251027,141,6,96.3,1
13738,20251204,257,2,95.9,1
13739,20251220,777,2,97.4,1
13740,20250219,389,10,89.7,1
13741,20250923,792,10,95.1,1
13742,20230823,386,8,94.6,1
13743,20230801,388,1,76.9,1
13744,20230523,478,4,85.1,1
13745,20240501,20,8,79.1,1
13746,20241130,14,1,88.0,1
13747,20241018,782,3,87.1,1
13748,20250525,695,10,96.7,1
13749,20230523,339,5,75.7,1
13750,20241123,24,5,96.4,1
13751,20230307,385,9,82.4,1
13752,20250702,294,6,66.1,1
13753,20241114,256,4,78.6,1
13754,20240303,791,6,85.5,1
13755,20240915,520,4,96.1,1
13756,20241004,93,3,91.8,1
13757,20240215,112,2,74.2,1
13758,20230818,413,1,82.3,1
13759,20240809,141,5,72.0,1
13760,20230824,723,5,71.4,1
13761,20240407,133,6,80.8,1
13762,20230511,119,6,89.6,1
13763,20230817,505,10,88.5,1
13764,20240701,97,1,99.4,1
13765,20250324,4,4,86.3,1
13766,20240518,129,5,92.8,1
13767,20240811,162,6,92.2,1
13768,20260114,392,5,84.4,1
13769,20240725,421,7,95.8,1
13770,20250927,81,4,95.6,1
13771,20260517,40,8,91.4,1
13772,20231206,238,2,80.7,1
13773,20251229,730,8,99.2,1
13774,20260307,173,4,97.2,1
13775,20240406,690,2,96.6,1
13776,20250708,325,4,96.7,1
13777,20230123,112,6,90.1,1
13778,20240806,20,5,95.4,1
13779,20260624,353,8,85.9,1
13780,20230207,220,4,84.6,1
13781,20250525,710,1,90.7,1
13782,20241209,157,9,74.9,1
13783,20251016,27,2,82.3,1
13784,20260107,224,1,91.9,1
13785,20230824,102,2,89.8,1
13786,20231130,684,6,98.0,1
13787,20250213,598,2,71.2,1
13788,20250731,363,2,72.1,1
13789,20230507,431,9,97.6,1
13790,20241011,725,8,96.7,1
13791,20240402,346,2,79.7,1
13792,20250412,623,6,90.5,1
13793,20241215,22,10,85.4,1
13794,20260508,524,6,93.8,1
13795,20260210,271,1,84.4,1
13796,20241113,662,9,92.6,1
13797,20241218,706,8,67.3,1
13798,20260228,37,9,97.7,1
13799,20240823,425,8,91.0,1
13800,20260502,270,10,88.3,1
13801,20260213,555,8,85.7,1
13802,20260521,185,6,96.0,1
13803,20241205,456,8,96.7,1
13804,20231027,307,2,87.7,1
13805,20251207,90,5,99.8,1
13806,20230910,638,10,96.5,1
13807,20240812,153,3,95.6,1
13808,20250122,126,5,94.4,1
13809,20240216,466,7,97.9,1
13810,20250422,95,9,99.9,1
13811,20250523,424,7,91.7,1
13812,20240114,174,4,93.3,1
13813,20230812,423,5,87.9,1
13814,20230706,685,3,91.2,1
13815,20260505,578,4,88.4,1
13816,20230409,268,9,84.3,1
13817,20250910,349,8,87.2,1
13818,20260605,265,9,99.9,1
13819,20240404,369,8,92.9,1
13820,20241229,226,5,67.8,1
13821,20230615,93,8,91.8,1
13822,20240126,104,5,96.9,1
13823,20260227,167,3,81.7,1
13824,20250918,561,10,89.3,1
13825,20250828,653,9,97.8,1
13826,20241103,318,10,73.8,1
13827,20260626,281,7,81.1,1
13828,20241118,591,4,96.8,1
13829,20251221,528,1,81.9,1
13830,20250410,361,6,81.5,1
13831,20231009,652,5,81.9,1
13832,20250414,384,7,85.5,1
13833,20240914,1,8,98.0,1
13834,20230122,763,10,93.5,1
13835,20250915,389,5,86.7,1
13836,20250515,275,1,96.1,1
13837,20260412,413,5,91.6,1
13838,20241010,759,2,97.0,1
13839,20230709,558,7,96.3,1
13840,20230718,481,8,92.5,1
13841,20230218,533,1,88.4,1
13842,20230315,509,6,75.9,1
13843,20230627,252,10,95.7,1
13844,20240517,695,1,95.4,1
13845,20240721,337,7,94.3,1
13846,20230929,800,10,82.9,1
13847,20231106,738,9,94.9,1
13848,20230616,740,5,97.1,1
13849,20260401,657,6,81.1,1
13850,20260119,662,3,98.4,1
13851,20230722,250,1,89.2,1
13852,20230329,212,10,80.8,1
13853,20251010,498,1,82.4,1
13854,20250905,734,3,91.6,1
13855,20260507,100,8,75.5,1
13856,20260604,35,9,93.2,1
13857,20230902,236,2,85.4,1
13858,20240101,781,9,96.6,1
13859,20250830,710,3,94.0,1
13860,20250914,222,8,91.6,1
13861,20240425,763,3,84.2,1
13862,20231119,131,9,73.8,1
13863,20240505,439,6,91.0,1
13864,20260429,41,4,97.7,1
13865,20230908,8,7,98.5,1
13866,20240519,290,10,93.3,1
13867,20251012,303,10,95.3,1
13868,20251229,501,7,92.2,1
13869,20260302,307,4,99.7,1
13870,20230316,109,2,90.5,1
13871,20241225,514,4,97.3,1
13872,20241023,62,10,95.8,1
13873,20260412,748,10,96.4,1
13874,20250724,222,1,94.8,1
13875,20230827,157,10,60.2,1
13876,20240820,201,10,94.2,1
13877,20240519,752,2,87.7,1
13878,20250530,583,7,82.2,1
13879,20230224,257,7,89.2,1
13880,20240305,610,2,89.3,1
13881,20230323,487,7,86.8,1
13882,20260312,642,3,76.2,1
13883,20230915,344,10,97.8,1
13884,20241101,284,8,79.9,1
13885,20251203,279,1,49.0,1
13886,20240719,30,9,95.9,1
13887,20241022,453,5,93.6,1
13888,20241123,214,9,92.2,1
13889,20230324,365,9,94.0,1
13890,20260415,625,9,97.3,1
13891,20240531,673,9,76.3,1
13892,20230609,555,7,74.5,1
13893,20250217,139,7,95.9,1
13894,20251125,308,9,97.6,1
13895,20230801,21,4,76.8,1
13896,20240323,179,4,91.7,1
13897,20230118,733,3,62.4,1
13898,20251209,705,3,98.0,1
13899,20260506,27,4,82.6,1
13900,20230204,712,5,90.8,1
13901,20240607,352,9,66.8,1
13902,20231120,384,6,77.8,1
13903,20250302,781,6,85.3,1
13904,20260526,280,8,94.7,1
13905,20250402,587,7,99.7,1
13906,20260616,660,5,88.7,1
13907,20260423,23,5,75.0,1
13908,20230422,419,10,88.4,1
13909,20241213,111,10,88.6,1
13910,20240707,356,3,81.3,1
13911,20260102,77,1,72.3,1
13912,20240817,112,10,93.8,1
13913,20230805,364,6,99.2,1
13914,20230425,380,7,91.6,1
13915,20251207,603,9,97.3,1
13916,20260313,334,7,94.6,1
13917,20230813,616,4,94.7,1
13918,20240314,632,1,63.6,1
13919,20250531,320,7,88.9,1
13920,20260430,585,7,92.0,1
13921,20250507,359,4,99.7,1
13922,20230714,297,4,72.1,1
13923,20230329,131,1,89.9,1
13924,20230813,113,8,97.0,1
13925,20250621,395,9,65.3,1
13926,20251218,345,3,96.8,1
13927,20240122,69,7,80.8,1
13928,20260224,482,8,90.9,1
13929,20241115,267,1,98.1,1
13930,20251002,377,10,98.9,1
13931,20241005,189,9,99.1,1
13932,20250918,663,7,84.5,1
13933,20240821,121,10,75.6,1
13934,20250211,175,4,82.7,1
13935,20250815,577,10,93.6,1
13936,20250408,560,8,82.2,1
13937,20260131,169,7,85.0,1
13938,20250104,131,5,99.0,1
13939,20250621,439,7,92.4,1
13940,20230530,271,8,97.8,1
13941,20240209,103,3,64.2,1
13942,20250825,577,6,80.3,1
13943,20230427,246,5,95.7,1
13944,20250326,260,8,96.0,1
13945,20240215,507,8,76.9,1
13946,20250514,51,7,76.4,1
13947,20251109,242,1,87.0,1
13948,20260610,519,4,95.6,1
13949,20260206,572,6,94.7,1
13950,20241118,585,6,99.6,1
13951,20260322,765,7,76.0,1
13952,20251101,518,4,94.5,1
13953,20260227,742,8,99.2,1
13954,20231219,137,8,79.9,1
13955,20250224,228,9,83.8,1
13956,20230917,744,6,98.5,1
13957,20241014,292,3,99.5,1
13958,20240818,515,8,97.9,1
13959,20240416,478,6,90.7,1
13960,20250311,793,9,90.5,1
13961,20250924,467,5,97.5,1
13962,20240219,788,2,88.4,1
13963,20230118,594,5,85.0,1
13964,20260613,188,7,87.3,1
13965,20231022,246,4,88.9,1
13966,20240808,495,10,93.5,1
13967,20240326,349,3,91.7,1
13968,20250111,788,6,85.7,1
13969,20251203,435,1,81.6,1
13970,20240224,430,10,89.2,1
13971,20230726,305,7,95.0,1
13972,20250106,735,4,73.1,1
13973,20230911,512,3,97.1,1
13974,20230407,321,1,73.5,1
13975,20240603,375,5,98.2,1
13976,20251222,704,8,96.1,1
13977,20251110,184,2,89.8,1
13978,20241129,423,8,97.8,1
13979,20260401,618,4,73.7,1
13980,20251220,648,7,88.4,1
13981,20250910,669,7,39.7,1
13982,20251023,639,6,93.6,1
13983,20230505,405,4,93.8,1
13984,20250310,662,6,80.1,1
13985,20251004,723,6,97.5,1
13986,20260107,767,7,70.9,1
13987,20241114,524,8,98.7,1
13988,20240303,59,1,82.8,1
13989,20230629,303,4,90.5,1
13990,20241015,135,7,88.0,1
13991,20231031,120,9,91.4,1
13992,20241230,187,7,98.3,1
13993,20230106,328,2,79.4,1
13994,20230221,252,10,90.4,1
13995,20240413,698,6,89.2,1
13996,20260505,504,3,97.2,1
13997,20250813,777,10,78.5,1
13998,20230706,84,10,78.8,1
13999,20240426,363,6,98.2,1
14000,20240815,369,6,96.7,1
14001,20230513,707,1,74.0,1
14002,20231127,330,1,82.9,1
14003,20260506,622,3,89.7,1
14004,20230310,197,7,90.5,1
14005,20250325,266,7,74.7,1
14006,20260114,43,1,63.7,1
14007,20241130,660,4,89.7,1
14008,20240420,284,5,61.4,1
14009,20250326,458,7,88.3,1
14010,20250315,291,8,87.1,1
14011,20250922,128,1,82.8,1
14012,20230614,620,7,67.2,1
14013,20240304,16,6,86.9,1
14014,20250922,340,2,83.9,1
14015,20230324,268,1,74.6,1
14016,20260621,303,2,91.2,1
14017,20250429,494,10,87.8,1
14018,20260215,431,2,88.7,1
14019,20230730,109,7,78.8,1
14020,20231126,571,2,92.1,1
14021,20260313,495,10,88.6,1
14022,20240505,656,6,94.1,1
14023,20250117,525,9,67.9,1
14024,20250701,708,6,93.4,1
14025,20240320,216,2,95.1,1
14026,20240217,572,6,94.0,1
14027,20250924,490,6,75.6,1
14028,20241224,627,5,93.9,1
14029,20240623,378,4,83.5,1
14030,20241130,266,7,94.9,1
14031,20251106,551,8,78.0,1
14032,20230809,683,4,94.9,1
14033,20230513,274,5,96.5,1
14034,20250716,252,3,93.3,1
14035,20230201,111,10,98.3,1
14036,20230909,776,3,95.7,1
14037,20250217,374,7,72.9,1
14038,20251216,180,9,98.5,1
14039,20260423,133,5,90.7,1
14040,20230904,592,6,90.9,1
14041,20260407,241,2,96.8,1
14042,20230514,181,4,92.9,1
14043,20250830,231,8,78.9,1
14044,20230622,482,8,94.8,1
14045,20260104,213,4,85.1,1
14046,20240129,71,6,84.9,1
14047,20240811,141,1,93.6,1
14048,20240229,273,1,94.3,1
14049,20231103,430,2,90.8,1
14050,20240810,608,3,72.9,1
14051,20251009,740,8,65.2,1
14052,20250406,283,5,97.9,1
14053,20230323,422,1,97.8,1
14054,20230422,121,2,98.9,1
14055,20230219,584,7,95.6,1
14056,20241121,725,4,79.0,1
14057,20250214,50,8,86.8,1
14058,20240707,787,7,95.9,1
14059,20260103,446,10,80.6,1
14060,20230512,559,1,96.3,1
14061,20241019,387,7,89.3,1
14062,20240307,778,4,98.8,1
14063,20250218,592,8,92.6,1
14064,20240202,46,4,96.6,1
14065,20231011,17,5,54.8,1
14066,20230815,617,8,64.4,1
14067,20230213,223,7,80.4,1
14068,20250906,7,4,64.6,1
14069,20240127,131,10,91.3,1
14070,20240921,323,1,92.0,1
14071,20231219,151,4,92.8,1
14072,20240321,694,1,98.7,1
14073,20260628,415,4,94.0,1
14074,20250424,142,2,93.3,1
14075,20230808,95,4,92.2,1
14076,20230627,561,1,94.2,1
14077,20260226,453,8,85.0,1
14078,20250819,435,1,88.7,1
14079,20230821,247,6,96.5,1
14080,20250205,75,4,94.8,1
14081,20260523,697,5,77.2,1
14082,20241106,612,9,87.2,1
14083,20250118,392,9,73.3,1
14084,20240121,417,6,86.5,1
14085,20230815,236,10,99.6,1
14086,20241111,341,7,90.5,1
14087,20231111,190,2,90.0,1
14088,20260625,14,5,94.7,1
14089,20230201,31,8,83.3,1
14090,20241208,377,10,76.5,1
14091,20240805,728,3,88.8,1
14092,20250715,347,8,96.5,1
14093,20240219,445,9,94.0,1
14094,20260331,668,4,84.4,1
14095,20230428,456,4,95.6,1
14096,20230420,351,4,97.4,1
14097,20231207,339,2,95.6,1
14098,20230212,597,7,90.3,1
14099,20251202,435,3,96.5,1
14100,20230609,292,6,95.7,1
14101,20240603,769,10,93.1,1
14102,20241114,5,6,96.8,1
14103,20250106,745,3,95.2,1
14104,20251202,104,2,82.1,1
14105,20231022,236,5,98.1,1
14106,20231008,51,2,67.5,1
14107,20250712,369,5,99.3,1
14108,20250205,69,2,87.8,1
14109,20251028,128,3,94.7,1
14110,20231209,192,4,94.3,1
14111,20240115,374,7,89.3,1
14112,20231112,256,5,98.8,1
14113,20240321,100,2,96.1,1
14114,20250204,771,5,91.9,1
14115,20230131,97,1,82.7,1
14116,20251223,260,9,87.2,1
14117,20240302,186,9,97.7,1
14118,20250509,789,5,96.6,1
14119,20260222,178,1,90.1,1
14120,20240318,646,4,89.4,1
14121,20230812,425,9,92.1,1
14122,20260621,491,9,86.0,1
14123,20260511,411,7,85.9,1
14124,20241031,73,5,91.4,1
14125,20230205,792,6,99.9,1
14126,20250208,581,8,89.4,1
14127,20241013,593,9,85.4,1
14128,20250828,637,5,91.5,1
14129,20231012,35,3,79.1,1
14130,20230425,770,8,93.1,1
14131,20240804,404,8,84.9,1
14132,20250818,370,5,91.6,1
14133,20240923,477,9,93.6,1
14134,20250710,381,1,92.6,1
14135,20230420,352,2,96.0,1
14136,20250323,619,4,84.3,1
14137,20230410,720,7,98.3,1
14138,20260305,365,10,87.1,1
14139,20240813,178,8,93.9,1
14140,20230425,285,10,91.6,1
14141,20250314,99,9,75.7,1
14142,20231002,121,2,98.1,1
14143,20241208,280,1,94.3,1
14144,20240331,530,3,84.5,1
14145,20230917,500,1,79.8,1
14146,20250927,737,7,86.9,1
14147,20240401,310,3,98.8,1
14148,20260619,189,3,70.0,1
14149,20241024,701,4,99.8,1
14150,20250924,462,9,87.2,1
14151,20250123,494,8,86.3,1
14152,20240224,564,5,99.2,1
14153,20231115,554,8,92.3,1
14154,20250504,58,1,96.6,1
14155,20231031,686,10,87.7,1
14156,20251208,763,6,93.7,1
14157,20251009,319,7,81.9,1
14158,20251107,696,8,92.8,1
14159,20250531,207,6,81.6,1
14160,20231118,92,1,77.7,1
14161,20260613,594,3,95.7,1
14162,20250423,11,3,91.3,1
14163,20251210,684,4,80.8,1
14164,20260629,128,6,97.3,1
14165,20240808,380,7,84.7,1
14166,20240217,618,9,91.5,1
14167,20240911,377,3,86.0,1
14168,20241107,413,3,91.6,1
14169,20260331,526,8,93.3,1
14170,20230326,357,6,84.5,1
14171,20250215,579,9,93.6,1
14172,20251105,642,7,95.9,1
14173,20231001,750,1,97.0,1
14174,20240716,103,1,79.4,1
14175,20250707,731,3,93.1,1
14176,20230201,352,1,83.7,1
14177,20230419,140,5,89.9,1
14178,20230625,47,1,83.3,1
14179,20240919,233,1,92.2,1
14180,20230326,773,4,72.9,1
14181,20240523,200,10,96.2,1
14182,20251018,607,9,99.2,1
14183,20230826,616,9,61.9,1
14184,20260412,631,9,84.9,1
14185,20230408,197,4,99.7,1
14186,20240526,443,3,96.8,1
14187,20250120,765,1,98.0,1
14188,20250315,265,2,91.8,1
14189,20250922,723,5,99.6,1
14190,20260226,360,7,82.4,1
14191,20230104,272,10,86.7,1
14192,20260607,162,8,97.5,1
14193,20230211,683,5,95.1,1
14194,20230514,269,3,79.5,1
14195,20230318,559,2,99.3,1
14196,20240610,13,10,89.4,1
14197,20240529,705,5,89.3,1
14198,20230123,446,7,59.2,1
14199,20230203,138,4,93.0,1
14200,20250630,292,2,84.7,1
14201,20251125,9,7,70.2,1
14202,20241005,134,6,95.4,1
14203,20240114,425,8,97.2,1
14204,20230109,419,10,86.0,1
14205,20240823,89,1,65.6,1
14206,20240716,428,5,99.0,1
14207,20260406,286,9,98.0,1
14208,20250313,746,6,82.5,1
14209,20230207,255,6,81.9,1
14210,20230709,35,9,95.8,1
14211,20231023,614,7,93.1,1
14212,20240729,632,8,84.5,1
14213,20240122,139,8,92.9,1
14214,20250630,423,2,95.1,1
14215,20241219,331,7,86.4,1
14216,20241027,557,6,98.5,1
14217,20240217,429,2,95.7,1
14218,20260218,462,5,94.1,1
14219,20240410,388,7,74.7,1
14220,20240519,29,10,93.7,1
14221,20240205,147,4,92.2,1
14222,20230518,677,6,90.8,1
14223,20231018,187,3,86.9,1
14224,20240531,142,3,90.4,1
14225,20240714,501,1,91.9,1
14226,20230922,413,8,89.9,1
14227,20250615,30,9,92.8,1
14228,20241124,212,10,96.3,1
14229,20260303,577,6,68.0,1
14230,20241029,240,10,88.9,1
14231,20260425,197,2,87.5,1
14232,20251113,190,7,97.8,1
14233,20260111,495,7,70.0,1
14234,20230215,583,3,90.9,1
14235,20230514,483,9,87.3,1
14236,20250228,702,6,99.2,1
14237,20250415,489,3,87.5,1
14238,20240122,710,8,78.8,1
14239,20250210,494,6,94.4,1
14240,20250410,261,5,92.1,1
14241,20250707,668,6,90.5,1
14242,20230521,323,4,78.4,1
14243,20241205,40,5,83.7,1
14244,20231202,483,5,81.2,1
14245,20260325,170,9,95.7,1
14246,20240223,349,2,90.7,1
14247,20240425,154,8,90.4,1
14248,20250824,540,6,81.8,1
14249,20260408,629,7,82.3,1
14250,20230117,412,5,83.9,1
14251,20230907,50,9,98.3,1
14252,20251008,686,8,79.8,1
14253,20260417,534,9,83.5,1
14254,20260221,56,9,88.6,1
14255,20250426,283,8,90.0,1
14256,20230805,543,8,88.5,1
14257,20241010,524,8,72.4,1
14258,20230607,415,2,51.7,1
14259,20250305,337,6,95.0,1
14260,20240305,116,9,96.4,1
14261,20240607,384,10,97.1,1
14262,20250302,438,8,64.8,1
14263,20231120,481,1,90.8,1
14264,20240505,531,1,88.4,1
14265,20240707,506,2,53.4,1
14266,20230127,470,10,90.9,1
14267,20241015,340,8,94.0,1
14268,20230827,401,8,96.7,1
14269,20241009,551,6,96.5,1
14270,20240126,763,6,91.5,1
14271,20230126,80,7,82.0,1
14272,20251116,361,2,87.2,1
14273,20250622,663,6,96.0,1
14274,20241123,375,10,91.8,1
14275,20250107,42,6,89.1,1
14276,20251101,230,4,94.6,1
14277,20250408,774,5,75.2,1
14278,20240710,134,5,82.0,1
14279,20230714,729,4,87.9,1
14280,20230520,240,10,93.7,1
14281,20250510,746,5,97.8,1
14282,20250702,745,10,91.9,1
14283,20231110,788,10,89.5,1
14284,20260504,164,4,87.5,1
14285,20240212,361,2,66.8,1
14286,20231227,425,9,99.3,1
14287,20240604,316,4,64.4,1
14288,20240212,401,3,85.8,1
14289,20260309,274,1,98.9,1
14290,20230708,663,1,99.2,1
14291,20251007,67,7,95.2,1
14292,20230403,769,5,81.0,1
14293,20231122,762,6,89.4,1
14294,20240531,147,2,90.2,1
14295,20230904,45,7,82.9,1
14296,20240903,615,3,99.0,1
14297,20230611,187,10,84.0,1
14298,20251019,385,10,71.5,1
14299,20251009,139,4,94.2,1
14300,20240410,712,8,97.7,1
14301,20260610,188,3,71.1,1
14302,20230911,244,10,98.5,1
14303,20230418,334,8,95.7,1
14304,20251217,691,10,81.0,1
14305,20250723,138,3,88.5,1
14306,20230221,572,5,98.8,1
14307,20240212,584,10,93.3,1
14308,20250530,773,10,65.1,1
14309,20241204,442,10,98.1,1
14310,20251231,508,5,73.4,1
14311,20240103,511,1,98.9,1
14312,20260320,537,10,76.0,1
14313,20240208,197,10,95.0,1
14314,20260418,753,5,95.4,1
14315,20251205,123,7,65.5,1
14316,20240130,242,1,90.8,1
14317,20250728,102,10,89.3,1
14318,20230410,118,7,98.4,1
14319,20260603,777,9,98.5,1
14320,20240626,713,10,83.2,1
14321,20231031,732,7,98.2,1
14322,20240523,501,8,91.9,1
14323,20240406,600,3,99.8,1
14324,20240516,446,7,92.0,1
14325,20240819,667,4,95.6,1
14326,20230316,396,7,90.8,1
14327,20240810,793,10,96.3,1
14328,20240516,337,6,78.1,1
14329,20260322,290,1,94.7,1
14330,20251107,198,3,84.7,1
14331,20240110,645,1,80.1,1
14332,20241128,637,7,89.5,1
14333,20230113,278,7,74.1,1
14334,20241125,770,3,96.6,1
14335,20240229,105,7,89.9,1
14336,20240620,200,10,94.7,1
14337,20241214,400,10,90.0,1
14338,20260131,69,3,87.9,1
14339,20251009,492,2,90.6,1
14340,20230415,339,8,35.3,1
14341,20240226,37,2,99.0,1
14342,20260622,575,7,86.0,1
14343,20260420,776,10,99.5,1
14344,20250627,173,5,95.4,1
14345,20241018,615,5,88.8,1
14346,20260521,522,5,77.2,1
14347,20230303,304,8,81.2,1
14348,20230111,207,2,93.6,1
14349,20250708,479,6,88.8,1
14350,20251202,336,10,96.3,1
14351,20260331,647,2,76.5,1
14352,20230919,554,9,95.0,1
14353,20230803,111,1,82.7,1
14354,20230503,267,2,95.6,1
14355,20251027,52,5,91.8,1
14356,20230529,285,9,99.7,1
14357,20250913,670,2,89.3,1
14358,20230523,194,5,87.3,1
14359,20250916,458,3,90.5,1
14360,20250102,19,4,97.7,1
14361,20251008,621,9,90.3,1
14362,20231021,505,10,98.2,1
14363,20230303,333,2,97.5,1
14364,20241227,660,7,80.5,1
14365,20250805,78,10,83.0,1
14366,20231214,162,3,98.2,1
14367,20251130,726,2,87.9,1
14368,20260219,339,10,91.7,1
14369,20250905,623,9,97.0,1
14370,20240304,78,6,89.9,1
14371,20250117,148,8,75.3,1
14372,20241012,117,6,90.2,1
14373,20260227,92,2,95.4,1
14374,20260122,43,7,92.2,1
14375,20231119,630,5,97.4,1
14376,20250731,299,9,97.7,1
14377,20230917,277,5,75.5,1
14378,20241227,164,6,90.8,1
14379,20260315,293,10,88.1,1
14380,20250113,624,3,87.1,1
14381,20250401,707,1,84.9,1
14382,20250510,616,5,92.0,1
14383,20250102,569,8,93.1,1
14384,20230204,668,4,96.0,1
14385,20240406,579,1,99.4,1
14386,20230603,418,1,93.2,1
14387,20250921,786,2,98.9,1
14388,20260611,191,3,47.7,1
14389,20251121,288,1,97.3,1
14390,20250919,446,2,80.2,1
14391,20251129,360,4,86.7,1
14392,20250216,414,1,97.8,1
14393,20240822,393,7,91.4,1
14394,20260105,584,2,97.8,1
14395,20241022,522,6,66.1,1
14396,20251019,527,5,85.2,1
14397,20231209,181,10,80.9,1
14398,20231107,453,10,92.7,1
14399,20260117,179,5,96.4,1
14400,20230422,355,1,98.9,1
14401,20250211,562,5,58.7,1
14402,20250410,494,1,82.6,1
14403,20230330,175,4,91.3,1
14404,20240120,255,9,88.8,1
14405,20240820,345,9,80.3,1
14406,20230209,634,6,97.8,1
14407,20240313,86,10,99.0,1
14408,20230702,132,5,89.6,1
14409,20241007,366,1,85.5,1
14410,20260429,302,8,84.3,1
14411,20241017,347,5,87.1,1
14412,20240816,223,5,66.6,1
14413,20240320,391,6,92.7,1
14414,20241221,271,1,90.2,1
14415,20230302,215,3,73.5,1
14416,20240422,740,8,96.2,1
14417,20251124,94,8,83.8,1
14418,20250219,178,8,89.3,1
14419,20240131,4,6,99.8,1
14420,20231003,90,9,97.1,1
14421,20230630,72,2,92.8,1
14422,20251005,240,1,90.9,1
14423,20260407,608,1,97.6,1
14424,20240805,555,9,83.0,1
14425,20240822,74,8,87.4,1
14426,20231202,297,6,90.3,1
14427,20230506,228,10,91.0,1
14428,20231221,745,2,93.1,1
14429,20241207,768,8,99.9,1
14430,20250814,11,9,88.6,1
14431,20230611,353,5,94.2,1
14432,20251009,457,2,89.1,1
14433,20250514,440,3,99.9,1
14434,20240128,484,9,90.9,1
14435,20260222,499,6,90.1,1
14436,20260529,569,2,90.7,1
14437,20250613,669,1,99.3,1
14438,20240320,293,6,98.8,1
14439,20240122,56,3,95.8,1
14440,20230116,289,1,97.9,1
14441,20260612,779,10,95.9,1
14442,20260303,348,8,74.8,1
14443,20260129,275,3,95.6,1
14444,20240501,597,4,97.0,1
14445,20230404,437,8,94.8,1
14446,20260527,590,7,95.2,1
14447,20251008,199,1,77.1,1
14448,20231219,610,2,90.6,1
14449,20250514,179,7,83.7,1
14450,20230406,132,4,96.3,1
14451,20260315,591,6,66.3,1
14452,20241125,209,8,96.3,1
14453,20230629,754,6,93.2,1
14454,20260611,545,3,84.6,1
14455,20250531,456,8,98.5,1
14456,20230313,470,3,83.7,1
14457,20240521,27,2,97.9,1
14458,20241202,42,10,87.1,1
14459,20230225,17,4,93.1,1
14460,20241005,685,1,78.7,1
14461,20260112,577,3,99.5,1
14462,20240122,694,3,99.1,1
14463,20230720,237,10,98.5,1
14464,20230905,207,3,92.7,1
14465,20231015,104,6,96.7,1
14466,20240703,616,6,76.7,1
14467,20240909,9,10,78.1,1
14468,20251031,281,10,93.9,1
14469,20250105,167,7,98.0,1
14470,20250423,460,3,90.2,1
14471,20231216,289,2,97.2,1
14472,20230423,285,9,96.7,1
14473,20230529,117,10,96.2,1
14474,20240812,602,3,79.6,1
14475,20260418,513,1,92.6,1
14476,20230311,332,8,87.3,1
14477,20260206,491,3,83.0,1
14478,20230616,705,3,97.2,1
14479,20241115,712,6,82.1,1
14480,20240530,302,5,93.9,1
14481,20251130,632,1,74.3,1
14482,20230912,456,2,96.1,1
14483,20260618,329,10,93.6,1
14484,20241014,122,7,81.4,1
14485,20250906,76,1,87.5,1
14486,20240102,204,1,77.5,1
14487,20240312,547,9,95.0,1
14488,20230102,126,3,80.8,1
14489,20240523,493,10,98.6,1
14490,20230705,260,5,76.5,1
14491,20240302,383,3,87.1,1
14492,20240115,633,3,93.0,1
14493,20251119,170,10,77.3,1
14494,20251213,529,4,75.7,1
14495,20230824,411,4,79.7,1
14496,20231203,19,9,83.5,1
14497,20240210,64,10,62.9,1
14498,20260605,632,7,91.4,1
14499,20231219,515,6,97.1,1
14500,20250823,193,4,94.6,1
14501,20240113,193,7,86.4,1
14502,20250827,749,7,78.3,1
14503,20250222,433,8,91.5,1
14504,20260309,106,8,76.0,1
14505,20230706,432,7,90.9,1
14506,20240204,786,2,93.0,1
14507,20240201,526,8,95.8,1
14508,20240827,388,4,87.1,1
14509,20230802,245,3,98.6,1
14510,20260119,709,6,86.8,1
14511,20260205,56,3,89.0,1
14512,20250720,637,10,96.6,1
14513,20230423,126,4,84.7,1
14514,20240501,537,1,84.2,1
14515,20240721,260,7,92.9,1
14516,20240807,177,9,83.1,1
14517,20230412,336,3,92.9,1
14518,20230225,327,1,92.1,1
14519,20260524,242,1,95.7,1
14520,20240403,787,10,97.9,1
14521,20250210,604,1,99.4,1
14522,20240219,488,8,96.4,1
14523,20230810,649,10,93.1,1
14524,20230717,331,2,97.0,1
14525,20230307,629,4,92.3,1
14526,20240611,124,2,94.4,1
14527,20240330,489,1,91.4,1
14528,20240926,49,6,74.2,1
14529,20250523,690,7,86.1,1
14530,20260505,377,9,97.9,1
14531,20240807,292,2,92.4,1
14532,20240727,537,2,91.4,1
14533,20231017,239,9,98.9,1
14534,20240708,267,9,57.9,1
14535,20230513,351,1,75.3,1
14536,20240115,439,3,74.0,1
14537,20231214,536,7,75.7,1
14538,20240328,289,8,94.2,1
14539,20240821,645,7,86.4,1
14540,20250225,101,9,90.9,1
14541,20240320,527,9,95.0,1
14542,20240906,545,7,78.7,1
14543,20240201,631,2,99.9,1
14544,20240706,545,10,99.9,1
14545,20230428,209,5,90.7,1
14546,20240427,549,3,90.2,1
14547,20250813,533,6,92.8,1
14548,20241019,617,6,92.9,1
14549,20250728,364,1,87.4,1
14550,20240423,313,3,96.7,1
14551,20251219,699,3,97.2,1
14552,20251122,39,8,95.3,1
14553,20240701,414,5,99.0,1
14554,20230117,112,9,69.9,1
14555,20250810,179,8,95.8,1
14556,20230606,265,4,86.7,1
14557,20250705,79,4,96.7,1
14558,20250328,720,7,70.2,1
14559,20250717,573,5,59.7,1
14560,20241208,327,10,78.2,1
14561,20240208,486,8,97.4,1
14562,20241228,593,4,97.7,1
14563,20240619,269,4,97.8,1
14564,20230422,33,9,92.5,1
14565,20251227,573,9,97.2,1
14566,20240505,538,10,87.6,1
14567,20250819,311,9,97.9,1
14568,20230821,467,4,69.9,1
14569,20251009,296,2,76.3,1
14570,20241015,716,1,95.8,1
14571,20230212,694,8,94.9,1
14572,20240210,775,9,97.2,1
14573,20250221,441,3,97.1,1
14574,20240511,155,9,77.4,1
14575,20260226,113,1,86.6,1
14576,20231023,289,10,94.5,1
14577,20230305,197,9,93.3,1
14578,20251218,427,3,77.2,1
14579,20260525,246,4,92.8,1
14580,20250510,790,1,96.9,1
14581,20230418,427,1,92.2,1
14582,20240921,233,8,99.3,1
14583,20240505,334,10,65.5,1
14584,20230618,294,9,97.7,1
14585,20230906,133,1,89.3,1
14586,20230825,792,8,92.8,1
14587,20260319,740,7,90.4,1
14588,20250414,514,6,81.6,1
14589,20250117,103,7,64.3,1
14590,20241228,342,3,85.9,1
14591,20230730,347,10,93.9,1
14592,20241211,648,8,90.5,1
14593,20250730,788,1,94.4,1
14594,20240607,434,7,94.0,1
14595,20230824,471,6,86.5,1
14596,20241128,23,9,95.7,1
14597,20230113,139,8,98.1,1
14598,20250328,716,5,87.8,1
14599,20230131,48,2,92.1,1
14600,20241109,639,7,84.8,1
14601,20230907,99,9,91.0,1
14602,20260101,226,3,96.1,1
14603,20230925,294,3,83.8,1
14604,20230806,779,8,97.1,1
14605,20230128,306,5,81.1,1
14606,20260626,550,7,94.1,1
14607,20250824,479,8,85.8,1
14608,20230304,639,10,89.2,1
14609,20250210,309,7,90.5,1
14610,20250116,783,10,72.2,1
14611,20250120,348,2,76.5,1
14612,20250419,422,7,79.2,1
14613,20250617,600,1,84.3,1
14614,20250602,375,4,76.5,1
14615,20240518,235,10,70.5,1
14616,20260604,97,10,92.8,1
14617,20250222,131,9,88.1,1
14618,20250504,107,6,85.5,1
14619,20240501,170,2,84.2,1
14620,20231106,462,8,80.1,1
14621,20260614,481,8,94.5,1
14622,20250105,614,10,92.7,1
14623,20251021,756,8,68.8,1
14624,20230430,243,10,96.1,1
14625,20240926,399,5,75.9,1
14626,20251229,786,9,86.9,1
14627,20250730,602,8,90.7,1
14628,20230130,38,9,96.3,1
14629,20260530,467,1,88.2,1
14630,20240130,334,5,94.3,1
14631,20250312,131,4,95.2,1
14632,20251128,18,2,95.3,1
14633,20250621,479,1,92.1,1
14634,20240713,283,7,94.9,1
14635,20250507,731,5,90.1,1
14636,20250212,723,1,89.0,1
14637,20230617,79,7,95.7,1
14638,20230502,398,10,96.8,1
14639,20230306,724,2,86.8,1
14640,20250329,267,3,100.0,1
14641,20240716,545,7,92.7,1
14642,20250731,236,6,71.1,1
14643,20260226,597,6,63.6,1
14644,20230201,52,10,86.7,1
14645,20240610,197,4,91.9,1
14646,20230616,513,4,89.1,1
14647,20251020,467,9,82.5,1
14648,20241018,677,6,97.6,1
14649,20250609,325,5,90.1,1
14650,20240315,213,4,83.5,1
14651,20240923,107,7,68.8,1
14652,20250711,743,1,98.5,1
14653,20230406,100,6,82.8,1
14654,20240501,216,3,97.9,1
14655,20230707,526,6,78.9,1
14656,20250426,593,7,95.6,1
14657,20230627,533,7,93.6,1
14658,20231002,31,9,89.1,1
14659,20250702,393,6,96.8,1
14660,20260308,19,9,93.9,1
14661,20260410,728,1,75.2,1
14662,20231226,536,1,90.6,1
14663,20250714,15,4,89.0,1
14664,20230530,543,9,99.1,1
14665,20260316,457,9,83.2,1
14666,20230307,609,4,98.5,1
14667,20240223,427,4,64.2,1
14668,20230519,571,4,93.5,1
14669,20260126,423,7,88.5,1
14670,20260613,77,5,97.3,1
14671,20230405,472,2,85.6,1
14672,20260412,357,4,80.8,1
14673,20250829,724,1,99.7,1
14674,20231203,488,4,81.1,1
14675,20240916,100,3,96.9,1
14676,20230527,737,2,97.9,1
14677,20250530,457,5,78.7,1
14678,20250520,768,4,99.6,1
14679,20250516,597,10,62.9,1
14680,20241122,761,3,82.7,1
14681,20231211,407,1,88.2,1
14682,20231206,308,8,97.1,1
14683,20250826,672,7,87.8,1
14684,20241209,359,4,90.4,1
14685,20250316,697,2,89.5,1
14686,20230206,504,9,96.1,1
14687,20230826,128,4,90.2,1
14688,20230213,228,7,94.2,1
14689,20240202,763,8,83.4,1
14690,20250613,571,7,95.5,1
14691,20231215,162,5,97.2,1
14692,20230403,228,6,82.3,1
14693,20250116,683,7,73.2,1
14694,20231228,111,3,85.7,1
14695,20250814,292,7,94.7,1
14696,20250102,332,3,77.6,1
14697,20241011,219,9,97.3,1
14698,20240402,214,8,66.6,1
14699,20251016,394,2,93.4,1
14700,20230207,190,1,98.1,1
14701,20240924,368,6,91.9,1
14702,20240320,323,4,92.6,1
14703,20251228,33,3,97.7,1
14704,20250311,189,10,93.5,1
14705,20230629,137,1,85.8,1
14706,20250213,345,4,99.7,1
14707,20230925,663,8,95.2,1
14708,20241220,675,4,95.5,1
14709,20230612,187,5,88.1,1
14710,20251027,419,10,95.8,1
14711,20231218,241,5,76.7,1
14712,20241206,274,9,77.9,1
14713,20260103,409,9,91.0,1
14714,20230518,706,2,87.6,1
14715,20240126,190,4,65.8,1
14716,20230319,742,1,99.8,1
14717,20250730,313,9,85.7,1
14718,20240117,196,7,89.7,1
14719,20240806,709,8,89.8,1
14720,20260326,412,8,75.1,1
14721,20230312,249,9,85.0,1
14722,20230515,257,10,87.3,1
14723,20230526,127,8,94.1,1
14724,20240915,140,2,97.8,1
14725,20230127,724,9,99.1,1
14726,20230615,531,7,91.9,1
14727,20260405,700,2,92.8,1
14728,20250325,288,7,66.4,1
14729,20250108,265,10,88.0,1
14730,20250201,268,6,94.0,1
14731,20250731,332,7,95.1,1
14732,20231028,417,8,96.0,1
14733,20231122,71,2,86.0,1
14734,20230826,84,6,97.7,1
14735,20230123,395,5,99.0,1
14736,20251022,408,6,94.0,1
14737,20260302,775,8,78.8,1
14738,20250701,669,3,71.6,1
14739,20230220,402,9,86.8,1
14740,20231105,709,1,96.6,1
14741,20250209,81,5,73.3,1
14742,20230414,531,4,53.9,1
14743,20240707,429,3,99.7,1
14744,20230120,571,3,99.0,1
14745,20240422,400,1,66.5,1
14746,20230603,410,3,95.9,1
14747,20251024,447,1,95.6,1
14748,20240813,476,4,84.3,1
14749,20250122,715,7,72.5,1
14750,20250302,448,10,92.7,1
14751,20240127,190,8,95.6,1
14752,20250530,219,6,96.4,1
14753,20230315,242,6,85.0,1
14754,20260213,531,5,88.9,1
14755,20260116,569,4,74.5,1
14756,20251029,599,2,94.4,1
14757,20260312,79,7,87.0,1
14758,20240819,42,2,88.2,1
14759,20230510,264,4,97.8,1
14760,20251123,31,4,91.2,1
14761,20240806,283,7,99.1,1
14762,20260401,559,8,96.6,1
14763,20250409,301,10,96.5,1
14764,20230921,19,1,71.7,1
14765,20240430,795,8,97.5,1
14766,20260316,97,2,94.9,1
14767,20230617,212,5,95.0,1
14768,20240626,200,7,77.2,1
14769,20230115,523,4,97.0,1
14770,20241004,435,4,93.3,1
14771,20230424,757,9,71.1,1
14772,20250512,296,2,78.5,1
14773,20230922,144,5,95.7,1
14774,20260530,549,8,82.6,1
14775,20241111,423,10,84.0,1
14776,20240109,104,9,98.7,1
14777,20240703,212,1,93.7,1
14778,20240126,517,10,69.9,1
14779,20260628,411,7,73.2,1
14780,20231112,141,1,95.7,1
14781,20240316,410,1,76.6,1
14782,20230503,164,10,79.2,1
14783,20250424,505,9,82.7,1
14784,20230110,487,8,96.0,1
14785,20260227,528,5,76.0,1
14786,20260222,214,10,53.8,1
14787,20240908,372,6,78.2,1
14788,20230324,8,9,81.0,1
14789,20260208,273,3,82.3,1
14790,20251006,530,6,87.6,1
14791,20240719,508,4,92.7,1
14792,20230531,350,3,87.6,1
14793,20230525,319,9,93.2,1
14794,20231003,35,1,95.9,1
14795,20230901,159,7,92.8,1
14796,20240229,721,1,92.0,1
14797,20241023,561,9,95.3,1
14798,20250701,765,5,82.0,1
14799,20230119,675,10,67.1,1
14800,20250924,261,7,93.9,1
14801,20240823,184,8,88.9,1
14802,20231004,666,1,98.6,1
14803,20241027,269,7,94.1,1
14804,20241130,476,7,91.1,1
14805,20250802,435,6,84.0,1
14806,20240709,137,3,95.4,1
14807,20240716,536,7,78.2,1
14808,20250725,493,4,94.0,1
14809,20240412,534,8,85.4,1
14810,20240607,86,6,94.2,1
14811,20240830,109,3,71.0,1
14812,20230409,525,3,76.5,1
14813,20240910,775,2,98.4,1
14814,20241017,267,1,96.1,1
14815,20250805,155,3,53.3,1
14816,20230113,98,3,82.8,1
14817,20260509,441,5,89.2,1
14818,20250824,528,3,66.1,1
14819,20250624,602,9,60.8,1
14820,20231210,384,6,90.6,1
14821,20240403,30,5,97.7,1
14822,20241211,729,10,88.9,1
14823,20250915,187,2,89.1,1
14824,20251227,6,1,87.0,1
14825,20260104,312,10,73.6,1
14826,20251228,1,5,97.3,1
14827,20230720,320,9,78.8,1
14828,20250920,42,8,99.7,1
14829,20260314,244,3,96.3,1
14830,20250422,189,2,87.0,1
14831,20230206,98,6,96.4,1
14832,20230623,107,10,65.3,1
14833,20260304,350,6,74.9,1
14834,20250121,39,1,98.5,1
14835,20231217,83,3,92.6,1
14836,20230511,724,7,94.2,1
14837,20240112,763,1,75.0,1
14838,20240501,572,3,78.7,1
14839,20240731,427,10,97.6,1
14840,20240129,441,5,91.8,1
14841,20260302,19,2,99.6,1
14842,20240827,276,9,88.3,1
14843,20250428,505,7,96.3,1
14844,20240316,503,6,92.7,1
14845,20230321,573,6,96.3,1
14846,20260104,301,6,96.2,1
14847,20230930,349,5,88.8,1
14848,20250820,745,9,96.4,1
14849,20241002,289,9,95.9,1
14850,20251014,427,4,95.1,1
14851,20251208,368,7,82.1,1
14852,20250110,767,10,67.6,1
14853,20230126,749,9,79.8,1
14854,20260218,470,1,80.0,1
14855,20240123,634,9,66.5,1
14856,20260514,389,6,98.2,1
14857,20230326,359,7,98.9,1
14858,20260113,497,5,89.0,1
14859,20241110,748,6,97.1,1
14860,20231113,198,5,81.7,1
14861,20240319,338,4,67.9,1
14862,20231129,296,2,94.9,1
14863,20230728,731,8,99.6,1
14864,20260317,479,4,88.2,1
14865,20260222,740,3,96.9,1
14866,20241128,532,4,83.0,1
14867,20230611,775,10,95.7,1
14868,20230529,203,10,99.2,1
14869,20230227,459,5,89.6,1
14870,20240218,717,8,85.3,1
14871,20231129,183,2,91.3,1
14872,20230517,121,7,91.2,1
14873,20260321,654,2,83.9,1
14874,20240311,686,7,81.1,1
14875,20251230,548,4,98.4,1
14876,20260114,800,6,68.0,1
14877,20230831,60,6,89.2,1
14878,20231013,351,10,89.2,1
14879,20231228,227,9,72.6,1
14880,20240313,249,7,97.8,1
14881,20260521,110,8,88.8,1
14882,20250611,97,1,91.5,1
14883,20240722,365,4,96.2,1
14884,20251219,202,4,97.1,1
14885,20241105,618,7,74.5,1
14886,20230103,448,2,91.2,1
14887,20230402,542,6,88.2,1
14888,20241130,619,3,94.7,1
14889,20241221,442,1,88.1,1
14890,20260317,615,2,84.6,1
14891,20250714,243,8,99.6,1
14892,20240216,107,2,95.9,1
14893,20240806,480,7,81.4,1
14894,20230804,106,6,79.6,1
14895,20240419,2,4,87.2,1
14896,20231212,79,1,93.6,1
14897,20241105,481,7,90.1,1
14898,20260506,155,6,97.5,1
14899,20250731,104,5,88.6,1
14900,20250720,117,10,92.0,1
14901,20250227,734,3,97.4,1
14902,20251120,725,8,96.4,1
14903,20240315,169,3,74.7,1
14904,20230826,686,7,89.0,1
14905,20250123,157,8,82.6,1
14906,20260107,721,6,85.3,1
14907,20250819,436,4,95.4,1
14908,20240810,361,2,96.3,1
14909,20260309,471,7,84.9,1
14910,20230116,774,5,80.8,1
14911,20230101,468,7,98.2,1
14912,20240513,316,2,84.8,1
14913,20231222,764,6,95.5,1
14914,20230423,202,4,98.0,1
14915,20240916,374,5,79.7,1
14916,20231216,103,7,77.2,1
14917,20240218,771,6,99.3,1
14918,20240312,167,4,96.7,1
14919,20250527,2,1,85.8,1
14920,20260116,427,3,89.8,1
14921,20251210,95,5,93.0,1
14922,20240603,723,9,96.9,1
14923,20230927,332,4,96.5,1
14924,20241022,712,4,88.8,1
14925,20230817,396,1,92.6,1
14926,20230718,18,8,97.2,1
14927,20240530,241,1,95.9,1
14928,20230315,502,8,70.7,1
14929,20231003,761,6,93.9,1
14930,20260131,758,6,88.6,1
14931,20251031,237,5,99.2,1
14932,20231226,312,7,91.5,1
14933,20250919,619,3,94.7,1
14934,20251201,109,3,83.4,1
14935,20251127,318,6,85.1,1
14936,20230508,270,10,82.8,1
14937,20240215,313,4,64.3,1
14938,20230608,744,5,99.3,1
14939,20241205,696,4,91.9,1
14940,20260619,161,10,96.0,1
14941,20260112,720,10,97.4,1
14942,20250328,112,7,94.7,1
14943,20230420,581,10,91.5,1
14944,20240216,757,8,93.6,1
14945,20250302,240,6,80.0,1
14946,20260323,297,2,87.1,1
14947,20240614,340,5,83.3,1
14948,20240927,617,7,96.5,1
14949,20250122,91,9,90.2,1
14950,20250201,583,6,94.4,1
14951,20230506,749,10,92.3,1
14952,20230627,680,10,95.0,1
14953,20250107,254,6,94.5,1
14954,20240213,710,2,91.8,1
14955,20240802,552,3,89.3,1
14956,20230623,26,2,96.7,1
14957,20250702,735,1,99.2,1
14958,20230211,780,5,71.4,1
14959,20260325,416,4,96.0,1
14960,20240901,630,6,80.9,1
14961,20260116,460,7,93.0,1
14962,20230510,218,10,84.3,1
14963,20231109,60,2,59.9,1
14964,20240503,606,10,87.6,1
14965,20260612,285,10,62.2,1
14966,20230812,31,2,83.5,1
14967,20241026,471,3,97.9,1
14968,20230712,515,4,81.7,1
14969,20231013,383,7,80.2,1
14970,20240623,614,1,99.5,1
14971,20230912,251,4,76.4,1
14972,20230805,500,8,96.0,1
14973,20241019,333,9,78.7,1
14974,20230618,732,5,92.7,1
14975,20250105,72,2,97.7,1
14976,20251029,288,5,89.2,1
14977,20240919,256,2,90.7,1
14978,20230405,174,5,90.6,1
14979,20260226,13,10,89.7,1
14980,20260131,503,8,95.9,1
14981,20250925,660,2,90.5,1
14982,20240712,38,10,96.2,1
14983,20250528,384,5,92.8,1
14984,20250408,296,6,75.2,1
14985,20230705,509,4,98.0,1
14986,20240105,433,10,84.0,1
14987,20250225,610,4,92.9,1
14988,20260213,540,8,96.5,1
14989,20251224,522,2,87.8,1
14990,20240619,359,10,84.3,1
14991,20230629,184,4,78.5,1
14992,20250513,326,4,91.2,1
14993,20230410,202,1,99.2,1
14994,20230429,697,8,78.4,1
14995,20240708,389,1,89.2,1
14996,20231209,590,8,95.3,1
14997,20251019,647,7,99.7,1
14998,20250430,186,9,82.6,1
14999,20240427,305,2,75.7,1
15000,20240129,666,9,87.1,1
15001,20250303,608,6,95.3,1
15002,20250512,20,7,71.0,1
15003,20250315,381,10,99.8,1
15004,20260303,748,8,83.8,1
15005,20250911,109,2,84.3,1
15006,20240314,79,6,87.6,1
15007,20260117,437,4,91.3,1
15008,20231014,100,7,97.8,1
15009,20250605,363,5,95.1,1
15010,20250730,405,6,98.7,1
15011,20250511,786,9,94.0,1
15012,20240625,66,5,73.1,1
15013,20250504,207,2,90.0,1
15014,20251203,203,6,98.5,1
15015,20230103,655,10,68.9,1
15016,20241104,181,2,91.2,1
15017,20251009,441,6,99.4,1
15018,20230718,624,6,86.6,1
15019,20240222,380,8,88.8,1
15020,20250927,584,1,91.9,1
15021,20250522,677,6,98.0,1
15022,20250121,141,2,95.8,1
15023,20230702,47,4,97.5,1
15024,20241023,294,2,89.6,1
15025,20241119,405,7,90.0,1
15026,20241101,184,9,96.2,1
15027,20230611,450,9,99.7,1
15028,20230201,111,1,98.1,1
15029,20260515,127,5,90.9,1
15030,20240902,329,4,84.0,1
15031,20240920,96,1,98.8,1
15032,20250709,723,9,79.5,1
15033,20260427,327,1,62.1,1
15034,20230609,607,1,90.2,1
15035,20241030,625,7,84.0,1
15036,20240412,554,7,77.7,1
15037,20260208,750,4,77.6,1
15038,20251213,187,7,91.6,1
15039,20251218,296,9,87.5,1
15040,20230406,64,3,98.9,1
15041,20260201,433,8,92.9,1
15042,20240522,5,6,85.1,1
15043,20250527,481,6,74.5,1
15044,20260416,233,5,86.2,1
15045,20250112,365,2,89.4,1
15046,20250815,324,1,90.3,1
15047,20251011,665,7,91.1,1
15048,20241119,304,10,87.0,1
15049,20241011,61,3,97.3,1
15050,20230219,552,2,93.5,1
15051,20250326,383,7,90.2,1
15052,20251019,411,3,89.6,1
15053,20260104,663,5,95.2,1
15054,20240515,135,3,97.6,1
15055,20250212,199,2,88.8,1
15056,20250729,102,2,99.6,1
15057,20240904,309,9,85.5,1
15058,20230321,665,5,96.3,1
15059,20231021,340,3,85.5,1
15060,20230307,432,10,96.3,1
15061,20240221,677,2,96.4,1
15062,20250529,348,4,94.8,1
15063,20230711,327,9,96.8,1
15064,20230303,680,3,93.0,1
15065,20240514,478,3,84.3,1
15066,20231017,266,7,93.3,1
15067,20240806,508,5,78.0,1
15068,20260410,517,10,91.5,1
15069,20260126,334,6,94.7,1
15070,20240105,178,8,93.1,1
15071,20230908,466,9,95.6,1
15072,20250814,287,2,80.9,1
15073,20241208,340,5,83.6,1
15074,20260202,104,3,93.7,1
15075,20240511,48,9,87.9,1
15076,20251009,444,7,70.0,1
15077,20251030,200,6,81.6,1
15078,20230709,766,7,92.6,1
15079,20250920,546,10,77.6,1
15080,20230913,753,6,94.2,1
15081,20240512,485,4,75.8,1
15082,20230927,543,9,81.2,1
15083,20240617,456,1,77.0,1
15084,20250321,616,3,88.9,1
15085,20260607,336,3,86.9,1
15086,20251001,53,5,88.8,1
15087,20251122,531,1,95.9,1
15088,20230909,337,1,62.8,1
15089,20250627,103,1,90.6,1
15090,20260607,684,1,94.8,1
15091,20240915,280,4,96.0,1
15092,20260529,134,9,92.8,1
15093,20251101,188,10,64.4,1
15094,20250601,356,1,99.9,1
15095,20250719,785,9,79.2,1
15096,20240408,511,3,58.0,1
15097,20230423,21,3,74.4,1
15098,20231201,172,10,94.9,1
15099,20260317,80,1,84.1,1
15100,20260302,778,7,94.8,1
15101,20230722,45,6,95.2,1
15102,20240629,15,2,82.5,1
15103,20251114,286,9,90.5,1
15104,20250911,601,6,94.0,1
15105,20241217,753,5,96.0,1
15106,20241105,47,9,92.9,1
15107,20230610,605,2,98.8,1
15108,20240208,434,8,91.4,1
15109,20250121,464,3,97.4,1
15110,20250420,727,5,83.8,1
15111,20251217,654,10,84.2,1
15112,20230708,102,5,86.1,1
15113,20260211,193,6,72.7,1
15114,20251227,497,6,95.9,1
15115,20231230,17,6,75.2,1
15116,20230404,447,6,99.5,1
15117,20230328,437,5,94.6,1
15118,20231216,653,5,85.1,1
15119,20251219,326,6,98.9,1
15120,20240125,355,8,93.6,1
15121,20230901,333,6,97.7,1
15122,20240225,349,10,95.5,1
15123,20251028,21,10,96.3,1
15124,20230730,347,8,91.9,1
15125,20231229,92,5,79.1,1
15126,20230129,208,1,60.2,1
15127,20250220,690,1,90.8,1
15128,20230109,569,8,80.0,1
15129,20240130,404,9,99.0,1
15130,20250429,636,5,99.0,1
15131,20260311,199,3,93.3,1
15132,20230618,391,6,99.2,1
15133,20250907,226,2,98.1,1
15134,20250805,717,1,93.7,1
15135,20240605,767,8,90.3,1
15136,20230603,253,5,95.5,1
15137,20240427,798,5,91.8,1
15138,20230726,242,8,82.0,1
15139,20230130,86,6,76.7,1
15140,20231207,181,9,75.6,1
15141,20240428,278,7,94.4,1
15142,20230205,564,8,72.8,1
15143,20240526,749,1,92.7,1
15144,20260331,205,7,94.4,1
15145,20241122,276,2,95.0,1
15146,20240429,19,1,74.7,1
15147,20250823,5,1,90.7,1
15148,20231024,86,2,78.3,1
15149,20250520,775,3,98.0,1
15150,20250725,561,2,92.2,1
15151,20250304,655,1,54.2,1
15152,20231216,628,8,95.2,1
15153,20230311,670,6,99.1,1
15154,20250805,762,3,90.8,1
15155,20241030,224,9,72.4,1
15156,20230722,569,2,87.2,1
15157,20250426,464,8,94.4,1
15158,20250414,241,2,90.9,1
15159,20250715,93,4,72.0,1
15160,20230616,785,4,96.7,1
15161,20240522,501,3,92.8,1
15162,20230924,522,3,88.0,1
15163,20230704,469,2,89.9,1
15164,20230411,493,9,86.0,1
15165,20230910,615,9,86.4,1
15166,20260513,238,9,84.8,1
15167,20231001,345,8,94.6,1
15168,20250426,471,8,82.6,1
15169,20240703,213,3,87.8,1
15170,20250509,51,4,98.9,1
15171,20230419,183,5,86.9,1
15172,20240507,695,4,87.7,1
15173,20251103,27,9,90.4,1
15174,20251220,272,3,96.5,1
15175,20241214,787,5,89.3,1
15176,20240429,30,4,81.8,1
15177,20240610,509,8,94.3,1
15178,20260516,593,6,82.6,1
15179,20230515,444,2,50.9,1
15180,20230920,531,1,85.6,1
15181,20240105,331,10,92.6,1
15182,20230624,311,6,86.8,1
15183,20230710,784,5,95.9,1
15184,20260626,360,6,96.1,1
15185,20231012,793,5,97.1,1
15186,20250301,188,10,91.3,1
15187,20240822,731,5,77.8,1
15188,20251027,190,7,88.3,1
15189,20241214,123,2,94.7,1
15190,20251220,492,5,91.0,1
15191,20260125,251,10,89.4,1
15192,20250217,45,9,93.1,1
15193,20250213,566,10,86.1,1
15194,20230725,267,4,49.6,1
15195,20240305,709,9,97.9,1
15196,20250618,239,7,95.7,1
15197,20250214,611,2,95.6,1
15198,20231211,691,2,88.3,1
15199,20240109,564,6,78.9,1
15200,20260119,309,1,80.6,1
15201,20230131,582,2,78.0,1
15202,20250723,509,3,77.6,1
15203,20230208,723,10,83.5,1
15204,20230515,151,8,77.8,1
15205,20251109,485,1,96.3,1
15206,20240707,127,7,83.5,1
15207,20250119,606,6,95.5,1
15208,20240601,543,1,93.2,1
15209,20240530,490,6,77.4,1
15210,20230106,235,2,95.4,1
15211,20251225,660,6,98.3,1
15212,20240514,456,4,72.3,1
15213,20240204,673,4,95.7,1
15214,20260514,467,8,99.5,1
15215,20250529,792,1,96.4,1
15216,20250307,351,3,91.5,1
15217,20250205,409,10,98.1,1
15218,20250515,462,2,97.3,1
15219,20230418,680,4,99.6,1
15220,20240729,751,7,88.5,1
15221,20230527,209,5,88.3,1
15222,20250921,180,3,80.4,1
15223,20230705,2,2,98.8,1
15224,20250619,257,9,99.0,1
15225,20250811,691,6,86.8,1
15226,20230504,279,2,82.3,1
15227,20250701,754,6,98.2,1
15228,20260614,318,4,97.4,1
15229,20250506,800,5,78.9,1
15230,20230621,421,9,93.1,1
15231,20240209,352,1,66.9,1
15232,20240521,488,9,96.3,1
15233,20260610,383,6,75.1,1
15234,20260527,457,7,82.9,1
15235,20250509,672,7,95.2,1
15236,20250723,123,10,95.7,1
15237,20230131,49,3,93.5,1
15238,20240404,121,7,95.3,1
15239,20250930,359,4,78.5,1
15240,20230616,83,1,96.7,1
15241,20241023,38,5,92.5,1
15242,20230717,673,4,97.9,1
15243,20230101,49,1,94.4,1
15244,20250127,669,5,96.9,1
15245,20240619,14,4,70.4,1
15246,20231023,579,10,63.1,1
15247,20260228,1,3,95.1,1
15248,20240425,254,3,95.8,1
15249,20240525,94,6,98.7,1
15250,20230406,376,3,95.8,1
15251,20240420,161,6,99.4,1
15252,20230106,184,1,81.4,1
15253,20240824,140,3,98.9,1
15254,20240131,512,3,88.3,1
15255,20251119,213,5,61.2,1
15256,20260411,271,8,96.9,1
15257,20230626,1,6,96.1,1
15258,20240516,155,2,99.7,1
15259,20230621,605,2,90.8,1
15260,20240822,735,5,91.6,1
15261,20230816,422,4,99.8,1
15262,20250108,668,3,75.4,1
15263,20240706,474,10,94.6,1
15264,20240517,690,5,97.9,1
15265,20240731,645,2,95.0,1
15266,20240221,366,4,60.0,1
15267,20230219,780,3,79.9,1
15268,20260113,73,3,91.8,1
15269,20240520,214,4,95.6,1
15270,20240803,418,3,90.1,1
15271,20231026,750,5,89.5,1
15272,20260314,667,5,88.7,1
15273,20250417,686,5,97.2,1
15274,20241230,402,6,74.4,1
15275,20240818,500,4,96.8,1
15276,20230822,463,2,99.2,1
15277,20230527,704,2,95.5,1
15278,20240301,185,3,95.2,1
15279,20240327,300,8,95.7,1
15280,20240317,494,3,99.5,1
15281,20230831,503,1,81.3,1
15282,20240105,272,3,94.8,1
15283,20260508,91,8,92.7,1
15284,20250830,231,7,87.5,1
15285,20231013,157,7,77.2,1
15286,20240530,378,6,93.9,1
15287,20240119,620,7,98.2,1
15288,20230114,395,3,83.2,1
15289,20241003,556,3,95.3,1
15290,20240430,144,7,99.2,1
15291,20230901,706,3,92.9,1
15292,20240915,409,4,97.5,1
15293,20240712,506,6,95.7,1
15294,20230701,41,3,96.7,1
15295,20250903,306,3,87.3,1
15296,20240104,366,8,94.7,1
15297,20251026,633,2,92.6,1
15298,20250325,115,10,85.3,1
15299,20231026,205,10,95.0,1
15300,20240411,799,6,78.9,1
15301,20230524,787,1,98.6,1
15302,20230214,699,9,95.4,1
15303,20250411,71,3,95.2,1
15304,20251206,8,1,77.4,1
15305,20260602,10,6,82.3,1
15306,20260518,323,8,82.8,1
15307,20250610,163,2,78.5,1
15308,20251031,123,7,90.7,1
15309,20230801,563,7,94.5,1
15310,20250329,292,3,91.8,1
15311,20250221,289,5,99.4,1
15312,20230625,516,4,93.6,1
15313,20230303,484,3,99.7,1
15314,20241127,654,2,88.1,1
15315,20231010,338,6,91.9,1
15316,20240320,675,8,86.9,1
15317,20260104,559,4,96.4,1
15318,20240713,301,10,87.7,1
15319,20240619,366,6,92.4,1
15320,20241023,288,4,74.1,1
15321,20260609,604,5,99.3,1
15322,20250220,302,7,71.2,1
15323,20250406,477,10,96.6,1
15324,20251125,533,7,63.7,1
15325,20260424,705,6,71.0,1
15326,20241213,366,9,82.7,1
15327,20250514,188,5,78.6,1
15328,20230522,745,8,74.9,1
15329,20250615,697,2,85.2,1
15330,20230710,379,8,94.6,1
15331,20231106,339,6,87.3,1
15332,20230810,757,1,92.7,1
15333,20240325,516,10,83.7,1
15334,20240529,139,5,99.2,1
15335,20260525,744,8,97.6,1
15336,20230704,513,2,97.1,1
15337,20250217,653,2,83.4,1
15338,20250725,227,1,90.8,1
15339,20260323,538,9,84.9,1
15340,20241002,113,9,98.4,1
15341,20240205,231,1,93.6,1
15342,20240907,287,10,79.8,1
15343,20231219,414,6,93.3,1
15344,20230314,147,3,94.6,1
15345,20240210,172,4,81.3,1
15346,20260617,161,9,98.4,1
15347,20241012,554,7,80.0,1
15348,20230202,780,9,88.4,1
15349,20250419,578,9,90.8,1
15350,20260106,362,9,94.2,1
15351,20230330,370,3,88.4,1
15352,20250222,467,4,89.8,1
15353,20260519,110,4,79.5,1
15354,20250121,348,7,70.7,1
15355,20251231,659,1,92.3,1
15356,20260318,90,6,90.4,1
15357,20230823,274,9,95.0,1
15358,20231223,216,3,92.0,1
15359,20230424,334,4,97.6,1
15360,20230912,166,3,95.9,1
15361,20260525,580,7,99.2,1
15362,20250103,697,5,80.4,1
15363,20240918,118,4,84.5,1
15364,20240128,379,3,88.0,1
15365,20231217,636,8,76.9,1
15366,20240425,291,10,89.6,1
15367,20250711,499,9,66.1,1
15368,20250527,610,4,61.4,1
15369,20250913,423,3,86.6,1
15370,20260404,400,9,91.7,1
15371,20250628,517,10,94.3,1
15372,20231126,531,3,95.2,1
15373,20241205,713,7,97.2,1
15374,20231022,49,5,95.0,1
15375,20240918,573,6,99.7,1
15376,20260513,422,6,98.9,1
15377,20230304,191,5,93.7,1
15378,20241026,734,6,95.7,1
15379,20250510,426,8,93.6,1
15380,20251206,308,3,99.0,1
15381,20241007,274,4,55.0,1
15382,20250523,107,5,80.3,1
15383,20230203,738,6,99.3,1
15384,20240818,255,8,84.5,1
15385,20250305,94,6,91.3,1
15386,20260403,129,2,91.1,1
15387,20231120,388,8,99.2,1
15388,20240908,237,2,98.8,1
15389,20240828,276,2,89.6,1
15390,20230411,724,8,68.3,1
15391,20241220,124,1,96.9,1
15392,20260423,698,7,87.2,1
15393,20251203,787,6,90.6,1
15394,20230409,155,8,96.3,1
15395,20250419,31,6,82.4,1
15396,20260217,193,10,96.3,1
15397,20240407,474,5,91.6,1
15398,20240313,243,10,87.7,1
15399,20230730,528,1,98.3,1
15400,20240830,686,1,97.3,1
15401,20231013,773,6,98.1,1
15402,20240609,575,5,93.3,1
15403,20241209,416,6,95.6,1
15404,20231024,138,10,92.9,1
15405,20251213,122,4,99.5,1
15406,20230228,444,9,85.6,1
15407,20240117,123,8,99.3,1
15408,20240405,761,5,94.3,1
15409,20240625,489,8,88.1,1
15410,20241004,434,1,62.3,1
15411,20251219,17,1,93.9,1
15412,20240803,426,4,87.7,1
15413,20250416,650,3,99.4,1
15414,20260215,162,6,88.6,1
15415,20250812,245,2,99.1,1
15416,20250215,9,7,97.4,1
15417,20240429,396,4,91.0,1
15418,20260305,547,4,87.4,1
15419,20250501,72,1,84.7,1
15420,20260517,163,3,89.7,1
15421,20260121,12,4,91.5,1
15422,20230223,422,9,78.3,1
15423,20230718,130,6,91.7,1
15424,20240401,153,7,68.9,1
15425,20240617,232,1,89.7,1
15426,20230914,204,9,86.7,1
15427,20230120,222,9,71.2,1
15428,20250316,186,5,89.1,1
15429,20241020,24,10,98.8,1
15430,20250728,307,5,87.3,1
15431,20240503,477,4,93.4,1
15432,20260115,654,7,86.4,1
15433,20230524,279,5,94.7,1
15434,20260317,228,5,77.7,1
15435,20240921,609,10,84.8,1
15436,20230308,134,4,73.3,1
15437,20240905,615,1,90.8,1
15438,20260507,103,7,79.4,1
15439,20251030,484,5,96.1,1
15440,20250417,91,7,90.0,1
15441,20231123,761,8,94.2,1
15442,20251005,730,6,91.9,1
15443,20241213,8,5,77.8,1
15444,20241018,74,9,98.6,1
15445,20240920,267,1,92.5,1
15446,20230712,38,4,99.5,1
15447,20240802,137,5,94.4,1
15448,20251028,574,4,83.4,1
15449,20260605,498,5,92.6,1
15450,20230706,124,3,96.1,1
15451,20250723,556,9,38.6,1
15452,20250607,365,5,80.8,1
15453,20250110,268,5,84.3,1
15454,20251030,99,1,100.0,1
15455,20230818,241,9,88.7,1
15456,20230330,563,7,60.3,1
15457,20250610,44,10,63.5,1
15458,20230408,110,6,95.7,1
15459,20250304,610,5,99.0,1
15460,20230424,76,10,91.9,1
15461,20250825,564,4,95.0,1
15462,20260323,550,7,91.7,1
15463,20241118,154,5,75.4,1
15464,20250128,567,9,98.1,1
15465,20230416,534,9,88.9,1
15466,20250724,60,6,78.2,1
15467,20260602,411,8,97.9,1
15468,20240906,307,7,79.6,1
15469,20240324,71,7,93.4,1
15470,20250910,401,10,93.4,1
15471,20250402,11,10,62.0,1
15472,20240713,613,9,86.2,1
15473,20231212,186,9,96.6,1
15474,20230927,482,3,99.0,1
15475,20231124,253,6,98.3,1
15476,20250503,631,6,94.7,1
15477,20260210,339,1,85.6,1
15478,20230917,273,5,79.3,1
15479,20241011,724,1,95.8,1
15480,20230519,233,10,99.0,1
15481,20241002,591,4,98.4,1
15482,20240407,737,2,83.5,1
15483,20230504,52,7,97.8,1
15484,20230221,559,5,88.5,1
15485,20241030,437,2,89.5,1
15486,20240307,181,7,97.0,1
15487,20250225,213,1,82.2,1
15488,20260508,145,9,88.6,1
15489,20240723,127,4,97.2,1
15490,20251115,209,3,78.2,1
15491,20231229,240,9,80.9,1
15492,20230528,215,5,82.1,1
15493,20250613,245,7,92.4,1
15494,20260302,194,4,96.2,1
15495,20230521,663,1,97.0,1
15496,20231019,62,10,76.4,1
15497,20260131,108,10,90.0,1
15498,20260309,24,2,96.9,1
15499,20240710,295,2,95.2,1
15500,20260303,155,3,88.2,1
15501,20240430,642,9,68.8,1
15502,20240906,180,2,99.2,1
15503,20240420,123,7,95.6,1
15504,20260625,792,2,80.7,1
15505,20230309,99,1,97.5,1
15506,20250826,572,9,97.7,1
15507,20250621,449,4,59.6,1
15508,20251128,508,10,93.5,1
15509,20250711,254,1,71.0,1
15510,20230606,445,9,92.9,1
15511,20240623,464,1,94.5,1
15512,20241223,561,7,96.6,1
15513,20231115,393,5,85.1,1
15514,20241215,662,5,95.5,1
15515,20241126,733,10,98.4,1
15516,20241005,418,7,96.2,1
15517,20230711,169,10,98.1,1
15518,20231023,12,6,74.9,1
15519,20240309,751,8,85.4,1
15520,20250523,431,1,94.6,1
15521,20240706,80,3,89.1,1
15522,20250527,194,8,99.6,1
15523,20260531,741,3,85.1,1
15524,20250809,738,2,88.5,1
15525,20250413,377,2,93.7,1
15526,20230402,63,8,88.0,1
15527,20230207,584,9,96.3,1
15528,20241230,42,8,93.6,1
15529,20241216,552,4,77.5,1
15530,20230102,407,5,91.8,1
15531,20250918,391,6,99.8,1
15532,20250509,689,6,87.2,1
15533,20231006,433,4,98.2,1
15534,20240401,384,2,93.9,1
15535,20230121,304,8,95.1,1
15536,20260305,33,8,75.5,1
15537,20240913,498,1,95.7,1
15538,20260515,789,3,87.8,1
15539,20250820,593,2,95.2,1
15540,20230116,212,8,92.0,1
15541,20250320,51,1,89.5,1
15542,20231211,560,7,90.9,1
15543,20240921,798,5,95.6,1
15544,20250918,651,9,90.3,1
15545,20251111,124,2,78.6,1
15546,20260103,537,2,69.7,1
15547,20251230,170,2,66.3,1
15548,20230618,8,4,73.3,1
15549,20240613,443,3,63.9,1
15550,20240817,121,1,90.9,1
15551,20231107,711,7,77.4,1
15552,20251227,61,2,96.9,1
15553,20240715,609,3,88.4,1
15554,20260603,20,7,89.5,1
15555,20241111,356,10,88.6,1
15556,20260608,580,3,93.5,1
15557,20230110,205,2,76.3,1
15558,20250720,746,1,99.4,1
15559,20231117,234,9,89.3,1
15560,20240114,69,8,88.4,1
15561,20240410,686,5,88.8,1
15562,20230529,373,1,99.9,1
15563,20240102,110,5,88.6,1
15564,20230620,652,3,68.7,1
15565,20230819,424,2,79.5,1
15566,20240322,718,6,79.8,1
15567,20240216,447,9,99.1,1
15568,20230203,37,6,93.0,1
15569,20230708,428,3,76.8,1
15570,20230518,312,10,81.9,1
15571,20240928,434,3,98.4,1
15572,20231210,413,2,99.7,1
15573,20241204,503,9,97.2,1
15574,20240119,788,10,92.8,1
15575,20230415,360,6,92.5,1
15576,20230204,67,4,93.3,1
15577,20250709,403,5,90.8,1
15578,20240109,126,8,97.1,1
15579,20250120,446,3,99.0,1
15580,20240425,578,1,75.6,1
15581,20230715,566,8,96.3,1
15582,20231117,230,6,62.0,1
15583,20250826,78,5,97.0,1
15584,20230908,224,4,71.8,1
15585,20250622,177,3,43.5,1
15586,20230422,206,10,79.9,1
15587,20250529,645,4,83.3,1
15588,20251012,799,9,97.1,1
15589,20250519,704,3,84.5,1
15590,20250813,56,9,56.8,1
15591,20250804,151,10,95.1,1
15592,20250810,7,8,85.9,1
15593,20240929,148,7,91.0,1
15594,20251127,680,8,96.5,1
15595,20240917,297,7,98.3,1
15596,20260111,732,8,91.9,1
15597,20260413,231,2,66.6,1
15598,20250331,640,5,85.5,1
15599,20250609,714,2,81.2,1
15600,20260327,520,6,96.4,1
15601,20250419,540,1,82.3,1
15602,20250716,295,1,91.2,1
15603,20240828,439,9,95.7,1
15604,20250320,574,3,85.3,1
15605,20250711,578,6,97.0,1
15606,20241208,166,3,91.9,1
15607,20251014,658,10,97.2,1
15608,20241230,655,8,96.3,1
15609,20250119,779,7,97.1,1
15610,20241016,315,9,94.8,1
15611,20251027,610,1,90.0,1
15612,20240728,200,5,93.6,1
15613,20250817,118,3,73.5,1
15614,20260320,774,1,95.5,1
15615,20250213,634,10,67.9,1
15616,20260616,154,3,87.9,1
15617,20240601,731,8,79.7,1
15618,20250125,268,6,95.4,1
15619,20240615,443,5,86.4,1
15620,20230117,146,4,98.6,1
15621,20241103,800,8,95.4,1
15622,20240129,521,10,78.9,1
15623,20240902,697,9,83.6,1
15624,20231231,498,4,95.9,1
15625,20250417,673,10,81.7,1
15626,20240827,30,10,95.0,1
15627,20260530,104,5,90.8,1
15628,20250328,602,9,61.7,1
15629,20240919,349,7,97.1,1
15630,20230615,208,1,86.2,1
15631,20260312,169,6,85.0,1
15632,20250724,715,9,91.0,1
15633,20240322,279,4,89.1,1
15634,20241119,795,1,84.4,1
15635,20241220,735,4,93.7,1
15636,20241211,537,6,76.0,1
15637,20240919,607,3,72.2,1
15638,20230207,270,2,74.8,1
15639,20250227,502,10,85.3,1
15640,20230731,124,2,75.6,1
15641,20230730,427,1,84.8,1
15642,20231011,546,7,96.8,1
15643,20250208,131,2,91.6,1
15644,20260315,699,7,70.4,1
15645,20250112,5,2,96.7,1
15646,20230720,53,2,95.0,1
15647,20250405,161,2,97.1,1
15648,20260527,351,10,76.6,1
15649,20251019,562,10,82.9,1
15650,20231214,749,7,90.0,1
15651,20231212,589,4,89.9,1
15652,20251120,768,10,83.3,1
15653,20231121,386,6,96.0,1
15654,20250118,739,4,93.3,1
15655,20230722,622,2,96.0,1
15656,20230629,119,6,89.8,1
15657,20250204,520,5,96.6,1
15658,20240124,536,7,92.9,1
15659,20240912,716,1,91.9,1
15660,20240719,790,9,72.5,1
15661,20230806,454,2,87.7,1
15662,20260210,617,5,94.1,1
15663,20251003,400,7,78.3,1
15664,20250308,581,5,81.3,1
15665,20230509,519,6,75.1,1
15666,20231028,353,8,98.2,1
15667,20260211,795,1,73.6,1
15668,20250227,82,9,98.9,1
15669,20231101,348,6,92.3,1
15670,20230201,263,3,88.8,1
15671,20251106,569,9,91.6,1
15672,20250502,112,3,97.3,1
15673,20240505,138,5,65.2,1
15674,20240810,247,5,99.4,1
15675,20230417,92,4,55.1,1
15676,20250306,534,1,97.9,1
15677,20241116,480,5,87.7,1
15678,20231216,44,3,70.4,1
15679,20240221,14,3,92.1,1
15680,20260629,113,6,84.4,1
15681,20241211,60,9,94.1,1
15682,20230424,470,6,90.1,1
15683,20240119,347,6,77.9,1
15684,20230624,6,8,84.5,1
15685,20260607,778,7,85.6,1
15686,20250915,83,10,99.3,1
15687,20251002,799,8,78.7,1
15688,20250622,255,3,82.3,1
15689,20230824,246,6,97.3,1
15690,20251115,254,10,89.2,1
15691,20251028,81,6,89.7,1
15692,20250703,274,9,79.0,1
15693,20260605,740,8,78.6,1
15694,20230406,62,2,79.3,1
15695,20250119,601,1,90.3,1
15696,20241020,144,3,89.4,1
15697,20241210,19,4,69.4,1
15698,20260211,490,4,99.1,1
15699,20260407,768,7,87.1,1
15700,20250501,766,4,93.1,1
15701,20250620,388,8,94.7,1
15702,20230818,292,2,98.1,1
15703,20240924,153,7,95.2,1
15704,20240419,627,7,94.8,1
15705,20230620,329,5,92.0,1
15706,20260223,471,3,86.9,1
15707,20230512,562,8,67.4,1
15708,20241104,539,3,92.6,1
15709,20230812,311,9,82.1,1
15710,20250306,185,7,96.3,1
15711,20230118,118,5,81.6,1
15712,20250408,163,9,88.7,1
15713,20241222,615,1,89.5,1
15714,20240226,151,2,64.3,1
15715,20250427,68,4,81.6,1
15716,20240202,560,5,94.3,1
15717,20250917,772,7,85.5,1
15718,20231228,413,5,90.1,1
15719,20250718,366,10,90.4,1
15720,20250727,96,8,98.2,1
15721,20260601,188,9,74.6,1
15722,20241005,719,7,92.6,1
15723,20250127,617,1,82.8,1
15724,20240210,170,4,97.0,1
15725,20250912,450,4,99.7,1
15726,20250509,54,7,95.9,1
15727,20230707,606,9,96.4,1
15728,20250821,684,2,96.7,1
15729,20260317,260,9,92.4,1
15730,20251016,724,6,81.7,1
15731,20260205,784,3,52.3,1
15732,20250226,324,3,89.9,1
15733,20250804,766,8,98.1,1
15734,20241012,297,10,83.9,1
15735,20230102,505,2,90.0,1
15736,20251007,514,10,90.6,1
15737,20250927,102,9,72.9,1
15738,20241229,256,7,88.3,1
15739,20231207,659,9,94.8,1
15740,20250324,495,7,93.2,1
15741,20260105,499,4,92.7,1
15742,20230527,527,10,91.8,1
15743,20250112,790,6,98.4,1
15744,20241014,406,5,96.6,1
15745,20260204,424,7,99.2,1
15746,20231205,50,10,90.1,1
15747,20240713,126,6,95.8,1
15748,20240914,22,10,70.0,1
15749,20231231,375,8,90.7,1
15750,20250625,754,1,93.6,1
15751,20240104,393,2,96.1,1
15752,20241017,754,4,93.8,1
15753,20240910,568,9,71.0,1
15754,20231008,96,8,76.9,1
15755,20250517,97,4,99.9,1
15756,20250818,216,3,92.6,1
15757,20241002,175,10,92.0,1
15758,20240403,18,5,94.4,1
15759,20240929,228,6,99.8,1
15760,20240126,311,1,94.1,1
15761,20240727,605,6,94.7,1
15762,20230902,492,3,93.7,1
15763,20260401,82,9,69.9,1
15764,20250831,551,2,92.9,1
15765,20231129,645,2,97.5,1
15766,20240206,568,1,99.6,1
15767,20260606,658,9,92.2,1
15768,20250418,243,10,95.7,1
15769,20250301,646,6,85.3,1
15770,20230108,435,4,77.3,1
15771,20251229,656,5,64.1,1
15772,20240918,203,6,99.7,1
15773,20240630,280,2,65.4,1
15774,20240809,113,3,92.2,1
15775,20251124,699,3,88.3,1
15776,20231218,296,6,63.6,1
15777,20260606,264,5,87.0,1
15778,20250831,308,2,98.9,1
15779,20230110,463,10,90.7,1
15780,20240820,102,3,99.0,1
15781,20230706,522,2,85.5,1
15782,20230509,317,4,92.7,1
15783,20230922,401,9,87.4,1
15784,20240811,675,6,89.3,1
15785,20260212,315,4,95.5,1
15786,20251019,567,4,86.7,1
15787,20240327,657,7,84.4,1
15788,20230609,733,9,91.6,1
15789,20250410,10,7,77.9,1
15790,20250906,498,5,94.0,1
15791,20260411,84,1,93.9,1
15792,20231105,727,5,91.8,1
15793,20251104,351,10,94.8,1
15794,20240611,62,2,98.3,1
15795,20250914,455,8,82.9,1
15796,20260130,280,8,89.3,1
15797,20230628,630,4,85.7,1
15798,20250928,305,8,93.6,1
15799,20230411,450,7,95.9,1
15800,20230608,220,4,90.3,1
15801,20260402,255,4,92.1,1
15802,20250215,233,8,85.3,1
15803,20251108,485,7,97.0,1
15804,20230908,207,2,90.2,1
15805,20240813,151,2,90.5,1
15806,20230528,502,2,77.8,1
15807,20250515,417,3,60.6,1
15808,20250327,202,4,90.4,1
15809,20240108,495,7,75.1,1
15810,20240720,529,7,81.9,1
15811,20250905,402,8,55.2,1
15812,20230814,110,9,96.6,1
15813,20251005,552,10,91.3,1
15814,20250527,410,7,97.6,1
15815,20250921,400,10,90.4,1
15816,20240527,401,5,90.6,1
15817,20230312,560,1,94.9,1
15818,20260401,311,5,92.2,1
15819,20250209,401,4,98.5,1
15820,20251003,479,6,71.6,1
15821,20230115,274,4,66.9,1
15822,20231215,754,4,89.9,1
15823,20250326,791,10,98.8,1
15824,20240212,112,3,76.2,1
15825,20240822,200,3,72.3,1
15826,20251214,459,9,80.5,1
15827,20230711,138,10,95.9,1
15828,20250905,633,4,80.3,1
15829,20240813,477,4,92.9,1
15830,20240519,184,1,94.4,1
15831,20250401,79,5,89.1,1
15832,20230917,793,1,92.7,1
15833,20231019,138,4,90.7,1
15834,20251113,749,7,94.8,1
15835,20241016,509,2,98.0,1
15836,20250428,648,3,85.9,1
15837,20231019,100,1,91.4,1
15838,20251118,339,3,92.2,1
15839,20250523,394,2,81.3,1
15840,20231120,81,2,85.4,1
15841,20230621,178,7,58.4,1
15842,20260513,789,9,73.1,1
15843,20240731,784,9,94.0,1
15844,20240709,147,8,86.6,1
15845,20230126,575,1,94.7,1
15846,20260613,589,6,90.6,1
15847,20250312,545,10,90.9,1
15848,20230609,630,7,91.8,1
15849,20240814,602,6,83.1,1
15850,20250427,421,10,96.7,1
15851,20240108,561,6,84.7,1
15852,20231026,342,1,95.0,1
15853,20230306,302,9,96.7,1
15854,20241110,780,4,56.2,1
15855,20260425,164,1,98.4,1
15856,20251127,512,2,94.3,1
15857,20250701,770,1,92.9,1
15858,20240313,607,7,81.8,1
15859,20250328,488,5,87.4,1
15860,20230408,519,10,98.7,1
15861,20240321,18,1,98.1,1
15862,20231208,738,6,98.1,1
15863,20260404,453,9,96.2,1
15864,20250724,105,6,98.0,1
15865,20250420,364,5,73.7,1
15866,20260318,352,8,91.8,1
15867,20231209,529,2,96.2,1
15868,20250603,615,4,93.9,1
15869,20230719,182,4,92.2,1
15870,20260130,594,9,83.1,1
15871,20230906,98,4,92.5,1
15872,20250111,316,10,73.7,1
15873,20230120,321,6,88.5,1
15874,20230114,74,10,97.2,1
15875,20251022,604,9,86.9,1
15876,20250501,303,5,90.9,1
15877,20240525,506,3,95.7,1
15878,20241018,526,4,88.1,1
15879,20260304,127,5,94.5,1
15880,20231206,252,6,77.0,1
15881,20230917,380,8,89.3,1
15882,20240508,397,8,87.9,1
15883,20251117,636,10,92.9,1
15884,20240320,386,2,75.4,1
15885,20260205,176,9,90.7,1
15886,20250115,226,1,79.6,1
15887,20240807,84,4,98.9,1
15888,20250907,556,3,83.1,1
15889,20230409,660,3,97.4,1
15890,20250508,203,10,80.4,1
15891,20230523,788,5,86.0,1
15892,20250112,507,1,82.1,1
15893,20230822,744,3,72.3,1
15894,20251008,716,8,89.1,1
15895,20241115,250,10,89.1,1
15896,20250517,742,3,89.1,1
15897,20260324,594,5,78.0,1
15898,20250117,632,1,97.4,1
15899,20250831,613,9,90.3,1
15900,20260408,533,10,80.7,1
15901,20230916,776,5,99.5,1
15902,20230717,266,10,78.6,1
15903,20230731,319,4,98.1,1
15904,20240710,151,3,89.8,1
15905,20230708,583,4,95.5,1
15906,20260327,425,8,73.0,1
15907,20260603,670,8,92.4,1
15908,20240111,362,4,99.1,1
15909,20230625,48,7,92.9,1
15910,20230904,401,9,99.0,1
15911,20250211,393,5,76.9,1
15912,20231116,147,4,82.4,1
15913,20241115,476,1,85.3,1
15914,20240720,179,8,87.1,1
15915,20260608,440,9,99.8,1
15916,20231001,383,5,84.8,1
15917,20251118,724,9,95.0,1
15918,20240814,245,7,90.5,1
15919,20230810,106,10,91.1,1
15920,20260307,732,7,95.2,1
15921,20250205,151,9,98.1,1
15922,20231022,73,10,83.8,1
15923,20240523,494,2,78.4,1
15924,20230722,608,6,97.4,1
15925,20250205,347,1,94.3,1
15926,20251118,323,6,98.5,1
15927,20250520,297,5,90.4,1
15928,20250131,364,10,99.8,1
15929,20260430,499,10,85.1,1
15930,20260516,691,10,91.4,1
15931,20240611,720,8,98.7,1
15932,20251119,110,3,93.7,1
15933,20241030,528,4,90.7,1
15934,20230519,403,9,77.4,1
15935,20230417,500,4,93.4,1
15936,20231120,650,5,98.4,1
15937,20251129,449,9,45.9,1
15938,20230515,9,3,95.1,1
15939,20260512,723,6,89.2,1
15940,20250901,175,2,98.0,1
15941,20250917,75,6,87.3,1
15942,20230610,711,5,70.3,1
15943,20230315,617,6,96.7,1
15944,20240204,40,3,95.8,1
15945,20230525,495,5,86.2,1
15946,20241213,494,5,97.0,1
15947,20240224,391,6,93.9,1
15948,20250825,633,4,83.4,1
15949,20230220,760,7,84.3,1
15950,20250805,739,6,90.1,1
15951,20250120,379,1,85.5,1
15952,20241103,592,5,93.5,1
15953,20240211,503,7,90.2,1
15954,20250131,150,4,95.9,1
15955,20240529,192,5,80.7,1
15956,20251129,128,1,93.8,1
15957,20260423,337,4,82.6,1
15958,20251117,100,3,95.1,1
15959,20251212,729,1,87.0,1
15960,20251217,336,3,70.4,1
15961,20240109,241,8,78.6,1
15962,20240509,666,4,81.9,1
15963,20230627,112,5,81.7,1
15964,20260522,52,6,88.5,1
15965,20250617,324,1,60.4,1
15966,20260221,766,3,94.7,1
15967,20230713,500,10,86.7,1
15968,20250907,415,9,85.4,1
15969,20251125,253,7,89.2,1
15970,20250915,472,5,93.8,1
15971,20250115,169,8,93.1,1
15972,20230726,410,6,90.5,1
15973,20250604,158,1,86.1,1
15974,20250211,793,5,89.2,1
15975,20231102,662,5,97.9,1
15976,20240401,518,1,88.4,1
15977,20230729,163,8,92.1,1
15978,20240928,718,6,55.6,1
15979,20260129,369,8,95.2,1
15980,20241217,275,6,95.9,1
15981,20250205,326,2,93.5,1
15982,20241127,631,4,95.8,1
15983,20250729,670,6,71.6,1
15984,20231007,213,3,95.4,1
15985,20240712,614,8,93.1,1
15986,20250212,179,5,96.7,1
15987,20250101,16,7,79.3,1
15988,20260516,404,8,98.7,1
15989,20230126,627,10,95.8,1
15990,20251029,15,8,85.4,1
15991,20251206,438,1,89.6,1
15992,20241120,412,3,99.2,1
15993,20240319,352,7,77.8,1
15994,20240229,63,3,91.7,1
15995,20230731,219,8,83.0,1
15996,20240622,8,9,95.0,1
15997,20250309,505,7,95.3,1
15998,20260428,730,8,69.4,1
15999,20240216,712,2,86.0,1
16000,20230122,363,8,98.0,1
16001,20230730,338,9,95.3,1
16002,20260512,310,2,88.2,1
16003,20230215,129,2,95.6,1
16004,20260123,678,1,88.4,1
16005,20230912,640,4,96.6,1
16006,20240514,776,6,99.9,1
16007,20230901,593,2,98.3,1
16008,20230920,195,8,96.3,1
16009,20260213,346,1,89.9,1
16010,20250217,194,5,87.7,1
16011,20240805,89,6,73.1,1
16012,20241027,47,10,87.0,1
16013,20260625,756,1,97.2,1
16014,20240723,155,10,86.6,1
16015,20251106,506,9,99.3,1
16016,20231005,145,1,91.4,1
16017,20241105,293,5,89.4,1
16018,20251120,521,5,86.7,1
16019,20230830,453,7,72.7,1
16020,20240221,479,8,100.0,1
16021,20250323,212,10,81.1,1
16022,20240130,354,9,60.0,1
16023,20230401,535,4,87.4,1
16024,20260122,313,10,94.3,1
16025,20250802,460,7,96.5,1
16026,20230719,799,5,93.7,1
16027,20250318,505,9,74.5,1
16028,20240429,562,10,90.2,1
16029,20230801,194,7,83.0,1
16030,20250620,767,10,98.9,1
16031,20260324,593,7,82.5,1
16032,20230727,189,8,88.2,1
16033,20250726,113,5,99.5,1
16034,20260506,269,5,88.4,1
16035,20260416,9,3,97.4,1
16036,20251203,2,3,95.0,1
16037,20250404,709,9,92.7,1
16038,20230727,480,3,97.4,1
16039,20230616,495,6,59.0,1
16040,20250522,394,7,84.7,1
16041,20250127,101,9,90.9,1
16042,20231009,709,9,95.9,1
16043,20230626,166,6,83.3,1
16044,20260326,262,7,96.7,1
16045,20230708,757,6,90.1,1
16046,20240125,350,4,96.2,1
16047,20251018,78,4,70.5,1
16048,20230407,235,4,80.3,1
16049,20251127,263,4,87.6,1
16050,20240421,347,10,99.5,1
16051,20231210,102,10,93.1,1
16052,20231225,701,7,92.2,1
16053,20241215,772,4,90.6,1
16054,20240203,786,3,82.0,1
16055,20230104,14,1,83.1,1
16056,20240604,267,5,99.6,1
16057,20250209,229,4,71.5,1
16058,20260511,572,6,85.3,1
16059,20240211,543,8,68.7,1
16060,20250321,538,9,88.2,1
16061,20240530,399,9,99.4,1
16062,20230331,516,9,92.9,1
16063,20251102,718,4,97.2,1
16064,20240528,74,2,98.1,1
16065,20260429,416,3,99.7,1
16066,20251106,523,9,91.6,1
16067,20250826,761,4,62.2,1
16068,20241104,213,7,92.2,1
16069,20251122,135,10,83.2,1
16070,20230719,34,2,94.8,1
16071,20230515,242,7,98.9,1
16072,20230304,375,2,74.1,1
16073,20250810,313,10,78.9,1
16074,20230818,680,5,97.3,1
16075,20240209,611,2,95.0,1
16076,20240216,115,3,94.4,1
16077,20241213,495,5,46.2,1
16078,20230526,266,8,95.4,1
16079,20260625,406,7,77.6,1
16080,20230123,466,3,97.4,1
16081,20231124,124,2,47.8,1
16082,20240208,347,2,89.1,1
16083,20260620,433,9,81.0,1
16084,20230407,294,2,95.0,1
16085,20241115,764,3,92.1,1
16086,20231130,243,7,89.0,1
16087,20230326,205,4,96.1,1
16088,20240623,645,8,94.7,1
16089,20240414,310,9,89.2,1
16090,20260615,781,8,99.3,1
16091,20240110,726,5,96.3,1
16092,20241128,705,3,85.4,1
16093,20230902,657,9,96.4,1
16094,20241031,235,9,94.9,1
16095,20250913,30,7,86.1,1
16096,20241213,555,6,89.9,1
16097,20230501,463,2,74.6,1
16098,20230909,182,9,95.9,1
16099,20250901,163,5,99.2,1
16100,20240404,396,3,94.6,1
16101,20250727,356,10,75.5,1
16102,20230627,353,9,96.2,1
16103,20250223,183,2,99.4,1
16104,20241022,89,5,83.8,1
16105,20251217,677,6,78.2,1
16106,20260619,330,5,95.8,1
16107,20240901,121,10,96.6,1
16108,20230627,57,5,82.9,1
16109,20240229,1,10,97.2,1
16110,20250226,540,9,93.8,1
16111,20230102,319,5,92.3,1
16112,20230313,724,10,98.7,1
16113,20241112,348,4,94.7,1
16114,20230405,519,2,69.6,1
16115,20250706,597,7,87.9,1
16116,20251213,430,8,98.9,1
16117,20251027,488,6,96.0,1
16118,20260328,140,4,86.6,1
16119,20230911,530,1,88.9,1
16120,20231104,186,1,97.9,1
16121,20251103,535,3,90.2,1
16122,20240326,615,10,81.8,1
16123,20250824,334,8,91.9,1
16124,20250111,305,1,83.5,1
16125,20250113,680,10,84.0,1
16126,20240125,443,2,87.0,1
16127,20230609,2,9,97.6,1
16128,20241125,726,4,89.6,1
16129,20240302,775,1,98.4,1
16130,20250201,66,1,62.9,1
16131,20240323,530,9,79.4,1
16132,20230429,456,5,98.5,1
16133,20240718,294,7,97.3,1
16134,20230819,17,4,84.9,1
16135,20230711,648,8,99.7,1
16136,20260121,753,2,74.4,1
16137,20230728,258,6,89.4,1
16138,20240714,434,3,93.1,1
16139,20240212,678,6,89.3,1
16140,20250907,199,9,65.1,1
16141,20230327,656,6,96.4,1
16142,20240228,120,6,87.1,1
16143,20240703,61,8,81.8,1
16144,20250813,421,4,97.1,1
16145,20240916,390,7,83.9,1
16146,20250111,479,4,98.5,1
16147,20260108,673,6,96.2,1
16148,20260110,187,10,90.6,1
16149,20250424,408,3,80.1,1
16150,20230120,433,1,89.1,1
16151,20250909,438,7,95.0,1
16152,20230618,777,3,97.3,1
16153,20260405,458,2,93.5,1
16154,20230726,299,4,99.3,1
16155,20250120,614,5,98.7,1
16156,20260124,4,10,96.1,1
16157,20240307,295,5,82.4,1
16158,20260528,39,7,57.0,1
16159,20240126,436,9,79.8,1
16160,20240223,93,4,94.7,1
16161,20230401,77,10,98.3,1
16162,20250411,41,7,93.4,1
16163,20230107,727,3,67.6,1
16164,20230103,509,1,98.8,1
16165,20240518,154,9,67.8,1
16166,20251003,391,7,86.9,1
16167,20260513,600,8,90.5,1
16168,20250112,518,5,95.0,1
16169,20260410,579,9,98.8,1
16170,20241106,31,3,98.5,1
16171,20260615,338,4,80.4,1
16172,20240120,535,5,87.1,1
16173,20230925,505,2,98.7,1
16174,20240423,146,6,96.5,1
16175,20250716,71,1,63.0,1
16176,20230115,602,2,88.7,1
16177,20251031,21,5,85.7,1
16178,20240801,246,10,98.7,1
16179,20260504,507,10,98.2,1
16180,20250415,422,7,77.7,1
16181,20241030,134,10,57.2,1
16182,20250405,365,10,86.8,1
16183,20250916,696,1,91.4,1
16184,20230830,614,3,88.1,1
16185,20250121,603,9,93.9,1
16186,20241014,512,1,78.0,1
16187,20230509,417,9,75.5,1
16188,20250120,281,9,87.2,1
16189,20250219,72,6,54.0,1
16190,20231002,47,8,92.9,1
16191,20250709,365,7,78.1,1
16192,20230814,220,10,98.0,1
16193,20250306,525,1,96.6,1
16194,20240207,569,10,91.6,1
16195,20240409,317,5,97.1,1
16196,20260313,513,8,88.5,1
16197,20250122,673,9,94.1,1
16198,20250604,60,8,97.6,1
16199,20231028,398,9,81.4,1
16200,20231006,499,3,94.5,1
16201,20250123,591,5,92.8,1
16202,20250430,148,8,95.2,1
16203,20250701,325,4,97.4,1
16204,20240905,265,1,91.4,1
16205,20240920,577,1,64.1,1
16206,20240427,10,4,91.1,1
16207,20230329,711,2,87.3,1
16208,20241013,551,3,76.7,1
16209,20240201,381,10,55.3,1
16210,20241231,1,2,89.2,1
16211,20240507,593,2,93.6,1
16212,20230902,302,5,90.6,1
16213,20260617,300,2,97.5,1
16214,20250807,313,3,97.9,1
16215,20231016,261,6,76.1,1
16216,20250801,524,3,79.2,1
16217,20230106,380,2,84.7,1
16218,20240825,223,2,51.0,1
16219,20250215,180,10,86.3,1
16220,20250205,409,6,94.6,1
16221,20231030,444,2,94.3,1
16222,20250809,540,6,77.0,1
16223,20230518,732,10,79.5,1
16224,20250306,422,5,96.1,1
16225,20251002,618,2,87.8,1
16226,20250113,485,1,99.0,1
16227,20231212,407,4,90.5,1
16228,20250911,646,3,78.7,1
16229,20230719,251,3,91.9,1
16230,20240212,400,3,86.7,1
16231,20231105,238,6,92.0,1
16232,20250805,191,9,95.3,1
16233,20250427,713,7,85.0,1
16234,20230411,569,9,95.6,1
16235,20251228,1,7,99.0,1
16236,20231113,518,5,66.3,1
16237,20250621,691,6,83.4,1
16238,20240122,726,6,99.5,1
16239,20230718,237,6,96.9,1
16240,20240608,612,9,88.2,1
16241,20230421,361,6,99.1,1
16242,20250705,216,8,96.9,1
16243,20250307,345,2,90.7,1
16244,20250321,751,7,83.3,1
16245,20260111,545,5,81.9,1
16246,20240605,337,3,89.3,1
16247,20240709,27,4,94.1,1
16248,20230122,515,3,83.7,1
16249,20230717,381,1,94.2,1
16250,20241127,255,6,96.0,1
16251,20260313,147,3,87.0,1
16252,20240113,763,1,98.7,1
16253,20240804,500,3,93.2,1
16254,20240913,90,5,89.1,1
16255,20250323,15,4,92.4,1
16256,20230317,353,5,98.8,1
16257,20240914,48,7,77.6,1
16258,20250802,197,2,99.8,1
16259,20260113,218,9,62.8,1
16260,20230802,1,3,93.7,1
16261,20240620,462,8,88.3,1
16262,20260213,183,1,78.5,1
16263,20240622,745,1,79.6,1
16264,20240328,636,4,81.8,1
16265,20241112,761,8,89.3,1
16266,20240915,62,7,96.9,1
16267,20231221,455,8,87.2,1
16268,20250917,458,1,95.8,1
16269,20230317,768,8,93.6,1
16270,20251119,745,8,96.6,1
16271,20230920,757,9,74.5,1
16272,20241127,590,2,83.7,1
16273,20241122,364,6,94.0,1
16274,20260618,415,9,93.0,1
16275,20250722,306,9,95.2,1
16276,20230104,175,4,96.5,1
16277,20230121,144,4,77.3,1
16278,20230831,658,5,98.1,1
16279,20250409,343,1,99.0,1
16280,20241122,421,2,77.3,1
16281,20240618,8,6,85.3,1
16282,20250809,248,8,77.2,1
16283,20240211,192,5,67.3,1
16284,20250815,494,4,92.1,1
16285,20230702,126,6,94.0,1
16286,20250506,578,4,84.6,1
16287,20231005,615,6,69.8,1
16288,20230713,354,2,76.6,1
16289,20260119,191,7,81.3,1
16290,20241220,90,7,89.2,1
16291,20231118,539,7,90.6,1
16292,20240301,61,5,99.7,1
16293,20260207,714,10,76.2,1
16294,20240608,495,9,95.8,1
16295,20231106,98,7,81.7,1
16296,20241119,608,7,77.1,1
16297,20251001,397,4,89.8,1
16298,20230313,562,1,68.0,1
16299,20240623,680,5,95.8,1
16300,20230218,432,7,99.1,1
16301,20250902,378,7,87.1,1
16302,20230722,19,5,88.8,1
16303,20231012,532,10,93.9,1
16304,20231226,781,1,84.3,1
16305,20240826,414,6,98.4,1
16306,20231128,622,7,80.6,1
16307,20231110,647,6,88.1,1
16308,20250223,195,9,90.1,1
16309,20240828,663,5,75.8,1
16310,20230110,582,8,72.6,1
16311,20251226,305,8,97.2,1
16312,20250105,17,2,82.3,1
16313,20230214,505,3,89.5,1
16314,20250225,385,9,87.6,1
16315,20240426,115,2,85.0,1
16316,20260227,453,6,78.9,1
16317,20231112,110,9,99.3,1
16318,20250416,180,8,88.7,1
16319,20260316,117,4,98.3,1
16320,20230926,202,7,83.5,1
16321,20230309,274,3,94.8,1
16322,20251118,669,8,96.4,1
16323,20251130,203,10,72.0,1
16324,20260218,683,9,88.8,1
16325,20240225,54,2,95.0,1
16326,20260316,754,8,72.6,1
16327,20260115,140,5,77.0,1
16328,20250805,158,5,88.3,1
16329,20260414,579,7,94.7,1
16330,20250711,525,5,93.4,1
16331,20230330,102,6,89.7,1
16332,20241013,51,5,84.3,1
16333,20230810,527,8,98.2,1
16334,20251219,235,4,85.8,1
16335,20260412,349,7,88.8,1
16336,20260125,573,1,74.7,1
16337,20240325,590,4,85.3,1
16338,20260330,663,6,87.6,1
16339,20251106,284,10,85.9,1
16340,20230821,789,6,84.9,1
16341,20231230,504,3,94.6,1
16342,20240402,249,8,94.6,1
16343,20260520,414,4,95.5,1
16344,20251026,336,10,84.7,1
16345,20240731,385,6,89.0,1
16346,20260604,268,3,94.7,1
16347,20240117,423,2,88.5,1
16348,20230413,207,1,99.1,1
16349,20251111,279,3,89.5,1
16350,20241222,580,6,99.4,1
16351,20241227,543,6,85.8,1
16352,20250522,767,2,87.7,1
16353,20250603,599,4,95.0,1
16354,20231010,663,3,81.4,1
16355,20250623,434,5,70.1,1
16356,20260113,30,5,91.8,1
16357,20231123,29,10,92.5,1
16358,20260101,406,6,94.1,1
16359,20231220,62,6,86.7,1
16360,20230525,704,1,80.6,1
16361,20260606,321,9,99.8,1
16362,20240819,154,9,92.3,1
16363,20230205,279,4,90.4,1
16364,20240107,91,5,98.3,1
16365,20241026,392,8,95.9,1
16366,20241121,154,10,97.7,1
16367,20241128,40,7,90.3,1
16368,20231001,469,6,78.0,1
16369,20240117,185,7,97.7,1
16370,20240317,117,6,95.7,1
16371,20250211,109,10,81.0,1
16372,20250627,606,8,88.3,1
16373,20250828,350,4,98.4,1
16374,20230320,694,8,82.0,1
16375,20230322,609,4,88.5,1
16376,20260526,524,5,96.4,1
16377,20250905,607,4,99.5,1
16378,20240828,72,7,83.0,1
16379,20230727,462,10,96.9,1
16380,20230819,637,10,97.8,1
16381,20250130,579,9,90.7,1
16382,20240411,115,9,93.3,1
16383,20240220,366,7,96.9,1
16384,20251227,252,7,84.9,1
16385,20240409,421,8,70.2,1
16386,20251008,699,9,69.2,1
16387,20260518,556,6,88.3,1
16388,20260625,725,4,86.9,1
16389,20250605,729,3,67.4,1
16390,20260623,134,3,87.5,1
16391,20230129,243,3,97.8,1
16392,20250625,169,5,97.3,1
16393,20231221,746,4,91.9,1
16394,20241128,167,8,99.2,1
16395,20230206,59,6,92.4,1
16396,20230426,711,7,91.4,1
16397,20260503,235,7,89.8,1
16398,20260412,636,1,59.4,1
16399,20230922,573,5,84.2,1
16400,20240203,602,7,90.4,1
16401,20231024,721,5,91.4,1
16402,20240526,650,9,93.9,1
16403,20240612,223,9,96.0,1
16404,20260529,714,1,96.3,1
16405,20230110,86,6,88.8,1
16406,20231001,318,3,79.3,1
16407,20260604,422,10,99.6,1
16408,20230407,354,2,97.8,1
16409,20230328,616,10,84.6,1
16410,20240519,627,5,78.1,1
16411,20260616,540,9,88.6,1
16412,20260126,250,9,92.1,1
16413,20250813,499,10,93.4,1
16414,20230508,630,5,77.6,1
16415,20240425,228,2,93.5,1
16416,20230822,163,5,91.0,1
16417,20250202,319,5,97.5,1
16418,20250701,659,9,87.2,1
16419,20231203,700,9,83.2,1
16420,20230814,731,10,93.3,1
16421,20230211,407,8,87.7,1
16422,20230822,640,2,96.5,1
16423,20251206,798,6,77.7,1
16424,20250516,467,2,96.1,1
16425,20240521,253,4,90.3,1
16426,20250203,694,10,97.0,1
16427,20240112,616,7,97.7,1
16428,20240816,101,5,77.7,1
16429,20260403,448,4,84.8,1
16430,20241215,554,3,91.1,1
16431,20230301,598,8,82.3,1
16432,20230506,315,7,98.9,1
16433,20260408,77,4,73.7,1
16434,20241208,103,3,93.2,1
16435,20250829,20,4,73.6,1
16436,20250321,520,4,93.2,1
16437,20251113,606,6,96.7,1
16438,20251215,140,10,91.3,1
16439,20230120,799,9,87.7,1
16440,20250408,383,10,87.3,1
16441,20230915,188,5,65.6,1
16442,20250722,244,9,97.5,1
16443,20260126,220,7,98.2,1
16444,20241031,104,2,87.5,1
16445,20250526,575,4,93.5,1
16446,20251101,360,2,89.1,1
16447,20230812,127,5,98.9,1
16448,20230111,89,6,98.6,1
16449,20230104,122,1,98.8,1
16450,20250502,746,8,97.7,1
16451,20230125,163,1,91.9,1
16452,20250701,268,9,86.8,1
16453,20240923,731,2,96.6,1
16454,20240827,285,8,93.0,1
16455,20250525,480,1,93.9,1
16456,20250501,774,8,91.1,1
16457,20240927,199,6,94.9,1
16458,20241220,375,10,99.1,1
16459,20251218,343,1,67.8,1
16460,20231124,115,9,88.7,1
16461,20230317,372,1,94.0,1
16462,20230425,532,8,90.6,1
16463,20240123,25,3,92.6,1
16464,20240522,218,3,79.0,1
16465,20240622,619,10,88.4,1
16466,20230906,40,10,93.4,1
16467,20250804,616,7,92.3,1
16468,20240311,38,7,90.9,1
16469,20250224,133,3,95.3,1
16470,20250402,26,7,89.6,1
16471,20231010,759,2,91.9,1
16472,20230227,713,5,95.4,1
16473,20260202,169,6,98.7,1
16474,20240229,597,9,92.9,1
16475,20240207,450,8,85.2,1
16476,20260621,740,10,76.8,1
16477,20240705,287,3,85.2,1
16478,20241202,273,2,83.5,1
16479,20230427,656,9,80.6,1
16480,20240201,662,4,69.8,1
16481,20250421,314,10,83.9,1
16482,20240109,780,3,91.0,1
16483,20231002,207,4,91.0,1
16484,20231120,441,5,99.3,1
16485,20230312,500,4,97.3,1
16486,20260521,154,2,87.6,1
16487,20230715,181,6,81.5,1
16488,20231224,529,3,73.1,1
16489,20250520,779,10,94.3,1
16490,20260520,311,10,90.3,1
16491,20231125,369,6,83.7,1
16492,20241129,431,3,92.5,1
16493,20251005,472,7,89.5,1
16494,20260402,594,8,86.7,1
16495,20240130,630,6,90.6,1
16496,20240714,154,2,85.9,1
16497,20240103,556,9,99.4,1
16498,20251108,67,8,87.0,1
16499,20230824,607,8,98.3,1
16500,20260419,392,6,91.6,1
16501,20250118,182,5,83.7,1
16502,20230122,515,3,92.5,1
16503,20260521,22,5,91.6,1
16504,20260305,457,1,88.7,1
16505,20241226,63,4,83.5,1
16506,20231122,256,2,74.2,1
16507,20250204,482,5,78.6,1
16508,20230718,791,1,95.1,1
16509,20240704,470,4,93.7,1
16510,20230403,191,10,84.3,1
16511,20241002,116,10,93.3,1
16512,20240808,527,5,95.0,1
16513,20230329,243,8,92.2,1
16514,20230804,113,5,97.3,1
16515,20240414,649,3,90.5,1
16516,20240630,536,10,93.6,1
16517,20250608,690,2,91.7,1
16518,20250911,741,9,98.5,1
16519,20260115,386,5,72.8,1
16520,20260125,765,7,89.7,1
16521,20240614,110,7,79.9,1
16522,20260126,319,8,88.8,1
16523,20240508,305,5,85.0,1
16524,20250824,646,3,97.5,1
16525,20260221,553,9,89.7,1
16526,20260228,535,5,93.2,1
16527,20230904,728,3,84.3,1
16528,20251115,284,2,94.3,1
16529,20260115,245,10,87.5,1
16530,20240526,602,7,75.0,1
16531,20260122,139,2,95.3,1
16532,20260107,348,8,66.8,1
16533,20240531,446,8,96.7,1
16534,20230430,198,3,71.6,1
16535,20250701,196,1,96.5,1
16536,20251203,169,3,93.3,1
16537,20241107,229,2,85.0,1
16538,20230120,535,10,93.4,1
16539,20240615,333,1,74.3,1
16540,20241018,174,10,80.4,1
16541,20240323,563,8,94.2,1
16542,20260105,180,5,97.1,1
16543,20230526,263,7,84.9,1
16544,20250224,786,7,59.9,1
16545,20260430,501,6,78.9,1
16546,20240930,378,6,98.6,1
16547,20241102,163,5,94.5,1
16548,20240219,762,3,94.4,1
16549,20230721,228,9,99.3,1
16550,20241112,140,10,89.0,1
16551,20240326,413,1,92.6,1
16552,20260322,766,7,93.1,1
16553,20240315,118,2,58.9,1
16554,20240716,383,10,94.5,1
16555,20241221,22,6,98.5,1
16556,20250925,504,1,69.3,1
16557,20231116,608,7,95.2,1
16558,20240217,738,6,84.4,1
16559,20260226,250,3,99.6,1
16560,20250612,499,2,96.5,1
16561,20231103,621,4,92.0,1
16562,20230108,741,4,82.9,1
16563,20231115,520,8,83.4,1
16564,20230413,93,10,95.2,1
16565,20230403,466,5,93.2,1
16566,20241102,552,8,94.7,1
16567,20250112,663,10,76.2,1
16568,20231017,738,1,81.5,1
16569,20240608,262,1,89.4,1
16570,20230830,485,7,88.8,1
16571,20250202,83,8,94.1,1
16572,20260503,365,5,96.2,1
16573,20241027,387,2,99.2,1
16574,20260425,625,1,85.6,1
16575,20240916,591,4,77.8,1
16576,20250319,382,6,73.4,1
16577,20240426,53,1,90.9,1
16578,20260601,571,9,92.7,1
16579,20251017,634,1,83.8,1
16580,20240603,61,1,80.4,1
16581,20250806,454,2,72.3,1
16582,20231117,146,3,99.4,1
16583,20240602,523,1,88.9,1
16584,20231130,117,6,86.1,1
16585,20251105,21,4,71.4,1
16586,20250930,506,10,89.4,1
16587,20230613,630,1,91.4,1
16588,20240601,439,4,83.2,1
16589,20230327,264,2,88.6,1
16590,20250717,98,9,92.2,1
16591,20250204,99,2,84.0,1
16592,20230213,128,5,79.5,1
16593,20251024,192,5,86.9,1
16594,20250917,274,8,92.5,1
16595,20230601,420,3,91.9,1
16596,20230525,91,2,95.3,1
16597,20230608,720,5,93.7,1
16598,20231231,457,6,96.2,1
16599,20251204,399,9,98.6,1
16600,20250709,645,9,89.9,1
16601,20250417,328,5,94.4,1
16602,20260303,346,4,97.5,1
16603,20240526,444,7,86.1,1
16604,20231014,571,1,70.8,1
16605,20240621,760,5,89.4,1
16606,20230317,714,4,86.4,1
16607,20241110,378,1,90.5,1
16608,20240105,445,4,64.1,1
16609,20230228,83,8,76.5,1
16610,20230401,406,9,76.8,1
16611,20260304,323,8,76.8,1
16612,20251130,620,10,91.4,1
16613,20240928,263,3,93.6,1
16614,20230822,224,10,93.1,1
16615,20260319,668,2,72.3,1
16616,20250414,653,9,77.4,1
16617,20241210,388,8,99.4,1
16618,20250212,658,6,78.9,1
16619,20260516,167,7,98.8,1
16620,20251211,108,10,94.2,1
16621,20231203,291,1,85.6,1
16622,20260518,29,9,81.4,1
16623,20230607,450,10,94.0,1
16624,20260615,133,4,87.6,1
16625,20250416,246,1,96.9,1
16626,20240830,685,9,95.2,1
16627,20251212,265,6,69.1,1
16628,20251218,144,5,77.6,1
16629,20241005,178,1,94.0,1
16630,20230628,62,8,82.2,1
16631,20230416,196,2,76.6,1
16632,20231216,35,1,89.0,1
16633,20240323,174,4,68.2,1
16634,20240716,182,9,98.1,1
16635,20230622,413,9,93.2,1
16636,20260622,785,2,84.3,1
16637,20241222,86,7,98.2,1
16638,20240227,520,4,94.5,1
16639,20250707,96,4,99.4,1
16640,20260222,678,2,69.0,1
16641,20231214,212,5,95.0,1
16642,20250219,495,3,86.2,1
16643,20250913,363,6,93.8,1
16644,20230221,753,6,92.8,1
16645,20260410,71,8,83.9,1
16646,20240708,764,3,99.5,1
16647,20230515,327,6,64.3,1
16648,20230713,54,5,84.8,1
16649,20240511,552,2,77.6,1
16650,20230704,216,2,94.5,1
16651,20250812,53,1,86.8,1
16652,20240314,607,8,56.6,1
16653,20230912,368,2,85.6,1
16654,20250801,106,5,68.1,1
16655,20260214,584,5,57.3,1
16656,20250302,379,2,93.3,1
16657,20240117,133,10,98.4,1
16658,20240502,279,5,95.3,1
16659,20240102,286,4,97.2,1
16660,20250806,700,2,93.9,1
16661,20250411,618,2,82.8,1
16662,20230601,702,9,90.5,1
16663,20230227,494,8,96.3,1
16664,20250901,131,7,94.0,1
16665,20231201,329,2,95.1,1
16666,20250420,104,6,96.1,1
16667,20250310,86,7,89.5,1
16668,20231023,591,6,95.3,1
16669,20250913,680,3,90.3,1
16670,20250114,167,5,78.1,1
16671,20240207,311,7,83.4,1
16672,20230118,514,6,90.2,1
16673,20260619,597,4,94.6,1
16674,20260515,310,6,95.9,1
16675,20231112,667,9,97.4,1
16676,20231219,648,3,80.1,1
16677,20240103,108,2,96.6,1
16678,20250916,192,7,84.4,1
16679,20260315,664,7,96.6,1
16680,20251201,517,6,90.2,1
16681,20230104,235,4,79.1,1
16682,20240616,611,8,78.2,1
16683,20231215,610,8,74.3,1
16684,20230701,130,4,87.9,1
16685,20250115,685,5,86.8,1
16686,20250705,639,6,89.7,1
16687,20250910,40,9,86.6,1
16688,20240118,406,9,99.1,1
16689,20250725,469,9,75.1,1
16690,20260314,752,1,91.6,1
16691,20260505,751,7,81.2,1
16692,20251118,574,9,92.8,1
16693,20240820,691,5,71.0,1
16694,20250420,487,4,92.2,1
16695,20250714,165,10,92.5,1
16696,20240121,439,9,89.2,1
16697,20240619,19,6,83.5,1
16698,20260312,695,2,69.9,1
16699,20250731,255,5,99.7,1
16700,20241108,116,7,97.4,1
16701,20251007,436,2,97.7,1
16702,20260422,158,6,99.5,1
16703,20250523,750,10,84.0,1
16704,20250806,394,7,96.6,1
16705,20250723,716,5,82.7,1
16706,20251221,229,6,85.3,1
16707,20250412,396,10,63.0,1
16708,20240316,470,3,79.8,1
16709,20250430,492,9,96.6,1
16710,20241018,566,10,96.1,1
16711,20240125,783,4,73.3,1
16712,20250315,263,7,63.8,1
16713,20231009,213,9,83.9,1
16714,20250611,400,5,93.7,1
16715,20230224,443,8,78.4,1
16716,20230928,520,2,92.9,1
16717,20250826,256,2,97.9,1
16718,20230126,209,7,89.0,1
16719,20251207,100,1,87.5,1
16720,20260127,512,2,82.7,1
16721,20230902,511,3,96.0,1
16722,20260329,294,9,72.4,1
16723,20240310,253,2,99.4,1
16724,20240325,255,6,85.4,1
16725,20240521,642,10,82.1,1
16726,20230831,622,6,78.8,1
16727,20240920,657,3,97.2,1
16728,20260228,417,6,94.0,1
16729,20241008,656,8,92.3,1
16730,20250131,304,1,98.2,1
16731,20230507,529,9,98.7,1
16732,20250731,348,6,98.8,1
16733,20230714,711,9,84.6,1
16734,20250730,764,10,91.3,1
16735,20250311,59,2,72.6,1
16736,20241123,651,2,86.3,1
16737,20251208,771,9,99.3,1
16738,20240816,209,2,95.6,1
16739,20251120,274,2,99.7,1
16740,20251030,273,2,93.6,1
16741,20260531,757,3,91.2,1
16742,20251023,295,1,78.0,1
16743,20260109,790,2,88.9,1
16744,20260222,22,7,72.6,1
16745,20231130,402,8,91.3,1
16746,20240605,515,7,75.1,1
16747,20240114,227,2,99.1,1
16748,20231207,176,8,81.4,1
16749,20230203,388,8,90.7,1
16750,20240309,281,1,76.3,1
16751,20250329,593,6,92.0,1
16752,20250322,400,1,79.8,1
16753,20251225,353,4,94.8,1
16754,20250506,716,3,97.0,1
16755,20240530,166,4,92.1,1
16756,20230918,49,9,99.6,1
16757,20230717,713,9,92.9,1
16758,20250530,187,6,94.7,1
16759,20241115,424,9,70.6,1
16760,20240125,151,5,94.0,1
16761,20250420,274,4,76.5,1
16762,20230323,135,7,90.2,1
16763,20260127,697,1,79.5,1
16764,20240326,261,7,92.4,1
16765,20250413,645,1,80.5,1
16766,20240824,248,5,94.5,1
16767,20230730,725,10,94.9,1
16768,20230610,494,6,87.3,1
16769,20231114,718,4,97.8,1
16770,20250824,110,6,73.0,1
16771,20240104,714,2,83.3,1
16772,20240901,194,3,88.8,1
16773,20260411,547,9,79.9,1
16774,20230318,417,10,87.5,1
16775,20240509,457,8,92.3,1
16776,20241109,791,2,71.2,1
16777,20251011,97,3,93.9,1
16778,20260219,290,4,87.5,1
16779,20250426,458,8,66.2,1
16780,20241224,622,6,99.4,1
16781,20250820,447,2,97.4,1
16782,20230302,560,6,98.8,1
16783,20240517,751,3,91.4,1
16784,20250308,53,10,79.8,1
16785,20230819,270,2,81.6,1
16786,20230828,266,2,94.8,1
16787,20240806,90,8,88.6,1
16788,20241107,456,6,89.2,1
16789,20251116,512,4,67.4,1
16790,20230430,524,1,75.0,1
16791,20240521,373,5,89.8,1
16792,20240609,697,6,96.2,1
16793,20231229,531,7,93.6,1
16794,20260613,798,4,72.8,1
16795,20250207,524,1,89.9,1
16796,20231108,83,7,85.5,1
16797,20240825,696,8,64.4,1
16798,20251016,625,1,82.4,1
16799,20240423,559,1,94.7,1
16800,20230515,230,10,59.8,1
16801,20260605,762,7,79.5,1
16802,20250622,179,10,87.1,1
16803,20240613,164,1,95.7,1
16804,20230620,573,1,68.2,1
16805,20240209,312,3,74.2,1
16806,20250410,123,2,76.1,1
16807,20240712,494,9,84.4,1
16808,20251105,492,1,50.7,1
16809,20250606,315,8,98.3,1
16810,20230719,627,3,89.9,1
16811,20260202,520,7,96.9,1
16812,20241202,618,6,88.4,1
16813,20240414,433,8,90.8,1
16814,20241024,433,4,88.6,1
16815,20240429,632,7,93.1,1
16816,20240917,375,2,87.0,1
16817,20260113,402,3,88.4,1
16818,20230715,26,10,98.5,1
16819,20231114,22,1,87.7,1
16820,20240311,307,6,88.6,1
16821,20230101,37,4,84.5,1
16822,20250822,394,10,96.2,1
16823,20240506,673,2,93.2,1
16824,20230805,27,7,85.8,1
16825,20240423,340,6,86.8,1
16826,20240420,672,1,98.1,1
16827,20251016,397,8,98.0,1
16828,20240724,668,1,88.2,1
16829,20230624,472,9,79.5,1
16830,20231110,778,2,76.3,1
16831,20240130,628,3,95.7,1
16832,20230707,146,1,95.0,1
16833,20240801,178,4,85.7,1
16834,20240305,453,8,96.4,1
16835,20251213,84,5,83.9,1
16836,20250222,763,9,89.6,1
16837,20250225,624,2,85.2,1
16838,20260517,35,10,91.3,1
16839,20240326,37,5,94.2,1
16840,20260131,564,8,85.4,1
16841,20230501,234,9,78.0,1
16842,20250506,285,10,84.1,1
16843,20250427,91,5,75.9,1
16844,20230929,22,2,82.4,1
16845,20240317,644,4,98.2,1
16846,20250207,202,1,78.2,1
16847,20250215,582,9,92.0,1
16848,20241012,574,7,88.8,1
16849,20230412,191,5,92.6,1
16850,20251014,526,2,82.8,1
16851,20260208,673,4,57.0,1
16852,20231118,175,7,89.1,1
16853,20241005,252,6,89.7,1
16854,20240612,67,5,98.5,1
16855,20260516,422,8,81.9,1
16856,20250820,48,1,74.3,1
16857,20250516,398,1,56.8,1
16858,20250203,67,1,64.3,1
16859,20230903,62,3,87.5,1
16860,20240102,477,6,78.6,1
16861,20241007,642,4,94.8,1
16862,20251205,634,8,87.4,1
16863,20230416,435,7,86.0,1
16864,20241125,783,2,98.3,1
16865,20240623,426,2,86.6,1
16866,20250909,143,6,95.6,1
16867,20240709,15,8,97.2,1
16868,20250305,765,2,88.6,1
16869,20230606,182,1,71.3,1
16870,20251124,408,7,90.7,1
16871,20260214,118,4,88.1,1
16872,20230219,250,6,86.9,1
16873,20260331,645,4,99.2,1
16874,20230528,433,1,78.7,1
16875,20240618,487,9,94.6,1
16876,20260321,730,5,91.3,1
16877,20230418,73,9,94.1,1
16878,20240506,555,8,36.8,1
16879,20260425,455,3,84.5,1
16880,20231124,522,4,97.3,1
16881,20250323,402,8,88.8,1
16882,20250203,195,5,83.2,1
16883,20240714,304,8,98.7,1
16884,20230804,638,1,89.1,1
16885,20240620,186,4,98.8,1
16886,20230430,791,9,98.5,1
16887,20250204,227,8,81.1,1
16888,20250304,45,7,92.2,1
16889,20230102,566,7,92.2,1
16890,20240205,480,2,57.2,1
16891,20251118,363,4,97.9,1
16892,20231027,546,9,74.8,1
16893,20230613,409,7,96.5,1
16894,20250212,733,9,88.6,1
16895,20250724,302,4,85.0,1
16896,20230410,533,6,97.5,1
16897,20260414,178,1,61.1,1
16898,20231215,102,1,95.9,1
16899,20240920,416,1,64.3,1
16900,20230223,355,10,93.1,1
16901,20240225,780,3,91.2,1
16902,20250802,744,6,98.3,1
16903,20240209,187,5,91.6,1
16904,20230502,519,5,98.0,1
16905,20260123,377,7,94.4,1
16906,20250717,702,3,85.3,1
16907,20250922,733,9,53.9,1
16908,20230214,118,9,95.9,1
16909,20230819,727,10,98.6,1
16910,20240703,466,6,96.3,1
16911,20240821,507,10,91.4,1
16912,20250328,555,6,91.5,1
16913,20260226,109,8,90.3,1
16914,20240610,355,4,85.7,1
16915,20240611,402,10,94.9,1
16916,20250310,274,2,83.3,1
16917,20251009,748,3,95.9,1
16918,20231012,740,1,86.7,1
16919,20231027,599,7,98.1,1
16920,20260528,11,6,98.4,1
16921,20240501,767,8,88.9,1
16922,20260322,134,8,84.8,1
16923,20250415,108,5,94.0,1
16924,20250315,303,2,85.2,1
16925,20230718,507,8,92.2,1
16926,20260421,634,10,91.0,1
16927,20230307,441,4,91.5,1
16928,20250517,456,7,98.9,1
16929,20251124,379,1,74.3,1
16930,20240527,446,10,67.7,1
16931,20230530,786,2,93.1,1
16932,20250228,669,1,92.4,1
16933,20240702,261,9,90.0,1
16934,20250224,645,6,71.9,1
16935,20241025,627,1,92.7,1
16936,20250527,670,2,91.1,1
16937,20230214,52,4,98.8,1
16938,20250625,118,2,87.8,1
16939,20250621,717,1,89.5,1
16940,20251115,604,1,92.8,1
16941,20230825,393,3,93.4,1
16942,20230111,252,4,99.3,1
16943,20230403,524,6,93.6,1
16944,20260313,408,10,99.6,1
16945,20241214,83,3,99.8,1
16946,20260430,128,4,95.0,1
16947,20230326,308,1,85.9,1
16948,20251106,140,10,93.6,1
16949,20230903,446,5,98.5,1
16950,20240930,469,8,93.9,1
16951,20250430,402,10,90.3,1
16952,20240628,689,1,91.4,1
16953,20250813,523,10,93.6,1
16954,20250113,59,10,91.4,1
16955,20250524,629,8,81.9,1
16956,20230324,281,5,91.8,1
16957,20260106,519,6,97.1,1
16958,20230125,425,6,80.0,1
16959,20230602,751,10,99.3,1
16960,20251229,381,2,88.4,1
16961,20260416,656,8,99.8,1
16962,20240114,463,9,94.4,1
16963,20240911,86,8,89.3,1
16964,20230824,728,1,83.7,1
16965,20260110,700,10,92.1,1
16966,20250402,169,3,99.0,1
16967,20250302,779,5,91.7,1
16968,20230109,760,7,87.3,1
16969,20251212,630,5,99.7,1
16970,20241023,239,2,87.6,1
16971,20250116,90,2,59.2,1
16972,20251001,456,2,95.9,1
16973,20240518,60,3,88.4,1
16974,20240902,241,4,81.8,1
16975,20241026,119,1,90.8,1
16976,20230807,323,7,92.1,1
16977,20240501,557,3,90.9,1
16978,20231111,627,4,94.1,1
16979,20230302,365,3,80.1,1
16980,20240617,46,4,88.1,1
16981,20240126,394,6,48.3,1
16982,20230628,553,6,80.5,1
16983,20240728,438,10,92.1,1
16984,20240424,564,2,95.5,1
16985,20240424,199,10,69.9,1
16986,20240310,759,10,90.5,1
16987,20230822,60,4,74.8,1
16988,20260224,602,6,95.5,1
16989,20260508,122,2,76.5,1
16990,20230505,715,3,88.7,1
16991,20240727,591,4,91.2,1
16992,20250202,649,10,90.4,1
16993,20230722,89,2,91.0,1
16994,20240417,385,10,92.5,1
16995,20250106,442,10,79.5,1
16996,20250212,162,6,76.6,1
16997,20260329,328,2,82.6,1
16998,20260203,77,7,53.0,1
16999,20230516,480,9,98.0,1
17000,20251207,86,7,99.9,1
17001,20230330,273,10,73.2,1
17002,20240921,782,9,96.8,1
17003,20240202,577,6,92.1,1
17004,20250525,116,4,97.1,1
17005,20241117,417,10,72.8,1
17006,20230621,749,2,80.0,1
17007,20241104,81,6,98.5,1
17008,20251127,455,1,89.2,1
17009,20230228,651,10,98.1,1
17010,20251202,569,6,80.6,1
17011,20230314,175,5,92.6,1
17012,20240415,407,2,83.1,1
17013,20250913,540,4,87.9,1
17014,20240512,657,1,96.3,1
17015,20240120,239,9,95.0,1
17016,20260130,118,10,90.7,1
17017,20231003,285,2,90.4,1
17018,20230121,708,7,85.1,1
17019,20250829,357,5,96.7,1
17020,20250228,629,10,69.2,1
17021,20240320,167,3,94.4,1
17022,20260325,187,3,97.5,1
17023,20240716,100,10,85.1,1
17024,20251020,734,4,93.6,1
17025,20260504,423,8,80.9,1
17026,20260126,208,9,98.3,1
17027,20240205,521,6,90.1,1
17028,20230405,696,2,88.1,1
17029,20230523,1,3,68.9,1
17030,20230408,652,5,78.2,1
17031,20240808,361,10,84.7,1
17032,20250418,627,7,98.3,1
17033,20250519,506,4,93.9,1
17034,20241127,783,8,91.9,1
17035,20230513,668,8,91.8,1
17036,20250930,726,9,98.5,1
17037,20240803,606,9,88.6,1
17038,20260331,512,1,92.8,1
17039,20250420,6,8,90.1,1
17040,20250414,490,8,91.4,1
17041,20240729,139,1,70.3,1
17042,20250408,481,5,97.4,1
17043,20250820,317,8,94.0,1
17044,20240219,176,10,91.1,1
17045,20231212,477,1,78.0,1
17046,20240419,564,3,90.1,1
17047,20250804,684,5,78.7,1
17048,20260201,350,8,97.3,1
17049,20250621,392,3,91.6,1
17050,20250920,555,2,78.6,1
17051,20250301,79,5,78.7,1
17052,20251126,161,3,97.6,1
17053,20240722,416,10,87.4,1
17054,20230830,13,2,89.5,1
17055,20241031,408,9,76.4,1
17056,20240513,782,8,69.9,1
17057,20230321,243,2,93.5,1
17058,20230317,139,7,96.7,1
17059,20250507,601,1,90.6,1
17060,20241230,254,10,90.0,1
17061,20240501,350,2,68.2,1
17062,20250512,69,10,59.2,1
17063,20240121,384,1,73.1,1
17064,20230426,421,9,98.6,1
17065,20251001,698,9,91.6,1
17066,20230607,124,4,98.6,1
17067,20250607,407,10,95.0,1
17068,20230913,363,4,77.2,1
17069,20260622,384,7,98.4,1
17070,20230305,524,2,89.9,1
17071,20230629,203,8,90.1,1
17072,20241019,197,8,97.4,1
17073,20231028,463,9,69.3,1
17074,20260502,107,6,99.7,1
17075,20230818,182,2,79.7,1
17076,20240212,614,2,86.3,1
17077,20230527,772,2,90.4,1
17078,20240402,173,10,83.9,1
17079,20241020,106,1,96.7,1
17080,20241025,365,5,88.0,1
17081,20240207,698,7,83.2,1
17082,20240425,589,10,82.9,1
17083,20231223,380,4,93.9,1
17084,20260405,46,7,83.0,1
17085,20230401,138,6,91.6,1
17086,20240606,526,5,85.9,1
17087,20260615,507,7,98.8,1
17088,20230219,742,10,89.7,1
17089,20230802,612,5,90.6,1
17090,20231005,340,2,92.1,1
17091,20250802,574,4,96.6,1
17092,20250809,441,4,88.4,1
17093,20260201,416,9,93.4,1
17094,20241108,690,2,78.4,1
17095,20230120,502,6,98.5,1
17096,20231023,684,6,98.1,1
17097,20230912,434,2,95.3,1
17098,20251215,550,6,82.8,1
17099,20260607,536,3,92.6,1
17100,20241218,384,5,95.5,1
17101,20240919,202,10,88.9,1
17102,20231217,399,9,94.6,1
17103,20251227,318,5,99.1,1
17104,20240110,83,4,90.7,1
17105,20250729,138,9,87.2,1
17106,20251217,234,4,98.6,1
17107,20230802,491,10,83.1,1
17108,20240822,543,2,72.9,1
17109,20230608,317,7,93.5,1
17110,20230320,321,1,93.8,1
17111,20240620,549,10,98.2,1
17112,20250127,190,7,78.5,1
17113,20241111,314,8,87.5,1
17114,20240901,341,5,98.0,1
17115,20251103,637,6,95.8,1
17116,20251016,545,7,99.8,1
17117,20250310,279,5,89.4,1
17118,20251006,280,3,99.7,1
17119,20240114,292,8,76.1,1
17120,20230824,793,2,94.7,1
17121,20230220,497,9,84.7,1
17122,20250302,384,6,88.6,1
17123,20231001,257,5,96.2,1
17124,20230807,172,9,68.9,1
17125,20250220,91,5,98.9,1
17126,20230920,732,1,89.0,1
17127,20251015,353,8,90.7,1
17128,20260112,264,6,97.1,1
17129,20231114,11,10,77.7,1
17130,20240110,495,3,96.2,1
17131,20240828,607,5,84.1,1
17132,20241010,85,9,92.6,1
17133,20251029,462,2,96.0,1
17134,20240504,763,1,90.7,1
17135,20251105,729,4,98.1,1
17136,20230713,274,2,83.0,1
17137,20240804,227,7,87.4,1
17138,20240112,285,9,97.5,1
17139,20240920,61,4,92.3,1
17140,20240404,328,8,97.7,1
17141,20250226,539,1,69.4,1
17142,20230727,141,2,71.6,1
17143,20260613,189,2,93.7,1
17144,20240614,169,4,92.0,1
17145,20260515,268,2,88.8,1
17146,20231217,753,4,74.9,1
17147,20250328,131,6,95.2,1
17148,20241221,163,6,52.6,1
17149,20250925,405,1,83.7,1
17150,20240826,683,10,68.5,1
17151,20230727,655,6,83.5,1
17152,20260522,57,1,96.7,1
17153,20240610,459,4,72.8,1
17154,20250323,228,1,97.7,1
17155,20231205,246,2,78.9,1
17156,20240402,254,3,97.5,1
17157,20230120,280,8,74.9,1
17158,20240430,673,10,97.7,1
17159,20250920,233,3,94.6,1
17160,20260409,208,4,79.5,1
17161,20250131,325,5,96.1,1
17162,20230828,255,9,95.3,1
17163,20250706,63,5,89.8,1
17164,20250415,633,5,92.0,1
17165,20240124,545,3,94.1,1
17166,20230102,675,5,92.4,1
17167,20251222,449,2,85.2,1
17168,20230419,75,3,88.9,1
17169,20241007,477,6,96.0,1
17170,20240713,613,7,82.0,1
17171,20241116,256,7,89.5,1
17172,20230519,518,10,96.1,1
17173,20230829,716,5,64.5,1
17174,20230831,45,4,77.7,1
17175,20241023,610,4,82.0,1
17176,20250608,624,2,56.3,1
17177,20250306,363,10,92.4,1
17178,20240504,732,8,95.9,1
17179,20240316,315,4,92.0,1
17180,20250914,379,3,99.6,1
17181,20250311,235,1,95.9,1
17182,20240202,279,1,83.6,1
17183,20230303,91,3,75.4,1
17184,20250916,553,9,96.1,1
17185,20230926,672,1,79.1,1
17186,20231120,597,10,80.5,1
17187,20231015,378,4,98.4,1
17188,20240523,405,1,97.6,1
17189,20251201,754,6,99.4,1
17190,20231125,399,9,90.3,1
17191,20230325,104,5,88.9,1
17192,20240717,71,10,54.0,1
17193,20240803,216,7,55.6,1
17194,20250226,147,7,96.0,1
17195,20240816,346,1,87.5,1
17196,20260115,354,6,98.7,1
17197,20230702,533,6,97.5,1
17198,20230831,290,3,93.1,1
17199,20240506,669,4,76.0,1
17200,20260622,647,3,79.4,1
17201,20240308,24,8,98.3,1
17202,20240116,244,1,92.9,1
17203,20241219,339,4,87.4,1
17204,20230628,268,10,74.4,1
17205,20250406,618,1,80.7,1
17206,20250306,350,1,94.4,1
17207,20240405,410,5,96.1,1
17208,20240822,84,7,91.4,1
17209,20251102,314,7,87.8,1
17210,20250417,223,4,56.1,1
17211,20251129,644,5,82.7,1
17212,20240922,360,9,80.9,1
17213,20241110,551,10,68.8,1
17214,20250813,264,5,89.2,1
17215,20230529,716,8,54.9,1
17216,20251207,550,3,95.0,1
17217,20240214,660,1,76.2,1
17218,20251111,504,10,90.4,1
17219,20240703,450,8,93.2,1
17220,20241102,665,1,98.6,1
17221,20250206,191,8,71.0,1
17222,20250603,150,5,66.2,1
17223,20240305,672,3,81.5,1
17224,20240328,104,7,92.1,1
17225,20250630,786,9,92.4,1
17226,20240427,561,10,89.9,1
17227,20230920,312,6,91.8,1
17228,20240125,285,7,92.5,1
17229,20250806,417,2,98.0,1
17230,20240103,355,7,93.6,1
17231,20260115,116,2,76.7,1
17232,20260322,212,1,69.8,1
17233,20230509,512,10,97.8,1
17234,20240616,79,2,97.1,1
17235,20240821,524,4,93.4,1
17236,20240319,436,2,83.6,1
17237,20250324,767,3,85.3,1
17238,20250109,372,3,82.3,1
17239,20240703,363,9,98.7,1
17240,20250725,707,1,92.0,1
17241,20250726,296,6,95.3,1
17242,20241229,769,4,93.9,1
17243,20240813,145,10,90.1,1
17244,20240218,148,9,89.3,1
17245,20250703,615,6,64.6,1
17246,20241122,618,7,78.5,1
17247,20230405,798,9,97.9,1
17248,20230310,484,3,86.2,1
17249,20240530,771,5,98.2,1
17250,20230817,289,2,91.8,1
17251,20260324,313,8,96.4,1
17252,20240511,103,6,68.7,1
17253,20240121,669,2,96.5,1
17254,20250509,33,1,86.8,1
17255,20230414,456,9,95.8,1
17256,20241104,147,4,91.6,1
17257,20240129,702,9,94.8,1
17258,20240119,304,2,90.9,1
17259,20241124,103,7,91.4,1
17260,20260217,651,4,84.0,1
17261,20230925,271,3,78.2,1
17262,20231105,735,8,62.6,1
17263,20231215,222,2,95.8,1
17264,20230609,135,8,88.2,1
17265,20231120,180,4,86.3,1
17266,20231216,332,10,96.4,1
17267,20260530,386,3,95.4,1
17268,20240623,670,10,99.6,1
17269,20250601,479,9,95.2,1
17270,20231115,31,10,96.9,1
17271,20240111,441,2,98.4,1
17272,20260206,109,2,90.4,1
17273,20260124,324,5,96.0,1
17274,20230512,399,6,74.9,1
17275,20240628,81,6,76.9,1
17276,20250106,293,7,93.8,1
17277,20230608,691,4,96.5,1
17278,20260318,381,3,92.9,1
17279,20240531,611,6,93.9,1
17280,20241218,290,6,85.5,1
17281,20230126,725,5,98.1,1
17282,20230624,506,4,72.5,1
17283,20240222,524,6,90.4,1
17284,20230322,37,8,88.2,1
17285,20250115,725,4,84.7,1
17286,20240331,187,10,79.7,1
17287,20250918,770,2,89.8,1
17288,20250927,720,1,97.6,1
17289,20250824,645,2,99.4,1
17290,20230602,361,7,81.7,1
17291,20230622,85,6,99.0,1
17292,20240830,648,8,77.9,1
17293,20250121,89,3,76.4,1
17294,20260605,190,4,93.9,1
17295,20240723,102,3,90.5,1
17296,20230419,285,5,98.2,1
17297,20230925,686,6,71.6,1
17298,20230622,324,5,88.7,1
17299,20240731,13,6,93.8,1
17300,20260630,58,1,94.1,1
17301,20251115,769,9,77.4,1
17302,20230224,271,6,99.1,1
17303,20240711,60,7,95.9,1
17304,20250103,407,1,93.5,1
17305,20230924,227,10,99.8,1
17306,20230511,284,10,99.3,1
17307,20260309,219,1,85.1,1
17308,20241124,553,5,83.9,1
17309,20251124,520,10,95.8,1
17310,20241201,43,7,95.7,1
17311,20260626,710,4,92.4,1
17312,20240920,350,8,87.8,1
17313,20250822,117,1,92.5,1
17314,20251104,58,2,67.4,1
17315,20230612,191,5,98.6,1
17316,20240225,437,7,84.1,1
17317,20240525,613,2,97.5,1
17318,20250112,633,4,85.6,1
17319,20250923,33,5,86.9,1
17320,20260406,361,4,85.4,1
17321,20240201,231,10,86.4,1
17322,20250917,107,2,88.3,1
17323,20240523,477,2,93.2,1
17324,20230615,320,7,70.6,1
17325,20260107,109,7,77.9,1
17326,20240124,7,7,94.6,1
17327,20230829,649,6,84.0,1
17328,20231102,262,7,96.4,1
17329,20250703,287,9,83.9,1
17330,20240625,46,5,79.6,1
17331,20230211,436,1,83.7,1
17332,20240922,325,1,94.4,1
17333,20241004,161,3,75.8,1
17334,20250619,207,1,88.6,1
17335,20241129,735,8,85.7,1
17336,20230521,572,9,91.9,1
17337,20250509,166,3,79.2,1
17338,20240204,83,3,94.5,1
17339,20230414,419,10,98.8,1
17340,20250518,223,6,89.3,1
17341,20240719,141,5,90.0,1
17342,20241212,387,5,98.8,1
17343,20241103,597,7,100.0,1
17344,20260103,60,1,98.1,1
17345,20240726,308,6,93.3,1
17346,20230919,352,2,91.6,1
17347,20240906,237,1,83.2,1
17348,20251024,8,2,79.5,1
17349,20260514,453,5,68.1,1
17350,20230304,775,8,99.2,1
17351,20260518,134,4,73.4,1
17352,20240809,593,2,79.5,1
17353,20240618,557,10,90.0,1
17354,20250209,37,10,53.2,1
17355,20240420,702,6,88.4,1
17356,20231228,798,3,98.6,1
17357,20250928,106,3,95.4,1
17358,20230923,162,8,96.7,1
17359,20260326,417,2,94.2,1
17360,20260618,731,10,96.0,1
17361,20231011,311,10,98.0,1
17362,20240427,30,5,99.0,1
17363,20260212,619,7,87.3,1
17364,20240702,782,1,88.7,1
17365,20250906,121,7,98.2,1
17366,20230529,575,9,94.3,1
17367,20240701,639,1,88.2,1
17368,20250222,293,2,76.1,1
17369,20250117,686,7,79.4,1
17370,20240201,339,8,90.3,1
17371,20251028,231,6,81.1,1
17372,20230903,222,10,70.2,1
17373,20250116,80,2,88.2,1
17374,20240506,8,2,82.9,1
17375,20230924,552,1,98.4,1
17376,20230309,715,8,80.8,1
17377,20260227,629,8,97.2,1
17378,20240316,313,9,81.4,1
17379,20230531,518,2,94.1,1
17380,20230505,270,7,60.0,1
17381,20251027,520,5,90.3,1
17382,20230726,378,10,92.8,1
17383,20240317,581,10,84.7,1
17384,20250511,167,10,72.8,1
17385,20230809,538,10,84.3,1
17386,20250612,543,10,95.2,1
17387,20240923,731,9,97.4,1
17388,20230110,697,7,88.9,1
17389,20230623,593,3,80.0,1
17390,20250609,575,10,94.1,1
17391,20251117,756,8,99.0,1
17392,20241217,590,5,99.1,1
17393,20240522,62,10,93.7,1
17394,20240818,112,4,95.3,1
17395,20231021,329,1,78.9,1
17396,20230805,433,10,84.2,1
17397,20230602,213,7,93.5,1
17398,20260302,288,4,76.2,1
17399,20250206,799,5,62.6,1
17400,20240309,754,1,87.2,1
17401,20240306,789,3,97.0,1
17402,20240925,537,7,99.5,1
17403,20240609,34,1,87.1,1
17404,20260128,377,8,95.8,1
17405,20241009,199,5,90.9,1
17406,20260507,479,1,95.4,1
17407,20241024,741,7,82.7,1
17408,20240221,440,3,93.6,1
17409,20240908,133,4,95.3,1
17410,20240828,651,3,85.9,1
17411,20260621,51,9,85.3,1
17412,20240221,252,8,89.8,1
17413,20260506,351,10,63.0,1
17414,20250128,438,6,94.6,1
17415,20241204,48,5,94.1,1
17416,20250510,66,9,79.0,1
17417,20241205,537,4,94.5,1
17418,20240211,66,6,87.3,1
17419,20241212,575,6,93.3,1
17420,20241211,691,4,97.6,1
17421,20240329,746,8,75.4,1
17422,20250729,508,5,91.6,1
17423,20240519,484,1,98.9,1
17424,20240905,153,5,71.9,1
17425,20230518,97,10,97.7,1
17426,20240822,132,1,99.1,1
17427,20240212,203,3,93.6,1
17428,20230512,35,2,85.2,1
17429,20240624,253,5,92.0,1
17430,20240625,340,1,89.0,1
17431,20240910,725,5,95.9,1
17432,20241023,450,4,97.7,1
17433,20240830,492,7,93.1,1
17434,20250411,530,7,80.5,1
17435,20240119,694,9,92.9,1
17436,20241007,509,9,66.6,1
17437,20240827,397,9,96.6,1
17438,20250714,663,8,88.7,1
17439,20250611,649,6,92.2,1
17440,20251227,91,2,96.3,1
17441,20240217,669,5,87.0,1
17442,20260311,293,10,91.1,1
17443,20260501,109,1,86.3,1
17444,20240428,254,7,87.1,1
17445,20250112,498,2,92.3,1
17446,20230228,613,1,97.2,1
17447,20230914,83,8,97.8,1
17448,20240625,43,9,70.5,1
17449,20230329,30,2,98.8,1
17450,20231221,184,9,95.7,1
17451,20250215,691,1,99.0,1
17452,20250502,758,8,96.6,1
17453,20260303,711,10,91.1,1
17454,20251128,178,9,95.9,1
17455,20230410,479,1,90.7,1
17456,20240907,10,7,83.2,1
17457,20251214,169,3,82.6,1
17458,20230224,83,9,80.4,1
17459,20260206,770,3,92.2,1
17460,20240327,503,1,99.7,1
17461,20240919,377,2,94.3,1
17462,20250119,309,1,91.4,1
17463,20230822,578,3,95.9,1
17464,20250801,800,5,97.9,1
17465,20240325,103,2,84.9,1
17466,20231125,340,10,97.9,1
17467,20260208,334,8,98.6,1
17468,20230223,453,5,94.5,1
17469,20251213,243,3,75.3,1
17470,20230630,93,5,98.1,1
17471,20250815,326,9,91.4,1
17472,20241225,464,5,91.0,1
17473,20240511,76,3,74.3,1
17474,20240310,713,6,94.5,1
17475,20250918,739,7,95.4,1
17476,20240419,526,7,95.4,1
17477,20231030,533,10,96.3,1
17478,20230506,384,3,89.3,1
17479,20230927,419,3,78.6,1
17480,20251214,403,7,72.0,1
17481,20240123,666,9,76.8,1
17482,20250812,134,8,79.0,1
17483,20231114,385,1,73.5,1
17484,20240712,95,5,81.5,1
17485,20251118,771,6,92.8,1
17486,20241024,98,8,83.6,1
17487,20250805,471,10,99.2,1
17488,20260101,435,1,80.8,1
17489,20250123,150,3,91.3,1
17490,20250612,757,8,98.4,1
17491,20240106,90,5,82.3,1
17492,20240921,571,6,83.8,1
17493,20230520,338,9,97.1,1
17494,20240126,124,4,50.1,1
17495,20260515,204,7,81.0,1
17496,20250830,449,8,80.4,1
17497,20230927,774,3,93.0,1
17498,20260211,313,4,92.4,1
17499,20250525,334,10,96.2,1
17500,20251124,284,9,98.2,1
17501,20230305,710,6,93.6,1
17502,20250816,454,5,64.8,1
17503,20250420,150,9,96.5,1
17504,20260209,443,2,91.0,1
17505,20240114,784,5,77.8,1
17506,20230521,153,9,85.0,1
17507,20251011,153,1,97.6,1
17508,20251019,456,5,88.5,1
17509,20250819,170,1,74.9,1
17510,20240529,425,2,92.3,1
17511,20260607,263,8,59.1,1
17512,20250929,15,2,76.1,1
17513,20251013,669,8,85.6,1
17514,20260123,685,3,76.8,1
17515,20240210,378,9,73.8,1
17516,20250814,328,4,74.5,1
17517,20260627,477,8,90.3,1
17518,20231125,44,3,90.8,1
17519,20260515,34,1,77.7,1
17520,20251102,180,10,87.7,1
17521,20241219,675,6,50.7,1
17522,20240825,400,6,85.1,1
17523,20260608,379,7,98.0,1
17524,20260227,340,4,85.8,1
17525,20230102,180,3,95.4,1
17526,20240728,468,10,97.6,1
17527,20250611,270,4,89.1,1
17528,20240913,247,8,98.8,1
17529,20230909,383,8,96.9,1
17530,20240305,559,9,82.7,1
17531,20240717,384,4,86.8,1
17532,20240517,618,6,83.9,1
17533,20240704,458,3,95.8,1
17534,20250826,162,9,80.4,1
17535,20230218,627,9,82.6,1
17536,20250524,608,7,88.9,1
17537,20250129,129,3,98.4,1
17538,20230225,780,5,91.1,1
17539,20240509,621,4,88.3,1
17540,20250613,573,6,81.5,1
17541,20260510,489,4,84.4,1
17542,20260227,653,5,97.3,1
17543,20241125,500,9,96.8,1
17544,20230307,400,10,79.8,1
17545,20230620,580,2,87.9,1
17546,20251205,340,1,97.1,1
17547,20230312,666,5,93.6,1
17548,20230426,625,6,96.5,1
17549,20231025,352,9,96.6,1
17550,20231112,209,10,87.5,1
17551,20241127,432,8,73.7,1
17552,20231222,191,8,97.3,1
17553,20240526,630,2,90.5,1
17554,20230315,402,7,82.6,1
17555,20250421,143,8,98.9,1
17556,20230811,10,6,99.8,1
17557,20260620,414,7,88.5,1
17558,20240530,85,8,91.0,1
17559,20260227,63,4,92.0,1
17560,20260102,719,10,93.5,1
17561,20260108,20,2,88.0,1
17562,20230222,410,9,87.4,1
17563,20240101,195,8,90.2,1
17564,20230524,606,10,82.9,1
17565,20250413,79,7,88.2,1
17566,20250725,288,3,86.4,1
17567,20260408,545,4,77.9,1
17568,20250824,743,10,96.7,1
17569,20230325,672,9,89.6,1
17570,20260523,303,6,95.2,1
17571,20230620,418,3,85.5,1
17572,20260323,653,3,99.5,1
17573,20260615,92,1,86.0,1
17574,20241113,437,3,96.7,1
17575,20240326,21,7,86.8,1
17576,20250715,277,3,84.8,1
17577,20240504,499,10,95.2,1
17578,20250327,771,7,76.8,1
17579,20230304,383,8,87.0,1
17580,20240315,137,4,99.9,1
17581,20240718,751,5,97.0,1
17582,20251103,383,4,91.4,1
17583,20250523,290,6,82.2,1
17584,20250520,627,6,68.3,1
17585,20250511,713,2,90.0,1
17586,20260527,420,2,93.1,1
17587,20230831,437,9,87.0,1
17588,20240831,212,8,90.1,1
17589,20241210,325,3,94.2,1
17590,20260303,270,3,98.7,1
17591,20250511,413,6,93.5,1
17592,20250602,331,3,85.7,1
17593,20231226,15,4,96.7,1
17594,20250625,188,7,67.6,1
17595,20230625,732,8,88.2,1
17596,20240413,267,5,89.7,1
17597,20231031,325,6,92.1,1
17598,20240902,525,2,99.8,1
17599,20240324,449,6,93.8,1
17600,20260617,9,2,69.3,1
17601,20241120,305,7,99.7,1
17602,20260113,445,5,94.1,1
17603,20260115,382,3,92.5,1
17604,20230629,255,6,88.6,1
17605,20260619,545,1,95.0,1
17606,20250424,333,8,90.0,1
17607,20231109,435,10,98.4,1
17608,20231113,262,7,81.4,1
17609,20260516,462,1,89.5,1
17610,20241225,58,4,88.0,1
17611,20251117,291,10,84.5,1
17612,20240605,186,6,34.6,1
17613,20260222,58,8,89.5,1
17614,20230708,695,4,69.4,1
17615,20260610,67,4,87.6,1
17616,20250822,418,4,89.6,1
17617,20230901,600,7,98.8,1
17618,20241115,519,5,78.8,1
17619,20230811,42,7,71.7,1
17620,20241204,296,7,94.4,1
17621,20250811,13,10,97.6,1
17622,20240806,607,6,93.3,1
17623,20250811,291,3,67.5,1
17624,20230122,208,8,98.0,1
17625,20240512,507,6,93.0,1
17626,20230215,385,4,94.2,1
17627,20240919,323,2,78.1,1
17628,20260210,418,10,94.8,1
17629,20230817,695,8,98.3,1
17630,20230703,378,2,76.7,1
17631,20250819,319,9,72.4,1
17632,20230328,735,5,82.1,1
17633,20251222,487,2,81.8,1
17634,20240218,556,5,98.5,1
17635,20240514,355,5,96.7,1
17636,20250802,615,10,93.1,1
17637,20230504,293,3,93.9,1
17638,20250310,320,5,88.3,1
17639,20230319,91,2,98.2,1
17640,20250418,690,2,78.4,1
17641,20230221,731,10,96.0,1
17642,20230524,407,2,94.0,1
17643,20241211,538,9,95.7,1
17644,20230801,345,3,93.1,1
17645,20250122,255,10,76.5,1
17646,20250419,477,6,96.9,1
17647,20231018,782,7,88.8,1
17648,20240829,61,5,85.3,1
17649,20230607,133,4,89.5,1
17650,20230710,487,9,97.3,1
17651,20260410,379,1,91.8,1
17652,20251010,462,1,95.3,1
17653,20241120,148,6,98.2,1
17654,20241015,121,1,94.9,1
17655,20251030,185,6,97.0,1
17656,20240927,657,3,97.1,1
17657,20250416,701,7,84.1,1
17658,20230111,444,1,91.3,1
17659,20250326,490,4,80.9,1
17660,20250116,254,4,89.0,1
17661,20240411,447,8,88.3,1
17662,20230421,300,1,94.8,1
17663,20230331,67,6,88.2,1
17664,20230420,269,4,96.5,1
17665,20240821,6,7,88.0,1
17666,20230916,784,4,85.5,1
17667,20230709,281,8,91.9,1
17668,20240322,608,10,98.5,1
17669,20241125,558,7,86.3,1
17670,20240215,468,2,87.1,1
17671,20230916,659,4,83.7,1
17672,20240203,198,1,99.2,1
17673,20230618,735,2,75.0,1
17674,20250727,29,9,84.4,1
17675,20230918,439,9,82.2,1
17676,20231027,745,4,72.1,1
17677,20230328,12,2,96.8,1
17678,20241102,375,3,91.8,1
17679,20260401,440,6,97.3,1
17680,20260204,162,7,96.2,1
17681,20250910,666,3,85.1,1
17682,20250823,619,4,43.8,1
17683,20250915,577,8,91.3,1
17684,20230309,264,7,81.2,1
17685,20250314,53,10,92.5,1
17686,20240412,430,3,87.1,1
17687,20240114,162,8,92.7,1
17688,20241220,714,2,90.9,1
17689,20230713,749,5,95.3,1
17690,20231228,31,10,94.0,1
17691,20250407,625,9,88.2,1
17692,20240906,234,3,71.4,1
17693,20250309,245,9,99.0,1
17694,20240626,350,7,90.6,1
17695,20250403,768,4,98.7,1
17696,20240510,52,6,48.0,1
17697,20230712,321,9,95.1,1
17698,20250517,534,9,74.9,1
17699,20240304,659,3,99.7,1
17700,20241127,646,9,95.3,1
17701,20230331,552,3,62.1,1
17702,20260608,769,4,66.4,1
17703,20240805,663,1,90.4,1
17704,20260308,207,6,78.3,1
17705,20240314,642,1,96.2,1
17706,20251229,785,6,91.6,1
17707,20240626,678,2,89.8,1
17708,20240506,1,1,86.9,1
17709,20230925,557,5,94.1,1
17710,20230131,621,1,80.2,1
17711,20230824,176,7,64.7,1
17712,20250217,82,3,96.3,1
17713,20260126,514,9,97.7,1
17714,20230911,271,5,90.6,1
17715,20260124,650,8,80.1,1
17716,20230303,147,2,92.8,1
17717,20250226,353,5,93.1,1
17718,20230524,327,3,86.6,1
17719,20230305,355,5,81.2,1
17720,20251117,347,10,80.6,1
17721,20251026,350,9,99.4,1
17722,20241229,640,6,92.3,1
17723,20240124,317,4,81.3,1
17724,20230419,339,5,95.4,1
17725,20241225,122,4,93.5,1
17726,20230325,574,1,94.2,1
17727,20240405,550,9,99.7,1
17728,20231218,170,7,92.1,1
17729,20230911,673,7,81.8,1
17730,20240525,303,7,90.6,1
17731,20260428,286,5,92.1,1
17732,20250603,251,8,94.1,1
17733,20230203,24,10,87.3,1
17734,20260609,740,8,88.3,1
17735,20231125,569,7,97.7,1
17736,20250723,57,5,83.5,1
17737,20250319,708,8,88.0,1
17738,20230620,111,3,97.6,1
17739,20260225,611,8,90.8,1
17740,20250325,303,9,91.0,1
17741,20250929,434,10,82.6,1
17742,20231004,275,5,94.6,1
17743,20230924,439,10,72.9,1
17744,20250424,549,1,74.3,1
17745,20230622,232,1,97.7,1
17746,20230822,546,4,91.7,1
17747,20250716,374,4,94.6,1
17748,20250522,474,10,79.9,1
17749,20230923,555,2,91.1,1
17750,20231202,608,5,86.5,1
17751,20250428,81,6,77.1,1
17752,20240908,504,2,97.0,1
17753,20240311,656,9,71.4,1
17754,20250302,396,6,95.5,1
17755,20230522,317,6,53.9,1
17756,20230123,376,2,82.5,1
17757,20240226,366,6,85.7,1
17758,20260219,449,5,82.6,1
17759,20231019,792,10,92.6,1
17760,20231109,628,5,88.0,1
17761,20250501,554,2,89.8,1
17762,20230616,68,10,92.4,1
17763,20250210,685,3,90.8,1
17764,20250506,436,2,98.5,1
17765,20260314,325,5,79.7,1
17766,20230401,487,5,95.6,1
17767,20250824,398,9,70.3,1
17768,20250501,494,7,95.4,1
17769,20240624,333,1,83.1,1
17770,20241026,167,8,69.3,1
17771,20250512,696,9,94.9,1
17772,20230330,400,9,93.8,1
17773,20230825,581,3,73.5,1
17774,20240508,12,2,84.9,1
17775,20250925,100,6,86.3,1
17776,20240214,545,6,89.1,1
17777,20250430,433,3,90.6,1
17778,20230423,224,4,86.6,1
17779,20230122,213,2,95.1,1
17780,20230925,45,6,84.3,1
17781,20230925,334,5,89.5,1
17782,20250331,518,1,98.8,1
17783,20251022,513,9,88.2,1
17784,20240428,185,8,97.5,1
17785,20230130,409,1,85.7,1
17786,20250808,276,8,98.8,1
17787,20250714,292,6,93.7,1
17788,20230228,597,4,91.5,1
17789,20230221,280,8,88.3,1
17790,20240112,85,5,97.4,1
17791,20230316,177,1,78.4,1
17792,20260130,527,10,95.7,1
17793,20251020,99,9,85.6,1
17794,20260224,414,5,96.1,1
17795,20240822,178,8,88.2,1
17796,20260527,239,4,98.8,1
17797,20240616,128,9,87.9,1
17798,20241211,377,1,85.9,1
17799,20230417,316,3,83.6,1
17800,20240103,21,2,95.0,1
17801,20240609,604,2,90.7,1
17802,20230829,180,3,96.9,1
17803,20240531,555,9,86.6,1
17804,20250511,368,1,59.1,1
17805,20260615,361,3,85.4,1
17806,20250525,566,5,99.4,1
17807,20240727,443,6,90.4,1
17808,20240203,463,8,80.5,1
17809,20240113,393,8,94.6,1
17810,20230104,668,4,59.3,1
17811,20260307,180,10,95.4,1
17812,20231022,49,4,90.9,1
17813,20240720,332,2,99.9,1
17814,20251023,320,6,96.4,1
17815,20230610,68,10,93.1,1
17816,20251112,189,6,77.4,1
17817,20240115,97,1,97.9,1
17818,20250321,235,7,96.4,1
17819,20231025,54,4,93.6,1
17820,20250818,50,2,76.7,1
17821,20230714,141,7,90.6,1
17822,20240212,113,1,89.2,1
17823,20250818,131,9,87.6,1
17824,20230829,328,6,93.0,1
17825,20251106,721,2,82.7,1
17826,20241228,313,7,78.0,1
17827,20240304,526,10,90.9,1
17828,20230713,206,10,87.4,1
17829,20260604,426,10,97.3,1
17830,20260404,538,1,85.1,1
17831,20250515,396,8,85.4,1
17832,20250415,714,7,93.9,1
17833,20230726,253,8,69.2,1
17834,20250412,85,8,91.7,1
17835,20251115,416,3,98.8,1
17836,20230610,56,1,67.1,1
17837,20260625,195,5,80.5,1
17838,20231005,16,10,87.2,1
17839,20240723,309,8,97.5,1
17840,20230725,239,7,88.3,1
17841,20250810,361,2,69.3,1
17842,20260515,379,4,88.6,1
17843,20231202,153,6,98.0,1
17844,20240115,274,1,97.8,1
17845,20260613,412,4,57.5,1
17846,20231114,287,8,96.6,1
17847,20240920,154,7,96.5,1
17848,20240623,672,6,91.6,1
17849,20241024,745,9,96.3,1
17850,20250914,267,6,92.9,1
17851,20250421,523,9,72.9,1
17852,20250425,76,5,99.3,1
17853,20231002,440,10,85.6,1
17854,20230201,52,5,98.5,1
17855,20240413,53,7,97.6,1
17856,20240904,462,2,87.6,1
17857,20230523,738,3,96.1,1
17858,20240804,600,10,85.6,1
17859,20241113,445,2,91.2,1
17860,20250915,552,2,99.1,1
17861,20250716,606,3,99.6,1
17862,20240411,677,3,75.1,1
17863,20231125,276,10,79.3,1
17864,20250121,437,7,90.4,1
17865,20251122,381,4,94.2,1
17866,20241022,419,1,92.6,1
17867,20241126,279,3,89.8,1
17868,20231217,359,10,92.7,1
17869,20241216,248,3,93.8,1
17870,20250315,246,9,80.3,1
17871,20260130,5,9,96.5,1
17872,20251227,369,4,75.9,1
17873,20251228,291,3,94.3,1
17874,20230122,309,8,89.5,1
17875,20251217,177,8,93.9,1
17876,20250808,228,7,97.7,1
17877,20230518,386,9,67.4,1
17878,20250410,526,10,95.9,1
17879,20230707,396,5,69.7,1
17880,20231222,2,8,98.8,1
17881,20240202,731,7,59.5,1
17882,20250818,631,8,82.0,1
17883,20240720,591,7,81.4,1
17884,20240701,193,5,87.3,1
17885,20251105,564,8,89.5,1
17886,20250805,672,5,86.4,1
17887,20260221,623,5,97.3,1
17888,20251019,383,3,93.5,1
17889,20240805,542,9,81.2,1
17890,20230120,275,8,99.6,1
17891,20241112,247,7,99.0,1
17892,20240810,52,1,91.2,1
17893,20230505,113,2,58.1,1
17894,20240316,94,6,87.9,1
17895,20250728,696,6,83.1,1
17896,20240806,53,8,86.9,1
17897,20250601,561,7,98.6,1
17898,20240601,379,1,79.5,1
17899,20230120,174,8,99.0,1
17900,20250518,23,9,87.9,1
17901,20230821,389,9,89.1,1
17902,20241221,777,3,93.2,1
17903,20250921,391,9,96.6,1
17904,20260630,255,4,85.5,1
17905,20251113,413,3,97.2,1
17906,20241115,479,1,86.1,1
17907,20250322,566,4,92.0,1
17908,20240120,623,7,82.4,1
17909,20251220,753,10,77.6,1
17910,20240216,659,2,83.8,1
17911,20250409,754,10,98.2,1
17912,20250612,214,10,92.4,1
17913,20250322,196,2,85.2,1
17914,20250901,9,9,97.9,1
17915,20230807,556,4,52.7,1
17916,20251122,100,8,81.4,1
17917,20241003,587,3,98.3,1
17918,20260411,753,7,96.8,1
17919,20250927,775,4,92.7,1
17920,20250313,559,7,57.6,1
17921,20250813,33,9,82.1,1
17922,20240129,571,1,94.9,1
17923,20250410,608,10,97.1,1
17924,20230306,354,6,94.8,1
17925,20240627,729,1,88.4,1
17926,20251207,753,1,96.1,1
17927,20230810,40,4,94.5,1
17928,20240310,292,6,75.8,1
17929,20240604,133,1,75.8,1
17930,20260113,408,8,99.2,1
17931,20230912,216,9,94.5,1
17932,20250708,283,10,99.5,1
17933,20230807,716,2,83.7,1
17934,20240828,743,9,93.3,1
17935,20251027,376,3,74.2,1
17936,20230719,762,8,95.5,1
17937,20250926,356,3,95.2,1
17938,20230523,770,8,93.3,1
17939,20250209,249,9,98.2,1
17940,20240920,115,2,84.2,1
17941,20250815,511,8,86.1,1
17942,20240312,421,1,95.2,1
17943,20250811,637,9,92.8,1
17944,20240304,635,9,87.2,1
17945,20250909,174,9,81.1,1
17946,20240126,131,7,99.9,1
17947,20251018,243,1,97.1,1
17948,20251227,177,2,84.9,1
17949,20240317,390,10,95.1,1
17950,20250608,166,10,93.7,1
17951,20240615,143,2,97.9,1
17952,20230612,546,1,95.2,1
17953,20250818,640,9,94.9,1
17954,20240315,41,1,84.0,1
17955,20251012,664,4,91.5,1
17956,20240217,646,6,84.4,1
17957,20240214,106,5,90.1,1
17958,20231221,494,2,97.6,1
17959,20240415,634,3,91.1,1
17960,20250925,196,8,71.9,1
17961,20230519,791,3,95.6,1
17962,20240223,164,6,95.8,1
17963,20230708,411,5,91.5,1
17964,20240409,424,7,98.2,1
17965,20250825,748,4,82.4,1
17966,20230429,717,4,86.9,1
17967,20231128,683,1,94.1,1
17968,20241113,531,8,98.9,1
17969,20230302,19,2,98.8,1
17970,20250731,8,10,81.8,1
17971,20240512,761,3,97.3,1
17972,20250203,161,9,98.3,1
17973,20260620,224,1,82.6,1
17974,20241102,638,10,93.9,1
17975,20241007,193,5,95.6,1
17976,20260211,614,2,82.6,1
17977,20230208,181,2,85.7,1
17978,20231211,506,8,98.7,1
17979,20231204,274,6,94.4,1
17980,20251222,565,9,71.9,1
17981,20250524,399,1,97.8,1
17982,20230918,242,10,96.7,1
17983,20241203,357,4,85.6,1
17984,20240116,67,1,98.9,1
17985,20230504,640,6,85.9,1
17986,20260426,453,4,85.9,1
17987,20230812,113,8,96.4,1
17988,20240710,605,7,82.9,1
17989,20250809,711,1,84.0,1
17990,20231008,769,8,97.6,1
17991,20260514,305,3,94.1,1
17992,20260624,712,9,91.9,1
17993,20230604,192,8,88.6,1
17994,20240718,383,7,88.8,1
17995,20260411,575,3,81.5,1
17996,20230926,336,4,89.5,1
17997,20241118,524,2,87.2,1
17998,20260525,379,8,76.6,1
17999,20240604,312,1,94.7,1
18000,20240120,382,7,84.7,1
18001,20251101,363,3,99.0,1
18002,20260128,159,6,94.6,1
18003,20240203,183,4,97.0,1
18004,20241015,333,3,90.2,1
18005,20240818,48,3,82.2,1
18006,20260327,558,7,79.9,1
18007,20231012,642,6,89.6,1
18008,20250820,581,9,96.5,1
18009,20241125,444,10,97.3,1
18010,20230626,153,10,99.5,1
18011,20250706,434,9,93.7,1
18012,20230106,675,6,95.5,1
18013,20240523,652,5,94.5,1
18014,20240917,291,5,96.7,1
18015,20240406,303,2,92.7,1
18016,20241024,196,5,87.6,1
18017,20250118,646,4,96.4,1
18018,20260204,33,9,78.7,1
18019,20231017,238,4,76.9,1
18020,20230623,753,1,87.0,1
18021,20230404,423,6,93.8,1
18022,20231202,231,3,91.0,1
18023,20230604,698,5,96.6,1
18024,20230711,144,1,74.9,1
18025,20250219,224,4,76.8,1
18026,20250116,400,10,92.5,1
18027,20251114,313,8,92.2,1
18028,20240930,725,3,84.8,1
18029,20250219,766,3,96.4,1
18030,20250528,421,8,95.1,1
18031,20231024,433,9,94.4,1
18032,20231102,328,9,96.2,1
18033,20241213,609,8,93.2,1
18034,20260226,441,7,99.7,1
18035,20260304,636,7,89.5,1
18036,20231108,565,1,95.7,1
18037,20240713,521,9,85.4,1
18038,20231220,384,3,94.1,1
18039,20241203,592,5,88.0,1
18040,20250331,684,6,92.2,1
18041,20240525,185,6,85.6,1
18042,20230317,56,1,97.6,1
18043,20250222,190,5,93.9,1
18044,20251026,330,6,79.0,1
18045,20230113,590,3,96.9,1
18046,20250729,528,9,78.9,1
18047,20240407,44,7,97.8,1
18048,20230829,773,10,82.6,1
18049,20240817,724,5,99.3,1
18050,20241203,662,5,83.5,1
18051,20240409,77,2,96.6,1
18052,20230924,701,8,97.1,1
18053,20230708,279,9,97.8,1
18054,20231109,14,4,83.7,1
18055,20250318,278,5,98.5,1
18056,20240522,172,9,97.3,1
18057,20230506,469,4,84.5,1
18058,20241129,205,1,81.2,1
18059,20240921,464,3,98.8,1
18060,20240311,219,2,91.8,1
18061,20251024,257,3,98.1,1
18062,20230328,354,7,98.8,1
18063,20241117,206,1,96.8,1
18064,20241007,413,7,82.9,1
18065,20250514,207,10,93.4,1
18066,20241031,800,6,79.9,1
18067,20251222,18,4,88.4,1
18068,20251007,193,4,81.6,1
18069,20240124,725,9,87.8,1
18070,20260210,445,6,92.2,1
18071,20240324,230,6,86.1,1
18072,20230322,670,8,99.1,1
18073,20250210,250,8,95.3,1
18074,20250602,563,9,98.2,1
18075,20260427,396,6,95.6,1
18076,20240215,731,7,99.6,1
18077,20250210,708,7,94.1,1
18078,20240814,767,7,92.9,1
18079,20231111,250,3,94.8,1
18080,20240830,279,7,94.1,1
18081,20250608,141,3,92.5,1
18082,20230601,733,7,99.7,1
18083,20241029,194,9,94.2,1
18084,20260416,291,5,96.7,1
18085,20240911,194,6,85.8,1
18086,20260314,277,1,99.0,1
18087,20240326,192,8,81.8,1
18088,20241016,769,1,87.0,1
18089,20250623,686,8,86.6,1
18090,20241013,202,2,96.1,1
18091,20240827,503,9,96.5,1
18092,20240902,307,7,98.3,1
18093,20230328,12,3,98.4,1
18094,20241208,400,2,94.0,1
18095,20230701,346,1,93.8,1
18096,20260522,579,8,98.0,1
18097,20240217,547,1,99.4,1
18098,20250121,260,8,81.8,1
18099,20241004,531,2,88.2,1
18100,20230214,776,8,96.2,1
18101,20230106,733,10,85.0,1
18102,20260208,662,8,99.3,1
18103,20250719,640,7,92.7,1
18104,20240901,609,4,70.3,1
18105,20250923,414,6,96.2,1
18106,20241213,536,8,70.1,1
18107,20230205,167,2,90.5,1
18108,20251023,122,6,93.3,1
18109,20230920,62,10,88.3,1
18110,20260225,799,5,93.6,1
18111,20241220,165,4,82.5,1
18112,20240728,204,9,91.2,1
18113,20250316,530,9,86.0,1
18114,20230105,264,4,98.4,1
18115,20231108,360,1,72.6,1
18116,20260220,524,6,93.0,1
18117,20250407,342,8,64.2,1
18118,20250227,391,4,95.9,1
18119,20240123,615,9,90.3,1
18120,20240324,17,9,94.1,1
18121,20260124,440,7,88.8,1
18122,20251127,417,1,94.9,1
18123,20260125,557,10,76.3,1
18124,20240213,507,8,95.3,1
18125,20241202,750,5,93.1,1
18126,20230520,505,7,77.4,1
18127,20250829,75,10,77.5,1
18128,20250309,601,7,96.6,1
18129,20251020,770,6,92.0,1
18130,20231003,792,5,93.5,1
18131,20251020,318,9,56.6,1
18132,20230103,157,7,74.5,1
18133,20240406,321,9,92.0,1
18134,20241018,670,7,81.7,1
18135,20231218,788,3,82.6,1
18136,20250410,305,3,80.5,1
18137,20230715,268,10,63.2,1
18138,20260216,317,3,98.6,1
18139,20250222,67,1,82.0,1
18140,20230703,446,8,86.3,1
18141,20260226,29,1,90.2,1
18142,20230316,413,10,94.3,1
18143,20250102,129,4,92.3,1
18144,20251003,737,6,80.8,1
18145,20231112,16,4,85.3,1
18146,20260115,582,1,63.9,1
18147,20241017,235,10,76.2,1
18148,20250525,106,2,95.8,1
18149,20250623,656,2,76.6,1
18150,20260402,507,5,88.3,1
18151,20251026,245,5,94.8,1
18152,20260520,444,9,90.1,1
18153,20230209,774,9,94.1,1
18154,20231030,713,2,88.2,1
18155,20231031,562,1,95.9,1
18156,20240107,35,3,95.3,1
18157,20240823,453,5,88.3,1
18158,20250225,764,2,98.5,1
18159,20250216,265,10,81.0,1
18160,20250728,798,7,88.5,1
18161,20260613,555,5,92.2,1
18162,20241222,116,9,71.0,1
18163,20241123,323,1,78.0,1
18164,20240809,129,8,70.1,1
18165,20260302,685,9,92.3,1
18166,20241113,21,5,94.3,1
18167,20240317,170,5,98.4,1
18168,20251028,497,3,90.5,1
18169,20230813,157,5,88.6,1
18170,20250326,464,10,75.7,1
18171,20250727,6,1,90.8,1
18172,20250212,188,2,66.3,1
18173,20250817,311,8,78.2,1
18174,20250521,183,9,97.4,1
18175,20240420,165,9,96.2,1
18176,20240720,533,3,74.6,1
18177,20250315,135,8,78.1,1
18178,20231020,659,8,97.0,1
18179,20230417,108,8,88.8,1
18180,20251105,265,4,76.3,1
18181,20251116,30,6,94.1,1
18182,20251231,593,9,95.2,1
18183,20250227,591,8,98.3,1
18184,20230913,214,5,86.3,1
18185,20250731,274,3,75.8,1
18186,20251005,746,7,99.6,1
18187,20231223,648,1,98.5,1
18188,20240419,672,10,88.6,1
18189,20230127,336,9,95.5,1
18190,20240228,780,8,95.8,1
18191,20240514,118,9,90.2,1
18192,20260426,460,8,90.8,1
18193,20230315,406,8,98.3,1
18194,20260314,491,3,94.0,1
18195,20240308,277,9,93.6,1
18196,20260312,291,5,80.0,1
18197,20230809,533,8,91.0,1
18198,20260122,665,10,83.3,1
18199,20250212,558,9,79.1,1
18200,20260430,395,6,95.6,1
18201,20251202,278,6,83.1,1
18202,20240906,489,1,95.7,1
18203,20230929,448,2,78.6,1
18204,20230717,342,9,82.0,1
18205,20251115,275,4,96.9,1
18206,20240101,509,6,88.6,1
18207,20240409,739,9,79.3,1
18208,20250215,332,1,88.7,1
18209,20251222,197,10,92.7,1
18210,20251102,464,6,74.6,1
18211,20230811,407,1,79.2,1
18212,20260223,680,1,96.2,1
18213,20230212,795,9,98.3,1
18214,20260601,701,2,47.5,1
18215,20231112,608,5,97.5,1
18216,20240204,426,10,89.2,1
18217,20230422,310,2,62.2,1
18218,20241018,116,6,96.3,1
18219,20250228,453,7,94.7,1
18220,20260328,25,8,88.7,1
18221,20230406,691,9,82.2,1
18222,20230110,308,3,66.8,1
18223,20230111,666,5,80.0,1
18224,20230423,616,10,67.4,1
18225,20241227,523,4,90.3,1
18226,20230606,272,9,96.7,1
18227,20251210,184,9,88.3,1
18228,20231014,128,1,92.6,1
18229,20260204,441,4,94.7,1
18230,20250604,243,10,90.8,1
18231,20230825,554,3,95.3,1
18232,20230606,429,6,92.0,1
18233,20260531,482,10,97.3,1
18234,20241015,412,10,69.2,1
18235,20260610,123,7,93.5,1
18236,20240909,71,6,80.0,1
18237,20230510,757,5,86.4,1
18238,20230620,295,9,81.7,1
18239,20231225,499,4,90.2,1
18240,20250312,399,1,84.5,1
18241,20250624,117,2,97.3,1
18242,20230317,218,4,83.8,1
18243,20251118,207,5,87.1,1
18244,20251108,751,5,83.7,1
18245,20260509,732,2,92.9,1
18246,20241207,60,5,98.7,1
18247,20230327,273,7,88.6,1
18248,20240327,799,8,91.8,1
18249,20250519,305,6,85.0,1
18250,20240601,439,2,79.8,1
18251,20240214,633,9,89.4,1
18252,20241108,194,7,95.3,1
18253,20230824,753,3,98.8,1
18254,20250826,329,10,82.1,1
18255,20240524,123,3,94.6,1
18256,20241209,116,9,79.3,1
18257,20251114,390,6,97.9,1
18258,20240818,255,9,96.5,1
18259,20230410,141,8,91.4,1
18260,20240710,727,6,87.9,1
18261,20251210,34,6,92.1,1
18262,20260424,287,8,79.4,1
18263,20250210,490,1,90.9,1
18264,20260513,737,8,98.7,1
18265,20240602,145,5,95.0,1
18266,20240603,407,8,84.1,1
18267,20230516,106,2,90.2,1
18268,20230605,318,6,96.4,1
18269,20240312,353,7,73.9,1
18270,20250515,670,4,68.1,1
18271,20230507,93,6,92.8,1
18272,20260612,182,9,67.2,1
18273,20231227,334,9,90.6,1
18274,20241212,573,6,89.9,1
18275,20251029,40,2,96.0,1
18276,20260521,775,2,72.8,1
18277,20260407,165,10,91.6,1
18278,20240405,546,8,97.9,1
18279,20260607,608,8,95.3,1
18280,20240506,574,7,88.9,1
18281,20251118,488,1,90.1,1
18282,20260120,569,4,84.4,1
18283,20260324,575,6,91.9,1
18284,20231017,248,3,92.9,1
18285,20230521,239,2,78.9,1
18286,20240809,194,1,86.6,1
18287,20241014,340,5,47.9,1
18288,20231122,161,2,95.2,1
18289,20230630,758,2,70.5,1
18290,20230810,760,5,84.8,1
18291,20230529,456,1,92.4,1
18292,20230106,563,7,80.3,1
18293,20250525,761,4,92.5,1
18294,20230130,492,6,58.8,1
18295,20260301,295,1,62.2,1
18296,20260322,689,7,91.5,1
18297,20241025,515,7,90.3,1
18298,20250521,501,5,83.9,1
18299,20240721,780,10,82.0,1
18300,20231003,680,5,96.8,1
18301,20260223,255,9,96.1,1
18302,20250415,383,9,86.9,1
18303,20230510,85,10,93.3,1
18304,20250519,513,1,94.1,1
18305,20230421,279,6,64.3,1
18306,20251217,459,7,87.5,1
18307,20241102,793,2,75.0,1
18308,20260118,324,6,95.4,1
18309,20251207,181,10,77.3,1
18310,20250511,85,7,83.9,1
18311,20250429,157,9,89.2,1
18312,20231217,522,8,98.9,1
18313,20260114,194,1,91.9,1
18314,20240527,423,10,86.8,1
18315,20241018,124,5,94.5,1
18316,20241213,568,9,96.1,1
18317,20251203,184,8,78.4,1
18318,20260130,656,6,92.1,1
18319,20241004,582,8,91.7,1
18320,20231109,176,5,70.1,1
18321,20231102,478,4,88.4,1
18322,20240713,584,6,92.9,1
18323,20230421,341,4,87.5,1
18324,20240626,312,6,88.2,1
18325,20250105,733,5,89.1,1
18326,20251213,144,7,92.4,1
18327,20230820,321,10,88.9,1
18328,20241119,295,6,76.8,1
18329,20251103,435,3,81.3,1
18330,20251027,13,9,85.7,1
18331,20251215,157,3,95.4,1
18332,20230314,196,10,87.9,1
18333,20241006,294,2,65.8,1
18334,20231013,430,2,82.7,1
18335,20230512,589,10,96.9,1
18336,20230830,229,9,69.7,1
18337,20250910,419,6,87.6,1
18338,20251115,336,9,76.7,1
18339,20241007,673,9,44.2,1
18340,20260303,738,7,96.8,1
18341,20230724,507,7,76.6,1
18342,20250830,144,8,78.4,1
18343,20250321,640,9,52.1,1
18344,20250406,182,9,74.4,1
18345,20240118,754,5,95.0,1
18346,20240728,558,2,94.7,1
18347,20240606,735,4,91.8,1
18348,20240504,664,9,94.0,1
18349,20230914,364,4,96.1,1
18350,20240430,241,7,82.5,1
18351,20260128,730,1,92.2,1
18352,20240911,455,6,79.4,1
18353,20251101,549,1,96.4,1
18354,20251128,455,5,88.5,1
18355,20240521,633,8,88.7,1
18356,20260429,198,2,71.3,1
18357,20230313,695,4,95.7,1
18358,20250908,446,5,84.4,1
18359,20230701,388,7,97.9,1
18360,20240505,134,9,85.2,1
18361,20230928,414,6,59.0,1
18362,20251029,634,7,87.4,1
18363,20240328,179,10,94.2,1
18364,20230504,740,10,97.6,1
18365,20240126,355,8,86.1,1
18366,20240719,103,9,90.1,1
18367,20250502,273,6,88.1,1
18368,20230130,741,5,85.3,1
18369,20250325,124,2,70.8,1
18370,20250313,352,8,87.9,1
18371,20231127,19,2,95.1,1
18372,20230425,695,4,95.6,1
18373,20250414,478,3,99.0,1
18374,20240214,766,10,99.7,1
18375,20240208,320,2,63.7,1
18376,20241207,677,4,89.8,1
18377,20231204,785,6,89.3,1
18378,20250725,22,5,90.7,1
18379,20240919,684,1,97.5,1
18380,20230128,526,7,88.7,1
18381,20240220,75,3,99.5,1
18382,20241030,145,9,84.0,1
18383,20240706,605,1,92.4,1
18384,20231002,232,8,88.5,1
18385,20230819,30,1,87.2,1
18386,20241005,704,2,98.8,1
18387,20230506,667,7,85.0,1
18388,20240203,477,6,76.0,1
18389,20231117,423,6,99.6,1
18390,20251205,24,9,85.1,1
18391,20230824,177,9,97.5,1
18392,20250923,748,3,84.8,1
18393,20230907,448,3,91.9,1
18394,20241106,77,7,87.6,1
18395,20260318,107,9,88.6,1
18396,20240825,505,7,82.3,1
18397,20250223,206,10,92.9,1
18398,20231224,213,7,72.6,1
18399,20260226,154,7,92.9,1
18400,20250731,274,6,73.4,1
18401,20251108,356,4,78.3,1
18402,20260617,530,4,81.5,1
18403,20260430,409,3,99.1,1
18404,20240725,307,1,94.3,1
18405,20250106,314,3,90.5,1
18406,20250408,631,7,80.4,1
18407,20251102,419,5,72.3,1
18408,20231008,16,9,86.4,1
18409,20260623,308,8,87.6,1
18410,20231109,739,10,77.5,1
18411,20241120,261,4,91.2,1
18412,20250609,37,7,97.4,1
18413,20250927,9,5,61.7,1
18414,20240105,381,7,88.8,1
18415,20250925,571,6,94.9,1
18416,20260430,77,5,93.9,1
18417,20230726,580,3,84.9,1
18418,20260219,2,2,72.8,1
18419,20240529,504,5,81.6,1
18420,20241013,329,7,93.0,1
18421,20230812,466,10,85.3,1
18422,20240329,169,10,94.5,1
18423,20241217,730,9,89.8,1
18424,20230330,644,4,93.1,1
18425,20240330,507,4,59.4,1
18426,20260226,99,5,82.6,1
18427,20231024,332,8,89.2,1
18428,20230404,777,6,91.3,1
18429,20241129,799,6,90.3,1
18430,20231002,154,3,77.6,1
18431,20230320,341,5,95.3,1
18432,20260525,68,10,93.0,1
18433,20241118,429,6,86.5,1
18434,20250410,163,7,97.4,1
18435,20260615,737,2,92.5,1
18436,20231009,21,3,85.3,1
18437,20230719,501,1,93.1,1
18438,20251021,509,7,96.8,1
18439,20231015,542,2,86.8,1
18440,20260111,143,7,98.4,1
18441,20240103,783,7,69.4,1
18442,20230311,249,1,77.9,1
18443,20241118,712,7,95.9,1
18444,20240721,214,10,91.5,1
18445,20251130,338,10,99.7,1
18446,20240514,96,9,98.9,1
18447,20260628,430,1,94.2,1
18448,20260307,245,4,89.2,1
18449,20260416,386,10,97.0,1
18450,20240222,286,5,80.5,1
18451,20230919,120,8,98.4,1
18452,20240919,642,9,89.6,1
18453,20260215,251,10,92.2,1
18454,20240905,669,1,84.5,1
18455,20260310,341,2,93.6,1
18456,20251118,78,10,90.5,1
18457,20230921,579,5,90.5,1
18458,20250707,440,7,95.7,1
18459,20260110,286,8,85.8,1
18460,20260410,450,1,96.7,1
18461,20260626,119,1,99.6,1
18462,20240510,529,6,89.7,1
18463,20250226,427,6,95.4,1
18464,20240103,553,5,94.0,1
18465,20250606,512,9,99.6,1
18466,20240403,479,10,74.2,1
18467,20230308,85,8,98.1,1
18468,20260602,589,1,72.4,1
18469,20230621,176,8,93.2,1
18470,20260420,130,6,87.2,1
18471,20251118,262,8,89.5,1
18472,20240123,780,2,64.6,1
18473,20240823,521,10,94.0,1
18474,20240309,268,1,96.7,1
18475,20231128,11,3,98.7,1
18476,20250602,455,9,98.9,1
18477,20251130,325,8,79.6,1
18478,20250803,33,1,98.4,1
18479,20240318,131,6,98.9,1
18480,20231118,709,10,89.8,1
18481,20230111,484,4,98.2,1
18482,20250710,285,6,77.5,1
18483,20250420,536,2,95.1,1
18484,20250423,404,4,80.0,1
18485,20230610,388,2,84.7,1
18486,20260430,699,9,85.7,1
18487,20230820,709,8,95.4,1
18488,20260621,717,6,94.2,1
18489,20250620,46,1,99.1,1
18490,20250720,584,7,92.6,1
18491,20241126,584,9,60.3,1
18492,20250718,169,7,92.5,1
18493,20250811,13,1,68.6,1
18494,20250401,310,5,97.7,1
18495,20250602,453,9,99.5,1
18496,20241221,172,3,87.0,1
18497,20240229,364,5,89.0,1
18498,20250715,427,4,94.0,1
18499,20231002,795,10,93.7,1
18500,20250718,504,6,98.6,1
18501,20240920,734,7,94.5,1
18502,20230103,239,1,93.2,1
18503,20230709,316,8,78.7,1
18504,20250710,482,4,99.1,1
18505,20251209,704,4,67.5,1
18506,20230629,513,10,98.8,1
18507,20260413,612,5,77.3,1
18508,20250521,517,10,90.9,1
18509,20241029,800,10,83.6,1
18510,20230903,27,3,92.7,1
18511,20240831,208,2,87.0,1
18512,20251005,649,5,94.8,1
18513,20260216,92,4,78.6,1
18514,20230323,337,7,93.7,1
18515,20250424,24,4,92.8,1
18516,20250526,306,7,85.9,1
18517,20240912,66,4,78.8,1
18518,20250413,37,2,87.7,1
18519,20231218,189,6,82.7,1
18520,20230718,725,9,91.8,1
18521,20240629,453,3,62.7,1
18522,20241111,244,5,86.5,1
18523,20250409,356,7,74.0,1
18524,20240429,198,5,76.8,1
18525,20231111,470,6,88.3,1
18526,20251105,378,7,95.4,1
18527,20260419,499,3,91.8,1
18528,20231203,775,9,94.8,1
18529,20250804,103,3,85.8,1
18530,20240315,554,9,97.2,1
18531,20230314,575,2,85.3,1
18532,20240401,591,6,88.1,1
18533,20250806,502,5,68.3,1
18534,20250628,294,5,86.8,1
18535,20230818,539,7,93.5,1
18536,20250810,454,1,97.4,1
18537,20250225,69,6,84.0,1
18538,20230118,738,2,95.8,1
18539,20240923,578,2,76.7,1
18540,20231116,338,1,86.0,1
18541,20250626,8,6,95.5,1
18542,20250508,253,2,98.9,1
18543,20251228,607,2,99.0,1
18544,20231228,446,5,60.0,1
18545,20260528,729,2,97.4,1
18546,20250817,349,4,89.9,1
18547,20250417,639,7,80.2,1
18548,20260530,80,10,96.1,1
18549,20230921,82,2,89.0,1
18550,20260523,627,8,75.1,1
18551,20250305,654,9,98.4,1
18552,20240228,111,8,88.6,1
18553,20230305,440,4,99.1,1
18554,20241227,319,10,92.2,1
18555,20231115,699,9,94.7,1
18556,20230708,254,8,98.7,1
18557,20240131,558,3,92.0,1
18558,20250928,539,9,84.3,1
18559,20230216,273,10,72.1,1
18560,20240821,495,4,75.1,1
18561,20231214,204,1,97.6,1
18562,20251116,376,10,86.9,1
18563,20230228,427,3,94.5,1
18564,20241120,710,4,99.9,1
18565,20250130,297,2,94.9,1
18566,20240705,141,6,88.2,1
18567,20240503,413,5,87.8,1
18568,20251117,165,4,97.7,1
18569,20240211,349,9,99.1,1
18570,20260213,323,7,94.1,1
18571,20230814,691,1,98.0,1
18572,20240509,420,4,77.3,1
18573,20240903,742,3,92.1,1
18574,20240804,264,5,93.2,1
18575,20250609,656,10,92.0,1
18576,20260306,728,6,98.9,1
18577,20260115,185,5,98.9,1
18578,20240809,695,5,96.4,1
18579,20230318,695,2,92.2,1
18580,20260523,164,2,80.4,1
18581,20241225,607,10,85.1,1
18582,20260409,186,4,92.8,1
18583,20260101,708,8,83.5,1
18584,20240816,231,5,62.6,1
18585,20250819,629,8,97.5,1
18586,20230131,778,8,98.9,1
18587,20230818,59,8,98.5,1
18588,20251211,492,2,81.1,1
18589,20240221,119,2,90.5,1
18590,20260302,57,8,95.9,1
18591,20250906,301,6,84.9,1
18592,20240519,546,3,88.7,1
18593,20230107,538,4,87.0,1
18594,20241115,775,9,80.7,1
18595,20240311,330,1,74.5,1
18596,20260228,582,6,95.3,1
18597,20240626,705,1,99.5,1
18598,20240429,471,1,87.6,1
18599,20240218,294,4,99.5,1
18600,20250322,554,1,90.8,1
18601,20231018,184,7,78.4,1
18602,20230711,297,5,95.8,1
18603,20230623,34,1,84.3,1
18604,20230908,383,10,95.5,1
18605,20230205,104,9,90.4,1
18606,20250707,769,8,81.8,1
18607,20230404,173,3,92.8,1
18608,20260330,58,10,99.3,1
18609,20250722,472,2,90.6,1
18610,20260225,616,5,100.0,1
18611,20250221,15,2,98.6,1
18612,20231212,573,8,94.6,1
18613,20250822,103,6,60.0,1
18614,20251122,734,8,97.8,1
18615,20250303,22,8,90.8,1
18616,20260619,209,9,99.0,1
18617,20250930,352,8,88.1,1
18618,20230103,82,3,99.3,1
18619,20240720,685,5,88.5,1
18620,20260130,161,9,85.6,1
18621,20250925,341,8,95.5,1
18622,20230714,468,6,92.2,1
18623,20240325,665,7,99.1,1
18624,20260608,522,5,95.7,1
18625,20230513,119,8,91.4,1
18626,20230731,585,2,95.2,1
18627,20230713,761,10,81.9,1
18628,20240705,344,7,85.5,1
18629,20240728,485,2,82.4,1
18630,20260501,146,8,62.8,1
18631,20230118,244,3,93.5,1
18632,20231229,737,4,93.9,1
18633,20230613,314,5,79.8,1
18634,20241119,329,9,82.4,1
18635,20250502,411,7,91.6,1
18636,20231216,559,6,97.6,1
18637,20260531,168,2,95.8,1
18638,20240405,101,6,81.7,1
18639,20250731,369,8,69.2,1
18640,20260511,469,7,95.9,1
18641,20260117,469,8,99.3,1
18642,20230630,644,3,87.4,1
18643,20230521,325,1,66.3,1
18644,20251015,497,2,86.0,1
18645,20250901,266,2,88.3,1
18646,20240507,343,4,68.9,1
18647,20250427,155,8,97.6,1
18648,20230109,532,3,91.8,1
18649,20250922,636,5,86.8,1
18650,20251129,560,2,85.7,1
18651,20260510,700,5,95.6,1
18652,20231122,283,1,97.8,1
18653,20230617,389,9,97.4,1
18654,20250128,704,5,76.6,1
18655,20230817,733,6,89.2,1
18656,20250625,500,3,96.8,1
18657,20260317,287,3,78.6,1
18658,20251104,257,6,74.3,1
18659,20250301,158,5,97.5,1
18660,20260528,316,1,75.8,1
18661,20251119,446,3,96.2,1
18662,20230910,30,5,92.7,1
18663,20250818,683,1,97.3,1
18664,20260329,330,6,86.0,1
18665,20230620,162,10,62.7,1
18666,20260208,547,1,97.0,1
18667,20240321,374,6,99.3,1
18668,20231116,639,8,94.0,1
18669,20231105,554,9,87.5,1
18670,20241128,590,2,89.7,1
18671,20260503,627,3,78.0,1
18672,20230722,216,1,95.8,1
18673,20250706,249,1,91.1,1
18674,20231216,257,10,89.5,1
18675,20230724,508,4,99.2,1
18676,20230518,644,5,95.0,1
18677,20251220,712,10,94.5,1
18678,20260123,705,3,83.1,1
18679,20230913,347,6,94.2,1
18680,20230606,509,7,92.0,1
18681,20260501,737,10,93.7,1
18682,20230722,479,10,94.8,1
18683,20231014,89,8,92.1,1
18684,20231023,503,3,97.9,1
18685,20250708,539,3,90.9,1
18686,20241029,415,6,87.8,1
18687,20250301,392,1,92.0,1
18688,20251024,580,6,83.7,1
18689,20240826,448,9,95.6,1
18690,20230910,565,2,88.1,1
18691,20231205,172,2,98.3,1
18692,20250316,686,8,87.9,1
18693,20260123,132,10,62.5,1
18694,20230316,407,6,98.7,1
18695,20260419,701,8,82.4,1
18696,20260310,772,10,91.4,1
18697,20250518,457,2,89.4,1
18698,20241009,389,6,81.6,1
18699,20230908,464,8,97.5,1
18700,20260523,733,1,97.4,1
18701,20240626,460,10,73.4,1
18702,20251014,402,2,79.1,1
18703,20231229,162,8,69.4,1
18704,20250922,331,6,84.6,1
18705,20230806,391,3,99.5,1
18706,20240414,60,8,92.2,1
18707,20260223,284,6,71.1,1
18708,20240512,107,1,96.7,1
18709,20240905,487,9,94.4,1
18710,20230121,129,10,93.8,1
18711,20241127,577,10,81.7,1
18712,20250824,546,1,88.6,1
18713,20230516,548,1,89.0,1
18714,20260105,22,3,96.7,1
18715,20260430,584,1,94.1,1
18716,20241014,402,7,89.7,1
18717,20250405,300,9,85.0,1
18718,20250617,231,5,99.2,1
18719,20250126,236,7,99.2,1
18720,20230921,391,8,97.9,1
18721,20230829,549,4,88.5,1
18722,20240403,69,2,93.4,1
18723,20240714,142,2,92.1,1
18724,20250516,352,9,90.5,1
18725,20241202,546,5,94.8,1
18726,20231208,726,2,96.8,1
18727,20260424,242,5,52.9,1
18728,20250818,153,10,91.9,1
18729,20240904,280,3,94.1,1
18730,20250914,673,7,86.5,1
18731,20250923,480,10,91.4,1
18732,20250220,564,10,93.7,1
18733,20260619,222,6,98.9,1
18734,20250925,589,6,99.8,1
18735,20230614,707,6,88.9,1
18736,20240402,395,6,96.3,1
18737,20251128,718,6,96.9,1
18738,20230301,207,5,89.1,1
18739,20250518,312,2,97.8,1
18740,20250205,288,6,92.0,1
18741,20240911,710,1,82.7,1
18742,20230211,647,10,88.7,1
18743,20241106,495,8,87.6,1
18744,20230609,573,4,82.8,1
18745,20251118,255,6,95.3,1
18746,20251029,477,10,95.6,1
18747,20240724,384,2,95.3,1
18748,20240308,636,5,91.1,1
18749,20230815,109,3,77.9,1
18750,20250512,238,10,63.8,1
18751,20230326,346,1,78.7,1
18752,20250312,483,3,98.2,1
18753,20250430,786,5,77.3,1
18754,20240510,606,2,84.0,1
18755,20250918,743,9,92.3,1
18756,20250627,361,4,82.8,1
18757,20240531,730,9,88.4,1
18758,20260424,260,10,70.8,1
18759,20240523,60,6,99.5,1
18760,20240410,319,7,97.5,1
18761,20230219,746,10,91.0,1
18762,20250602,476,1,73.9,1
18763,20250730,705,9,97.6,1
18764,20230813,529,10,95.6,1
18765,20230210,484,9,90.6,1
18766,20230227,499,9,91.0,1
18767,20251103,236,1,87.7,1
18768,20250205,742,3,88.3,1
18769,20250711,105,9,75.2,1
18770,20240430,145,4,89.8,1
18771,20241216,462,8,83.6,1
18772,20260308,323,9,85.7,1
18773,20240217,261,2,92.7,1
18774,20250915,478,9,92.5,1
18775,20260509,326,5,97.3,1
18776,20250303,683,2,96.7,1
18777,20260326,314,3,71.8,1
18778,20260408,128,3,99.2,1
18779,20240124,550,6,95.6,1
18780,20230803,336,10,78.7,1
18781,20230801,430,5,94.8,1
18782,20230607,428,6,95.5,1
18783,20251024,406,4,97.7,1
18784,20260624,767,1,96.7,1
18785,20230919,245,7,94.4,1
18786,20260404,432,10,89.0,1
18787,20240818,170,3,93.7,1
18788,20230813,492,3,91.8,1
18789,20260618,388,4,96.9,1
18790,20260405,447,5,99.0,1
18791,20250612,584,9,99.0,1
18792,20251002,513,5,94.4,1
18793,20230617,153,5,94.3,1
18794,20231219,117,8,94.9,1
18795,20230514,78,7,90.7,1
18796,20240929,228,3,85.7,1
18797,20250629,741,10,79.4,1
18798,20250719,711,9,99.4,1
18799,20251130,26,7,97.8,1
18800,20241225,155,9,88.6,1
18801,20240112,396,4,95.6,1
18802,20250628,111,10,93.1,1
18803,20230912,760,5,76.3,1
18804,20230702,8,1,85.5,1
18805,20240222,517,9,83.7,1
18806,20250508,181,6,92.7,1
18807,20240316,503,5,90.1,1
18808,20240213,610,8,96.1,1
18809,20231206,572,8,97.6,1
18810,20250205,753,5,89.8,1
18811,20240615,81,4,73.3,1
18812,20240925,338,5,92.2,1
18813,20251022,642,7,89.5,1
18814,20230708,612,1,98.4,1
18815,20260412,468,2,64.6,1
18816,20250316,591,1,96.0,1
18817,20241204,409,7,98.5,1
18818,20241221,100,10,90.2,1
18819,20230326,561,7,86.6,1
18820,20241019,572,10,97.7,1
18821,20260505,327,2,92.7,1
18822,20230702,24,7,97.1,1
18823,20250607,646,5,69.9,1
18824,20241221,328,3,82.9,1
18825,20260201,382,9,96.7,1
18826,20230216,572,2,93.3,1
18827,20230517,23,4,74.8,1
18828,20250825,406,7,88.0,1
18829,20251031,535,10,98.1,1
18830,20251011,103,1,81.0,1
18831,20250102,569,1,81.7,1
18832,20251118,489,8,97.3,1
18833,20230220,141,9,95.0,1
18834,20260308,431,8,85.8,1
18835,20230715,798,10,92.0,1
18836,20241129,350,7,99.6,1
18837,20250611,636,1,87.5,1
18838,20230216,411,6,97.2,1
18839,20240411,685,4,91.4,1
18840,20240905,468,4,91.9,1
18841,20230825,392,4,86.6,1
18842,20241008,482,10,93.9,1
18843,20240128,83,8,97.5,1
18844,20250917,629,1,84.1,1
18845,20230812,53,3,99.9,1
18846,20240726,381,5,98.2,1
18847,20230719,243,2,95.8,1
18848,20250807,178,2,93.1,1
18849,20250626,380,1,94.4,1
18850,20231022,689,8,91.6,1
18851,20240105,182,7,86.5,1
18852,20250211,33,10,76.8,1
18853,20250111,52,2,88.1,1
18854,20230422,660,10,92.1,1
18855,20260618,250,2,96.7,1
18856,20240410,522,4,99.7,1
18857,20230925,762,7,98.0,1
18858,20250806,666,4,97.5,1
18859,20250807,281,2,91.4,1
18860,20260524,13,4,98.1,1
18861,20250212,508,3,94.4,1
18862,20230620,689,10,88.8,1
18863,20240326,251,5,97.5,1
18864,20240115,675,10,97.7,1
18865,20240708,272,4,63.4,1
18866,20260408,200,8,84.9,1
18867,20240904,798,10,98.8,1
18868,20230217,102,1,97.8,1
18869,20231119,556,10,93.9,1
18870,20231217,561,8,76.2,1
18871,20230402,664,1,84.9,1
18872,20250527,49,1,95.3,1
18873,20251115,49,5,93.9,1
18874,20241101,25,8,87.1,1
18875,20240129,334,3,91.0,1
18876,20230425,138,6,98.8,1
18877,20250131,561,3,99.1,1
18878,20240619,154,5,96.6,1
18879,20241115,93,7,87.7,1
18880,20230803,632,4,85.8,1
18881,20250602,11,4,96.5,1
18882,20250923,398,5,82.4,1
18883,20230603,97,3,88.4,1
18884,20240205,427,3,93.9,1
18885,20230407,795,4,88.6,1
18886,20250408,640,8,61.2,1
18887,20260223,218,4,94.8,1
18888,20230311,187,3,90.0,1
18889,20251022,645,5,85.0,1
18890,20260327,511,3,97.1,1
18891,20240524,220,2,96.3,1
18892,20230309,675,3,85.5,1
18893,20250518,514,1,97.1,1
18894,20240129,312,9,83.9,1
18895,20260120,721,7,94.2,1
18896,20230618,477,5,91.1,1
18897,20241102,426,7,86.5,1
18898,20230829,548,2,98.3,1
18899,20230331,783,3,85.8,1
18900,20250416,560,3,69.3,1
18901,20230421,408,1,97.0,1
18902,20231110,609,1,82.1,1
18903,20230222,239,7,98.6,1
18904,20241028,702,1,95.0,1
18905,20230131,721,4,97.6,1
18906,20230124,784,1,92.0,1
18907,20241213,306,9,90.4,1
18908,20240504,366,3,93.0,1
18909,20230303,68,3,87.6,1
18910,20250922,191,3,74.1,1
18911,20230213,584,5,97.0,1
18912,20230702,48,7,81.4,1
18913,20230824,489,1,87.4,1
18914,20250329,481,8,97.6,1
18915,20260322,552,10,83.4,1
18916,20231104,178,2,84.8,1
18917,20250719,48,2,86.6,1
18918,20250730,124,10,92.1,1
18919,20260507,525,10,84.9,1
18920,20231123,413,5,97.1,1
18921,20250308,725,4,87.8,1
18922,20240730,410,8,95.8,1
18923,20240720,472,8,91.8,1
18924,20250606,534,6,92.4,1
18925,20251103,504,2,91.2,1
18926,20230805,307,6,92.3,1
18927,20250305,13,5,75.6,1
18928,20250107,56,3,83.4,1
18929,20250505,635,8,97.1,1
18930,20240506,538,2,89.8,1
18931,20240202,308,5,91.8,1
18932,20250924,113,3,90.2,1
18933,20260606,558,2,98.2,1
18934,20250926,109,8,91.8,1
18935,20251021,414,8,71.0,1
18936,20240324,621,10,96.4,1
18937,20251213,312,6,92.8,1
18938,20250409,101,6,76.7,1
18939,20230218,325,5,99.8,1
18940,20240710,92,3,85.5,1
18941,20240102,605,10,91.2,1
18942,20251121,667,10,87.7,1
18943,20230816,260,9,95.2,1
18944,20250517,268,9,74.7,1
18945,20231122,43,9,99.2,1
18946,20240819,518,5,95.9,1
18947,20231007,323,3,92.4,1
18948,20240223,178,2,75.3,1
18949,20230712,40,2,92.4,1
18950,20250216,413,3,94.6,1
18951,20260605,21,3,92.2,1
18952,20250819,300,3,89.6,1
18953,20250806,484,1,94.0,1
18954,20250326,739,2,88.7,1
18955,20250402,385,3,86.2,1
18956,20240402,321,7,77.0,1
18957,20241206,441,5,93.2,1
18958,20240426,543,7,89.0,1
18959,20250217,424,3,85.2,1
18960,20260111,663,1,85.2,1
18961,20230318,644,10,98.6,1
18962,20230823,345,4,98.1,1
18963,20250325,582,3,83.7,1
18964,20240420,612,9,80.5,1
18965,20241208,711,2,82.9,1
18966,20260224,392,4,95.3,1
18967,20240303,546,8,75.6,1
18968,20260611,647,8,91.7,1
18969,20250220,243,2,94.1,1
18970,20250501,533,8,96.3,1
18971,20251111,706,2,96.5,1
18972,20250705,273,9,87.6,1
18973,20230906,424,1,99.8,1
18974,20230925,454,10,90.8,1
18975,20250128,494,3,86.7,1
18976,20260412,52,7,95.7,1
18977,20250728,333,10,76.0,1
18978,20231206,507,5,73.3,1
18979,20230312,372,5,85.9,1
18980,20260614,742,10,95.4,1
18981,20240212,376,10,88.3,1
18982,20240204,705,9,93.5,1
18983,20250807,206,7,78.1,1
18984,20240501,737,10,92.5,1
18985,20240801,629,2,73.8,1
18986,20260429,529,6,83.1,1
18987,20230112,63,3,92.6,1
18988,20240723,727,7,90.5,1
18989,20250310,286,10,93.9,1
18990,20241202,791,9,91.5,1
18991,20241005,95,6,79.4,1
18992,20230616,235,6,81.4,1
18993,20250308,686,10,93.8,1
18994,20250108,769,3,81.5,1
18995,20230110,189,3,67.8,1
18996,20250129,403,6,97.9,1
18997,20251209,27,9,98.2,1
18998,20230502,115,6,76.3,1
18999,20250306,572,9,97.2,1
19000,20240802,255,3,96.3,1
19001,20260209,575,4,79.8,1
19002,20250411,141,2,81.5,1
19003,20240825,593,8,89.9,1
19004,20250716,126,3,80.1,1
19005,20230210,714,2,99.4,1
19006,20230623,153,1,74.6,1
19007,20230807,30,2,92.5,1
19008,20260606,777,2,82.4,1
19009,20250130,384,8,80.4,1
19010,20260617,579,7,74.8,1
19011,20240319,23,9,93.1,1
19012,20230727,553,10,77.2,1
19013,20251217,73,6,99.9,1
19014,20240922,304,5,76.1,1
19015,20250927,387,7,88.2,1
19016,20260526,401,8,81.1,1
19017,20240715,690,10,94.6,1
19018,20250401,385,5,94.5,1
19019,20240618,441,8,99.3,1
19020,20250915,675,3,87.5,1
19021,20231218,768,9,90.5,1
19022,20231224,159,5,85.5,1
19023,20260108,246,8,80.0,1
19024,20250417,209,8,98.4,1
19025,20240217,558,10,70.1,1
19026,20230531,148,7,91.3,1
19027,20251019,186,7,94.4,1
19028,20231102,51,1,89.8,1
19029,20231004,704,3,96.5,1
19030,20230402,255,9,90.4,1
19031,20231008,719,6,77.3,1
19032,20251029,441,9,76.8,1
19033,20240607,53,5,83.0,1
19034,20230630,333,2,83.7,1
19035,20250210,76,5,99.1,1
19036,20240421,90,2,66.5,1
19037,20241206,50,10,98.0,1
19038,20240125,341,3,83.4,1
19039,20260417,153,4,93.9,1
19040,20230105,427,7,73.7,1
19041,20240627,303,6,97.2,1
19042,20241011,151,6,90.6,1
19043,20240908,391,1,88.6,1
19044,20260104,791,9,87.4,1
19045,20230725,745,4,77.4,1
19046,20230125,270,1,95.1,1
19047,20231229,640,4,90.5,1
19048,20240313,7,2,98.8,1
19049,20250604,658,4,75.6,1
19050,20240428,212,3,93.8,1
19051,20241231,468,9,87.3,1
19052,20241209,315,9,99.7,1
19053,20250309,264,5,89.4,1
19054,20250203,54,2,90.0,1
19055,20251121,756,7,99.6,1
19056,20230628,304,6,97.8,1
19057,20251108,644,10,89.2,1
19058,20250709,689,7,89.8,1
19059,20241228,530,5,82.9,1
19060,20240506,417,2,86.7,1
19061,20240323,138,6,96.0,1
19062,20230401,599,3,93.4,1
19063,20231009,321,1,76.5,1
19064,20240811,121,7,68.3,1
19065,20241225,338,8,82.8,1
19066,20240302,436,8,94.7,1
19067,20250401,30,5,97.7,1
19068,20241111,341,10,84.6,1
19069,20250721,678,10,96.3,1
19070,20250704,713,9,86.1,1
19071,20250511,106,6,98.8,1
19072,20241127,605,2,93.2,1
19073,20251108,763,7,90.3,1
19074,20230714,12,6,85.8,1
19075,20230930,708,7,93.9,1
19076,20251121,757,3,90.5,1
19077,20240726,62,8,98.1,1
19078,20250909,138,7,85.2,1
19079,20250430,200,8,63.7,1
19080,20230720,69,4,98.3,1
19081,20250521,306,6,92.9,1
19082,20240404,725,6,88.2,1
19083,20260201,336,4,95.1,1
19084,20231113,721,2,95.9,1
19085,20240623,593,4,81.5,1
19086,20260424,579,4,59.4,1
19087,20230912,773,2,95.7,1
19088,20230818,190,2,94.1,1
19089,20230324,141,8,65.6,1
19090,20240124,58,2,63.4,1
19091,20231219,638,6,97.0,1
19092,20250514,59,4,95.5,1
19093,20250528,108,4,85.5,1
19094,20241011,374,1,70.5,1
19095,20260301,373,1,97.3,1
19096,20260430,296,5,85.6,1
19097,20230218,770,1,81.3,1
19098,20240603,638,9,96.2,1
19099,20231017,158,10,95.7,1
19100,20240801,93,3,76.9,1
19101,20260406,179,1,98.7,1
19102,20240915,553,1,99.3,1
19103,20251124,525,4,80.9,1
19104,20250925,748,7,93.9,1
19105,20251027,788,5,89.5,1
19106,20240822,428,6,89.4,1
19107,20241210,201,7,84.8,1
19108,20241210,731,1,96.7,1
19109,20230330,785,10,95.2,1
19110,20230221,26,1,98.7,1
19111,20251122,577,8,89.4,1
19112,20240127,393,6,98.6,1
19113,20250625,35,2,99.6,1
19114,20240305,83,4,90.8,1
19115,20230210,270,9,88.3,1
19116,20260421,101,7,95.6,1
19117,20251202,260,5,85.5,1
19118,20241211,717,1,96.6,1
19119,20230919,573,5,98.4,1
19120,20260410,418,8,85.0,1
19121,20241021,666,9,92.6,1
19122,20241230,435,6,89.8,1
19123,20250529,542,6,66.4,1
19124,20230512,481,7,68.1,1
19125,20240218,708,2,92.9,1
19126,20250515,685,5,91.6,1
19127,20230415,440,4,49.9,1
19128,20260303,618,7,96.7,1
19129,20230202,673,10,98.3,1
19130,20260613,258,5,89.1,1
19131,20260426,445,7,83.4,1
19132,20230912,402,1,97.9,1
19133,20250615,197,4,97.7,1
19134,20240102,349,4,96.0,1
19135,20260102,190,9,72.3,1
19136,20230904,624,5,89.9,1
19137,20260113,257,1,79.7,1
19138,20240701,484,10,92.2,1
19139,20240802,195,4,87.5,1
19140,20230120,188,10,97.3,1
19141,20250128,420,4,97.8,1
19142,20240916,514,9,92.3,1
19143,20260519,662,5,96.3,1
19144,20231008,771,6,92.9,1
19145,20250727,388,7,99.2,1
19146,20241026,122,2,76.8,1
19147,20240803,612,10,91.1,1
19148,20260405,116,2,72.7,1
19149,20251222,604,6,95.7,1
19150,20231028,59,10,96.6,1
19151,20241026,250,3,83.8,1
19152,20231019,10,8,96.9,1
19153,20240724,442,6,88.6,1
19154,20240618,2,7,98.2,1
19155,20260410,236,7,93.1,1
19156,20250418,334,8,75.2,1
19157,20250330,253,7,94.8,1
19158,20251119,426,4,95.8,1
19159,20241118,545,6,87.6,1
19160,20240930,79,6,99.7,1
19161,20230213,589,2,93.5,1
19162,20250204,743,9,95.2,1
19163,20240818,227,5,92.6,1
19164,20250623,346,9,88.4,1
19165,20240618,695,4,62.2,1
19166,20230325,631,1,92.9,1
19167,20231003,310,10,59.6,1
19168,20240805,372,5,79.4,1
19169,20260608,573,6,83.9,1
19170,20241207,127,1,92.6,1
19171,20231124,236,8,95.5,1
19172,20250918,598,6,89.5,1
19173,20240522,388,4,74.8,1
19174,20230905,274,9,77.7,1
19175,20240815,592,7,84.3,1
19176,20230520,140,1,69.4,1
19177,20241007,159,6,85.9,1
19178,20250706,356,6,84.6,1
19179,20250320,409,1,97.6,1
19180,20240718,752,8,93.4,1
19181,20250124,59,8,94.5,1
19182,20240325,470,2,90.3,1
19183,20230813,68,10,77.9,1
19184,20230506,454,1,83.0,1
19185,20240207,122,1,95.7,1
19186,20250606,493,2,92.3,1
19187,20240519,180,10,97.1,1
19188,20231218,632,9,97.3,1
19189,20250618,134,6,93.4,1
19190,20230520,178,9,91.0,1
19191,20260109,393,9,94.0,1
19192,20251211,183,8,75.7,1
19193,20240321,105,5,86.2,1
19194,20260109,503,4,89.2,1
19195,20240514,536,4,99.3,1
19196,20250626,745,8,71.2,1
19197,20240816,564,1,88.0,1
19198,20260312,17,3,96.0,1
19199,20230227,781,6,86.6,1
19200,20230301,132,7,96.0,1
19201,20230211,731,1,91.1,1
19202,20250619,578,1,84.3,1
19203,20251215,500,2,82.5,1
19204,20250715,778,5,98.6,1
19205,20230225,677,6,98.2,1
19206,20260417,479,7,84.3,1
19207,20251210,155,10,93.8,1
19208,20250904,669,5,88.1,1
19209,20240103,707,8,63.6,1
19210,20230325,206,1,91.7,1
19211,20240227,81,5,99.0,1
19212,20240708,408,6,91.5,1
19213,20241111,192,9,94.3,1
19214,20230129,739,4,77.2,1
19215,20240831,739,3,64.1,1
19216,20240213,179,8,78.4,1
19217,20240505,550,8,72.4,1
19218,20241120,502,9,77.9,1
19219,20250326,126,9,67.3,1
19220,20250927,356,4,72.6,1
19221,20230530,732,10,97.5,1
19222,20251030,561,6,98.8,1
19223,20250106,431,6,94.7,1
19224,20250728,109,3,85.9,1
19225,20260123,132,3,97.0,1
19226,20241224,106,10,78.9,1
19227,20230906,689,5,87.4,1
19228,20240828,197,4,70.5,1
19229,20230822,406,4,96.0,1
19230,20240206,545,2,84.3,1
19231,20230601,41,9,72.9,1
19232,20260507,109,2,93.2,1
19233,20250201,78,1,83.1,1
19234,20250605,98,2,85.9,1
19235,20250717,526,10,98.9,1
19236,20240922,256,8,84.5,1
19237,20230921,342,1,88.7,1
19238,20260408,710,10,97.8,1
19239,20260121,713,9,88.5,1
19240,20240104,240,8,78.2,1
19241,20260315,130,8,80.3,1
19242,20240403,390,3,96.8,1
19243,20250725,334,2,98.2,1
19244,20251222,428,9,90.4,1
19245,20230315,200,2,97.4,1
19246,20230112,17,6,92.5,1
19247,20240306,19,4,91.5,1
19248,20241129,678,4,89.2,1
19249,20251204,551,3,91.6,1
19250,20240313,283,5,86.6,1
19251,20260526,323,8,95.4,1
19252,20250407,648,6,90.1,1
19253,20241104,231,5,82.6,1
19254,20230801,575,5,99.0,1
19255,20251208,508,3,75.9,1
19256,20260119,316,3,99.0,1
19257,20240613,425,9,79.1,1
19258,20260430,91,2,95.9,1
19259,20240305,655,10,98.5,1
19260,20260405,29,5,96.0,1
19261,20241230,627,2,93.5,1
19262,20241228,707,2,53.5,1
19263,20240305,620,2,90.2,1
19264,20230711,481,1,89.2,1
19265,20250301,665,7,67.5,1
19266,20230118,758,9,89.4,1
19267,20260210,516,6,99.5,1
19268,20250719,614,3,85.9,1
19269,20230809,237,8,80.2,1
19270,20260310,208,6,82.6,1
19271,20240916,11,5,97.9,1
19272,20250603,660,5,97.4,1
19273,20260414,109,1,92.4,1
19274,20240907,785,7,94.5,1
19275,20251206,787,9,92.7,1
19276,20230210,429,3,90.2,1
19277,20240328,551,9,86.0,1
19278,20230329,39,7,88.5,1
19279,20260226,253,3,94.2,1
19280,20240515,118,3,90.1,1
19281,20241114,326,6,93.8,1
19282,20230730,578,10,93.2,1
19283,20240820,104,1,91.3,1
19284,20241023,7,7,93.5,1
19285,20240418,757,2,83.2,1
19286,20230707,578,2,82.1,1
19287,20240105,154,3,97.1,1
19288,20260315,209,1,78.0,1
19289,20250727,477,5,90.8,1
19290,20250218,424,7,98.9,1
19291,20240628,258,8,72.1,1
19292,20230208,790,10,79.8,1
19293,20240519,761,7,79.8,1
19294,20250814,400,5,99.6,1
19295,20260613,462,3,70.4,1
19296,20250521,321,1,73.3,1
19297,20240305,649,9,93.0,1
19298,20231104,62,9,98.7,1
19299,20231103,659,7,91.0,1
19300,20230521,501,6,95.1,1
19301,20250504,269,10,93.2,1
19302,20240623,61,3,93.3,1
19303,20260502,734,6,83.7,1
19304,20241108,429,7,75.0,1
19305,20250222,772,10,92.5,1
19306,20260410,464,4,72.8,1
19307,20250809,94,2,98.9,1
19308,20251026,206,2,85.7,1
19309,20260412,317,8,89.8,1
19310,20250525,328,7,84.9,1
19311,20230621,185,2,99.8,1
19312,20230913,741,10,69.4,1
19313,20260410,15,5,76.0,1
19314,20231117,799,7,80.9,1
19315,20231108,506,1,79.6,1
19316,20230819,413,2,94.6,1
19317,20251120,482,3,87.8,1
19318,20260521,98,8,80.0,1
19319,20230718,407,9,86.6,1
19320,20230318,609,8,92.4,1
19321,20240110,344,7,78.6,1
19322,20230720,611,2,98.0,1
19323,20231124,192,7,94.3,1
19324,20250517,145,5,89.4,1
19325,20240817,653,1,91.2,1
19326,20251025,753,9,72.1,1
19327,20240713,321,6,96.7,1
19328,20240408,99,9,78.7,1
19329,20230813,515,1,87.5,1
19330,20230816,720,8,93.5,1
19331,20260315,564,3,94.1,1
19332,20231126,735,8,97.4,1
19333,20260202,611,7,82.9,1
19334,20260207,683,6,79.3,1
19335,20241206,392,4,84.6,1
19336,20230120,154,4,84.6,1
19337,20260420,122,7,89.7,1
19338,20251105,57,1,86.0,1
19339,20230826,377,4,91.1,1
19340,20250113,381,2,89.8,1
19341,20251209,15,4,81.7,1
19342,20250817,616,5,94.8,1
19343,20240916,381,7,75.5,1
19344,20250902,184,2,91.5,1
19345,20230522,725,8,91.3,1
19346,20260313,38,4,99.2,1
19347,20260507,419,8,70.7,1
19348,20241029,594,9,88.4,1
19349,20231206,718,10,81.8,1
19350,20240301,374,8,84.1,1
19351,20250826,503,9,99.0,1
19352,20230517,178,10,86.4,1
19353,20251201,640,10,98.0,1
19354,20260605,752,2,83.1,1
19355,20230809,678,10,97.6,1
19356,20241121,113,3,96.8,1
19357,20260428,666,9,76.4,1
19358,20230813,560,2,89.0,1
19359,20231124,448,7,93.0,1
19360,20251104,374,1,71.6,1
19361,20241211,577,4,92.9,1
19362,20240204,131,3,97.3,1
19363,20230423,492,9,87.2,1
19364,20230204,713,6,84.4,1
19365,20230211,710,7,92.9,1
19366,20260120,250,1,92.6,1
19367,20230621,648,9,100.0,1
19368,20230814,504,9,93.8,1
19369,20240409,126,7,82.3,1
19370,20231109,420,3,93.3,1
19371,20231016,584,1,78.0,1
19372,20250818,443,6,91.0,1
19373,20260526,406,3,94.5,1
19374,20240314,12,4,75.4,1
19375,20250102,471,6,97.4,1
19376,20241223,237,5,71.0,1
19377,20241110,277,8,93.6,1
19378,20251209,717,9,86.5,1
19379,20250329,719,10,98.4,1
19380,20251201,158,2,99.4,1
19381,20240506,224,8,96.2,1
19382,20240627,347,9,97.2,1
19383,20260308,689,5,77.1,1
19384,20250727,708,1,96.4,1
19385,20240403,651,8,92.2,1
19386,20230427,578,7,98.4,1
19387,20240712,165,1,82.4,1
19388,20240823,106,4,62.5,1
19389,20240722,784,1,97.3,1
19390,20260514,379,7,94.7,1
19391,20250504,148,9,99.2,1
19392,20230519,157,5,96.1,1
19393,20260626,397,4,97.3,1
19394,20240510,763,4,78.3,1
19395,20250222,433,1,73.9,1
19396,20240919,696,8,81.5,1
19397,20230306,655,9,98.3,1
19398,20231210,50,4,99.9,1
19399,20251015,266,9,78.0,1
19400,20241122,411,7,81.1,1
19401,20250530,528,7,83.7,1
19402,20230422,120,2,92.9,1
19403,20250130,206,9,74.5,1
19404,20241201,635,1,92.8,1
19405,20230623,397,3,94.2,1
19406,20231214,743,4,96.6,1
19407,20260501,240,7,78.6,1
19408,20230125,727,4,69.9,1
19409,20241206,767,2,92.1,1
19410,20250808,673,4,87.6,1
19411,20240315,107,8,94.4,1
19412,20241119,391,9,95.5,1
19413,20240805,368,3,99.8,1
19414,20260413,201,5,62.8,1
19415,20250509,720,8,85.7,1
19416,20240412,24,8,96.0,1
19417,20231121,657,2,96.7,1
19418,20250201,591,2,97.6,1
19419,20240117,550,8,74.8,1
19420,20230728,187,3,72.0,1
19421,20230602,327,4,93.3,1
19422,20231125,133,4,78.9,1
19423,20251110,417,8,90.3,1
19424,20231227,402,7,74.9,1
19425,20230926,528,10,86.3,1
19426,20240628,286,7,74.7,1
19427,20250417,581,5,87.7,1
19428,20241126,59,3,75.5,1
19429,20231214,520,4,92.2,1
19430,20240331,627,5,98.6,1
19431,20250115,239,2,97.7,1
19432,20241006,327,6,81.9,1
19433,20231102,655,8,98.7,1
19434,20241218,553,5,98.0,1
19435,20241011,265,4,96.4,1
19436,20230205,413,5,90.9,1
19437,20260630,220,4,93.7,1
19438,20260327,418,6,96.8,1
19439,20250222,750,1,95.1,1
19440,20250110,15,2,84.6,1
19441,20230202,395,9,89.2,1
19442,20240906,560,2,87.6,1
19443,20251224,174,9,88.7,1
19444,20230319,24,6,84.3,1
19445,20240123,328,2,74.7,1
19446,20230118,642,10,73.1,1
19447,20250304,572,6,90.8,1
19448,20230406,273,6,82.1,1
19449,20240622,767,1,74.5,1
19450,20250525,344,3,60.6,1
19451,20260303,487,9,94.1,1
19452,20260428,391,4,92.8,1
19453,20240406,440,7,81.9,1
19454,20260202,241,3,81.0,1
19455,20241120,711,3,87.6,1
19456,20260505,443,6,85.8,1
19457,20230327,379,1,97.7,1
19458,20230731,131,5,91.1,1
19459,20231222,415,10,62.0,1
19460,20240511,246,7,87.0,1
19461,20240603,439,3,76.1,1
19462,20230113,508,5,80.6,1
19463,20230513,123,5,98.7,1
19464,20250526,24,2,84.5,1
19465,20241218,738,5,94.4,1
19466,20240908,80,4,99.7,1
19467,20250429,193,2,83.8,1
19468,20251024,351,3,97.1,1
19469,20231007,40,9,77.2,1
19470,20240719,73,5,89.6,1
19471,20260618,379,10,80.1,1
19472,20230319,715,3,98.5,1
19473,20241010,106,8,98.7,1
19474,20251208,92,10,83.9,1
19475,20230328,748,10,95.7,1
19476,20240403,161,6,91.1,1
19477,20230516,258,2,79.5,1
19478,20240203,778,7,96.5,1
19479,20250814,519,6,85.8,1
19480,20250331,56,8,81.4,1
19481,20240826,398,9,92.4,1
19482,20240806,549,5,91.5,1
19483,20230905,188,2,81.0,1
19484,20250809,138,7,91.4,1
19485,20230406,196,5,91.2,1
19486,20230307,568,10,95.6,1
19487,20240108,256,8,96.7,1
19488,20230416,489,3,93.8,1
19489,20230803,764,4,93.6,1
19490,20250510,658,9,93.1,1
19491,20240927,42,3,79.8,1
19492,20230123,505,10,89.5,1
19493,20250728,506,5,85.9,1
19494,20251225,311,9,97.8,1
19495,20241201,560,6,90.4,1
19496,20240818,13,3,86.7,1
19497,20260525,80,1,73.4,1
19498,20260201,275,4,87.5,1
19499,20230503,614,8,98.9,1
19500,20231011,233,2,90.3,1
19501,20251214,150,8,96.1,1
19502,20240109,284,1,83.2,1
19503,20250926,166,6,84.1,1
19504,20231122,374,10,93.0,1
19505,20230222,580,5,80.4,1
19506,20260305,27,10,94.7,1
19507,20230520,56,1,92.0,1
19508,20230321,410,1,90.3,1
19509,20240422,450,4,89.0,1
19510,20230414,405,4,90.1,1
19511,20250823,644,8,86.9,1
19512,20230102,389,5,97.0,1
19513,20230806,431,7,84.6,1
19514,20231125,409,8,64.5,1
19515,20240426,154,10,73.9,1
19516,20230608,700,9,78.5,1
19517,20250320,691,6,98.6,1
19518,20251025,49,1,89.2,1
19519,20230415,265,2,89.2,1
19520,20240219,122,4,76.8,1
19521,20230211,427,10,91.1,1
19522,20260613,166,6,96.4,1
19523,20250419,434,7,72.0,1
19524,20231121,492,2,78.4,1
19525,20240119,306,6,69.4,1
19526,20251205,527,2,88.1,1
19527,20230812,198,3,51.1,1
19528,20250613,785,9,99.1,1
19529,20230124,365,8,83.0,1
19530,20240902,662,6,97.2,1
19531,20240726,305,1,97.7,1
19532,20231201,490,3,70.4,1
19533,20250203,234,7,86.8,1
19534,20250808,301,5,69.7,1
19535,20260308,45,10,96.2,1
19536,20230615,312,2,90.6,1
19537,20230426,177,1,81.6,1
19538,20250725,232,4,79.6,1
19539,20250411,744,4,86.6,1
19540,20231210,770,4,95.2,1
19541,20230224,568,4,96.0,1
19542,20230529,138,8,85.8,1
19543,20240917,296,4,92.4,1
19544,20230628,564,3,82.5,1
19545,20251023,419,2,98.8,1
19546,20240621,112,9,79.4,1
19547,20260228,247,9,98.7,1
19548,20250514,621,2,97.6,1
19549,20230412,304,10,89.8,1
19550,20250410,169,2,80.2,1
19551,20240624,235,8,99.6,1
19552,20240709,445,6,79.0,1
19553,20240925,365,2,98.2,1
19554,20250623,138,7,52.8,1
19555,20230730,471,6,79.5,1
19556,20250713,760,4,93.7,1
19557,20250414,250,8,99.3,1
19558,20231215,413,6,67.6,1
19559,20240216,231,6,90.5,1
19560,20230319,412,2,85.8,1
19561,20240730,447,1,94.2,1
19562,20240321,21,7,99.8,1
19563,20230112,232,9,96.2,1
19564,20230517,416,7,87.9,1
19565,20250513,458,5,89.9,1
19566,20250729,15,3,96.1,1
19567,20240704,571,9,95.3,1
19568,20250405,212,9,85.8,1
19569,20250403,220,4,97.8,1
19570,20230915,411,4,86.4,1
19571,20240514,140,9,77.0,1
19572,20250120,585,1,94.9,1
19573,20231229,342,10,82.2,1
19574,20250117,450,2,97.2,1
19575,20250620,330,3,75.4,1
19576,20250109,389,7,95.5,1
19577,20231126,342,1,95.9,1
19578,20240728,19,5,85.4,1
19579,20230910,345,1,99.7,1
19580,20250804,68,5,96.4,1
19581,20250422,42,1,83.7,1
19582,20260301,116,10,92.7,1
19583,20260419,723,2,85.7,1
19584,20250506,46,10,58.8,1
19585,20260208,72,10,90.7,1
19586,20260106,364,5,97.2,1
19587,20250829,636,1,87.9,1
19588,20240918,355,6,99.0,1
19589,20250926,653,7,85.1,1
19590,20251025,389,3,85.1,1
19591,20250222,458,2,93.3,1
19592,20251020,533,4,94.0,1
19593,20250905,308,6,94.9,1
19594,20240723,612,4,90.2,1
19595,20240107,340,3,98.4,1
19596,20230704,339,1,97.2,1
19597,20240529,281,6,76.9,1
19598,20231009,262,7,87.7,1
19599,20241105,38,4,88.9,1
19600,20240503,737,2,88.5,1
19601,20260208,605,10,96.4,1
19602,20250306,353,9,79.3,1
19603,20230301,574,10,75.4,1
19604,20260604,724,4,77.1,1
19605,20260116,795,5,91.0,1
19606,20240802,238,8,92.6,1
19607,20260216,782,10,85.6,1
19608,20230422,749,9,77.6,1
19609,20240118,119,10,92.7,1
19610,20250306,90,8,84.1,1
19611,20241108,602,1,77.0,1
19612,20260621,348,1,72.0,1
19613,20250724,21,1,94.0,1
19614,20251230,594,8,94.7,1
19615,20260512,526,9,95.3,1
19616,20240509,63,2,87.2,1
19617,20240314,386,4,99.3,1
19618,20230809,404,7,91.6,1
19619,20251007,446,1,88.4,1
19620,20240730,665,4,54.3,1
19621,20260108,753,6,88.1,1
19622,20251211,716,6,90.8,1
19623,20250510,1,9,87.4,1
19624,20230218,297,10,95.0,1
19625,20240414,439,1,95.3,1
19626,20241009,783,8,89.6,1
19627,20240519,706,7,96.2,1
19628,20230416,392,1,94.6,1
19629,20241227,448,9,83.4,1
19630,20230219,386,2,92.5,1
19631,20230212,289,8,96.1,1
19632,20231126,712,3,96.3,1
19633,20240518,384,5,98.2,1
19634,20240818,677,5,52.4,1
19635,20250828,701,5,80.4,1
19636,20231228,316,10,98.8,1
19637,20260410,531,4,82.0,1
19638,20240314,710,2,80.6,1
19639,20240919,695,7,93.9,1
19640,20240620,453,4,92.5,1
19641,20240831,777,7,92.8,1
19642,20231019,529,8,61.7,1
19643,20251101,344,7,93.5,1
19644,20240525,162,5,77.3,1
19645,20251002,686,9,98.4,1
19646,20251201,188,1,90.6,1
19647,20250609,52,3,98.1,1
19648,20231026,123,2,91.0,1
19649,20240704,240,2,94.3,1
19650,20250101,628,4,92.1,1
19651,20230107,556,8,76.4,1
19652,20230722,419,10,96.3,1
19653,20240906,278,6,95.1,1
19654,20251129,607,1,87.2,1
19655,20250625,350,7,72.3,1
19656,20250724,636,10,75.7,1
19657,20260613,526,5,88.9,1
19658,20250704,227,5,99.0,1
19659,20250908,771,4,89.9,1
19660,20250209,100,9,95.9,1
19661,20231227,718,9,71.0,1
19662,20250608,455,7,90.1,1
19663,20241007,406,7,92.1,1
19664,20240914,303,10,83.1,1
19665,20231105,399,6,83.5,1
19666,20230103,548,1,90.8,1
19667,20230522,101,6,90.7,1
19668,20230404,59,3,71.6,1
19669,20230617,617,6,86.4,1
19670,20240923,534,7,83.3,1
19671,20240308,673,10,55.0,1
19672,20250210,729,1,94.5,1
19673,20241121,215,7,81.6,1
19674,20230212,72,4,89.7,1
19675,20241222,719,5,51.9,1
19676,20250118,497,7,78.5,1
19677,20230117,229,6,86.2,1
19678,20231119,168,7,91.2,1
19679,20250512,48,4,85.9,1
19680,20231114,497,3,77.3,1
19681,20260113,535,2,80.9,1
19682,20240924,362,6,87.7,1
19683,20250211,699,9,78.1,1
19684,20230619,670,7,92.8,1
19685,20230310,485,3,80.1,1
19686,20230826,43,2,94.6,1
19687,20260125,790,7,77.3,1
19688,20230703,319,7,87.1,1
19689,20240520,21,8,69.5,1
19690,20260622,497,4,86.1,1
19691,20230130,488,4,80.5,1
19692,20230724,512,5,88.5,1
19693,20241126,633,2,80.6,1
19694,20240606,164,6,97.6,1
19695,20240117,34,5,93.5,1
19696,20241027,635,3,90.8,1
19697,20230925,744,2,99.3,1
19698,20250416,721,6,95.1,1
19699,20250703,304,7,84.7,1
19700,20240226,226,2,83.6,1
19701,20250210,382,3,75.9,1
19702,20230411,615,6,75.9,1
19703,20250517,542,3,99.5,1
19704,20230401,317,2,85.4,1
19705,20230112,791,3,81.8,1
19706,20230123,543,3,76.0,1
19707,20251101,113,8,88.4,1
19708,20260519,127,1,86.9,1
19709,20250320,440,5,75.9,1
19710,20250716,36,1,95.2,1
19711,20251009,137,6,95.0,1
19712,20231204,792,6,86.5,1
19713,20230809,449,10,68.3,1
19714,20260105,272,4,97.5,1
19715,20251012,41,3,94.4,1
19716,20240522,583,4,95.2,1
19717,20230304,672,10,72.2,1
19718,20250202,784,10,91.6,1
19719,20230521,223,9,58.9,1
19720,20251017,317,8,88.8,1
19721,20240809,717,6,82.4,1
19722,20240508,314,4,66.7,1
19723,20240823,35,8,95.1,1
19724,20230124,608,3,97.1,1
19725,20230314,180,1,73.9,1
19726,20250623,356,8,89.5,1
19727,20240718,285,9,91.8,1
19728,20230809,286,9,87.2,1
19729,20230704,782,9,87.9,1
19730,20230308,800,6,81.2,1
19731,20250728,558,9,89.5,1
19732,20241201,780,6,87.7,1
19733,20260616,647,10,74.9,1
19734,20260603,408,9,71.0,1
19735,20260112,460,9,90.4,1
19736,20250211,466,7,95.0,1
19737,20230914,369,1,81.3,1
19738,20260216,51,2,98.5,1
19739,20240918,201,6,98.0,1
19740,20230530,697,3,74.5,1
19741,20241223,305,3,91.1,1
19742,20231022,520,9,73.7,1
19743,20240317,407,3,82.1,1
19744,20240531,161,8,73.0,1
19745,20230203,311,1,98.4,1
19746,20250214,715,4,73.7,1
19747,20231214,199,6,70.0,1
19748,20230511,780,8,83.9,1
19749,20240627,373,3,94.8,1
19750,20250119,83,5,94.3,1
19751,20240528,56,10,97.8,1
19752,20250401,381,4,69.7,1
19753,20241017,290,8,93.3,1
19754,20260126,79,7,99.4,1
19755,20231222,655,7,90.4,1
19756,20230508,27,2,75.3,1
19757,20241122,58,4,93.9,1
19758,20230422,303,5,86.3,1
19759,20230730,421,9,85.6,1
19760,20241121,749,6,99.2,1
19761,20240216,274,1,97.5,1
19762,20251029,183,3,87.4,1
19763,20260125,481,6,83.3,1
19764,20231114,446,8,84.0,1
19765,20250706,652,10,89.8,1
19766,20231008,750,8,90.9,1
19767,20230322,347,8,86.8,1
19768,20231119,330,1,90.7,1
19769,20250424,493,2,75.6,1
19770,20260603,551,7,99.3,1
19771,20250429,348,3,82.2,1
19772,20250603,529,1,94.7,1
19773,20230303,134,7,95.3,1
19774,20230112,711,7,87.8,1
19775,20250714,351,8,86.0,1
19776,20240107,624,7,84.3,1
19777,20240817,589,1,93.1,1
19778,20260313,5,8,97.6,1
19779,20240903,601,8,83.0,1
19780,20230516,243,1,83.7,1
19781,20230308,491,8,78.7,1
19782,20251101,648,6,91.3,1
19783,20240906,331,5,75.5,1
19784,20250914,543,6,99.6,1
19785,20250211,479,2,85.5,1
19786,20230523,395,5,81.0,1
19787,20230627,606,9,92.2,1
19788,20250218,672,3,96.9,1
19789,20260522,300,1,92.7,1
19790,20260504,416,3,97.7,1
19791,20240229,577,8,89.7,1
19792,20230615,675,4,86.4,1
19793,20250411,491,4,92.9,1
19794,20240129,313,6,86.3,1
19795,20250304,336,9,92.3,1
19796,20250707,450,8,99.2,1
19797,20231122,776,1,98.7,1
19798,20230815,726,8,81.3,1
19799,20230512,698,8,89.2,1
19800,20260513,159,5,92.3,1
19801,20240728,785,8,94.7,1
19802,20240811,301,7,95.1,1
19803,20250206,59,9,95.7,1
19804,20231224,605,6,95.3,1
19805,20260228,377,6,95.4,1
19806,20250623,729,5,99.7,1
19807,20251125,778,8,94.2,1
19808,20240911,553,7,92.3,1
19809,20230602,686,10,97.2,1
19810,20260302,546,10,77.0,1
19811,20231110,686,6,98.0,1
19812,20240827,604,5,97.4,1
19813,20241105,532,3,79.9,1
19814,20230928,348,9,91.5,1
19815,20250507,463,4,97.7,1
19816,20240104,294,5,93.8,1
19817,20260104,189,4,99.1,1
19818,20241116,477,7,95.1,1
19819,20240311,95,2,91.5,1
19820,20241118,509,1,78.0,1
19821,20240122,16,4,95.2,1
19822,20251218,515,8,91.3,1
19823,20260610,717,4,93.5,1
19824,20240822,43,6,96.7,1
19825,20240926,144,3,85.8,1
19826,20240430,215,10,93.4,1
19827,20240129,743,5,98.7,1
19828,20230129,167,3,93.7,1
19829,20250319,537,1,56.9,1
19830,20260516,520,10,95.8,1
19831,20241020,272,1,89.4,1
19832,20230703,71,5,96.1,1
19833,20240210,237,3,91.1,1
19834,20240319,196,9,94.4,1
19835,20250524,549,1,86.2,1
19836,20230718,253,5,76.6,1
19837,20260516,237,4,89.3,1
19838,20231219,186,4,94.4,1
19839,20251228,569,5,93.4,1
19840,20231220,685,6,92.9,1
19841,20240204,331,3,96.5,1
19842,20230705,6,9,87.5,1
19843,20230725,51,4,90.0,1
19844,20230102,388,5,77.2,1
19845,20250807,530,1,96.5,1
19846,20231110,720,7,89.5,1
19847,20250928,773,6,93.8,1
19848,20230626,120,1,98.9,1
19849,20260401,43,5,84.5,1
19850,20240129,670,2,93.2,1
19851,20240110,390,8,75.3,1
19852,20230731,462,6,95.4,1
19853,20251029,64,10,88.3,1
19854,20231007,735,3,92.1,1
19855,20240808,573,1,62.7,1
19856,20230328,265,5,96.0,1
19857,20260317,354,5,88.0,1
19858,20250529,575,2,89.7,1
19859,20260417,508,3,88.4,1
19860,20230422,302,9,87.7,1
19861,20230730,103,7,74.2,1
19862,20240602,312,8,86.4,1
19863,20230531,201,8,90.7,1
19864,20250621,610,4,78.7,1
19865,20231130,587,7,98.7,1
19866,20251107,651,6,99.2,1
19867,20250914,112,5,84.1,1
19868,20240105,184,5,95.3,1
19869,20241028,276,4,94.1,1
19870,20260630,128,7,87.9,1
19871,20240721,770,4,88.1,1
19872,20240818,307,6,94.2,1
19873,20250704,7,5,98.4,1
19874,20250630,614,9,86.1,1
19875,20240728,615,10,98.7,1
19876,20230314,72,6,95.7,1
19877,20251031,521,10,80.8,1
19878,20231001,462,2,80.6,1
19879,20240706,21,6,88.8,1
19880,20251001,265,4,92.5,1
19881,20230618,180,5,93.7,1
19882,20230425,173,4,86.4,1
19883,20260629,756,3,73.1,1
19884,20240616,304,9,85.5,1
19885,20260109,68,7,86.0,1
19886,20240614,621,8,84.4,1
19887,20240623,778,6,79.7,1
19888,20240717,545,9,88.9,1
19889,20250216,508,1,94.8,1
19890,20240128,31,5,92.5,1
19891,20230124,364,1,81.0,1
19892,20260610,82,4,96.8,1
19893,20250707,213,7,84.7,1
19894,20240926,168,1,98.8,1
19895,20230904,132,4,94.9,1
19896,20260421,360,4,91.0,1
19897,20240308,34,9,84.1,1
19898,20260613,390,6,98.4,1
19899,20231029,141,1,98.0,1
19900,20240818,50,1,95.8,1
19901,20250124,173,4,92.6,1
19902,20260224,104,4,94.2,1
19903,20230621,271,2,89.1,1
19904,20250917,766,5,98.9,1
19905,20230214,1,9,68.1,1
19906,20250512,547,9,75.7,1
19907,20240530,297,9,99.3,1
19908,20230410,469,8,85.3,1
19909,20230426,798,6,78.1,1
19910,20240423,678,7,91.6,1
19911,20260626,628,3,94.6,1
19912,20240911,619,1,88.9,1
19913,20240518,639,4,81.2,1
19914,20230108,575,6,98.9,1
19915,20230324,301,5,94.9,1
19916,20230410,140,7,96.8,1
19917,20240909,769,2,93.2,1
19918,20250316,175,7,80.1,1
19919,20250522,248,3,87.4,1
19920,20240817,381,10,95.0,1
19921,20240419,96,9,99.8,1
19922,20240411,248,7,99.1,1
19923,20230926,377,2,85.4,1
19924,20240728,269,9,81.5,1
19925,20251120,71,10,91.6,1
19926,20230815,373,8,85.6,1
19927,20230427,329,4,83.6,1
19928,20250607,241,1,71.3,1
19929,20250503,263,1,78.8,1
19930,20240720,204,8,86.0,1
19931,20230517,786,6,99.2,1
19932,20241010,123,4,86.0,1
19933,20230805,291,8,91.7,1
19934,20251005,469,9,96.2,1
19935,20240920,288,4,98.1,1
19936,20240101,75,3,98.6,1
19937,20240627,195,4,90.3,1
19938,20230203,647,8,91.4,1
19939,20230422,553,7,78.4,1
19940,20241225,103,9,76.9,1
19941,20230918,600,9,84.4,1
19942,20230923,768,4,92.4,1
19943,20230514,563,2,91.7,1
19944,20250730,629,5,98.9,1
19945,20240614,255,8,94.0,1
19946,20241121,167,3,84.9,1
19947,20260424,785,8,85.0,1
19948,20230325,232,7,97.2,1
19949,20241016,705,4,79.5,1
19950,20240609,248,4,96.5,1
19951,20260117,19,3,97.4,1
19952,20250204,749,7,88.6,1
19953,20240815,333,1,98.2,1
19954,20230316,33,4,93.7,1
19955,20231012,485,6,90.7,1
19956,20260617,219,5,91.5,1
19957,20251022,66,8,91.1,1
19958,20240805,493,7,81.3,1
19959,20250604,40,5,98.2,1
19960,20260615,96,8,96.3,1
19961,20251217,189,4,96.7,1
19962,20230917,176,7,87.8,1
19963,20251007,669,4,98.3,1
19964,20250915,203,9,89.1,1
19965,20250817,509,4,85.8,1
19966,20230828,652,9,97.1,1
19967,20230429,504,3,96.5,1
19968,20250601,765,4,75.0,1
19969,20230602,753,8,93.7,1
19970,20230704,792,4,93.9,1
19971,20260218,606,8,97.0,1
19972,20241007,572,3,80.1,1
19973,20230105,582,9,93.2,1
19974,20240107,470,10,97.8,1
19975,20230222,216,4,82.4,1
19976,20251026,272,10,96.8,1
19977,20260523,704,7,81.3,1
19978,20230626,487,4,97.2,1
19979,20240929,122,6,85.6,1
19980,20230710,239,1,99.3,1
19981,20230909,271,6,84.2,1
19982,20231130,497,8,88.4,1
19983,20250214,485,6,87.1,1
19984,20240131,615,4,97.8,1
19985,20231105,276,4,76.2,1
19986,20250314,713,2,95.9,1
19987,20260501,427,5,99.1,1
19988,20260424,148,6,79.5,1
19989,20231209,164,2,92.7,1
19990,20240305,106,7,91.9,1
19991,20230919,50,3,91.9,1
19992,20240211,213,6,83.9,1
19993,20250812,233,6,93.9,1
19994,20250228,266,5,86.2,1
19995,20240131,691,4,97.9,1
19996,20250906,98,3,80.5,1
19997,20240925,146,6,96.2,1
19998,20241018,353,6,75.8,1
19999,20231103,587,2,94.8,1
20000,20240921,121,1,68.7,1
