TargetKey,DateKey,VendorKey,TargetRevenue,TargetUnits,BudgetCost
1,20230101,1,17540.1,647,10419.18
2,20230101,2,91846.72,3870,60123.42
3,20230101,3,53181.46,1309,29945.68
4,20230101,4,21243.88,548,13287.93
5,20230101,5,97830.92,4450,65510.64
6,20230101,6,43203.9,2127,29393.87
7,20230101,7,27895.75,1169,16495.75
8,20230101,8,12339.25,327,7747.39
9,20230101,9,78887.43,2318,54225.07
10,20230101,10,155296.84,5898,105603.3
11,20230101,11,199141.6,5720,113437.26
12,20230101,12,96599.45,5467,64930.9
13,20230101,13,93596.05,2433,64810.37
14,20230101,14,74539.87,2847,51242.99
15,20230101,15,47092.67,1459,28156.6
16,20230101,16,59386.68,1533,32916.75
17,20230101,17,52507.06,1256,36072.76
18,20230101,18,99753.03,2594,67438.63
19,20230101,19,84507.89,3915,55011.69
20,20230101,20,22899.5,1128,15245.11
21,20230101,21,43469.5,2235,26996.99
22,20230101,22,86115.66,2210,49487.92
23,20230101,23,34710.83,1266,23912.69
24,20230101,24,79668.75,4180,55186.64
25,20230101,25,67480.97,2427,46480.65
26,20230101,26,80590.59,3169,56012.74
27,20230101,27,33900.33,782,19664.28
28,20230101,28,92250.95,5421,63417.89
29,20230101,29,49166.57,2049,33755.78
30,20230101,30,89754.21,2169,57077.45
31,20230101,31,104234.01,2370,72493.99
32,20230101,32,51400.69,1929,34808.34
33,20230101,33,74216.67,1892,48983.07
34,20230101,34,52490.12,2246,31394.13
35,20230101,35,194439.51,4575,111724.44
36,20230101,36,89501.11,2996,59808.22
37,20230101,37,75784.0,2185,51507.51
38,20230101,38,41843.76,1597,26207.01
39,20230101,39,217466.35,5531,144643.92
40,20230101,40,45705.25,1242,27573.14
41,20230101,41,25153.36,630,14126.22
42,20230101,42,146747.13,7372,98940.09
43,20230101,43,7551.89,413,5136.41
44,20230101,44,37969.91,1471,22797.81
45,20230101,45,88019.28,2628,50415.17
46,20230101,46,121130.53,5056,79527.88
47,20230101,47,47156.13,1920,26021.28
48,20230101,48,76588.18,3260,46558.75
49,20230101,49,72143.73,3078,44348.81
50,20230101,50,65906.6,3482,44920.8
51,20230101,51,52959.47,1839,31279.86
52,20230101,52,28373.04,1010,16904.69
53,20230101,53,97280.25,4213,60137.57
54,20230101,54,13894.39,785,8664.56
55,20230101,55,81679.38,3412,50846.1
56,20230101,56,51901.43,1211,31540.0
57,20230101,57,54199.56,3241,31745.87
58,20230101,58,80609.4,1857,53473.2
59,20230101,59,68601.91,1777,38905.58
60,20230101,60,30727.56,1198,19691.11
61,20230101,61,68649.51,1586,40988.57
62,20230101,62,24599.5,807,15362.08
63,20230101,63,69463.42,3481,44694.2
64,20230101,64,205166.98,5351,136739.63
65,20230101,65,70051.2,2457,48752.59
66,20230101,66,88673.73,2113,60864.4
67,20230101,67,15335.79,369,9881.92
68,20230101,68,37190.07,1027,20568.77
69,20230101,69,73993.24,3658,42155.58
70,20230101,70,35332.72,2152,22532.04
71,20230101,71,149477.99,6768,83278.71
72,20230101,72,71466.14,2983,44011.71
73,20230101,73,99021.9,2249,69088.29
74,20230101,74,106002.99,6988,72504.98
75,20230101,75,117957.56,2811,65546.04
76,20230101,76,47960.64,1622,29545.6
77,20230101,77,43687.39,1435,28854.71
78,20230101,78,199502.45,5007,127376.6
79,20230101,79,14312.39,469,9745.5
80,20230101,80,62011.9,2897,42779.33
81,20230101,81,68570.39,2222,40313.46
82,20230101,82,61204.37,1405,33706.3
83,20230101,83,45848.99,1074,25609.28
84,20230101,84,112243.63,2566,71852.89
85,20230101,85,60205.64,2620,34896.62
86,20230101,86,21585.86,568,12749.01
87,20230101,87,57240.46,2469,39953.95
88,20230101,88,123078.9,3270,81151.83
89,20230101,89,59909.14,1697,34932.7
90,20230101,90,158946.49,7323,103272.57
91,20230101,91,41283.96,1178,26034.7
92,20230101,92,133409.54,3356,77769.09
93,20230101,93,33437.39,1184,20276.99
94,20230101,94,15121.01,432,8453.14
95,20230101,95,187789.37,11285,122509.98
96,20230101,96,26929.47,727,18418.44
97,20230101,97,26658.84,675,16189.01
98,20230101,98,40205.41,1494,28133.15
99,20230101,99,75326.65,1802,46369.43
100,20230101,100,35744.33,1578,24101.92
101,20230101,101,87774.17,3726,54283.95
102,20230101,102,216799.89,10922,135054.7
103,20230101,103,190911.42,4779,105747.44
104,20230101,104,17236.86,432,10299.83
105,20230101,105,148991.25,6679,85698.69
106,20230101,106,11181.71,306,6435.1
107,20230101,107,129055.93,5797,79651.97
108,20230101,108,41801.95,1003,27301.41
109,20230101,109,20760.49,1298,13325.79
110,20230101,110,41126.8,2264,24888.01
111,20230101,111,141736.59,8245,82300.34
112,20230101,112,218663.54,7470,125233.07
113,20230101,113,96212.97,4253,63059.27
114,20230101,114,97880.96,4399,55798.15
115,20230101,115,34239.73,1029,21726.62
116,20230101,116,16149.94,648,10851.09
117,20230101,117,110077.37,3144,69324.25
118,20230101,118,180070.44,4094,100860.7
119,20230101,119,11363.65,469,7707.74
120,20230101,120,207234.25,6833,144316.0
121,20230101,121,59751.48,1534,40477.79
122,20230101,122,167976.7,4112,114981.43
123,20230101,123,97068.58,3083,58699.47
124,20230101,124,33248.98,1056,18959.1
125,20230101,125,90470.16,3188,55660.33
126,20230101,126,201411.63,4844,134013.31
127,20230101,127,52960.71,1255,33396.41
128,20230101,128,97817.34,5521,62089.46
129,20230101,129,179553.17,4434,101696.49
130,20230101,130,177216.67,9172,123185.96
131,20230101,131,106874.87,4722,74455.62
132,20230101,132,96606.15,3797,60988.94
133,20230101,133,53647.3,1717,30105.37
134,20230101,134,72758.34,1703,49404.71
135,20230101,135,33702.07,806,18978.55
136,20230101,136,49477.88,2084,30801.3
137,20230101,137,169452.41,9473,108184.5
138,20230101,138,100610.14,3914,67061.36
139,20230101,139,35130.32,1523,20098.96
140,20230101,140,9120.35,323,5379.97
141,20230101,141,24700.02,1608,16619.65
142,20230101,142,242442.1,15834,158546.65
143,20230101,143,100951.78,3222,67793.15
144,20230101,144,82400.31,2061,47085.09
145,20230101,145,122877.14,6289,84614.32
146,20230101,146,34880.4,1406,21319.81
147,20230101,147,43334.03,1447,28454.47
148,20230101,148,56473.95,2391,35212.31
149,20230101,149,15831.17,744,9636.37
150,20230101,150,29386.76,758,18519.63
151,20230201,1,42489.3,1107,25117.79
152,20230201,2,74647.18,3439,45521.62
153,20230201,3,10496.72,269,7183.29
154,20230201,4,40632.8,1848,27807.85
155,20230201,5,107858.06,3920,64585.97
156,20230201,6,93752.2,4987,63758.42
157,20230201,7,106300.91,2830,59930.16
158,20230201,8,101664.06,2325,63288.75
159,20230201,9,67711.21,3159,46418.86
160,20230201,10,155375.27,10273,107076.06
161,20230201,11,160562.3,3780,104712.38
162,20230201,12,87351.9,4703,60812.5
163,20230201,13,13898.64,396,7963.36
164,20230201,14,121362.57,7489,84555.36
165,20230201,15,54305.26,3332,36080.44
166,20230201,16,108969.39,2562,61934.64
167,20230201,17,16644.74,543,10256.24
168,20230201,18,19960.35,471,12837.02
169,20230201,19,105035.92,4957,60945.74
170,20230201,20,116930.15,2916,71583.73
171,20230201,21,98688.14,3375,57742.87
172,20230201,22,11217.53,315,7818.92
173,20230201,23,50726.95,1439,28476.1
174,20230201,24,83132.56,1861,47902.98
175,20230201,25,33218.05,2164,20932.85
176,20230201,26,61434.43,1794,41856.27
177,20230201,27,41206.16,2175,23652.82
178,20230201,28,61148.86,1646,34385.92
179,20230201,29,30706.15,1059,17515.67
180,20230201,30,43025.91,1142,24169.01
181,20230201,31,93911.04,2243,55190.19
182,20230201,32,79146.1,2791,43756.75
183,20230201,33,75915.6,1906,41806.68
184,20230201,34,67470.51,1590,46246.79
185,20230201,35,48448.2,1216,33716.87
186,20230201,36,60539.57,1371,36419.73
187,20230201,37,78665.78,2873,46114.4
188,20230201,38,89877.49,2584,56850.92
189,20230201,39,46586.51,1231,28689.69
190,20230201,40,268807.68,11674,182122.56
191,20230201,41,37290.12,1739,20960.27
192,20230201,42,33679.46,1286,23352.31
193,20230201,43,37445.65,1616,24112.61
194,20230201,44,103750.28,2492,59770.85
195,20230201,45,9030.64,313,5559.85
196,20230201,46,177632.64,8242,112067.51
197,20230201,47,89525.06,2796,61903.45
198,20230201,48,65671.18,1591,44744.46
199,20230201,49,109237.59,5788,67021.42
200,20230201,50,26180.88,615,17658.39
201,20230201,51,42489.21,1221,27314.09
202,20230201,52,98744.96,4457,68781.11
203,20230201,53,56638.48,2343,34736.48
204,20230201,54,40910.52,2029,26227.01
205,20230201,55,78717.86,2490,48733.16
206,20230201,56,9770.4,455,6693.26
207,20230201,57,42598.12,1650,27790.91
208,20230201,58,79288.87,2275,44598.83
209,20230201,59,95093.35,6322,61361.37
210,20230201,60,56545.2,2304,38793.07
211,20230201,61,81515.42,1821,55770.51
212,20230201,62,91605.27,3747,59961.02
213,20230201,63,62599.51,2058,36632.29
214,20230201,64,291361.41,14807,176674.27
215,20230201,65,86097.48,2608,47823.56
216,20230201,66,27526.32,672,18014.34
217,20230201,67,67913.06,2454,46163.33
218,20230201,68,7584.27,211,4715.51
219,20230201,69,19428.68,731,11612.17
220,20230201,70,60922.37,1563,37695.32
221,20230201,71,148786.04,8167,97646.82
222,20230201,72,61305.23,2780,40526.46
223,20230201,73,26162.17,1604,15961.06
224,20230201,74,100884.54,3762,62251.93
225,20230201,75,57277.81,1958,32467.88
226,20230201,76,167812.53,6861,102331.67
227,20230201,77,84644.12,2024,55899.58
228,20230201,78,185613.12,5330,118346.13
229,20230201,79,29056.55,822,17321.28
230,20230201,80,12983.47,420,7147.1
231,20230201,81,79523.2,1823,47424.93
232,20230201,82,17970.83,703,12055.53
233,20230201,83,47640.87,1907,27462.07
234,20230201,84,274611.13,9054,188988.62
235,20230201,85,103874.89,2512,59527.2
236,20230201,86,12981.29,324,8947.24
237,20230201,87,74048.01,2491,50335.49
238,20230201,88,41581.69,2099,25934.84
239,20230201,89,171715.46,6892,110352.6
240,20230201,90,37109.04,1098,25323.34
241,20230201,91,38359.41,1034,24357.75
242,20230201,92,73989.3,3247,47669.85
243,20230201,93,100109.34,3434,55989.73
244,20230201,94,14606.75,649,9605.28
245,20230201,95,158522.65,8811,106572.01
246,20230201,96,64305.0,3020,37390.3
247,20230201,97,95140.3,4317,60729.78
248,20230201,98,71186.55,2050,49799.54
249,20230201,99,208190.31,7061,138339.87
250,20230201,100,144771.3,4734,88514.47
251,20230201,101,81285.1,2648,51280.07
252,20230201,102,116544.75,3346,66137.24
253,20230201,103,271204.18,8108,168972.09
254,20230201,104,98693.38,3308,54819.42
255,20230201,105,118567.13,3264,76370.36
256,20230201,106,32086.16,803,20198.08
257,20230201,107,273501.02,9818,162858.73
258,20230201,108,83083.15,3089,51679.28
259,20230201,109,35996.06,854,24019.46
260,20230201,110,31383.01,1417,19120.32
261,20230201,111,180549.43,6718,115758.28
262,20230201,112,131293.84,3884,77520.25
263,20230201,113,61868.99,1379,34463.92
264,20230201,114,85871.45,3981,52356.82
265,20230201,115,46077.28,2683,26416.62
266,20230201,116,111560.32,3986,65981.07
267,20230201,117,89731.02,2065,62390.28
268,20230201,118,105387.24,4090,61086.72
269,20230201,119,19256.06,619,12083.93
270,20230201,120,113696.98,2767,68646.46
271,20230201,121,41897.79,1825,23756.11
272,20230201,122,207893.52,6729,125348.0
273,20230201,123,49900.39,1856,33846.92
274,20230201,124,22450.62,716,15331.19
275,20230201,125,34414.53,1378,24054.63
276,20230201,126,77706.53,1988,45679.93
277,20230201,127,50752.97,1621,33568.07
278,20230201,128,47986.39,2980,32296.59
279,20230201,129,154644.78,4976,104035.11
280,20230201,130,85601.96,3349,50903.42
281,20230201,131,7743.15,384,4442.66
282,20230201,132,60730.67,2790,35854.88
283,20230201,133,144101.98,4062,85452.37
284,20230201,134,17198.2,493,10486.24
285,20230201,135,80949.12,3779,48170.87
286,20230201,136,75338.51,3148,42592.44
287,20230201,137,173099.81,8088,114357.87
288,20230201,138,76940.84,2909,44826.82
289,20230201,139,171061.21,8950,105169.56
290,20230201,140,9277.63,257,5418.38
291,20230201,141,75587.69,3238,47134.93
292,20230201,142,194316.74,12100,118151.79
293,20230201,143,47264.23,1908,27161.39
294,20230201,144,76414.66,2228,47990.45
295,20230201,145,84672.62,4485,52050.79
296,20230201,146,141304.95,8739,94175.5
297,20230201,147,23051.95,625,13298.4
298,20230201,148,100352.06,2678,64050.88
299,20230201,149,44431.58,1651,30318.06
300,20230201,150,63030.06,3355,41792.14
301,20230301,1,35436.86,935,23640.91
302,20230301,2,41388.65,2230,24481.49
303,20230301,3,58129.86,2058,36933.98
304,20230301,4,12730.99,292,8717.46
305,20230301,5,14791.56,716,8640.89
306,20230301,6,13263.48,406,7962.72
307,20230301,7,155108.32,6114,91404.82
308,20230301,8,103149.61,4419,60768.15
309,20230301,9,34864.66,1163,20055.29
310,20230301,10,49863.19,1932,31419.78
311,20230301,11,118122.32,4421,72746.49
312,20230301,12,57664.45,1455,36189.69
313,20230301,13,28128.2,825,19140.03
314,20230301,14,92747.7,2175,51202.96
315,20230301,15,101374.39,2448,61351.98
316,20230301,16,87823.37,2186,52539.28
317,20230301,17,10671.27,499,6295.59
318,20230301,18,84005.81,3082,57606.09
319,20230301,19,21106.89,547,12899.4
320,20230301,20,123107.19,2960,77602.78
321,20230301,21,81530.05,4905,50317.11
322,20230301,22,56028.22,1559,39098.08
323,20230301,23,67297.95,2245,41164.31
324,20230301,24,42315.74,1857,23882.93
325,20230301,25,72947.84,2852,43583.3
326,20230301,26,42545.78,2783,27911.4
327,20230301,27,76863.74,3807,44429.57
328,20230301,28,51356.78,1995,32225.69
329,20230301,29,102466.99,3308,61085.77
330,20230301,30,74250.0,2561,44909.62
331,20230301,31,13995.06,331,8697.07
332,20230301,32,97161.03,4519,53939.24
333,20230301,33,60328.66,1357,33714.38
334,20230301,34,217794.55,8357,130469.41
335,20230301,35,55681.89,3222,32132.0
336,20230301,36,45031.88,2254,27553.04
337,20230301,37,69911.2,1849,46335.38
338,20230301,38,108817.87,4579,67450.19
339,20230301,39,36991.36,834,21264.11
340,20230301,40,244622.87,6211,156445.55
341,20230301,41,95381.44,3539,57006.62
342,20230301,42,217263.65,7629,136134.78
343,20230301,43,68582.03,3171,43861.44
344,20230301,44,20367.95,823,12524.96
345,20230301,45,67437.46,3160,40829.18
346,20230301,46,58070.88,1501,39676.94
347,20230301,47,81730.02,3757,49284.19
348,20230301,48,99663.87,4051,61803.27
349,20230301,49,87304.0,2504,51975.43
350,20230301,50,100332.1,2468,66276.41
351,20230301,51,78768.49,2650,51852.87
352,20230301,52,85325.78,2077,55190.23
353,20230301,53,73286.59,3343,47667.08
354,20230301,54,87050.59,4380,58615.95
355,20230301,55,102684.29,3504,60958.52
356,20230301,56,54021.42,2726,36087.26
357,20230301,57,109195.5,3845,71204.43
358,20230301,58,93858.52,5429,56452.83
359,20230301,59,46385.86,1833,26557.08
360,20230301,60,168743.22,5682,101809.49
361,20230301,61,105013.16,3439,73041.54
362,20230301,62,56919.79,1339,36841.06
363,20230301,63,77315.4,1983,42593.7
364,20230301,64,300593.2,12614,170158.01
365,20230301,65,46367.05,1260,26771.41
366,20230301,66,79522.97,3472,48871.26
367,20230301,67,184037.16,12025,116682.03
368,20230301,68,59595.61,1571,38255.35
369,20230301,69,26965.52,903,18648.91
370,20230301,70,17195.76,704,10729.12
371,20230301,71,23907.49,743,15657.11
372,20230301,72,42004.62,1325,29291.03
373,20230301,73,36105.61,1698,20070.78
374,20230301,74,104991.3,4550,66218.8
375,20230301,75,265925.19,13945,167413.03
376,20230301,76,61954.34,2931,37654.58
377,20230301,77,55415.63,1370,38069.89
378,20230301,78,213226.33,4864,129923.02
379,20230301,79,39926.32,2080,26940.0
380,20230301,80,26948.67,820,18832.18
381,20230301,81,95535.61,2489,65578.53
382,20230301,82,10277.96,322,6543.49
383,20230301,83,66614.26,2794,43607.95
384,20230301,84,231346.84,8124,143716.3
385,20230301,85,42433.54,1202,25373.57
386,20230301,86,16176.18,575,11219.72
387,20230301,87,33194.48,843,19725.81
388,20230301,88,217244.25,5714,145403.72
389,20230301,89,209732.76,7803,124597.06
390,20230301,90,91689.02,2145,61200.81
391,20230301,91,8538.39,197,4919.22
392,20230301,92,87675.95,2750,50776.87
393,20230301,93,8072.34,274,4561.91
394,20230301,94,44805.44,1385,28260.3
395,20230301,95,191951.07,4277,125555.57
396,20230301,96,8649.84,406,5177.64
397,20230301,97,99475.44,2930,65357.24
398,20230301,98,86823.43,2652,50972.09
399,20230301,99,218271.43,8000,134342.47
400,20230301,100,187133.9,8520,127307.72
401,20230301,101,107737.9,2755,70768.45
402,20230301,102,173278.49,4317,106317.9
403,20230301,103,93758.6,3090,62292.48
404,20230301,104,66225.53,2572,36644.98
405,20230301,105,96195.28,5147,55559.39
406,20230301,106,25182.67,1232,14077.33
407,20230301,107,285382.72,8787,181701.25
408,20230301,108,72365.4,3681,47335.5
409,20230301,109,67463.55,4291,44847.18
410,20230301,110,82812.11,3477,46508.38
411,20230301,111,93661.01,4340,58595.14
412,20230301,112,152881.67,4269,93643.54
413,20230301,113,100743.32,6499,66151.94
414,20230301,114,79383.9,2495,53530.08
415,20230301,115,91833.19,3930,59508.44
416,20230301,116,104112.63,4484,72333.19
417,20230301,117,36956.36,1127,24967.42
418,20230301,118,193899.7,6191,127987.79
419,20230301,119,54297.56,2664,37375.52
420,20230301,120,205965.2,13097,140384.54
421,20230301,121,34222.51,1993,22463.7
422,20230301,122,83216.12,2023,48622.81
423,20230301,123,56046.5,1500,35807.37
424,20230301,124,29142.02,902,17044.76
425,20230301,125,38534.55,1575,22444.29
426,20230301,126,168039.51,5465,105614.47
427,20230301,127,90246.12,5545,53104.94
428,20230301,128,56232.93,1435,33840.54
429,20230301,129,149733.44,7695,100590.96
430,20230301,130,139941.8,5402,80007.94
431,20230301,131,31158.01,1466,19754.33
432,20230301,132,86234.94,3007,47655.81
433,20230301,133,268499.53,9129,177547.56
434,20230301,134,58483.98,1635,39486.06
435,20230301,135,56746.31,1430,33559.19
436,20230301,136,88878.32,5316,53933.05
437,20230301,137,146004.26,4759,80524.8
438,20230301,138,120175.67,2686,69257.34
439,20230301,139,189209.37,5239,116619.71
440,20230301,140,56022.73,2382,32785.88
441,20230301,141,31168.31,754,19267.3
442,20230301,142,278830.35,13696,188428.58
443,20230301,143,92005.36,2361,63119.16
444,20230301,144,82483.56,4475,50433.81
445,20230301,145,72713.99,3193,47161.58
446,20230301,146,83512.38,2410,57403.77
447,20230301,147,183152.46,6171,105983.33
448,20230301,148,63996.21,2649,36932.63
449,20230301,149,43328.66,1114,25294.72
450,20230301,150,105313.8,5071,67348.46
451,20230401,1,71868.39,2439,46003.68
452,20230401,2,87400.54,3175,54354.01
453,20230401,3,83584.18,4865,53140.4
454,20230401,4,93080.79,2380,53736.73
455,20230401,5,27849.68,918,18904.22
456,20230401,6,37241.07,994,24618.72
457,20230401,7,79349.39,3201,50051.07
458,20230401,8,43349.71,1016,29709.14
459,20230401,9,109650.08,4746,65968.25
460,20230401,10,28238.17,1181,15758.13
461,20230401,11,78387.82,3079,49083.36
462,20230401,12,60348.42,1804,34185.82
463,20230401,13,52499.86,2106,29498.27
464,20230401,14,150908.18,3634,95069.63
465,20230401,15,31068.81,774,20362.53
466,20230401,16,11057.08,279,6959.13
467,20230401,17,61434.42,2347,40853.49
468,20230401,18,43357.51,1395,29617.67
469,20230401,19,170819.01,5927,112731.54
470,20230401,20,129614.83,5421,83277.22
471,20230401,21,55060.34,2120,30951.41
472,20230401,22,50928.61,3145,34814.13
473,20230401,23,82148.91,2367,51960.24
474,20230401,24,86230.29,2673,57907.48
475,20230401,25,40646.37,1231,27272.7
476,20230401,26,20747.35,557,14225.82
477,20230401,27,71862.93,2282,43316.11
478,20230401,28,60109.64,2574,39926.01
479,20230401,29,26481.1,1033,16290.88
480,20230401,30,44488.06,1330,25453.24
481,20230401,31,62222.14,2786,34456.14
482,20230401,32,105127.17,2888,58907.38
483,20230401,33,59516.34,1408,35193.42
484,20230401,34,200171.09,6369,112315.92
485,20230401,35,115169.97,2753,78115.18
486,20230401,36,82168.61,4885,51716.5
487,20230401,37,55191.69,3373,38300.78
488,20230401,38,30902.72,802,19705.33
489,20230401,39,119699.59,2760,68267.14
490,20230401,40,224305.63,10925,126407.35
491,20230401,41,27446.1,838,17377.37
492,20230401,42,52416.11,1585,35632.45
493,20230401,43,79602.32,1898,47165.77
494,20230401,44,15526.65,498,9992.9
495,20230401,45,35339.68,1317,20605.48
496,20230401,46,182886.83,7498,123776.62
497,20230401,47,39519.18,2582,24947.74
498,20230401,48,109245.71,4226,60596.38
499,20230401,49,67171.49,2014,42687.27
500,20230401,50,119801.4,3003,83339.59
501,20230401,51,99888.85,4039,55396.63
502,20230401,52,81033.27,4037,53190.42
503,20230401,53,80300.74,2806,50609.68
504,20230401,54,67611.86,1831,44506.95
505,20230401,55,86071.04,2037,52714.08
506,20230401,56,8860.62,565,5162.84
507,20230401,57,34731.49,791,20170.74
508,20230401,58,86263.64,5223,58924.46
509,20230401,59,105249.55,2876,71904.5
510,20230401,60,133837.51,4911,76746.13
511,20230401,61,71611.25,2015,41110.36
512,20230401,62,40942.81,1151,28159.62
513,20230401,63,78429.21,3777,43654.23
514,20230401,64,172601.46,5405,110387.82
515,20230401,65,76001.48,1819,52167.06
516,20230401,66,17881.9,712,11173.25
517,20230401,67,180411.94,7612,117614.95
518,20230401,68,68551.18,2862,39520.29
519,20230401,69,31293.82,1844,21277.2
520,20230401,70,11776.88,693,7581.82
521,20230401,71,113313.8,3234,62561.56
522,20230401,72,37871.77,1028,22811.8
523,20230401,73,94604.57,2885,54246.19
524,20230401,74,77784.91,4735,49714.53
525,20230401,75,90767.23,2867,55964.76
526,20230401,76,113568.08,2642,79127.73
527,20230401,77,116375.81,5775,68423.71
528,20230401,78,191583.92,6227,106659.66
529,20230401,79,63759.19,1441,38897.62
530,20230401,80,35154.24,1262,22840.21
531,20230401,81,32341.17,1133,19576.44
532,20230401,82,41480.51,927,26276.62
533,20230401,83,7919.38,204,4629.53
534,20230401,84,31124.92,1298,20501.55
535,20230401,85,136991.51,3993,84653.7
536,20230401,86,70611.92,2590,41495.57
537,20230401,87,98156.85,3400,54324.78
538,20230401,88,204034.9,12095,137023.75
539,20230401,89,181190.64,7893,119334.49
540,20230401,90,113721.51,2810,77583.95
541,20230401,91,99087.11,3736,61430.38
542,20230401,92,20305.49,1060,11927.7
543,20230401,93,41101.12,960,27480.64
544,20230401,94,52314.57,1320,35966.0
545,20230401,95,62537.04,1752,37816.55
546,20230401,96,18422.51,582,10386.71
547,20230401,97,53061.69,1370,34753.37
548,20230401,98,94289.36,4667,58895.74
549,20230401,99,204641.6,7093,141241.68
550,20230401,100,97157.06,2894,67419.78
551,20230401,101,61345.58,2657,42135.74
552,20230401,102,103281.65,2995,61730.47
553,20230401,103,36413.64,2046,24915.46
554,20230401,104,55593.14,1529,34327.07
555,20230401,105,147576.2,7860,87321.27
556,20230401,106,32587.81,1100,20072.77
557,20230401,107,225600.78,10979,127992.18
558,20230401,108,55562.98,1436,38679.76
559,20230401,109,89489.27,3123,50141.2
560,20230401,110,34560.67,1811,21451.42
561,20230401,111,32809.81,931,18769.02
562,20230401,112,99355.76,2731,61775.24
563,20230401,113,10965.18,282,6600.48
564,20230401,114,71900.22,3537,44992.9
565,20230401,115,69816.37,3576,39823.87
566,20230401,116,186372.5,4221,118075.78
567,20230401,117,57732.54,2823,38067.43
568,20230401,118,198684.12,4838,122595.0
569,20230401,119,41931.39,1563,23444.4
570,20230401,120,110288.52,3148,70936.32
571,20230401,121,56408.46,1703,34394.45
572,20230401,122,218951.49,12597,151911.24
573,20230401,123,24317.11,1115,15744.91
574,20230401,124,103222.94,3003,59613.88
575,20230401,125,63596.42,2832,42407.03
576,20230401,126,129508.54,4307,79603.65
577,20230401,127,27565.91,1783,18146.9
578,20230401,128,13007.1,487,7273.43
579,20230401,129,74932.4,2138,50295.22
580,20230401,130,25438.33,584,17270.26
581,20230401,131,24013.57,1141,13236.78
582,20230401,132,65896.4,2342,43039.08
583,20230401,133,280176.74,17858,167703.76
584,20230401,134,25157.71,616,14311.91
585,20230401,135,24734.33,797,14585.1
586,20230401,136,102738.62,2974,63122.47
587,20230401,137,177562.12,5369,110330.57
588,20230401,138,122036.23,5504,73831.16
589,20230401,139,201570.66,8406,136661.19
590,20230401,140,22150.8,642,12668.36
591,20230401,141,13012.14,342,7867.39
592,20230401,142,155325.95,3540,92166.25
593,20230401,143,42562.48,1191,28601.22
594,20230401,144,17314.71,617,11216.89
595,20230401,145,93517.82,3689,58512.83
596,20230401,146,182463.8,7133,106579.31
597,20230401,147,106004.16,2498,66316.39
598,20230401,148,10704.69,361,7143.96
599,20230401,149,32276.85,951,19795.32
600,20230401,150,38998.97,1307,25749.72
601,20230501,1,71338.04,2005,43956.23
602,20230501,2,22530.6,564,12879.45
603,20230501,3,54120.77,2861,35457.06
604,20230501,4,98534.15,2708,55736.56
605,20230501,5,14373.15,683,8225.01
606,20230501,6,55245.89,1575,37494.07
607,20230501,7,97155.67,2162,55137.17
608,20230501,8,32903.37,1177,18704.67
609,20230501,9,89579.14,2950,53780.87
610,20230501,10,109612.41,4821,63619.68
611,20230501,11,143924.35,4586,90922.71
612,20230501,12,96737.0,4604,54121.07
613,20230501,13,60147.82,1653,39805.47
614,20230501,14,197151.35,6313,110993.03
615,20230501,15,68146.36,4208,38453.74
616,20230501,16,49522.5,2445,27964.21
617,20230501,17,14679.03,658,10012.77
618,20230501,18,83644.07,3588,51668.67
619,20230501,19,147157.74,6040,92600.37
620,20230501,20,18034.42,882,11610.85
621,20230501,21,76726.96,2060,44329.0
622,20230501,22,42068.1,1256,27992.1
623,20230501,23,48002.77,2757,27282.91
624,20230501,24,58156.43,1301,38726.5
625,20230501,25,46054.24,1272,26258.61
626,20230501,26,53620.24,3323,34481.3
627,20230501,27,44437.67,1004,28287.66
628,20230501,28,104974.18,3083,67848.14
629,20230501,29,33039.13,1165,19405.42
630,20230501,30,106681.78,3633,61487.99
631,20230501,31,64331.8,1527,45026.54
632,20230501,32,63763.76,2633,38279.82
633,20230501,33,32768.38,934,19011.51
634,20230501,34,142460.11,8119,78934.02
635,20230501,35,107865.64,3077,62901.93
636,20230501,36,49774.79,1903,28004.74
637,20230501,37,106474.97,2944,72817.96
638,20230501,38,108831.47,6115,70372.61
639,20230501,39,176610.83,9482,98099.55
640,20230501,40,33191.36,1774,21020.47
641,20230501,41,50487.06,2275,28757.89
642,20230501,42,117501.95,5004,81621.59
643,20230501,43,67911.82,2125,42253.46
644,20230501,44,106085.27,2763,59301.4
645,20230501,45,73601.89,2606,46004.54
646,20230501,46,174883.47,5241,112138.44
647,20230501,47,71284.59,4642,48559.13
648,20230501,48,105675.45,2877,59461.97
649,20230501,49,46562.43,1503,30852.86
650,20230501,50,69747.98,1631,47102.44
651,20230501,51,70246.82,2703,40814.7
652,20230501,52,59511.77,2636,37225.21
653,20230501,53,26609.8,707,14718.83
654,20230501,54,18822.58,932,11977.83
655,20230501,55,70706.52,3308,41865.29
656,20230501,56,86280.11,2108,56179.69
657,20230501,57,94819.42,4617,61459.78
658,20230501,58,10096.44,249,5750.2
659,20230501,59,109550.24,7293,72132.06
660,20230501,60,159932.91,6275,102670.02
661,20230501,61,21002.84,547,12796.51
662,20230501,62,61571.48,2806,37970.13
663,20230501,63,99807.07,5991,55948.71
664,20230501,64,113039.41,5451,69364.37
665,20230501,65,106352.82,3024,58926.93
666,20230501,66,22344.91,518,12313.23
667,20230501,67,64134.32,2559,37086.77
668,20230501,68,102703.77,3664,58778.09
669,20230501,69,7974.34,340,4715.03
670,20230501,70,104983.22,3365,69874.3
671,20230501,71,68300.09,2277,46193.09
672,20230501,72,90220.72,3204,60269.37
673,20230501,73,24735.13,782,14215.41
674,20230501,74,54059.98,3535,37316.09
675,20230501,75,54538.16,1946,32434.5
676,20230501,76,143215.75,3459,99371.12
677,20230501,77,125971.27,5530,82990.39
678,20230501,78,114391.99,5875,68887.64
679,20230501,79,87354.77,2677,60961.96
680,20230501,80,77901.24,3912,53791.94
681,20230501,81,14119.5,604,9785.28
682,20230501,82,14060.41,421,8561.87
683,20230501,83,83559.02,4379,50347.46
684,20230501,84,203707.63,5172,113759.46
685,20230501,85,19415.31,695,11712.12
686,20230501,86,84912.23,2027,56798.55
687,20230501,87,55912.03,1887,35626.85
688,20230501,88,97416.53,5459,64113.75
689,20230501,89,39201.89,1568,23736.93
690,20230501,90,133386.47,6514,84693.27
691,20230501,91,10437.43,467,7275.87
692,20230501,92,183816.47,5386,118025.66
693,20230501,93,39246.79,941,26383.8
694,20230501,94,56989.52,3374,32611.54
695,20230501,95,123774.28,3860,74768.39
696,20230501,96,79678.46,1808,52826.7
697,20230501,97,33849.54,1523,22674.94
698,20230501,98,109113.47,2588,61924.85
699,20230501,99,207973.16,9075,124006.39
700,20230501,100,89010.78,3052,57760.16
701,20230501,101,14126.76,420,9471.04
702,20230501,102,170544.43,8271,103639.0
703,20230501,103,193486.54,5200,128015.47
704,20230501,104,81341.64,3018,45275.67
705,20230501,105,195554.11,4393,135357.16
706,20230501,106,109122.92,2960,70859.76
707,20230501,107,74523.91,2005,47312.07
708,20230501,108,76848.96,2707,47789.32
709,20230501,109,50497.15,1159,33962.03
710,20230501,110,39011.26,929,22574.41
711,20230501,111,139818.15,3943,90031.15
712,20230501,112,181801.55,10867,113190.85
713,20230501,113,8087.66,436,5287.15
714,20230501,114,60226.62,3554,38908.67
715,20230501,115,68225.07,1684,47047.78
716,20230501,116,51821.99,1268,31985.58
717,20230501,117,210792.23,5264,119591.14
718,20230501,118,124413.75,6877,69982.84
719,20230501,119,71308.55,1622,43113.14
720,20230501,120,37298.58,1120,26061.43
721,20230501,121,40603.41,1385,23062.85
722,20230501,122,64308.77,3301,41066.43
723,20230501,123,50302.29,2366,28016.94
724,20230501,124,36909.43,1116,25159.25
725,20230501,125,90840.88,5939,60702.16
726,20230501,126,211233.57,6446,137575.76
727,20230501,127,78793.59,2420,54097.66
728,20230501,128,102242.48,6146,63797.06
729,20230501,129,31735.9,1470,21368.58
730,20230501,130,54404.19,1681,34304.9
731,20230501,131,92381.46,3120,58669.53
732,20230501,132,70042.54,1572,45380.49
733,20230501,133,142776.04,7702,78708.88
734,20230501,134,43596.27,2171,24214.05
735,20230501,135,50365.86,2109,33901.78
736,20230501,136,55262.78,1962,37731.43
737,20230501,137,171162.84,5226,106154.1
738,20230501,138,136201.1,5965,77127.36
739,20230501,139,148272.01,3954,95031.21
740,20230501,140,40293.19,1189,25667.38
741,20230501,141,62004.86,1542,37038.77
742,20230501,142,28842.93,1089,17739.23
743,20230501,143,83938.11,2793,57266.88
744,20230501,144,97743.62,3308,57252.87
745,20230501,145,146115.04,7897,89829.96
746,20230501,146,163981.11,4317,101708.14
747,20230501,147,37906.38,1215,23211.22
748,20230501,148,27129.8,972,15415.86
749,20230501,149,79977.38,3307,45297.6
750,20230501,150,31221.21,875,19370.12
751,20230601,1,57893.96,1317,32751.8
752,20230601,2,21853.35,767,12196.19
753,20230601,3,68029.05,3156,45440.6
754,20230601,4,90797.22,5565,50198.44
755,20230601,5,90299.23,2600,49705.41
756,20230601,6,41535.62,996,25010.74
757,20230601,7,23295.46,595,13393.79
758,20230601,8,82965.16,2710,56312.79
759,20230601,9,92620.39,3466,59291.26
760,20230601,10,39736.69,1380,22843.85
761,20230601,11,58119.76,1608,32622.2
762,20230601,12,87309.74,2973,56386.37
763,20230601,13,34916.13,2064,19960.57
764,20230601,14,73932.03,2744,46771.64
765,20230601,15,56086.35,1833,38038.66
766,20230601,16,28671.56,1387,16789.95
767,20230601,17,52310.13,2779,35811.56
768,20230601,18,46752.66,1897,32057.99
769,20230601,19,66675.68,2036,46433.79
770,20230601,20,209126.22,4871,120750.34
771,20230601,21,94690.3,3891,63903.15
772,20230601,22,37107.08,2197,21964.2
773,20230601,23,8709.22,355,5200.73
774,20230601,24,18391.03,648,10171.86
775,20230601,25,93077.57,2380,52786.74
776,20230601,26,40098.78,1665,23046.65
777,20230601,27,59730.1,2818,39012.39
778,20230601,28,11577.87,361,6966.69
779,20230601,29,12293.98,429,7444.67
780,20230601,30,26007.97,1564,15489.44
781,20230601,31,74207.3,2512,43300.81
782,20230601,32,25263.31,1016,15858.12
783,20230601,33,45295.12,1418,27316.74
784,20230601,34,22244.01,1163,15135.16
785,20230601,35,211531.45,6890,130659.23
786,20230601,36,28501.42,1648,17998.16
787,20230601,37,109761.92,3717,62792.25
788,20230601,38,25615.52,804,15731.65
789,20230601,39,125497.04,2833,86063.4
790,20230601,40,47773.23,1067,32666.43
791,20230601,41,74852.65,3725,48593.94
792,20230601,42,22676.94,615,14375.55
793,20230601,43,75462.86,2540,47805.02
794,20230601,44,99832.03,2904,62690.92
795,20230601,45,39575.5,2296,25546.35
796,20230601,46,95511.43,2337,64067.68
797,20230601,47,67847.09,4191,43918.71
798,20230601,48,15068.76,803,8950.52
799,20230601,49,93435.47,2209,53145.78
800,20230601,50,110200.4,4197,75692.04
801,20230601,51,96102.29,5829,63588.0
802,20230601,52,14977.84,867,8577.85
803,20230601,53,103789.13,2403,63947.03
804,20230601,54,87228.78,5168,60278.92
805,20230601,55,9862.21,375,6715.16
806,20230601,56,71386.63,3562,48026.63
807,20230601,57,86368.86,1976,57308.18
808,20230601,58,50714.66,2291,28193.51
809,20230601,59,31020.43,803,19195.4
810,20230601,60,154836.31,4092,103239.31
811,20230601,61,80551.23,3221,48955.96
812,20230601,62,50896.12,1217,28541.2
813,20230601,63,73714.9,2169,44670.93
814,20230601,64,186795.11,6374,128943.33
815,20230601,65,19532.76,797,11231.43
816,20230601,66,58163.36,1314,32228.07
817,20230601,67,153802.01,3586,99873.41
818,20230601,68,48876.48,3131,27257.52
819,20230601,69,39687.36,2357,23008.77
820,20230601,70,32857.78,1270,21281.44
821,20230601,71,107731.24,4844,73708.65
822,20230601,72,83746.36,2456,47501.23
823,20230601,73,18958.23,744,11574.99
824,20230601,74,17932.63,402,11614.28
825,20230601,75,284664.64,8477,168665.99
826,20230601,76,130741.87,6563,79587.15
827,20230601,77,137054.05,8669,94286.48
828,20230601,78,171702.26,3884,115752.12
829,20230601,79,69610.9,3816,48704.97
830,20230601,80,106603.51,5600,60215.63
831,20230601,81,17167.51,526,11294.39
832,20230601,82,52630.62,1333,35553.47
833,20230601,83,93716.36,2668,64690.11
834,20230601,84,93908.06,2212,60119.44
835,20230601,85,123505.58,3351,79571.7
836,20230601,86,38827.45,1197,23120.51
837,20230601,87,19337.78,452,12100.84
838,20230601,88,201550.66,5708,133253.85
839,20230601,89,177803.38,7511,122688.55
840,20230601,90,103640.88,5048,68706.91
841,20230601,91,71994.32,2180,47935.74
842,20230601,92,204251.83,9433,121280.8
843,20230601,93,55896.32,3715,32547.64
844,20230601,94,95379.47,3297,62755.92
845,20230601,95,93091.79,2161,51224.53
846,20230601,96,61121.96,2032,39421.81
847,20230601,97,87582.31,2450,56669.88
848,20230601,98,24222.36,651,15692.0
849,20230601,99,78633.13,2222,49181.55
850,20230601,100,192533.3,4499,124249.91
851,20230601,101,91312.17,2758,52370.31
852,20230601,102,50492.1,1240,34971.95
853,20230601,103,129803.47,3129,74023.85
854,20230601,104,18911.29,527,10701.34
855,20230601,105,235657.92,10263,147629.98
856,20230601,106,108410.15,6029,64962.97
857,20230601,107,64516.86,2824,35927.23
858,20230601,108,35584.27,1381,22322.62
859,20230601,109,58875.82,1719,38263.62
860,20230601,110,38609.25,1857,22690.89
861,20230601,111,148996.75,3688,88258.01
862,20230601,112,175875.23,5576,98469.5
863,20230601,113,72752.37,3134,46524.28
864,20230601,114,108052.44,2491,71832.61
865,20230601,115,80114.03,1825,55868.46
866,20230601,116,208052.53,10992,143032.93
867,20230601,117,30244.96,1171,18285.65
868,20230601,118,103164.66,5122,71366.7
869,20230601,119,65135.38,2092,44673.87
870,20230601,120,145082.39,8714,81711.97
871,20230601,121,100923.11,3016,69037.75
872,20230601,122,86612.29,4073,55873.8
873,20230601,123,72989.76,2155,43999.22
874,20230601,124,11842.19,370,8126.64
875,20230601,125,13706.07,314,7769.28
876,20230601,126,114241.14,5432,77345.05
877,20230601,127,106132.97,2476,73779.34
878,20230601,128,100352.62,5097,55501.74
879,20230601,129,208872.43,5176,127461.41
880,20230601,130,90178.07,2017,55645.65
881,20230601,131,104725.66,6472,58619.31
882,20230601,132,39645.08,1024,24805.86
883,20230601,133,42157.84,2308,24983.0
884,20230601,134,43503.77,1883,29765.85
885,20230601,135,40059.73,1188,22187.86
886,20230601,136,23174.39,955,15390.25
887,20230601,137,139197.01,7459,91879.73
888,20230601,138,131219.33,2976,73005.82
889,20230601,139,126532.03,3512,84759.84
890,20230601,140,69119.09,2658,44848.05
891,20230601,141,31050.63,930,21150.16
892,20230601,142,226913.48,5254,147387.82
893,20230601,143,42152.98,1256,25272.76
894,20230601,144,92100.04,2472,59115.74
895,20230601,145,190544.72,5036,106465.18
896,20230601,146,178890.43,4319,122577.93
897,20230601,147,111413.15,4024,65763.1
898,20230601,148,53087.11,1320,34158.35
899,20230601,149,8825.04,281,5224.04
900,20230601,150,17913.74,677,11987.58
901,20230701,1,17740.67,1117,11417.27
902,20230701,2,50069.42,1329,30182.25
903,20230701,3,46543.85,1177,27368.36
904,20230701,4,104083.28,3625,68742.04
905,20230701,5,25351.5,1102,17400.81
906,20230701,6,74295.78,1858,42495.65
907,20230701,7,165538.45,4044,106933.21
908,20230701,8,40994.12,1068,23452.93
909,20230701,9,59691.42,1990,38919.49
910,20230701,10,202706.91,7253,133790.96
911,20230701,11,123666.72,4457,77946.42
912,20230701,12,24655.56,762,14624.1
913,20230701,13,7768.77,243,4594.12
914,20230701,14,120150.09,4180,66845.39
915,20230701,15,56920.23,2147,32605.04
916,20230701,16,64600.23,1570,44013.98
917,20230701,17,39429.07,1030,26514.91
918,20230701,18,99156.23,2798,68078.57
919,20230701,19,91501.01,2944,60495.63
920,20230701,20,201805.48,7205,129068.15
921,20230701,21,16733.05,489,9563.68
922,20230701,22,10940.62,251,6925.4
923,20230701,23,56967.04,2330,32136.97
924,20230701,24,92139.66,2343,52633.41
925,20230701,25,17191.36,553,9902.8
926,20230701,26,21692.22,632,13961.68
927,20230701,27,23843.64,681,13844.73
928,20230701,28,100831.27,2387,65542.59
929,20230701,29,58777.76,2692,37412.28
930,20230701,30,45382.43,1036,30932.3
931,20230701,31,101196.47,2438,62025.97
932,20230701,32,82174.26,2910,54392.6
933,20230701,33,21184.02,505,14222.91
934,20230701,34,57863.71,2960,37562.84
935,20230701,35,112444.63,7472,62285.47
936,20230701,36,80694.73,2335,55376.18
937,20230701,37,103366.27,5786,68387.71
938,20230701,38,11500.64,338,7791.4
939,20230701,39,23641.77,831,16476.79
940,20230701,40,237952.72,11480,138456.48
941,20230701,41,10317.19,233,6137.79
942,20230701,42,196632.35,7730,117268.11
943,20230701,43,77644.49,2987,44592.73
944,20230701,44,58508.02,1634,35225.5
945,20230701,45,62126.18,3714,39881.27
946,20230701,46,57692.01,2866,38661.06
947,20230701,47,43806.17,2579,28263.79
948,20230701,48,89683.94,4826,51666.45
949,20230701,49,8997.76,546,5792.49
950,20230701,50,89529.24,3012,50356.83
951,20230701,51,90113.26,3312,59474.23
952,20230701,52,54956.81,1881,38288.63
953,20230701,53,55352.35,1883,35995.52
954,20230701,54,81065.29,4147,54870.83
955,20230701,55,9595.47,289,5877.68
956,20230701,56,101869.32,4544,69329.78
957,20230701,57,42688.19,1297,25417.44
958,20230701,58,67525.0,1674,43489.09
959,20230701,59,76670.65,4438,43724.88
960,20230701,60,46663.65,1038,26414.22
961,20230701,61,45183.05,1542,29554.26
962,20230701,62,28322.62,1074,18476.79
963,20230701,63,39929.17,2548,25037.78
964,20230701,64,105906.77,3024,69034.03
965,20230701,65,95855.9,2458,65867.79
966,20230701,66,36722.63,2419,20820.67
967,20230701,67,130351.59,4312,83028.79
968,20230701,68,34991.81,1083,19628.82
969,20230701,69,97268.04,2768,66062.07
970,20230701,70,72338.71,1809,49761.82
971,20230701,71,93224.38,2837,54722.97
972,20230701,72,32546.14,769,20846.25
973,20230701,73,45134.58,1597,28595.07
974,20230701,74,27898.22,749,17023.05
975,20230701,75,183769.01,11335,121154.19
976,20230701,76,77552.74,4140,45624.75
977,20230701,77,23108.8,519,15602.37
978,20230701,78,216699.6,8275,147515.14
979,20230701,79,55492.3,1331,35364.61
980,20230701,80,70915.82,4499,44714.98
981,20230701,81,101267.28,5093,59250.8
982,20230701,82,107764.23,3219,66446.97
983,20230701,83,54783.07,1646,34465.6
984,20230701,84,33025.68,1830,18231.58
985,20230701,85,90327.68,5609,50414.97
986,20230701,86,98108.23,6147,66493.49
987,20230701,87,102221.68,2458,67167.21
988,20230701,88,128873.64,6966,88805.42
989,20230701,89,147364.1,5306,102799.85
990,20230701,90,19825.28,524,12881.64
991,20230701,91,74220.75,1691,49883.95
992,20230701,92,83417.02,4545,57538.13
993,20230701,93,18660.34,826,10897.65
994,20230701,94,15504.83,351,10769.76
995,20230701,95,171839.36,5266,98962.43
996,20230701,96,74270.29,1939,42015.49
997,20230701,97,165647.69,4515,115284.24
998,20230701,98,83585.4,2350,46138.36
999,20230701,99,92903.52,3613,57812.13
1000,20230701,100,45462.97,1810,27449.63
1001,20230701,101,61029.96,3460,38904.67
1002,20230701,102,99560.33,2234,62542.02
1003,20230701,103,165333.46,4486,100579.84
1004,20230701,104,19366.92,436,10885.2
1005,20230701,105,39774.19,2372,25575.46
1006,20230701,106,11218.84,309,7209.83
1007,20230701,107,97140.77,6356,65748.24
1008,20230701,108,37874.0,887,21850.87
1009,20230701,109,51224.75,2444,35565.41
1010,20230701,110,41908.08,1748,23838.98
1011,20230701,111,160041.35,4286,102709.79
1012,20230701,112,180643.36,10232,113176.99
1013,20230701,113,61344.85,1486,35726.58
1014,20230701,114,14613.78,685,8776.11
1015,20230701,115,13509.43,769,8218.39
1016,20230701,116,193232.39,4433,126683.79
1017,20230701,117,140066.25,4271,81574.66
1018,20230701,118,110659.08,2891,71722.5
1019,20230701,119,75270.88,2302,47177.56
1020,20230701,120,179001.15,4016,119525.84
1021,20230701,121,101762.35,4259,67219.4
1022,20230701,122,27908.64,791,19499.63
1023,20230701,123,77645.64,4282,44096.8
1024,20230701,124,23163.33,1506,14806.19
1025,20230701,125,44163.96,1374,27535.84
1026,20230701,126,77734.51,2828,50415.18
1027,20230701,127,70004.82,3296,45259.73
1028,20230701,128,79225.41,4013,45400.51
1029,20230701,129,60063.72,2939,41806.02
1030,20230701,130,67405.3,1973,42152.18
1031,20230701,131,38334.7,1168,22583.96
1032,20230701,132,74239.67,4747,45048.71
1033,20230701,133,248282.68,9433,154224.25
1034,20230701,134,18468.63,536,12414.87
1035,20230701,135,42973.44,1085,24926.27
1036,20230701,136,27758.28,1037,16328.62
1037,20230701,137,33382.43,846,22620.6
1038,20230701,138,107791.67,6893,62950.62
1039,20230701,139,186416.7,10026,119802.2
1040,20230701,140,96235.27,5593,63973.26
1041,20230701,141,62503.65,2320,43194.42
1042,20230701,142,254322.29,7753,164224.8
1043,20230701,143,70822.59,2685,46339.36
1044,20230701,144,67004.92,2014,44394.87
1045,20230701,145,208308.24,10315,116491.56
1046,20230701,146,53928.63,2865,30998.07
1047,20230701,147,70501.01,3709,39368.31
1048,20230701,148,17827.02,432,11826.76
1049,20230701,149,105734.77,4689,64781.3
1050,20230701,150,41646.88,1247,26493.85
1051,20230801,1,23227.98,599,13534.91
1052,20230801,2,36273.45,1053,24602.2
1053,20230801,3,89884.85,3142,55536.44
1054,20230801,4,40892.2,2187,26868.82
1055,20230801,5,24953.05,994,17241.3
1056,20230801,6,64543.61,2593,44136.84
1057,20230801,7,155532.77,3920,88085.82
1058,20230801,8,42473.56,2058,26419.44
1059,20230801,9,66581.24,3254,41423.44
1060,20230801,10,127176.4,4187,81904.34
1061,20230801,11,161055.75,3751,109065.8
1062,20230801,12,85179.56,2118,57409.67
1063,20230801,13,109700.51,4101,75131.64
1064,20230801,14,160977.05,3603,106680.36
1065,20230801,15,29082.28,771,19022.53
1066,20230801,16,58033.35,1355,38039.12
1067,20230801,17,84381.05,2221,49289.79
1068,20230801,18,109113.87,6714,69656.86
1069,20230801,19,90118.22,4506,61065.92
1070,20230801,20,27829.15,898,18061.5
1071,20230801,21,47214.91,1712,29478.77
1072,20230801,22,22417.85,961,12688.65
1073,20230801,23,95875.62,2565,60940.93
1074,20230801,24,42532.01,2280,24974.03
1075,20230801,25,109260.22,4713,69916.17
1076,20230801,26,39015.76,2456,21863.47
1077,20230801,27,23719.92,840,13407.96
1078,20230801,28,26492.33,1110,15851.43
1079,20230801,29,31995.97,1424,21334.82
1080,20230801,30,53323.6,1812,35619.01
1081,20230801,31,65168.38,2008,39678.02
1082,20230801,32,12255.58,287,8048.64
1083,20230801,33,102510.82,2516,59727.43
1084,20230801,34,145296.67,6867,80047.59
1085,20230801,35,210561.18,5533,145239.64
1086,20230801,36,59569.35,3233,33919.54
1087,20230801,37,26880.45,1297,16052.17
1088,20230801,38,28913.78,711,17168.06
1089,20230801,39,23378.14,534,13877.83
1090,20230801,40,31711.15,737,19242.5
1091,20230801,41,16697.2,906,9312.95
1092,20230801,42,179355.29,9338,102976.47
1093,20230801,43,55015.57,1895,33514.71
1094,20230801,44,85761.53,3913,56066.4
1095,20230801,45,83808.59,3197,54695.83
1096,20230801,46,61290.07,2049,42592.47
1097,20230801,47,32668.42,798,22191.94
1098,20230801,48,62449.31,3036,42811.67
1099,20230801,49,75206.22,2923,50658.1
1100,20230801,50,44756.84,1951,27282.25
1101,20230801,51,62212.86,1408,35369.5
1102,20230801,52,63071.77,2607,35144.83
1103,20230801,53,30384.11,843,20937.28
1104,20230801,54,63840.52,1503,42463.02
1105,20230801,55,79304.0,3212,44244.35
1106,20230801,56,39818.58,1171,22572.06
1107,20230801,57,56558.66,1763,31248.15
1108,20230801,58,43882.23,1144,30298.66
1109,20230801,59,61230.3,2235,39142.4
1110,20230801,60,129817.38,3766,72578.84
1111,20230801,61,22854.23,643,12655.69
1112,20230801,62,109989.78,3951,60931.05
1113,20230801,63,69885.26,1752,45816.2
1114,20230801,64,192200.24,4473,129794.56
1115,20230801,65,43308.85,1051,26886.36
1116,20230801,66,40723.76,927,24009.87
1117,20230801,67,208901.1,8926,126079.26
1118,20230801,68,49307.77,1560,30626.47
1119,20230801,69,36102.65,1659,21865.06
1120,20230801,70,68723.51,2719,42150.44
1121,20230801,71,140511.35,7736,89722.36
1122,20230801,72,100478.76,3239,55510.57
1123,20230801,73,60229.04,2381,35186.62
1124,20230801,74,47560.21,1391,30969.64
1125,20230801,75,131297.16,4245,77811.61
1126,20230801,76,104246.23,2699,63817.62
1127,20230801,77,170544.91,4086,93914.21
1128,20230801,78,211410.34,11764,135947.76
1129,20230801,79,50631.79,2310,30070.78
1130,20230801,80,108927.57,3584,71822.57
1131,20230801,81,40348.85,1190,27662.73
1132,20230801,82,23738.44,651,13420.84
1133,20230801,83,27799.29,732,17795.48
1134,20230801,84,194881.76,4836,131926.39
1135,20230801,85,117094.38,3152,77492.69
1136,20230801,86,42625.93,1337,29687.91
1137,20230801,87,92118.74,2496,54091.05
1138,20230801,88,204671.32,4629,121177.67
1139,20230801,89,155421.15,3607,107879.94
1140,20230801,90,34677.77,862,19405.04
1141,20230801,91,13089.65,473,8483.87
1142,20230801,92,34312.5,2171,23930.89
1143,20230801,93,11360.06,262,6943.47
1144,20230801,94,37310.81,2086,21809.84
1145,20230801,95,161239.76,4009,97664.22
1146,20230801,96,63025.34,1955,38629.29
1147,20230801,97,41604.46,2008,24089.77
1148,20230801,98,93231.84,2777,64594.75
1149,20230801,99,77925.02,4276,48168.59
1150,20230801,100,61176.14,2193,40873.57
1151,20230801,101,103127.78,6174,65008.51
1152,20230801,102,200145.27,6321,126836.75
1153,20230801,103,62158.95,2297,40845.45
1154,20230801,104,57853.7,1524,32308.0
1155,20230801,105,119542.02,3630,77287.65
1156,20230801,106,93757.99,2393,59357.65
1157,20230801,107,209866.97,5002,115841.42
1158,20230801,108,12218.01,319,8091.04
1159,20230801,109,38050.45,1418,21329.67
1160,20230801,110,45245.46,1555,28871.92
1161,20230801,111,38374.05,1485,22093.07
1162,20230801,112,177768.67,5792,100332.78
1163,20230801,113,86562.76,1982,48325.52
1164,20230801,114,40028.24,1196,23525.59
1165,20230801,115,75364.43,2010,41981.75
1166,20230801,116,38471.83,1527,21852.27
1167,20230801,117,152004.54,4075,93754.55
1168,20230801,118,85974.56,3040,56443.0
1169,20230801,119,22003.37,641,12299.92
1170,20230801,120,110598.15,2802,69759.99
1171,20230801,121,44806.51,2149,28330.39
1172,20230801,122,85218.89,2808,57242.45
1173,20230801,123,82291.28,3367,46717.63
1174,20230801,124,40003.59,1605,27323.63
1175,20230801,125,11092.38,443,7460.28
1176,20230801,126,35347.66,1663,21205.22
1177,20230801,127,16661.6,611,10034.91
1178,20230801,128,20148.89,715,11082.04
1179,20230801,129,181632.19,5948,124708.24
1180,20230801,130,198229.69,4931,125548.7
1181,20230801,131,88985.47,4303,60856.81
1182,20230801,132,25659.68,1543,17387.61
1183,20230801,133,293290.05,13232,176489.66
1184,20230801,134,43353.23,1007,29331.92
1185,20230801,135,55810.65,1874,34015.94
1186,20230801,136,56120.74,1499,36973.73
1187,20230801,137,152482.19,6611,98003.03
1188,20230801,138,201024.11,11320,131666.62
1189,20230801,139,124223.89,3726,68865.88
1190,20230801,140,50380.15,1850,30058.43
1191,20230801,141,88475.64,4100,59839.16
1192,20230801,142,116222.55,2649,67188.82
1193,20230801,143,104186.16,2516,58601.03
1194,20230801,144,93218.65,3671,57817.17
1195,20230801,145,177701.11,5343,122284.06
1196,20230801,146,100787.09,4394,65703.72
1197,20230801,147,188004.11,9209,115086.21
1198,20230801,148,83162.24,2064,57034.63
1199,20230801,149,93056.95,2468,52089.68
1200,20230801,150,71142.26,3592,41443.6
1201,20230901,1,103795.74,6608,61430.89
1202,20230901,2,91295.97,2240,51409.3
1203,20230901,3,17056.64,424,9482.68
1204,20230901,4,91853.16,2142,52101.66
1205,20230901,5,25471.93,1172,17260.32
1206,20230901,6,108475.27,2771,64861.75
1207,20230901,7,97289.22,2958,65451.59
1208,20230901,8,32731.5,988,20143.64
1209,20230901,9,27242.81,1277,15597.98
1210,20230901,10,83475.28,1967,52850.02
1211,20230901,11,166681.35,3929,100371.66
1212,20230901,12,79563.24,1855,47813.6
1213,20230901,13,42551.6,2612,24193.68
1214,20230901,14,35730.28,1495,22977.17
1215,20230901,15,49059.71,3078,30706.56
1216,20230901,16,51211.87,1179,32372.39
1217,20230901,17,108608.14,4168,70686.48
1218,20230901,18,21195.12,614,14033.39
1219,20230901,19,197711.29,11426,110463.23
1220,20230901,20,169660.44,9568,117787.43
1221,20230901,21,8392.23,315,4827.26
1222,20230901,22,58117.19,2372,36252.95
1223,20230901,23,20715.29,507,12337.59
1224,20230901,24,90418.56,3063,50163.3
1225,20230901,25,95722.33,2765,61569.07
1226,20230901,26,37614.5,1004,23328.63
1227,20230901,27,30580.22,742,18183.33
1228,20230901,28,88972.38,3741,54445.1
1229,20230901,29,80354.66,4568,53814.19
1230,20230901,30,32534.03,1007,18329.2
1231,20230901,31,94818.76,3104,56312.67
1232,20230901,32,7876.11,260,4740.79
1233,20230901,33,96363.32,4908,60379.8
1234,20230901,34,48839.91,1754,30251.49
1235,20230901,35,156635.51,5027,97847.03
1236,20230901,36,32677.17,790,22696.39
1237,20230901,37,8187.78,306,4878.94
1238,20230901,38,102017.13,3872,68922.94
1239,20230901,39,27896.96,1110,16280.42
1240,20230901,40,162250.1,5003,94747.29
1241,20230901,41,30172.68,779,20333.12
1242,20230901,42,201900.52,5439,129772.06
1243,20230901,43,84962.87,1890,57266.37
1244,20230901,44,31239.81,792,20317.24
1245,20230901,45,13424.18,605,8508.13
1246,20230901,46,116780.6,4816,72132.27
1247,20230901,47,37184.44,1114,24331.51
1248,20230901,48,39538.98,960,27427.72
1249,20230901,49,74928.57,1727,43239.28
1250,20230901,50,109046.76,2620,60447.07
1251,20230901,51,55547.86,2904,35500.19
1252,20230901,52,43182.08,2059,24350.35
1253,20230901,53,80059.33,2987,54608.73
1254,20230901,54,31563.47,1383,17378.21
1255,20230901,55,19404.4,432,11996.39
1256,20230901,56,81816.0,2619,50857.58
1257,20230901,57,99040.13,5944,55510.39
1258,20230901,58,14862.08,659,9710.95
1259,20230901,59,51602.1,3228,33224.97
1260,20230901,60,173037.22,11167,97847.19
1261,20230901,61,11214.97,386,7064.58
1262,20230901,62,104993.54,4913,66525.9
1263,20230901,63,100890.39,3827,70462.06
1264,20230901,64,248537.2,5726,142936.24
1265,20230901,65,56132.72,3423,31518.96
1266,20230901,66,72897.62,1738,46400.81
1267,20230901,67,31811.56,911,20265.14
1268,20230901,68,74844.3,4695,50005.98
1269,20230901,69,85165.9,2254,51044.08
1270,20230901,70,86820.02,2501,52185.46
1271,20230901,71,215170.47,8082,140775.7
1272,20230901,72,34599.01,1875,20853.31
1273,20230901,73,99310.23,3893,63902.01
1274,20230901,74,30346.63,1024,16980.25
1275,20230901,75,186767.35,4396,126003.83
1276,20230901,76,44252.21,1765,25211.4
1277,20230901,77,140848.08,8495,85181.59
1278,20230901,78,31085.77,1102,21397.6
1279,20230901,79,12647.73,294,7334.98
1280,20230901,80,100077.54,4742,63408.56
1281,20230901,81,84064.69,5466,56128.04
1282,20230901,82,61534.6,3555,40561.11
1283,20230901,83,91677.86,5991,57965.77
1284,20230901,84,111266.75,3691,77710.38
1285,20230901,85,162143.41,9448,96462.66
1286,20230901,86,100899.09,2368,64692.07
1287,20230901,87,105270.54,2785,64808.1
1288,20230901,88,35155.78,814,20435.24
1289,20230901,89,187104.21,4328,130551.87
1290,20230901,90,168352.71,4064,112853.72
1291,20230901,91,36593.15,1269,25144.95
1292,20230901,92,131170.46,3086,76542.02
1293,20230901,93,55775.33,1958,38207.44
1294,20230901,94,90306.53,2681,55613.66
1295,20230901,95,202583.82,7318,120508.83
1296,20230901,96,50184.63,1543,34553.81
1297,20230901,97,60816.49,2701,38035.43
1298,20230901,98,59172.54,3329,35437.53
1299,20230901,99,181264.02,7279,108756.16
1300,20230901,100,77934.72,2418,44522.5
1301,20230901,101,41100.3,1207,25227.04
1302,20230901,102,81513.4,1933,49148.02
1303,20230901,103,34221.28,2018,22278.95
1304,20230901,104,68944.86,1535,47009.66
1305,20230901,105,306506.16,16284,195216.88
1306,20230901,106,73208.4,2435,47076.81
1307,20230901,107,105682.9,2421,67245.82
1308,20230901,108,35499.37,1879,20800.78
1309,20230901,109,98737.15,2978,64601.39
1310,20230901,110,68495.12,1721,41095.84
1311,20230901,111,66487.48,1649,39290.02
1312,20230901,112,112869.27,2797,73886.96
1313,20230901,113,16664.89,465,9561.44
1314,20230901,114,76486.74,4030,48256.8
1315,20230901,115,16817.92,554,11040.0
1316,20230901,116,129430.94,4298,86315.82
1317,20230901,117,158080.39,6531,99566.83
1318,20230901,118,156393.02,5870,101256.02
1319,20230901,119,53640.27,2779,33866.89
1320,20230901,120,174123.45,4359,112333.41
1321,20230901,121,66679.46,1552,41084.81
1322,20230901,122,128379.8,3235,80555.64
1323,20230901,123,89781.01,3355,52078.37
1324,20230901,124,80606.02,2860,50461.99
1325,20230901,125,107206.94,6903,71966.57
1326,20230901,126,87576.45,2634,58661.88
1327,20230901,127,13653.65,358,9488.95
1328,20230901,128,34228.37,780,20545.26
1329,20230901,129,78859.21,4822,52937.94
1330,20230901,130,184443.16,11434,127804.68
1331,20230901,131,19516.31,508,13224.61
1332,20230901,132,66370.56,2568,39306.04
1333,20230901,133,81793.52,3904,49277.98
1334,20230901,134,83431.59,2591,48852.58
1335,20230901,135,78692.0,1827,55083.14
1336,20230901,136,99827.42,2602,62105.81
1337,20230901,137,19233.64,534,11748.01
1338,20230901,138,163060.3,7901,109516.25
1339,20230901,139,86666.39,2353,56679.14
1340,20230901,140,33386.16,1361,19430.4
1341,20230901,141,48784.33,1175,31569.2
1342,20230901,142,217949.45,7228,127831.0
1343,20230901,143,19467.49,592,11498.93
1344,20230901,144,40924.91,1002,28103.19
1345,20230901,145,57099.9,1562,39092.8
1346,20230901,146,113649.24,3009,65471.26
1347,20230901,147,185760.72,5171,121127.9
1348,20230901,148,93583.4,4536,56176.31
1349,20230901,149,74995.07,2062,45052.81
1350,20230901,150,76087.05,1816,48461.81
1351,20231001,1,58090.45,1810,32941.02
1352,20231001,2,31770.88,738,21954.48
1353,20231001,3,15414.32,433,10700.32
1354,20231001,4,55058.24,3172,33966.82
1355,20231001,5,10635.62,555,7301.1
1356,20231001,6,30437.94,1118,18149.76
1357,20231001,7,120868.24,3095,75723.85
1358,20231001,8,14944.91,583,10416.13
1359,20231001,9,17094.42,478,11863.19
1360,20231001,10,61367.14,1655,42902.86
1361,20231001,11,72464.3,1686,44926.59
1362,20231001,12,73788.12,2877,40911.12
1363,20231001,13,103790.14,4758,60030.66
1364,20231001,14,77302.53,1897,53724.97
1365,20231001,15,58443.91,1456,39440.38
1366,20231001,16,108359.69,3196,72922.3
1367,20231001,17,66915.33,2172,44478.04
1368,20231001,18,10211.78,535,5924.68
1369,20231001,19,94362.04,4274,65453.7
1370,20231001,20,59713.68,3861,39695.0
1371,20231001,21,82040.15,2099,51462.5
1372,20231001,22,23731.28,835,14973.7
1373,20231001,23,30254.49,1499,20353.91
1374,20231001,24,27036.99,1422,15529.45
1375,20231001,25,13045.69,334,8455.58
1376,20231001,26,47981.02,1497,31371.74
1377,20231001,27,35591.35,1406,24413.99
1378,20231001,28,73432.19,3581,49122.54
1379,20231001,29,40268.6,2146,26466.34
1380,20231001,30,46469.42,1331,30372.15
1381,20231001,31,19633.89,962,11456.31
1382,20231001,32,68500.55,2442,44052.37
1383,20231001,33,18512.88,446,11581.46
1384,20231001,34,16241.89,827,9725.93
1385,20231001,35,219191.03,4905,134081.68
1386,20231001,36,11891.89,275,8304.14
1387,20231001,37,82496.63,3370,49407.78
1388,20231001,38,61687.49,1845,38059.61
1389,20231001,39,110907.69,2755,73947.51
1390,20231001,40,177571.46,10615,109180.14
1391,20231001,41,60948.1,1519,33666.87
1392,20231001,42,16025.72,505,9328.79
1393,20231001,43,73436.28,2337,44916.68
1394,20231001,44,96925.37,3331,59291.21
1395,20231001,45,71159.7,1872,47278.97
1396,20231001,46,88710.59,2824,54634.58
1397,20231001,47,26882.09,1132,18123.59
1398,20231001,48,83710.14,3844,51935.3
1399,20231001,49,37603.71,906,24258.65
1400,20231001,50,87429.63,5455,56289.88
1401,20231001,51,12321.03,675,6796.14
1402,20231001,52,52886.15,1470,30000.99
1403,20231001,53,64568.61,1596,38567.05
1404,20231001,54,90310.84,2473,52664.88
1405,20231001,55,19048.73,607,10928.7
1406,20231001,56,57560.86,1845,33331.5
1407,20231001,57,84010.52,2949,58241.6
1408,20231001,58,25409.3,1119,14451.63
1409,20231001,59,86284.6,3762,48854.29
1410,20231001,60,140720.79,3201,98109.18
1411,20231001,61,94754.04,2223,52264.07
1412,20231001,62,83611.43,3095,57784.85
1413,20231001,63,59258.71,1328,40155.47
1414,20231001,64,174925.09,3946,111785.79
1415,20231001,65,86528.41,3120,59474.84
1416,20231001,66,15325.3,493,10298.96
1417,20231001,67,129544.09,6532,81811.56
1418,20231001,68,52823.49,2892,31837.28
1419,20231001,69,73566.34,1852,48025.87
1420,20231001,70,65613.62,1478,37905.58
1421,20231001,71,97520.6,4867,63607.05
1422,20231001,72,46461.05,1636,29668.23
1423,20231001,73,54270.94,1319,34824.53
1424,20231001,74,94085.56,2539,59098.0
1425,20231001,75,302608.65,9570,198536.94
1426,20231001,76,169185.95,4256,106531.32
1427,20231001,77,53484.16,2125,36387.68
1428,20231001,78,163174.28,6212,104837.38
1429,20231001,79,22899.76,1028,12769.95
1430,20231001,80,78855.39,1905,49814.71
1431,20231001,81,18942.74,991,11211.5
1432,20231001,82,61963.86,2433,38575.23
1433,20231001,83,108584.33,3254,60124.57
1434,20231001,84,239238.81,8546,160519.65
1435,20231001,85,167971.82,6469,95215.07
1436,20231001,86,34019.49,1948,19108.43
1437,20231001,87,13980.39,500,9618.42
1438,20231001,88,154832.64,3533,87206.18
1439,20231001,89,59811.03,1856,39176.61
1440,20231001,90,93624.14,5445,59750.01
1441,20231001,91,52999.8,2471,33992.9
1442,20231001,92,150651.52,4185,98568.55
1443,20231001,93,53955.78,1817,33071.48
1444,20231001,94,72005.5,1651,44831.65
1445,20231001,95,163479.79,6753,99747.35
1446,20231001,96,16675.62,1082,11395.41
1447,20231001,97,170414.08,5181,101831.13
1448,20231001,98,59545.89,2808,41670.69
1449,20231001,99,176902.86,4304,108020.23
1450,20231001,100,225977.96,5171,144575.57
1451,20231001,101,25116.87,1035,17398.1
1452,20231001,102,212507.58,7880,146727.29
1453,20231001,103,163551.1,7766,105616.56
1454,20231001,104,92784.36,2066,52398.47
1455,20231001,105,273626.87,6568,152040.84
1456,20231001,106,103582.46,6579,59886.18
1457,20231001,107,117903.44,4243,81796.89
1458,20231001,108,98832.79,3042,59962.33
1459,20231001,109,72455.65,4659,49342.24
1460,20231001,110,48215.67,1418,26527.96
1461,20231001,111,41365.84,1585,24850.14
1462,20231001,112,216092.82,8405,119319.02
1463,20231001,113,92831.09,3139,64108.19
1464,20231001,114,77505.74,3727,52883.29
1465,20231001,115,11335.87,254,7544.53
1466,20231001,116,127666.34,6248,83054.39
1467,20231001,117,140357.86,4856,91403.38
1468,20231001,118,186962.5,6717,103947.39
1469,20231001,119,41215.35,1232,25553.21
1470,20231001,120,129997.09,2939,81444.94
1471,20231001,121,90143.96,5401,57708.29
1472,20231001,122,198068.36,12050,137480.9
1473,20231001,123,85235.59,2690,56474.77
1474,20231001,124,26198.48,582,16555.12
1475,20231001,125,59779.82,3061,39694.31
1476,20231001,126,88976.27,3258,60323.7
1477,20231001,127,23324.74,650,15382.81
1478,20231001,128,74869.15,1749,45495.91
1479,20231001,129,158076.47,4370,104342.78
1480,20231001,130,102375.77,2941,64660.06
1481,20231001,131,28475.66,882,18322.6
1482,20231001,132,11637.1,551,6463.92
1483,20231001,133,159151.9,8217,97031.57
1484,20231001,134,64080.91,1444,37302.44
1485,20231001,135,107010.84,2382,74196.17
1486,20231001,136,67472.25,2041,38860.25
1487,20231001,137,70552.83,2297,40491.16
1488,20231001,138,128633.92,6766,85129.72
1489,20231001,139,82097.76,2393,47981.33
1490,20231001,140,107529.66,2517,65263.92
1491,20231001,141,68877.27,2061,40312.14
1492,20231001,142,25347.75,655,16688.36
1493,20231001,143,86098.12,2843,52544.74
1494,20231001,144,88479.61,3479,52065.78
1495,20231001,145,47694.4,1480,32961.05
1496,20231001,146,57564.91,1805,36205.89
1497,20231001,147,142869.59,3784,90652.24
1498,20231001,148,97795.95,3600,61036.67
1499,20231001,149,84857.16,2312,49470.74
1500,20231001,150,52821.22,2771,29151.75
1501,20231101,1,46327.28,2303,32013.13
1502,20231101,2,71143.83,2420,40765.06
1503,20231101,3,99573.39,3864,58461.89
1504,20231101,4,57757.04,1318,39004.39
1505,20231101,5,39219.55,1393,23775.38
1506,20231101,6,13642.59,754,7684.4
1507,20231101,7,180510.06,6191,116377.67
1508,20231101,8,60065.39,2096,34103.08
1509,20231101,9,82791.41,5115,46445.64
1510,20231101,10,168502.6,4495,109214.01
1511,20231101,11,98507.09,3969,62202.15
1512,20231101,12,87044.73,3189,48513.85
1513,20231101,13,23772.99,707,14356.91
1514,20231101,14,209648.39,5249,125762.37
1515,20231101,15,27877.94,692,17564.48
1516,20231101,16,29674.52,1283,19873.11
1517,20231101,17,96353.16,2461,61558.29
1518,20231101,18,55498.96,1358,34285.48
1519,20231101,19,173195.8,5832,110649.06
1520,20231101,20,126033.79,5060,75118.08
1521,20231101,21,80368.02,3003,46012.53
1522,20231101,22,86277.47,4896,57358.38
1523,20231101,23,88001.4,2703,49026.12
1524,20231101,24,93387.77,5249,65096.64
1525,20231101,25,59958.05,2150,34107.69
1526,20231101,26,32944.93,786,21785.6
1527,20231101,27,73251.43,2319,49653.92
1528,20231101,28,61561.94,1568,37441.89
1529,20231101,29,8813.25,206,5996.19
1530,20231101,30,97688.68,3286,54502.47
1531,20231101,31,24753.81,747,14686.98
1532,20231101,32,104495.11,2613,71676.54
1533,20231101,33,59771.93,2407,39437.34
1534,20231101,34,67845.01,3977,46125.83
1535,20231101,35,66973.0,1779,45746.84
1536,20231101,36,33827.85,1704,21087.4
1537,20231101,37,109471.45,2527,75636.07
1538,20231101,38,95732.24,5775,52805.13
1539,20231101,39,215171.21,6085,146621.7
1540,20231101,40,41012.77,1024,25404.53
1541,20231101,41,70624.97,3122,43777.67
1542,20231101,42,208011.48,11591,118330.64
1543,20231101,43,24366.98,847,16978.04
1544,20231101,44,14217.12,572,9169.74
1545,20231101,45,85768.3,4001,52397.71
1546,20231101,46,101090.89,2506,69403.62
1547,20231101,47,76060.81,2726,51870.72
1548,20231101,48,89082.08,2576,49391.98
1549,20231101,49,15271.67,612,9776.73
1550,20231101,50,47656.2,1295,31388.77
1551,20231101,51,104383.35,5335,67771.23
1552,20231101,52,16479.58,399,10479.52
1553,20231101,53,29286.83,1051,17170.86
1554,20231101,54,109041.22,7179,63604.47
1555,20231101,55,18181.54,1118,12454.43
1556,20231101,56,98016.72,3222,60539.63
1557,20231101,57,76320.91,3792,51411.43
1558,20231101,58,105855.08,3119,70093.98
1559,20231101,59,40335.49,910,26818.73
1560,20231101,60,146328.77,3720,86167.17
1561,20231101,61,42981.73,1368,28635.8
1562,20231101,62,70233.37,1786,47019.3
1563,20231101,63,69678.89,2041,40052.49
1564,20231101,64,114678.2,3510,78581.97
1565,20231101,65,67315.3,1816,45797.93
1566,20231101,66,14367.77,602,8073.29
1567,20231101,67,86561.4,2387,53937.68
1568,20231101,68,28533.85,862,18158.03
1569,20231101,69,55674.25,1434,32840.46
1570,20231101,70,75064.31,3665,43380.18
1571,20231101,71,95880.65,3834,58595.89
1572,20231101,72,33494.05,1161,21976.63
1573,20231101,73,95157.98,4845,63684.61
1574,20231101,74,109866.72,6471,62556.38
1575,20231101,75,173462.21,5768,110879.32
1576,20231101,76,48365.47,1700,33383.45
1577,20231101,77,38176.28,1731,24586.8
1578,20231101,78,168015.4,5358,107996.18
1579,20231101,79,98654.42,5192,66436.12
1580,20231101,80,86532.38,1998,59886.44
1581,20231101,81,49092.88,1187,29063.27
1582,20231101,82,68932.01,2746,38520.4
1583,20231101,83,108757.13,2499,70320.56
1584,20231101,84,200426.29,6102,134952.85
1585,20231101,85,99581.33,3650,58270.88
1586,20231101,86,46715.97,2262,26118.72
1587,20231101,87,99735.5,2410,56971.18
1588,20231101,88,202404.82,9893,115217.63
1589,20231101,89,41668.16,1469,27990.97
1590,20231101,90,114680.25,4161,79856.03
1591,20231101,91,35390.38,969,23289.36
1592,20231101,92,20610.77,867,13242.51
1593,20231101,93,76111.88,1853,51424.28
1594,20231101,94,69853.96,3131,43201.25
1595,20231101,95,188215.45,6791,110000.08
1596,20231101,96,91988.07,2605,51685.87
1597,20231101,97,95057.83,2190,57776.8
1598,20231101,98,21407.09,482,12771.74
1599,20231101,99,175798.51,4256,100578.64
1600,20231101,100,281522.13,7129,161505.78
1601,20231101,101,33904.73,1415,22878.56
1602,20231101,102,153593.25,8224,104423.96
1603,20231101,103,155441.94,8230,95370.28
1604,20231101,104,104436.8,3492,66856.64
1605,20231101,105,61541.39,1478,41405.99
1606,20231101,106,104395.3,6023,63127.07
1607,20231101,107,189661.9,6747,109268.5
1608,20231101,108,86341.15,1991,54349.35
1609,20231101,109,49898.5,1155,33642.53
1610,20231101,110,77492.52,1820,49611.75
1611,20231101,111,105875.51,2451,60120.0
1612,20231101,112,189341.88,10289,114319.07
1613,20231101,113,15745.52,552,9947.3
1614,20231101,114,26734.25,768,17140.66
1615,20231101,115,57407.67,1473,40021.39
1616,20231101,116,109859.88,3394,74977.94
1617,20231101,117,214312.13,5196,124025.79
1618,20231101,118,78139.34,2719,53975.12
1619,20231101,119,30855.75,1339,18915.27
1620,20231101,120,152198.27,5351,90257.31
1621,20231101,121,50510.58,1173,34124.78
1622,20231101,122,28358.27,1776,16491.18
1623,20231101,123,10640.07,338,7353.55
1624,20231101,124,33948.12,788,23106.21
1625,20231101,125,83948.38,2477,49104.04
1626,20231101,126,85189.39,2044,56842.13
1627,20231101,127,94239.75,2834,54189.03
1628,20231101,128,76622.99,3796,45731.06
1629,20231101,129,50651.19,2654,28080.09
1630,20231101,130,155196.1,6721,92331.75
1631,20231101,131,106223.55,5450,66490.64
1632,20231101,132,88056.76,3446,51888.43
1633,20231101,133,145691.3,7064,89830.82
1634,20231101,134,11947.72,275,7930.88
1635,20231101,135,79014.31,2430,46855.62
1636,20231101,136,88117.72,5327,58882.22
1637,20231101,137,130959.69,7958,77228.95
1638,20231101,138,71030.03,2576,45445.7
1639,20231101,139,120089.55,4457,80891.61
1640,20231101,140,94587.54,2677,56090.07
1641,20231101,141,58875.25,2196,34916.6
1642,20231101,142,239394.78,12041,152158.32
1643,20231101,143,32695.88,1128,18302.15
1644,20231101,144,61482.62,1489,36670.16
1645,20231101,145,46645.73,1294,30991.34
1646,20231101,146,81276.8,4356,44736.4
1647,20231101,147,172022.25,5798,115264.77
1648,20231101,148,36310.3,848,24922.37
1649,20231101,149,72118.31,1897,44620.0
1650,20231101,150,104604.78,5526,67270.06
1651,20231201,1,8721.77,572,5423.48
1652,20231201,2,35760.83,1194,21919.06
1653,20231201,3,31928.52,1190,19076.91
1654,20231201,4,19772.55,547,10927.21
1655,20231201,5,11352.16,329,7603.88
1656,20231201,6,80213.18,1878,44643.27
1657,20231201,7,208340.28,9114,134901.64
1658,20231201,8,40598.34,953,23422.76
1659,20231201,9,39184.9,2475,25860.72
1660,20231201,10,109001.09,3679,63132.09
1661,20231201,11,202256.11,10675,136285.23
1662,20231201,12,73886.6,3501,45224.09
1663,20231201,13,12864.55,405,8251.06
1664,20231201,14,159386.45,7974,89870.74
1665,20231201,15,66037.62,2407,44105.1
1666,20231201,16,10440.75,287,6470.36
1667,20231201,17,75004.47,2771,44016.77
1668,20231201,18,39329.69,1089,22695.56
1669,20231201,19,47096.01,1386,26081.37
1670,20231201,20,162015.54,4808,105584.82
1671,20231201,21,69371.05,2674,44797.73
1672,20231201,22,72607.55,1934,45222.5
1673,20231201,23,71097.85,2174,42855.37
1674,20231201,24,89181.66,2052,58541.42
1675,20231201,25,42653.69,1484,26990.99
1676,20231201,26,81715.11,1834,51791.66
1677,20231201,27,91423.74,4927,59746.51
1678,20231201,28,26954.5,1446,17294.7
1679,20231201,29,109145.21,3254,67628.02
1680,20231201,30,85735.47,1962,51256.91
1681,20231201,31,54009.31,3227,33230.14
1682,20231201,32,87403.19,2049,50008.6
1683,20231201,33,105471.27,2673,61636.76
1684,20231201,34,52781.36,1970,30097.34
1685,20231201,35,20435.2,962,13102.71
1686,20231201,36,80485.85,1847,44694.63
1687,20231201,37,87498.78,4732,59553.48
1688,20231201,38,105760.54,2367,61329.07
1689,20231201,39,123057.63,8064,69816.01
1690,20231201,40,140154.59,7714,78387.14
1691,20231201,41,97492.75,2234,66856.67
1692,20231201,42,99829.66,2317,69106.1
1693,20231201,43,50332.84,1863,29068.41
1694,20231201,44,69094.88,1591,43106.65
1695,20231201,45,87141.75,4729,57261.61
1696,20231201,46,133790.42,5081,84657.97
1697,20231201,47,106396.9,6433,69234.95
1698,20231201,48,87816.19,2635,60062.67
1699,20231201,49,93506.16,2333,53891.73
1700,20231201,50,161626.35,6184,108990.87
1701,20231201,51,22759.51,686,15254.07
1702,20231201,52,67453.0,1893,39298.2
1703,20231201,53,48343.0,1140,27142.21
1704,20231201,54,51779.39,2059,28900.16
1705,20231201,55,104020.52,4534,60876.79
1706,20231201,56,86504.62,2289,49974.76
1707,20231201,57,90918.62,4427,52812.5
1708,20231201,58,97688.36,4954,63115.7
1709,20231201,59,24740.68,1015,16096.41
1710,20231201,60,32157.09,863,20978.01
1711,20231201,61,71940.78,3700,45379.58
1712,20231201,62,22825.18,741,14180.36
1713,20231201,63,70040.45,3524,40222.58
1714,20231201,64,73042.62,1797,46483.7
1715,20231201,65,26484.82,609,16462.07
1716,20231201,66,92657.97,2416,56736.78
1717,20231201,67,89731.75,2978,62690.17
1718,20231201,68,97438.47,5034,60653.88
1719,20231201,69,40215.65,1126,25514.11
1720,20231201,70,88886.55,2019,55463.96
1721,20231201,71,71034.98,1640,49689.4
1722,20231201,72,21040.97,956,12225.18
1723,20231201,73,8186.61,261,4536.83
1724,20231201,74,87441.32,2079,49765.8
1725,20231201,75,261405.34,7177,176837.43
1726,20231201,76,98440.25,4308,59911.5
1727,20231201,77,107750.97,2770,71574.05
1728,20231201,78,199639.55,7564,138043.0
1729,20231201,79,41863.22,2484,27284.47
1730,20231201,80,78009.21,2724,50691.71
1731,20231201,81,69389.48,2038,44785.33
1732,20231201,82,69152.13,1717,39021.35
1733,20231201,83,62271.84,1737,35811.2
1734,20231201,84,211020.3,4872,142105.89
1735,20231201,85,31938.74,717,21503.68
1736,20231201,86,33229.74,994,22630.2
1737,20231201,87,16357.13,432,10516.73
1738,20231201,88,30858.46,1117,17693.47
1739,20231201,89,180180.12,7221,123560.45
1740,20231201,90,192130.77,5861,124227.19
1741,20231201,91,101987.59,3452,69053.71
1742,20231201,92,174726.93,4556,108377.9
1743,20231201,93,82805.73,1974,50078.38
1744,20231201,94,53471.33,2828,31869.65
1745,20231201,95,147091.54,4113,96194.47
1746,20231201,96,36589.05,1662,21633.38
1747,20231201,97,102602.03,5024,60221.66
1748,20231201,98,23044.0,595,14433.51
1749,20231201,99,63898.06,2654,35220.34
1750,20231201,100,195543.11,7753,117572.29
1751,20231201,101,71730.24,3303,47876.91
1752,20231201,102,191277.12,4536,128431.43
1753,20231201,103,62412.54,1617,37100.87
1754,20231201,104,10821.08,256,6170.25
1755,20231201,105,174659.4,6442,104493.23
1756,20231201,106,54432.24,2401,34835.48
1757,20231201,107,81506.49,2487,52397.48
1758,20231201,108,99475.08,4200,67640.09
1759,20231201,109,91570.64,2651,60634.7
1760,20231201,110,52994.87,3060,32885.78
1761,20231201,111,171396.47,7588,94769.53
1762,20231201,112,40034.06,1428,22308.5
1763,20231201,113,62158.92,1854,36919.69
1764,20231201,114,44653.47,1630,27351.93
1765,20231201,115,28237.96,1591,17945.24
1766,20231201,116,86243.95,2391,52646.5
1767,20231201,117,54432.21,1421,33123.18
1768,20231201,118,182973.49,4351,115290.31
1769,20231201,119,18661.89,711,11277.81
1770,20231201,120,158857.38,7498,99360.88
1771,20231201,121,50953.62,1256,34349.29
1772,20231201,122,122244.35,3477,83569.74
1773,20231201,123,109222.93,4228,75367.51
1774,20231201,124,69928.89,3672,41344.68
1775,20231201,125,52259.73,1745,31073.09
1776,20231201,126,145991.32,6039,95921.54
1777,20231201,127,74827.13,4339,45948.12
1778,20231201,128,105281.87,3622,69136.4
1779,20231201,129,217212.45,5651,141290.62
1780,20231201,130,171459.15,5771,100004.13
1781,20231201,131,107781.69,5092,68472.54
1782,20231201,132,11562.3,334,6974.13
1783,20231201,133,294874.96,8045,177825.22
1784,20231201,134,87630.92,5579,52262.65
1785,20231201,135,70440.22,2343,44091.82
1786,20231201,136,102730.73,2522,67224.66
1787,20231201,137,17888.63,789,12416.07
1788,20231201,138,128399.7,3472,83561.66
1789,20231201,139,88694.26,3469,57084.29
1790,20231201,140,98587.43,2251,64818.82
1791,20231201,141,77983.67,4476,54135.8
1792,20231201,142,236321.77,5486,149469.85
1793,20231201,143,64907.48,1640,42298.25
1794,20231201,144,51494.14,1232,35325.23
1795,20231201,145,35946.69,1148,24305.54
1796,20231201,146,24254.55,619,16076.35
1797,20231201,147,111043.06,2834,62321.31
1798,20231201,148,66567.1,1788,38586.19
1799,20231201,149,30768.46,798,17395.64
1800,20231201,150,63930.62,3469,35992.31
1801,20240101,1,82253.46,2469,48775.49
1802,20240101,2,70953.66,3452,42799.0
1803,20240101,3,93815.33,6163,55267.62
1804,20240101,4,70158.51,2962,39861.54
1805,20240101,5,89657.84,4037,56366.59
1806,20240101,6,75736.58,2282,49483.88
1807,20240101,7,169220.94,4827,95752.62
1808,20240101,8,12357.97,667,6944.01
1809,20240101,9,36996.89,2041,20953.65
1810,20240101,10,218632.87,7033,130760.79
1811,20240101,11,164333.99,5204,95483.05
1812,20240101,12,23200.7,1445,15884.46
1813,20240101,13,84580.6,2563,48344.17
1814,20240101,14,123150.71,6062,85264.53
1815,20240101,15,12827.51,316,7600.78
1816,20240101,16,31866.96,1031,21023.91
1817,20240101,17,79013.36,5231,46059.25
1818,20240101,18,51335.51,2524,35246.89
1819,20240101,19,56390.75,1706,37788.83
1820,20240101,20,111976.06,3276,66526.38
1821,20240101,21,64919.91,3258,35835.81
1822,20240101,22,37058.69,1253,24263.78
1823,20240101,23,77894.76,3095,45722.01
1824,20240101,24,83569.7,2535,55189.78
1825,20240101,25,109287.71,5836,66781.52
1826,20240101,26,51931.74,1286,32367.9
1827,20240101,27,57130.86,2321,39267.06
1828,20240101,28,71437.27,3010,47579.4
1829,20240101,29,80690.27,4159,56401.53
1830,20240101,30,11419.7,316,6566.18
1831,20240101,31,97277.29,5438,58287.51
1832,20240101,32,39709.8,1053,26741.48
1833,20240101,33,77267.03,2361,51193.54
1834,20240101,34,84022.66,2851,49893.43
1835,20240101,35,110689.82,5301,63485.82
1836,20240101,36,103147.03,3734,58112.82
1837,20240101,37,33893.91,857,21028.61
1838,20240101,38,18321.72,873,11443.82
1839,20240101,39,68430.2,2920,40265.6
1840,20240101,40,195346.34,8053,127893.7
1841,20240101,41,91215.5,2503,62257.29
1842,20240101,42,129975.88,7020,75992.11
1843,20240101,43,105738.56,5492,73781.34
1844,20240101,44,53366.13,2331,32807.27
1845,20240101,45,39634.29,2044,23077.53
1846,20240101,46,196340.93,8878,134456.93
1847,20240101,47,34986.65,915,20164.75
1848,20240101,48,49245.18,1530,27169.65
1849,20240101,49,88371.38,2943,49428.83
1850,20240101,50,153117.98,5919,102635.83
1851,20240101,51,28178.41,1565,18533.04
1852,20240101,52,62080.01,1416,40823.53
1853,20240101,53,25671.36,588,17830.46
1854,20240101,54,41022.59,2344,24601.66
1855,20240101,55,85646.01,2621,56543.11
1856,20240101,56,108159.38,2714,70628.84
1857,20240101,57,102944.86,5184,61027.13
1858,20240101,58,52196.09,1815,29483.79
1859,20240101,59,40624.0,1651,25906.54
1860,20240101,60,157791.73,3962,94609.35
1861,20240101,61,104301.39,4301,66919.52
1862,20240101,62,8980.28,414,5358.41
1863,20240101,63,68644.93,2304,47781.39
1864,20240101,64,49116.11,2835,27526.24
1865,20240101,65,24731.35,702,13643.65
1866,20240101,66,105348.97,6728,68594.52
1867,20240101,67,108838.96,6393,72451.39
1868,20240101,68,29306.67,1010,18069.82
1869,20240101,69,99527.88,2775,61197.87
1870,20240101,70,49551.58,1173,33842.41
1871,20240101,71,203280.42,7495,122953.15
1872,20240101,72,74090.03,3796,51506.96
1873,20240101,73,64255.15,3105,43441.63
1874,20240101,74,107026.32,4170,64759.33
1875,20240101,75,80854.31,2147,53215.13
1876,20240101,76,123565.92,2869,74903.08
1877,20240101,77,34151.88,818,22429.36
1878,20240101,78,120771.45,5656,82379.49
1879,20240101,79,63895.62,2921,35309.7
1880,20240101,80,61375.62,2362,40945.37
1881,20240101,81,12350.84,430,7704.83
1882,20240101,82,84774.07,4628,59064.44
1883,20240101,83,96590.11,3001,63601.84
1884,20240101,84,33204.37,905,20405.52
1885,20240101,85,107683.54,4403,59344.92
1886,20240101,86,104203.5,2385,58492.66
1887,20240101,87,59047.69,2385,33742.93
1888,20240101,88,205213.96,7313,130300.91
1889,20240101,89,61973.74,1562,42247.44
1890,20240101,90,123798.38,5240,81138.65
1891,20240101,91,33993.98,1305,20422.1
1892,20240101,92,50827.87,2254,33064.2
1893,20240101,93,34298.35,940,19361.56
1894,20240101,94,104674.25,6166,63429.24
1895,20240101,95,35717.83,1175,20911.19
1896,20240101,96,12294.04,779,8443.17
1897,20240101,97,84140.68,2066,51499.43
1898,20240101,98,25294.06,713,15812.02
1899,20240101,99,124023.71,2891,75145.91
1900,20240101,100,181849.72,4617,110142.71
1901,20240101,101,28425.35,1003,17766.63
1902,20240101,102,177201.69,4582,119307.87
1903,20240101,103,191986.25,5349,124052.04
1904,20240101,104,35744.85,1018,23696.08
1905,20240101,105,289492.86,12560,170515.81
1906,20240101,106,93695.17,3051,59397.61
1907,20240101,107,297026.5,13846,195002.61
1908,20240101,108,13191.14,499,7415.45
1909,20240101,109,41062.5,1172,23855.51
1910,20240101,110,34007.48,2026,19165.54
1911,20240101,111,32105.4,792,20601.42
1912,20240101,112,52549.17,1278,31674.95
1913,20240101,113,17929.42,534,10413.82
1914,20240101,114,61776.12,3398,34008.41
1915,20240101,115,95530.67,2697,64156.02
1916,20240101,116,126550.56,2910,75189.26
1917,20240101,117,190081.59,5062,130010.83
1918,20240101,118,33569.52,777,20966.01
1919,20240101,119,96950.16,3680,64145.08
1920,20240101,120,35388.68,1147,20061.77
1921,20240101,121,60647.29,2535,35249.28
1922,20240101,122,103063.58,2386,61942.77
1923,20240101,123,98251.85,3225,55095.96
1924,20240101,124,45728.6,1435,27345.09
1925,20240101,125,13784.5,373,7810.84
1926,20240101,126,102312.46,2590,66945.31
1927,20240101,127,86671.16,2293,52913.75
1928,20240101,128,45306.28,1409,26037.99
1929,20240101,129,112017.9,2525,75111.8
1930,20240101,130,33222.8,1251,21439.24
1931,20240101,131,68073.36,3558,45172.19
1932,20240101,132,33671.69,789,20516.11
1933,20240101,133,23002.95,1011,15278.22
1934,20240101,134,53789.21,2096,30386.39
1935,20240101,135,53103.37,1281,33974.3
1936,20240101,136,90598.39,2388,57865.67
1937,20240101,137,35366.04,1076,23076.77
1938,20240101,138,106551.03,2392,72475.03
1939,20240101,139,54435.95,1256,37947.81
1940,20240101,140,95310.35,4312,65884.6
1941,20240101,141,58255.76,1425,34428.95
1942,20240101,142,117843.24,4682,71926.75
1943,20240101,143,26079.03,741,15753.13
1944,20240101,144,46711.5,1332,30712.67
1945,20240101,145,78497.98,5222,48078.39
1946,20240101,146,122442.05,6374,84967.79
1947,20240101,147,57587.04,2110,33463.8
1948,20240101,148,41949.12,1168,29059.62
1949,20240101,149,66039.67,1888,45087.22
1950,20240101,150,12484.4,322,6931.37
1951,20240201,1,37527.62,1230,21254.63
1952,20240201,2,99900.68,2737,59410.65
1953,20240201,3,24922.69,743,15893.46
1954,20240201,4,94688.53,6295,65900.85
1955,20240201,5,96745.03,2309,56826.77
1956,20240201,6,53938.76,3354,31493.05
1957,20240201,7,164605.95,4020,112362.73
1958,20240201,8,54839.45,1222,37899.14
1959,20240201,9,63098.75,3766,38717.23
1960,20240201,10,215655.79,6753,123049.15
1961,20240201,11,61318.03,2033,40585.31
1962,20240201,12,45064.82,2039,26017.18
1963,20240201,13,65015.89,3441,43712.89
1964,20240201,14,113366.37,4246,65369.93
1965,20240201,15,98645.7,3846,66605.13
1966,20240201,16,106883.97,3663,63799.12
1967,20240201,17,75211.37,1955,43754.36
1968,20240201,18,25204.57,1322,14026.01
1969,20240201,19,39883.04,1273,24548.2
1970,20240201,20,45658.08,1381,26807.02
1971,20240201,21,90244.79,2395,56570.38
1972,20240201,22,84130.67,2389,58102.71
1973,20240201,23,95970.99,2839,56800.08
1974,20240201,24,84758.94,1901,57007.76
1975,20240201,25,33808.86,1523,19863.9
1976,20240201,26,12910.84,449,7139.75
1977,20240201,27,91224.67,2614,50780.67
1978,20240201,28,27195.47,827,15531.94
1979,20240201,29,94008.91,4250,56956.2
1980,20240201,30,78163.64,2105,53680.08
1981,20240201,31,47613.07,2632,27714.73
1982,20240201,32,99235.83,2835,68065.01
1983,20240201,33,65255.42,1510,43056.28
1984,20240201,34,121240.75,3464,77279.76
1985,20240201,35,54901.32,3655,37319.45
1986,20240201,36,94003.56,4570,52156.17
1987,20240201,37,59398.14,1498,39656.24
1988,20240201,38,16323.62,661,10745.91
1989,20240201,39,103947.47,4089,65537.48
1990,20240201,40,272304.09,17364,189585.03
1991,20240201,41,39861.02,2282,26149.57
1992,20240201,42,192945.96,4613,109006.35
1993,20240201,43,46018.48,1051,30897.15
1994,20240201,44,48151.66,1771,29264.53
1995,20240201,45,46448.37,1770,26661.67
1996,20240201,46,60680.07,1354,40221.78
1997,20240201,47,99276.22,3503,65494.22
1998,20240201,48,70348.63,4250,42834.31
1999,20240201,49,98231.11,3565,57116.71
2000,20240201,50,177079.93,6781,117567.04
2001,20240201,51,98706.89,4180,55870.65
2002,20240201,52,56995.07,1374,32561.81
2003,20240201,53,11169.95,726,6737.65
2004,20240201,54,58160.89,2858,39785.11
2005,20240201,55,74488.49,1937,41001.83
2006,20240201,56,33707.8,1808,22383.03
2007,20240201,57,64851.22,2082,40677.39
2008,20240201,58,52135.56,3308,36312.96
2009,20240201,59,10656.41,444,6719.64
2010,20240201,60,160369.5,3874,93314.98
2011,20240201,61,36394.07,2009,20402.84
2012,20240201,62,69108.73,2905,41742.3
2013,20240201,63,71204.67,3559,44624.2
2014,20240201,64,285546.67,11408,198718.0
2015,20240201,65,61786.27,1510,37236.57
2016,20240201,66,59711.27,2135,34430.25
2017,20240201,67,22376.36,842,12418.63
2018,20240201,68,63382.45,3574,42039.22
2019,20240201,69,42967.28,1357,24100.71
2020,20240201,70,23369.18,553,12891.91
2021,20240201,71,140697.39,7746,79544.15
2022,20240201,72,86711.99,5388,55007.5
2023,20240201,73,26187.7,1235,14977.72
2024,20240201,74,60995.9,1737,39788.13
2025,20240201,75,178585.94,6191,116673.32
2026,20240201,76,203911.22,5365,135548.39
2027,20240201,77,79864.04,2511,55777.18
2028,20240201,78,135152.32,7947,93133.52
2029,20240201,79,105621.45,3004,68340.83
2030,20240201,80,61458.81,3880,36953.78
2031,20240201,81,76698.11,2211,44137.33
2032,20240201,82,60269.6,1491,41466.41
2033,20240201,83,98581.48,2278,65664.85
2034,20240201,84,46580.11,1557,31662.55
2035,20240201,85,200599.0,8223,140415.09
2036,20240201,86,46082.22,1053,30436.54
2037,20240201,87,22293.88,571,14549.18
2038,20240201,88,85675.29,2022,56072.24
2039,20240201,89,161095.72,4729,98814.8
2040,20240201,90,111402.28,3715,70685.76
2041,20240201,91,37060.66,1254,21898.82
2042,20240201,92,54435.77,2467,34550.93
2043,20240201,93,102109.36,5921,56946.6
2044,20240201,94,37286.32,1543,24722.53
2045,20240201,95,39526.38,896,25228.23
2046,20240201,96,28088.46,918,16198.21
2047,20240201,97,201292.78,7955,117378.42
2048,20240201,98,54809.68,1305,30449.47
2049,20240201,99,36377.07,2123,23448.77
2050,20240201,100,238139.94,5560,137584.8
2051,20240201,101,33200.6,1234,18452.37
2052,20240201,102,214136.73,12358,139374.66
2053,20240201,103,277110.39,6415,169348.26
2054,20240201,104,36060.3,1083,23489.45
2055,20240201,105,138724.14,3903,89791.5
2056,20240201,106,17013.63,481,11570.02
2057,20240201,107,40228.45,1109,26187.5
2058,20240201,108,49808.79,1986,33174.37
2059,20240201,109,21125.18,956,12383.0
2060,20240201,110,88278.88,2326,49825.14
2061,20240201,111,72021.82,1921,45987.2
2062,20240201,112,80423.78,2008,45326.75
2063,20240201,113,46373.78,1645,29879.2
2064,20240201,114,8767.36,396,5588.49
2065,20240201,115,84837.03,2133,56977.99
2066,20240201,116,121145.22,4414,70750.09
2067,20240201,117,202645.18,10906,128110.47
2068,20240201,118,38991.94,2120,27158.85
2069,20240201,119,85929.53,5682,48576.12
2070,20240201,120,151131.68,7776,89089.87
2071,20240201,121,52724.35,1212,30631.03
2072,20240201,122,171538.85,7616,117889.0
2073,20240201,123,23739.04,642,15576.85
2074,20240201,124,53963.61,1246,32101.39
2075,20240201,125,30414.79,891,19417.62
2076,20240201,126,92140.62,4022,50984.48
2077,20240201,127,54234.88,1522,33195.66
2078,20240201,128,21420.31,544,14660.31
2079,20240201,129,215442.4,10885,119129.11
2080,20240201,130,141505.63,4990,86289.4
2081,20240201,131,93433.04,2196,61678.3
2082,20240201,132,60584.19,1612,40318.9
2083,20240201,133,294641.32,9590,205858.13
2084,20240201,134,102019.59,3466,62859.13
2085,20240201,135,71642.07,2852,39853.71
2086,20240201,136,106579.4,2512,69588.85
2087,20240201,137,146423.6,4447,86635.25
2088,20240201,138,41433.99,1053,25445.6
2089,20240201,139,23554.64,1187,13438.57
2090,20240201,140,8290.88,313,4578.56
2091,20240201,141,16266.31,518,10985.14
2092,20240201,142,145651.62,6647,96228.74
2093,20240201,143,50763.18,1779,29738.54
2094,20240201,144,63557.06,1488,36782.38
2095,20240201,145,18839.19,467,10582.05
2096,20240201,146,53792.69,1607,31763.01
2097,20240201,147,199497.52,5579,130906.65
2098,20240201,148,70178.2,1742,44774.89
2099,20240201,149,91212.13,2290,58410.32
2100,20240201,150,62547.43,1515,38571.65
2101,20240301,1,89521.53,3734,49316.35
2102,20240301,2,86145.81,4443,50459.12
2103,20240301,3,90562.83,4046,59295.48
2104,20240301,4,15003.43,478,9258.24
2105,20240301,5,71166.52,2176,39678.8
2106,20240301,6,61341.61,2991,37817.85
2107,20240301,7,101209.6,2412,65265.57
2108,20240301,8,74120.99,3595,44523.43
2109,20240301,9,32681.52,956,17986.63
2110,20240301,10,153037.69,9410,93231.32
2111,20240301,11,71915.03,2420,46924.13
2112,20240301,12,26470.5,732,17716.55
2113,20240301,13,18324.97,732,12298.9
2114,20240301,14,196678.82,7482,120358.31
2115,20240301,15,55527.74,2941,33728.24
2116,20240301,16,43856.72,1081,27660.1
2117,20240301,17,51299.73,2466,28400.86
2118,20240301,18,29525.76,1233,17959.8
2119,20240301,19,101338.93,2453,62805.65
2120,20240301,20,169273.99,5307,101699.49
2121,20240301,21,21329.15,522,12537.72
2122,20240301,22,51510.39,1698,30426.68
2123,20240301,23,41732.15,984,25462.94
2124,20240301,24,71977.82,2437,41369.52
2125,20240301,25,35164.66,987,21741.5
2126,20240301,26,34558.44,1401,19355.75
2127,20240301,27,36716.85,1423,23665.7
2128,20240301,28,101615.32,2517,61110.01
2129,20240301,29,85105.83,3819,59217.57
2130,20240301,30,72285.85,2507,47325.12
2131,20240301,31,86773.46,2384,54425.37
2132,20240301,32,100608.64,3857,57589.66
2133,20240301,33,70980.09,1952,41724.04
2134,20240301,34,102337.49,3341,66523.19
2135,20240301,35,63938.21,2796,38395.36
2136,20240301,36,48324.67,1240,29007.53
2137,20240301,37,70843.76,2314,40986.88
2138,20240301,38,90192.3,5031,51342.49
2139,20240301,39,194187.45,9568,119531.37
2140,20240301,40,55147.15,3334,34176.44
2141,20240301,41,53295.1,2523,36147.74
2142,20240301,42,184733.95,10274,109876.62
2143,20240301,43,7605.1,195,5279.25
2144,20240301,44,33094.49,803,19152.75
2145,20240301,45,99855.91,2740,62894.31
2146,20240301,46,180849.26,11026,100723.71
2147,20240301,47,64197.36,2189,40314.2
2148,20240301,48,70337.5,3669,48206.97
2149,20240301,49,65950.85,2012,41078.06
2150,20240301,50,113364.99,3028,78969.2
2151,20240301,51,23314.41,677,13576.79
2152,20240301,52,64685.42,3971,35736.19
2153,20240301,53,48480.48,1175,33421.11
2154,20240301,54,39340.62,992,23870.68
2155,20240301,55,60054.45,2108,40771.17
2156,20240301,56,70999.67,2758,42679.32
2157,20240301,57,69429.89,2294,40069.87
2158,20240301,58,90438.47,3657,58515.7
2159,20240301,59,78831.41,3051,51755.32
2160,20240301,60,15431.21,368,9212.76
2161,20240301,61,59555.31,1473,36279.25
2162,20240301,62,38981.14,1355,26304.26
2163,20240301,63,13752.1,511,8374.09
2164,20240301,64,252262.96,8832,162132.12
2165,20240301,65,23580.7,680,15242.35
2166,20240301,66,91116.64,2961,62005.61
2167,20240301,67,191752.21,5911,119298.33
2168,20240301,68,75398.95,2277,44819.72
2169,20240301,69,76634.21,3545,43627.97
2170,20240301,70,104231.74,6341,63738.55
2171,20240301,71,94167.53,3006,54683.06
2172,20240301,72,76400.7,2316,49389.49
2173,20240301,73,56764.28,1388,34778.25
2174,20240301,74,12004.19,341,7455.02
2175,20240301,75,274362.85,13933,184371.62
2176,20240301,76,171955.62,5322,111150.08
2177,20240301,77,38326.47,875,24861.31
2178,20240301,78,206634.85,5014,143207.46
2179,20240301,79,18199.77,597,10013.91
2180,20240301,80,24980.42,628,16556.26
2181,20240301,81,44645.82,1659,24805.03
2182,20240301,82,48522.89,3039,29371.91
2183,20240301,83,57113.66,1617,34917.95
2184,20240301,84,195708.8,8002,114770.08
2185,20240301,85,119769.97,4629,75932.49
2186,20240301,86,65488.53,2301,37931.15
2187,20240301,87,14661.79,372,8401.21
2188,20240301,88,117198.62,5675,76718.17
2189,20240301,89,67451.89,2103,42957.41
2190,20240301,90,174721.07,10267,110018.63
2191,20240301,91,12088.31,275,6655.39
2192,20240301,92,210501.48,9725,142722.72
2193,20240301,93,36383.96,868,24096.22
2194,20240301,94,100725.44,2573,68608.75
2195,20240301,95,179568.51,5658,122675.76
2196,20240301,96,83608.06,2822,47562.81
2197,20240301,97,77806.01,1994,53538.61
2198,20240301,98,59026.63,1683,34494.35
2199,20240301,99,163361.15,5825,95254.32
2200,20240301,100,124324.95,6517,69554.99
2201,20240301,101,8599.54,284,5628.72
2202,20240301,102,105133.55,2678,60443.55
2203,20240301,103,263014.19,15992,167203.48
2204,20240301,104,57894.19,2650,35680.3
2205,20240301,105,92947.2,2069,54629.98
2206,20240301,106,39492.24,1061,24595.77
2207,20240301,107,301462.57,10145,203484.28
2208,20240301,108,71293.85,1723,44918.93
2209,20240301,109,20581.33,1274,12206.57
2210,20240301,110,99006.01,3261,55060.59
2211,20240301,111,196830.83,6007,123968.12
2212,20240301,112,143023.9,7342,83597.46
2213,20240301,113,104838.79,2450,70094.35
2214,20240301,114,40984.72,1515,22999.75
2215,20240301,115,103104.92,4418,65632.83
2216,20240301,116,100239.17,4161,58514.43
2217,20240301,117,170910.97,3867,114526.4
2218,20240301,118,160283.2,9978,98749.07
2219,20240301,119,74756.0,1985,48247.85
2220,20240301,120,86163.47,4031,50297.51
2221,20240301,121,80090.32,2494,46883.53
2222,20240301,122,52727.41,1248,32362.84
2223,20240301,123,77206.96,4679,50298.63
2224,20240301,124,80885.59,3526,52487.35
2225,20240301,125,15271.0,413,8834.37
2226,20240301,126,46793.22,1534,31385.8
2227,20240301,127,62500.85,2169,38085.81
2228,20240301,128,92759.65,3701,58964.45
2229,20240301,129,81966.36,3691,54789.82
2230,20240301,130,216501.98,6772,125859.69
2231,20240301,131,73774.98,1951,49002.83
2232,20240301,132,53759.45,2271,36839.27
2233,20240301,133,81277.89,2719,50582.0
2234,20240301,134,16809.01,812,9886.87
2235,20240301,135,19946.9,502,11615.09
2236,20240301,136,9407.56,385,6419.81
2237,20240301,137,147590.52,3592,103016.03
2238,20240301,138,58155.92,2723,39355.33
2239,20240301,139,76634.17,1966,45048.72
2240,20240301,140,14601.74,652,10031.46
2241,20240301,141,20056.28,553,12463.87
2242,20240301,142,139447.16,3662,87222.67
2243,20240301,143,8948.3,344,5021.59
2244,20240301,144,54537.55,1300,31441.05
2245,20240301,145,15534.77,390,10289.77
2246,20240301,146,84990.35,3680,58897.85
2247,20240301,147,19751.76,1273,11082.89
2248,20240301,148,78563.3,2346,47476.42
2249,20240301,149,54416.11,3258,36019.5
2250,20240301,150,45812.67,1442,27935.08
2251,20240401,1,45341.78,2769,25072.28
2252,20240401,2,25856.19,775,14464.48
2253,20240401,3,59703.13,1414,34417.72
2254,20240401,4,12971.45,515,8018.44
2255,20240401,5,43061.08,1369,26382.16
2256,20240401,6,103312.06,3073,64713.81
2257,20240401,7,155770.32,6737,93938.56
2258,20240401,8,45256.21,1158,26877.37
2259,20240401,9,87733.89,4749,56088.59
2260,20240401,10,170875.27,4402,115816.12
2261,20240401,11,17819.75,417,10129.11
2262,20240401,12,45141.63,1376,26668.0
2263,20240401,13,56689.58,1398,33946.59
2264,20240401,14,143429.92,6850,81196.12
2265,20240401,15,109300.16,2573,63519.33
2266,20240401,16,106421.7,5138,59470.53
2267,20240401,17,108272.62,2926,67893.42
2268,20240401,18,28534.72,937,16887.25
2269,20240401,19,68187.75,3236,46575.0
2270,20240401,20,148514.82,7919,86286.4
2271,20240401,21,81493.27,2946,45593.28
2272,20240401,22,64729.89,3103,38870.35
2273,20240401,23,29777.84,910,16747.54
2274,20240401,24,74612.65,2818,52135.1
2275,20240401,25,98535.77,3963,66762.99
2276,20240401,26,84073.1,2031,57702.21
2277,20240401,27,100312.35,3102,62765.77
2278,20240401,28,12461.61,419,7439.99
2279,20240401,29,101350.92,2861,59918.41
2280,20240401,30,69273.18,1581,39338.47
2281,20240401,31,25010.76,602,14057.17
2282,20240401,32,50934.24,3141,31976.44
2283,20240401,33,24144.94,611,14473.16
2284,20240401,34,100854.58,2585,59158.16
2285,20240401,35,23833.85,1151,14035.42
2286,20240401,36,27556.61,1019,18603.81
2287,20240401,37,44682.59,1524,28982.24
2288,20240401,38,74430.14,2512,51159.59
2289,20240401,39,74546.67,2351,48165.51
2290,20240401,40,286443.53,7174,194862.07
2291,20240401,41,25249.08,594,14790.19
2292,20240401,42,88927.77,3728,50394.22
2293,20240401,43,61300.1,1459,35074.24
2294,20240401,44,59690.3,2830,39914.78
2295,20240401,45,88616.46,3196,60073.08
2296,20240401,46,138275.31,6658,84168.19
2297,20240401,47,107684.12,6433,60490.97
2298,20240401,48,75200.85,3441,46233.26
2299,20240401,49,42464.17,2421,25770.54
2300,20240401,50,133743.48,3372,92259.64
2301,20240401,51,15891.9,364,9027.01
2302,20240401,52,53805.33,3071,30376.82
2303,20240401,53,23641.02,1258,13240.1
2304,20240401,54,91161.82,3287,53520.77
2305,20240401,55,35958.25,1288,21640.29
2306,20240401,56,74437.62,2048,48023.24
2307,20240401,57,8732.93,222,5054.1
2308,20240401,58,74050.04,2235,42547.89
2309,20240401,59,81025.03,1867,46059.94
2310,20240401,60,79289.18,2479,53178.14
2311,20240401,61,95100.67,2124,56248.55
2312,20240401,62,108922.14,4957,66304.74
2313,20240401,63,80844.29,4649,45467.73
2314,20240401,64,197520.97,9298,124830.54
2315,20240401,65,89086.29,5618,52373.44
2316,20240401,66,18194.73,577,11688.88
2317,20240401,67,122971.72,2904,81504.98
2318,20240401,68,76667.0,1713,47297.63
2319,20240401,69,96208.58,4191,59705.13
2320,20240401,70,36287.35,1624,21018.53
2321,20240401,71,196296.79,6014,127165.02
2322,20240401,72,85394.86,4858,48381.12
2323,20240401,73,69942.89,3540,43540.16
2324,20240401,74,45648.53,2406,29057.31
2325,20240401,75,297585.56,16524,165663.71
2326,20240401,76,189561.27,4752,109618.3
2327,20240401,77,206364.77,7308,139033.34
2328,20240401,78,18004.83,510,10498.05
2329,20240401,79,95841.17,2461,64855.57
2330,20240401,80,13324.07,365,8712.13
2331,20240401,81,51381.61,2330,31256.76
2332,20240401,82,61985.97,1611,34140.84
2333,20240401,83,21413.31,579,14490.91
2334,20240401,84,134820.6,5837,76622.45
2335,20240401,85,164916.4,9965,114325.77
2336,20240401,86,16929.1,413,10347.44
2337,20240401,87,48705.22,1282,33870.7
2338,20240401,88,149217.65,3448,96741.77
2339,20240401,89,186287.35,4187,108266.22
2340,20240401,90,27687.73,1132,15562.06
2341,20240401,91,71910.2,2476,39682.74
2342,20240401,92,27023.55,649,16783.96
2343,20240401,93,27078.32,877,18716.27
2344,20240401,94,51075.06,2322,35085.53
2345,20240401,95,195807.7,8798,128472.37
2346,20240401,96,71717.95,2619,46351.82
2347,20240401,97,45130.04,2085,25683.35
2348,20240401,98,85705.59,4527,51486.63
2349,20240401,99,217805.91,6402,125794.14
2350,20240401,100,58139.18,2742,35398.7
2351,20240401,101,15775.05,853,8878.17
2352,20240401,102,59966.95,2904,38973.24
2353,20240401,103,187754.83,6706,116241.47
2354,20240401,104,54976.64,2753,35721.91
2355,20240401,105,185148.92,9418,112879.56
2356,20240401,106,29222.17,852,19254.27
2357,20240401,107,205660.74,12025,139597.27
2358,20240401,108,51967.31,1510,33438.81
2359,20240401,109,47644.75,2917,29524.11
2360,20240401,110,76862.31,4058,47012.82
2361,20240401,111,218395.82,6290,124464.51
2362,20240401,112,205298.05,5101,130390.12
2363,20240401,113,35374.03,961,23717.68
2364,20240401,114,72186.71,1635,47180.84
2365,20240401,115,59222.29,1339,35503.71
2366,20240401,116,189285.69,7340,129002.14
2367,20240401,117,109509.53,4964,74399.3
2368,20240401,118,61431.5,3085,37872.18
2369,20240401,119,36922.38,1378,25137.73
2370,20240401,120,105534.23,2345,59789.95
2371,20240401,121,73467.15,4507,49724.7
2372,20240401,122,37785.4,1084,21898.94
2373,20240401,123,29920.85,763,19774.34
2374,20240401,124,58974.96,1405,36530.71
2375,20240401,125,19437.69,621,12674.12
2376,20240401,126,143428.71,3422,81118.51
2377,20240401,127,10115.51,527,5675.07
2378,20240401,128,31070.14,735,19384.83
2379,20240401,129,111907.27,3789,73045.26
2380,20240401,130,136206.15,5293,79144.86
2381,20240401,131,10375.6,244,6074.33
2382,20240401,132,43564.99,1080,28001.98
2383,20240401,133,202276.88,7315,132374.64
2384,20240401,134,12396.3,394,8215.36
2385,20240401,135,34917.47,1067,23957.06
2386,20240401,136,14749.79,464,8660.53
2387,20240401,137,143878.18,8066,89288.9
2388,20240401,138,65718.99,3000,37445.1
2389,20240401,139,158070.3,3552,101767.99
2390,20240401,140,50690.99,1528,28320.04
2391,20240401,141,28950.74,1239,16946.63
2392,20240401,142,85835.65,3253,55221.3
2393,20240401,143,101106.93,2328,68347.24
2394,20240401,144,21391.06,530,14925.74
2395,20240401,145,62617.0,1648,41079.42
2396,20240401,146,121887.81,6807,72474.96
2397,20240401,147,37035.84,2328,22371.07
2398,20240401,148,103784.77,5685,65661.15
2399,20240401,149,87527.3,5200,59396.45
2400,20240401,150,86550.88,2063,47771.15
2401,20240501,1,71194.1,3216,44383.96
2402,20240501,2,18072.35,419,12350.22
2403,20240501,3,22196.87,600,13432.47
2404,20240501,4,106613.2,4265,63758.01
2405,20240501,5,46402.8,1922,26554.35
2406,20240501,6,38016.89,1930,21255.8
2407,20240501,7,138207.22,5342,83786.52
2408,20240501,8,83648.13,3427,51123.0
2409,20240501,9,61321.48,1369,41004.29
2410,20240501,10,68710.66,2056,47576.16
2411,20240501,11,164204.23,5852,94961.12
2412,20240501,12,92523.93,3500,53504.59
2413,20240501,13,11858.48,768,7205.35
2414,20240501,14,35063.24,1608,19780.85
2415,20240501,15,48022.73,1204,29351.87
2416,20240501,16,30351.55,1435,17700.23
2417,20240501,17,27637.4,810,16147.68
2418,20240501,18,22775.54,634,15538.58
2419,20240501,19,185794.92,4242,123770.63
2420,20240501,20,72177.29,2893,49957.15
2421,20240501,21,103918.69,4488,65149.31
2422,20240501,22,92001.83,4925,62850.62
2423,20240501,23,67684.66,2449,44385.45
2424,20240501,24,78681.42,1847,47465.66
2425,20240501,25,30708.55,2036,19980.15
2426,20240501,26,104101.12,3545,60869.89
2427,20240501,27,90506.6,5643,53957.41
2428,20240501,28,106736.89,3015,72811.19
2429,20240501,29,93868.71,4413,63247.69
2430,20240501,30,87261.56,4661,51733.21
2431,20240501,31,77014.69,1813,47732.43
2432,20240501,32,49416.2,1342,32411.29
2433,20240501,33,53204.08,1769,33997.15
2434,20240501,34,106378.45,5064,64812.98
2435,20240501,35,70333.78,1641,44176.05
2436,20240501,36,103149.29,4068,68948.33
2437,20240501,37,72510.17,2327,45628.18
2438,20240501,38,45739.99,1495,31523.9
2439,20240501,39,34284.93,1257,18982.06
2440,20240501,40,239735.93,7145,145218.51
2441,20240501,41,55823.9,1285,34393.62
2442,20240501,42,31246.42,1127,19132.63
2443,20240501,43,100667.19,3250,55736.59
2444,20240501,44,90321.28,2941,50333.02
2445,20240501,45,89524.86,2256,51587.85
2446,20240501,46,66744.98,2109,44890.6
2447,20240501,47,59005.9,2350,38308.15
2448,20240501,48,57965.87,1418,34657.39
2449,20240501,49,106664.23,3186,70394.14
2450,20240501,50,87544.1,2755,56370.5
2451,20240501,51,40252.32,1337,27869.53
2452,20240501,52,48662.96,1474,27455.82
2453,20240501,53,84896.54,3184,56100.71
2454,20240501,54,7540.55,220,4504.6
2455,20240501,55,31026.7,740,17358.28
2456,20240501,56,31470.43,1146,18099.47
2457,20240501,57,82769.88,2360,54878.04
2458,20240501,58,35662.36,852,23132.91
2459,20240501,59,36913.34,1327,22235.58
2460,20240501,60,77974.21,2001,53260.47
2461,20240501,61,109067.98,5098,64630.09
2462,20240501,62,72958.92,1838,46060.58
2463,20240501,63,25697.42,710,15364.22
2464,20240501,64,99428.39,6111,69109.88
2465,20240501,65,101781.02,2965,61688.27
2466,20240501,66,31747.44,2024,19302.53
2467,20240501,67,100304.76,5752,68709.52
2468,20240501,68,102141.06,2270,66230.22
2469,20240501,69,72663.49,3443,49236.97
2470,20240501,70,64504.53,1862,44013.11
2471,20240501,71,92461.81,2202,55952.66
2472,20240501,72,9307.69,600,5341.25
2473,20240501,73,97842.61,3413,60697.87
2474,20240501,74,61712.42,2304,34276.15
2475,20240501,75,136772.03,5597,89110.78
2476,20240501,76,192519.55,5321,117285.4
2477,20240501,77,28798.27,703,19093.74
2478,20240501,78,183318.18,11513,109901.84
2479,20240501,79,38118.21,850,25259.86
2480,20240501,80,12526.34,296,7150.84
2481,20240501,81,55379.27,1481,32336.74
2482,20240501,82,61603.85,4101,39822.6
2483,20240501,83,94500.18,4740,61997.98
2484,20240501,84,35557.78,2150,19970.11
2485,20240501,85,133549.95,3379,80506.6
2486,20240501,86,27404.91,631,18514.55
2487,20240501,87,105101.52,5355,64698.81
2488,20240501,88,121951.97,7846,78984.13
2489,20240501,89,139742.76,3369,87902.44
2490,20240501,90,80734.32,3224,52491.01
2491,20240501,91,92978.4,2123,59537.47
2492,20240501,92,33094.96,818,18417.09
2493,20240501,93,70572.86,3843,40296.12
2494,20240501,94,74767.96,2477,42535.64
2495,20240501,95,51527.36,1519,35207.65
2496,20240501,96,9603.65,425,5830.26
2497,20240501,97,41000.41,2456,27273.34
2498,20240501,98,108863.0,3506,67823.53
2499,20240501,99,211397.11,5719,117273.46
2500,20240501,100,118827.98,4295,66016.42
2501,20240501,101,53505.59,2133,34581.86
2502,20240501,102,107269.73,6176,66937.64
2503,20240501,103,109057.02,4965,64998.8
2504,20240501,104,11176.11,656,7299.37
2505,20240501,105,29611.76,1106,19329.03
2506,20240501,106,85954.88,2067,59267.01
2507,20240501,107,156781.5,6043,95671.03
2508,20240501,108,61229.03,1559,42106.64
2509,20240501,109,35352.27,1265,20932.67
2510,20240501,110,48868.61,1195,30538.5
2511,20240501,111,207055.92,11924,123655.41
2512,20240501,112,127050.6,3663,75344.34
2513,20240501,113,13846.31,341,8991.16
2514,20240501,114,67670.26,2652,39763.42
2515,20240501,115,84437.97,2154,57698.43
2516,20240501,116,40040.99,2483,23273.63
2517,20240501,117,102569.87,3350,58810.44
2518,20240501,118,122589.23,4161,82041.17
2519,20240501,119,38014.91,2027,24650.69
2520,20240501,120,146022.53,3794,96781.07
2521,20240501,121,12546.74,496,8033.29
2522,20240501,122,38253.05,1146,25500.16
2523,20240501,123,52025.04,3032,30079.39
2524,20240501,124,86529.32,3053,57939.46
2525,20240501,125,84395.15,3510,56314.1
2526,20240501,126,173488.86,6554,102512.9
2527,20240501,127,74354.65,2413,47041.1
2528,20240501,128,65143.8,2112,41616.08
2529,20240501,129,215056.11,9134,137333.56
2530,20240501,130,88234.82,2014,53550.1
2531,20240501,131,91971.94,4355,56490.36
2532,20240501,132,80959.0,2879,47057.53
2533,20240501,133,200652.96,5151,119090.82
2534,20240501,134,66999.39,2272,42124.88
2535,20240501,135,67574.37,3301,41289.2
2536,20240501,136,28512.49,1087,18893.41
2537,20240501,137,151806.28,3675,105226.79
2538,20240501,138,95742.83,3281,64661.66
2539,20240501,139,183467.48,4162,102852.64
2540,20240501,140,108543.63,5564,61065.32
2541,20240501,141,82910.62,3332,47079.62
2542,20240501,142,214041.13,4925,119361.17
2543,20240501,143,82860.56,2573,56260.25
2544,20240501,144,74970.97,2573,48565.95
2545,20240501,145,88427.43,5295,49167.84
2546,20240501,146,124084.95,6937,82429.2
2547,20240501,147,218084.06,5491,125086.59
2548,20240501,148,11842.83,306,7709.14
2549,20240501,149,102218.79,3482,70278.24
2550,20240501,150,61952.1,1439,41616.59
2551,20240601,1,45464.37,1183,28608.99
2552,20240601,2,81997.72,3144,52271.85
2553,20240601,3,19826.09,476,12566.4
2554,20240601,4,104559.58,5332,70264.36
2555,20240601,5,45994.28,1442,26188.81
2556,20240601,6,23992.45,750,15142.24
2557,20240601,7,117614.07,4228,67019.83
2558,20240601,8,61852.3,1790,42586.31
2559,20240601,9,50822.54,1851,28395.65
2560,20240601,10,133789.58,4278,85041.16
2561,20240601,11,103641.54,3110,62518.23
2562,20240601,12,8285.89,263,4915.29
2563,20240601,13,92188.71,2332,57175.98
2564,20240601,14,163772.92,4737,93882.77
2565,20240601,15,47015.09,2364,26929.95
2566,20240601,16,46201.9,1189,29016.36
2567,20240601,17,48396.16,1461,33273.0
2568,20240601,18,54403.84,2212,33335.38
2569,20240601,19,191186.57,7321,114454.36
2570,20240601,20,114331.09,3000,72377.87
2571,20240601,21,58576.16,1357,34822.55
2572,20240601,22,109959.01,7075,74126.93
2573,20240601,23,61058.03,2131,40488.96
2574,20240601,24,38546.69,1031,24423.9
2575,20240601,25,102838.81,3479,58923.53
2576,20240601,26,62785.44,1928,40871.33
2577,20240601,27,55848.55,2966,32512.8
2578,20240601,28,79438.63,2100,54485.46
2579,20240601,29,17721.67,714,11337.22
2580,20240601,30,27494.36,708,17848.72
2581,20240601,31,34778.98,1042,21560.16
2582,20240601,32,52473.41,2004,35283.85
2583,20240601,33,26610.13,1123,17982.16
2584,20240601,34,86400.69,2690,49327.18
2585,20240601,35,159702.58,6519,96880.02
2586,20240601,36,60988.58,3496,34829.58
2587,20240601,37,109021.18,2616,64256.19
2588,20240601,38,100859.81,3380,58232.82
2589,20240601,39,100899.98,4023,65147.93
2590,20240601,40,156825.02,6375,102792.87
2591,20240601,41,48174.89,1542,31589.88
2592,20240601,42,144772.99,5267,101215.74
2593,20240601,43,18575.17,470,11342.79
2594,20240601,44,37556.84,1155,22534.53
2595,20240601,45,57832.25,1757,34895.03
2596,20240601,46,81825.3,1893,56337.01
2597,20240601,47,67163.19,3364,40623.48
2598,20240601,48,90621.89,2843,62014.83
2599,20240601,49,77398.47,1995,43554.67
2600,20240601,50,113663.48,5674,74981.11
2601,20240601,51,58349.6,1594,39017.64
2602,20240601,52,89586.09,2757,60097.79
2603,20240601,53,37114.61,1533,20917.16
2604,20240601,54,39294.52,2167,23213.24
2605,20240601,55,39047.04,932,23169.74
2606,20240601,56,54523.56,2083,35931.29
2607,20240601,57,47680.67,1334,26251.64
2608,20240601,58,60623.52,2158,39308.99
2609,20240601,59,57056.28,1435,34445.44
2610,20240601,60,160638.33,7458,107175.57
2611,20240601,61,74620.48,1660,50697.39
2612,20240601,62,24599.86,1166,17184.47
2613,20240601,63,53870.43,3092,31575.09
2614,20240601,64,138082.43,4183,83726.85
2615,20240601,65,40788.38,2392,27375.07
2616,20240601,66,41267.98,1795,23083.37
2617,20240601,67,93538.57,2138,61789.22
2618,20240601,68,19677.69,1047,11763.8
2619,20240601,69,90902.48,4079,55301.49
2620,20240601,70,53928.97,1424,35358.27
2621,20240601,71,177026.91,4703,108998.08
2622,20240601,72,78902.06,2219,52427.05
2623,20240601,73,25975.96,1204,14598.41
2624,20240601,74,45855.85,1326,27653.52
2625,20240601,75,195509.07,5245,123848.08
2626,20240601,76,39389.83,1476,27223.8
2627,20240601,77,196135.67,4442,128028.56
2628,20240601,78,21855.48,915,13933.54
2629,20240601,79,23770.73,1324,14429.21
2630,20240601,80,23257.46,531,13976.23
2631,20240601,81,20152.95,1180,12169.13
2632,20240601,82,40206.06,1418,25800.25
2633,20240601,83,89526.65,2694,53127.72
2634,20240601,84,294910.38,7574,168405.24
2635,20240601,85,87359.65,2364,56539.04
2636,20240601,86,38446.75,1479,24896.58
2637,20240601,87,41267.12,1269,27697.62
2638,20240601,88,28832.16,811,17573.78
2639,20240601,89,100217.77,3465,59623.21
2640,20240601,90,152284.07,6447,89493.63
2641,20240601,91,89511.59,4917,57908.49
2642,20240601,92,49455.77,1103,29757.72
2643,20240601,93,19713.15,569,13243.65
2644,20240601,94,11168.94,252,7627.12
2645,20240601,95,114647.49,4625,72344.19
2646,20240601,96,87878.39,4593,54924.68
2647,20240601,97,56850.78,2741,37300.71
2648,20240601,98,40958.4,1030,25144.07
2649,20240601,99,209013.95,5142,134720.63
2650,20240601,100,116053.08,3288,73813.4
2651,20240601,101,35901.94,1167,22096.31
2652,20240601,102,137649.6,3147,77399.6
2653,20240601,103,170958.02,4313,97051.0
2654,20240601,104,42252.62,1227,28019.36
2655,20240601,105,209363.24,7332,122252.9
2656,20240601,106,25438.66,588,17792.73
2657,20240601,107,39908.33,1230,25180.8
2658,20240601,108,67807.22,2516,37384.86
2659,20240601,109,56066.12,2146,37048.32
2660,20240601,110,23913.97,544,15568.45
2661,20240601,111,15360.55,677,9738.09
2662,20240601,112,70567.88,1929,45245.26
2663,20240601,113,29064.03,1077,16699.83
2664,20240601,114,103982.54,2391,67391.88
2665,20240601,115,41843.47,1235,24145.69
2666,20240601,116,218813.96,5511,137766.59
2667,20240601,117,248293.59,15417,159380.44
2668,20240601,118,34531.89,910,19732.15
2669,20240601,119,38826.49,1544,22404.33
2670,20240601,120,160720.2,3587,100857.04
2671,20240601,121,51559.98,1166,29996.09
2672,20240601,122,59760.51,1418,41618.85
2673,20240601,123,56464.38,1322,36001.41
2674,20240601,124,70452.09,4230,40733.84
2675,20240601,125,96025.62,2373,61467.84
2676,20240601,126,176458.76,5361,108748.37
2677,20240601,127,71058.67,1926,44755.21
2678,20240601,128,101767.37,5482,56320.6
2679,20240601,129,90955.5,5083,55426.37
2680,20240601,130,181813.45,5228,110296.29
2681,20240601,131,85285.54,2034,52103.73
2682,20240601,132,17077.18,485,9402.64
2683,20240601,133,200570.13,5833,117864.9
2684,20240601,134,74365.78,2224,49845.48
2685,20240601,135,77762.75,2387,50069.53
2686,20240601,136,38565.07,884,26425.76
2687,20240601,137,133731.18,4834,83304.24
2688,20240601,138,38814.37,1460,23475.9
2689,20240601,139,51067.35,1447,28907.29
2690,20240601,140,61499.56,3448,41384.15
2691,20240601,141,31250.05,727,18754.34
2692,20240601,142,195187.0,8176,113084.93
2693,20240601,143,74073.34,4810,49770.4
2694,20240601,144,49370.81,2177,31634.38
2695,20240601,145,150090.35,5834,84371.53
2696,20240601,146,142773.46,8755,84511.67
2697,20240601,147,48659.21,3110,28796.04
2698,20240601,148,56751.63,1691,32422.9
2699,20240601,149,104508.21,4461,66502.63
2700,20240601,150,29954.22,1815,17920.3
2701,20240701,1,42416.83,2672,28838.1
2702,20240701,2,81760.92,2954,48465.36
2703,20240701,3,42018.3,1681,25885.51
2704,20240701,4,91830.17,3428,55395.97
2705,20240701,5,84675.86,4890,53040.56
2706,20240701,6,18938.17,490,12226.88
2707,20240701,7,19001.06,861,11495.62
2708,20240701,8,71744.83,2062,48958.92
2709,20240701,9,92496.08,2095,56705.42
2710,20240701,10,170855.91,9987,109610.2
2711,20240701,11,202251.87,6102,113468.43
2712,20240701,12,45240.87,1085,27198.3
2713,20240701,13,103045.52,4010,57375.52
2714,20240701,14,131302.02,8273,73186.66
2715,20240701,15,49181.29,2640,30742.08
2716,20240701,16,31041.47,1943,20408.22
2717,20240701,17,62863.61,1907,40780.03
2718,20240701,18,30227.64,917,20543.71
2719,20240701,19,109139.7,3260,66402.34
2720,20240701,20,29270.9,737,17894.84
2721,20240701,21,77907.77,2007,51251.72
2722,20240701,22,94639.47,5232,63102.8
2723,20240701,23,78614.52,4915,54614.84
2724,20240701,24,27518.57,685,19200.15
2725,20240701,25,31855.06,1073,21839.6
2726,20240701,26,20567.19,1342,11556.19
2727,20240701,27,34035.97,1105,19028.89
2728,20240701,28,19538.48,759,13589.45
2729,20240701,29,50292.12,1673,30627.22
2730,20240701,30,65611.35,1464,45017.93
2731,20240701,31,77053.75,1998,42490.58
2732,20240701,32,67779.42,2120,40728.26
2733,20240701,33,35094.98,1260,24319.47
2734,20240701,34,179943.3,7333,100438.92
2735,20240701,35,202699.09,11045,122181.67
2736,20240701,36,82591.82,2203,52438.6
2737,20240701,37,17625.19,537,12077.4
2738,20240701,38,107926.31,4489,66557.5
2739,20240701,39,57453.15,2003,36497.53
2740,20240701,40,272167.56,16407,157718.28
2741,20240701,41,13333.57,397,8422.83
2742,20240701,42,24937.76,1261,13859.55
2743,20240701,43,10851.76,297,6489.46
2744,20240701,44,98707.48,3738,60150.81
2745,20240701,45,47346.65,2215,29207.6
2746,20240701,46,24094.33,747,15629.65
2747,20240701,47,103511.54,6763,66670.02
2748,20240701,48,89332.55,5208,54218.54
2749,20240701,49,76708.44,4299,48981.75
2750,20240701,50,174313.44,4165,117040.8
2751,20240701,51,82667.28,2316,55906.15
2752,20240701,52,107514.84,4140,74520.72
2753,20240701,53,43151.35,1430,27374.17
2754,20240701,54,74199.85,1986,42587.75
2755,20240701,55,85643.99,2233,47732.82
2756,20240701,56,95841.66,2448,64421.16
2757,20240701,57,20347.91,748,13106.56
2758,20240701,58,66357.67,3480,42801.03
2759,20240701,59,97028.64,3216,58760.97
2760,20240701,60,131628.46,8448,74274.17
2761,20240701,61,99095.0,3630,55619.48
2762,20240701,62,91789.83,4060,62865.01
2763,20240701,63,63402.67,2959,37912.12
2764,20240701,64,194175.87,10795,131069.77
2765,20240701,65,69621.38,2947,42422.08
2766,20240701,66,109083.32,3955,66014.65
2767,20240701,67,207978.52,7767,135888.42
2768,20240701,68,58630.72,1916,36511.9
2769,20240701,69,68319.12,2995,45308.33
2770,20240701,70,53280.81,1244,30138.33
2771,20240701,71,44360.01,1900,30714.48
2772,20240701,72,63142.32,2839,37845.86
2773,20240701,73,53339.99,3173,31672.61
2774,20240701,74,18891.15,484,11739.52
2775,20240701,75,206475.33,5003,119146.28
2776,20240701,76,124814.56,2964,69999.7
2777,20240701,77,119455.55,5360,82812.11
2778,20240701,78,58420.19,1880,32961.06
2779,20240701,79,12554.92,353,8015.11
2780,20240701,80,38895.16,972,23410.89
2781,20240701,81,95849.26,2801,56118.84
2782,20240701,82,9416.57,355,6554.21
2783,20240701,83,98353.24,3412,65257.18
2784,20240701,84,239148.05,5738,159928.02
2785,20240701,85,205777.48,6874,123439.09
2786,20240701,86,85661.1,3050,47209.29
2787,20240701,87,87051.32,1996,56012.4
2788,20240701,88,198257.6,6958,119487.26
2789,20240701,89,65426.53,1645,44412.92
2790,20240701,90,91643.94,3573,59162.96
2791,20240701,91,45553.15,1349,29343.67
2792,20240701,92,22043.15,659,14003.14
2793,20240701,93,64009.23,1743,39323.27
2794,20240701,94,101798.78,3866,67368.18
2795,20240701,95,167020.6,5422,97657.17
2796,20240701,96,98820.67,2501,58279.14
2797,20240701,97,24062.65,1091,16810.14
2798,20240701,98,24913.35,771,15133.68
2799,20240701,99,67267.94,1529,38525.08
2800,20240701,100,50158.59,3309,32874.62
2801,20240701,101,31464.64,848,19408.01
2802,20240701,102,131074.44,4810,78289.57
2803,20240701,103,241409.4,6343,166334.34
2804,20240701,104,42057.01,2524,23889.19
2805,20240701,105,306882.69,7482,194864.46
2806,20240701,106,79551.98,1803,47108.33
2807,20240701,107,30100.33,1079,16598.25
2808,20240701,108,107092.76,6876,65923.87
2809,20240701,109,32102.09,881,21296.26
2810,20240701,110,47402.23,2737,29161.58
2811,20240701,111,50186.06,1235,32631.41
2812,20240701,112,128132.78,5059,85827.58
2813,20240701,113,79670.54,2651,53254.9
2814,20240701,114,76670.7,2321,53526.05
2815,20240701,115,76163.85,2190,48862.89
2816,20240701,116,40596.12,1893,24225.24
2817,20240701,117,117248.01,2952,70709.34
2818,20240701,118,111384.62,3486,63906.31
2819,20240701,119,105805.93,2487,59131.52
2820,20240701,120,43991.98,1447,27945.96
2821,20240701,121,20622.3,981,12969.94
2822,20240701,122,183057.89,7198,103213.41
2823,20240701,123,42727.47,957,27000.3
2824,20240701,124,24941.04,598,16573.98
2825,20240701,125,94682.79,2117,62113.74
2826,20240701,126,193040.01,5623,121248.29
2827,20240701,127,96935.14,4162,65504.89
2828,20240701,128,83511.06,4853,55440.91
2829,20240701,129,116802.68,4677,73846.99
2830,20240701,130,91672.99,3384,56348.98
2831,20240701,131,39335.36,2327,26203.59
2832,20240701,132,108282.91,3021,73185.22
2833,20240701,133,304111.68,13525,210549.16
2834,20240701,134,97565.72,3381,63532.14
2835,20240701,135,92960.87,5510,51533.47
2836,20240701,136,96249.03,2307,56528.56
2837,20240701,137,86378.2,2633,53281.93
2838,20240701,138,49881.16,1602,33229.61
2839,20240701,139,87875.02,4069,55007.31
2840,20240701,140,14593.91,378,9647.49
2841,20240701,141,17033.3,507,11070.56
2842,20240701,142,68413.54,3529,41212.42
2843,20240701,143,76204.04,3760,48972.58
2844,20240701,144,38803.3,2503,25993.14
2845,20240701,145,183875.99,9637,107518.56
2846,20240701,146,151823.86,4231,102239.64
2847,20240701,147,107551.46,4280,68197.69
2848,20240701,148,83283.54,2265,49516.5
2849,20240701,149,24598.67,626,16996.65
2850,20240701,150,88209.33,4282,59456.42
2851,20240801,1,18428.98,498,10816.42
2852,20240801,2,78897.24,3474,52554.13
2853,20240801,3,24019.28,1304,16190.38
2854,20240801,4,71845.69,2801,41364.76
2855,20240801,5,72478.96,1906,45905.75
2856,20240801,6,100153.88,2654,66779.8
2857,20240801,7,30749.92,1077,18358.6
2858,20240801,8,19248.07,978,11806.7
2859,20240801,9,58205.15,1295,35189.09
2860,20240801,10,52772.03,2179,33601.22
2861,20240801,11,101628.41,3241,58081.6
2862,20240801,12,80427.59,4929,52097.63
2863,20240801,13,109783.65,2626,72479.23
2864,20240801,14,143907.41,3798,85703.72
2865,20240801,15,12960.48,636,8806.39
2866,20240801,16,23535.36,528,13638.22
2867,20240801,17,61364.68,3021,35440.39
2868,20240801,18,26560.57,630,15245.4
2869,20240801,19,85036.31,2190,48124.54
2870,20240801,20,195003.59,6049,130621.05
2871,20240801,21,87436.94,3052,54707.69
2872,20240801,22,61310.93,1722,36085.2
2873,20240801,23,74325.11,2284,43585.79
2874,20240801,24,94937.97,3941,62976.16
2875,20240801,25,37514.27,1656,26061.43
2876,20240801,26,70935.92,2066,39722.52
2877,20240801,27,39672.73,933,26429.58
2878,20240801,28,66093.71,3351,45677.33
2879,20240801,29,87026.74,2601,57377.71
2880,20240801,30,90954.38,2888,52467.95
2881,20240801,31,81577.08,2698,49543.57
2882,20240801,32,50646.15,2250,34271.98
2883,20240801,33,72650.93,3638,47816.49
2884,20240801,34,65503.97,1910,37158.95
2885,20240801,35,33852.77,1027,22073.01
2886,20240801,36,59068.96,1347,36886.33
2887,20240801,37,32166.35,1889,22194.8
2888,20240801,38,68929.92,1674,43253.03
2889,20240801,39,85435.54,2165,50931.81
2890,20240801,40,75200.07,2032,48400.02
2891,20240801,41,70621.33,3907,42451.27
2892,20240801,42,31958.84,1954,21925.65
2893,20240801,43,65599.76,2736,45682.76
2894,20240801,44,53628.67,2670,33154.06
2895,20240801,45,87578.42,2983,57964.08
2896,20240801,46,18970.68,650,11715.81
2897,20240801,47,88912.45,3482,52229.82
2898,20240801,48,66860.18,2839,40234.44
2899,20240801,49,40641.25,1102,23590.52
2900,20240801,50,141512.09,3670,92471.9
2901,20240801,51,34889.57,1697,19855.77
2902,20240801,52,64712.73,3021,42952.21
2903,20240801,53,22548.09,617,14109.28
2904,20240801,54,10644.65,674,6960.23
2905,20240801,55,34401.46,1803,22338.59
2906,20240801,56,48228.21,2918,33340.95
2907,20240801,57,95301.72,3064,64515.49
2908,20240801,58,8987.05,376,5778.27
2909,20240801,59,75864.75,3697,46773.26
2910,20240801,60,27098.8,1038,16105.45
2911,20240801,61,104544.76,3589,61684.87
2912,20240801,62,90930.23,3649,63123.57
2913,20240801,63,46410.3,1390,31762.03
2914,20240801,64,173795.91,5337,108115.21
2915,20240801,65,30852.98,2056,17411.95
2916,20240801,66,108690.05,5350,73978.05
2917,20240801,67,107931.59,2682,67085.73
2918,20240801,68,25804.67,584,14477.36
2919,20240801,69,65063.05,2261,35931.17
2920,20240801,70,44790.25,1271,26173.7
2921,20240801,71,98668.88,3897,68341.24
2922,20240801,72,68424.84,3105,39167.56
2923,20240801,73,97902.65,4010,64024.86
2924,20240801,74,73635.96,3147,50408.59
2925,20240801,75,249337.05,15420,159064.96
2926,20240801,76,88615.05,2792,52894.79
2927,20240801,77,115903.28,2694,71442.19
2928,20240801,78,42258.98,1377,28397.02
2929,20240801,79,60340.03,1525,36756.93
2930,20240801,80,106754.89,3726,61296.3
2931,20240801,81,13368.11,718,9239.19
2932,20240801,82,36739.88,1238,23044.83
2933,20240801,83,107588.64,4140,69296.07
2934,20240801,84,204325.78,5526,123439.75
2935,20240801,85,92416.29,5136,55259.13
2936,20240801,86,105883.42,2740,59808.55
2937,20240801,87,72539.18,3787,40250.83
2938,20240801,88,195247.82,6812,110309.47
2939,20240801,89,206826.74,6248,119198.73
2940,20240801,90,38420.71,2494,24244.68
2941,20240801,91,35022.74,1893,23569.28
2942,20240801,92,185358.94,5188,104169.73
2943,20240801,93,104055.85,2508,61201.27
2944,20240801,94,47051.59,1412,25891.14
2945,20240801,95,52482.06,1863,31684.22
2946,20240801,96,56516.14,1553,38534.22
2947,20240801,97,110409.62,2749,68395.95
2948,20240801,98,73969.58,2563,45481.29
2949,20240801,99,157692.98,5115,97960.19
2950,20240801,100,102288.35,5305,65266.87
2951,20240801,101,92972.84,4375,55192.68
2952,20240801,102,90630.13,3587,56262.47
2953,20240801,103,207869.42,7045,144302.72
2954,20240801,104,30294.08,676,19419.69
2955,20240801,105,279795.5,14109,170241.39
2956,20240801,106,64539.19,2695,38898.76
2957,20240801,107,274682.4,6227,164309.85
2958,20240801,108,107749.53,6651,63862.74
2959,20240801,109,26652.57,658,17980.79
2960,20240801,110,25117.12,1650,14351.64
2961,20240801,111,123046.18,3300,79678.95
2962,20240801,112,192437.0,6086,125246.13
2963,20240801,113,105418.83,3309,71156.96
2964,20240801,114,13384.84,589,7478.06
2965,20240801,115,48281.42,2195,29467.3
2966,20240801,116,151706.66,9496,101123.97
2967,20240801,117,137690.45,4494,93147.78
2968,20240801,118,107060.9,2977,66342.24
2969,20240801,119,66716.29,1757,44514.46
2970,20240801,120,123630.18,3553,76738.22
2971,20240801,121,26692.66,1090,16249.96
2972,20240801,122,87098.05,2962,51235.43
2973,20240801,123,68097.17,2393,46144.08
2974,20240801,124,75299.82,4029,48748.11
2975,20240801,125,71723.03,1711,40807.04
2976,20240801,126,38289.93,1119,24060.87
2977,20240801,127,84466.04,5385,56587.78
2978,20240801,128,96655.53,2580,54013.74
2979,20240801,129,214348.42,10765,126131.76
2980,20240801,130,126082.74,4270,83751.71
2981,20240801,131,33399.54,1779,21117.07
2982,20240801,132,69758.26,1780,45683.76
2983,20240801,133,182462.66,4097,107621.55
2984,20240801,134,67970.07,2195,45823.68
2985,20240801,135,94939.04,2152,60930.74
2986,20240801,136,16657.22,1032,10553.12
2987,20240801,137,28519.4,670,15793.99
2988,20240801,138,65769.25,2145,42571.85
2989,20240801,139,70772.69,2274,39696.76
2990,20240801,140,73570.94,1780,48778.45
2991,20240801,141,55955.21,1938,35978.91
2992,20240801,142,147063.57,4390,93611.44
2993,20240801,143,50760.85,1412,32779.5
2994,20240801,144,10215.58,402,6608.1
2995,20240801,145,175138.16,5085,113019.93
2996,20240801,146,158003.8,8085,87014.29
2997,20240801,147,92947.33,2369,56640.76
2998,20240801,148,48584.32,2811,28933.22
2999,20240801,149,14280.4,783,9323.73
3000,20240801,150,93285.8,3543,64236.44
3001,20240901,1,35463.49,1436,20310.51
3002,20240901,2,32508.96,903,20447.79
3003,20240901,3,12043.48,440,7167.46
3004,20240901,4,14499.88,740,8841.26
3005,20240901,5,36385.6,1016,24961.13
3006,20240901,6,103018.05,4482,71569.34
3007,20240901,7,32572.23,861,22180.38
3008,20240901,8,53283.79,2243,35660.39
3009,20240901,9,105466.95,2797,70011.23
3010,20240901,10,23617.98,885,16377.4
3011,20240901,11,91522.68,4495,52671.53
3012,20240901,12,63420.8,2576,40627.19
3013,20240901,13,56789.92,1290,35974.13
3014,20240901,14,54397.4,1978,33594.89
3015,20240901,15,67483.74,1681,39848.11
3016,20240901,16,104446.2,4308,66572.37
3017,20240901,17,35392.19,1382,20377.28
3018,20240901,18,70754.51,2175,39161.97
3019,20240901,19,207325.88,7733,119114.72
3020,20240901,20,134575.12,5621,85241.31
3021,20240901,21,16020.67,595,8900.17
3022,20240901,22,34587.04,947,23777.94
3023,20240901,23,13115.79,452,8540.25
3024,20240901,24,41306.41,1162,23519.66
3025,20240901,25,68883.91,1681,42814.17
3026,20240901,26,91547.12,5346,59415.29
3027,20240901,27,23331.66,670,15914.78
3028,20240901,28,44503.83,1161,26097.96
3029,20240901,29,98907.17,3974,54403.97
3030,20240901,30,25167.5,1058,15288.63
3031,20240901,31,35974.12,945,24556.98
3032,20240901,32,103020.15,2997,64377.79
3033,20240901,33,77609.88,3365,47059.54
3034,20240901,34,190480.05,4641,121810.28
3035,20240901,35,196609.78,4640,112744.79
3036,20240901,36,84717.53,2068,55596.89
3037,20240901,37,47125.89,2516,27205.31
3038,20240901,38,70044.12,3344,39320.53
3039,20240901,39,21065.13,984,11589.79
3040,20240901,40,49476.41,2098,30845.66
3041,20240901,41,41031.83,2139,27812.8
3042,20240901,42,21731.52,636,13564.13
3043,20240901,43,97057.09,2661,54919.11
3044,20240901,44,27948.18,1055,18383.52
3045,20240901,45,22584.09,576,15487.6
3046,20240901,46,179377.53,5164,111572.41
3047,20240901,47,38678.81,1751,22462.7
3048,20240901,48,79753.53,1963,54194.79
3049,20240901,49,38179.79,2320,23034.64
3050,20240901,50,148904.39,9041,104146.97
3051,20240901,51,93375.47,4432,56490.26
3052,20240901,52,53100.12,1398,36522.14
3053,20240901,53,40094.53,1556,23913.51
3054,20240901,54,35539.28,1478,20089.17
3055,20240901,55,82878.67,3229,54725.49
3056,20240901,56,70813.51,2109,45452.18
3057,20240901,57,102961.86,3996,65625.81
3058,20240901,58,9314.79,207,5519.45
3059,20240901,59,64507.72,2427,43749.58
3060,20240901,60,87594.7,4049,59919.43
3061,20240901,61,68722.19,4129,43174.78
3062,20240901,62,42991.89,1296,24442.54
3063,20240901,63,18263.36,660,12607.57
3064,20240901,64,277431.06,6241,155355.7
3065,20240901,65,80009.79,4765,54596.3
3066,20240901,66,35275.02,1545,20540.89
3067,20240901,67,209576.14,13382,146497.44
3068,20240901,68,92844.32,4205,58139.59
3069,20240901,69,51416.2,1907,34555.14
3070,20240901,70,54674.27,2018,33541.15
3071,20240901,71,145076.19,4976,80238.98
3072,20240901,72,75826.76,1720,42670.08
3073,20240901,73,17174.56,416,9944.19
3074,20240901,74,93458.28,3731,61281.75
3075,20240901,75,204755.41,7422,138740.48
3076,20240901,76,24941.67,809,17008.92
3077,20240901,77,219752.72,6215,143129.96
3078,20240901,78,174430.8,4236,113383.33
3079,20240901,79,102461.14,6374,65313.36
3080,20240901,80,35757.29,1049,24948.55
3081,20240901,81,84446.61,3503,47889.01
3082,20240901,82,26054.46,1345,17045.18
3083,20240901,83,23915.58,949,15032.69
3084,20240901,84,166827.01,5358,105617.82
3085,20240901,85,219336.59,8678,127829.99
3086,20240901,86,84900.27,4421,56166.84
3087,20240901,87,91098.34,5607,51111.15
3088,20240901,88,72266.83,2347,44163.39
3089,20240901,89,153289.12,7786,101601.95
3090,20240901,90,205388.76,5204,118807.35
3091,20240901,91,7664.69,213,4506.17
3092,20240901,92,23442.47,734,16098.73
3093,20240901,93,41875.58,1533,27540.22
3094,20240901,94,53042.5,1551,30197.19
3095,20240901,95,151186.04,6234,87231.63
3096,20240901,96,64913.74,2261,39430.87
3097,20240901,97,54136.46,1753,33269.8
3098,20240901,98,72799.2,1963,43663.23
3099,20240901,99,56939.51,2046,37948.66
3100,20240901,100,105873.19,2360,73595.58
3101,20240901,101,40568.59,938,24135.21
3102,20240901,102,169393.89,4478,111763.35
3103,20240901,103,242911.89,6176,136172.85
3104,20240901,104,109315.85,4316,63060.23
3105,20240901,105,32662.34,1373,20350.21
3106,20240901,106,81659.87,2151,55000.2
3107,20240901,107,30457.5,741,20911.74
3108,20240901,108,77500.06,4765,44896.19
3109,20240901,109,46771.17,1293,31598.61
3110,20240901,110,57704.88,1766,35395.31
3111,20240901,111,153715.09,3679,107165.78
3112,20240901,112,116484.65,3351,79261.38
3113,20240901,113,103714.61,3712,58444.73
3114,20240901,114,109108.36,6469,70378.55
3115,20240901,115,78995.91,4638,43457.05
3116,20240901,116,112952.65,2636,67571.55
3117,20240901,117,249720.69,10738,148693.95
3118,20240901,118,203148.45,9942,122318.97
3119,20240901,119,32747.76,1499,21029.79
3120,20240901,120,116618.33,3769,79243.0
3121,20240901,121,61120.8,3862,41634.35
3122,20240901,122,110191.41,5216,77040.87
3123,20240901,123,55177.11,2101,33418.74
3124,20240901,124,20737.53,619,13636.58
3125,20240901,125,17596.1,526,10188.69
3126,20240901,126,116698.27,5087,69824.04
3127,20240901,127,42924.07,987,24717.73
3128,20240901,128,76587.82,2284,48859.28
3129,20240901,129,190318.3,6447,107227.5
3130,20240901,130,102686.66,6488,58651.57
3131,20240901,131,36216.81,1276,24635.13
3132,20240901,132,16311.09,365,11058.36
3133,20240901,133,74969.42,3568,42909.92
3134,20240901,134,74171.42,2992,46688.76
3135,20240901,135,65486.96,3879,40600.38
3136,20240901,136,104406.08,2498,71438.99
3137,20240901,137,90322.62,2131,57872.3
3138,20240901,138,135335.82,5132,87959.03
3139,20240901,139,163660.27,4498,109257.53
3140,20240901,140,93263.28,3127,55833.14
3141,20240901,141,14446.98,862,8418.92
3142,20240901,142,47726.14,1628,31911.3
3143,20240901,143,9467.73,359,5611.63
3144,20240901,144,106543.87,6678,70310.86
3145,20240901,145,195291.48,9239,112525.97
3146,20240901,146,50057.86,1264,28007.72
3147,20240901,147,41694.97,1695,23604.23
3148,20240901,148,78816.13,1960,54524.53
3149,20240901,149,52991.62,1851,36105.24
3150,20240901,150,78620.88,3552,43521.74
3151,20241001,1,99448.5,4990,67261.52
3152,20241001,2,91502.74,4438,56118.57
3153,20241001,3,24487.84,646,16693.72
3154,20241001,4,46018.9,1872,26268.98
3155,20241001,5,10430.69,497,6928.81
3156,20241001,6,54268.99,2800,33275.25
3157,20241001,7,179632.87,11449,109139.87
3158,20241001,8,19453.43,495,12797.79
3159,20241001,9,29933.26,1619,18614.12
3160,20241001,10,106481.41,3571,67103.08
3161,20241001,11,26019.91,1013,18111.65
3162,20241001,12,20256.37,724,13735.97
3163,20241001,13,53283.15,2093,33063.01
3164,20241001,14,44628.19,1362,27887.62
3165,20241001,15,24308.88,710,14713.71
3166,20241001,16,32525.52,778,19777.61
3167,20241001,17,45123.16,1458,25744.17
3168,20241001,18,45167.58,1143,29544.87
3169,20241001,19,170992.96,6899,116863.88
3170,20241001,20,48889.67,1292,28179.84
3171,20241001,21,95692.44,3005,61248.04
3172,20241001,22,40851.65,1087,22615.87
3173,20241001,23,13756.92,812,7948.73
3174,20241001,24,69263.7,4512,44848.1
3175,20241001,25,78521.74,2040,45009.75
3176,20241001,26,81345.8,3120,54305.5
3177,20241001,27,13727.28,472,8343.54
3178,20241001,28,87854.93,2500,52869.0
3179,20241001,29,104954.07,3343,68586.43
3180,20241001,30,51451.81,2494,30238.01
3181,20241001,31,43895.63,1540,24692.1
3182,20241001,32,75283.16,2547,49181.0
3183,20241001,33,34420.52,955,19866.5
3184,20241001,34,171564.92,5844,114681.8
3185,20241001,35,219352.86,5148,128567.06
3186,20241001,36,63620.36,2168,42117.33
3187,20241001,37,75557.43,3445,50773.1
3188,20241001,38,82335.76,2632,46828.76
3189,20241001,39,105834.24,6857,68653.34
3190,20241001,40,47023.77,1574,28918.06
3191,20241001,41,25947.92,960,17544.63
3192,20241001,42,25183.95,667,15798.68
3193,20241001,43,16495.47,948,9073.92
3194,20241001,44,76716.98,3233,52063.01
3195,20241001,45,67965.17,2414,37792.01
3196,20241001,46,156909.32,3553,96596.42
3197,20241001,47,42334.76,946,25900.59
3198,20241001,48,77425.88,2005,53197.33
3199,20241001,49,28443.54,1617,16094.18
3200,20241001,50,189472.83,10765,117549.61
3201,20241001,51,73463.86,2696,42211.7
3202,20241001,52,61941.49,2225,38003.44
3203,20241001,53,28395.64,978,16516.91
3204,20241001,54,13220.41,505,8332.25
3205,20241001,55,29420.24,923,16402.62
3206,20241001,56,70840.54,1733,47791.93
3207,20241001,57,76806.68,3494,50630.08
3208,20241001,58,33512.38,1732,20696.09
3209,20241001,59,109337.33,2954,62708.05
3210,20241001,60,196761.28,4851,136515.53
3211,20241001,61,48683.79,1648,29941.31
3212,20241001,62,21255.51,709,14587.77
3213,20241001,63,63899.56,1495,44496.98
3214,20241001,64,67193.4,1756,44067.26
3215,20241001,65,107872.92,2788,66951.65
3216,20241001,66,18602.42,471,10511.72
3217,20241001,67,207569.98,9676,130000.11
3218,20241001,68,44256.22,1270,25281.96
3219,20241001,69,9347.35,214,5513.27
3220,20241001,70,43075.36,2321,26342.4
3221,20241001,71,212014.69,13795,133874.59
3222,20241001,72,102661.98,5698,63296.16
3223,20241001,73,8838.4,216,4966.13
3224,20241001,74,81539.67,3613,46317.2
3225,20241001,75,206992.69,6680,126634.8
3226,20241001,76,96300.21,2546,57751.2
3227,20241001,77,212811.92,4862,118443.65
3228,20241001,78,103196.03,2366,66815.35
3229,20241001,79,90478.71,2788,53980.07
3230,20241001,80,24461.98,598,15738.9
3231,20241001,81,19973.17,478,11487.84
3232,20241001,82,33013.38,759,21386.44
3233,20241001,83,93601.68,2312,56760.21
3234,20241001,84,56456.48,1677,38910.49
3235,20241001,85,127408.76,6933,72938.03
3236,20241001,86,25282.48,899,14917.27
3237,20241001,87,90954.93,2222,60717.48
3238,20241001,88,217628.12,9342,136107.56
3239,20241001,89,20748.67,1057,12202.59
3240,20241001,90,185887.58,6811,126355.81
3241,20241001,91,100828.93,3480,55548.48
3242,20241001,92,50387.92,1442,30872.6
3243,20241001,93,75291.92,1741,47662.76
3244,20241001,94,102166.07,4978,67166.81
3245,20241001,95,86417.97,4883,58730.32
3246,20241001,96,102196.24,2709,60985.46
3247,20241001,97,75323.73,2755,45959.05
3248,20241001,98,79978.48,2257,45964.19
3249,20241001,99,43585.12,1279,28996.41
3250,20241001,100,166223.17,4197,97301.07
3251,20241001,101,41020.26,2067,24032.54
3252,20241001,102,93035.6,5578,54561.8
3253,20241001,103,94518.02,5478,60811.36
3254,20241001,104,83013.43,1976,50263.96
3255,20241001,105,251979.41,6283,151648.37
3256,20241001,106,66414.29,2124,44066.11
3257,20241001,107,217375.12,9667,142455.4
3258,20241001,108,36045.27,1095,23835.76
3259,20241001,109,99254.91,2493,63757.57
3260,20241001,110,54410.65,1616,38051.1
3261,20241001,111,33408.57,837,22121.98
3262,20241001,112,45695.87,1807,29380.4
3263,20241001,113,107169.19,5632,74505.95
3264,20241001,114,40180.88,991,28029.58
3265,20241001,115,104785.7,2827,60519.37
3266,20241001,116,148419.26,4100,97449.46
3267,20241001,117,161369.83,4855,108704.26
3268,20241001,118,36260.9,1289,19995.92
3269,20241001,119,36017.47,1279,20756.33
3270,20241001,120,80179.28,1943,55970.15
3271,20241001,121,56046.79,1580,38103.64
3272,20241001,122,34239.01,1874,19570.72
3273,20241001,123,32395.03,778,22674.59
3274,20241001,124,86268.9,5574,57937.11
3275,20241001,125,95485.21,2187,60794.11
3276,20241001,126,88631.99,2987,57105.4
3277,20241001,127,75746.89,1988,52535.05
3278,20241001,128,26220.57,941,16203.57
3279,20241001,129,75826.67,2224,45028.86
3280,20241001,130,172984.75,6530,97497.36
3281,20241001,131,37083.71,938,24022.5
3282,20241001,132,49424.83,1809,27589.63
3283,20241001,133,44413.37,2886,24891.96
3284,20241001,134,80194.55,3106,46477.16
3285,20241001,135,67780.86,2283,38353.07
3286,20241001,136,108492.41,6784,73709.87
3287,20241001,137,196978.2,9925,115629.85
3288,20241001,138,186662.8,4859,127798.37
3289,20241001,139,158738.55,6364,108718.88
3290,20241001,140,70719.69,2394,49388.92
3291,20241001,141,30187.54,1202,18006.42
3292,20241001,142,82856.3,2042,50969.22
3293,20241001,143,84678.27,4560,51669.83
3294,20241001,144,30165.24,947,20225.58
3295,20241001,145,109998.04,4839,72142.41
3296,20241001,146,193870.26,12528,135569.28
3297,20241001,147,112712.75,3118,68377.35
3298,20241001,148,89465.0,3110,54545.13
3299,20241001,149,89618.23,3598,55576.69
3300,20241001,150,104991.68,4948,59566.71
3301,20241101,1,70650.94,2564,45046.09
3302,20241101,2,93135.04,4957,57402.96
3303,20241101,3,95408.14,2301,66453.6
3304,20241101,4,87298.15,4361,57271.77
3305,20241101,5,93203.73,3811,57047.01
3306,20241101,6,69642.78,2901,44005.55
3307,20241101,7,185375.07,6869,124677.32
3308,20241101,8,103208.43,2941,58629.75
3309,20241101,9,8360.13,212,4737.16
3310,20241101,10,118579.36,2918,65482.82
3311,20241101,11,39022.1,1682,25644.46
3312,20241101,12,109071.81,4450,75591.61
3313,20241101,13,24929.21,912,15083.31
3314,20241101,14,104791.89,4528,70470.81
3315,20241101,15,48728.99,1168,30679.4
3316,20241101,16,52448.05,1307,35038.87
3317,20241101,17,60909.27,2363,38673.83
3318,20241101,18,97669.66,2896,60795.55
3319,20241101,19,166130.87,8699,100189.94
3320,20241101,20,203208.03,8089,138855.36
3321,20241101,21,39203.04,871,24004.11
3322,20241101,22,27613.27,1036,17095.78
3323,20241101,23,68923.52,2089,42530.83
3324,20241101,24,20825.66,669,12457.33
3325,20241101,25,103290.95,5356,59001.87
3326,20241101,26,84222.53,2774,50793.21
3327,20241101,27,29582.16,702,18357.95
3328,20241101,28,99192.06,3438,67315.7
3329,20241101,29,52822.89,1617,30182.11
3330,20241101,30,47153.89,2211,29304.4
3331,20241101,31,84907.66,2112,53165.96
3332,20241101,32,19881.29,1032,12463.59
3333,20241101,33,64674.59,2211,42085.93
3334,20241101,34,174647.76,5735,115520.28
3335,20241101,35,27415.39,1478,18845.97
3336,20241101,36,98550.22,3193,63778.66
3337,20241101,37,21986.76,599,13529.02
3338,20241101,38,60786.13,2320,42529.84
3339,20241101,39,187201.12,6894,129790.11
3340,20241101,40,70668.71,2301,45666.08
3341,20241101,41,54959.03,1555,32175.58
3342,20241101,42,87473.92,2561,60630.11
3343,20241101,43,12342.75,413,7412.68
3344,20241101,44,66701.49,1960,46225.78
3345,20241101,45,103344.72,2696,62747.05
3346,20241101,46,83478.57,4518,47022.99
3347,20241101,47,80994.61,3647,54041.12
3348,20241101,48,97158.46,2807,63824.16
3349,20241101,49,26958.16,1207,16899.83
3350,20241101,50,175828.97,4094,115916.55
3351,20241101,51,30442.42,741,18238.43
3352,20241101,52,10532.82,279,6922.15
3353,20241101,53,40057.37,1110,22052.9
3354,20241101,54,82331.45,2689,52576.77
3355,20241101,55,14969.61,354,9694.53
3356,20241101,56,107272.73,4025,62429.13
3357,20241101,57,33827.03,1048,22129.58
3358,20241101,58,104726.26,3282,68519.37
3359,20241101,59,59886.59,2329,36731.56
3360,20241101,60,185611.91,7046,112000.37
3361,20241101,61,108835.54,2597,71456.88
3362,20241101,62,20631.46,931,12163.94
3363,20241101,63,102507.49,3583,57418.5
3364,20241101,64,70767.12,2259,44655.71
3365,20241101,65,67808.01,3718,39364.06
3366,20241101,66,46411.44,1164,29404.2
3367,20241101,67,99341.25,3521,55462.66
3368,20241101,68,93926.65,3418,53186.23
3369,20241101,69,44573.44,1406,26541.97
3370,20241101,70,109883.02,4295,68648.54
3371,20241101,71,39646.32,1175,24121.97
3372,20241101,72,41545.02,2486,28351.44
3373,20241101,73,96948.56,2629,66573.27
3374,20241101,74,72789.35,3953,42078.82
3375,20241101,75,190710.94,11228,123439.98
3376,20241101,76,41926.87,1234,26217.55
3377,20241101,77,127033.03,4323,71596.57
3378,20241101,78,144738.18,7347,93734.59
3379,20241101,79,98230.25,5099,55965.14
3380,20241101,80,31448.76,1020,20614.19
3381,20241101,81,90669.85,4149,61507.57
3382,20241101,82,56069.17,2812,33702.71
3383,20241101,83,80391.33,3731,51194.37
3384,20241101,84,127008.18,2822,84720.96
3385,20241101,85,79950.78,1925,45138.79
3386,20241101,86,60875.13,2899,42532.9
3387,20241101,87,21391.6,764,11912.57
3388,20241101,88,193740.44,12137,125816.9
3389,20241101,89,86802.76,5543,59827.56
3390,20241101,90,100454.93,4611,65043.09
3391,20241101,91,102577.27,5111,57939.59
3392,20241101,92,20455.64,1166,11967.16
3393,20241101,93,89019.12,4623,57235.2
3394,20241101,94,38848.9,1106,23733.28
3395,20241101,95,51689.61,2897,31947.85
3396,20241101,96,33660.4,1349,20242.27
3397,20241101,97,183573.41,5356,121004.89
3398,20241101,98,80052.64,2867,54796.27
3399,20241101,99,52481.33,3288,30144.01
3400,20241101,100,215829.03,12310,142842.6
3401,20241101,101,58674.0,2548,38056.62
3402,20241101,102,118316.73,5569,66611.08
3403,20241101,103,265719.83,6678,166832.25
3404,20241101,104,85320.47,3308,51254.37
3405,20241101,105,137653.54,5060,89484.57
3406,20241101,106,50542.76,1816,28137.63
3407,20241101,107,124787.68,2974,80713.37
3408,20241101,108,94829.32,2983,56410.6
3409,20241101,109,92391.32,5459,52272.28
3410,20241101,110,63144.03,1563,36745.91
3411,20241101,111,111132.91,2550,65954.77
3412,20241101,112,166297.83,9848,95359.49
3413,20241101,113,47734.81,1289,30011.99
3414,20241101,114,22532.3,1165,15266.78
3415,20241101,115,29340.4,1142,16710.69
3416,20241101,116,82986.16,2772,53506.27
3417,20241101,117,58800.23,1918,34752.89
3418,20241101,118,116666.81,3534,77959.95
3419,20241101,119,13552.16,304,8263.7
3420,20241101,120,23730.5,905,15633.63
3421,20241101,121,32436.92,1943,18785.34
3422,20241101,122,42880.6,2436,28954.73
3423,20241101,123,91285.94,2088,63444.8
3424,20241101,124,100903.6,5094,68289.57
3425,20241101,125,31479.7,893,18753.94
3426,20241101,126,121650.77,3221,81767.92
3427,20241101,127,8024.46,362,5452.57
3428,20241101,128,109114.24,3057,73075.65
3429,20241101,129,42878.3,1210,24937.29
3430,20241101,130,58753.89,3001,37457.3
3431,20241101,131,83452.25,2464,50576.32
3432,20241101,132,8922.37,212,5059.6
3433,20241101,133,228595.42,10110,134692.14
3434,20241101,134,43938.47,1955,28671.01
3435,20241101,135,95615.88,2416,62498.05
3436,20241101,136,68924.64,1594,39633.68
3437,20241101,137,184889.91,5076,118114.12
3438,20241101,138,211374.54,5954,127029.11
3439,20241101,139,215987.08,6070,139331.61
3440,20241101,140,60122.83,1812,35099.66
3441,20241101,141,29531.84,969,20014.4
3442,20241101,142,171639.97,5261,114754.55
3443,20241101,143,90490.58,2264,58761.15
3444,20241101,144,86510.11,4510,60442.61
3445,20241101,145,141810.09,4562,90051.27
3446,20241101,146,46793.76,1670,26521.6
3447,20241101,147,42965.44,1263,28257.93
3448,20241101,148,88237.64,3835,59740.38
3449,20241101,149,32487.64,827,19590.75
3450,20241101,150,99036.37,2455,55702.56
3451,20241201,1,73742.61,2433,48399.49
3452,20241201,2,101886.95,3227,69865.22
3453,20241201,3,38306.38,1267,25588.42
3454,20241201,4,24198.62,740,14485.91
3455,20241201,5,67529.15,2045,39821.01
3456,20241201,6,10064.2,244,6167.07
3457,20241201,7,179193.98,5032,99792.74
3458,20241201,8,106393.97,3671,60073.15
3459,20241201,9,41290.8,947,24658.99
3460,20241201,10,169767.12,5463,115485.48
3461,20241201,11,20224.01,450,12298.75
3462,20241201,12,97055.33,3043,59565.84
3463,20241201,13,84600.94,4424,52109.03
3464,20241201,14,147945.27,4051,87941.84
3465,20241201,15,89551.54,4364,61421.34
3466,20241201,16,35259.31,951,21721.44
3467,20241201,17,21030.49,807,12807.48
3468,20241201,18,59978.1,1532,35024.98
3469,20241201,19,90972.7,5145,50962.33
3470,20241201,20,96887.02,3855,57532.39
3471,20241201,21,35514.75,907,20924.54
3472,20241201,22,82274.32,5310,51793.76
3473,20241201,23,11603.38,412,6707.16
3474,20241201,24,15246.67,660,10254.07
3475,20241201,25,8942.55,311,5894.57
3476,20241201,26,109494.63,2792,74364.54
3477,20241201,27,25301.71,1205,15270.52
3478,20241201,28,16300.04,583,9049.64
3479,20241201,29,21292.95,1202,12164.41
3480,20241201,30,30972.39,1192,17558.69
3481,20241201,31,62569.68,2461,39446.99
3482,20241201,32,74649.45,4807,43030.19
3483,20241201,33,94870.56,2419,57091.11
3484,20241201,34,149410.76,4806,100051.41
3485,20241201,35,175824.86,4006,110157.8
3486,20241201,36,84530.44,3205,52448.01
3487,20241201,37,89249.13,2708,58404.56
3488,20241201,38,18354.26,509,12670.84
3489,20241201,39,110638.13,6776,71641.71
3490,20241201,40,30472.46,1595,17929.75
3491,20241201,41,76694.19,1785,43881.65
3492,20241201,42,65454.47,3296,44829.28
3493,20241201,43,46141.43,1526,27138.18
3494,20241201,44,101765.02,4364,70743.24
3495,20241201,45,43881.84,994,24632.87
3496,20241201,46,160253.06,6442,102974.63
3497,20241201,47,11869.04,630,7885.83
3498,20241201,48,99666.44,3046,62678.26
3499,20241201,49,99756.92,3181,55860.42
3500,20241201,50,134584.8,4581,88721.09
3501,20241201,51,109214.8,2498,73051.18
3502,20241201,52,11314.79,287,7765.55
3503,20241201,53,68036.82,1557,40317.59
3504,20241201,54,49268.96,2727,28436.36
3505,20241201,55,93928.58,2886,52902.0
3506,20241201,56,92227.28,2899,59026.52
3507,20241201,57,107859.07,3258,75036.67
3508,20241201,58,21648.04,646,14384.23
3509,20241201,59,77283.0,2691,47122.47
3510,20241201,60,23894.34,1019,13313.14
3511,20241201,61,35273.85,1025,19510.96
3512,20241201,62,63409.93,2087,43418.34
3513,20241201,63,87471.86,3663,59508.97
3514,20241201,64,46705.82,2086,31898.43
3515,20241201,65,30750.89,1236,16990.92
3516,20241201,66,51602.86,2503,33466.93
3517,20241201,67,19532.96,552,12231.78
3518,20241201,68,47929.37,1368,28309.17
3519,20241201,69,102379.54,6231,64727.29
3520,20241201,70,83572.36,4738,58033.47
3521,20241201,71,183237.86,4733,123546.47
3522,20241201,72,22347.4,894,15329.31
3523,20241201,73,50016.79,1185,34770.26
3524,20241201,74,13804.92,670,9248.03
3525,20241201,75,125973.78,5999,75440.43
3526,20241201,76,118678.65,4212,81034.42
3527,20241201,77,209194.04,5316,124947.16
3528,20241201,78,77807.05,3458,53365.1
3529,20241201,79,47507.95,1968,29035.33
3530,20241201,80,93056.34,3114,64864.16
3531,20241201,81,97524.19,4328,59705.99
3532,20241201,82,64176.46,2137,41564.56
3533,20241201,83,38531.44,1137,26337.16
3534,20241201,84,180974.53,5705,106222.15
3535,20241201,85,159987.27,4046,109282.74
3536,20241201,86,26306.0,1449,16874.98
3537,20241201,87,97059.05,2245,59989.55
3538,20241201,88,147955.19,6258,88623.62
3539,20241201,89,190137.53,4543,125252.71
3540,20241201,90,115061.67,2691,69786.47
3541,20241201,91,57710.42,1771,33293.27
3542,20241201,92,167519.69,6698,101287.68
3543,20241201,93,78587.76,3685,46343.73
3544,20241201,94,78487.82,3172,49740.88
3545,20241201,95,24736.04,1103,16478.46
3546,20241201,96,50956.55,1246,34035.84
3547,20241201,97,29830.37,945,16488.38
3548,20241201,98,46983.85,1649,28344.38
3549,20241201,99,211659.08,4798,127673.91
3550,20241201,100,128831.01,5663,85081.44
3551,20241201,101,93612.03,3682,63924.11
3552,20241201,102,213822.55,11920,149258.89
3553,20241201,103,204330.06,4960,116201.92
3554,20241201,104,26131.26,1493,17407.91
3555,20241201,105,212534.17,7398,139609.68
3556,20241201,106,77535.87,2448,44528.76
3557,20241201,107,182022.7,4563,121528.15
3558,20241201,108,104629.27,2747,64739.17
3559,20241201,109,43196.65,2189,28221.41
3560,20241201,110,102802.8,6352,64089.98
3561,20241201,111,44200.7,1713,24510.86
3562,20241201,112,205618.34,9871,128704.11
3563,20241201,113,56702.07,1471,33482.44
3564,20241201,114,64532.82,3885,35842.5
3565,20241201,115,36568.85,1232,23010.54
3566,20241201,116,46529.22,1649,30681.83
3567,20241201,117,216771.08,10654,144725.39
3568,20241201,118,95138.31,3801,55961.84
3569,20241201,119,11965.36,598,6803.52
3570,20241201,120,131628.7,5538,76489.69
3571,20241201,121,96121.26,3471,56912.47
3572,20241201,122,207405.03,8790,132540.4
3573,20241201,123,50578.79,1604,30155.39
3574,20241201,124,9165.65,509,6088.13
3575,20241201,125,90762.46,3111,61408.0
3576,20241201,126,112659.85,3526,77953.15
3577,20241201,127,66907.81,1562,40010.03
3578,20241201,128,70065.52,2559,42568.18
3579,20241201,129,186871.5,11569,120873.6
3580,20241201,130,134291.21,5205,85850.25
3581,20241201,131,7753.7,387,5052.0
3582,20241201,132,96639.02,3083,66487.34
3583,20241201,133,120864.7,4644,78643.48
3584,20241201,134,32315.62,2081,21073.59
3585,20241201,135,21556.48,596,12002.01
3586,20241201,136,87492.82,3039,60798.35
3587,20241201,137,49346.76,1266,27325.72
3588,20241201,138,160914.87,4005,99793.11
3589,20241201,139,51445.64,1787,30644.1
3590,20241201,140,80927.79,4997,54672.99
3591,20241201,141,60601.23,1518,35234.05
3592,20241201,142,172514.16,3938,112519.88
3593,20241201,143,45109.31,1117,28297.9
3594,20241201,144,82340.44,2742,49339.54
3595,20241201,145,181018.55,11643,120874.44
3596,20241201,146,122570.07,2978,72374.38
3597,20241201,147,104886.44,3555,62370.37
3598,20241201,148,63053.58,1999,42579.38
3599,20241201,149,20691.07,801,11540.46
3600,20241201,150,30602.22,1660,20612.38
3601,20250101,1,73560.77,3158,49366.26
3602,20250101,2,106691.95,2665,62628.42
3603,20250101,3,105389.86,2374,68899.77
3604,20250101,4,50639.66,1861,28526.9
3605,20250101,5,57572.47,2979,37838.01
3606,20250101,6,97369.15,5716,55320.8
3607,20250101,7,131016.89,3628,76157.74
3608,20250101,8,81935.41,3503,49058.07
3609,20250101,9,22368.48,663,13629.8
3610,20250101,10,179867.61,4332,108907.49
3611,20250101,11,156506.52,5557,104907.47
3612,20250101,12,49762.88,1560,31968.34
3613,20250101,13,11156.13,425,7187.28
3614,20250101,14,185856.55,5135,125301.05
3615,20250101,15,38933.44,931,21816.15
3616,20250101,16,93548.87,4057,54811.0
3617,20250101,17,87782.79,2168,60640.09
3618,20250101,18,81963.35,3358,54859.35
3619,20250101,19,69987.52,3680,44607.56
3620,20250101,20,17196.47,401,10125.74
3621,20250101,21,61674.9,3460,36867.52
3622,20250101,22,15854.15,647,10090.62
3623,20250101,23,61021.75,2228,36019.81
3624,20250101,24,44752.79,1759,25295.21
3625,20250101,25,27852.61,619,18940.52
3626,20250101,26,84245.74,4136,51594.46
3627,20250101,27,66666.36,1991,42869.95
3628,20250101,28,10565.45,410,7213.59
3629,20250101,29,31373.59,1569,17466.67
3630,20250101,30,93247.26,2391,54678.8
3631,20250101,31,99553.55,2319,61140.88
3632,20250101,32,86444.11,2377,60293.04
3633,20250101,33,79122.24,2287,44898.6
3634,20250101,34,61580.75,1884,39649.41
3635,20250101,35,100508.79,4266,69177.82
3636,20250101,36,26274.25,614,16502.88
3637,20250101,37,74217.1,2005,48291.9
3638,20250101,38,55207.75,3038,35051.18
3639,20250101,39,146469.46,4606,93986.14
3640,20250101,40,220239.3,5373,136176.62
3641,20250101,41,98611.9,5657,54271.9
3642,20250101,42,209190.48,12782,120386.77
3643,20250101,43,24793.64,580,14388.05
3644,20250101,44,10308.12,494,5690.37
3645,20250101,45,53979.73,1422,37042.63
3646,20250101,46,16125.94,475,9109.05
3647,20250101,47,52518.75,1465,33513.24
3648,20250101,48,64344.15,4147,38546.09
3649,20250101,49,73424.34,2130,45925.15
3650,20250101,50,17293.63,417,11799.47
3651,20250101,51,59959.01,2596,33494.82
3652,20250101,52,94482.19,2148,63685.18
3653,20250101,53,74204.5,1715,44313.93
3654,20250101,54,58305.58,1572,32712.19
3655,20250101,55,18325.84,649,10317.99
3656,20250101,56,92029.54,2274,56673.42
3657,20250101,57,16105.89,364,11099.52
3658,20250101,58,50098.85,1732,34311.87
3659,20250101,59,83267.7,3918,54730.38
3660,20250101,60,135105.1,3536,90242.59
3661,20250101,61,8778.35,296,5456.26
3662,20250101,62,87315.8,2787,59921.71
3663,20250101,63,40849.7,2515,25581.41
3664,20250101,64,178564.58,9463,105517.13
3665,20250101,65,19561.13,436,11179.18
3666,20250101,66,70221.5,1660,41486.02
3667,20250101,67,187209.97,4527,107326.31
3668,20250101,68,89127.75,2057,57623.97
3669,20250101,69,30667.69,1897,17706.02
3670,20250101,70,51478.17,1487,32826.78
3671,20250101,71,77990.07,1749,50839.35
3672,20250101,72,73055.24,3466,46641.55
3673,20250101,73,14357.2,477,9356.65
3674,20250101,74,95249.66,4456,65831.94
3675,20250101,75,293489.6,7997,192571.29
3676,20250101,76,132236.33,5773,90703.52
3677,20250101,77,72482.89,3195,45488.43
3678,20250101,78,135507.85,5219,76872.5
3679,20250101,79,101287.4,2423,62973.41
3680,20250101,80,92844.31,2999,58060.29
3681,20250101,81,100903.19,5046,59457.03
3682,20250101,82,66947.6,1546,41751.66
3683,20250101,83,29413.75,1146,17016.25
3684,20250101,84,251121.22,6198,154158.38
3685,20250101,85,76456.48,1726,52247.32
3686,20250101,86,47661.12,1334,32204.14
3687,20250101,87,39579.01,2147,26055.24
3688,20250101,88,140924.14,6552,91416.38
3689,20250101,89,207131.04,5704,126843.88
3690,20250101,90,133266.45,5766,76340.73
3691,20250101,91,83943.77,3018,51635.47
3692,20250101,92,62854.6,1618,41449.4
3693,20250101,93,21924.33,1339,15010.54
3694,20250101,94,86898.48,3639,50899.22
3695,20250101,95,124200.56,4887,79776.58
3696,20250101,96,36630.05,1909,22462.15
3697,20250101,97,72729.69,1668,45820.25
3698,20250101,98,9969.57,400,5886.71
3699,20250101,99,21978.5,659,15029.36
3700,20250101,100,198161.13,7293,115133.11
3701,20250101,101,77188.12,2129,53148.54
3702,20250101,102,180286.38,8933,108072.69
3703,20250101,103,54571.5,3215,32132.11
3704,20250101,104,54352.4,1453,33184.79
3705,20250101,105,68535.55,2446,38657.55
3706,20250101,106,91046.47,2526,53345.55
3707,20250101,107,227986.74,14846,129925.88
3708,20250101,108,102152.67,3546,66242.52
3709,20250101,109,55299.18,1709,34037.45
3710,20250101,110,71376.81,2631,47090.16
3711,20250101,111,106209.61,2446,64445.32
3712,20250101,112,32335.62,1310,22569.93
3713,20250101,113,59866.05,2703,40542.17
3714,20250101,114,10390.87,282,7256.12
3715,20250101,115,35954.34,1142,23925.97
3716,20250101,116,213142.6,5147,122349.15
3717,20250101,117,140475.34,4320,77583.74
3718,20250101,118,59402.75,1323,41015.84
3719,20250101,119,17108.81,402,9651.33
3720,20250101,120,193724.79,4395,133844.34
3721,20250101,121,82758.04,4644,55882.45
3722,20250101,122,215254.25,9312,150602.25
3723,20250101,123,34398.69,783,21995.89
3724,20250101,124,13120.24,659,9074.05
3725,20250101,125,90980.57,2212,58844.23
3726,20250101,126,179733.54,9778,102107.38
3727,20250101,127,40988.89,1055,28388.91
3728,20250101,128,46712.79,1627,31531.48
3729,20250101,129,197914.52,10319,123536.7
3730,20250101,130,91691.44,3188,55298.01
3731,20250101,131,30119.92,1154,19372.23
3732,20250101,132,80129.12,2177,44168.08
3733,20250101,133,213447.49,6197,146127.75
3734,20250101,134,60763.33,2984,36490.17
3735,20250101,135,11708.45,350,7935.37
3736,20250101,136,22257.81,579,13709.1
3737,20250101,137,99325.34,2982,66914.09
3738,20250101,138,83517.74,2949,57994.87
3739,20250101,139,195005.48,4489,127905.49
3740,20250101,140,60470.69,1967,34970.52
3741,20250101,141,31456.41,1647,18816.97
3742,20250101,142,127120.7,4473,71235.42
3743,20250101,143,43753.39,1053,24585.15
3744,20250101,144,97400.58,2740,56369.56
3745,20250101,145,24520.3,618,15541.35
3746,20250101,146,55040.53,2154,38124.55
3747,20250101,147,108913.17,3569,60238.79
3748,20250101,148,98444.11,4864,56519.22
3749,20250101,149,37330.81,1006,23588.73
3750,20250101,150,58751.76,1372,35386.33
3751,20250201,1,79175.48,1994,47627.15
3752,20250201,2,15568.59,346,9876.4
3753,20250201,3,98994.27,3882,68149.53
3754,20250201,4,49544.95,1225,32823.15
3755,20250201,5,46433.2,2505,27371.0
3756,20250201,6,46765.23,2854,30312.22
3757,20250201,7,136966.97,6940,75345.82
3758,20250201,8,66430.85,3307,43811.84
3759,20250201,9,89991.82,2586,57279.91
3760,20250201,10,93807.75,3929,60199.16
3761,20250201,11,138018.34,6512,95609.11
3762,20250201,12,39373.58,1044,24326.93
3763,20250201,13,71299.87,3157,46746.58
3764,20250201,14,79573.28,3194,51179.06
3765,20250201,15,29016.4,799,18870.11
3766,20250201,16,9745.9,417,6023.24
3767,20250201,17,19924.87,651,11907.88
3768,20250201,18,56748.94,3021,38876.24
3769,20250201,19,168973.01,3805,108567.3
3770,20250201,20,216746.41,7220,143454.83
3771,20250201,21,34983.05,1280,22090.14
3772,20250201,22,50492.42,2450,31108.18
3773,20250201,23,25464.81,1143,16696.87
3774,20250201,24,15717.17,467,9588.38
3775,20250201,25,108717.17,5730,74698.5
3776,20250201,26,7982.43,485,4413.45
3777,20250201,27,90665.04,2182,58900.06
3778,20250201,28,14530.94,361,8288.05
3779,20250201,29,54412.25,2316,33880.78
3780,20250201,30,101206.73,4291,66286.81
3781,20250201,31,69143.73,2123,38724.67
3782,20250201,32,70555.48,2261,42292.11
3783,20250201,33,33042.02,1177,21231.49
3784,20250201,34,132878.97,4375,75407.28
3785,20250201,35,181427.79,4318,103134.13
3786,20250201,36,60399.2,1877,38814.24
3787,20250201,37,104166.74,2986,60097.61
3788,20250201,38,91079.49,4991,55338.87
3789,20250201,39,54830.89,1617,30563.38
3790,20250201,40,134569.71,7190,79265.65
3791,20250201,41,75969.64,2803,44339.83
3792,20250201,42,73480.06,2214,50159.64
3793,20250201,43,20458.9,675,13152.58
3794,20250201,44,83001.26,2547,52409.44
3795,20250201,45,99328.58,2697,66829.69
3796,20250201,46,15216.08,776,9640.95
3797,20250201,47,58394.55,1720,36455.13
3798,20250201,48,38277.36,1360,22522.48
3799,20250201,49,91890.06,3571,52074.06
3800,20250201,50,174224.9,10081,110001.93
3801,20250201,51,11185.12,251,7431.29
3802,20250201,52,69289.23,2541,41684.81
3803,20250201,53,29327.08,1251,18733.87
3804,20250201,54,87298.42,2418,56187.55
3805,20250201,55,50661.56,1282,33370.8
3806,20250201,56,58285.32,1775,32942.38
3807,20250201,57,79175.11,2501,51358.22
3808,20250201,58,15737.62,520,10033.58
3809,20250201,59,68015.62,2963,40211.22
3810,20250201,60,128277.1,4708,78612.11
3811,20250201,61,51028.56,1187,28131.04
3812,20250201,62,24925.63,1211,13849.39
3813,20250201,63,95707.5,4558,59173.72
3814,20250201,64,243179.62,13206,157970.99
3815,20250201,65,17380.47,402,9639.29
3816,20250201,66,98492.2,3274,56813.5
3817,20250201,67,197288.06,7670,112250.25
3818,20250201,68,63025.6,2990,38753.17
3819,20250201,69,63439.58,1934,37690.13
3820,20250201,70,69722.75,2124,42447.26
3821,20250201,71,21107.68,561,13837.65
3822,20250201,72,17579.0,997,10313.02
3823,20250201,73,57181.0,1490,34045.25
3824,20250201,74,44022.86,1037,25228.18
3825,20250201,75,108061.65,2411,69511.6
3826,20250201,76,26861.86,783,16314.81
3827,20250201,77,103516.52,2369,66708.22
3828,20250201,78,16513.11,663,11054.64
3829,20250201,79,78770.87,2756,47238.95
3830,20250201,80,43705.95,1404,29856.7
3831,20250201,81,31600.57,756,19826.13
3832,20250201,82,82732.7,3501,53833.97
3833,20250201,83,52898.62,1196,29444.19
3834,20250201,84,57502.35,3212,38241.91
3835,20250201,85,186232.71,4736,125316.8
3836,20250201,86,17387.2,1102,11025.45
3837,20250201,87,103807.45,2577,59209.37
3838,20250201,88,179443.54,5093,119912.0
3839,20250201,89,87532.36,3307,50708.47
3840,20250201,90,182948.67,4829,110439.44
3841,20250201,91,85655.1,2071,57131.27
3842,20250201,92,113650.74,5880,76216.18
3843,20250201,93,108948.97,7237,75685.46
3844,20250201,94,26684.32,698,15039.06
3845,20250201,95,117003.34,3382,66995.46
3846,20250201,96,11949.03,658,7108.68
3847,20250201,97,105554.08,2440,61615.88
3848,20250201,98,89232.24,3354,49299.42
3849,20250201,99,74679.47,3082,48622.16
3850,20250201,100,187916.34,8497,115341.54
3851,20250201,101,85120.7,2513,54717.31
3852,20250201,102,41906.32,2369,24695.96
3853,20250201,103,215026.21,10355,146198.57
3854,20250201,104,38514.87,1424,25454.24
3855,20250201,105,156055.24,5051,98488.18
3856,20250201,106,16741.63,608,9871.97
3857,20250201,107,73928.49,1880,42313.12
3858,20250201,108,59708.57,2270,35419.98
3859,20250201,109,105115.06,2620,64185.07
3860,20250201,110,57619.66,1460,34990.61
3861,20250201,111,92976.74,3916,55645.51
3862,20250201,112,204996.83,13437,121281.62
3863,20250201,113,79441.26,2615,50742.28
3864,20250201,114,56644.66,2006,32249.19
3865,20250201,115,26936.37,1277,15284.83
3866,20250201,116,213625.98,6186,146072.02
3867,20250201,117,227780.1,7864,135046.0
3868,20250201,118,16249.19,780,11231.5
3869,20250201,119,107616.86,2616,69166.34
3870,20250201,120,70321.78,2060,44083.74
3871,20250201,121,50319.69,1181,32003.1
3872,20250201,122,180781.44,10767,107222.02
3873,20250201,123,93667.29,2390,63514.67
3874,20250201,124,40594.55,1119,28335.82
3875,20250201,125,55910.56,3239,31831.26
3876,20250201,126,88541.93,5115,55563.91
3877,20250201,127,82470.95,1840,48727.53
3878,20250201,128,12332.05,619,8466.11
3879,20250201,129,131437.63,8339,74380.46
3880,20250201,130,161384.95,5145,94951.52
3881,20250201,131,21668.9,997,14565.88
3882,20250201,132,50961.68,2813,31895.02
3883,20250201,133,95580.02,2274,55028.54
3884,20250201,134,56798.33,2320,32958.6
3885,20250201,135,44398.55,1456,28106.0
3886,20250201,136,65617.8,2079,40446.99
3887,20250201,137,90715.54,2640,53908.74
3888,20250201,138,26589.44,701,15651.47
3889,20250201,139,76575.19,2770,52268.03
3890,20250201,140,73432.81,2421,47311.11
3891,20250201,141,98257.69,5561,62948.77
3892,20250201,142,267064.11,11178,173346.75
3893,20250201,143,101462.02,5750,70821.95
3894,20250201,144,35747.85,977,23904.26
3895,20250201,145,138854.38,6732,79479.42
3896,20250201,146,72803.29,3477,40931.57
3897,20250201,147,47180.13,1536,31770.49
3898,20250201,148,93765.69,2688,59277.58
3899,20250201,149,12178.7,308,7134.59
3900,20250201,150,79277.04,2181,49083.97
3901,20250301,1,83285.55,3767,54944.1
3902,20250301,2,82542.5,2880,46400.52
3903,20250301,3,72091.24,3538,44110.72
3904,20250301,4,107253.73,6403,64793.47
3905,20250301,5,13322.7,801,7569.66
3906,20250301,6,56876.31,2341,38401.37
3907,20250301,7,156134.9,7933,97819.42
3908,20250301,8,86855.64,2115,53350.18
3909,20250301,9,67049.7,2405,40938.72
3910,20250301,10,39454.52,1471,23227.66
3911,20250301,11,71262.85,2308,44725.03
3912,20250301,12,93862.99,2574,58932.18
3913,20250301,13,14958.4,356,8697.23
3914,20250301,14,42465.11,1079,23811.73
3915,20250301,15,45459.18,1144,30733.02
3916,20250301,16,103104.78,3096,69705.12
3917,20250301,17,82366.96,2276,52249.57
3918,20250301,18,85109.36,2773,50859.44
3919,20250301,19,78533.29,3944,50145.02
3920,20250301,20,195037.78,11118,116878.34
3921,20250301,21,27300.49,1718,16824.99
3922,20250301,22,84425.2,2074,51092.47
3923,20250301,23,36696.46,1097,20600.5
3924,20250301,24,77207.65,1808,47644.19
3925,20250301,25,104973.64,3986,69750.85
3926,20250301,26,68098.21,2666,41833.89
3927,20250301,27,57931.04,3207,32779.07
3928,20250301,28,50132.61,1310,33700.29
3929,20250301,29,84267.52,5100,58251.78
3930,20250301,30,38579.57,1512,24744.44
3931,20250301,31,16466.92,764,10472.51
3932,20250301,32,35916.7,878,20978.89
3933,20250301,33,26453.68,911,18337.43
3934,20250301,34,134441.93,3068,93829.19
3935,20250301,35,168793.89,5649,101149.84
3936,20250301,36,59595.8,1355,34927.39
3937,20250301,37,87193.45,4737,56661.08
3938,20250301,38,13128.28,465,7851.19
3939,20250301,39,170752.99,6140,99353.49
3940,20250301,40,105857.55,2353,65493.82
3941,20250301,41,84674.14,3875,57389.49
3942,20250301,42,149195.38,4936,100667.95
3943,20250301,43,44022.49,2112,29176.82
3944,20250301,44,89097.56,5688,50269.15
3945,20250301,45,25007.06,577,16924.93
3946,20250301,46,120448.19,3380,76139.94
3947,20250301,47,11131.52,524,6974.96
3948,20250301,48,108506.01,3464,69643.94
3949,20250301,49,10445.79,430,5746.96
3950,20250301,50,219310.72,10197,145929.34
3951,20250301,51,16997.8,462,9581.33
3952,20250301,52,84622.64,3728,51294.36
3953,20250301,53,18537.25,795,10406.87
3954,20250301,54,48959.73,2500,28122.04
3955,20250301,55,65026.95,1544,41232.64
3956,20250301,56,40539.65,941,24552.64
3957,20250301,57,109709.85,4785,72363.79
3958,20250301,58,46874.68,1206,28308.34
3959,20250301,59,75459.29,3463,42864.2
3960,20250301,60,144144.81,7122,99125.79
3961,20250301,61,21904.65,598,12771.56
3962,20250301,62,86037.95,3378,50395.9
3963,20250301,63,69582.56,2205,40110.32
3964,20250301,64,46962.42,1378,27512.77
3965,20250301,65,36258.64,845,20341.85
3966,20250301,66,67883.51,1611,43377.51
3967,20250301,67,38226.18,2014,22258.13
3968,20250301,68,87437.31,5639,55619.75
3969,20250301,69,100705.8,2806,69357.14
3970,20250301,70,60910.96,1755,35161.05
3971,20250301,71,84103.55,3877,55317.27
3972,20250301,72,39895.49,1734,22531.46
3973,20250301,73,19243.55,632,11568.67
3974,20250301,74,21491.71,811,13615.65
3975,20250301,75,25024.4,977,16695.91
3976,20250301,76,71925.66,1822,40040.07
3977,20250301,77,56999.3,1301,34349.94
3978,20250301,78,152235.05,9703,89905.54
3979,20250301,79,36227.67,2075,24299.8
3980,20250301,80,44178.28,2310,26206.77
3981,20250301,81,25960.05,1276,17509.32
3982,20250301,82,36109.03,925,21611.66
3983,20250301,83,66186.75,3999,37147.31
3984,20250301,84,245974.0,6521,160423.9
3985,20250301,85,187142.99,4621,128061.27
3986,20250301,86,92726.85,5528,53686.39
3987,20250301,87,91400.9,2060,61491.44
3988,20250301,88,208191.09,5051,141533.11
3989,20250301,89,38996.61,980,25331.71
3990,20250301,90,143661.04,9057,82196.02
3991,20250301,91,73521.11,2645,50203.02
3992,20250301,92,44419.8,2497,30812.31
3993,20250301,93,90558.69,3105,56441.22
3994,20250301,94,38333.56,1599,25264.52
3995,20250301,95,196076.76,8530,127041.24
3996,20250301,96,71867.27,1991,46257.32
3997,20250301,97,114930.14,3446,79301.96
3998,20250301,98,19988.01,849,11117.38
3999,20250301,99,89111.87,3000,53400.29
4000,20250301,100,98220.39,3706,65861.2
4001,20250301,101,80712.5,3254,51333.55
4002,20250301,102,44300.58,1953,27934.62
4003,20250301,103,251497.07,7034,151898.72
4004,20250301,104,29300.44,950,19607.13
4005,20250301,105,49510.97,1122,32885.75
4006,20250301,106,81117.81,3069,48416.46
4007,20250301,107,138453.99,4227,95900.26
4008,20250301,108,69504.53,3849,39529.27
4009,20250301,109,61024.55,2203,36176.13
4010,20250301,110,27378.97,653,15639.09
4011,20250301,111,158658.52,5562,104234.68
4012,20250301,112,202481.55,4790,111892.78
4013,20250301,113,107207.39,2707,74370.26
4014,20250301,114,70606.1,2403,45271.8
4015,20250301,115,87203.96,2812,50367.24
4016,20250301,116,201813.97,12342,131755.72
4017,20250301,117,300519.19,9612,208948.35
4018,20250301,118,180708.89,5116,113138.15
4019,20250301,119,41441.45,941,28468.2
4020,20250301,120,105047.96,2922,63391.55
4021,20250301,121,79269.66,3863,45618.43
4022,20250301,122,62637.53,1793,41867.05
4023,20250301,123,17434.8,1101,11430.76
4024,20250301,124,24730.28,596,13911.56
4025,20250301,125,22839.13,1465,13569.36
4026,20250301,126,121586.52,3755,79731.06
4027,20250301,127,67751.18,1812,44432.39
4028,20250301,128,59358.89,1375,40924.93
4029,20250301,129,160620.9,4582,110747.35
4030,20250301,130,76761.24,1889,48809.5
4031,20250301,131,76636.55,2837,43076.75
4032,20250301,132,66891.81,3860,42549.85
4033,20250301,133,38009.88,1145,25084.78
4034,20250301,134,18553.21,496,11271.94
4035,20250301,135,50521.67,3104,32690.81
4036,20250301,136,97255.35,3537,57310.56
4037,20250301,137,165922.37,4062,102959.96
4038,20250301,138,16018.51,690,11126.23
4039,20250301,139,219878.22,9383,135567.26
4040,20250301,140,35824.06,1496,20704.44
4041,20250301,141,50013.96,1476,28410.62
4042,20250301,142,30301.53,893,20046.33
4043,20250301,143,13191.38,346,7979.45
4044,20250301,144,18558.64,565,10779.93
4045,20250301,145,92171.84,4313,64186.83
4046,20250301,146,106900.28,3645,71656.84
4047,20250301,147,190200.85,6085,128474.58
4048,20250301,148,82497.91,2953,45872.6
4049,20250301,149,98970.71,4244,57531.34
4050,20250301,150,51850.76,1902,33441.41
4051,20250401,1,48020.8,1738,29375.66
4052,20250401,2,10810.33,678,6655.39
4053,20250401,3,33323.94,1346,21943.76
4054,20250401,4,60465.36,3910,37058.66
4055,20250401,5,97764.93,2640,65738.4
4056,20250401,6,39788.74,1201,25705.33
4057,20250401,7,196104.64,7248,133725.33
4058,20250401,8,64648.12,3538,38217.46
4059,20250401,9,38134.68,1586,24345.67
4060,20250401,10,134579.56,3410,82573.96
4061,20250401,11,212816.22,5471,130159.53
4062,20250401,12,35862.54,981,21051.32
4063,20250401,13,26556.27,1717,16552.77
4064,20250401,14,51645.88,3392,31498.73
4065,20250401,15,10175.45,243,7054.61
4066,20250401,16,40903.39,2097,24378.4
4067,20250401,17,107580.03,2500,65732.36
4068,20250401,18,53469.08,2671,34726.39
4069,20250401,19,56345.75,2461,34416.16
4070,20250401,20,20384.28,545,13303.52
4071,20250401,21,8355.42,206,5577.37
4072,20250401,22,15587.38,560,10603.51
4073,20250401,23,35821.22,959,21940.2
4074,20250401,24,78594.1,2876,53183.51
4075,20250401,25,57885.5,2867,36601.16
4076,20250401,26,19951.34,1010,11696.54
4077,20250401,27,39338.29,974,23710.9
4078,20250401,28,73216.29,3024,50707.75
4079,20250401,29,53810.09,1753,37473.99
4080,20250401,30,49557.58,2429,32662.02
4081,20250401,31,46451.66,1158,27226.15
4082,20250401,32,77382.5,1798,53419.3
4083,20250401,33,39302.87,1843,23772.21
4084,20250401,34,85370.06,3486,53484.89
4085,20250401,35,135477.46,7128,91156.98
4086,20250401,36,88948.15,3216,49829.2
4087,20250401,37,20787.79,524,14223.69
4088,20250401,38,89451.38,3128,59934.76
4089,20250401,39,30989.12,823,18104.34
4090,20250401,40,140728.07,6395,80078.94
4091,20250401,41,60394.03,2576,38625.87
4092,20250401,42,179790.67,5366,116177.47
4093,20250401,43,85366.37,3209,53144.11
4094,20250401,44,76874.37,4302,47200.16
4095,20250401,45,31557.76,1195,22065.8
4096,20250401,46,212919.45,5076,127189.28
4097,20250401,47,66484.88,2420,41865.68
4098,20250401,48,108778.67,6199,73886.28
4099,20250401,49,32943.93,826,21026.27
4100,20250401,50,66601.23,1794,38654.13
4101,20250401,51,44237.95,2393,28361.79
4102,20250401,52,45810.13,1192,28584.99
4103,20250401,53,90948.0,2067,53962.02
4104,20250401,54,44062.16,999,26322.26
4105,20250401,55,48541.66,1903,32497.98
4106,20250401,56,61952.35,1732,40610.87
4107,20250401,57,56612.2,1735,34366.92
4108,20250401,58,44415.51,1479,26356.33
4109,20250401,59,37771.44,960,23039.05
4110,20250401,60,76486.7,1922,45886.07
4111,20250401,61,78246.85,1817,45845.16
4112,20250401,62,49279.6,1752,33109.89
4113,20250401,63,50112.99,1429,34089.68
4114,20250401,64,204158.6,7360,116279.42
4115,20250401,65,86387.85,2829,58796.32
4116,20250401,66,89309.82,2913,53204.7
4117,20250401,67,39865.64,1673,26739.06
4118,20250401,68,76879.66,3291,49449.17
4119,20250401,69,7536.09,294,4771.18
4120,20250401,70,28890.36,659,19524.44
4121,20250401,71,67581.88,1773,37695.64
4122,20250401,72,104135.91,3785,71345.6
4123,20250401,73,67466.65,3134,43118.07
4124,20250401,74,88677.88,4173,50318.59
4125,20250401,75,281648.68,11327,194627.63
4126,20250401,76,111101.27,3994,66134.65
4127,20250401,77,43800.17,1329,29916.37
4128,20250401,78,134303.35,3490,81042.72
4129,20250401,79,99215.38,2434,67588.22
4130,20250401,80,53841.07,1443,36986.92
4131,20250401,81,21694.21,950,12065.35
4132,20250401,82,84703.68,2748,56932.51
4133,20250401,83,84844.92,3444,51767.45
4134,20250401,84,261750.52,12930,159664.46
4135,20250401,85,75084.51,2578,50418.87
4136,20250401,86,78855.02,3969,43652.82
4137,20250401,87,70775.25,4110,47803.54
4138,20250401,88,147640.75,6425,86793.52
4139,20250401,89,186533.15,5935,110066.22
4140,20250401,90,28923.06,954,16676.95
4141,20250401,91,30966.99,823,18973.11
4142,20250401,92,186154.62,6746,124481.11
4143,20250401,93,99432.05,4028,69064.04
4144,20250401,94,35577.74,1132,21528.79
4145,20250401,95,33184.1,867,19137.1
4146,20250401,96,76599.95,3584,43379.75
4147,20250401,97,149894.84,3861,86560.61
4148,20250401,98,24407.85,912,13942.73
4149,20250401,99,22070.57,1039,14585.16
4150,20250401,100,223166.81,7110,130175.71
4151,20250401,101,107365.14,5534,69510.97
4152,20250401,102,150049.12,4206,97256.34
4153,20250401,103,105002.67,2880,62196.57
4154,20250401,104,36677.02,1377,22500.25
4155,20250401,105,148644.85,5914,100137.1
4156,20250401,106,55286.64,1588,34202.01
4157,20250401,107,218934.62,10252,126087.86
4158,20250401,108,105199.41,3607,67167.04
4159,20250401,109,56054.06,2437,31371.88
4160,20250401,110,61565.21,2133,42556.88
4161,20250401,111,116692.04,3859,81026.44
4162,20250401,112,209682.73,7231,144575.56
4163,20250401,113,104716.49,4880,68953.23
4164,20250401,114,65775.98,1877,42760.86
4165,20250401,115,78030.68,3458,52355.6
4166,20250401,116,193275.87,4984,122504.2
4167,20250401,117,100488.69,3609,66921.35
4168,20250401,118,204712.84,5130,131086.76
4169,20250401,119,18941.93,457,11936.44
4170,20250401,120,96699.19,3771,54876.87
4171,20250401,121,56734.44,1894,35086.57
4172,20250401,122,78480.15,2806,48027.59
4173,20250401,123,58922.69,2514,36697.16
4174,20250401,124,71200.57,2394,41607.48
4175,20250401,125,32039.36,1081,19446.9
4176,20250401,126,88884.35,5372,61130.1
4177,20250401,127,94648.16,3386,57440.66
4178,20250401,128,70992.96,2459,43286.24
4179,20250401,129,61067.43,3760,35533.11
4180,20250401,130,20026.45,692,11633.61
4181,20250401,131,15760.57,568,9621.87
4182,20250401,132,13870.55,335,9458.16
4183,20250401,133,289406.4,7506,199310.81
4184,20250401,134,36609.08,1415,24033.05
4185,20250401,135,102861.22,2821,65308.13
4186,20250401,136,14889.04,521,10260.34
4187,20250401,137,167158.77,4840,109205.22
4188,20250401,138,58513.93,3093,34052.33
4189,20250401,139,71253.33,2093,46102.68
4190,20250401,140,60255.87,1541,36957.96
4191,20250401,141,75874.33,1877,45595.41
4192,20250401,142,133234.0,3147,79582.41
4193,20250401,143,30917.25,747,21500.17
4194,20250401,144,31581.55,1792,17792.69
4195,20250401,145,182947.8,8823,102988.65
4196,20250401,146,197125.52,6933,109482.08
4197,20250401,147,190117.98,10538,130709.15
4198,20250401,148,57543.52,2378,35940.68
4199,20250401,149,72339.13,2183,47537.76
4200,20250401,150,83151.84,2344,57345.21
4201,20250501,1,65344.69,1559,40558.98
4202,20250501,2,73415.03,1877,47195.59
4203,20250501,3,29742.53,1804,16811.49
4204,20250501,4,13110.12,296,7451.2
4205,20250501,5,36234.97,1515,20906.21
4206,20250501,6,8356.46,221,5632.75
4207,20250501,7,159007.7,7327,97237.58
4208,20250501,8,51076.8,1990,32049.69
4209,20250501,9,30990.76,1305,17271.75
4210,20250501,10,179746.43,5328,123251.15
4211,20250501,11,127837.91,4342,84578.97
4212,20250501,12,105214.82,5585,64100.11
4213,20250501,13,95902.61,2725,65583.11
4214,20250501,14,211230.22,7372,124706.9
4215,20250501,15,39743.35,2213,27711.82
4216,20250501,16,21274.54,934,13769.33
4217,20250501,17,11699.98,687,6522.05
4218,20250501,18,63113.11,1641,36027.05
4219,20250501,19,88517.06,5729,52797.87
4220,20250501,20,154685.29,4464,107662.79
4221,20250501,21,7876.8,179,5480.8
4222,20250501,22,91683.41,2247,52275.44
4223,20250501,23,52072.66,3030,34380.12
4224,20250501,24,97235.77,4396,66324.4
4225,20250501,25,28915.07,1080,17475.66
4226,20250501,26,48525.92,1105,33909.39
4227,20250501,27,60536.63,1831,37854.15
4228,20250501,28,72213.01,3147,42344.04
4229,20250501,29,59222.49,1787,40268.7
4230,20250501,30,77367.48,4390,47382.12
4231,20250501,31,42566.55,1230,24558.64
4232,20250501,32,62989.14,2399,35179.76
4233,20250501,33,97281.22,4545,54604.6
4234,20250501,34,66856.88,1605,44963.42
4235,20250501,35,194967.44,5526,122561.12
4236,20250501,36,47663.08,2211,26979.98
4237,20250501,37,101442.36,5274,61360.13
4238,20250501,38,83597.13,1955,46732.9
4239,20250501,39,113572.6,3796,62551.61
4240,20250501,40,190717.09,11291,113161.69
4241,20250501,41,83469.59,2539,54262.33
4242,20250501,42,97102.46,2475,59481.29
4243,20250501,43,83968.8,1882,51798.38
4244,20250501,44,8704.53,301,5444.49
4245,20250501,45,54061.73,2217,31314.76
4246,20250501,46,62046.78,3221,35474.13
4247,20250501,47,91040.82,2735,58065.08
4248,20250501,48,88726.94,3811,60174.01
4249,20250501,49,26106.6,1198,17560.05
4250,20250501,50,218984.5,8865,128356.38
4251,20250501,51,43376.65,1068,30039.22
4252,20250501,52,45895.89,1153,26502.78
4253,20250501,53,29993.78,1301,19077.37
4254,20250501,54,28195.59,682,18152.84
4255,20250501,55,78259.1,2487,50640.26
4256,20250501,56,79307.39,4107,50569.37
4257,20250501,57,40178.26,1146,25604.08
4258,20250501,58,37108.28,891,24364.41
4259,20250501,59,68511.88,3964,39810.14
4260,20250501,60,76051.66,1780,42056.19
4261,20250501,61,45155.04,1045,30935.68
4262,20250501,62,106332.75,4964,63872.64
4263,20250501,63,105411.42,3907,60717.92
4264,20250501,64,263251.03,10590,163933.84
4265,20250501,65,45065.69,1106,26699.83
4266,20250501,66,78794.61,4556,51325.92
4267,20250501,67,133507.94,6595,90002.56
4268,20250501,68,24704.31,676,15613.93
4269,20250501,69,42762.06,1596,28927.15
4270,20250501,70,91644.71,2522,62476.5
4271,20250501,71,41545.17,1709,26669.67
4272,20250501,72,102556.56,2577,69794.99
4273,20250501,73,65080.02,1736,42436.63
4274,20250501,74,103732.13,2429,67204.56
4275,20250501,75,168187.51,4976,114137.65
4276,20250501,76,75519.56,2342,44930.93
4277,20250501,77,191950.97,5554,123354.68
4278,20250501,78,24517.46,675,16568.48
4279,20250501,79,105993.58,2436,64072.74
4280,20250501,80,102165.66,3812,59472.25
4281,20250501,81,63598.79,2338,39823.2
4282,20250501,82,89775.06,3485,51265.34
4283,20250501,83,66512.0,4190,44787.36
4284,20250501,84,86152.76,2158,60113.48
4285,20250501,85,83484.21,2590,48325.27
4286,20250501,86,96224.47,5210,53682.95
4287,20250501,87,66269.9,2704,39033.78
4288,20250501,88,139215.71,8657,92366.89
4289,20250501,89,205614.73,7488,140020.67
4290,20250501,90,134467.42,6384,77292.7
4291,20250501,91,42954.3,1149,29193.3
4292,20250501,92,142755.28,5950,85325.1
4293,20250501,93,95696.76,5102,64955.68
4294,20250501,94,69655.47,1881,47817.97
4295,20250501,95,182759.23,9603,122884.97
4296,20250501,96,78266.6,3340,52950.84
4297,20250501,97,96986.76,3734,59195.36
4298,20250501,98,44251.91,1656,27147.44
4299,20250501,99,170687.29,9777,100340.43
4300,20250501,100,134118.85,5705,75168.84
4301,20250501,101,98222.63,5925,67001.31
4302,20250501,102,171768.74,4203,110942.21
4303,20250501,103,145566.03,3301,83747.5
4304,20250501,104,63505.43,2767,35903.11
4305,20250501,105,78352.94,5105,52294.27
4306,20250501,106,66322.87,4111,37069.89
4307,20250501,107,190261.02,8967,123250.98
4308,20250501,108,39929.5,1809,27574.57
4309,20250501,109,26932.13,1718,15715.72
4310,20250501,110,94468.21,2711,64535.39
4311,20250501,111,43260.5,1442,26322.84
4312,20250501,112,139560.83,6131,91885.74
4313,20250501,113,61689.89,1792,39224.37
4314,20250501,114,10974.39,629,6830.45
4315,20250501,115,57111.11,1446,37030.6
4316,20250501,116,217978.36,8261,146891.25
4317,20250501,117,192301.34,4872,132018.04
4318,20250501,118,113225.55,6016,76163.73
4319,20250501,119,83367.57,2757,51515.84
4320,20250501,120,21098.82,1183,13070.71
4321,20250501,121,74967.92,4028,44641.89
4322,20250501,122,214459.28,5447,126472.15
4323,20250501,123,32635.42,1127,21093.85
4324,20250501,124,69290.97,2210,41041.15
4325,20250501,125,28789.17,1472,15984.17
4326,20250501,126,147548.79,5784,81361.36
4327,20250501,127,9385.73,304,5364.99
4328,20250501,128,92091.58,2999,52422.58
4329,20250501,129,22389.93,802,14459.71
4330,20250501,130,201990.48,7823,136257.19
4331,20250501,131,82847.14,3262,50645.5
4332,20250501,132,33174.59,1163,21174.3
4333,20250501,133,94706.93,2853,65902.32
4334,20250501,134,21844.09,548,14323.65
4335,20250501,135,38740.41,1364,26019.0
4336,20250501,136,95662.36,2788,54789.62
4337,20250501,137,200821.46,8094,120781.59
4338,20250501,138,112128.39,2947,64066.26
4339,20250501,139,71481.17,2929,39614.67
4340,20250501,140,36602.73,1131,24641.45
4341,20250501,141,109835.67,3462,62699.81
4342,20250501,142,163110.02,5281,99273.98
4343,20250501,143,45140.83,1201,25108.74
4344,20250501,144,81980.83,2436,55828.79
4345,20250501,145,126891.53,3161,86420.73
4346,20250501,146,176121.2,6423,109726.15
4347,20250501,147,216093.94,7411,125975.99
4348,20250501,148,58256.6,3719,32771.38
4349,20250501,149,67657.73,1852,38252.47
4350,20250501,150,23699.38,1038,15809.51
4351,20250601,1,23599.26,913,13529.78
4352,20250601,2,61975.72,1887,34805.61
4353,20250601,3,66561.76,3355,45768.25
4354,20250601,4,97510.13,2702,56417.97
4355,20250601,5,88010.54,2359,51230.45
4356,20250601,6,43987.46,1866,28085.26
4357,20250601,7,146824.71,3807,92726.37
4358,20250601,8,99528.35,4531,63152.32
4359,20250601,9,22667.68,1435,15220.34
4360,20250601,10,30613.16,975,18767.59
4361,20250601,11,116516.29,4033,75404.13
4362,20250601,12,23586.7,1070,16091.95
4363,20250601,13,70616.66,3586,49006.66
4364,20250601,14,34664.98,1711,23374.38
4365,20250601,15,74511.26,2479,52041.39
4366,20250601,16,59253.64,1612,39478.33
4367,20250601,17,18849.72,1169,10368.62
4368,20250601,18,105039.97,4467,69147.74
4369,20250601,19,170098.77,6275,118773.75
4370,20250601,20,185843.55,6680,125629.66
4371,20250601,21,68766.84,3223,44312.4
4372,20250601,22,69014.3,3999,47236.46
4373,20250601,23,45150.84,1330,28981.15
4374,20250601,24,35521.34,1495,22459.74
4375,20250601,25,16876.98,410,11140.35
4376,20250601,26,56785.67,2910,35912.08
4377,20250601,27,30281.89,781,21175.64
4378,20250601,28,20630.75,482,14337.2
4379,20250601,29,73287.61,2019,45943.88
4380,20250601,30,67433.76,2597,40807.04
4381,20250601,31,44747.03,1239,28538.24
4382,20250601,32,84160.56,5106,46443.18
4383,20250601,33,33759.09,1144,19149.18
4384,20250601,34,181872.01,4388,103422.81
4385,20250601,35,18897.71,1031,10409.22
4386,20250601,36,97268.16,4057,58805.14
4387,20250601,37,36474.07,1903,24349.09
4388,20250601,38,25466.01,1036,14938.96
4389,20250601,39,95785.46,2445,63187.01
4390,20250601,40,71074.48,2367,47795.19
4391,20250601,41,59832.06,1373,37678.67
4392,20250601,42,147373.6,4713,83246.56
4393,20250601,43,63022.28,1610,44084.65
4394,20250601,44,15513.65,555,9402.07
4395,20250601,45,26652.37,711,17987.4
4396,20250601,46,157874.02,8269,93177.96
4397,20250601,47,21240.04,533,12979.23
4398,20250601,48,52024.96,1438,35497.23
4399,20250601,49,73912.72,1910,48958.79
4400,20250601,50,153229.13,5517,89901.58
4401,20250601,51,19684.77,612,13102.45
4402,20250601,52,66103.08,2755,38748.46
4403,20250601,53,94420.91,2683,66070.14
4404,20250601,54,46237.16,2878,30972.87
4405,20250601,55,44593.78,2258,26929.83
4406,20250601,56,36404.79,1400,23706.4
4407,20250601,57,41763.81,1574,23205.21
4408,20250601,58,18006.47,427,12484.41
4409,20250601,59,23185.71,1515,15664.58
4410,20250601,60,23698.58,570,14543.77
4411,20250601,61,18814.04,466,12178.14
4412,20250601,62,33345.08,1220,19716.04
4413,20250601,63,20449.39,912,13259.75
4414,20250601,64,127253.23,4297,83173.83
4415,20250601,65,89318.74,2271,56606.29
4416,20250601,66,77897.8,3985,48493.88
4417,20250601,67,135481.8,6269,91401.18
4418,20250601,68,8123.37,208,5629.78
4419,20250601,69,53569.74,2719,30598.6
4420,20250601,70,51535.55,1319,32919.53
4421,20250601,71,146764.63,4263,92206.49
4422,20250601,72,56999.47,3249,31417.2
4423,20250601,73,71530.32,3486,40513.06
4424,20250601,74,99463.9,4583,58565.32
4425,20250601,75,206069.25,13672,120671.88
4426,20250601,76,136055.24,3483,93256.16
4427,20250601,77,105888.94,3362,65140.91
4428,20250601,78,185653.85,8610,115813.19
4429,20250601,79,38772.88,1222,22856.14
4430,20250601,80,22817.17,545,14613.53
4431,20250601,81,80480.9,2518,51173.64
4432,20250601,82,65676.62,2696,45333.53
4433,20250601,83,7937.59,375,4986.01
4434,20250601,84,301816.61,7846,172064.09
4435,20250601,85,22730.66,988,13360.02
4436,20250601,86,109834.83,2915,74242.12
4437,20250601,87,29204.63,1169,16069.82
4438,20250601,88,165147.86,5432,113241.78
4439,20250601,89,105702.46,4059,67100.61
4440,20250601,90,93995.98,2731,63457.1
4441,20250601,91,17054.06,645,10622.34
4442,20250601,92,207365.54,8574,136162.31
4443,20250601,93,56911.88,2292,32915.06
4444,20250601,94,108426.62,3434,65527.98
4445,20250601,95,151361.19,4272,91214.76
4446,20250601,96,9420.1,452,5722.16
4447,20250601,97,33110.47,1274,22572.54
4448,20250601,98,72824.06,4192,50180.92
4449,20250601,99,65496.52,1485,36447.8
4450,20250601,100,95723.03,4110,62613.83
4451,20250601,101,15058.58,470,10276.58
4452,20250601,102,187012.68,6662,111637.6
4453,20250601,103,136085.11,5199,89468.44
4454,20250601,104,25739.03,644,15549.61
4455,20250601,105,283353.63,7772,173236.36
4456,20250601,106,59800.55,1828,40394.12
4457,20250601,107,302860.35,8253,168023.19
4458,20250601,108,19934.31,995,11975.17
4459,20250601,109,59777.58,3016,40464.0
4460,20250601,110,48005.8,2506,31704.79
4461,20250601,111,125336.2,3344,75406.13
4462,20250601,112,141741.9,4353,83891.85
4463,20250601,113,83929.86,2542,53692.44
4464,20250601,114,65091.66,1558,38866.05
4465,20250601,115,105175.77,4599,60911.81
4466,20250601,116,67124.49,3180,40993.1
4467,20250601,117,267784.01,12892,174675.43
4468,20250601,118,99748.73,3123,68938.33
4469,20250601,119,90346.24,2147,59024.5
4470,20250601,120,90777.16,3592,55264.29
4471,20250601,121,15651.86,1028,9525.77
4472,20250601,122,50687.31,1548,35183.2
4473,20250601,123,84332.24,3923,50264.19
4474,20250601,124,105535.15,3741,67000.94
4475,20250601,125,29565.61,1374,19111.91
4476,20250601,126,91613.02,3083,62690.88
4477,20250601,127,90087.21,2780,59688.64
4478,20250601,128,72193.91,2901,46411.92
4479,20250601,129,163628.63,9036,111484.2
4480,20250601,130,24152.09,758,15074.28
4481,20250601,131,81197.91,2991,49964.44
4482,20250601,132,46387.23,1472,28997.41
4483,20250601,133,257915.73,8368,147845.61
4484,20250601,134,16499.37,515,9671.51
4485,20250601,135,36991.98,1265,24137.92
4486,20250601,136,95355.19,3182,61687.3
4487,20250601,137,197458.72,5740,110670.19
4488,20250601,138,50277.52,1391,29384.45
4489,20250601,139,35790.47,1351,23759.8
4490,20250601,140,94995.68,3143,64732.99
4491,20250601,141,40070.5,1044,25121.91
4492,20250601,142,46417.08,1227,31543.78
4493,20250601,143,35067.91,877,20479.02
4494,20250601,144,51233.3,1158,29353.48
4495,20250601,145,166103.17,6736,99080.14
4496,20250601,146,24356.65,680,15630.05
4497,20250601,147,118800.04,6822,78359.08
4498,20250601,148,87732.13,2156,56331.14
4499,20250601,149,42988.19,2079,26787.71
4500,20250601,150,105023.38,4466,68156.19
4501,20250701,1,32807.82,1485,20011.08
4502,20250701,2,43158.43,1119,24549.53
4503,20250701,3,37184.15,1354,22135.81
4504,20250701,4,101953.11,5741,66508.12
4505,20250701,5,41871.7,2217,24004.81
4506,20250701,6,104014.12,3171,60969.28
4507,20250701,7,207452.77,5035,130081.57
4508,20250701,8,7693.9,249,5301.68
4509,20250701,9,72096.1,2164,41089.71
4510,20250701,10,190450.11,7353,130163.72
4511,20250701,11,159343.36,7785,108673.03
4512,20250701,12,34905.23,1171,20910.93
4513,20250701,13,27983.19,725,17247.51
4514,20250701,14,148031.32,6288,95906.56
4515,20250701,15,21047.87,799,12425.82
4516,20250701,16,108613.45,2692,70929.85
4517,20250701,17,104647.19,2930,66812.66
4518,20250701,18,64168.09,2568,37244.68
4519,20250701,19,161043.14,3731,96374.57
4520,20250701,20,31360.46,1520,21878.92
4521,20250701,21,89013.25,4353,54521.94
4522,20250701,22,73267.01,3040,49734.24
4523,20250701,23,69012.84,2403,45781.26
4524,20250701,24,68223.11,3458,45969.85
4525,20250701,25,98095.16,2218,54295.87
4526,20250701,26,10070.38,300,6051.17
4527,20250701,27,64531.94,1534,41108.55
4528,20250701,28,10096.95,254,5711.88
4529,20250701,29,39743.78,1139,22920.79
4530,20250701,30,16733.84,770,11398.38
4531,20250701,31,23910.35,583,14900.45
4532,20250701,32,14229.98,368,9079.44
4533,20250701,33,35426.73,968,22055.28
4534,20250701,34,185056.53,4453,102690.29
4535,20250701,35,129204.9,2882,86120.7
4536,20250701,36,92016.22,2109,59943.81
4537,20250701,37,75824.97,2011,43409.53
4538,20250701,38,28685.98,1626,18511.65
4539,20250701,39,148431.44,5404,81923.49
4540,20250701,40,174803.49,8835,98946.78
4541,20250701,41,100277.47,5865,67047.53
4542,20250701,42,159823.3,3793,111291.99
4543,20250701,43,96769.95,5194,60976.69
4544,20250701,44,76680.34,2503,52619.32
4545,20250701,45,108375.45,2582,68526.7
4546,20250701,46,94563.47,2382,54573.8
4547,20250701,47,25921.62,686,15661.28
4548,20250701,48,42819.94,2153,23695.7
4549,20250701,49,74221.36,3229,41142.71
4550,20250701,50,169346.77,6031,113300.65
4551,20250701,51,88979.68,2247,60626.18
4552,20250701,52,92677.08,2401,53303.13
4553,20250701,53,69832.39,3086,45729.71
4554,20250701,54,16507.32,536,9242.25
4555,20250701,55,73986.65,4235,51422.64
4556,20250701,56,94981.62,2809,56039.27
4557,20250701,57,84787.43,1889,58356.04
4558,20250701,58,85212.41,2439,56226.22
4559,20250701,59,77607.84,4497,52719.6
4560,20250701,60,208068.0,4952,122309.28
4561,20250701,61,71022.86,2150,46910.44
4562,20250701,62,70624.0,2508,40733.72
4563,20250701,63,55384.17,1790,32806.48
4564,20250701,64,298644.45,8083,200477.87
4565,20250701,65,86927.42,3982,53777.58
4566,20250701,66,106543.57,6284,73012.14
4567,20250701,67,131535.92,7644,72638.43
4568,20250701,68,33446.35,881,19563.82
4569,20250701,69,8795.04,196,5531.67
4570,20250701,70,56482.04,2235,37114.98
4571,20250701,71,200231.37,5688,139825.29
4572,20250701,72,32479.76,1932,20050.34
4573,20250701,73,80150.78,3741,50054.75
4574,20250701,74,80584.66,2520,52187.67
4575,20250701,75,303205.49,11236,204162.03
4576,20250701,76,57398.21,3685,38517.2
4577,20250701,77,18501.41,462,10781.03
4578,20250701,78,81867.97,3433,53078.36
4579,20250701,79,69671.66,1649,39712.48
4580,20250701,80,20306.85,980,12433.48
4581,20250701,81,49050.43,1435,31748.67
4582,20250701,82,12601.61,332,7145.21
4583,20250701,83,50241.53,1393,28912.59
4584,20250701,84,34619.65,1258,20790.96
4585,20250701,85,158331.77,4390,107037.72
4586,20250701,86,9856.46,345,6848.89
4587,20250701,87,11995.48,304,7399.64
4588,20250701,88,71844.14,2731,43434.4
4589,20250701,89,63550.23,2296,43929.72
4590,20250701,90,99894.15,4084,56263.86
4591,20250701,91,23097.58,1381,15893.07
4592,20250701,92,204578.93,10308,122472.44
4593,20250701,93,31430.92,1229,18649.63
4594,20250701,94,69842.23,1721,43482.0
4595,20250701,95,15026.7,516,8827.22
4596,20250701,96,68020.38,3642,39788.65
4597,20250701,97,45055.47,1269,28474.08
4598,20250701,98,43856.31,1377,28020.09
4599,20250701,99,53370.59,1591,35324.0
4600,20250701,100,150959.69,3411,83320.07
4601,20250701,101,21142.56,485,11649.18
4602,20250701,102,213975.32,6815,124422.12
4603,20250701,103,214058.3,4764,141846.38
4604,20250701,104,16430.99,400,10089.15
4605,20250701,105,58660.58,1375,33247.86
4606,20250701,106,63124.66,3245,37414.73
4607,20250701,107,119292.36,4957,77973.87
4608,20250701,108,102612.49,2569,56532.02
4609,20250701,109,34715.62,2125,20054.76
4610,20250701,110,49354.78,1574,32463.67
4611,20250701,111,145946.41,4581,94381.46
4612,20250701,112,18202.96,574,10428.53
4613,20250701,113,53751.51,1686,33535.25
4614,20250701,114,30442.15,1586,20012.68
4615,20250701,115,65783.63,1917,40721.05
4616,20250701,116,99927.55,2275,59297.59
4617,20250701,117,271363.38,6991,166152.48
4618,20250701,118,27125.17,730,17965.96
4619,20250701,119,53311.06,1933,29562.85
4620,20250701,120,219037.54,13233,147901.63
4621,20250701,121,18850.24,876,10706.07
4622,20250701,122,171949.33,7585,115078.76
4623,20250701,123,59719.64,2327,40884.56
4624,20250701,124,21236.12,888,14563.79
4625,20250701,125,68665.97,1655,42027.6
4626,20250701,126,150715.53,7413,89270.22
4627,20250701,127,108643.64,3999,65402.58
4628,20250701,128,92279.46,5158,53730.26
4629,20250701,129,77934.55,4505,44941.74
4630,20250701,130,138615.29,6153,94305.21
4631,20250701,131,56874.1,1294,39319.55
4632,20250701,132,58543.7,1993,36547.29
4633,20250701,133,60497.89,2793,40985.3
4634,20250701,134,100221.15,3337,62842.02
4635,20250701,135,89703.18,2554,51963.74
4636,20250701,136,15637.1,352,9713.72
4637,20250701,137,109378.21,3594,74494.49
4638,20250701,138,166520.28,3748,98732.9
4639,20250701,139,181779.5,8118,119299.34
4640,20250701,140,88640.61,1984,61876.13
4641,20250701,141,42447.69,1015,29356.53
4642,20250701,142,225660.28,5379,145489.02
4643,20250701,143,36481.37,1932,24044.29
4644,20250701,144,99864.15,2381,62172.2
4645,20250701,145,143376.88,3249,91807.71
4646,20250701,146,58126.91,2637,39310.01
4647,20250701,147,180085.71,10841,100668.41
4648,20250701,148,87775.87,2754,48784.7
4649,20250701,149,44991.61,1185,30193.15
4650,20250701,150,85668.94,2456,54185.47
4651,20250801,1,99353.77,3759,55942.3
4652,20250801,2,18610.15,1183,10820.93
4653,20250801,3,15977.33,377,10525.93
4654,20250801,4,22501.79,628,12743.96
4655,20250801,5,48019.99,2066,26641.34
4656,20250801,6,38866.63,1903,21481.63
4657,20250801,7,142772.38,5557,91416.37
4658,20250801,8,60719.13,1498,34270.25
4659,20250801,9,92346.53,2394,62286.68
4660,20250801,10,192808.01,5977,126986.75
4661,20250801,11,57695.64,2337,34584.4
4662,20250801,12,77521.16,2577,48156.37
4663,20250801,13,10633.86,309,7247.89
4664,20250801,14,25975.15,614,14316.78
4665,20250801,15,38458.58,948,21974.35
4666,20250801,16,13260.79,351,7923.48
4667,20250801,17,66949.35,3241,43702.05
4668,20250801,18,86605.39,2248,54877.45
4669,20250801,19,44232.93,2924,24825.39
4670,20250801,20,64925.38,1990,43625.06
4671,20250801,21,72618.1,3511,41452.27
4672,20250801,22,90864.43,2684,60527.44
4673,20250801,23,18862.94,462,12104.34
4674,20250801,24,90595.06,2185,51569.41
4675,20250801,25,50339.81,1293,30547.35
4676,20250801,26,108423.17,4479,64667.57
4677,20250801,27,44496.03,1467,30854.94
4678,20250801,28,27296.99,943,16186.49
4679,20250801,29,108689.31,4302,62370.17
4680,20250801,30,22151.45,829,14060.94
4681,20250801,31,108987.08,2788,62045.83
4682,20250801,32,53752.35,3030,35599.84
4683,20250801,33,20134.99,1024,11586.56
4684,20250801,34,142994.28,4769,83327.98
4685,20250801,35,169274.92,6678,110404.5
4686,20250801,36,69756.36,2907,41591.88
4687,20250801,37,108701.52,4237,71000.88
4688,20250801,38,74933.62,1677,50989.08
4689,20250801,39,88886.81,3675,53006.28
4690,20250801,40,171216.59,4770,110187.22
4691,20250801,41,108381.83,2440,74343.74
4692,20250801,42,74134.78,3123,47414.05
4693,20250801,43,104074.39,2363,60190.4
4694,20250801,44,73341.37,1833,43690.79
4695,20250801,45,77554.87,2544,49698.37
4696,20250801,46,205215.34,4829,116685.04
4697,20250801,47,100970.06,3187,65822.13
4698,20250801,48,60202.0,2284,41634.71
4699,20250801,49,82021.4,5172,49191.64
4700,20250801,50,47278.35,1142,32429.79
4701,20250801,51,21466.86,617,14978.53
4702,20250801,52,37301.76,1847,23637.32
4703,20250801,53,14252.77,435,8365.63
4704,20250801,54,63546.5,1628,39491.27
4705,20250801,55,21504.04,506,12598.92
4706,20250801,56,62175.22,1468,40990.5
4707,20250801,57,86654.73,2547,49877.42
4708,20250801,58,40588.21,1004,23572.18
4709,20250801,59,32223.63,1268,18822.9
4710,20250801,60,212550.3,6153,132118.72
4711,20250801,61,92823.15,2311,64008.6
4712,20250801,62,35484.04,1039,20359.09
4713,20250801,63,20505.52,687,13748.92
4714,20250801,64,70229.31,3638,49038.05
4715,20250801,65,34751.87,1461,23399.78
4716,20250801,66,39791.37,1338,25951.02
4717,20250801,67,135626.51,6511,86918.22
4718,20250801,68,104637.16,4849,58832.83
4719,20250801,69,64279.2,2303,40488.45
4720,20250801,70,27717.25,902,17901.92
4721,20250801,71,108242.47,4820,70802.53
4722,20250801,72,95644.49,3531,65919.89
4723,20250801,73,63499.34,2848,40246.49
4724,20250801,74,102032.5,2850,57427.68
4725,20250801,75,62758.76,2712,43469.4
4726,20250801,76,131526.01,7492,86519.94
4727,20250801,77,84888.08,1960,58035.21
4728,20250801,78,67304.25,2816,44014.53
4729,20250801,79,105418.44,3053,68801.85
4730,20250801,80,54762.2,3478,33251.11
4731,20250801,81,25577.02,718,15830.31
4732,20250801,82,107564.02,4602,68005.75
4733,20250801,83,95392.83,2128,53916.73
4734,20250801,84,77071.93,2363,45053.23
4735,20250801,85,128685.68,3141,87902.4
4736,20250801,86,68985.82,1607,41195.51
4737,20250801,87,38098.76,852,23961.18
4738,20250801,88,54973.96,1855,31587.45
4739,20250801,89,77726.53,1805,43827.04
4740,20250801,90,68282.84,1687,41719.77
4741,20250801,91,51991.59,1603,33494.37
4742,20250801,92,152087.88,6751,105165.66
4743,20250801,93,63842.36,2273,40644.25
4744,20250801,94,89123.39,3565,58244.73
4745,20250801,95,23584.43,825,14215.37
4746,20250801,96,17990.63,421,12588.44
4747,20250801,97,118120.61,4307,66164.67
4748,20250801,98,7874.95,391,4672.96
4749,20250801,99,94699.59,2722,62101.87
4750,20250801,100,141831.89,7753,98699.95
4751,20250801,101,77607.88,2048,43876.23
4752,20250801,102,39571.77,901,25548.2
4753,20250801,103,182873.33,10799,104361.81
4754,20250801,104,39942.19,2640,27607.92
4755,20250801,105,36734.39,1113,23089.76
4756,20250801,106,90497.2,2388,56706.18
4757,20250801,107,154080.02,6619,89029.12
4758,20250801,108,45930.74,1266,32077.71
4759,20250801,109,20668.29,999,13984.56
4760,20250801,110,106874.19,3520,66273.38
4761,20250801,111,84366.21,1928,47371.93
4762,20250801,112,210316.22,5350,120234.99
4763,20250801,113,55479.48,1488,35496.01
4764,20250801,114,66836.47,3065,46442.47
4765,20250801,115,21886.78,561,15061.09
4766,20250801,116,193586.79,8016,126477.79
4767,20250801,117,58534.23,1447,32554.31
4768,20250801,118,213129.1,6047,121373.03
4769,20250801,119,17846.2,669,11378.62
4770,20250801,120,149909.75,7664,99334.48
4771,20250801,121,77729.79,2397,54182.67
4772,20250801,122,76278.96,3695,46773.37
4773,20250801,123,102669.29,3004,60587.8
4774,20250801,124,35899.45,841,24488.26
4775,20250801,125,25190.03,930,15908.66
4776,20250801,126,183189.41,4489,121501.22
4777,20250801,127,56005.0,2349,31847.68
4778,20250801,128,34056.55,965,21967.48
4779,20250801,129,140765.69,3926,96419.63
4780,20250801,130,205655.36,6200,130512.27
4781,20250801,131,74076.32,1665,50590.55
4782,20250801,132,12803.2,819,7971.59
4783,20250801,133,287573.33,15628,200926.3
4784,20250801,134,100044.45,2523,57637.89
4785,20250801,135,29788.41,1515,16608.41
4786,20250801,136,70999.48,1959,40031.43
4787,20250801,137,111955.14,2746,73724.72
4788,20250801,138,133589.31,3765,91934.57
4789,20250801,139,32546.1,1251,19244.72
4790,20250801,140,81684.18,2691,54509.73
4791,20250801,141,22101.44,900,12836.47
4792,20250801,142,44759.16,1060,25388.49
4793,20250801,143,82559.9,2815,48275.89
4794,20250801,144,31669.35,2107,18412.31
4795,20250801,145,82173.72,2574,49365.51
4796,20250801,146,176180.24,4099,109733.12
4797,20250801,147,62056.18,1501,38684.65
4798,20250801,148,107021.28,3987,65729.94
4799,20250801,149,14120.73,345,8064.23
4800,20250801,150,73813.97,2617,46995.16
4801,20250901,1,36399.45,2052,24412.46
4802,20250901,2,23603.69,773,15893.78
4803,20250901,3,96811.05,4667,57854.39
4804,20250901,4,61751.92,1557,34877.42
4805,20250901,5,68548.84,1673,39613.78
4806,20250901,6,29986.79,1766,18344.2
4807,20250901,7,123873.05,7156,75751.23
4808,20250901,8,102422.45,3236,58352.53
4809,20250901,9,54725.4,2608,33745.46
4810,20250901,10,185212.76,4961,127331.28
4811,20250901,11,109694.37,5355,61204.35
4812,20250901,12,69808.64,1641,46130.23
4813,20250901,13,21305.04,527,13185.18
4814,20250901,14,62542.6,1733,43659.36
4815,20250901,15,52143.33,1782,36063.3
4816,20250901,16,16075.01,929,10997.13
4817,20250901,17,65679.8,1554,40062.97
4818,20250901,18,53139.46,1540,34227.87
4819,20250901,19,87788.87,2104,59177.34
4820,20250901,20,191657.21,5790,119408.18
4821,20250901,21,107958.57,2893,66596.18
4822,20250901,22,8327.16,354,5328.08
4823,20250901,23,22699.73,945,13734.03
4824,20250901,24,43429.07,1238,24552.42
4825,20250901,25,73691.87,1641,42083.2
4826,20250901,26,65405.09,2301,37313.21
4827,20250901,27,34100.71,1504,21859.88
4828,20250901,28,80475.06,4292,55738.57
4829,20250901,29,55554.65,1876,32502.16
4830,20250901,30,55811.55,2687,36281.57
4831,20250901,31,20645.32,730,12308.76
4832,20250901,32,12943.41,692,7606.87
4833,20250901,33,36432.81,1025,25407.38
4834,20250901,34,107333.17,3384,69210.02
4835,20250901,35,34445.44,1147,19809.48
4836,20250901,36,55741.57,1652,35494.95
4837,20250901,37,97518.87,4026,68159.85
4838,20250901,38,67091.26,3688,39627.84
4839,20250901,39,212782.19,6906,146214.39
4840,20250901,40,214475.89,8163,118574.05
4841,20250901,41,27525.66,757,17203.4
4842,20250901,42,216976.19,7870,128436.21
4843,20250901,43,69098.47,1643,46772.77
4844,20250901,44,52215.54,2604,34835.86
4845,20250901,45,11796.15,357,8001.75
4846,20250901,46,160610.73,4704,109637.88
4847,20250901,47,8132.37,379,4735.83
4848,20250901,48,105081.92,4263,58830.16
4849,20250901,49,85771.02,2902,58699.32
4850,20250901,50,138290.41,3465,77219.18
4851,20250901,51,103781.88,3801,70184.48
4852,20250901,52,39394.95,1256,26599.63
4853,20250901,53,60852.76,3910,36663.51
4854,20250901,54,108911.33,3521,64536.83
4855,20250901,55,88674.31,2386,57907.68
4856,20250901,56,66351.58,1508,42621.4
4857,20250901,57,68411.58,3589,42009.31
4858,20250901,58,95814.7,2861,57132.75
4859,20250901,59,16911.58,505,10697.02
4860,20250901,60,42574.56,1505,27576.32
4861,20250901,61,104832.82,5017,68138.82
4862,20250901,62,75329.85,3604,51509.12
4863,20250901,63,42736.93,1426,28964.69
4864,20250901,64,184615.83,7078,121548.71
4865,20250901,65,20057.68,668,13069.85
4866,20250901,66,17115.09,643,10092.66
4867,20250901,67,165737.35,6032,99812.73
4868,20250901,68,61747.24,1981,40090.48
4869,20250901,69,28975.12,897,19903.39
4870,20250901,70,93982.53,3192,60438.4
4871,20250901,71,209721.38,13279,144853.92
4872,20250901,72,97718.79,2822,59228.77
4873,20250901,73,81591.19,2615,46221.02
4874,20250901,74,102668.76,3203,61917.98
4875,20250901,75,163102.9,9646,105929.4
4876,20250901,76,101867.96,4288,64612.4
4877,20250901,77,130059.6,3232,82686.09
4878,20250901,78,43360.37,1001,24978.2
4879,20250901,79,79742.93,2566,48348.17
4880,20250901,80,24262.88,918,14358.03
4881,20250901,81,97461.17,2714,63982.66
4882,20250901,82,18605.04,556,12685.75
4883,20250901,83,72845.06,4644,44358.49
4884,20250901,84,290113.02,16184,173387.68
4885,20250901,85,144136.48,4030,85718.77
4886,20250901,86,107947.7,4822,69452.02
4887,20250901,87,101409.65,2665,69456.52
4888,20250901,88,15951.28,364,10050.07
4889,20250901,89,74573.41,2687,50327.15
4890,20250901,90,199229.34,6372,114288.06
4891,20250901,91,32752.85,2004,20310.65
4892,20250901,92,51154.09,2195,35382.1
4893,20250901,93,48709.63,1426,29017.75
4894,20250901,94,26307.87,942,15508.5
4895,20250901,95,167899.66,3973,117141.88
4896,20250901,96,79556.65,4784,54653.18
4897,20250901,97,30655.35,1029,18870.9
4898,20250901,98,108354.01,4738,64795.76
4899,20250901,99,74889.5,4640,44855.15
4900,20250901,100,274128.97,17974,184526.25
4901,20250901,101,66174.63,1485,38514.3
4902,20250901,102,93560.59,3191,57215.24
4903,20250901,103,34126.02,1372,22732.67
4904,20250901,104,48578.51,1961,30451.27
4905,20250901,105,137059.04,3207,84475.68
4906,20250901,106,92036.71,2538,60802.99
4907,20250901,107,39102.76,2356,26842.58
4908,20250901,108,51809.46,1210,31708.98
4909,20250901,109,49888.24,1829,30576.71
4910,20250901,110,28642.57,1366,17666.51
4911,20250901,111,34804.2,1240,21108.63
4912,20250901,112,34187.99,1121,20330.74
4913,20250901,113,19454.18,685,11316.76
4914,20250901,114,32486.45,1148,18165.2
4915,20250901,115,35425.57,833,22819.29
4916,20250901,116,36693.03,1070,20545.35
4917,20250901,117,28702.87,718,19232.38
4918,20250901,118,161373.04,3854,109400.62
4919,20250901,119,71628.07,3477,41650.98
4920,20250901,120,137725.45,5030,87058.13
4921,20250901,121,10355.1,535,6665.77
4922,20250901,122,33741.55,1198,21147.32
4923,20250901,123,101964.9,3032,60147.52
4924,20250901,124,85348.06,2225,55797.97
4925,20250901,125,83591.11,2200,49514.96
4926,20250901,126,136259.99,3216,87481.23
4927,20250901,127,47021.43,1243,28350.85
4928,20250901,128,46870.9,1941,32583.02
4929,20250901,129,179581.04,4759,102766.11
4930,20250901,130,127319.05,3283,83360.86
4931,20250901,131,91500.98,4107,61691.76
4932,20250901,132,11874.87,390,7506.82
4933,20250901,133,175002.99,8108,122317.61
4934,20250901,134,97301.1,5147,56481.98
4935,20250901,135,45714.32,1072,29411.16
4936,20250901,136,15835.16,457,9710.93
4937,20250901,137,209978.17,5085,116140.52
4938,20250901,138,28996.72,1140,19818.56
4939,20250901,139,86694.12,3807,59840.39
4940,20250901,140,62481.88,2814,40656.61
4941,20250901,141,99361.17,2540,66405.88
4942,20250901,142,135078.45,4190,88211.1
4943,20250901,143,12188.49,392,6784.12
4944,20250901,144,101256.56,2453,59442.79
4945,20250901,145,123819.42,7668,69893.25
4946,20250901,146,204109.28,7636,123710.93
4947,20250901,147,103512.4,3926,70597.87
4948,20250901,148,68986.2,3008,47622.7
4949,20250901,149,27445.45,921,17753.81
4950,20250901,150,78547.47,2465,53877.74
4951,20251001,1,23537.32,1172,14026.25
4952,20251001,2,100416.76,2478,68724.54
4953,20251001,3,81224.8,2066,51217.18
4954,20251001,4,62411.22,3293,36570.2
4955,20251001,5,86767.27,2219,51692.5
4956,20251001,6,70039.0,1984,41047.64
4957,20251001,7,78894.12,2378,52111.62
4958,20251001,8,51601.3,2813,36112.15
4959,20251001,9,20035.2,586,12329.3
4960,20251001,10,128858.72,3000,80526.25
4961,20251001,11,73138.42,3101,47849.87
4962,20251001,12,48832.82,1185,28643.1
4963,20251001,13,11524.14,721,7187.56
4964,20251001,14,164914.9,4522,97649.71
4965,20251001,15,10906.56,266,7470.98
4966,20251001,16,46402.55,1133,31737.48
4967,20251001,17,97831.99,2623,54261.5
4968,20251001,18,9545.0,508,5298.64
4969,20251001,19,94873.33,3074,60173.96
4970,20251001,20,26157.91,1343,17077.48
4971,20251001,21,45118.12,1845,25112.99
4972,20251001,22,75508.45,3462,41737.19
4973,20251001,23,77770.16,3018,47487.92
4974,20251001,24,44170.42,1571,30286.64
4975,20251001,25,28788.35,706,16457.13
4976,20251001,26,24385.96,1140,16211.48
4977,20251001,27,44004.6,1279,27056.98
4978,20251001,28,105014.89,2449,62157.15
4979,20251001,29,54469.13,1297,30884.42
4980,20251001,30,61931.11,2035,40168.72
4981,20251001,31,23127.2,547,14204.88
4982,20251001,32,9681.47,355,5343.11
4983,20251001,33,60693.42,1403,34198.9
4984,20251001,34,190158.41,11970,107583.14
4985,20251001,35,199491.09,7344,135754.83
4986,20251001,36,59963.01,3272,40926.34
4987,20251001,37,35479.47,1118,21080.04
4988,20251001,38,53496.05,2967,37365.82
4989,20251001,39,190546.61,5422,132067.9
4990,20251001,40,164135.61,7882,112133.3
4991,20251001,41,36652.45,855,23450.18
4992,20251001,42,217064.05,6123,126398.61
4993,20251001,43,53764.65,1455,30070.0
4994,20251001,44,51411.88,1388,34255.49
4995,20251001,45,13824.78,365,7972.34
4996,20251001,46,164180.88,4859,109753.54
4997,20251001,47,76017.51,2858,44291.75
4998,20251001,48,42983.99,1071,27213.83
4999,20251001,49,53587.5,1859,36017.83
5000,20251001,50,163099.44,4097,113758.71
5001,20251001,51,88358.45,1977,52820.95
5002,20251001,52,51548.11,1232,28717.98
5003,20251001,53,22695.7,531,15343.02
5004,20251001,54,36191.23,1073,23426.38
5005,20251001,55,73621.87,1646,42574.93
5006,20251001,56,101613.1,2544,70711.1
5007,20251001,57,43234.09,1214,24636.97
5008,20251001,58,109659.55,5256,71774.53
5009,20251001,59,109560.49,3580,74901.0
5010,20251001,60,17155.07,395,11975.39
5011,20251001,61,37864.43,1910,22020.38
5012,20251001,62,27414.54,715,15607.18
5013,20251001,63,87247.21,2939,58577.95
5014,20251001,64,36630.1,1205,25372.32
5015,20251001,65,55170.93,2518,32769.39
5016,20251001,66,51820.48,1491,29484.12
5017,20251001,67,109920.32,3475,73800.87
5018,20251001,68,89903.64,2942,52555.99
5019,20251001,69,12558.83,460,7980.76
5020,20251001,70,88056.37,4528,55046.22
5021,20251001,71,168909.91,5028,116893.62
5022,20251001,72,76662.51,4915,52897.72
5023,20251001,73,57232.53,1915,33771.81
5024,20251001,74,95083.61,3090,55835.57
5025,20251001,75,265283.39,8302,177489.35
5026,20251001,76,135033.56,4294,75151.07
5027,20251001,77,83575.62,2671,50600.25
5028,20251001,78,202825.88,4692,126596.03
5029,20251001,79,56743.0,1934,39641.56
5030,20251001,80,107868.26,3682,73039.75
5031,20251001,81,10387.34,247,6762.16
5032,20251001,82,68107.18,2444,43270.55
5033,20251001,83,38482.48,1507,22606.71
5034,20251001,84,250221.4,9831,155627.11
5035,20251001,85,71654.87,4276,39611.47
5036,20251001,86,70508.8,2828,48604.0
5037,20251001,87,79356.41,5254,44735.36
5038,20251001,88,167570.23,4214,114538.81
5039,20251001,89,150910.29,5358,95033.81
5040,20251001,90,116758.29,4417,67299.1
5041,20251001,91,52820.03,1466,34375.44
5042,20251001,92,127922.86,2886,85826.62
5043,20251001,93,92343.0,2722,56984.58
5044,20251001,94,46765.19,2532,31177.28
5045,20251001,95,108288.61,2736,61402.04
5046,20251001,96,107197.36,7059,72516.41
5047,20251001,97,129357.77,7093,86858.76
5048,20251001,98,60334.72,1741,39740.19
5049,20251001,99,197340.84,8234,123196.08
5050,20251001,100,266930.51,11920,149314.64
5051,20251001,101,76038.45,2331,46189.4
5052,20251001,102,199909.32,5246,114802.05
5053,20251001,103,294976.55,9856,174562.72
5054,20251001,104,94573.78,3288,57434.26
5055,20251001,105,307484.81,7841,174333.75
5056,20251001,106,109901.77,4080,73499.82
5057,20251001,107,173727.42,4209,116153.58
5058,20251001,108,39393.41,2617,25776.18
5059,20251001,109,29954.29,835,20552.64
5060,20251001,110,69042.74,2774,41845.3
5061,20251001,111,140282.68,3444,98079.7
5062,20251001,112,33156.16,776,20152.93
5063,20251001,113,76714.86,2687,46303.89
5064,20251001,114,96895.14,3137,55523.42
5065,20251001,115,18010.69,417,12041.71
5066,20251001,116,98187.18,3979,66618.55
5067,20251001,117,235322.21,9424,145711.05
5068,20251001,118,105284.13,5027,58871.43
5069,20251001,119,46500.12,1829,28808.8
5070,20251001,120,60381.67,1366,40205.94
5071,20251001,121,57950.57,1554,36840.95
5072,20251001,122,81598.64,3805,48586.78
5073,20251001,123,40127.27,1160,23888.57
5074,20251001,124,15777.74,861,9870.55
5075,20251001,125,45340.27,1024,27389.96
5076,20251001,126,56398.69,2507,37421.27
5077,20251001,127,44163.67,1283,26003.69
5078,20251001,128,11878.12,389,7619.46
5079,20251001,129,130728.98,3049,84337.78
5080,20251001,130,207872.6,5827,142942.87
5081,20251001,131,39119.61,1132,25665.59
5082,20251001,132,90048.08,3234,60075.92
5083,20251001,133,27394.43,1578,16559.35
5084,20251001,134,21733.38,611,12313.85
5085,20251001,135,26716.48,1120,18098.55
5086,20251001,136,76474.83,4651,50746.84
5087,20251001,137,122954.94,2966,84391.75
5088,20251001,138,174941.88,6580,115733.18
5089,20251001,139,80080.32,4364,44622.24
5090,20251001,140,73005.71,4652,42069.22
5091,20251001,141,50095.75,1467,28742.36
5092,20251001,142,186074.45,6781,111673.32
5093,20251001,143,27525.13,1173,17552.88
5094,20251001,144,62333.5,2765,40518.02
5095,20251001,145,149952.24,4445,98324.71
5096,20251001,146,52899.98,1177,33838.84
5097,20251001,147,83985.43,4126,46227.9
5098,20251001,148,53881.75,2346,33980.6
5099,20251001,149,107185.15,2616,59450.88
5100,20251001,150,88742.16,3117,54623.18
5101,20251101,1,57056.81,2548,37104.25
5102,20251101,2,83933.31,2030,55516.2
5103,20251101,3,88090.28,1961,59547.72
5104,20251101,4,42497.23,1917,28330.25
5105,20251101,5,98340.43,5566,68056.75
5106,20251101,6,34288.1,1314,19867.83
5107,20251101,7,168893.35,6261,101781.52
5108,20251101,8,48280.22,1134,28180.97
5109,20251101,9,57263.12,1758,38323.81
5110,20251101,10,15918.0,384,10972.83
5111,20251101,11,174477.72,6465,104229.58
5112,20251101,12,57373.61,1280,33521.4
5113,20251101,13,60216.56,1749,35474.16
5114,20251101,14,138664.33,4184,82358.01
5115,20251101,15,106439.08,2539,60319.43
5116,20251101,16,26431.17,925,18109.05
5117,20251101,17,102289.33,3853,62247.06
5118,20251101,18,62057.81,3855,36940.29
5119,20251101,19,41126.58,1103,24287.12
5120,20251101,20,67589.52,3221,42022.13
5121,20251101,21,43796.32,2067,28323.28
5122,20251101,22,57087.42,3311,33550.0
5123,20251101,23,84703.33,1891,53722.92
5124,20251101,24,46811.59,2422,32292.89
5125,20251101,25,73578.81,1890,46350.2
5126,20251101,26,52203.99,3052,30971.25
5127,20251101,27,83600.94,3631,47909.3
5128,20251101,28,66190.26,2821,42064.21
5129,20251101,29,57413.46,1590,33290.14
5130,20251101,30,11556.56,679,6688.0
5131,20251101,31,48961.97,2367,29179.16
5132,20251101,32,41062.27,995,23700.27
5133,20251101,33,8844.89,234,5803.72
5134,20251101,34,41171.91,1757,25852.67
5135,20251101,35,167980.39,7444,103510.94
5136,20251101,36,16003.07,383,9860.46
5137,20251101,37,77363.27,1747,47775.21
5138,20251101,38,88621.76,4842,54517.6
5139,20251101,39,160387.85,3841,96521.67
5140,20251101,40,30811.15,800,18947.86
5141,20251101,41,96150.27,6250,63354.57
5142,20251101,42,195054.22,8216,125239.56
5143,20251101,43,98708.92,3584,68829.73
5144,20251101,44,100265.11,2378,60903.15
5145,20251101,45,27423.67,623,15700.69
5146,20251101,46,152419.15,4680,100892.76
5147,20251101,47,108564.05,5734,60786.93
5148,20251101,48,91132.16,2263,53423.69
5149,20251101,49,73780.46,4293,49962.74
5150,20251101,50,142176.17,4940,81514.93
5151,20251101,51,56187.24,2037,36290.54
5152,20251101,52,51623.75,1212,32326.69
5153,20251101,53,99597.34,6103,63411.53
5154,20251101,54,100531.65,4794,66998.79
5155,20251101,55,23833.6,662,13608.89
5156,20251101,56,30721.5,1143,19281.67
5157,20251101,57,9037.42,405,5962.53
5158,20251101,58,104348.1,2963,61490.82
5159,20251101,59,79540.61,3326,52464.88
5160,20251101,60,187380.56,4352,130499.75
5161,20251101,61,45346.67,1083,25230.28
5162,20251101,62,53653.1,1678,31323.08
5163,20251101,63,39523.56,1019,24869.5
5164,20251101,64,213623.15,8180,125356.27
5165,20251101,65,17881.67,807,10843.43
5166,20251101,66,20368.28,663,11466.06
5167,20251101,67,70226.07,1937,39136.05
5168,20251101,68,84489.02,3524,52570.01
5169,20251101,69,86351.37,2154,54514.68
5170,20251101,70,39292.95,1038,27356.06
5171,20251101,71,186970.84,5599,111042.27
5172,20251101,72,14975.47,670,9103.17
5173,20251101,73,100262.14,3640,56911.95
5174,20251101,74,87023.77,4991,52998.5
5175,20251101,75,175099.77,9446,104351.99
5176,20251101,76,22541.82,1215,12633.1
5177,20251101,77,62814.82,2551,40207.73
5178,20251101,78,149167.64,3391,84698.2
5179,20251101,79,34257.11,1943,20367.08
5180,20251101,80,103904.85,3255,64399.88
5181,20251101,81,30222.06,1148,18527.2
5182,20251101,82,11619.46,399,8114.97
5183,20251101,83,61222.15,2299,38577.66
5184,20251101,84,213599.16,5147,135699.82
5185,20251101,85,168696.35,4545,103569.81
5186,20251101,86,29470.74,669,19633.53
5187,20251101,87,11777.56,460,7158.07
5188,20251101,88,162117.9,5364,110985.61
5189,20251101,89,183093.09,4385,125546.0
5190,20251101,90,148454.38,4681,82872.33
5191,20251101,91,50090.78,2396,28329.27
5192,20251101,92,69558.97,1716,39749.03
5193,20251101,93,40714.58,1054,25781.73
5194,20251101,94,56584.42,1387,37706.89
5195,20251101,95,128455.4,7307,88927.5
5196,20251101,96,24610.22,622,13945.32
5197,20251101,97,118974.99,2987,77818.54
5198,20251101,98,46850.34,1893,28162.43
5199,20251101,99,87381.26,3371,50700.67
5200,20251101,100,80391.32,3291,44321.08
5201,20251101,101,84105.06,2088,46592.21
5202,20251101,102,157437.55,9539,93040.96
5203,20251101,103,221218.49,13197,152469.2
5204,20251101,104,38508.17,1999,21788.2
5205,20251101,105,277035.88,11022,191773.64
5206,20251101,106,65269.71,2505,35954.15
5207,20251101,107,23757.5,565,13810.17
5208,20251101,108,75118.77,2285,43100.17
5209,20251101,109,11583.68,305,7318.23
5210,20251101,110,46719.67,1148,29361.0
5211,20251101,111,68450.42,3250,39414.38
5212,20251101,112,113130.77,3901,77243.73
5213,20251101,113,56661.57,1942,34391.12
5214,20251101,114,30626.57,1067,17891.9
5215,20251101,115,12910.03,591,7583.33
5216,20251101,116,163976.14,7142,96867.25
5217,20251101,117,22585.69,528,14882.1
5218,20251101,118,160938.1,3783,90685.46
5219,20251101,119,46394.98,1218,28970.05
5220,20251101,120,121338.63,7137,83291.56
5221,20251101,121,25239.9,761,13903.08
5222,20251101,122,113662.71,6184,76305.76
5223,20251101,123,90402.09,2797,58407.35
5224,20251101,124,9697.04,358,6617.42
5225,20251101,125,74961.54,2222,43131.7
5226,20251101,126,75961.78,4129,49776.38
5227,20251101,127,88390.16,2395,58852.01
5228,20251101,128,91830.14,3472,55301.67
5229,20251101,129,128420.96,4307,71984.63
5230,20251101,130,184884.85,4778,117161.71
5231,20251101,131,78510.03,3085,49060.5
5232,20251101,132,41584.79,937,28736.34
5233,20251101,133,142945.6,3204,89418.06
5234,20251101,134,48400.4,1198,29800.68
5235,20251101,135,71260.74,1890,47433.18
5236,20251101,136,72654.69,3011,41467.84
5237,20251101,137,190610.75,12366,108063.2
5238,20251101,138,116326.01,2633,68168.42
5239,20251101,139,151680.44,4765,91980.88
5240,20251101,140,67034.45,3983,39485.2
5241,20251101,141,96996.36,4618,67867.21
5242,20251101,142,228350.07,14549,143111.83
5243,20251101,143,22372.82,667,15444.61
5244,20251101,144,104868.47,4319,62549.27
5245,20251101,145,107471.49,6321,59222.91
5246,20251101,146,138264.08,3874,84950.07
5247,20251101,147,149898.93,5732,89374.02
5248,20251101,148,106656.13,2556,72900.23
5249,20251101,149,76818.75,2024,45979.1
5250,20251101,150,55287.11,1393,35689.24
5251,20251201,1,101319.19,3638,56891.28
5252,20251201,2,63144.31,1428,42706.97
5253,20251201,3,51799.28,1620,33478.41
5254,20251201,4,50730.9,1564,32869.31
5255,20251201,5,34346.73,2206,21782.55
5256,20251201,6,82741.4,4229,51428.81
5257,20251201,7,195445.35,7409,128697.97
5258,20251201,8,106675.79,4104,59619.02
5259,20251201,9,106092.85,2659,70667.37
5260,20251201,10,211852.55,5119,145070.86
5261,20251201,11,86995.82,4462,48398.54
5262,20251201,12,34789.16,909,21188.21
5263,20251201,13,38752.28,1386,21452.91
5264,20251201,14,130552.76,3876,84074.45
5265,20251201,15,90392.19,2818,60553.15
5266,20251201,16,66123.26,3967,45940.05
5267,20251201,17,66470.24,4167,40405.01
5268,20251201,18,25002.41,1385,14383.79
5269,20251201,19,108816.51,6694,71069.42
5270,20251201,20,32058.24,953,21099.99
5271,20251201,21,28190.02,656,16809.22
5272,20251201,22,47189.72,1633,31206.09
5273,20251201,23,47000.29,2161,28467.98
5274,20251201,24,33535.11,1853,22025.59
5275,20251201,25,9879.4,373,6300.81
5276,20251201,26,91128.15,3209,63638.46
5277,20251201,27,12519.93,385,8348.04
5278,20251201,28,52519.07,1736,32037.74
5279,20251201,29,83170.99,2523,50038.0
5280,20251201,30,88882.47,2568,49351.9
5281,20251201,31,18500.18,806,11333.12
5282,20251201,32,71775.93,3252,44751.69
5283,20251201,33,38716.48,1929,25132.18
5284,20251201,34,114930.9,3503,68228.27
5285,20251201,35,73030.87,2235,43944.64
5286,20251201,36,99734.27,3538,60551.37
5287,20251201,37,85633.11,2700,49316.37
5288,20251201,38,16471.02,1052,10130.74
5289,20251201,39,26468.31,639,17051.73
5290,20251201,40,38344.56,1751,22271.26
5291,20251201,41,89628.45,3350,57041.87
5292,20251201,42,98489.93,4030,56632.44
5293,20251201,43,53068.89,1530,34131.22
5294,20251201,44,98303.59,4265,60612.63
5295,20251201,45,23463.86,810,14670.08
5296,20251201,46,141069.26,7884,79603.41
5297,20251201,47,97095.0,3110,55870.29
5298,20251201,48,107728.72,4394,72846.92
5299,20251201,49,26766.17,1438,18448.28
5300,20251201,50,55188.07,2486,31886.13
5301,20251201,51,18578.76,507,12076.38
5302,20251201,52,43580.6,1249,24718.43
5303,20251201,53,67528.3,2258,44682.2
5304,20251201,54,107717.05,4374,73536.38
5305,20251201,55,35648.51,1026,21538.92
5306,20251201,56,92949.34,5473,58894.18
5307,20251201,57,87364.16,2455,48219.69
5308,20251201,58,13822.96,563,9596.2
5309,20251201,59,78617.49,3570,44003.57
5310,20251201,60,109186.43,5152,72300.65
5311,20251201,61,28883.88,818,18493.22
5312,20251201,62,29928.21,923,19558.48
5313,20251201,63,14764.17,973,9528.88
5314,20251201,64,276116.54,17255,175785.03
5315,20251201,65,17617.78,441,10028.23
5316,20251201,66,84803.14,4526,58324.4
5317,20251201,67,43186.44,1896,26532.37
5318,20251201,68,86618.95,4055,57704.58
5319,20251201,69,42049.48,2503,28171.98
5320,20251201,70,27587.25,797,16955.8
5321,20251201,71,49412.73,2860,33321.79
5322,20251201,72,12443.65,301,7855.92
5323,20251201,73,64652.67,2155,41117.64
5324,20251201,74,52863.85,2074,29445.94
5325,20251201,75,156907.6,4025,103906.66
5326,20251201,76,105841.91,5685,62398.66
5327,20251201,77,76409.42,2303,49680.92
5328,20251201,78,145505.97,4437,87769.68
5329,20251201,79,41503.84,1899,28897.97
5330,20251201,80,12824.98,471,7287.48
5331,20251201,81,21016.71,593,14620.67
5332,20251201,82,47829.46,1249,30250.67
5333,20251201,83,21799.54,710,15071.71
5334,20251201,84,150323.63,3592,93462.81
5335,20251201,85,112622.27,6462,68171.43
5336,20251201,86,30616.49,848,18115.77
5337,20251201,87,108223.38,4968,68054.58
5338,20251201,88,44776.21,2395,30054.27
5339,20251201,89,107936.81,2985,63048.67
5340,20251201,90,162963.75,4728,108848.33
5341,20251201,91,22456.3,990,15431.82
5342,20251201,92,22271.42,692,14811.55
5343,20251201,93,12980.53,361,8240.63
5344,20251201,94,76697.83,1800,51180.24
5345,20251201,95,65398.49,2143,37754.81
5346,20251201,96,92167.05,6000,62814.63
5347,20251201,97,152503.9,9364,86986.15
5348,20251201,98,14418.83,619,9121.13
5349,20251201,99,34864.29,2095,21626.52
5350,20251201,100,172426.96,9966,100281.35
5351,20251201,101,61480.14,1421,38846.14
5352,20251201,102,188845.12,7605,120330.63
5353,20251201,103,58195.43,1568,35461.8
5354,20251201,104,75746.89,1780,47731.81
5355,20251201,105,226285.86,12312,134951.49
5356,20251201,106,48996.96,2359,32164.71
5357,20251201,107,284632.39,7005,196318.4
5358,20251201,108,15877.69,376,11097.47
5359,20251201,109,30283.16,1382,17995.07
5360,20251201,110,102130.26,3294,64263.81
5361,20251201,111,124533.01,3234,79023.01
5362,20251201,112,20965.53,482,12861.45
5363,20251201,113,86559.97,2175,51861.24
5364,20251201,114,25578.58,606,14961.65
5365,20251201,115,68195.29,2556,44382.42
5366,20251201,116,108189.64,4584,74107.14
5367,20251201,117,94359.01,2113,54464.83
5368,20251201,118,218115.41,5536,140606.91
5369,20251201,119,74169.05,2103,40998.98
5370,20251201,120,131319.45,4983,91827.75
5371,20251201,121,48057.73,1262,32154.41
5372,20251201,122,124432.67,5167,84342.9
5373,20251201,123,50593.86,1359,28330.16
5374,20251201,124,89903.68,3159,58298.69
5375,20251201,125,96457.6,4929,56469.61
5376,20251201,126,166779.39,6300,94382.06
5377,20251201,127,95514.07,3632,62878.5
5378,20251201,128,77774.68,1841,49956.78
5379,20251201,129,23734.59,971,16601.06
5380,20251201,130,57716.52,1295,39516.5
5381,20251201,131,9854.9,334,5469.69
5382,20251201,132,102518.27,2475,66256.22
5383,20251201,133,267311.62,16894,150422.47
5384,20251201,134,69055.79,2766,45335.35
5385,20251201,135,52143.9,1250,35638.15
5386,20251201,136,66069.41,1955,39158.89
5387,20251201,137,154370.76,7105,84930.75
5388,20251201,138,59288.43,3949,36206.72
5389,20251201,139,56439.96,1714,32873.66
5390,20251201,140,85291.4,1920,51093.46
5391,20251201,141,105777.4,4061,66087.19
5392,20251201,142,161431.35,5140,91728.72
5393,20251201,143,56672.35,2210,33349.76
5394,20251201,144,75727.57,4361,52003.01
5395,20251201,145,82211.47,5272,48055.18
5396,20251201,146,17734.84,491,11429.06
5397,20251201,147,203597.48,5940,120356.77
5398,20251201,148,76684.58,2730,48155.5
5399,20251201,149,98843.1,3543,67905.53
5400,20251201,150,22515.82,506,15561.84
5401,20260101,1,67611.74,2707,42677.85
5402,20260101,2,15880.29,608,10567.82
5403,20260101,3,57890.68,2103,34432.88
5404,20260101,4,107429.8,3189,64523.65
5405,20260101,5,13389.08,485,8370.55
5406,20260101,6,63860.79,1718,40582.14
5407,20260101,7,141406.73,5925,84548.94
5408,20260101,8,45514.13,1093,27004.92
5409,20260101,9,32997.36,1303,19561.91
5410,20260101,10,112611.89,3389,63946.09
5411,20260101,11,125818.56,3064,69293.0
5412,20260101,12,53439.68,1268,31268.11
5413,20260101,13,88920.99,3954,55647.42
5414,20260101,14,109748.0,2440,70350.62
5415,20260101,15,61294.99,2926,38707.78
5416,20260101,16,39348.1,1174,22110.13
5417,20260101,17,78719.2,1872,45293.24
5418,20260101,18,101365.26,2431,63990.93
5419,20260101,19,206267.43,5021,119700.54
5420,20260101,20,88699.96,2073,52570.4
5421,20260101,21,108693.93,3485,62344.68
5422,20260101,22,31362.15,1780,18223.89
5423,20260101,23,85922.94,2335,58004.05
5424,20260101,24,67779.29,2475,37346.31
5425,20260101,25,24533.79,599,16625.18
5426,20260101,26,37842.32,1821,25944.84
5427,20260101,27,98965.65,3276,66129.77
5428,20260101,28,103951.58,2602,66457.64
5429,20260101,29,61738.77,3229,36052.08
5430,20260101,30,40174.96,1131,26629.98
5431,20260101,31,68898.47,3047,38892.78
5432,20260101,32,50990.73,1291,33609.13
5433,20260101,33,99943.46,2247,64942.56
5434,20260101,34,123012.89,2893,78894.08
5435,20260101,35,97187.2,6205,67527.13
5436,20260101,36,58559.42,1984,38426.61
5437,20260101,37,71452.46,2662,41906.86
5438,20260101,38,14797.16,595,9646.82
5439,20260101,39,213706.65,6123,122527.81
5440,20260101,40,120481.5,6781,66432.53
5441,20260101,41,45788.38,2037,25911.31
5442,20260101,42,161826.11,5688,106636.01
5443,20260101,43,22762.34,769,14559.47
5444,20260101,44,50491.86,1667,31743.53
5445,20260101,45,37404.67,1281,22465.61
5446,20260101,46,23768.16,1512,13801.37
5447,20260101,47,88327.29,4727,49530.54
5448,20260101,48,12531.02,346,7840.66
5449,20260101,49,30475.87,1846,21276.68
5450,20260101,50,105705.3,3767,69647.69
5451,20260101,51,51750.16,1883,31472.16
5452,20260101,52,73178.85,1784,51098.42
5453,20260101,53,100237.3,3692,63485.98
5454,20260101,54,17200.64,883,10195.52
5455,20260101,55,92591.38,4183,55410.73
5456,20260101,56,101504.54,2415,57369.1
5457,20260101,57,87507.76,2892,53474.86
5458,20260101,58,90353.68,4739,49766.0
5459,20260101,59,81176.65,2330,51298.21
5460,20260101,60,39335.64,1452,25721.31
5461,20260101,61,22407.22,863,13894.09
5462,20260101,62,62231.25,1693,36912.71
5463,20260101,63,96060.47,2764,57324.9
5464,20260101,64,72544.74,3560,45639.94
5465,20260101,65,68353.11,2652,43645.5
5466,20260101,66,100989.91,4588,59800.68
5467,20260101,67,30345.71,948,17572.97
5468,20260101,68,46484.73,1298,27472.35
5469,20260101,69,103236.12,5382,65378.86
5470,20260101,70,66882.32,2987,40851.78
5471,20260101,71,212377.39,4993,137753.61
5472,20260101,72,61421.42,3282,39651.42
5473,20260101,73,54405.3,1613,34459.13
5474,20260101,74,31097.87,1156,21150.66
5475,20260101,75,48753.9,2297,32891.35
5476,20260101,76,213555.73,11096,124545.92
5477,20260101,77,47881.78,2408,33223.11
5478,20260101,78,44799.04,1967,25477.6
5479,20260101,79,58959.72,1487,38589.22
5480,20260101,80,92803.72,4300,63567.81
5481,20260101,81,84600.57,2993,58575.73
5482,20260101,82,57576.84,2475,36891.2
5483,20260101,83,55929.46,2112,31104.11
5484,20260101,84,71238.5,2551,47071.99
5485,20260101,85,146751.78,4128,99834.41
5486,20260101,86,57691.47,1520,37368.55
5487,20260101,87,95631.65,5110,65308.23
5488,20260101,88,63361.1,3493,42860.65
5489,20260101,89,114719.5,2622,70988.71
5490,20260101,90,102811.32,3075,65625.25
5491,20260101,91,31722.9,1201,18486.59
5492,20260101,92,165109.0,7272,101909.24
5493,20260101,93,98270.24,2919,66794.59
5494,20260101,94,103968.26,2702,66427.48
5495,20260101,95,42384.31,1607,26526.01
5496,20260101,96,85187.0,3783,54031.91
5497,20260101,97,61208.76,1978,37758.85
5498,20260101,98,47264.76,2069,31220.64
5499,20260101,99,163838.59,3691,106492.19
5500,20260101,100,162889.89,9026,97125.19
5501,20260101,101,108457.16,2841,61475.32
5502,20260101,102,130954.23,5493,83576.02
5503,20260101,103,59430.98,3010,39462.07
5504,20260101,104,11721.54,445,6719.65
5505,20260101,105,104773.0,6381,65653.53
5506,20260101,106,92564.8,2475,55322.98
5507,20260101,107,119917.93,3087,76227.79
5508,20260101,108,9179.7,326,6146.02
5509,20260101,109,12745.37,659,8615.09
5510,20260101,110,48065.28,1323,31984.97
5511,20260101,111,219110.2,12121,149782.41
5512,20260101,112,66843.03,2442,36995.12
5513,20260101,113,83135.36,2126,53675.95
5514,20260101,114,62003.31,1383,39153.8
5515,20260101,115,85453.89,5664,51377.55
5516,20260101,116,203685.97,5559,115898.05
5517,20260101,117,125817.42,7020,74323.75
5518,20260101,118,35248.8,1390,20143.47
5519,20260101,119,61816.18,2730,39111.93
5520,20260101,120,95361.58,2330,62873.9
5521,20260101,121,54380.76,1410,35495.27
5522,20260101,122,47204.54,1282,30506.31
5523,20260101,123,105026.52,2341,69073.81
5524,20260101,124,44351.04,1059,24804.68
5525,20260101,125,14363.0,402,8274.79
5526,20260101,126,80370.88,5131,52358.08
5527,20260101,127,38887.17,1010,25867.88
5528,20260101,128,51727.79,1517,28450.52
5529,20260101,129,153006.82,3886,91074.22
5530,20260101,130,126564.71,3006,69954.56
5531,20260101,131,52559.06,1356,33473.32
5532,20260101,132,103867.96,2764,59540.19
5533,20260101,133,292499.03,16182,163208.72
5534,20260101,134,84848.12,1951,56284.4
5535,20260101,135,87945.69,3593,50949.59
5536,20260101,136,65972.92,2664,39628.41
5537,20260101,137,124895.03,3454,84163.89
5538,20260101,138,64437.73,1571,40378.84
5539,20260101,139,21726.81,832,13629.59
5540,20260101,140,30621.81,719,20467.57
5541,20260101,141,8041.06,410,4812.9
5542,20260101,142,108106.68,3775,69717.78
5543,20260101,143,15960.18,408,8881.71
5544,20260101,144,10218.09,595,6493.25
5545,20260101,145,125233.1,3340,76184.1
5546,20260101,146,26640.57,680,16489.15
5547,20260101,147,90733.68,2291,58073.44
5548,20260101,148,103526.54,4046,63476.71
5549,20260101,149,19079.4,489,10708.78
5550,20260101,150,36282.9,1261,22921.83
5551,20260201,1,106060.38,2705,64233.74
5552,20260201,2,19842.49,767,11021.91
5553,20260201,3,50357.85,1408,32040.48
5554,20260201,4,61814.18,1804,37829.0
5555,20260201,5,24842.5,1262,16692.98
5556,20260201,6,42167.33,1588,26755.3
5557,20260201,7,119131.02,3306,72572.73
5558,20260201,8,27749.79,1417,15644.58
5559,20260201,9,93664.31,2465,55960.42
5560,20260201,10,36149.86,932,22440.71
5561,20260201,11,183539.28,7881,125968.25
5562,20260201,12,51918.38,1280,33554.9
5563,20260201,13,72730.65,2050,45664.51
5564,20260201,14,42728.26,1108,28134.29
5565,20260201,15,36885.83,844,24231.46
5566,20260201,16,96086.15,2453,54049.15
5567,20260201,17,54406.75,1593,35977.82
5568,20260201,18,16843.78,480,10221.26
5569,20260201,19,106787.44,3955,64699.52
5570,20260201,20,94090.6,3651,65298.07
5571,20260201,21,23747.56,593,15486.41
5572,20260201,22,58429.22,3482,37220.37
5573,20260201,23,59352.66,1951,36779.32
5574,20260201,24,34170.85,1779,22671.63
5575,20260201,25,31961.63,1185,19374.91
5576,20260201,26,50519.99,1314,31869.88
5577,20260201,27,46633.58,1124,31025.91
5578,20260201,28,80694.01,4956,54609.26
5579,20260201,29,66667.45,1591,45518.3
5580,20260201,30,35424.28,843,19866.69
5581,20260201,31,22098.56,572,12510.7
5582,20260201,32,91488.8,2590,58314.07
5583,20260201,33,66373.9,1495,40512.4
5584,20260201,34,91047.59,3767,61983.64
5585,20260201,35,72949.46,3215,46966.83
5586,20260201,36,101682.55,3132,56294.91
5587,20260201,37,43399.67,2112,29015.57
5588,20260201,38,26382.36,594,17000.99
5589,20260201,39,155212.9,5043,99916.8
5590,20260201,40,118106.0,3676,68169.15
5591,20260201,41,23770.09,1071,14168.8
5592,20260201,42,36129.74,1046,23185.42
5593,20260201,43,109400.19,2950,61289.93
5594,20260201,44,57744.64,3119,39842.15
5595,20260201,45,45963.77,1289,27196.25
5596,20260201,46,19754.92,732,13496.21
5597,20260201,47,68541.72,2364,40759.19
5598,20260201,48,38810.69,959,26282.42
5599,20260201,49,62092.56,3701,41786.84
5600,20260201,50,164735.44,5609,108993.67
5601,20260201,51,68367.31,2280,38605.35
5602,20260201,52,48799.3,2500,33159.6
5603,20260201,53,90983.83,2070,60570.36
5604,20260201,54,27756.36,646,18654.65
5605,20260201,55,95032.75,2345,65390.29
5606,20260201,56,13019.72,343,8908.5
5607,20260201,57,85212.04,4785,49895.43
5608,20260201,58,51522.95,1201,31273.56
5609,20260201,59,28489.38,950,18971.17
5610,20260201,60,174645.72,7413,101278.78
5611,20260201,61,100688.72,3463,61267.96
5612,20260201,62,58759.16,1625,38451.93
5613,20260201,63,93864.01,2832,58047.24
5614,20260201,64,138392.59,5498,85110.3
5615,20260201,65,24397.67,1367,15719.04
5616,20260201,66,35956.3,1057,21031.49
5617,20260201,67,153422.2,5585,96604.72
5618,20260201,68,100958.99,4668,58710.62
5619,20260201,69,85493.81,3623,52217.39
5620,20260201,70,78689.97,4785,52080.75
5621,20260201,71,41545.87,1012,28947.1
5622,20260201,72,14943.55,743,10262.24
5623,20260201,73,53603.24,1374,32263.65
5624,20260201,74,62319.02,4131,39188.95
5625,20260201,75,260905.01,12454,147360.38
5626,20260201,76,53905.5,1785,31174.78
5627,20260201,77,147886.27,3695,93261.24
5628,20260201,78,126578.66,7501,85013.86
5629,20260201,79,17660.51,633,10226.21
5630,20260201,80,82520.3,3151,49989.92
5631,20260201,81,74965.86,1706,44152.24
5632,20260201,82,38257.73,1206,25123.05
5633,20260201,83,14879.21,453,10087.54
5634,20260201,84,230779.61,11143,150797.36
5635,20260201,85,125569.33,3918,79314.89
5636,20260201,86,66136.87,1470,39975.36
5637,20260201,87,36468.72,1096,23295.32
5638,20260201,88,116625.96,3519,76522.69
5639,20260201,89,188996.89,8112,115536.99
5640,20260201,90,213453.48,5513,139712.84
5641,20260201,91,46497.52,2932,27828.77
5642,20260201,92,63375.08,1622,41323.78
5643,20260201,93,68175.27,4008,47656.73
5644,20260201,94,102523.86,2349,69364.52
5645,20260201,95,188012.78,7329,112826.76
5646,20260201,96,88934.88,3029,53151.62
5647,20260201,97,47330.12,1805,31141.21
5648,20260201,98,22952.18,1086,14064.1
5649,20260201,99,204138.35,8751,138015.13
5650,20260201,100,183962.87,8525,127115.68
5651,20260201,101,69016.55,2941,44106.88
5652,20260201,102,135596.94,3375,91820.23
5653,20260201,103,242820.46,6196,158072.45
5654,20260201,104,87649.29,3924,53427.26
5655,20260201,105,53734.93,2332,31054.8
5656,20260201,106,66926.75,2564,40553.89
5657,20260201,107,71112.38,2071,44836.18
5658,20260201,108,79866.07,2056,45267.71
5659,20260201,109,52936.44,1355,33555.13
5660,20260201,110,75197.31,2592,47660.2
5661,20260201,111,56269.01,2347,31762.77
5662,20260201,112,210142.87,4694,117323.94
5663,20260201,113,77763.45,1774,43028.64
5664,20260201,114,29123.6,673,19246.64
5665,20260201,115,99829.71,4512,66449.95
5666,20260201,116,62164.1,1454,35674.0
5667,20260201,117,208309.73,7311,118084.96
5668,20260201,118,48382.88,1520,29098.64
5669,20260201,119,27008.45,1134,15889.29
5670,20260201,120,33675.0,1271,22973.06
5671,20260201,121,74081.07,2725,45545.93
5672,20260201,122,82804.66,4123,54956.44
5673,20260201,123,26251.19,680,17613.15
5674,20260201,124,11664.15,293,7826.39
5675,20260201,125,46480.55,1315,27097.03
5676,20260201,126,92972.62,4480,63028.95
5677,20260201,127,22198.06,735,12625.32
5678,20260201,128,81057.08,4828,54218.16
5679,20260201,129,167079.31,8753,97917.0
5680,20260201,130,28482.35,868,18932.13
5681,20260201,131,80877.48,2901,52477.71
5682,20260201,132,56368.59,3270,31969.18
5683,20260201,133,290685.26,8281,172012.01
5684,20260201,134,41352.26,1712,25541.62
5685,20260201,135,42333.96,1559,27208.14
5686,20260201,136,94988.75,2924,63264.05
5687,20260201,137,102941.39,2543,69748.61
5688,20260201,138,167705.71,5981,117112.0
5689,20260201,139,51058.47,1156,29934.24
5690,20260201,140,60823.24,2153,41393.11
5691,20260201,141,64134.21,2133,39364.89
5692,20260201,142,26324.31,1067,15576.74
5693,20260201,143,23173.12,834,15103.82
5694,20260201,144,68967.8,2095,43292.93
5695,20260201,145,74127.21,2766,47595.6
5696,20260201,146,112651.93,6399,62123.49
5697,20260201,147,147356.67,3592,89534.61
5698,20260201,148,58081.83,3025,36038.92
5699,20260201,149,55411.47,2829,37884.47
5700,20260201,150,93231.28,4288,61497.58
5701,20260301,1,81449.26,2785,49322.24
5702,20260301,2,95996.45,2192,62116.53
5703,20260301,3,76899.94,3874,45806.84
5704,20260301,4,65719.31,1473,43208.47
5705,20260301,5,79732.01,2466,45645.31
5706,20260301,6,69203.05,1934,42655.93
5707,20260301,7,117698.35,4456,82287.43
5708,20260301,8,59835.25,2369,35409.82
5709,20260301,9,85497.93,3678,56887.15
5710,20260301,10,146008.04,4105,89143.71
5711,20260301,11,147548.65,8442,87700.78
5712,20260301,12,60159.7,2010,41805.18
5713,20260301,13,33290.91,929,19178.51
5714,20260301,14,101773.57,4871,60397.36
5715,20260301,15,47797.45,1250,29434.96
5716,20260301,16,60370.41,3949,39269.43
5717,20260301,17,46670.2,1136,27067.94
5718,20260301,18,17898.01,1000,11295.32
5719,20260301,19,191869.31,5719,131434.07
5720,20260301,20,96273.41,2651,59979.62
5721,20260301,21,23825.14,665,15120.48
5722,20260301,22,20808.37,745,13146.74
5723,20260301,23,55829.14,2229,33373.37
5724,20260301,24,27158.22,717,16865.9
5725,20260301,25,49971.15,1315,33184.61
5726,20260301,26,102163.1,3087,64133.86
5727,20260301,27,98836.14,4337,56533.62
5728,20260301,28,74327.16,2812,48266.92
5729,20260301,29,14465.9,347,9897.33
5730,20260301,30,47923.44,1947,28433.02
5731,20260301,31,41840.31,1332,25356.45
5732,20260301,32,50932.77,1551,35378.48
5733,20260301,33,103143.43,2575,67515.84
5734,20260301,34,207644.51,4906,126476.38
5735,20260301,35,110064.6,3416,70279.41
5736,20260301,36,27621.4,1132,17098.78
5737,20260301,37,72717.25,3401,47146.59
5738,20260301,38,102271.92,2980,60680.14
5739,20260301,39,54064.08,1974,34654.17
5740,20260301,40,272920.32,14598,150233.86
5741,20260301,41,43506.59,1782,26964.46
5742,20260301,42,110118.45,4520,71395.52
5743,20260301,43,50510.38,1457,29210.52
5744,20260301,44,22476.63,1186,15133.63
5745,20260301,45,93218.31,5797,61219.5
5746,20260301,46,49677.9,2502,31166.58
5747,20260301,47,103330.69,3826,63412.08
5748,20260301,48,76740.53,4218,51089.54
5749,20260301,49,97331.42,2681,53881.37
5750,20260301,50,116147.21,4918,77158.81
5751,20260301,51,72943.43,2388,40563.83
5752,20260301,52,57159.7,1490,31994.46
5753,20260301,53,78994.13,2110,50422.94
5754,20260301,54,13797.39,336,8071.06
5755,20260301,55,80061.17,1930,45669.87
5756,20260301,56,11553.36,327,6414.34
5757,20260301,57,95792.0,3039,56297.25
5758,20260301,58,36867.28,1545,20547.96
5759,20260301,59,53180.86,1219,30082.6
5760,20260301,60,21629.47,1410,14645.92
5761,20260301,61,82157.07,3355,46367.12
5762,20260301,62,64529.72,1530,37353.18
5763,20260301,63,45911.57,1291,26160.42
5764,20260301,64,287118.75,7389,161885.16
5765,20260301,65,11885.93,272,6976.26
5766,20260301,66,35437.26,1497,20565.13
5767,20260301,67,33053.22,1486,18758.0
5768,20260301,68,48277.32,3080,31844.69
5769,20260301,69,100226.05,3048,66890.4
5770,20260301,70,33710.16,1043,19647.77
5771,20260301,71,168571.8,9914,111300.52
5772,20260301,72,97111.91,2336,57354.6
5773,20260301,73,8020.1,285,5364.16
5774,20260301,74,20736.0,482,11704.54
5775,20260301,75,144437.11,5133,80039.88
5776,20260301,76,137581.73,3184,89787.95
5777,20260301,77,63712.21,2599,40854.9
5778,20260301,78,194659.12,6949,129188.42
5779,20260301,79,35697.19,1397,23114.89
5780,20260301,80,9752.42,238,5591.82
5781,20260301,81,51819.24,3317,28554.31
5782,20260301,82,71146.84,2024,41294.38
5783,20260301,83,10352.51,421,5755.0
5784,20260301,84,84954.22,5473,53399.6
5785,20260301,85,152098.76,4374,99227.72
5786,20260301,86,90997.01,3166,53514.6
5787,20260301,87,93259.03,2463,64267.86
5788,20260301,88,72874.43,2519,46855.17
5789,20260301,89,46157.38,1476,27836.58
5790,20260301,90,94059.43,5462,57585.48
5791,20260301,91,37276.09,1478,21673.31
5792,20260301,92,109222.05,3759,62722.33
5793,20260301,93,74275.86,3776,41584.94
5794,20260301,94,65436.74,2940,40279.56
5795,20260301,95,91456.45,2500,60725.19
5796,20260301,96,56246.37,1899,33396.99
5797,20260301,97,196960.68,5515,117972.96
5798,20260301,98,78845.03,2411,49624.44
5799,20260301,99,62050.11,3693,35283.77
5800,20260301,100,59841.59,2312,35339.11
5801,20260301,101,92759.18,2383,56695.95
5802,20260301,102,44540.81,1076,25499.83
5803,20260301,103,108965.7,2454,64450.25
5804,20260301,104,98673.66,2243,59790.25
5805,20260301,105,253033.78,10571,169606.67
5806,20260301,106,62416.67,1637,38191.66
5807,20260301,107,78374.6,3762,50128.21
5808,20260301,108,85508.32,1954,48328.21
5809,20260301,109,24229.1,1070,14835.55
5810,20260301,110,87680.27,2680,61089.45
5811,20260301,111,184281.68,6110,108492.9
5812,20260301,112,201439.16,8572,139371.86
5813,20260301,113,81604.54,2342,52228.07
5814,20260301,114,77188.61,2932,49416.68
5815,20260301,115,37354.75,2190,24982.69
5816,20260301,116,49415.42,1877,34419.28
5817,20260301,117,269415.73,16298,173581.75
5818,20260301,118,139788.65,3208,83310.82
5819,20260301,119,77787.13,3102,44815.45
5820,20260301,120,211362.04,6413,137167.01
5821,20260301,121,64493.68,3535,39064.73
5822,20260301,122,163779.86,7373,99057.08
5823,20260301,123,11642.85,261,6912.01
5824,20260301,124,39820.89,1013,24423.58
5825,20260301,125,20667.34,491,11824.52
5826,20260301,126,203570.43,4843,140135.11
5827,20260301,127,89352.3,2079,53531.54
5828,20260301,128,104868.85,5009,72964.41
5829,20260301,129,50177.89,2302,34955.33
5830,20260301,130,27126.07,861,17568.12
5831,20260301,131,26687.6,1763,15958.88
5832,20260301,132,91653.07,2088,61000.97
5833,20260301,133,226704.31,13043,138725.68
5834,20260301,134,70464.45,1715,42125.99
5835,20260301,135,14204.58,612,9481.74
5836,20260301,136,12274.66,551,6793.37
5837,20260301,137,188287.62,4916,109136.07
5838,20260301,138,197669.15,8975,128792.91
5839,20260301,139,123173.03,3480,67898.69
5840,20260301,140,39627.18,2075,22338.91
5841,20260301,141,62194.9,1427,40425.3
5842,20260301,142,166912.62,4150,116589.91
5843,20260301,143,69851.77,3591,43293.11
5844,20260301,144,19427.81,901,11066.53
5845,20260301,145,141629.68,7799,79373.82
5846,20260301,146,134315.05,6409,86113.83
5847,20260301,147,124337.98,2838,74985.46
5848,20260301,148,56043.81,1485,33726.21
5849,20260301,149,86826.4,5780,55070.77
5850,20260301,150,49454.02,1899,28331.44
5851,20260401,1,9591.28,603,6581.99
5852,20260401,2,98805.34,2759,58158.32
5853,20260401,3,19641.37,928,12280.11
5854,20260401,4,72036.62,2118,46854.94
5855,20260401,5,99269.55,3435,56447.87
5856,20260401,6,92458.18,2343,55393.03
5857,20260401,7,131727.44,7418,75344.81
5858,20260401,8,105586.87,5020,63876.37
5859,20260401,9,32982.91,1175,22475.93
5860,20260401,10,47733.7,1206,27076.95
5861,20260401,11,106206.79,4145,67509.56
5862,20260401,12,57925.82,2748,37261.58
5863,20260401,13,72070.3,2097,47025.58
5864,20260401,14,47501.33,1267,26657.21
5865,20260401,15,89326.75,5720,61857.49
5866,20260401,16,53439.13,1200,34075.64
5867,20260401,17,62948.42,2816,43907.58
5868,20260401,18,39247.82,1215,26800.17
5869,20260401,19,101303.86,6709,56869.74
5870,20260401,20,75139.28,3204,51145.37
5871,20260401,21,64509.87,2260,39071.53
5872,20260401,22,37177.02,2004,22478.3
5873,20260401,23,61065.12,1461,39130.82
5874,20260401,24,63147.59,2702,38474.95
5875,20260401,25,71033.86,2612,43488.13
5876,20260401,26,18837.89,824,10563.72
5877,20260401,27,89933.26,2445,62423.03
5878,20260401,28,46330.05,1747,27767.76
5879,20260401,29,14240.8,459,8967.61
5880,20260401,30,93746.6,3316,59074.42
5881,20260401,31,97398.78,3040,58469.97
5882,20260401,32,101344.04,3408,62910.71
5883,20260401,33,80506.9,1905,49300.75
5884,20260401,34,186516.67,4439,113349.2
5885,20260401,35,28089.18,1315,17427.53
5886,20260401,36,89786.68,2346,60117.91
5887,20260401,37,59863.71,1849,41555.82
5888,20260401,38,70922.8,2505,49089.13
5889,20260401,39,100198.47,3842,58193.52
5890,20260401,40,67104.16,1987,42611.53
5891,20260401,41,108955.88,4127,64878.48
5892,20260401,42,205108.06,5860,132058.81
5893,20260401,43,60173.68,1673,39247.59
5894,20260401,44,41637.04,2070,27301.35
5895,20260401,45,81437.66,4204,46379.97
5896,20260401,46,46025.47,1351,30985.74
5897,20260401,47,63740.06,2528,42159.5
5898,20260401,48,66408.11,2825,37838.26
5899,20260401,49,31063.26,1297,21096.18
5900,20260401,50,88899.45,2477,52966.27
5901,20260401,51,20730.85,577,13729.5
5902,20260401,52,60213.56,2640,33826.18
5903,20260401,53,31125.94,807,21091.4
5904,20260401,54,92385.92,2545,61020.07
5905,20260401,55,74440.1,2565,51888.47
5906,20260401,56,45338.23,2438,27056.67
5907,20260401,57,17929.93,472,10213.71
5908,20260401,58,25884.43,709,14811.8
5909,20260401,59,42003.95,1015,27692.9
5910,20260401,60,201081.95,4520,123417.63
5911,20260401,61,87210.31,2392,60598.83
5912,20260401,62,79648.74,4879,48458.19
5913,20260401,63,64085.58,1907,43154.13
5914,20260401,64,65152.96,3571,41625.83
5915,20260401,65,44648.52,1431,24940.36
5916,20260401,66,95020.38,3077,60214.6
5917,20260401,67,121771.5,2983,77837.94
5918,20260401,68,38627.19,865,26265.26
5919,20260401,69,22054.48,807,12455.31
5920,20260401,70,91080.62,3393,59532.25
5921,20260401,71,58425.18,1661,35477.16
5922,20260401,72,35708.82,997,23261.29
5923,20260401,73,15928.36,482,9983.62
5924,20260401,74,15890.88,486,8830.76
5925,20260401,75,48537.62,2603,27765.69
5926,20260401,76,141591.59,3421,87767.72
5927,20260401,77,61811.63,3611,39917.36
5928,20260401,78,66682.98,1588,44682.04
5929,20260401,79,13667.9,819,7776.45
5930,20260401,80,91594.8,2189,55513.38
5931,20260401,81,72122.47,3675,42139.26
5932,20260401,82,35275.96,1123,22952.48
5933,20260401,83,67313.62,1580,46419.39
5934,20260401,84,93942.57,2281,61784.13
5935,20260401,85,23001.98,1303,13605.19
5936,20260401,86,106931.36,4842,66307.44
5937,20260401,87,21482.94,1266,11998.81
5938,20260401,88,182560.5,5130,119838.88
5939,20260401,89,107765.97,4022,64344.99
5940,20260401,90,18761.67,549,12610.94
5941,20260401,91,84588.65,3645,46723.43
5942,20260401,92,106944.52,2909,73965.68
5943,20260401,93,104662.1,2510,71694.14
5944,20260401,94,27312.98,777,15352.48
5945,20260401,95,83274.76,2942,57970.18
5946,20260401,96,52770.91,1612,34290.47
5947,20260401,97,104537.19,3615,62337.61
5948,20260401,98,54276.79,1693,32925.26
5949,20260401,99,130223.26,3073,90307.26
5950,20260401,100,271385.96,6219,171455.55
5951,20260401,101,73983.52,1645,45854.9
5952,20260401,102,184386.41,9563,121071.92
5953,20260401,103,298909.99,12039,190698.98
5954,20260401,104,106314.52,3472,66117.42
5955,20260401,105,202522.36,4736,120634.38
5956,20260401,106,98639.42,3776,64552.63
5957,20260401,107,108686.76,5631,76072.62
5958,20260401,108,54308.29,1839,36761.18
5959,20260401,109,74271.89,2132,41982.58
5960,20260401,110,67749.82,2589,47039.83
5961,20260401,111,189533.98,4431,107256.15
5962,20260401,112,204032.72,12951,117763.11
5963,20260401,113,8198.37,222,4982.23
5964,20260401,114,8842.76,501,5916.05
5965,20260401,115,21506.71,564,15002.58
5966,20260401,116,143272.51,3718,86051.05
5967,20260401,117,124287.66,4324,82232.65
5968,20260401,118,194629.69,6293,119198.05
5969,20260401,119,23426.62,1294,14633.02
5970,20260401,120,124827.75,3223,87060.04
5971,20260401,121,77574.11,2942,46761.3
5972,20260401,122,103046.23,2403,68729.88
5973,20260401,123,69199.11,2413,40959.03
5974,20260401,124,35759.71,953,20464.14
5975,20260401,125,23214.22,1057,13084.88
5976,20260401,126,56846.05,2452,33511.81
5977,20260401,127,66993.69,1779,38463.54
5978,20260401,128,90863.65,4340,50921.43
5979,20260401,129,126689.46,2828,84427.98
5980,20260401,130,57262.98,1641,38299.62
5981,20260401,131,102081.42,2423,59777.67
5982,20260401,132,19888.67,1065,13437.6
5983,20260401,133,307657.54,20383,182120.85
5984,20260401,134,101997.72,4413,58894.91
5985,20260401,135,44143.04,1737,28714.46
5986,20260401,136,65779.47,2016,42463.86
5987,20260401,137,94237.44,2238,58259.97
5988,20260401,138,157630.47,4528,100074.76
5989,20260401,139,62066.94,1550,35970.68
5990,20260401,140,85983.79,4608,55222.68
5991,20260401,141,89980.6,2159,51672.64
5992,20260401,142,104223.88,2806,61833.71
5993,20260401,143,103529.77,3944,67991.44
5994,20260401,144,19411.22,1132,12632.8
5995,20260401,145,157127.12,6534,89498.82
5996,20260401,146,133098.27,3998,81504.89
5997,20260401,147,132165.81,3455,79512.89
5998,20260401,148,51655.68,2978,30016.42
5999,20260401,149,65804.72,3795,37716.42
6000,20260401,150,71993.86,3018,49670.07
6001,20260501,1,100705.72,3990,66495.71
6002,20260501,2,27750.83,1244,17329.04
6003,20260501,3,70217.6,3490,43713.39
6004,20260501,4,68111.11,1925,44590.61
6005,20260501,5,59824.25,1474,39303.25
6006,20260501,6,95138.32,3129,64709.29
6007,20260501,7,135567.96,3224,93473.15
6008,20260501,8,27421.28,1325,15361.34
6009,20260501,9,107085.06,6525,59692.91
6010,20260501,10,137670.83,5327,86270.16
6011,20260501,11,34746.55,1657,24138.33
6012,20260501,12,9703.05,277,6593.84
6013,20260501,13,24621.31,750,14257.44
6014,20260501,14,207978.85,5529,119491.08
6015,20260501,15,107974.67,6806,62825.23
6016,20260501,16,83796.4,2193,51617.25
6017,20260501,17,42379.86,2094,24044.8
6018,20260501,18,75043.63,2713,42963.34
6019,20260501,19,208272.76,10253,122340.81
6020,20260501,20,202933.5,4512,130738.42
6021,20260501,21,58768.26,2361,39588.52
6022,20260501,22,82967.55,2172,48067.68
6023,20260501,23,86525.98,2087,58907.16
6024,20260501,24,78264.89,2392,48745.97
6025,20260501,25,89543.63,5075,52744.88
6026,20260501,26,41038.24,993,25952.8
6027,20260501,27,24609.92,893,16853.75
6028,20260501,28,50628.46,1810,34639.82
6029,20260501,29,101655.84,4201,65633.68
6030,20260501,30,87715.9,2635,55257.8
6031,20260501,31,93820.83,2088,56192.73
6032,20260501,32,85924.13,3822,48327.88
6033,20260501,33,53712.24,1309,35938.67
6034,20260501,34,40829.14,974,27326.13
6035,20260501,35,214138.86,7882,145347.89
6036,20260501,36,101960.49,4094,58056.06
6037,20260501,37,48981.62,1647,27408.83
6038,20260501,38,69504.36,1712,42330.95
6039,20260501,39,125348.65,6698,82651.07
6040,20260501,40,144817.32,3536,100947.43
6041,20260501,41,99448.14,2794,56658.37
6042,20260501,42,31013.93,768,19548.2
6043,20260501,43,98390.93,2539,59218.86
6044,20260501,44,17276.3,417,10108.98
6045,20260501,45,93750.37,2520,58147.76
6046,20260501,46,116273.8,3232,67542.58
6047,20260501,47,41388.53,1450,28381.14
6048,20260501,48,16331.66,486,9571.72
6049,20260501,49,48580.69,1448,27340.94
6050,20260501,50,165980.87,5642,99001.56
6051,20260501,51,57974.53,2434,37303.63
6052,20260501,52,33718.52,2198,19439.85
6053,20260501,53,63854.88,1902,37559.38
6054,20260501,54,78353.75,2148,47823.67
6055,20260501,55,44259.91,2750,25687.6
6056,20260501,56,90768.18,4176,57856.3
6057,20260501,57,54301.5,2048,37928.93
6058,20260501,58,75645.68,1936,46290.0
6059,20260501,59,28130.0,1657,15988.49
6060,20260501,60,121225.9,5020,76002.14
6061,20260501,61,25893.52,639,14431.85
6062,20260501,62,23585.62,914,15684.41
6063,20260501,63,26129.87,1662,16490.44
6064,20260501,64,42515.14,1218,29024.17
6065,20260501,65,48117.1,2441,33360.09
6066,20260501,66,101958.17,2941,69640.39
6067,20260501,67,147866.36,3621,100682.19
6068,20260501,68,88521.38,2265,54839.01
6069,20260501,69,15568.4,488,9370.11
6070,20260501,70,54869.59,3040,32644.33
6071,20260501,71,130695.21,3569,73408.53
6072,20260501,72,60666.24,2065,36161.65
6073,20260501,73,85877.7,2455,48809.25
6074,20260501,74,17034.05,427,9684.97
6075,20260501,75,174854.68,8100,96361.52
6076,20260501,76,169401.58,5311,113880.26
6077,20260501,77,122779.6,5649,82921.7
6078,20260501,78,32919.9,813,19981.77
6079,20260501,79,65971.22,1748,41330.6
6080,20260501,80,90086.38,3938,51528.93
6081,20260501,81,21385.6,517,12070.98
6082,20260501,82,107546.43,6162,65928.39
6083,20260501,83,83999.63,4788,55775.51
6084,20260501,84,155493.42,6340,91366.3
6085,20260501,85,103565.34,4660,62589.5
6086,20260501,86,75909.97,2638,51134.31
6087,20260501,87,109498.56,3507,70981.36
6088,20260501,88,202503.18,4687,131842.42
6089,20260501,89,132398.72,4474,80464.35
6090,20260501,90,133225.25,2962,84520.77
6091,20260501,91,22315.37,534,14242.3
6092,20260501,92,182891.11,8348,120635.3
6093,20260501,93,100917.74,2253,66478.92
6094,20260501,94,102418.47,2526,71274.14
6095,20260501,95,35775.19,1732,20717.01
6096,20260501,96,30313.09,1253,20075.96
6097,20260501,97,28606.61,896,19006.35
6098,20260501,98,46135.67,1153,30994.0
6099,20260501,99,132943.2,3049,73895.48
6100,20260501,100,212698.41,12899,123256.34
6101,20260501,101,20961.54,687,13840.3
6102,20260501,102,152271.46,4478,96141.25
6103,20260501,103,232351.19,14413,149882.35
6104,20260501,104,29667.67,1164,19706.58
6105,20260501,105,141059.71,6383,92143.22
6106,20260501,106,30051.28,1568,19857.3
6107,20260501,107,244213.69,6389,168364.03
6108,20260501,108,80111.49,1861,52816.76
6109,20260501,109,16163.55,566,10471.86
6110,20260501,110,103841.67,2585,72366.34
6111,20260501,111,83616.95,4460,51556.1
6112,20260501,112,213029.0,9362,128257.01
6113,20260501,113,12820.01,611,7338.35
6114,20260501,114,57938.5,1985,38420.39
6115,20260501,115,18428.78,732,12191.74
6116,20260501,116,186376.76,5382,102893.15
6117,20260501,117,33039.09,1125,22310.06
6118,20260501,118,59102.46,2626,33876.17
6119,20260501,119,34747.81,1769,20984.33
6120,20260501,120,123661.38,5440,79835.19
6121,20260501,121,65752.86,2637,42246.62
6122,20260501,122,194592.52,6337,123479.72
6123,20260501,123,15675.47,919,9051.67
6124,20260501,124,14360.42,465,8560.26
6125,20260501,125,50252.82,1551,29355.4
6126,20260501,126,150900.17,4308,99541.7
6127,20260501,127,52605.56,1567,30426.75
6128,20260501,128,27995.55,821,19358.7
6129,20260501,129,93862.77,2131,65265.5
6130,20260501,130,86919.25,2715,51498.07
6131,20260501,131,101886.21,5827,66526.61
6132,20260501,132,65820.06,2692,43670.0
6133,20260501,133,241158.13,7671,153943.09
6134,20260501,134,89969.09,2073,61705.11
6135,20260501,135,32070.22,1314,19236.85
6136,20260501,136,17033.31,848,10245.9
6137,20260501,137,24763.92,809,13988.37
6138,20260501,138,156613.83,3503,93757.39
6139,20260501,139,45340.22,1197,28252.85
6140,20260501,140,76986.81,1911,46109.13
6141,20260501,141,99548.93,2480,60759.01
6142,20260501,142,43528.04,1275,24377.79
6143,20260501,143,21785.44,621,12482.86
6144,20260501,144,49311.75,1255,31645.1
6145,20260501,145,217363.59,5112,123064.07
6146,20260501,146,191771.5,5067,127203.25
6147,20260501,147,48768.3,1244,32096.73
6148,20260501,148,104744.7,5058,73051.16
6149,20260501,149,107263.52,2879,60447.82
6150,20260501,150,82989.94,2216,51112.44
6151,20260601,1,13744.35,634,7581.88
6152,20260601,2,11363.16,449,6679.99
6153,20260601,3,95553.8,4714,59726.07
6154,20260601,4,75203.3,2254,47139.14
6155,20260601,5,15564.73,777,10726.19
6156,20260601,6,17807.83,828,11898.97
6157,20260601,7,136241.51,8738,77473.03
6158,20260601,8,13357.05,403,8864.81
6159,20260601,9,17647.84,415,11030.81
6160,20260601,10,204292.55,7626,124685.19
6161,20260601,11,56198.95,1302,35990.12
6162,20260601,12,24002.52,728,15413.22
6163,20260601,13,100720.94,2273,70324.3
6164,20260601,14,50109.78,2096,28471.25
6165,20260601,15,48756.25,1401,27783.05
6166,20260601,16,69690.99,1813,39727.57
6167,20260601,17,75490.11,1878,42080.98
6168,20260601,18,46691.03,1773,31576.53
6169,20260601,19,217223.54,7378,139559.15
6170,20260601,20,16021.25,374,11022.25
6171,20260601,21,10424.48,324,6713.86
6172,20260601,22,13930.74,638,8485.31
6173,20260601,23,104773.55,3070,72151.15
6174,20260601,24,86063.08,4936,56126.8
6175,20260601,25,10775.56,242,6134.04
6176,20260601,26,87233.57,2597,49471.17
6177,20260601,27,97966.96,5056,64204.07
6178,20260601,28,65457.27,1638,38996.61
6179,20260601,29,58411.66,1697,33359.87
6180,20260601,30,78565.39,2329,51313.56
6181,20260601,31,80008.85,2545,46298.94
6182,20260601,32,77301.26,2587,47747.3
6183,20260601,33,93933.76,3383,52579.86
6184,20260601,34,175151.74,10694,115315.62
6185,20260601,35,175946.3,10936,104981.21
6186,20260601,36,76682.82,4536,47906.65
6187,20260601,37,27656.58,908,18545.59
6188,20260601,38,94847.28,2631,54904.17
6189,20260601,39,145794.86,6629,93362.67
6190,20260601,40,180592.52,4658,101024.09
6191,20260601,41,31971.35,1417,20802.56
6192,20260601,42,72052.41,2558,39926.85
6193,20260601,43,105385.58,6005,61270.51
6194,20260601,44,104516.89,3300,64418.41
6195,20260601,45,49026.22,1568,27547.29
6196,20260601,46,107515.25,6808,65459.6
6197,20260601,47,102780.7,2522,62090.04
6198,20260601,48,9242.48,208,6446.71
6199,20260601,49,31241.84,1205,21297.86
6200,20260601,50,95166.47,5465,62962.1
6201,20260601,51,64857.88,1830,40497.16
6202,20260601,52,10149.7,339,6128.96
6203,20260601,53,80031.28,1783,54375.51
6204,20260601,54,7621.61,298,4440.13
6205,20260601,55,29539.4,734,19713.75
6206,20260601,56,8428.55,224,5261.52
6207,20260601,57,17917.3,701,10073.12
6208,20260601,58,60564.64,2238,34774.88
6209,20260601,59,68735.15,1930,41991.76
6210,20260601,60,164501.86,6748,104054.06
6211,20260601,61,12481.62,796,7741.72
6212,20260601,62,74680.75,1835,44039.59
6213,20260601,63,9614.57,268,5668.69
6214,20260601,64,137856.8,3610,84593.32
6215,20260601,65,108803.84,2820,70590.09
6216,20260601,66,37037.34,2123,24314.15
6217,20260601,67,76238.2,2131,46846.75
6218,20260601,68,91057.45,3070,59129.85
6219,20260601,69,59862.04,2807,33850.25
6220,20260601,70,95993.21,2447,63747.4
6221,20260601,71,91925.28,3109,54830.75
6222,20260601,72,47878.24,1149,32897.27
6223,20260601,73,23275.44,900,15554.53
6224,20260601,74,67494.84,2113,38669.0
6225,20260601,75,31995.54,931,17868.23
6226,20260601,76,199766.93,5806,122043.18
6227,20260601,77,108782.18,4442,70317.7
6228,20260601,78,202800.23,6922,112684.98
6229,20260601,79,28225.18,1159,16863.4
6230,20260601,80,103134.13,5107,68884.48
6231,20260601,81,13766.49,350,9604.3
6232,20260601,82,105137.02,2360,61107.98
6233,20260601,83,8620.36,212,5485.3
6234,20260601,84,179865.56,4442,105981.0
6235,20260601,85,110620.23,2624,67244.26
6236,20260601,86,73423.88,2245,42258.19
6237,20260601,87,28099.4,1024,19142.22
6238,20260601,88,135353.59,4048,92176.24
6239,20260601,89,64396.38,1707,42933.04
6240,20260601,90,140995.4,6933,79676.35
6241,20260601,91,81166.83,2489,45716.62
6242,20260601,92,51231.66,2131,34870.98
6243,20260601,93,14113.27,607,9484.01
6244,20260601,94,58962.65,2885,32444.28
6245,20260601,95,100328.78,5894,62528.07
6246,20260601,96,79575.9,1827,55638.0
6247,20260601,97,74095.44,1780,40999.71
6248,20260601,98,19131.9,573,12795.05
6249,20260601,99,163057.1,3682,111329.16
6250,20260601,100,77109.07,3404,45377.44
6251,20260601,101,89134.54,2097,52713.19
6252,20260601,102,197865.96,5515,123911.97
6253,20260601,103,67514.07,1564,38994.05
6254,20260601,104,38937.33,1186,22578.91
6255,20260601,105,161800.45,4468,91097.58
6256,20260601,106,16299.41,383,9258.98
6257,20260601,107,117717.28,4587,67852.05
6258,20260601,108,88463.72,2020,50431.9
6259,20260601,109,73612.0,3200,41924.52
6260,20260601,110,66042.38,2951,37127.57
6261,20260601,111,79331.86,2824,49383.13
6262,20260601,112,164451.15,3903,112619.2
6263,20260601,113,29114.35,859,18232.66
6264,20260601,114,34305.72,1514,22462.19
6265,20260601,115,70045.06,2450,47967.87
6266,20260601,116,61393.86,4037,42556.25
6267,20260601,117,141303.93,3402,98625.57
6268,20260601,118,218803.88,11784,130289.5
6269,20260601,119,98931.97,4875,60053.69
6270,20260601,120,175375.7,6824,101294.09
6271,20260601,121,89134.11,3137,57761.02
6272,20260601,122,166556.01,4990,100378.8
6273,20260601,123,15545.0,763,10768.01
6274,20260601,124,40429.79,1150,23090.14
6275,20260601,125,52628.88,2564,33921.73
6276,20260601,126,86011.19,3316,47311.15
6277,20260601,127,76713.25,4697,49156.94
6278,20260601,128,89154.74,2717,52989.46
6279,20260601,129,90586.42,3037,56335.53
6280,20260601,130,160411.93,3967,96553.01
6281,20260601,131,17288.33,388,11761.34
6282,20260601,132,50278.18,2098,32673.71
6283,20260601,133,213790.41,9418,130841.11
6284,20260601,134,95741.1,2365,57245.14
6285,20260601,135,17658.94,469,10019.6
6286,20260601,136,99152.12,5856,58493.02
6287,20260601,137,167490.21,4875,95792.04
6288,20260601,138,68618.17,3209,40270.42
6289,20260601,139,117203.74,3435,73447.9
6290,20260601,140,27673.74,681,15565.36
6291,20260601,141,77704.45,2776,51498.47
6292,20260601,142,64255.33,1699,38710.44
6293,20260601,143,37717.69,1993,22215.35
6294,20260601,144,90484.82,5760,52254.46
6295,20260601,145,146841.97,9304,86226.23
6296,20260601,146,62708.46,3884,39621.71
6297,20260601,147,172268.53,7855,104427.75
6298,20260601,148,34593.06,1185,21688.59
6299,20260601,149,74721.57,2040,51669.17
6300,20260601,150,37707.76,2157,25840.46
