ForecastKey,DateKey,ProductKey,ForecastUnits,ForecastRevenue,ActualUnits,ActualRevenue
1,20230101,166,146,40525.22,121,33585.97
2,20230101,128,164,6848.64,212,8853.12
3,20230101,413,139,13752.66,144,14247.36
4,20230101,654,129,28853.43,149,33326.83
5,20230101,711,142,12687.7,170,15189.5
6,20230101,123,122,15003.56,97,11929.06
7,20230101,246,127,36808.41,147,42605.01
8,20230101,637,117,8583.12,113,8289.68
9,20230101,716,118,11519.16,99,9664.38
10,20230101,672,163,17366.02,151,16087.54
11,20230101,150,119,12835.34,113,12188.18
12,20230101,572,132,12682.56,106,10184.48
13,20230101,504,126,3090.78,151,3704.03
14,20230101,269,174,2724.84,144,2255.04
15,20230101,354,143,33746.57,183,43186.17
16,20230101,590,173,11459.52,192,12718.08
17,20230101,730,131,28606.47,98,21400.26
18,20230101,699,143,9425.13,124,8172.84
19,20230101,263,119,10404.17,130,11365.9
20,20230101,288,113,3306.38,88,2574.88
21,20230101,230,115,6415.85,88,4909.52
22,20230101,440,150,17077.5,117,13320.45
23,20230101,744,150,14850.0,191,18909.0
24,20230101,46,150,50772.0,134,45356.32
25,20230101,35,127,2059.94,89,1443.58
26,20230101,203,143,51185.42,151,54048.94
27,20230101,359,135,21162.6,154,24141.04
28,20230101,605,127,20510.5,163,26324.5
29,20230101,480,122,51932.96,115,48953.2
30,20230101,624,120,2600.4,139,3012.13
31,20230101,537,114,14334.36,140,17603.6
32,20230101,234,118,37630.2,105,33484.5
33,20230101,636,129,18065.16,101,14144.04
34,20230101,133,132,20808.48,123,19389.72
35,20230101,800,121,16789.96,146,20258.96
36,20230101,761,120,48369.6,132,53206.56
37,20230101,89,121,10153.11,96,8055.36
38,20230101,280,116,5156.2,125,5556.25
39,20230101,435,115,26151.0,122,27742.8
40,20230101,291,130,23163.4,111,19777.98
41,20230101,312,128,26311.68,118,24256.08
42,20230101,456,141,30912.84,177,38805.48
43,20230101,563,126,5183.64,121,4977.94
44,20230101,122,128,24744.96,133,25711.56
45,20230101,733,162,35364.6,203,44314.9
46,20230101,61,170,1530.0,170,1530.0
47,20230101,509,117,10552.23,149,13438.31
48,20230101,401,113,21353.61,90,17007.3
49,20230101,340,112,28780.64,79,20300.63
50,20230101,569,132,42089.52,133,42408.38
51,20230101,278,146,37371.62,123,31484.31
52,20230101,146,126,23691.78,161,30272.83
53,20230101,383,161,8974.14,191,10646.34
54,20230101,350,156,30463.68,169,33002.32
55,20230101,745,113,24328.9,88,18946.4
56,20230101,151,108,48904.56,119,53885.58
57,20230101,658,145,40217.2,184,51034.24
58,20230101,404,125,31212.5,142,35457.4
59,20230101,363,132,14966.16,131,14852.78
60,20230101,384,128,6718.72,141,7401.09
61,20230201,257,145,22247.35,178,27310.54
62,20230201,386,134,24678.78,98,18048.66
63,20230201,91,126,24134.04,89,17047.06
64,20230201,366,127,48883.57,130,50038.3
65,20230201,243,128,3924.48,130,3985.8
66,20230201,417,115,27985.25,122,29688.7
67,20230201,639,117,24450.66,100,20898.0
68,20230201,92,132,32032.44,101,24509.67
69,20230201,486,146,29823.42,123,25125.21
70,20230201,792,137,19493.73,168,23904.72
71,20230201,385,149,12782.71,171,14670.09
72,20230201,507,102,27160.56,78,20769.84
73,20230201,752,118,9857.72,89,7435.06
74,20230201,695,148,32491.92,115,25247.1
75,20230201,119,137,45740.19,105,35056.35
76,20230201,344,129,13917.81,149,16075.61
77,20230201,528,127,46426.12,94,34362.64
78,20230201,374,174,57503.52,171,56512.08
79,20230201,48,120,9228.0,108,8305.2
80,20230201,690,135,17348.85,122,15678.22
81,20230201,774,109,10937.06,80,8027.2
82,20230201,658,148,41049.28,149,41326.64
83,20230201,82,166,49730.28,182,54523.56
84,20230201,505,152,21819.6,176,25264.8
85,20230201,155,145,24361.45,151,25369.51
86,20230201,347,121,7097.86,155,9092.3
87,20230201,470,155,28865.65,196,36501.08
88,20230201,361,117,25553.97,91,19875.31
89,20230201,339,117,17280.9,120,17724.0
90,20230201,728,114,2734.86,127,3046.73
91,20230201,194,107,33657.92,109,34287.04
92,20230201,176,141,21880.38,165,25604.7
93,20230201,556,102,34714.68,131,44584.54
94,20230201,761,124,49981.92,105,42323.4
95,20230201,229,144,24291.36,109,18387.21
96,20230201,348,148,34555.04,190,44361.2
97,20230201,25,149,7497.68,156,7849.92
98,20230201,247,138,16023.18,147,17068.17
99,20230201,498,143,44258.5,138,42711.0
100,20230201,423,97,2540.43,83,2173.77
101,20230201,161,135,27340.2,99,20049.48
102,20230201,521,157,40973.86,113,29490.74
103,20230201,573,118,17242.16,130,18995.6
104,20230201,511,152,17434.4,130,14911.0
105,20230201,295,171,37156.59,217,47151.93
106,20230201,19,111,28011.96,108,27254.88
107,20230201,502,117,41960.88,121,43395.44
108,20230201,327,124,3909.72,88,2774.64
109,20230201,250,124,27728.88,142,31754.04
110,20230201,773,151,7382.39,160,7822.4
111,20230201,341,117,6296.94,108,5812.56
112,20230201,181,156,53339.52,177,60519.84
113,20230201,414,120,23584.8,96,18867.84
114,20230201,610,146,4663.24,109,3481.46
115,20230201,220,135,36105.75,141,37710.45
116,20230201,270,118,17454.56,130,19229.6
117,20230201,353,153,35190.0,193,44390.0
118,20230201,24,144,18230.4,148,18736.8
119,20230201,488,132,31408.08,131,31170.14
120,20230201,205,151,12439.38,152,12521.76
121,20230301,537,119,14963.06,151,18986.74
122,20230301,387,130,8590.4,102,6740.16
123,20230301,290,109,35214.63,127,41029.89
124,20230301,263,116,10141.88,113,9879.59
125,20230301,83,179,2258.98,176,2221.12
126,20230301,408,118,8811.06,95,7093.65
127,20230301,656,112,29625.12,122,32270.22
128,20230301,466,119,37444.54,90,28319.4
129,20230301,721,130,32390.8,166,41360.56
130,20230301,341,97,5220.54,117,6296.94
131,20230301,250,130,29070.6,133,29741.46
132,20230301,331,163,46407.73,141,40144.11
133,20230301,731,135,57437.1,127,54033.42
134,20230301,79,120,30381.6,144,36457.92
135,20230301,386,154,28362.18,140,25783.8
136,20230301,450,107,38666.59,104,37582.48
137,20230301,351,174,60706.86,159,55473.51
138,20230301,344,168,18125.52,170,18341.3
139,20230301,752,126,10526.04,100,8354.0
140,20230301,472,130,4013.1,161,4970.07
141,20230301,599,127,28528.01,117,26281.71
142,20230301,598,132,14744.4,141,15749.7
143,20230301,603,128,29227.52,137,31282.58
144,20230301,730,150,32755.5,115,25112.55
145,20230301,146,114,21435.42,89,16734.67
146,20230301,78,128,18816.0,94,13818.0
147,20230301,52,163,3445.82,207,4375.98
148,20230301,498,146,45187.0,111,34354.5
149,20230301,608,136,14029.76,152,15680.32
150,20230301,515,151,19314.41,175,22384.25
151,20230301,615,150,16180.5,121,13052.27
152,20230301,154,115,29602.15,115,29602.15
153,20230301,63,104,6044.48,100,5812.0
154,20230301,206,124,4491.28,135,4889.7
155,20230301,359,131,20535.56,131,20535.56
156,20230301,783,108,27433.08,126,32005.26
157,20230301,305,147,26948.04,117,21448.44
158,20230301,173,167,58915.93,137,48332.23
159,20230301,190,135,6215.4,102,4696.08
160,20230301,712,156,18406.44,142,16754.58
161,20230301,604,116,12177.68,134,14067.32
162,20230301,166,129,35806.53,104,28867.28
163,20230301,40,133,32768.54,153,37696.14
164,20230301,370,130,34213.4,100,26318.0
165,20230301,108,138,3379.62,172,4212.28
166,20230301,277,114,35116.56,87,26799.48
167,20230301,756,132,52041.0,98,38636.5
168,20230301,120,100,18742.0,125,23427.5
169,20230301,746,181,71290.47,188,74047.56
170,20230301,155,125,21001.25,115,19321.15
171,20230301,266,144,37435.68,130,33796.1
172,20230301,270,153,22631.76,109,16123.28
173,20230301,436,168,52649.52,165,51709.35
174,20230301,92,126,30576.42,131,31789.77
175,20230301,82,112,33552.96,83,24865.14
176,20230301,175,134,40678.38,151,45839.07
177,20230301,393,161,3611.23,168,3768.24
178,20230301,22,154,16240.84,125,13182.5
179,20230301,580,129,36443.79,94,26555.94
180,20230301,508,151,54202.96,114,40921.44
181,20230401,751,116,11467.76,99,9787.14
182,20230401,789,116,47904.52,89,36754.33
183,20230401,427,142,59080.52,148,61576.88
184,20230401,239,142,25231.98,161,28608.09
185,20230401,428,109,42448.96,138,53742.72
186,20230401,310,160,11387.2,122,8682.74
187,20230401,69,117,23596.56,149,30050.32
188,20230401,245,111,14368.95,114,14757.3
189,20230401,543,168,27578.88,215,35294.4
190,20230401,19,167,42144.12,154,38863.44
191,20230401,30,165,53677.8,154,50099.28
192,20230401,483,140,23494.8,126,21145.32
193,20230401,589,143,12546.82,159,13950.66
194,20230401,96,115,23557.75,113,23148.05
195,20230401,485,170,21284.0,176,22035.2
196,20230401,601,106,1853.94,131,2291.19
197,20230401,507,114,30355.92,134,35681.52
198,20230401,304,128,9216.0,145,10440.0
199,20230401,414,116,22798.64,134,26336.36
200,20230401,440,152,17305.2,136,15483.6
201,20230401,159,166,22964.44,160,22134.4
202,20230401,101,123,39558.03,154,49527.94
203,20230401,255,153,48571.38,138,43809.48
204,20230401,190,129,5939.16,113,5202.52
205,20230401,521,157,40973.86,186,48542.28
206,20230401,691,137,21987.13,164,26320.36
207,20230401,277,98,30187.92,76,23411.04
208,20230401,642,127,11891.01,106,9924.78
209,20230401,31,130,36556.0,155,43586.0
210,20230401,439,141,49468.44,106,37189.04
211,20230401,449,143,3233.23,165,3730.65
212,20230401,610,132,4216.08,160,5110.4
213,20230401,636,133,18625.32,155,21706.2
214,20230401,778,114,28349.52,129,32079.72
215,20230401,57,141,2917.29,101,2089.69
216,20230401,608,164,16918.24,162,16711.92
217,20230401,491,123,20692.29,125,21028.75
218,20230401,649,149,39854.52,128,34237.44
219,20230401,53,114,31273.62,138,37857.54
220,20230401,154,139,35779.99,109,28057.69
221,20230401,785,120,32664.0,136,37019.2
222,20230401,638,109,3870.59,130,4616.3
223,20230401,713,174,56550.0,122,39650.0
224,20230401,352,112,30495.36,79,21510.12
225,20230401,753,146,44702.28,184,56337.12
226,20230401,133,137,21596.68,168,26483.52
227,20230401,325,146,32679.18,137,30664.71
228,20230401,12,157,41286.29,150,39445.5
229,20230401,145,121,26887.41,122,27109.62
230,20230401,532,149,48916.7,133,43663.9
231,20230401,388,134,28028.78,169,35349.73
232,20230401,8,163,34445.16,176,37192.32
233,20230401,22,138,14553.48,115,12127.9
234,20230401,754,105,42900.9,118,48212.44
235,20230401,579,150,36190.5,115,27746.05
236,20230401,582,124,51979.56,147,61620.93
237,20230401,178,134,32343.58,125,30171.25
238,20230401,497,154,47991.02,178,55470.14
239,20230401,150,133,14345.38,114,12296.04
240,20230401,477,128,32440.32,99,25090.56
241,20230501,158,194,15766.38,249,20236.23
242,20230501,117,132,8779.32,107,7116.57
243,20230501,420,140,17189.2,175,21486.5
244,20230501,399,151,7892.77,185,9669.95
245,20230501,301,153,36995.4,137,33126.6
246,20230501,764,131,5000.27,159,6069.03
247,20230501,594,154,14354.34,121,11278.41
248,20230501,46,126,42648.48,162,54833.76
249,20230501,431,153,4160.07,181,4921.39
250,20230501,94,132,1556.28,135,1591.65
251,20230501,534,97,10841.69,86,9612.22
252,20230501,292,117,37920.87,133,43106.63
253,20230501,216,144,48461.76,155,52163.7
254,20230501,297,130,26430.3,142,28870.02
255,20230501,769,119,11089.61,123,11462.37
256,20230501,192,132,18780.96,130,18496.4
257,20230501,459,104,4345.12,128,5347.84
258,20230501,256,137,14832.99,176,19055.52
259,20230501,359,143,22416.68,177,27746.52
260,20230501,438,141,5779.59,111,4549.89
261,20230501,421,135,11142.9,100,8254.0
262,20230501,361,146,31887.86,139,30358.99
263,20230501,295,154,33462.66,169,36722.01
264,20230501,364,175,10153.5,208,12068.16
265,20230501,257,123,18871.89,150,23014.5
266,20230501,97,134,40438.52,173,52207.94
267,20230501,11,150,8163.0,152,8271.84
268,20230501,238,126,29308.86,146,33961.06
269,20230501,423,176,4609.44,187,4897.53
270,20230501,561,159,35480.85,189,42175.35
271,20230501,502,174,62403.36,131,46981.84
272,20230501,414,114,22405.56,118,23191.72
273,20230501,799,111,19130.85,107,18441.45
274,20230501,251,129,45272.55,159,55801.05
275,20230501,22,129,13604.34,97,10229.62
276,20230501,463,168,34171.2,140,28476.0
277,20230501,528,126,46060.56,140,51178.4
278,20230501,356,129,16567.47,165,21190.95
279,20230501,8,136,28739.52,157,33177.24
280,20230501,67,103,22716.65,91,20070.05
281,20230501,215,126,22633.38,121,21735.23
282,20230501,629,119,25895.59,114,24807.54
283,20230501,707,100,22572.0,100,22572.0
284,20230501,728,129,3094.71,132,3166.68
285,20230501,398,127,8994.14,113,8002.66
286,20230501,689,117,12006.54,128,13135.36
287,20230501,477,149,37762.56,147,37255.68
288,20230501,170,135,45449.1,167,56222.22
289,20230501,303,139,14618.63,179,18825.43
290,20230501,531,159,2976.48,117,2190.24
291,20230501,266,154,40035.38,156,40555.32
292,20230501,619,123,11896.56,140,13540.8
293,20230501,355,105,15874.95,105,15874.95
294,20230501,607,167,30373.96,143,26008.84
295,20230501,485,144,18028.8,135,16902.0
296,20230501,180,109,2731.54,84,2105.04
297,20230501,262,118,28065.12,92,21881.28
298,20230501,760,130,41797.6,110,35367.2
299,20230501,107,166,15343.38,135,12478.05
300,20230501,648,158,5354.62,204,6913.56
301,20230601,108,134,3281.66,122,2987.78
302,20230601,712,154,18170.46,154,18170.46
303,20230601,355,170,25702.3,130,19654.7
304,20230601,598,116,12957.2,95,10611.5
305,20230601,198,143,8835.97,140,8650.6
306,20230601,405,134,31484.64,96,22556.16
307,20230601,504,143,3507.79,110,2698.3
308,20230601,670,129,29489.4,155,35433.0
309,20230601,523,128,19411.2,131,19866.15
310,20230601,787,127,28268.93,98,21813.82
311,20230601,663,122,37189.26,115,35055.45
312,20230601,444,131,35562.57,102,27689.94
313,20230601,357,135,4596.75,124,4222.2
314,20230601,727,131,3920.83,131,3920.83
315,20230601,10,123,6478.41,103,5425.01
316,20230601,668,98,11828.6,124,14966.8
317,20230601,578,157,51849.25,125,41281.25
318,20230601,138,145,41625.15,142,40763.94
319,20230601,542,125,14810.0,107,12677.36
320,20230601,159,120,16600.8,132,18260.88
321,20230601,409,126,27697.32,129,28356.78
322,20230601,186,166,31875.32,187,35907.74
323,20230601,534,145,16206.65,134,14977.18
324,20230601,512,148,9685.12,132,8638.08
325,20230601,587,148,40504.64,103,28189.04
326,20230601,723,173,67971.7,214,84080.6
327,20230601,363,114,12925.32,88,9977.44
328,20230601,93,163,10009.83,184,11299.44
329,20230601,312,160,32889.6,189,38850.84
330,20230601,106,145,11620.3,152,12181.28
331,20230601,425,183,28498.59,144,22425.12
332,20230601,655,158,11208.52,184,13052.96
333,20230601,167,151,35643.55,176,41544.8
334,20230601,252,124,3230.2,106,2761.3
335,20230601,163,127,4545.33,155,5547.45
336,20230601,373,126,30261.42,108,25938.36
337,20230601,427,104,43270.24,114,47430.84
338,20230601,89,122,10237.02,148,12418.68
339,20230601,397,125,18700.0,143,21392.8
340,20230601,562,149,28126.73,162,30580.74
341,20230601,582,160,67070.4,162,67908.78
342,20230601,735,99,12078.99,124,15129.24
343,20230601,653,132,27726.6,125,26256.25
344,20230601,121,156,46615.92,136,40639.52
345,20230601,647,143,26412.1,130,24011.0
346,20230601,276,170,11339.0,212,14140.4
347,20230601,229,116,19568.04,99,16700.31
348,20230601,489,131,33891.01,131,33891.01
349,20230601,630,107,36357.53,103,34998.37
350,20230601,691,112,17974.88,127,20382.23
351,20230601,172,157,9316.38,144,8544.96
352,20230601,568,139,3830.84,106,2921.36
353,20230601,311,113,40736.5,140,50470.0
354,20230601,118,154,63198.52,142,58273.96
355,20230601,774,97,9732.98,82,8227.88
356,20230601,31,95,26714.0,68,19121.6
357,20230601,323,113,24993.34,112,24772.16
358,20230601,193,125,21460.0,118,20258.24
359,20230601,319,117,33170.67,123,34871.73
360,20230601,129,156,44580.12,137,39150.49
361,20230701,562,158,29825.66,117,22086.09
362,20230701,552,127,26897.33,101,21390.79
363,20230701,443,141,53048.43,121,45523.83
364,20230701,283,102,27922.5,90,24637.5
365,20230701,355,101,15270.19,121,18293.99
366,20230701,742,185,41192.1,144,32063.04
367,20230701,439,152,53327.68,157,55081.88
368,20230701,756,142,55983.5,136,53618.0
369,20230701,46,110,37232.8,93,31478.64
370,20230701,353,127,29210.0,115,26450.0
371,20230701,565,118,4793.16,141,5727.42
372,20230701,244,163,58290.43,188,67230.68
373,20230701,234,154,49110.6,148,47197.2
374,20230701,262,116,27589.44,128,30443.52
375,20230701,201,153,27370.17,112,20035.68
376,20230701,242,117,20085.39,95,16308.65
377,20230701,399,138,7213.26,155,8101.85
378,20230701,325,127,28426.41,147,32903.01
379,20230701,291,116,20668.88,123,21916.14
380,20230701,653,147,30877.35,185,38859.25
381,20230701,50,161,40840.87,124,31455.08
382,20230701,307,120,15664.8,113,14751.02
383,20230701,476,133,31278.94,98,23047.64
384,20230701,594,144,13422.24,159,14820.39
385,20230701,574,164,48004.44,125,36588.75
386,20230701,206,113,4092.86,91,3296.02
387,20230701,203,157,56196.58,119,42594.86
388,20230701,530,110,26292.2,115,27487.3
389,20230701,37,147,60006.87,175,71436.75
390,20230701,738,120,26862.0,105,23504.25
391,20230701,170,114,38379.24,124,41745.84
392,20230701,600,130,8650.2,143,9515.22
393,20230701,433,133,8109.01,172,10486.84
394,20230701,777,127,14796.77,94,10951.94
395,20230701,315,118,34952.78,129,38211.09
396,20230701,59,167,11958.87,173,12388.53
397,20230701,339,119,17576.3,150,22155.0
398,20230701,186,138,26498.76,170,32643.4
399,20230701,514,123,41875.35,114,38811.3
400,20230701,614,112,1214.08,123,1333.32
401,20230701,327,102,3216.06,82,2585.46
402,20230701,329,146,39291.52,118,31756.16
403,20230701,228,99,20895.93,80,16885.6
404,20230701,13,126,12329.1,163,15949.55
405,20230701,284,125,1996.25,92,1469.24
406,20230701,75,125,14691.25,90,10577.7
407,20230701,275,130,4546.1,98,3427.06
408,20230701,710,131,6830.34,118,6152.52
409,20230701,668,174,21001.8,158,19070.6
410,20230701,82,127,38046.66,124,37147.92
411,20230701,142,141,36510.54,182,47127.08
412,20230701,341,139,7480.98,111,5974.02
413,20230701,100,143,9110.53,140,8919.4
414,20230701,642,120,11235.6,88,8239.44
415,20230701,538,144,12450.24,174,15044.04
416,20230701,635,127,6793.23,118,6311.82
417,20230701,309,120,32427.6,96,25942.08
418,20230701,549,137,16027.63,113,13219.87
419,20230701,424,146,24081.24,150,24741.0
420,20230701,649,108,28887.84,139,37179.72
421,20230801,134,111,33256.71,110,32957.1
422,20230801,352,144,39208.32,174,47376.72
423,20230801,80,123,29271.54,117,27843.66
424,20230801,718,140,30242.8,168,36291.36
425,20230801,218,150,29053.5,161,31184.09
426,20230801,59,109,7805.49,98,7017.78
427,20230801,436,116,36353.24,131,41054.09
428,20230801,254,162,14743.62,154,14015.54
429,20230801,785,129,35113.8,110,29942.0
430,20230801,280,142,6311.9,134,5956.3
431,20230801,304,136,9792.0,167,12024.0
432,20230801,424,159,26225.46,155,25565.7
433,20230801,382,124,6314.08,96,4888.32
434,20230801,269,137,2145.42,169,2646.54
435,20230801,205,131,10791.78,100,8238.0
436,20230801,403,123,25896.42,122,25685.88
437,20230801,133,103,16236.92,93,14660.52
438,20230801,700,133,21176.26,133,21176.26
439,20230801,256,130,14075.1,168,18189.36
440,20230801,757,141,16709.91,104,12325.04
441,20230801,242,134,23003.78,128,21973.76
442,20230801,621,109,25964.89,131,31205.51
443,20230801,754,160,65372.8,188,76813.04
444,20230801,355,162,24492.78,168,25399.92
445,20230801,556,120,40840.8,125,42542.5
446,20230801,2,117,12728.43,83,9029.57
447,20230801,71,113,9203.85,112,9122.4
448,20230801,106,173,13864.22,175,14024.5
449,20230801,377,159,36096.18,179,40636.58
450,20230801,42,129,31723.68,129,31723.68
451,20230801,444,165,44792.55,205,55651.35
452,20230801,696,133,24098.27,125,22648.75
453,20230801,34,142,31051.14,105,22960.35
454,20230801,633,134,7726.44,151,8706.66
455,20230801,593,153,53320.5,107,37289.5
456,20230801,137,126,2260.44,143,2565.42
457,20230801,566,115,9694.5,112,9441.6
458,20230801,759,147,33527.76,179,40826.32
459,20230801,289,136,7214.8,159,8434.95
460,20230801,261,144,30561.12,132,28014.36
461,20230801,264,155,1584.1,195,1992.9
462,20230801,798,132,17243.16,119,15544.97
463,20230801,161,125,25315.0,134,27137.68
464,20230801,198,132,8156.28,97,5993.63
465,20230801,271,142,25818.44,110,20000.2
466,20230801,715,101,17209.39,129,21980.31
467,20230801,239,142,25231.98,150,26653.5
468,20230801,84,114,8431.44,145,10724.2
469,20230801,85,153,8098.29,167,8839.31
470,20230801,361,119,25990.79,127,27738.07
471,20230801,417,139,33825.65,119,28958.65
472,20230801,72,123,14725.56,152,18197.44
473,20230801,409,141,30994.62,119,26158.58
474,20230801,416,141,18143.88,114,14669.52
475,20230801,585,125,20407.5,100,16326.0
476,20230801,320,135,27661.5,136,27866.4
477,20230801,281,129,32698.92,92,23320.16
478,20230801,47,157,35472.58,118,26660.92
479,20230801,170,166,55885.56,180,60598.8
480,20230801,333,153,48317.4,135,42633.0
481,20230901,5,136,22195.2,157,25622.4
482,20230901,131,106,2601.24,126,3092.04
483,20230901,582,172,72100.68,167,70004.73
484,20230901,186,119,22850.38,88,16897.76
485,20230901,562,128,24162.56,118,22274.86
486,20230901,511,129,14796.3,155,17778.5
487,20230901,472,133,4105.71,110,3395.7
488,20230901,495,128,2717.44,154,3269.42
489,20230901,438,160,6558.4,124,5082.76
490,20230901,708,127,17870.17,122,17166.62
491,20230901,691,154,24715.46,181,29048.69
492,20230901,416,111,14283.48,136,17500.48
493,20230901,613,151,6968.65,118,5445.7
494,20230901,340,139,35718.83,157,40344.29
495,20230901,673,167,70806.33,200,84798.0
496,20230901,427,145,60328.7,130,54087.8
497,20230901,799,116,19992.6,143,24646.05
498,20230901,608,122,12585.52,109,11244.44
499,20230901,168,151,21118.86,173,24195.78
500,20230901,642,133,12452.79,154,14419.02
501,20230901,396,102,17071.74,109,18243.33
502,20230901,422,136,6978.16,139,7132.09
503,20230901,745,125,26912.5,100,21530.0
504,20230901,372,149,1779.06,158,1886.52
505,20230901,551,183,7274.25,167,6638.25
506,20230901,206,139,5034.58,153,5541.66
507,20230901,729,122,43557.66,155,55339.65
508,20230901,769,132,12301.08,121,11275.99
509,20230901,480,117,49804.56,151,64277.68
510,20230901,201,136,24329.04,145,25939.05
511,20230901,534,116,12965.32,103,11512.31
512,20230901,456,166,36393.84,131,28720.44
513,20230901,373,153,36746.01,171,41069.07
514,20230901,752,125,10442.5,157,13115.78
515,20230901,601,127,2221.23,136,2378.64
516,20230901,571,150,47956.5,111,35487.81
517,20230901,718,151,32619.02,193,41691.86
518,20230901,75,134,15749.02,147,17276.91
519,20230901,19,113,28516.68,120,30283.2
520,20230901,90,141,32212.86,156,35639.76
521,20230901,648,108,3660.12,86,2914.54
522,20230901,603,136,31054.24,98,22377.32
523,20230901,564,157,22432.16,198,28290.24
524,20230901,628,130,15301.0,97,11416.9
525,20230901,491,124,20860.52,110,18505.3
526,20230901,363,158,17914.04,121,13718.98
527,20230901,619,152,14701.44,189,18280.08
528,20230901,738,120,26862.0,122,27309.7
529,20230901,329,148,39829.76,144,38753.28
530,20230901,485,151,18905.2,171,21409.2
531,20230901,191,116,38339.16,96,31728.96
532,20230901,583,130,23756.2,96,17543.04
533,20230901,715,118,20106.02,134,22832.26
534,20230901,766,160,33627.2,134,28162.78
535,20230901,647,134,24749.8,137,25303.9
536,20230901,16,156,19019.52,128,15605.76
537,20230901,115,116,29965.12,104,26865.28
538,20230901,274,145,26875.75,183,33919.05
539,20230901,280,136,6045.2,168,7467.6
540,20230901,739,145,36064.4,187,46510.64
541,20231001,630,141,47910.39,177,60142.83
542,20231001,285,144,29504.16,125,25611.25
543,20231001,175,91,27624.87,100,30357.0
544,20231001,431,153,4160.07,154,4187.26
545,20231001,560,119,4786.18,147,5912.34
546,20231001,761,104,41920.32,77,31037.16
547,20231001,612,123,30103.02,124,30347.76
548,20231001,330,150,43224.0,156,44952.96
549,20231001,516,126,9576.0,145,11020.0
550,20231001,448,137,3851.07,111,3120.21
551,20231001,130,114,12362.16,82,8892.08
552,20231001,76,137,31103.11,171,38822.13
553,20231001,10,128,6741.76,123,6478.41
554,20231001,707,137,30923.64,166,37469.52
555,20231001,764,166,6336.22,197,7519.49
556,20231001,349,155,46627.1,188,56554.16
557,20231001,538,133,11499.18,171,14784.66
558,20231001,270,131,19377.52,111,16419.12
559,20231001,433,144,8779.68,123,7499.31
560,20231001,500,147,58009.14,126,49722.12
561,20231001,64,128,30571.52,92,21973.28
562,20231001,561,137,30571.55,112,24992.8
563,20231001,600,138,9182.52,178,11844.12
564,20231001,622,111,10788.09,124,12051.56
565,20231001,647,113,20871.1,143,26412.1
566,20231001,472,130,4013.1,143,4414.41
567,20231001,790,148,17348.56,132,15473.04
568,20231001,773,111,5426.79,139,6795.71
569,20231001,457,131,7921.57,112,6772.64
570,20231001,51,138,11095.2,179,14391.6
571,20231001,390,140,36379.0,132,34300.2
572,20231001,627,167,54004.46,138,44626.44
573,20231001,120,129,24177.18,131,24552.02
574,20231001,638,152,5397.52,117,4154.67
575,20231001,598,118,13180.6,94,10499.8
576,20231001,740,125,29912.5,110,26323.0
577,20231001,25,120,6038.4,136,6843.52
578,20231001,201,128,22897.92,97,17352.33
579,20231001,700,157,24997.54,166,26430.52
580,20231001,392,166,24710.76,140,20840.4
581,20231001,145,154,34220.34,195,43330.95
582,20231001,264,129,1318.38,93,950.46
583,20231001,525,114,38057.76,140,46737.6
584,20231001,374,138,45606.24,146,48250.08
585,20231001,710,111,5787.54,102,5318.28
586,20231001,279,132,39202.68,101,29995.99
587,20231001,545,123,3014.73,135,3308.85
588,20231001,338,118,25296.84,103,22081.14
589,20231001,197,139,20984.83,120,18116.4
590,20231001,177,144,10451.52,118,8564.44
591,20231001,109,106,39703.36,81,30339.36
592,20231001,281,123,31178.04,102,25854.96
593,20231001,361,128,27956.48,110,24025.1
594,20231001,54,173,23043.6,211,28105.2
595,20231001,484,142,2188.22,149,2296.09
596,20231001,191,156,51559.56,189,62466.39
597,20231001,61,125,1125.0,123,1107.0
598,20231001,648,96,3253.44,87,2948.43
599,20231001,326,172,46013.44,144,38522.88
600,20231001,21,133,37150.89,107,29888.31
601,20231101,166,119,33030.83,97,26924.29
602,20231101,128,136,5679.36,109,4551.84
603,20231101,413,162,16028.28,160,15830.4
604,20231101,654,126,28182.42,88,19682.96
605,20231101,711,151,13491.85,174,15546.9
606,20231101,123,136,16725.28,139,17094.22
607,20231101,246,107,31011.81,92,26664.36
608,20231101,637,152,11150.72,172,12617.92
609,20231101,716,124,12104.88,148,14447.76
610,20231101,672,152,16194.08,166,17685.64
611,20231101,150,106,11433.16,122,13158.92
612,20231101,572,136,13066.88,103,9896.24
613,20231101,504,137,3360.61,143,3507.79
614,20231101,269,103,1612.98,106,1659.96
615,20231101,354,94,22183.06,103,24306.97
616,20231101,590,133,8809.92,149,9869.76
617,20231101,730,167,36467.79,122,26641.14
618,20231101,699,110,7250.1,129,8502.39
619,20231101,263,107,9355.01,79,6906.97
620,20231101,288,127,3716.02,146,4271.96
621,20231101,230,146,8145.34,109,6081.11
622,20231101,440,126,14345.1,89,10132.65
623,20231101,744,155,15345.0,115,11385.0
624,20231101,46,149,50433.52,118,39940.64
625,20231101,35,179,2903.38,200,3244.0
626,20231101,203,183,65503.02,221,79104.74
627,20231101,359,112,17557.12,106,16616.56
628,20231101,605,145,23417.5,183,29554.5
629,20231101,480,112,47676.16,122,51932.96
630,20231101,624,147,3185.49,184,3987.28
631,20231101,537,127,15968.98,160,20118.4
632,20231101,234,132,42094.8,105,33484.5
633,20231101,636,132,18485.28,170,23806.8
634,20231101,133,102,16079.28,122,19232.08
635,20231101,800,179,24838.04,140,19426.4
636,20231101,761,170,68523.6,123,49578.84
637,20231101,89,118,9901.38,146,12250.86
638,20231101,280,127,5645.15,121,5378.45
639,20231101,435,111,25241.4,114,25923.6
640,20231101,291,159,28330.62,157,27974.26
641,20231101,312,126,25900.56,162,33300.72
642,20231101,456,131,28720.44,143,31351.32
643,20231101,563,115,4731.1,88,3620.32
644,20231101,122,121,23391.72,146,28224.72
645,20231101,733,119,25977.7,87,18992.1
646,20231101,61,134,1206.0,155,1395.0
647,20231101,509,165,14881.35,140,12626.6
648,20231101,401,130,24566.1,116,21920.52
649,20231101,340,109,28009.73,104,26724.88
650,20231101,569,131,41770.66,97,30929.42
651,20231101,278,116,29692.52,107,27388.79
652,20231101,146,129,24255.87,136,25572.08
653,20231101,383,109,6075.66,118,6577.32
654,20231101,350,168,32807.04,132,25776.96
655,20231101,745,126,27127.8,138,29711.4
656,20231101,151,150,67923.0,193,87394.26
657,20231101,658,136,37720.96,156,43268.16
658,20231101,404,168,41949.6,135,33709.5
659,20231101,363,147,16666.86,177,20068.26
660,20231101,384,116,6088.84,92,4829.08
661,20231201,257,152,23321.36,195,29918.85
662,20231201,386,184,33887.28,203,37386.51
663,20231201,91,142,27198.68,166,31795.64
664,20231201,366,138,53117.58,125,48113.75
665,20231201,243,129,3955.14,122,3740.52
666,20231201,417,138,33582.3,105,25551.75
667,20231201,639,153,31973.94,171,35735.58
668,20231201,92,112,27179.04,127,30819.09
669,20231201,486,111,22673.97,143,29210.61
670,20231201,792,125,17786.25,89,12663.81
671,20231201,385,128,10981.12,135,11581.65
672,20231201,507,122,32486.16,95,25296.6
673,20231201,752,121,10108.34,136,11361.44
674,20231201,695,148,32491.92,150,32931.0
675,20231201,119,156,52083.72,112,37393.44
676,20231201,344,161,17370.29,203,21901.67
677,20231201,528,159,58124.04,202,73843.12
678,20231201,374,179,59155.92,217,71714.16
679,20231201,48,135,10381.5,97,7459.3
680,20231201,690,158,20304.58,148,19019.48
681,20231201,774,148,14850.32,165,16556.1
682,20231201,658,136,37720.96,131,36334.16
683,20231201,82,96,28759.68,83,24865.14
684,20231201,505,148,21245.4,176,25264.8
685,20231201,155,128,21505.28,93,15624.93
686,20231201,347,129,7567.14,110,6452.6
687,20231201,470,108,20112.84,88,16388.24
688,20231201,361,147,32106.27,165,36037.65
689,20231201,339,164,24222.8,148,21859.6
690,20231201,728,146,3502.54,188,4510.12
691,20231201,194,131,41207.36,131,41207.36
692,20231201,176,124,19242.32,126,19552.68
693,20231201,556,160,54454.4,176,59899.84
694,20231201,761,177,71345.16,159,64089.72
695,20231201,229,114,19230.66,110,18555.9
696,20231201,348,140,32687.2,176,41092.48
697,20231201,25,148,7447.36,105,5283.6
698,20231201,247,111,12888.21,106,12307.66
699,20231201,498,112,34664.0,112,34664.0
700,20231201,423,146,3823.74,171,4478.49
701,20231201,161,120,24302.4,118,23897.36
702,20231201,521,128,33405.44,90,23488.2
703,20231201,573,118,17242.16,129,18849.48
704,20231201,511,128,14681.6,143,16402.1
705,20231201,295,144,31289.76,152,33028.08
706,20231201,19,170,42901.2,198,49967.28
707,20231201,502,138,49492.32,159,57023.76
708,20231201,327,126,3972.78,158,4981.74
709,20231201,250,126,28176.12,92,20573.04
710,20231201,773,115,5622.35,122,5964.58
711,20231201,341,114,6135.48,95,5112.9
712,20231201,181,153,52313.76,138,47184.96
713,20231201,414,158,31053.32,176,34591.04
714,20231201,610,138,4407.72,150,4791.0
715,20231201,220,141,37710.45,168,44931.6
716,20231201,270,128,18933.76,134,19821.28
717,20231201,353,155,35650.0,165,37950.0
718,20231201,24,158,20002.8,141,17850.6
719,20231201,488,128,30456.32,149,35453.06
720,20231201,205,159,13098.42,113,9308.94
721,20240101,166,119,33030.83,108,29977.56
722,20240101,128,135,5637.6,173,7224.48
723,20240101,413,134,13257.96,146,14445.24
724,20240101,654,139,31090.13,102,22814.34
725,20240101,711,126,11258.1,130,11615.5
726,20240101,123,176,21644.48,132,16233.36
727,20240101,246,124,35938.92,123,35649.09
728,20240101,637,155,11370.8,144,10563.84
729,20240101,716,156,15228.72,136,13276.32
730,20240101,672,147,15661.38,129,13743.66
731,20240101,150,127,13698.22,111,11972.46
732,20240101,572,130,12490.4,105,10088.4
733,20240101,504,130,3188.9,152,3728.56
734,20240101,269,143,2239.38,128,2004.48
735,20240101,354,138,32566.62,172,40590.28
736,20240101,590,130,8611.2,106,7021.44
737,20240101,730,143,31226.91,101,22055.37
738,20240101,699,141,9293.31,143,9425.13
739,20240101,263,111,9704.73,102,8917.86
740,20240101,288,114,3335.64,92,2691.92
741,20240101,230,153,8535.87,133,7420.07
742,20240101,440,134,15255.9,144,16394.4
743,20240101,744,138,13662.0,109,10791.0
744,20240101,46,162,54833.76,183,61941.84
745,20240101,35,130,2108.6,136,2205.92
746,20240101,203,121,43310.74,134,47963.96
747,20240101,359,133,20849.08,132,20692.32
748,20240101,605,115,18572.5,93,15019.5
749,20240101,480,102,43419.36,115,48953.2
750,20240101,624,118,2557.06,104,2253.68
751,20240101,537,149,18735.26,105,13202.7
752,20240101,234,129,41138.1,109,34760.1
753,20240101,636,107,14984.28,76,10643.04
754,20240101,133,133,20966.12,145,22857.8
755,20240101,800,163,22617.88,184,25531.84
756,20240101,761,106,42726.48,79,31843.32
757,20240101,89,120,10069.2,149,12502.59
758,20240101,280,110,4889.5,135,6000.75
759,20240101,435,103,23422.2,120,27288.0
760,20240101,291,133,23697.94,119,21203.42
761,20240101,312,162,33300.72,200,41112.0
762,20240101,456,150,32886.0,122,26747.28
763,20240101,563,128,5265.92,107,4401.98
764,20240101,122,135,26098.2,161,31124.52
765,20240101,733,138,30125.4,157,34273.1
766,20240101,61,150,1350.0,185,1665.0
767,20240101,509,101,9109.19,117,10552.23
768,20240101,401,130,24566.1,145,27400.65
769,20240101,340,148,38031.56,150,38545.5
770,20240101,569,106,33799.16,113,36031.18
771,20240101,278,128,32764.16,152,38907.44
772,20240101,146,149,28016.47,135,25384.05
773,20240101,383,128,7134.72,119,6633.06
774,20240101,350,135,26362.8,100,19528.0
775,20240101,745,124,26697.2,107,23037.1
776,20240101,151,167,75620.94,151,68375.82
777,20240101,658,122,33837.92,150,41604.0
778,20240101,404,134,33459.8,126,31462.2
779,20240101,363,116,13152.08,101,11451.38
780,20240101,384,120,6298.8,142,7453.58
781,20240201,257,124,19025.32,145,22247.35
782,20240201,386,162,29835.54,145,26704.65
783,20240201,91,142,27198.68,138,26432.52
784,20240201,366,131,50423.21,112,43109.92
785,20240201,243,134,4108.44,130,3985.8
786,20240201,417,113,27498.55,93,22631.55
787,20240201,639,186,38870.28,197,41169.06
788,20240201,92,145,35187.15,172,41739.24
789,20240201,486,158,32274.66,197,40241.19
790,20240201,792,146,20774.34,180,25612.2
791,20240201,385,179,15356.41,205,17586.95
792,20240201,507,164,43669.92,134,35681.52
793,20240201,752,124,10358.96,145,12113.3
794,20240201,695,113,24808.02,111,24368.94
795,20240201,119,148,49412.76,117,39062.79
796,20240201,344,130,14025.7,159,17154.51
797,20240201,528,121,44232.76,126,46060.56
798,20240201,374,171,56512.08,198,65435.04
799,20240201,48,164,12611.6,133,10227.7
800,20240201,690,131,16834.81,97,12465.47
801,20240201,774,132,13244.88,152,15251.68
802,20240201,658,132,36611.52,105,29122.8
803,20240201,82,116,34751.28,97,29059.26
804,20240201,505,168,24116.4,126,18087.3
805,20240201,155,136,22849.36,123,20665.23
806,20240201,347,129,7567.14,152,8916.32
807,20240201,470,145,27003.35,183,34080.09
808,20240201,361,120,26209.2,102,22277.82
809,20240201,339,135,19939.5,134,19791.8
810,20240201,728,125,2998.75,125,2998.75
811,20240201,194,151,47498.56,137,43094.72
812,20240201,176,149,23121.82,166,25759.88
813,20240201,556,151,51391.34,107,36416.38
814,20240201,761,124,49981.92,104,41920.32
815,20240201,229,122,20580.18,97,16362.93
816,20240201,348,139,32453.72,171,39925.08
817,20240201,25,114,5736.48,82,4126.24
818,20240201,247,141,16371.51,182,21132.02
819,20240201,498,157,48591.5,173,53543.5
820,20240201,423,135,3535.65,96,2514.24
821,20240201,161,120,24302.4,86,17416.72
822,20240201,521,105,27402.9,105,27402.9
823,20240201,573,141,20602.92,144,21041.28
824,20240201,511,125,14337.5,156,17893.2
825,20240201,295,168,36504.72,158,34331.82
826,20240201,19,136,34320.96,120,30283.2
827,20240201,502,103,36939.92,122,43754.08
828,20240201,327,117,3689.01,112,3531.36
829,20240201,250,151,33766.62,150,33543.0
830,20240201,773,122,5964.58,116,5671.24
831,20240201,341,139,7480.98,154,8288.28
832,20240201,181,110,37611.2,116,39662.72
833,20240201,414,151,29677.54,149,29284.46
834,20240201,610,183,5845.02,235,7505.9
835,20240201,220,139,37175.55,123,32896.35
836,20240201,270,133,19673.36,107,15827.44
837,20240201,353,143,32890.0,118,27140.0
838,20240201,24,126,15951.6,126,15951.6
839,20240201,488,138,32835.72,153,36404.82
840,20240201,205,119,9803.22,132,10874.16
841,20240301,537,134,16849.16,117,14711.58
842,20240301,387,152,10044.16,186,12290.88
843,20240301,290,128,41352.96,163,52660.41
844,20240301,263,158,13813.94,130,11365.9
845,20240301,83,136,1716.32,102,1287.24
846,20240301,408,119,8885.73,89,6645.63
847,20240301,656,149,39411.99,125,33063.75
848,20240301,466,140,44052.4,117,36815.22
849,20240301,721,109,27158.44,124,30895.84
850,20240301,341,149,8019.18,131,7050.42
851,20240301,250,141,31530.42,107,23927.34
852,20240301,331,127,36158.17,147,41852.37
853,20240301,731,174,74030.04,214,91048.44
854,20240301,79,163,41268.34,175,44306.5
855,20240301,386,149,27441.33,151,27809.67
856,20240301,450,162,58541.94,124,44809.88
857,20240301,351,95,33144.55,85,29655.65
858,20240301,344,114,12299.46,134,14457.26
859,20240301,752,114,9523.56,135,11277.9
860,20240301,472,138,4260.06,159,4908.33
861,20240301,599,127,28528.01,140,31448.2
862,20240301,598,135,15079.5,126,14074.2
863,20240301,603,123,28085.82,112,25574.08
864,20240301,730,155,33847.35,180,39306.6
865,20240301,146,124,23315.72,145,27264.35
866,20240301,78,156,22932.0,184,27048.0
867,20240301,52,152,3213.28,186,3932.04
868,20240301,498,150,46425.0,179,55400.5
869,20240301,608,148,15267.68,161,16608.76
870,20240301,515,165,21105.15,139,17779.49
871,20240301,615,153,16504.11,145,15641.15
872,20240301,154,119,30631.79,153,39383.73
873,20240301,63,119,6916.28,117,6800.04
874,20240301,206,127,4599.94,140,5070.8
875,20240301,359,112,17557.12,139,21789.64
876,20240301,783,120,30481.2,127,32259.27
877,20240301,305,165,30247.8,134,24564.88
878,20240301,173,138,48685.02,168,59268.72
879,20240301,190,112,5156.48,90,4143.6
880,20240301,712,168,19822.32,165,19468.35
881,20240301,604,135,14172.3,152,15956.96
882,20240301,166,151,41913.07,129,35806.53
883,20240301,40,134,33014.92,170,41884.6
884,20240301,370,133,35002.94,146,38424.28
885,20240301,108,120,2938.8,150,3673.5
886,20240301,277,150,46206.0,130,40045.2
887,20240301,756,128,50464.0,155,61108.75
888,20240301,120,153,28675.26,133,24926.86
889,20240301,746,132,51990.84,159,62625.33
890,20240301,155,139,23353.39,134,22513.34
891,20240301,266,160,41595.2,137,35615.89
892,20240301,270,129,19081.68,97,14348.24
893,20240301,436,131,41054.09,140,43874.6
894,20240301,92,137,33245.79,144,34944.48
895,20240301,82,149,44637.42,130,38945.4
896,20240301,175,121,36731.97,139,42196.23
897,20240301,393,130,2915.9,128,2871.04
898,20240301,22,129,13604.34,104,10967.84
899,20240301,580,146,41246.46,139,39268.89
900,20240301,508,92,33024.32,70,25127.2
901,20240401,751,125,12357.5,116,11467.76
902,20240401,789,110,45426.7,134,55337.98
903,20240401,427,100,41606.0,101,42022.06
904,20240401,239,151,26831.19,132,23455.08
905,20240401,428,118,45953.92,113,44006.72
906,20240401,310,132,9394.44,158,11244.86
907,20240401,69,112,22588.16,103,20773.04
908,20240401,245,176,22783.2,146,18899.7
909,20240401,543,144,23639.04,153,25116.48
910,20240401,19,154,38863.44,193,48705.48
911,20240401,30,125,40665.0,119,38713.08
912,20240401,483,159,26683.38,125,20977.5
913,20240401,589,152,13336.48,153,13424.22
914,20240401,96,154,31546.9,165,33800.25
915,20240401,485,99,12394.8,120,15024.0
916,20240401,601,126,2203.74,136,2378.64
917,20240401,507,126,33551.28,135,35947.8
918,20240401,304,172,12384.0,215,15480.0
919,20240401,414,145,28498.3,103,20243.62
920,20240401,440,106,12068.1,105,11954.25
921,20240401,159,156,21581.04,119,16462.46
922,20240401,101,127,40844.47,112,36020.32
923,20240401,255,139,44126.94,99,31428.54
924,20240401,190,128,5893.12,140,6445.6
925,20240401,521,131,34188.38,163,42539.74
926,20240401,691,176,28246.24,186,29851.14
927,20240401,277,109,33576.36,118,36348.72
928,20240401,642,150,14044.5,163,15261.69
929,20240401,31,118,33181.6,145,40774.0
930,20240401,439,155,54380.2,192,67361.28
931,20240401,449,112,2532.32,142,3210.62
932,20240401,610,127,4056.38,163,5206.22
933,20240401,636,157,21986.28,159,22266.36
934,20240401,778,131,32577.08,105,26111.4
935,20240401,57,116,2400.04,150,3103.5
936,20240401,608,161,16608.76,146,15061.36
937,20240401,491,155,26075.65,108,18168.84
938,20240401,649,165,44134.2,177,47343.96
939,20240401,53,129,35388.57,141,38680.53
940,20240401,154,171,44017.11,194,49937.54
941,20240401,785,144,39196.8,139,37835.8
942,20240401,638,167,5930.17,137,4864.87
943,20240401,713,117,38025.0,84,27300.0
944,20240401,352,143,38936.04,166,45198.48
945,20240401,753,137,41946.66,124,37966.32
946,20240401,133,114,17970.96,82,12926.48
947,20240401,325,113,25292.79,142,31783.86
948,20240401,12,138,36289.86,109,28663.73
949,20240401,145,134,29776.14,137,30442.77
950,20240401,532,132,43335.6,146,47931.8
951,20240401,388,135,28237.95,169,35349.73
952,20240401,8,111,23456.52,96,20286.72
953,20240401,22,120,12655.2,122,12866.12
954,20240401,754,144,58835.52,171,69867.18
955,20240401,579,131,31606.37,126,30400.02
956,20240401,582,153,64136.07,175,73358.25
957,20240401,178,115,27757.55,108,26067.96
958,20240401,497,169,52665.47,150,46744.5
959,20240401,150,167,18012.62,144,15531.84
960,20240401,477,105,26611.2,126,31933.44
961,20240501,158,132,10727.64,127,10321.29
962,20240501,117,128,8513.28,153,10176.03
963,20240501,420,139,17066.42,110,13505.8
964,20240501,399,123,6429.21,88,4599.76
965,20240501,301,102,24663.6,98,23696.4
966,20240501,764,130,4962.1,111,4236.87
967,20240501,594,126,11744.46,143,13329.03
968,20240501,46,126,42648.48,144,48741.12
969,20240501,431,124,3371.56,97,2637.43
970,20240501,94,167,1968.93,196,2310.84
971,20240501,534,113,12630.01,121,13524.17
972,20240501,292,156,50561.16,117,37920.87
973,20240501,216,140,47115.6,144,48461.76
974,20240501,297,138,28056.78,157,31919.67
975,20240501,769,152,14164.88,136,12673.84
976,20240501,192,113,16077.64,118,16789.04
977,20240501,459,150,6267.0,146,6099.88
978,20240501,256,165,17864.55,124,13425.48
979,20240501,359,144,22573.44,155,24297.8
980,20240501,438,133,5451.67,110,4508.9
981,20240501,421,152,12546.08,137,11307.98
982,20240501,361,105,22933.05,76,16599.16
983,20240501,295,135,29334.15,170,36939.3
984,20240501,364,149,8644.98,179,10385.58
985,20240501,257,136,20866.48,131,20099.33
986,20240501,97,169,51000.82,200,60356.0
987,20240501,11,125,6802.5,110,5986.2
988,20240501,238,118,27447.98,149,34658.89
989,20240501,423,131,3430.89,150,3928.5
990,20240501,561,134,29902.1,119,26554.85
991,20240501,502,148,53078.72,105,37657.2
992,20240501,414,166,32625.64,144,28301.76
993,20240501,799,121,20854.35,152,26197.2
994,20240501,251,160,56152.0,137,48080.15
995,20240501,22,136,14342.56,176,18560.96
996,20240501,463,109,22170.6,84,17085.6
997,20240501,528,142,51909.52,118,43136.08
998,20240501,356,101,12971.43,107,13742.01
999,20240501,8,155,32754.6,132,27894.24
1000,20240501,67,135,29774.25,129,28450.95
1001,20240501,215,152,27303.76,171,30716.73
1002,20240501,629,136,29594.96,126,27418.86
1003,20240501,707,106,23926.32,94,21217.68
1004,20240501,728,121,2902.79,99,2375.01
1005,20240501,398,144,10198.08,109,7719.38
1006,20240501,689,128,13135.36,136,13956.32
1007,20240501,477,128,32440.32,93,23569.92
1008,20240501,170,119,40062.54,121,40735.86
1009,20240501,303,113,11884.21,83,8729.11
1010,20240501,531,130,2433.6,140,2620.8
1011,20240501,266,129,33536.13,99,25737.03
1012,20240501,619,114,11026.08,99,9575.28
1013,20240501,355,117,17689.23,105,15874.95
1014,20240501,607,135,24553.8,103,18733.64
1015,20240501,485,175,21910.0,196,24539.2
1016,20240501,180,108,2706.48,79,1979.74
1017,20240501,262,139,33059.76,143,34011.12
1018,20240501,760,144,46298.88,107,34402.64
1019,20240501,107,119,10999.17,141,13032.63
1020,20240501,648,123,4168.47,109,3694.01
1021,20240601,108,172,4212.28,174,4261.26
1022,20240601,712,131,15456.69,155,18288.45
1023,20240601,355,152,22980.88,180,27214.2
1024,20240601,598,177,19770.9,220,24574.0
1025,20240601,198,138,8527.02,139,8588.81
1026,20240601,405,156,36653.76,150,35244.0
1027,20240601,504,101,2477.53,116,2845.48
1028,20240601,670,163,37261.8,117,26746.2
1029,20240601,523,170,25780.5,168,25477.2
1030,20240601,787,139,30940.01,148,32943.32
1031,20240601,663,132,40237.56,162,49382.46
1032,20240601,444,132,35834.04,113,30676.11
1033,20240601,357,103,3507.15,126,4290.3
1034,20240601,727,136,4070.48,172,5147.96
1035,20240601,10,162,8532.54,183,9638.61
1036,20240601,668,131,15811.7,165,19915.5
1037,20240601,578,139,45904.75,106,35006.5
1038,20240601,138,129,37032.03,118,33874.26
1039,20240601,542,136,16113.28,101,11966.48
1040,20240601,159,118,16324.12,128,17707.52
1041,20240601,409,142,31214.44,152,33412.64
1042,20240601,186,133,25538.66,122,23426.44
1043,20240601,534,111,12406.47,107,11959.39
1044,20240601,512,166,10863.04,188,12302.72
1045,20240601,587,95,25999.6,71,19431.28
1046,20240601,723,127,49898.3,112,44004.8
1047,20240601,363,150,17007.0,192,21768.96
1048,20240601,93,156,9579.96,149,9150.09
1049,20240601,312,166,34122.96,168,34534.08
1050,20240601,106,116,9296.24,135,10818.9
1051,20240601,425,124,19310.52,118,18376.14
1052,20240601,655,125,8867.5,97,6881.18
1053,20240601,167,98,23132.9,111,26201.55
1054,20240601,252,151,3933.55,191,4975.55
1055,20240601,163,153,5475.87,125,4473.75
1056,20240601,373,146,35064.82,186,44671.62
1057,20240601,427,107,44518.42,114,47430.84
1058,20240601,89,113,9481.83,100,8391.0
1059,20240601,397,117,17503.2,93,13912.8
1060,20240601,562,147,27749.19,145,27371.65
1061,20240601,582,135,56590.65,143,59944.17
1062,20240601,735,157,19155.57,158,19277.58
1063,20240601,653,142,29827.1,176,36968.8
1064,20240601,121,128,38248.96,141,42133.62
1065,20240601,647,119,21979.3,133,24565.1
1066,20240601,276,142,9471.4,154,10271.8
1067,20240601,229,119,20074.11,100,16869.0
1068,20240601,489,108,27940.68,137,35443.27
1069,20240601,630,131,44512.49,119,40435.01
1070,20240601,691,124,19900.76,142,22789.58
1071,20240601,172,113,6705.42,110,6527.4
1072,20240601,568,163,4492.28,119,3279.64
1073,20240601,311,147,52993.5,131,47225.5
1074,20240601,118,142,58273.96,118,48424.84
1075,20240601,774,171,17158.14,200,20068.0
1076,20240601,31,123,34587.6,146,41055.2
1077,20240601,323,128,28311.04,142,31407.56
1078,20240601,193,109,18713.12,81,13906.08
1079,20240601,319,141,39974.91,108,30619.08
1080,20240601,129,139,39722.03,106,30291.62
1081,20240701,562,123,23218.71,104,19632.08
1082,20240701,552,126,26685.54,137,29015.23
1083,20240701,443,185,69602.55,238,89542.74
1084,20240701,283,135,36956.25,98,26827.5
1085,20240701,355,133,20108.27,152,22980.88
1086,20240701,742,127,28277.82,119,26496.54
1087,20240701,439,144,50520.96,151,52976.84
1088,20240701,756,116,45733.0,94,37059.5
1089,20240701,46,157,53141.36,167,56526.16
1090,20240701,353,94,21620.0,82,18860.0
1091,20240701,565,161,6539.82,131,5321.22
1092,20240701,244,142,50780.62,127,45416.47
1093,20240701,234,135,43051.5,151,48153.9
1094,20240701,262,134,31870.56,100,23784.0
1095,20240701,201,140,25044.6,173,30947.97
1096,20240701,242,151,25922.17,154,26437.18
1097,20240701,399,131,6847.37,115,6011.05
1098,20240701,325,153,34245.99,198,44318.34
1099,20240701,291,134,23876.12,102,18174.36
1100,20240701,653,129,27096.45,157,32977.85
1101,20240701,50,114,28918.38,84,21308.28
1102,20240701,307,123,16056.42,157,20494.78
1103,20240701,476,155,36452.9,122,28691.96
1104,20240701,594,115,10719.15,111,10346.31
1105,20240701,574,137,40101.27,127,37174.17
1106,20240701,206,152,5505.44,152,5505.44
1107,20240701,203,135,48321.9,155,55480.7
1108,20240701,530,114,27248.28,111,26531.22
1109,20240701,37,133,54291.93,99,40412.79
1110,20240701,738,125,27981.25,107,23951.95
1111,20240701,170,143,48142.38,174,58578.84
1112,20240701,600,129,8583.66,120,7984.8
1113,20240701,433,147,8962.59,134,8169.98
1114,20240701,777,137,15961.87,128,14913.28
1115,20240701,315,153,45320.13,114,33767.94
1116,20240701,59,148,10598.28,172,12316.92
1117,20240701,339,112,16542.4,120,17724.0
1118,20240701,186,136,26114.72,152,29187.04
1119,20240701,514,130,44258.5,138,46982.1
1120,20240701,614,133,1441.72,169,1831.96
1121,20240701,327,128,4035.84,117,3689.01
1122,20240701,329,127,34178.24,128,34447.36
1123,20240701,228,138,29127.66,129,27228.03
1124,20240701,13,123,12035.55,109,10665.65
1125,20240701,284,142,2267.74,107,1708.79
1126,20240701,75,136,15984.08,167,19627.51
1127,20240701,275,148,5175.56,119,4161.43
1128,20240701,710,143,7456.02,110,5735.4
1129,20240701,668,120,14484.0,122,14725.4
1130,20240701,82,116,34751.28,81,24265.98
1131,20240701,142,138,35733.72,118,30554.92
1132,20240701,341,160,8611.2,112,6027.84
1133,20240701,100,154,9811.34,170,10830.7
1134,20240701,642,120,11235.6,126,11797.38
1135,20240701,538,166,14352.36,130,11239.8
1136,20240701,635,127,6793.23,147,7863.03
1137,20240701,309,150,40534.5,111,29995.53
1138,20240701,549,131,15325.69,102,11932.98
1139,20240701,424,170,28039.8,212,34967.28
1140,20240701,649,146,39052.08,134,35842.32
1141,20240801,134,149,44641.89,132,39548.52
1142,20240801,352,134,36485.52,121,32945.88
1143,20240801,80,149,35459.02,131,31175.38
1144,20240801,718,110,23762.2,142,30674.84
1145,20240801,218,117,22661.73,100,19369.0
1146,20240801,59,130,9309.3,131,9380.91
1147,20240801,436,150,47008.5,175,54843.25
1148,20240801,254,130,11831.3,153,13924.53
1149,20240801,785,119,32391.8,88,23953.6
1150,20240801,280,105,4667.25,101,4489.45
1151,20240801,304,139,10008.0,156,11232.0
1152,20240801,424,103,16988.82,102,16823.88
1153,20240801,382,110,5601.2,84,4277.28
1154,20240801,269,132,2067.12,167,2615.22
1155,20240801,205,127,10462.26,130,10709.4
1156,20240801,403,156,32844.24,148,31159.92
1157,20240801,133,166,26168.24,155,24434.2
1158,20240801,700,150,23883.0,112,17832.64
1159,20240801,256,145,15699.15,123,13317.21
1160,20240801,757,124,14695.24,152,18013.52
1161,20240801,242,138,23690.46,168,28840.56
1162,20240801,621,95,22629.95,98,23344.58
1163,20240801,754,152,62104.16,194,79264.52
1164,20240801,355,152,22980.88,164,24795.16
1165,20240801,556,125,42542.5,111,37777.74
1166,20240801,2,133,14469.07,122,13272.38
1167,20240801,71,128,10425.6,128,10425.6
1168,20240801,106,131,10498.34,121,9696.94
1169,20240801,377,139,31555.78,154,34961.08
1170,20240801,42,136,33445.12,169,41560.48
1171,20240801,444,124,33662.28,150,40720.5
1172,20240801,696,120,21742.8,136,24641.84
1173,20240801,34,140,30613.8,161,35205.87
1174,20240801,633,121,6976.86,108,6227.28
1175,20240801,593,127,44259.5,117,40774.5
1176,20240801,137,147,2637.18,148,2655.12
1177,20240801,566,142,11970.6,148,12476.4
1178,20240801,759,137,31246.96,172,39229.76
1179,20240801,289,120,6366.0,154,8169.7
1180,20240801,261,168,35654.64,125,26528.75
1181,20240801,264,117,1195.74,109,1113.98
1182,20240801,798,139,18157.57,179,23382.77
1183,20240801,161,144,29162.88,171,34630.92
1184,20240801,198,133,8218.07,135,8341.65
1185,20240801,271,149,27091.18,116,21091.12
1186,20240801,715,139,23684.21,126,21469.14
1187,20240801,239,150,26653.5,127,22566.63
1188,20240801,84,142,10502.32,129,9540.84
1189,20240801,85,129,6827.97,117,6192.81
1190,20240801,361,163,35600.83,134,29266.94
1191,20240801,417,119,28958.65,111,27011.85
1192,20240801,72,154,18436.88,148,17718.56
1193,20240801,409,121,26598.22,117,25718.94
1194,20240801,416,105,13511.4,92,11838.56
1195,20240801,585,143,23346.18,157,25631.82
1196,20240801,320,147,30120.3,122,24997.8
1197,20240801,281,108,27375.84,127,32191.96
1198,20240801,47,143,32309.42,130,29372.2
1199,20240801,170,143,48142.38,110,37032.6
1200,20240801,333,118,37264.4,129,40738.2
1201,20240901,5,126,20563.2,142,23174.4
1202,20240901,131,126,3092.04,154,3779.16
1203,20240901,582,140,58686.6,137,57429.03
1204,20240901,186,133,25538.66,166,31875.32
1205,20240901,562,133,25106.41,153,28881.81
1206,20240901,511,131,15025.7,124,14222.8
1207,20240901,472,129,3982.23,108,3333.96
1208,20240901,495,141,2993.43,182,3863.86
1209,20240901,438,175,7173.25,204,8361.96
1210,20240901,708,142,19980.82,104,14633.84
1211,20240901,691,121,19419.29,111,17814.39
1212,20240901,416,152,19559.36,145,18658.6
1213,20240901,613,168,7753.2,122,5630.3
1214,20240901,340,170,43684.9,158,40601.26
1215,20240901,673,134,56814.66,110,46638.9
1216,20240901,427,94,39109.64,76,31620.56
1217,20240901,799,109,18786.15,97,16717.95
1218,20240901,608,142,14648.72,133,13720.28
1219,20240901,168,138,19300.68,124,17342.64
1220,20240901,642,127,11891.01,101,9456.63
1221,20240901,396,119,19917.03,87,14561.19
1222,20240901,422,135,6926.85,100,5131.0
1223,20240901,745,98,21099.4,120,25836.0
1224,20240901,372,164,1958.16,196,2340.24
1225,20240901,551,107,4253.25,111,4412.25
1226,20240901,206,127,4599.94,107,3875.54
1227,20240901,729,130,46413.9,130,46413.9
1228,20240901,769,142,13232.98,141,13139.79
1229,20240901,480,126,53635.68,159,67683.12
1230,20240901,201,133,23792.37,157,28085.73
1231,20240901,534,136,15200.72,154,17212.58
1232,20240901,456,141,30912.84,133,29158.92
1233,20240901,373,151,36265.67,151,36265.67
1234,20240901,752,140,11695.6,123,10275.42
1235,20240901,601,111,1941.39,79,1381.71
1236,20240901,571,137,43800.27,174,55629.54
1237,20240901,718,137,29594.74,160,34563.2
1238,20240901,75,137,16101.61,123,14456.19
1239,20240901,19,159,40125.24,200,50472.0
1240,20240901,90,184,42036.64,222,50718.12
1241,20240901,648,128,4337.92,100,3389.0
1242,20240901,603,105,23975.7,87,19865.58
1243,20240901,564,122,17431.36,144,20574.72
1244,20240901,628,135,15889.5,170,20009.0
1245,20240901,491,147,24729.81,168,28262.64
1246,20240901,363,150,17007.0,164,18594.32
1247,20240901,619,127,12283.44,139,13444.08
1248,20240901,738,152,34025.2,175,39173.75
1249,20240901,329,114,30679.68,97,26104.64
1250,20240901,485,119,14898.8,95,11894.0
1251,20240901,191,157,51890.07,164,54203.64
1252,20240901,583,117,21380.58,123,22477.02
1253,20240901,715,109,18572.51,87,14823.93
1254,20240901,766,112,23539.04,134,28162.78
1255,20240901,647,136,25119.2,128,23641.6
1256,20240901,16,144,17556.48,128,15605.76
1257,20240901,115,164,42364.48,168,43397.76
1258,20240901,274,171,31694.85,125,23168.75
1259,20240901,280,132,5867.4,104,4622.8
1260,20240901,739,139,34572.08,100,24872.0
1261,20241001,630,141,47910.39,117,39755.43
1262,20241001,285,151,30938.39,162,33192.18
1263,20241001,175,159,48267.63,147,44624.79
1264,20241001,431,128,3480.32,95,2583.05
1265,20241001,560,126,5067.72,116,4665.52
1266,20241001,761,112,45144.96,116,46757.28
1267,20241001,612,121,29613.54,120,29368.8
1268,20241001,330,130,37460.8,120,34579.2
1269,20241001,516,137,10412.0,127,9652.0
1270,20241001,448,149,4188.39,152,4272.72
1271,20241001,130,116,12579.04,123,13338.12
1272,20241001,76,137,31103.11,140,31784.2
1273,20241001,10,113,5951.71,141,7426.47
1274,20241001,707,132,29795.04,162,36566.64
1275,20241001,764,119,4542.23,83,3168.11
1276,20241001,349,144,43318.08,132,39708.24
1277,20241001,538,134,11585.64,161,13920.06
1278,20241001,270,138,20412.96,145,21448.4
1279,20241001,433,146,8901.62,128,7804.16
1280,20241001,500,127,50116.74,100,39462.0
1281,20241001,64,151,36064.84,121,28899.64
1282,20241001,561,109,24323.35,104,23207.6
1283,20241001,600,173,11511.42,199,13241.46
1284,20241001,622,176,17105.44,185,17980.15
1285,20241001,647,132,24380.4,118,21794.6
1286,20241001,472,111,3426.57,134,4136.58
1287,20241001,790,127,14886.94,132,15473.04
1288,20241001,773,151,7382.39,115,5622.35
1289,20241001,457,135,8163.45,117,7074.99
1290,20241001,51,141,11336.4,100,8040.0
1291,20241001,390,126,32741.1,94,24425.9
1292,20241001,627,118,38158.84,109,35248.42
1293,20241001,120,105,19679.1,78,14618.76
1294,20241001,638,135,4793.85,166,5894.66
1295,20241001,598,114,12733.8,127,14185.9
1296,20241001,740,145,34698.5,186,44509.8
1297,20241001,25,166,8353.12,194,9762.08
1298,20241001,201,145,25939.05,181,32379.09
1299,20241001,700,158,25156.76,188,29933.36
1300,20241001,392,107,15928.02,104,15481.44
1301,20241001,145,157,34886.97,187,41553.27
1302,20241001,264,143,1461.46,169,1727.18
1303,20241001,525,131,43733.04,156,52079.04
1304,20241001,374,117,38666.16,104,34369.92
1305,20241001,710,145,7560.3,114,5943.96
1306,20241001,279,118,35044.82,109,32371.91
1307,20241001,545,174,4264.74,187,4583.37
1308,20241001,338,135,28941.3,150,32157.0
1309,20241001,197,120,18116.4,124,18720.28
1310,20241001,177,168,12193.44,129,9362.82
1311,20241001,109,109,40827.04,80,29964.8
1312,20241001,281,139,35233.72,102,25854.96
1313,20241001,361,127,27738.07,136,29703.76
1314,20241001,54,130,17316.0,138,18381.6
1315,20241001,484,131,2018.71,106,1633.46
1316,20241001,191,129,42635.79,92,30406.92
1317,20241001,61,152,1368.0,169,1521.0
1318,20241001,648,149,5049.61,106,3592.34
1319,20241001,326,155,41465.6,172,46013.44
1320,20241001,21,132,36871.56,133,37150.89
1321,20241101,166,143,39692.51,123,34141.11
1322,20241101,128,123,5136.48,155,6472.8
1323,20241101,413,137,13554.78,132,13060.08
1324,20241101,654,140,31313.8,99,22143.33
1325,20241101,711,148,13223.8,129,11526.15
1326,20241101,123,121,14880.58,138,16971.24
1327,20241101,246,143,41445.69,143,41445.69
1328,20241101,637,144,10563.84,174,12764.64
1329,20241101,716,121,11812.02,147,14350.14
1330,20241101,672,139,14809.06,129,13743.66
1331,20241101,150,126,13590.36,123,13266.78
1332,20241101,572,137,13162.96,153,14700.24
1333,20241101,504,116,2845.48,124,3041.72
1334,20241101,269,138,2161.08,152,2380.32
1335,20241101,354,130,30678.7,165,38938.35
1336,20241101,590,154,10200.96,197,13049.28
1337,20241101,730,128,27951.36,140,30571.8
1338,20241101,699,126,8304.66,101,6656.91
1339,20241101,263,158,13813.94,128,11191.04
1340,20241101,288,134,3920.84,113,3306.38
1341,20241101,230,153,8535.87,122,6806.38
1342,20241101,440,156,17760.6,169,19240.65
1343,20241101,744,101,9999.0,77,7623.0
1344,20241101,46,114,38586.72,85,28770.8
1345,20241101,35,142,2303.24,173,2806.06
1346,20241101,203,133,47606.02,155,55480.7
1347,20241101,359,153,23984.28,147,23043.72
1348,20241101,605,139,22448.5,162,26163.0
1349,20241101,480,168,71514.24,188,80027.84
1350,20241101,624,141,3055.47,109,2362.03
1351,20241101,537,120,15088.8,94,11819.56
1352,20241101,234,160,51024.0,119,37949.1
1353,20241101,636,160,22406.4,145,20305.8
1354,20241101,133,160,25222.4,157,24749.48
1355,20241101,800,125,17345.0,156,21646.56
1356,20241101,761,133,53609.64,146,58849.68
1357,20241101,89,152,12754.32,110,9230.1
1358,20241101,280,126,5600.7,94,4178.3
1359,20241101,435,137,31153.8,147,33427.8
1360,20241101,291,147,26192.46,105,18708.9
1361,20241101,312,128,26311.68,100,20556.0
1362,20241101,456,127,27843.48,93,20389.32
1363,20241101,563,133,5471.62,98,4031.72
1364,20241101,122,132,25518.24,168,32477.76
1365,20241101,733,116,25322.8,87,18992.1
1366,20241101,61,121,1089.0,144,1296.0
1367,20241101,509,136,12265.84,104,9379.76
1368,20241101,401,131,24755.07,96,18141.12
1369,20241101,340,157,40344.29,201,51650.97
1370,20241101,569,154,49104.44,199,63453.14
1371,20241101,278,150,38395.5,150,38395.5
1372,20241101,146,135,25384.05,100,18803.0
1373,20241101,383,107,5964.18,133,7413.42
1374,20241101,350,142,27729.76,134,26167.52
1375,20241101,745,114,24544.2,88,18946.4
1376,20241101,151,114,51621.48,111,50263.02
1377,20241101,658,110,30509.6,133,36888.88
1378,20241101,404,153,38204.1,198,49440.6
1379,20241101,363,143,16213.34,115,13038.7
1380,20241101,384,133,6981.17,141,7401.09
1381,20241201,257,134,20559.62,142,21787.06
1382,20241201,386,158,29098.86,115,21179.55
1383,20241201,91,132,25283.28,159,30454.86
1384,20241201,366,119,45804.29,105,40415.55
1385,20241201,243,122,3740.52,92,2820.72
1386,20241201,417,120,29202.0,121,29445.35
1387,20241201,639,138,28839.24,104,21733.92
1388,20241201,92,118,28635.06,150,36400.5
1389,20241201,486,127,25942.29,109,22265.43
1390,20241201,792,129,18355.41,164,23335.56
1391,20241201,385,141,12096.39,143,12267.97
1392,20241201,507,128,34083.84,157,41805.96
1393,20241201,752,143,11946.22,146,12196.84
1394,20241201,695,125,27442.5,119,26125.26
1395,20241201,119,135,45072.45,174,58093.38
1396,20241201,344,146,15751.94,156,16830.84
1397,20241201,528,126,46060.56,104,38018.24
1398,20241201,374,184,60808.32,226,74688.48
1399,20241201,48,142,10919.8,178,13688.2
1400,20241201,690,128,16449.28,113,14521.63
1401,20241201,774,146,14649.64,167,16756.78
1402,20241201,658,140,38830.4,147,40771.92
1403,20241201,82,131,39244.98,109,32654.22
1404,20241201,505,136,19522.8,98,14067.9
1405,20241201,155,134,22513.34,100,16801.0
1406,20241201,347,135,7919.1,112,6569.92
1407,20241201,470,117,21788.91,83,15457.09
1408,20241201,361,127,27738.07,163,35600.83
1409,20241201,339,122,18019.4,157,23188.9
1410,20241201,728,102,2446.98,98,2351.02
1411,20241201,194,137,43094.72,113,35545.28
1412,20241201,176,135,20949.3,121,18776.78
1413,20241201,556,141,47987.94,151,51391.34
1414,20241201,761,126,50788.08,92,37083.36
1415,20241201,229,141,23785.29,168,28339.92
1416,20241201,348,139,32453.72,101,23581.48
1417,20241201,25,145,7296.4,182,9158.24
1418,20241201,247,139,16139.29,167,19390.37
1419,20241201,498,155,47972.5,157,48591.5
1420,20241201,423,145,3797.55,110,2880.9
1421,20241201,161,114,23087.28,91,18429.32
1422,20241201,521,141,36798.18,126,32883.48
1423,20241201,573,159,23233.08,160,23379.2
1424,20241201,511,141,16172.7,106,12158.2
1425,20241201,295,139,30203.31,168,36504.72
1426,20241201,19,104,26245.44,100,25236.0
1427,20241201,502,116,41602.24,107,38374.48
1428,20241201,327,145,4571.85,148,4666.44
1429,20241201,250,145,32424.9,108,24150.96
1430,20241201,773,134,6551.26,145,7089.05
1431,20241201,341,123,6619.86,142,7642.44
1432,20241201,181,135,46159.2,125,42740.0
1433,20241201,414,121,23781.34,89,17492.06
1434,20241201,610,161,5142.34,124,3960.56
1435,20241201,220,122,32628.9,153,40919.85
1436,20241201,270,135,19969.2,108,15975.36
1437,20241201,353,153,35190.0,151,34730.0
1438,20241201,24,113,14305.8,123,15571.8
1439,20241201,488,166,39498.04,164,39022.16
1440,20241201,205,156,12851.28,193,15899.34
1441,20250101,166,116,32198.12,140,38859.8
1442,20250101,128,129,5387.04,167,6973.92
1443,20250101,413,148,14643.12,143,14148.42
1444,20250101,654,158,35339.86,147,32879.49
1445,20250101,711,148,13223.8,154,13759.9
1446,20250101,123,153,18815.94,170,20906.6
1447,20250101,246,146,42315.18,147,42605.01
1448,20250101,637,131,9610.16,133,9756.88
1449,20250101,716,116,11323.92,128,12495.36
1450,20250101,672,124,13210.96,119,12678.26
1451,20250101,150,123,13266.78,140,15100.4
1452,20250101,572,146,14027.68,114,10953.12
1453,20250101,504,106,2600.18,90,2207.7
1454,20250101,269,143,2239.38,146,2286.36
1455,20250101,354,124,29262.76,137,32330.63
1456,20250101,590,123,8147.52,153,10134.72
1457,20250101,730,165,36031.05,160,34939.2
1458,20250101,699,136,8963.76,124,8172.84
1459,20250101,263,137,11977.91,157,13726.51
1460,20250101,288,115,3364.9,88,2574.88
1461,20250101,230,166,9261.14,170,9484.3
1462,20250101,440,143,16280.55,144,16394.4
1463,20250101,744,165,16335.0,129,12771.0
1464,20250101,46,156,52802.88,124,41971.52
1465,20250101,35,156,2530.32,140,2270.8
1466,20250101,203,143,51185.42,118,42236.92
1467,20250101,359,137,21476.12,165,25865.4
1468,20250101,605,134,21641.0,166,26809.0
1469,20250101,480,105,44696.4,117,49804.56
1470,20250101,624,119,2578.73,152,3293.84
1471,20250101,537,135,16974.9,107,13454.18
1472,20250101,234,126,40181.4,141,44964.9
1473,20250101,636,131,18345.24,157,21986.28
1474,20250101,133,186,29321.04,154,24276.56
1475,20250101,800,160,22201.6,171,23727.96
1476,20250101,761,141,56834.28,130,52400.4
1477,20250101,89,112,9397.92,106,8894.46
1478,20250101,280,133,5911.85,170,7556.5
1479,20250101,435,119,27060.6,138,31381.2
1480,20250101,291,154,27439.72,186,33141.48
1481,20250101,312,129,26517.24,151,31039.56
1482,20250101,456,148,32447.52,182,39901.68
1483,20250101,563,134,5512.76,133,5471.62
1484,20250101,122,171,33057.72,170,32864.4
1485,20250101,733,161,35146.3,179,39075.7
1486,20250101,61,133,1197.0,111,999.0
1487,20250101,509,154,13889.26,147,13257.93
1488,20250101,401,117,22109.49,95,17952.15
1489,20250101,340,131,33663.07,170,43684.9
1490,20250101,569,152,48466.72,138,44002.68
1491,20250101,278,167,42746.99,194,49658.18
1492,20250101,146,145,27264.35,126,23691.78
1493,20250101,383,127,7078.98,155,8639.7
1494,20250101,350,139,27143.92,177,34564.56
1495,20250101,745,140,30142.0,125,26912.5
1496,20250101,151,156,70639.92,114,51621.48
1497,20250101,658,154,42713.44,139,38553.04
1498,20250101,404,127,31711.9,115,28715.5
1499,20250101,363,116,13152.08,142,16099.96
1500,20250101,384,124,6508.76,136,7138.64
1501,20250201,257,171,26236.53,198,30379.14
1502,20250201,386,136,25047.12,125,23021.25
1503,20250201,91,161,30837.94,135,25857.9
1504,20250201,366,147,56581.77,186,71593.26
1505,20250201,243,147,4507.02,158,4844.28
1506,20250201,417,112,27255.2,98,23848.3
1507,20250201,639,146,30511.08,173,36153.54
1508,20250201,92,157,38099.19,124,30091.08
1509,20250201,486,120,24512.4,89,18180.03
1510,20250201,792,143,20347.47,120,17074.8
1511,20250201,385,124,10637.96,99,8493.21
1512,20250201,507,122,32486.16,108,28758.24
1513,20250201,752,143,11946.22,164,13700.56
1514,20250201,695,116,25466.64,90,19758.6
1515,20250201,119,143,47743.41,152,50748.24
1516,20250201,344,137,14780.93,145,15644.05
1517,20250201,528,120,43867.2,108,39480.48
1518,20250201,374,122,40318.56,129,42631.92
1519,20250201,48,167,12842.3,185,14226.5
1520,20250201,690,145,18633.95,184,23645.84
1521,20250201,774,118,11840.12,111,11137.74
1522,20250201,658,134,37166.24,118,32728.48
1523,20250201,82,152,45536.16,165,49430.7
1524,20250201,505,156,22393.8,181,25982.55
1525,20250201,155,132,22177.32,142,23857.42
1526,20250201,347,147,8623.02,119,6980.54
1527,20250201,470,155,28865.65,195,36314.85
1528,20250201,361,163,35600.83,199,43463.59
1529,20250201,339,126,18610.2,92,13588.4
1530,20250201,728,150,3598.5,191,4582.09
1531,20250201,194,153,48127.68,178,55991.68
1532,20250201,176,124,19242.32,114,17690.52
1533,20250201,556,115,39139.1,119,40500.46
1534,20250201,761,142,57237.36,161,64895.88
1535,20250201,229,122,20580.18,120,20242.8
1536,20250201,348,110,25682.8,113,26383.24
1537,20250201,25,116,5837.12,141,7095.12
1538,20250201,247,117,13584.87,127,14745.97
1539,20250201,498,139,43020.5,167,51686.5
1540,20250201,423,140,3666.6,123,3221.37
1541,20250201,161,128,25922.56,130,26327.6
1542,20250201,521,125,32622.5,150,39147.0
1543,20250201,573,113,16511.56,128,18703.36
1544,20250201,511,131,15025.7,164,18810.8
1545,20250201,295,96,20859.84,113,24553.77
1546,20250201,19,117,29526.12,85,21450.6
1547,20250201,502,140,50209.6,179,64196.56
1548,20250201,327,132,4161.96,97,3058.41
1549,20250201,250,126,28176.12,160,35779.2
1550,20250201,773,145,7089.05,156,7626.84
1551,20250201,341,152,8180.64,116,6243.12
1552,20250201,181,121,41372.32,121,41372.32
1553,20250201,414,145,28498.3,135,26532.9
1554,20250201,610,153,4886.82,172,5493.68
1555,20250201,220,136,36373.2,105,28082.25
1556,20250201,270,139,20560.88,160,23667.2
1557,20250201,353,128,29440.0,91,20930.0
1558,20250201,24,182,23041.2,176,22281.6
1559,20250201,488,147,34977.18,105,24983.7
1560,20250201,205,162,13345.56,118,9720.84
1561,20250301,537,124,15591.76,126,15843.24
1562,20250301,387,140,9251.2,101,6674.08
1563,20250301,290,135,43614.45,169,54598.83
1564,20250301,263,138,12065.34,135,11803.05
1565,20250301,83,128,1615.36,152,1918.24
1566,20250301,408,119,8885.73,151,11275.17
1567,20250301,656,149,39411.99,139,36766.89
1568,20250301,466,117,36815.22,97,30522.02
1569,20250301,721,119,29650.04,134,33387.44
1570,20250301,341,139,7480.98,151,8126.82
1571,20250301,250,119,26610.78,96,21467.52
1572,20250301,331,141,40144.11,148,42137.08
1573,20250301,731,124,52757.04,92,39142.32
1574,20250301,79,156,39496.08,156,39496.08
1575,20250301,386,107,19706.19,97,17864.49
1576,20250301,450,117,42280.29,112,40473.44
1577,20250301,351,121,42215.69,156,54426.84
1578,20250301,344,158,17046.62,171,18449.19
1579,20250301,752,119,9941.26,137,11444.98
1580,20250301,472,137,4229.19,118,3642.66
1581,20250301,599,160,35940.8,175,39310.25
1582,20250301,598,143,15973.1,102,11393.4
1583,20250301,603,150,34251.0,109,24889.06
1584,20250301,730,161,35157.57,139,30353.43
1585,20250301,146,141,26512.23,108,20307.24
1586,20250301,78,100,14700.0,109,16023.0
1587,20250301,52,128,2705.92,90,1902.6
1588,20250301,498,119,36830.5,102,31569.0
1589,20250301,608,132,13617.12,154,15886.64
1590,20250301,515,165,21105.15,128,16372.48
1591,20250301,615,111,11973.57,78,8413.86
1592,20250301,154,160,41185.6,155,39898.55
1593,20250301,63,113,6567.56,102,5928.24
1594,20250301,206,144,5215.68,137,4962.14
1595,20250301,359,159,24924.84,125,19595.0
1596,20250301,783,146,37085.46,151,38355.51
1597,20250301,305,111,20348.52,101,18515.32
1598,20250301,173,132,46568.28,122,43040.38
1599,20250301,190,162,7458.48,119,5478.76
1600,20250301,712,121,14276.79,130,15338.7
1601,20250301,604,152,15956.96,144,15117.12
1602,20250301,166,171,47464.47,207,57456.99
1603,20250301,40,124,30551.12,102,25130.76
1604,20250301,370,134,35266.12,112,29476.16
1605,20250301,108,145,3551.05,155,3795.95
1606,20250301,277,120,36964.8,86,26491.44
1607,20250301,756,180,70965.0,159,62685.75
1608,20250301,120,145,27175.9,166,31111.72
1609,20250301,746,163,64200.81,153,60262.11
1610,20250301,155,139,23353.39,136,22849.36
1611,20250301,266,153,39775.41,151,39255.47
1612,20250301,270,137,20265.04,133,19673.36
1613,20250301,436,111,34786.29,135,42307.65
1614,20250301,92,181,43923.27,151,36643.17
1615,20250301,82,124,37147.92,112,33552.96
1616,20250301,175,115,34910.55,101,30660.57
1617,20250301,393,153,3431.79,159,3566.37
1618,20250301,22,121,12760.66,102,10756.92
1619,20250301,580,125,35313.75,118,33336.18
1620,20250301,508,114,40921.44,95,34101.2
1621,20250401,751,117,11566.62,113,11171.18
1622,20250401,789,144,59467.68,159,65662.23
1623,20250401,427,133,55335.98,143,59496.58
1624,20250401,239,140,24876.6,120,21322.8
1625,20250401,428,113,44006.72,101,39333.44
1626,20250401,310,129,9180.93,129,9180.93
1627,20250401,69,167,33680.56,213,42957.84
1628,20250401,245,144,18640.8,174,22524.3
1629,20250401,543,132,21669.12,121,19863.36
1630,20250401,19,126,31797.36,106,26750.16
1631,20250401,30,116,37737.12,82,26676.24
1632,20250401,483,148,24837.36,184,30878.88
1633,20250401,589,133,11669.42,116,10177.84
1634,20250401,96,140,28679.0,174,35643.9
1635,20250401,485,140,17528.0,116,14523.2
1636,20250401,601,166,2903.34,180,3148.2
1637,20250401,507,127,33817.56,137,36480.36
1638,20250401,304,172,12384.0,143,10296.0
1639,20250401,414,142,27908.68,137,26925.98
1640,20250401,440,159,18102.15,168,19126.8
1641,20250401,159,115,15909.1,119,16462.46
1642,20250401,101,152,48884.72,141,45347.01
1643,20250401,255,132,41904.72,118,37460.28
1644,20250401,190,138,6353.52,152,6998.08
1645,20250401,521,142,37059.16,156,40712.88
1646,20250401,691,141,22629.09,172,27604.28
1647,20250401,277,160,49286.4,148,45589.92
1648,20250401,642,112,10486.56,82,7677.66
1649,20250401,31,137,38524.4,173,48647.6
1650,20250401,439,117,41048.28,142,49819.28
1651,20250401,449,132,2984.52,164,3708.04
1652,20250401,610,131,4184.14,127,4056.38
1653,20250401,636,123,17224.92,139,19465.56
1654,20250401,778,144,35809.92,142,35312.56
1655,20250401,57,110,2275.9,131,2710.39
1656,20250401,608,112,11553.92,124,12791.84
1657,20250401,491,180,30281.4,224,37683.52
1658,20250401,649,104,27817.92,126,33702.48
1659,20250401,53,129,35388.57,118,32370.94
1660,20250401,154,175,45046.75,165,42472.65
1661,20250401,785,152,41374.4,184,50084.8
1662,20250401,638,163,5788.13,174,6178.74
1663,20250401,713,126,40950.0,125,40625.0
1664,20250401,352,101,27500.28,105,28589.4
1665,20250401,753,147,45008.46,113,34598.34
1666,20250401,133,136,21439.04,125,19705.0
1667,20250401,325,139,31112.37,156,34917.48
1668,20250401,12,157,41286.29,184,48386.48
1669,20250401,145,128,28442.88,146,32442.66
1670,20250401,532,155,50886.5,162,53184.6
1671,20250401,388,141,29492.97,157,32839.69
1672,20250401,8,116,24513.12,104,21977.28
1673,20250401,22,162,17084.52,148,15608.08
1674,20250401,754,126,51481.08,162,66189.96
1675,20250401,579,157,37879.39,197,47530.19
1676,20250401,582,129,54075.51,159,66651.21
1677,20250401,178,121,29205.77,124,29929.88
1678,20250401,497,155,48302.65,127,39577.01
1679,20250401,150,128,13806.08,95,10246.7
1680,20250401,477,156,39536.64,160,40550.4
1681,20250501,158,117,9508.59,138,11215.26
1682,20250501,117,163,10841.13,196,13035.96
1683,20250501,420,152,18662.56,189,23205.42
1684,20250501,399,118,6167.86,116,6063.32
1685,20250501,301,154,37237.2,156,37720.8
1686,20250501,764,137,5229.29,153,5840.01
1687,20250501,594,137,12769.77,124,11558.04
1688,20250501,46,140,47387.2,153,51787.44
1689,20250501,431,167,4540.73,190,5166.1
1690,20250501,94,118,1391.22,132,1556.28
1691,20250501,534,122,13635.94,89,9947.53
1692,20250501,292,126,40837.86,144,46671.84
1693,20250501,216,99,33317.46,93,31298.22
1694,20250501,297,94,19111.14,99,20127.69
1695,20250501,769,132,12301.08,153,14258.07
1696,20250501,192,136,19350.08,159,22622.52
1697,20250501,459,143,5974.54,141,5890.98
1698,20250501,256,148,16023.96,180,19488.6
1699,20250501,359,123,19281.48,117,18340.92
1700,20250501,438,161,6599.39,202,8279.98
1701,20250501,421,106,8749.24,74,6107.96
1702,20250501,361,120,26209.2,126,27519.66
1703,20250501,295,141,30637.89,174,37808.46
1704,20250501,364,147,8528.94,181,10501.62
1705,20250501,257,137,21019.91,113,17337.59
1706,20250501,97,179,54018.62,223,67296.94
1707,20250501,11,140,7618.8,106,5768.52
1708,20250501,238,128,29774.08,101,23493.61
1709,20250501,423,137,3588.03,105,2749.95
1710,20250501,561,161,35927.15,122,27224.3
1711,20250501,502,124,44471.36,138,49492.32
1712,20250501,414,139,27319.06,109,21422.86
1713,20250501,799,129,22233.15,132,22750.2
1714,20250501,251,156,54748.2,172,60363.4
1715,20250501,22,126,13287.96,104,10967.84
1716,20250501,463,106,21560.4,128,26035.2
1717,20250501,528,159,58124.04,181,66166.36
1718,20250501,356,135,17338.05,126,16182.18
1719,20250501,8,129,27260.28,152,32120.64
1720,20250501,67,120,26466.0,116,25583.8
1721,20250501,215,143,25687.09,155,27842.65
1722,20250501,629,138,30030.18,99,21543.39
1723,20250501,707,133,30020.76,152,34309.44
1724,20250501,728,150,3598.5,127,3046.73
1725,20250501,398,162,11472.84,188,13314.16
1726,20250501,689,99,10159.38,106,10877.72
1727,20250501,477,94,23823.36,105,26611.2
1728,20250501,170,144,48479.04,167,56222.22
1729,20250501,303,139,14618.63,144,15144.48
1730,20250501,531,121,2265.12,141,2639.52
1731,20250501,266,118,30676.46,94,24437.18
1732,20250501,619,126,12186.72,150,14508.0
1733,20250501,355,156,23585.64,199,30086.81
1734,20250501,607,104,18915.52,94,17096.72
1735,20250501,485,148,18529.6,167,20908.4
1736,20250501,180,144,3608.64,151,3784.06
1737,20250501,262,146,34724.64,138,32821.92
1738,20250501,760,170,54658.4,198,63660.96
1739,20250501,107,146,13494.78,186,17191.98
1740,20250501,648,136,4609.04,113,3829.57
1741,20250601,108,131,3208.19,105,2571.45
1742,20250601,712,131,15456.69,111,13096.89
1743,20250601,355,139,21015.41,174,26307.06
1744,20250601,598,122,13627.4,128,14297.6
1745,20250601,198,133,8218.07,97,5993.63
1746,20250601,405,143,33599.28,132,31014.72
1747,20250601,504,130,3188.9,111,2722.83
1748,20250601,670,135,30861.0,165,37719.0
1749,20250601,523,145,21989.25,149,22595.85
1750,20250601,787,115,25597.85,81,18029.79
1751,20250601,663,127,38713.41,127,38713.41
1752,20250601,444,130,35291.1,100,27147.0
1753,20250601,357,95,3234.75,67,2281.35
1754,20250601,727,141,4220.13,131,3920.83
1755,20250601,10,152,8005.84,107,5635.69
1756,20250601,668,154,18587.8,133,16053.1
1757,20250601,578,122,40290.5,139,45904.75
1758,20250601,138,122,35022.54,94,26984.58
1759,20250601,542,129,15283.92,99,11729.52
1760,20250601,159,160,22134.4,172,23794.48
1761,20250601,409,163,35830.66,183,40227.06
1762,20250601,186,147,28226.94,137,26306.74
1763,20250601,534,139,15536.03,138,15424.26
1764,20250601,512,152,9946.88,186,12171.84
1765,20250601,587,153,41873.04,126,34483.68
1766,20250601,723,127,49898.3,127,49898.3
1767,20250601,363,155,17573.9,138,15646.44
1768,20250601,93,136,8351.76,145,8904.45
1769,20250601,312,109,22406.04,77,15828.12
1770,20250601,106,157,12581.98,116,9296.24
1771,20250601,425,119,18531.87,144,22425.12
1772,20250601,655,108,7661.52,129,9151.26
1773,20250601,167,143,33755.15,182,42961.1
1774,20250601,252,143,3725.15,126,3282.3
1775,20250601,163,138,4939.02,149,5332.71
1776,20250601,373,121,29060.57,150,36025.5
1777,20250601,427,122,50759.32,151,62825.06
1778,20250601,89,121,10153.11,95,7971.45
1779,20250601,397,168,25132.8,183,27376.8
1780,20250601,562,142,26805.34,170,32090.9
1781,20250601,582,120,50302.8,131,54913.89
1782,20250601,735,138,16837.38,160,19521.6
1783,20250601,653,147,30877.35,115,24155.75
1784,20250601,121,148,44225.36,169,50500.58
1785,20250601,647,136,25119.2,126,23272.2
1786,20250601,276,163,10872.1,177,11805.9
1787,20250601,229,128,21592.32,102,17206.38
1788,20250601,489,133,34408.43,103,26647.13
1789,20250601,630,117,39755.43,132,44852.28
1790,20250601,691,152,24394.48,177,28406.73
1791,20250601,172,151,8960.34,184,10918.56
1792,20250601,568,157,4326.92,145,3996.2
1793,20250601,311,127,45783.5,109,39294.5
1794,20250601,118,146,59915.48,138,56632.44
1795,20250601,774,142,14248.28,165,16556.1
1796,20250601,31,161,45273.2,203,57083.6
1797,20250601,323,129,28532.22,143,31628.74
1798,20250601,193,171,29357.28,157,26953.76
1799,20250601,319,153,43377.03,157,44511.07
1800,20250601,129,132,37721.64,121,34578.17
1801,20250701,562,145,27371.65,186,35111.22
1802,20250701,552,163,34521.77,149,31556.71
1803,20250701,443,113,42513.99,142,53424.66
1804,20250701,283,127,34766.25,135,36956.25
1805,20250701,355,168,25399.92,130,19654.7
1806,20250701,742,139,30949.74,154,34289.64
1807,20250701,439,138,48415.92,164,57537.76
1808,20250701,756,161,63474.25,185,72936.25
1809,20250701,46,135,45694.8,163,55172.24
1810,20250701,353,125,28750.0,156,35880.0
1811,20250701,565,124,5036.88,126,5118.12
1812,20250701,244,111,39694.71,103,36833.83
1813,20250701,234,121,38586.9,114,36354.6
1814,20250701,262,168,39957.12,208,49470.72
1815,20250701,201,150,26833.5,151,27012.39
1816,20250701,242,134,23003.78,107,18368.69
1817,20250701,399,149,7788.23,168,8781.36
1818,20250701,325,119,26635.77,121,27083.43
1819,20250701,291,116,20668.88,143,25479.74
1820,20250701,653,136,28566.8,172,36128.6
1821,20250701,50,132,33484.44,151,38304.17
1822,20250701,307,158,20625.32,179,23366.66
1823,20250701,476,134,31514.12,144,33865.92
1824,20250701,594,121,11278.41,133,12396.93
1825,20250701,574,109,31905.39,85,24880.35
1826,20250701,206,168,6084.96,182,6592.04
1827,20250701,203,150,53691.0,148,52975.12
1828,20250701,530,141,33701.82,154,36809.08
1829,20250701,37,135,55108.35,102,41637.42
1830,20250701,738,165,36935.25,163,36487.55
1831,20250701,170,109,36695.94,137,46122.42
1832,20250701,600,113,7519.02,108,7186.32
1833,20250701,433,122,7438.34,118,7194.46
1834,20250701,777,115,13398.65,96,11184.96
1835,20250701,315,134,39692.14,171,50651.91
1836,20250701,59,127,9094.47,157,11242.77
1837,20250701,339,138,20382.6,138,20382.6
1838,20250701,186,135,25922.7,167,32067.34
1839,20250701,514,123,41875.35,87,29619.15
1840,20250701,614,153,1658.52,129,1398.36
1841,20250701,327,165,5202.45,139,4382.67
1842,20250701,329,148,39829.76,156,41982.72
1843,20250701,228,122,25750.54,107,22584.49
1844,20250701,13,154,15068.9,185,18102.25
1845,20250701,284,148,2363.56,192,3066.24
1846,20250701,75,134,15749.02,163,19157.39
1847,20250701,275,141,4930.77,99,3462.03
1848,20250701,710,147,7664.58,188,9802.32
1849,20250701,668,134,16173.8,143,17260.1
1850,20250701,82,138,41342.04,99,29658.42
1851,20250701,142,128,33144.32,111,28742.34
1852,20250701,341,116,6243.12,106,5704.92
1853,20250701,100,153,9747.63,171,10894.41
1854,20250701,642,143,13389.09,136,12733.68
1855,20250701,538,130,11239.8,100,8646.0
1856,20250701,635,148,7916.52,178,9521.22
1857,20250701,309,135,36481.05,99,26752.77
1858,20250701,549,157,18367.43,143,16729.57
1859,20250701,424,133,21937.02,121,19957.74
1860,20250701,649,138,36912.24,121,32365.08
1861,20250801,134,109,32657.49,135,40447.35
1862,20250801,352,172,46832.16,212,57723.36
1863,20250801,80,141,33555.18,120,28557.6
1864,20250801,718,132,28514.64,123,26570.46
1865,20250801,218,157,30409.33,140,27116.6
1866,20250801,59,157,11242.77,134,9595.74
1867,20250801,436,138,43247.82,123,38546.97
1868,20250801,254,114,10375.14,116,10557.16
1869,20250801,785,154,41918.8,163,44368.6
1870,20250801,280,123,5467.35,145,6445.25
1871,20250801,304,149,10728.0,173,12456.0
1872,20250801,424,117,19297.98,119,19627.86
1873,20250801,382,154,7841.68,168,8554.56
1874,20250801,269,160,2505.6,124,1941.84
1875,20250801,205,133,10956.54,116,9556.08
1876,20250801,403,168,35370.72,190,40002.6
1877,20250801,133,115,18128.6,140,22069.6
1878,20250801,700,130,20698.6,130,20698.6
1879,20250801,256,160,17323.2,174,18838.98
1880,20250801,757,94,11139.94,90,10665.9
1881,20250801,242,150,25750.5,111,19055.37
1882,20250801,621,106,25250.26,105,25012.05
1883,20250801,754,108,44126.64,88,35955.04
1884,20250801,355,145,21922.55,184,27818.96
1885,20250801,556,127,43223.18,159,54114.06
1886,20250801,2,188,20452.52,218,23716.22
1887,20250801,71,148,12054.6,176,14335.2
1888,20250801,106,112,8975.68,78,6250.92
1889,20250801,377,172,39047.44,154,34961.08
1890,20250801,42,183,45003.36,205,50413.6
1891,20250801,444,169,45878.43,188,51036.36
1892,20250801,696,132,23917.08,120,21742.8
1893,20250801,34,138,30176.46,111,24272.37
1894,20250801,633,164,9456.24,192,11070.72
1895,20250801,593,135,47047.5,124,43214.0
1896,20250801,137,141,2529.54,107,1919.58
1897,20250801,566,122,10284.6,104,8767.2
1898,20250801,759,133,30334.64,96,21895.68
1899,20250801,289,123,6525.15,101,5358.05
1900,20250801,261,125,26528.75,162,34381.26
1901,20250801,264,129,1318.38,143,1461.46
1902,20250801,798,115,15022.45,143,18680.09
1903,20250801,161,98,19846.96,112,22682.24
1904,20250801,198,131,8094.49,148,9144.92
1905,20250801,271,137,24909.34,122,22182.04
1906,20250801,715,158,26921.62,204,34759.56
1907,20250801,239,132,23455.08,162,28785.78
1908,20250801,84,108,7987.68,116,8579.36
1909,20250801,85,118,6245.74,145,7674.85
1910,20250801,361,150,32761.5,173,37784.93
1911,20250801,417,96,23361.6,122,29688.7
1912,20250801,72,154,18436.88,187,22387.64
1913,20250801,409,163,35830.66,149,32753.18
1914,20250801,416,145,18658.6,177,22776.36
1915,20250801,585,151,24652.26,161,26284.86
1916,20250801,320,136,27866.4,110,22539.0
1917,20250801,281,155,39289.4,191,48414.68
1918,20250801,47,140,31631.6,179,40443.26
1919,20250801,170,151,50835.66,183,61608.78
1920,20250801,333,133,42001.4,168,53054.4
1921,20250901,5,122,19910.4,144,23500.8
1922,20250901,131,153,3754.62,174,4269.96
1923,20250901,582,133,55752.27,146,61201.74
1924,20250901,186,140,26882.8,181,34755.62
1925,20250901,562,130,24540.1,168,31713.36
1926,20250901,511,117,13419.9,96,11011.2
1927,20250901,472,136,4198.32,118,3642.66
1928,20250901,495,122,2590.06,117,2483.91
1929,20250901,438,126,5164.74,93,3812.07
1930,20250901,708,155,21810.05,190,26734.9
1931,20250901,691,138,22147.62,139,22308.11
1932,20250901,416,164,21103.52,133,17114.44
1933,20250901,613,117,5399.55,109,5030.35
1934,20250901,340,142,36489.74,132,33920.04
1935,20250901,673,127,53846.73,144,61054.56
1936,20250901,427,104,43270.24,110,45766.6
1937,20250901,799,171,29471.85,147,25335.45
1938,20250901,608,130,13410.8,93,9593.88
1939,20250901,168,162,22657.32,120,16783.2
1940,20250901,642,131,12265.53,167,15636.21
1941,20250901,396,112,18745.44,120,20084.4
1942,20250901,422,171,8774.01,201,10313.31
1943,20250901,745,127,27343.1,106,22821.8
1944,20250901,372,118,1408.92,92,1098.48
1945,20250901,551,117,4650.75,106,4213.5
1946,20250901,206,94,3404.68,121,4382.62
1947,20250901,729,142,50698.26,119,42486.57
1948,20250901,769,120,11182.8,96,8946.24
1949,20250901,480,142,60446.56,129,54912.72
1950,20250901,201,105,18783.45,129,23076.81
1951,20250901,534,119,13300.63,132,14753.64
1952,20250901,456,145,31789.8,108,23677.92
1953,20250901,373,128,30741.76,164,39387.88
1954,20250901,752,139,11612.06,146,12196.84
1955,20250901,601,145,2536.05,122,2133.78
1956,20250901,571,133,42521.43,132,42201.72
1957,20250901,718,131,28298.62,97,20953.94
1958,20250901,75,113,13280.89,132,15513.96
1959,20250901,19,140,35330.4,181,45677.16
1960,20250901,90,146,33355.16,120,27415.2
1961,20250901,648,118,3999.02,143,4846.27
1962,20250901,603,156,35621.04,142,32424.28
1963,20250901,564,143,20431.84,133,19003.04
1964,20250901,628,128,15065.6,119,14006.3
1965,20250901,491,144,24225.12,149,25066.27
1966,20250901,363,130,14739.4,143,16213.34
1967,20250901,619,139,13444.08,148,14314.56
1968,20250901,738,137,30667.45,160,35816.0
1969,20250901,329,154,41444.48,146,39291.52
1970,20250901,485,138,17277.6,99,12394.8
1971,20250901,191,104,34373.04,83,27432.33
1972,20250901,583,149,27228.26,165,30152.1
1973,20250901,715,116,19765.24,142,24195.38
1974,20250901,766,135,28372.95,147,30894.99
1975,20250901,647,135,24934.5,102,18839.4
1976,20250901,16,141,17190.72,179,21823.68
1977,20250901,115,128,33064.96,94,24282.08
1978,20250901,274,134,24836.9,94,17422.9
1979,20250901,280,150,6667.5,141,6267.45
1980,20250901,739,123,30592.56,96,23877.12
1981,20251001,630,171,58104.09,205,69656.95
1982,20251001,285,139,28479.71,174,35650.86
1983,20251001,175,147,44624.79,108,32785.56
1984,20251001,431,124,3371.56,139,3779.41
1985,20251001,560,121,4866.62,155,6234.1
1986,20251001,761,160,64492.8,183,73763.64
1987,20251001,612,95,23250.3,77,18844.98
1988,20251001,330,105,30256.8,126,36308.16
1989,20251001,516,140,10640.0,158,12008.0
1990,20251001,448,142,3991.62,151,4244.61
1991,20251001,130,131,14205.64,94,10193.36
1992,20251001,76,129,29286.87,107,24292.21
1993,20251001,10,130,6847.1,158,8321.86
1994,20251001,707,120,27086.4,145,32729.4
1995,20251001,764,138,5267.46,139,5305.63
1996,20251001,349,130,39106.6,133,40009.06
1997,20251001,538,113,9769.98,136,11758.56
1998,20251001,270,104,15383.68,115,17010.8
1999,20251001,433,125,7621.25,147,8962.59
2000,20251001,500,137,54062.94,129,50905.98
2001,20251001,64,164,39169.76,161,38453.24
2002,20251001,561,132,29455.8,168,37489.2
2003,20251001,600,163,10846.02,185,12309.9
2004,20251001,622,167,16230.73,133,12926.27
2005,20251001,647,156,28813.2,189,34908.3
2006,20251001,472,163,5031.81,194,5988.78
2007,20251001,790,136,15941.92,173,20279.06
2008,20251001,773,121,5915.69,89,4351.21
2009,20251001,457,138,8344.86,159,9614.73
2010,20251001,51,147,11818.8,133,10693.2
2011,20251001,390,119,30922.15,110,28583.5
2012,20251001,627,131,42362.78,107,34601.66
2013,20251001,120,167,31299.14,198,37109.16
2014,20251001,638,145,5148.95,183,6498.33
2015,20251001,598,163,18207.1,195,21781.5
2016,20251001,740,114,27280.2,98,23451.4
2017,20251001,25,125,6290.0,128,6440.96
2018,20251001,201,141,25223.49,175,31305.75
2019,20251001,700,133,21176.26,111,17673.42
2020,20251001,392,117,17416.62,138,20542.68
2021,20251001,145,199,44219.79,215,47775.15
2022,20251001,264,113,1154.86,82,838.04
2023,20251001,525,140,46737.6,104,34719.36
2024,20251001,374,144,47589.12,161,53207.28
2025,20251001,710,109,5683.26,90,4692.6
2026,20251001,279,181,53755.19,169,50191.31
2027,20251001,545,156,3823.56,136,3333.36
2028,20251001,338,143,30656.34,176,37730.88
2029,20251001,197,149,22494.53,121,18267.37
2030,20251001,177,141,10233.78,177,12846.66
2031,20251001,109,132,49441.92,107,40077.92
2032,20251001,281,144,36501.12,106,26868.88
2033,20251001,361,111,24243.51,143,31232.63
2034,20251001,54,125,16650.0,102,13586.4
2035,20251001,484,136,2095.76,157,2419.37
2036,20251001,191,115,38008.65,90,29745.9
2037,20251001,61,124,1116.0,90,810.0
2038,20251001,648,144,4880.16,147,4981.83
2039,20251001,326,162,43338.24,184,49223.68
2040,20251001,21,152,42458.16,191,53352.03
2041,20251101,166,138,38304.66,135,37471.95
2042,20251101,128,160,6681.6,176,7349.76
2043,20251101,413,124,12268.56,159,15731.46
2044,20251101,654,156,34892.52,174,38918.58
2045,20251101,711,128,11436.8,91,8130.85
2046,20251101,123,153,18815.94,143,17586.14
2047,20251101,246,147,42605.01,130,37677.9
2048,20251101,637,131,9610.16,134,9830.24
2049,20251101,716,138,13471.56,98,9566.76
2050,20251101,672,129,13743.66,161,17152.94
2051,20251101,150,122,13158.92,149,16071.14
2052,20251101,572,143,13739.44,164,15757.12
2053,20251101,504,153,3753.09,161,3949.33
2054,20251101,269,153,2395.98,118,1847.88
2055,20251101,354,120,28318.8,99,23363.01
2056,20251101,590,150,9936.0,115,7617.6
2057,20251101,730,130,28388.1,145,31663.65
2058,20251101,699,117,7711.47,125,8238.75
2059,20251101,263,117,10229.31,101,8830.43
2060,20251101,288,127,3716.02,89,2604.14
2061,20251101,230,139,7754.81,109,6081.11
2062,20251101,440,127,14458.95,157,17874.45
2063,20251101,744,138,13662.0,102,10098.0
2064,20251101,46,127,42986.96,99,33509.52
2065,20251101,35,147,2384.34,153,2481.66
2066,20251101,203,160,57270.4,196,70156.24
2067,20251101,359,109,17086.84,87,13638.12
2068,20251101,605,124,20026.0,140,22610.0
2069,20251101,480,137,58318.16,147,62574.96
2070,20251101,624,169,3662.23,139,3012.13
2071,20251101,537,141,17729.34,156,19615.44
2072,20251101,234,143,45602.7,131,41775.9
2073,20251101,636,110,15404.4,108,15124.32
2074,20251101,133,158,24907.12,132,20808.48
2075,20251101,800,147,20397.72,129,17900.04
2076,20251101,761,169,68120.52,156,62880.48
2077,20251101,89,164,13761.24,188,15775.08
2078,20251101,280,147,6534.15,123,5467.35
2079,20251101,435,114,25923.6,111,25241.4
2080,20251101,291,153,27261.54,149,26548.82
2081,20251101,312,132,27133.92,113,23228.28
2082,20251101,456,116,25431.84,149,32666.76
2083,20251101,563,134,5512.76,96,3949.44
2084,20251101,122,132,25518.24,96,18558.72
2085,20251101,733,121,26414.3,147,32090.1
2086,20251101,61,128,1152.0,124,1116.0
2087,20251101,509,149,13438.31,182,16414.58
2088,20251101,401,138,26077.86,173,32691.81
2089,20251101,340,178,45740.66,202,51907.94
2090,20251101,569,128,40814.08,155,49423.3
2091,20251101,278,138,35323.86,140,35835.8
2092,20251101,146,131,24631.93,118,22187.54
2093,20251101,383,122,6800.28,102,5685.48
2094,20251101,350,129,25191.12,96,18746.88
2095,20251101,745,140,30142.0,100,21530.0
2096,20251101,151,125,56602.5,109,49357.38
2097,20251101,658,156,43268.16,181,50202.16
2098,20251101,404,170,42449.0,141,35207.7
2099,20251101,363,103,11678.14,127,14399.26
2100,20251101,384,115,6036.35,145,7611.05
2101,20251201,257,114,17491.02,120,18411.6
2102,20251201,386,104,19153.68,93,17127.81
2103,20251201,91,108,20686.32,85,16280.9
2104,20251201,366,150,57736.5,132,50808.12
2105,20251201,243,149,4568.34,185,5672.1
2106,20251201,417,166,40396.1,180,43803.0
2107,20251201,639,122,25495.56,140,29257.2
2108,20251201,92,150,36400.5,173,41981.91
2109,20251201,486,158,32274.66,185,37789.95
2110,20251201,792,156,22197.24,196,27888.84
2111,20251201,385,114,9780.06,143,12267.97
2112,20251201,507,114,30355.92,104,27693.12
2113,20251201,752,108,9022.32,139,11612.06
2114,20251201,695,138,30296.52,168,36882.72
2115,20251201,119,113,37727.31,102,34054.74
2116,20251201,344,134,14457.26,113,12191.57
2117,20251201,528,148,54102.88,164,59951.84
2118,20251201,374,142,46928.16,124,40979.52
2119,20251201,48,133,10227.7,147,11304.3
2120,20251201,690,145,18633.95,161,20690.11
2121,20251201,774,116,11639.44,113,11338.42
2122,20251201,658,173,47983.28,205,56858.8
2123,20251201,82,135,40443.3,142,42540.36
2124,20251201,505,141,20240.55,117,16795.35
2125,20251201,155,116,19489.16,125,21001.25
2126,20251201,347,136,7977.76,149,8740.34
2127,20251201,470,125,23278.75,103,19181.69
2128,20251201,361,194,42371.54,161,35164.01
2129,20251201,339,168,24813.6,179,26438.3
2130,20251201,728,122,2926.78,136,3262.64
2131,20251201,194,134,42151.04,108,33972.48
2132,20251201,176,119,18466.42,93,14431.74
2133,20251201,556,143,48668.62,148,50370.32
2134,20251201,761,146,58849.68,154,62074.32
2135,20251201,229,131,22098.39,127,21423.63
2136,20251201,348,161,37590.28,136,31753.28
2137,20251201,25,111,5585.52,110,5535.2
2138,20251201,247,136,15790.96,111,12888.21
2139,20251201,498,142,43949.0,118,36521.0
2140,20251201,423,153,4007.07,162,4242.78
2141,20251201,161,133,26935.16,145,29365.4
2142,20251201,521,148,38625.04,123,32100.54
2143,20251201,573,110,16073.2,139,20310.68
2144,20251201,511,160,18352.0,140,16058.0
2145,20251201,295,142,30855.18,144,31289.76
2146,20251201,19,160,40377.6,158,39872.88
2147,20251201,502,156,55947.84,199,71369.36
2148,20251201,327,108,3405.24,130,4098.9
2149,20251201,250,110,24598.2,108,24150.96
2150,20251201,773,120,5866.8,106,5182.34
2151,20251201,341,136,7319.52,169,9095.58
2152,20251201,181,134,45817.28,158,54023.36
2153,20251201,414,165,32429.1,152,29874.08
2154,20251201,610,149,4759.06,104,3321.76
2155,20251201,220,151,40384.95,120,32094.0
2156,20251201,270,140,20708.8,137,20265.04
2157,20251201,353,113,25990.0,124,28520.0
2158,20251201,24,140,17724.0,153,19369.8
2159,20251201,488,155,36880.7,194,46160.36
2160,20251201,205,134,11038.92,104,8567.52
2161,20260101,166,135,37471.95,161,44688.77
2162,20260101,128,138,5762.88,177,7391.52
2163,20260101,413,135,13356.9,143,14148.42
2164,20260101,654,91,20353.97,82,18340.94
2165,20260101,711,147,13134.45,110,9828.5
2166,20260101,123,132,16233.36,151,18569.98
2167,20260101,246,109,31591.47,117,33910.11
2168,20260101,637,120,8803.2,115,8436.4
2169,20260101,716,141,13764.42,106,10347.72
2170,20260101,672,109,11612.86,138,14702.52
2171,20260101,150,156,16826.16,122,13158.92
2172,20260101,572,142,13643.36,125,12010.0
2173,20260101,504,99,2428.47,100,2453.0
2174,20260101,269,141,2208.06,138,2161.08
2175,20260101,354,115,27138.85,103,24306.97
2176,20260101,590,132,8743.68,103,6822.72
2177,20260101,730,141,30790.17,155,33847.35
2178,20260101,699,143,9425.13,132,8700.12
2179,20260101,263,140,12240.2,118,10316.74
2180,20260101,288,127,3716.02,137,4008.62
2181,20260101,230,134,7475.86,146,8145.34
2182,20260101,440,123,14003.55,132,15028.2
2183,20260101,744,117,11583.0,150,14850.0
2184,20260101,46,123,41633.04,95,32155.6
2185,20260101,35,124,2011.28,129,2092.38
2186,20260101,203,111,39731.34,115,41163.1
2187,20260101,359,137,21476.12,176,27589.76
2188,20260101,605,129,20833.5,124,20026.0
2189,20260101,480,102,43419.36,82,34905.76
2190,20260101,624,147,3185.49,184,3987.28
2191,20260101,537,149,18735.26,141,17729.34
2192,20260101,234,152,48472.8,145,46240.5
2193,20260101,636,96,13443.84,117,16384.68
2194,20260101,133,149,23488.36,113,17813.32
2195,20260101,800,158,21924.08,163,22617.88
2196,20260101,761,182,73360.56,221,89080.68
2197,20260101,89,121,10153.11,155,13006.05
2198,20260101,280,135,6000.75,137,6089.65
2199,20260101,435,138,31381.2,154,35019.6
2200,20260101,291,149,26548.82,193,34388.74
2201,20260101,312,127,26106.12,111,22817.16
2202,20260101,456,142,31132.08,182,39901.68
2203,20260101,563,96,3949.44,100,4114.0
2204,20260101,122,139,26871.48,126,24358.32
2205,20260101,733,152,33181.6,168,36674.4
2206,20260101,61,126,1134.0,113,1017.0
2207,20260101,509,116,10462.04,90,8117.1
2208,20260101,401,156,29479.32,109,20597.73
2209,20260101,340,99,25440.03,84,21585.48
2210,20260101,569,158,50379.88,192,61221.12
2211,20260101,278,153,39163.41,115,29436.55
2212,20260101,146,146,27452.38,133,25007.99
2213,20260101,383,155,8639.7,117,6521.58
2214,20260101,350,143,27925.04,180,35150.4
2215,20260101,745,161,34663.3,170,36601.0
2216,20260101,151,103,46640.46,95,43017.9
2217,20260101,658,149,41326.64,122,33837.92
2218,20260101,404,140,34958.0,135,33709.5
2219,20260101,363,134,15192.92,129,14626.02
2220,20260101,384,160,8398.4,168,8818.32
2221,20260201,257,134,20559.62,140,21480.2
2222,20260201,386,104,19153.68,130,23942.1
2223,20260201,91,142,27198.68,137,26240.98
2224,20260201,366,154,59276.14,143,55042.13
2225,20260201,243,119,3648.54,117,3587.22
2226,20260201,417,158,38449.3,195,47453.25
2227,20260201,639,128,26749.44,150,31347.0
2228,20260201,92,135,32760.45,164,39797.88
2229,20260201,486,157,32070.39,139,28393.53
2230,20260201,792,146,20774.34,104,14798.16
2231,20260201,385,171,14670.09,178,15270.62
2232,20260201,507,145,38610.6,154,41007.12
2233,20260201,752,136,11361.44,119,9941.26
2234,20260201,695,142,31174.68,123,27003.42
2235,20260201,119,137,45740.19,177,59094.99
2236,20260201,344,165,17801.85,171,18449.19
2237,20260201,528,129,47157.24,135,49350.6
2238,20260201,374,154,50893.92,158,52215.84
2239,20260201,48,119,9151.1,128,9843.2
2240,20260201,690,114,14650.14,114,14650.14
2241,20260201,774,160,16054.4,159,15954.06
2242,20260201,658,135,37443.6,101,28013.36
2243,20260201,82,108,32354.64,134,40143.72
2244,20260201,505,125,17943.75,130,18661.5
2245,20260201,155,119,19993.19,89,14952.89
2246,20260201,347,106,6217.96,91,5338.06
2247,20260201,470,114,21230.22,123,22906.29
2248,20260201,361,161,35164.01,184,40187.44
2249,20260201,339,118,17428.6,95,14031.5
2250,20260201,728,134,3214.66,172,4126.28
2251,20260201,194,133,41836.48,150,47184.0
2252,20260201,176,125,19397.5,102,15828.36
2253,20260201,556,143,48668.62,180,61261.2
2254,20260201,761,146,58849.68,134,54012.72
2255,20260201,229,131,22098.39,130,21929.7
2256,20260201,348,160,37356.8,138,32220.24
2257,20260201,25,152,7648.64,190,9560.8
2258,20260201,247,120,13933.2,97,11262.67
2259,20260201,498,110,34045.0,137,42401.5
2260,20260201,423,129,3378.51,165,4321.35
2261,20260201,161,133,26935.16,117,23694.84
2262,20260201,521,130,33927.4,95,24793.1
2263,20260201,573,156,22794.72,115,16803.8
2264,20260201,511,171,19613.7,182,20875.4
2265,20260201,295,123,26726.67,109,23684.61
2266,20260201,19,120,30283.2,132,33311.52
2267,20260201,502,128,45905.92,91,32636.24
2268,20260201,327,144,4540.32,126,3972.78
2269,20260201,250,109,24374.58,132,29517.84
2270,20260201,773,123,6013.47,104,5084.56
2271,20260201,341,137,7373.34,113,6081.66
2272,20260201,181,126,43081.92,159,54365.28
2273,20260201,414,147,28891.38,168,33018.72
2274,20260201,610,127,4056.38,102,3257.88
2275,20260201,220,135,36105.75,150,40117.5
2276,20260201,270,134,19821.28,150,22188.0
2277,20260201,353,137,31510.0,125,28750.0
2278,20260201,24,132,16711.2,135,17091.0
2279,20260201,488,149,35453.06,181,43067.14
2280,20260201,205,105,8649.9,136,11203.68
2281,20260301,537,160,20118.4,163,20495.62
2282,20260301,387,135,8920.8,162,10704.96
2283,20260301,290,151,48783.57,194,62675.58
2284,20260301,263,160,13988.8,184,16087.12
2285,20260301,83,109,1375.58,89,1123.18
2286,20260301,408,148,11051.16,143,10677.81
2287,20260301,656,113,29889.63,119,31476.69
2288,20260301,466,98,30836.68,113,35556.58
2289,20260301,721,143,35629.88,152,37872.32
2290,20260301,341,118,6350.76,98,5274.36
2291,20260301,250,124,27728.88,91,20349.42
2292,20260301,331,113,32172.23,141,40144.11
2293,20260301,731,144,61266.24,123,52331.58
2294,20260301,79,170,43040.6,192,48610.56
2295,20260301,386,135,24862.95,96,17680.32
2296,20260301,450,134,48423.58,102,36859.74
2297,20260301,351,140,48844.6,140,48844.6
2298,20260301,344,119,12838.91,92,9925.88
2299,20260301,752,158,13199.32,119,9941.26
2300,20260301,472,115,3550.05,91,2809.17
2301,20260301,599,142,31897.46,167,37513.21
2302,20260301,598,115,12845.5,96,10723.2
2303,20260301,603,147,33565.98,122,27857.48
2304,20260301,730,117,25549.29,107,23365.59
2305,20260301,146,136,25572.08,119,22375.57
2306,20260301,78,165,24255.0,174,25578.0
2307,20260301,52,143,3023.02,115,2431.1
2308,20260301,498,136,42092.0,169,52305.5
2309,20260301,608,126,12998.16,108,11141.28
2310,20260301,515,114,14581.74,142,18163.22
2311,20260301,615,123,13268.01,148,15964.76
2312,20260301,154,101,25998.41,101,25998.41
2313,20260301,63,138,8020.56,168,9764.16
2314,20260301,206,164,5940.08,158,5722.76
2315,20260301,359,128,20065.28,90,14108.4
2316,20260301,783,151,38355.51,106,26925.06
2317,20260301,305,163,29881.16,200,36664.0
2318,20260301,173,112,39512.48,91,32103.89
2319,20260301,190,118,5432.72,123,5662.92
2320,20260301,712,158,18642.42,163,19232.37
2321,20260301,604,167,17531.66,148,15537.04
2322,20260301,166,143,39692.51,133,36916.81
2323,20260301,40,132,32522.16,118,29072.84
2324,20260301,370,142,37371.56,159,41845.62
2325,20260301,108,124,3036.76,89,2179.61
2326,20260301,277,150,46206.0,138,42509.52
2327,20260301,756,146,57560.5,117,46127.25
2328,20260301,120,148,27738.16,152,28487.84
2329,20260301,746,153,60262.11,135,53172.45
2330,20260301,155,108,18145.08,106,17809.06
2331,20260301,266,173,44974.81,207,53813.79
2332,20260301,270,150,22188.0,106,15679.52
2333,20260301,436,121,37920.19,146,45754.94
2334,20260301,92,117,28392.39,122,29605.74
2335,20260301,82,129,38645.82,130,38945.4
2336,20260301,175,121,36731.97,102,30964.14
2337,20260301,393,151,3386.93,121,2714.03
2338,20260301,22,156,16451.76,167,17611.82
2339,20260301,580,165,46614.15,124,35031.24
2340,20260301,508,116,41639.36,101,36254.96
2341,20260401,751,137,13543.82,175,17300.5
2342,20260401,789,110,45426.7,105,43361.85
2343,20260401,427,129,53671.74,109,45350.54
2344,20260401,239,195,34649.55,172,30562.68
2345,20260401,428,133,51795.52,103,40112.32
2346,20260401,310,103,7330.51,97,6903.49
2347,20260401,69,113,22789.84,103,20773.04
2348,20260401,245,118,15275.1,132,17087.4
2349,20260401,543,139,22818.24,112,18385.92
2350,20260401,19,141,35582.76,124,31292.64
2351,20260401,30,113,36761.16,142,46195.44
2352,20260401,483,163,27354.66,148,24837.36
2353,20260401,589,154,13511.96,186,16319.64
2354,20260401,96,116,23762.6,120,24582.0
2355,20260401,485,152,19030.4,126,15775.2
2356,20260401,601,145,2536.05,172,3008.28
2357,20260401,507,133,35415.24,110,29290.8
2358,20260401,304,157,11304.0,145,10440.0
2359,20260401,414,117,22995.18,131,25746.74
2360,20260401,440,112,12751.2,98,11157.3
2361,20260401,159,115,15909.1,125,17292.5
2362,20260401,101,109,35055.49,134,43095.74
2363,20260401,255,116,36825.36,135,42857.1
2364,20260401,190,139,6399.56,117,5386.68
2365,20260401,521,136,35493.28,162,42278.76
2366,20260401,691,135,21666.15,115,18456.35
2367,20260401,277,145,44665.8,121,37272.84
2368,20260401,642,142,13295.46,149,13950.87
2369,20260401,31,134,37680.8,105,29526.0
2370,20260401,439,141,49468.44,135,47363.4
2371,20260401,449,177,4001.97,228,5155.08
2372,20260401,610,109,3481.46,77,2459.38
2373,20260401,636,130,18205.2,105,14704.2
2374,20260401,778,152,37799.36,186,46254.48
2375,20260401,57,133,2751.77,138,2855.22
2376,20260401,608,137,14132.92,153,15783.48
2377,20260401,491,113,19009.99,132,22206.36
2378,20260401,649,134,35842.32,157,41994.36
2379,20260401,53,138,37857.54,110,30176.3
2380,20260401,154,136,35007.76,149,38354.09
2381,20260401,785,146,39741.2,186,50629.2
2382,20260401,638,114,4048.14,91,3231.41
2383,20260401,713,152,49400.0,169,54925.0
2384,20260401,352,165,44926.2,205,55817.4
2385,20260401,753,99,30311.82,114,34904.52
2386,20260401,133,168,26483.52,119,18759.16
2387,20260401,325,164,36708.12,120,26859.6
2388,20260401,12,140,36815.8,158,41549.26
2389,20260401,145,127,28220.67,95,21109.95
2390,20260401,532,154,50558.2,116,38082.8
2391,20260401,388,120,25100.4,133,27819.61
2392,20260401,8,131,27682.92,128,27048.96
2393,20260401,22,121,12760.66,87,9175.02
2394,20260401,754,167,68232.86,203,82941.74
2395,20260401,579,139,33536.53,101,24368.27
2396,20260401,582,138,57848.22,148,62040.12
2397,20260401,178,134,32343.58,173,41757.01
2398,20260401,497,121,37707.23,139,43316.57
2399,20260401,150,102,11001.72,99,10678.14
2400,20260401,477,112,28385.28,100,25344.0
2401,20260501,158,123,9996.21,90,7314.3
2402,20260501,117,105,6983.55,93,6185.43
2403,20260501,420,144,17680.32,167,20504.26
2404,20260501,399,123,6429.21,147,7683.69
2405,20260501,301,116,28048.8,140,33852.0
2406,20260501,764,134,5114.78,147,5610.99
2407,20260501,594,141,13142.61,178,16591.38
2408,20260501,46,120,40617.6,92,31140.16
2409,20260501,431,150,4078.5,141,3833.79
2410,20260501,94,126,1485.54,146,1721.34
2411,20260501,534,139,15536.03,106,11847.62
2412,20260501,292,120,38893.2,84,27225.24
2413,20260501,216,143,48125.22,179,60240.66
2414,20260501,297,162,32936.22,175,35579.25
2415,20260501,769,148,13792.12,131,12207.89
2416,20260501,192,137,19492.36,102,14512.56
2417,20260501,459,149,6225.22,193,8063.54
2418,20260501,256,139,15049.53,142,15374.34
2419,20260501,359,122,19124.72,152,23827.52
2420,20260501,438,146,5984.54,147,6025.53
2421,20260501,421,163,13454.02,205,16920.7
2422,20260501,361,151,32979.91,195,42589.95
2423,20260501,295,168,36504.72,216,46934.64
2424,20260501,364,149,8644.98,162,9399.24
2425,20260501,257,106,16263.58,135,20713.05
2426,20260501,97,159,47983.02,185,55829.3
2427,20260501,11,142,7727.64,117,6367.14
2428,20260501,238,136,31634.96,162,37682.82
2429,20260501,423,140,3666.6,158,4138.02
2430,20260501,561,154,34365.1,150,33472.5
2431,20260501,502,132,47340.48,114,40884.96
2432,20260501,414,113,22209.02,106,20833.24
2433,20260501,799,110,18958.5,114,19647.9
2434,20260501,251,110,38604.5,125,43868.75
2435,20260501,22,107,11284.22,109,11495.14
2436,20260501,463,150,30510.0,151,30713.4
2437,20260501,528,141,51543.96,147,53737.32
2438,20260501,356,149,19136.07,174,22346.82
2439,20260501,8,153,32331.96,139,29373.48
2440,20260501,67,111,24481.05,138,30435.9
2441,20260501,215,137,24609.31,139,24968.57
2442,20260501,629,119,25895.59,109,23719.49
2443,20260501,707,109,24603.48,80,18057.6
2444,20260501,728,155,3718.45,167,4006.33
2445,20260501,398,125,8852.5,151,10693.82
2446,20260501,689,115,11801.3,122,12519.64
2447,20260501,477,144,36495.36,181,45872.64
2448,20260501,170,138,46459.08,104,35012.64
2449,20260501,303,137,14408.29,158,16616.86
2450,20260501,531,133,2489.76,158,2957.76
2451,20260501,266,100,25997.0,96,24957.12
2452,20260501,619,131,12670.32,159,15378.48
2453,20260501,355,157,23736.83,137,20713.03
2454,20260501,607,128,23280.64,155,28191.4
2455,20260501,485,140,17528.0,179,22410.8
2456,20260501,180,152,3809.12,136,3408.16
2457,20260501,262,130,30919.2,168,39957.12
2458,20260501,760,126,40511.52,94,30222.88
2459,20260501,107,108,9982.44,108,9982.44
2460,20260501,648,123,4168.47,102,3456.78
2461,20260601,108,135,3306.15,137,3355.13
2462,20260601,712,122,14394.78,90,10619.1
2463,20260601,355,167,25248.73,120,18142.8
2464,20260601,598,165,18430.5,157,17536.9
2465,20260601,198,159,9824.61,181,11183.99
2466,20260601,405,118,27725.28,151,35478.96
2467,20260601,504,141,3458.73,161,3949.33
2468,20260601,670,120,27432.0,136,31089.6
2469,20260601,523,133,20169.45,158,23960.7
2470,20260601,787,119,26488.21,105,23371.95
2471,20260601,663,118,35969.94,104,31702.32
2472,20260601,444,144,39091.68,155,42077.85
2473,20260601,357,152,5175.6,121,4120.05
2474,20260601,727,139,4160.27,140,4190.2
2475,20260601,10,117,6162.39,124,6531.08
2476,20260601,668,136,16415.2,124,14966.8
2477,20260601,578,174,57463.5,125,41281.25
2478,20260601,138,159,45644.13,202,57988.14
2479,20260601,542,156,18482.88,155,18364.4
2480,20260601,159,111,15355.74,121,16739.14
2481,20260601,409,128,28136.96,156,34291.92
2482,20260601,186,120,23042.4,107,20546.14
2483,20260601,534,126,14083.02,119,13300.63
2484,20260601,512,159,10404.96,133,8703.52
2485,20260601,587,143,39136.24,154,42146.72
2486,20260601,723,115,45183.5,106,41647.4
2487,20260601,363,124,14059.12,116,13152.08
2488,20260601,93,118,7246.38,114,7000.74
2489,20260601,312,158,32478.48,161,33095.16
2490,20260601,106,96,7693.44,75,6010.5
2491,20260601,425,140,21802.2,107,16663.11
2492,20260601,655,117,8299.98,90,6384.6
2493,20260601,167,118,27853.9,123,29034.15
2494,20260601,252,168,4376.4,151,3933.55
2495,20260601,163,146,5225.34,134,4795.86
2496,20260601,373,123,29540.91,95,22816.15
2497,20260601,427,105,43686.3,85,35365.1
2498,20260601,89,129,10824.39,118,9901.38
2499,20260601,397,113,16904.8,141,21093.6
2500,20260601,562,145,27371.65,172,32468.44
2501,20260601,582,100,41919.0,106,44434.14
2502,20260601,735,146,17813.46,172,20985.72
2503,20260601,653,140,29407.0,175,36758.75
2504,20260601,121,139,41535.98,146,43627.72
2505,20260601,647,119,21979.3,129,23826.3
2506,20260601,276,162,10805.4,137,9137.9
2507,20260601,229,142,23953.98,164,27665.16
2508,20260601,489,118,30527.78,139,35960.69
2509,20260601,630,143,48589.97,110,37376.9
2510,20260601,691,129,20703.21,117,18777.33
2511,20260601,172,153,9079.02,177,10503.18
2512,20260601,568,126,3472.56,137,3775.72
2513,20260601,311,154,55517.0,146,52633.0
2514,20260601,118,112,45962.56,145,59505.1
2515,20260601,774,138,13846.92,159,15954.06
2516,20260601,31,149,41898.8,153,43023.6
2517,20260601,323,122,26983.96,149,32955.82
2518,20260601,193,153,26267.04,186,31932.48
2519,20260601,319,135,38273.85,138,39124.38
2520,20260601,129,157,44865.89,132,37721.64
