AdvertisingKey,DateKey,ProductKey,CampaignType,Impressions,Clicks,AdSpend,AdSales
1,20251204,132,Sponsored Products,194,1,1.29,7.42
2,20250410,190,Sponsored Display,586,3,3.6,5.64
3,20231030,472,Sponsored Products,3217,18,11.2,25.57
4,20250122,773,DSP,2267,20,23.0,48.68
5,20230522,389,DSP,1570,8,5.88,30.89
6,20240726,647,Sponsored Brands,2095,11,18.02,109.33
7,20260421,491,DSP,2502,15,16.12,31.41
8,20230810,422,Sponsored Products,456,7,6.21,10.28
9,20250512,63,Sponsored Products,583,2,3.1,12.94
10,20230209,118,Sponsored Products,1491,21,14.66,23.65
11,20250330,654,Sponsored Products,824,4,6.84,41.96
12,20230831,339,Sponsored Products,2657,21,26.85,110.29
13,20230430,738,Sponsored Display,1115,14,14.67,88.95
14,20250107,48,Sponsored Products,725,11,10.55,56.96
15,20241026,318,Sponsored Products,3314,14,9.21,33.23
16,20230305,137,Sponsored Brands,4341,63,34.92,203.34
17,20240111,609,Sponsored Products,1328,10,4.08,7.73
18,20240609,416,DSP,2277,15,9.59,40.8
19,20230215,1,Sponsored Products,839,13,12.83,61.78
20,20251226,199,Sponsored Products,311,5,8.38,46.73
21,20231012,573,Sponsored Display,1158,19,10.83,55.92
22,20250428,164,Sponsored Products,172,0,0.0,0.0
23,20240123,777,Sponsored Brands,3545,67,71.28,208.25
24,20231227,453,Sponsored Brands,1854,23,26.09,125.87
25,20240703,548,Sponsored Products,1287,21,35.33,55.39
26,20260218,523,DSP,734,8,10.35,57.76
27,20230118,61,DSP,381,6,2.55,16.49
28,20230822,770,Sponsored Display,911,13,9.45,42.39
29,20230911,190,Sponsored Brands,949,18,30.12,88.86
30,20260115,402,Sponsored Products,3682,49,79.45,385.56
31,20240619,34,DSP,1028,18,8.19,46.61
32,20251103,708,Sponsored Brands,2101,11,13.13,69.55
33,20260405,606,Sponsored Brands,246,2,2.69,10.05
34,20250814,348,DSP,1558,28,15.41,79.83
35,20250520,372,Sponsored Brands,2925,45,51.8,181.84
36,20260108,445,Sponsored Products,377,3,3.54,18.66
37,20250117,742,Sponsored Products,1027,17,11.14,48.14
38,20230612,265,Sponsored Brands,3208,28,31.55,51.46
39,20230125,457,Sponsored Brands,1143,21,16.93,86.59
40,20240303,177,Sponsored Products,883,16,8.35,13.47
41,20260507,697,Sponsored Products,2289,18,25.81,111.27
42,20260409,530,Sponsored Products,314,1,1.61,9.1
43,20260324,441,Sponsored Display,1971,19,28.25,116.4
44,20231124,554,Sponsored Brands,11057,55,71.42,397.58
45,20251116,399,Sponsored Products,1296,6,6.24,37.67
46,20241121,400,Sponsored Display,946,10,15.77,69.37
47,20260626,783,Sponsored Products,880,13,11.87,27.91
48,20250927,658,Sponsored Products,1091,11,7.05,40.3
49,20240407,103,Sponsored Products,2189,34,49.69,183.86
50,20240217,277,DSP,3775,59,50.86,268.8
51,20240611,607,Sponsored Brands,658,9,4.68,8.92
52,20231130,159,Sponsored Products,4526,78,117.0,262.49
53,20240312,262,Sponsored Display,867,7,10.45,57.47
54,20240713,793,Sponsored Products,831,8,8.01,40.24
55,20230209,80,Sponsored Products,1367,25,23.23,149.1
56,20230428,203,DSP,4164,78,79.03,354.1
57,20260624,751,Sponsored Products,1781,19,10.16,29.66
58,20251229,495,Sponsored Products,498,5,8.0,27.2
59,20240615,166,Sponsored Display,1611,24,10.67,61.53
60,20230308,123,DSP,2304,22,28.92,65.65
61,20230104,243,Sponsored Products,162,2,3.27,15.91
62,20230613,574,Sponsored Brands,961,13,21.36,37.73
63,20230130,206,Sponsored Brands,717,3,3.91,8.19
64,20240714,206,Sponsored Brands,2170,11,10.26,37.61
65,20230715,357,Sponsored Brands,2799,54,80.29,512.45
66,20230223,303,Sponsored Products,630,10,16.32,59.55
67,20250807,61,DSP,456,2,1.19,5.29
68,20240112,216,Sponsored Products,221,1,0.52,1.2
69,20250915,775,Sponsored Display,1263,5,8.21,40.04
70,20250317,502,Sponsored Products,1595,9,13.43,82.56
71,20250517,472,Sponsored Products,852,9,12.52,60.49
72,20231023,197,Sponsored Products,472,2,1.67,7.44
73,20250627,536,Sponsored Brands,1630,31,49.4,103.96
74,20240906,262,Sponsored Products,2593,34,37.79,61.01
75,20240423,645,DSP,331,1,1.42,7.84
76,20260624,515,Sponsored Display,2974,22,20.23,114.65
77,20230326,64,Sponsored Products,4601,26,44.7,155.29
78,20240314,116,Sponsored Brands,1474,23,37.27,133.83
79,20250607,56,DSP,3677,65,82.37,446.21
80,20251215,287,Sponsored Brands,2505,38,34.07,185.06
81,20240326,543,Sponsored Display,1489,15,11.45,33.51
82,20230712,181,Sponsored Display,8204,160,169.13,320.84
83,20230725,478,Sponsored Products,376,2,2.89,8.74
84,20250810,272,Sponsored Display,1704,22,38.94,106.43
85,20231002,611,DSP,1031,6,2.46,12.85
86,20241029,524,Sponsored Brands,257,2,2.66,15.89
87,20250223,381,Sponsored Products,1218,18,30.92,141.88
88,20231027,731,DSP,3506,69,115.27,406.46
89,20230722,417,Sponsored Products,2625,30,14.13,69.49
90,20231019,59,Sponsored Products,2776,12,18.31,65.75
91,20260314,633,Sponsored Products,3106,57,70.93,330.89
92,20250723,287,Sponsored Display,255,0,0.0,0.0
93,20241021,521,Sponsored Brands,1314,24,21.49,70.43
94,20240611,584,Sponsored Display,1194,19,9.12,49.41
95,20260227,85,Sponsored Display,3360,58,30.84,186.39
96,20240815,11,DSP,4407,53,86.33,484.18
97,20260120,135,Sponsored Products,368,5,6.54,40.12
98,20230519,610,Sponsored Products,3394,19,22.83,123.37
99,20240304,772,Sponsored Products,643,4,2.27,8.61
100,20260403,678,Sponsored Display,947,9,14.74,86.44
101,20241028,763,Sponsored Display,1532,29,50.49,200.46
102,20230625,142,Sponsored Display,262,3,5.1,31.24
103,20250903,59,Sponsored Products,127,2,2.05,4.38
104,20240824,597,Sponsored Brands,1975,19,19.18,91.45
105,20250611,274,DSP,826,10,15.91,37.53
106,20231006,624,Sponsored Products,3019,59,67.83,203.03
107,20250915,528,DSP,1120,12,8.03,34.87
108,20251028,757,DSP,305,5,6.53,18.61
109,20240927,723,Sponsored Brands,1309,16,7.58,19.71
110,20260427,549,Sponsored Products,1990,38,22.54,123.8
111,20230807,30,Sponsored Display,235,1,0.96,3.61
112,20240630,187,Sponsored Brands,2058,37,30.21,165.53
113,20260228,94,DSP,811,2,0.89,2.44
114,20260207,698,Sponsored Brands,243,2,0.95,1.46
115,20241216,566,Sponsored Products,3009,18,19.5,46.7
116,20240428,713,Sponsored Brands,1317,21,15.3,41.56
117,20251001,1,Sponsored Brands,757,9,6.84,23.4
118,20230504,423,Sponsored Brands,320,6,8.33,15.57
119,20230501,389,Sponsored Products,980,10,17.6,59.95
120,20250227,129,DSP,3500,67,113.04,417.77
121,20230915,538,Sponsored Products,1753,28,24.06,153.62
122,20260609,697,Sponsored Products,735,13,5.95,19.67
123,20260123,420,Sponsored Products,1878,7,10.64,67.41
124,20251211,637,Sponsored Products,810,9,13.28,32.82
125,20251006,525,Sponsored Display,943,5,6.03,16.16
126,20231019,341,Sponsored Products,1722,21,17.26,71.33
127,20230329,333,Sponsored Products,1553,11,12.9,34.34
128,20260309,57,DSP,1328,20,22.66,76.14
129,20240910,483,Sponsored Products,858,4,6.45,36.93
130,20230402,791,Sponsored Products,2316,41,26.26,90.3
131,20240614,657,Sponsored Brands,1287,4,4.94,23.41
132,20230715,749,Sponsored Brands,3976,42,31.82,84.28
133,20250717,53,Sponsored Products,2449,21,23.08,35.36
134,20260416,315,Sponsored Display,1416,26,36.26,77.14
135,20230721,443,Sponsored Brands,2189,20,10.33,21.78
136,20260510,646,Sponsored Brands,839,6,9.12,24.79
137,20241003,404,Sponsored Display,831,13,10.42,51.96
138,20230316,720,Sponsored Products,2272,25,44.94,248.01
139,20230714,229,Sponsored Display,1510,24,37.03,95.1
140,20250215,9,DSP,1242,12,20.4,110.15
141,20260218,754,DSP,2144,27,44.99,77.12
142,20250723,12,Sponsored Brands,1609,20,32.43,98.98
143,20241011,524,Sponsored Display,1562,27,47.35,303.13
144,20250806,598,Sponsored Products,417,6,9.36,18.32
145,20250414,506,Sponsored Products,1599,7,6.09,37.31
146,20231107,539,Sponsored Products,422,4,2.13,5.37
147,20250306,715,Sponsored Products,1621,12,17.03,63.2
148,20240807,321,Sponsored Products,4339,55,86.69,483.91
149,20251001,281,Sponsored Products,3148,36,45.33,202.82
150,20240119,632,Sponsored Products,376,1,1.15,6.31
151,20250201,658,Sponsored Products,2767,19,32.75,126.07
152,20230601,166,Sponsored Display,907,11,18.56,60.46
153,20230218,558,DSP,2987,39,32.19,175.13
154,20260227,609,DSP,314,5,4.61,29.32
155,20231112,172,Sponsored Products,442,2,2.74,16.07
156,20240228,680,Sponsored Brands,1394,19,32.05,206.53
157,20230725,483,Sponsored Products,725,12,21.3,107.37
158,20250104,450,Sponsored Display,2228,33,16.83,50.21
159,20240306,36,Sponsored Products,563,7,7.14,42.53
160,20240523,305,Sponsored Brands,448,8,14.04,83.47
161,20250827,524,Sponsored Products,296,1,1.4,3.05
162,20251029,7,DSP,4885,39,28.99,165.36
163,20240321,492,Sponsored Products,2886,34,39.56,150.33
164,20260408,535,Sponsored Display,2215,21,35.51,92.33
165,20230314,33,Sponsored Products,1354,25,10.26,31.85
166,20240308,591,Sponsored Products,4121,68,73.1,390.11
167,20240313,480,Sponsored Products,524,7,5.22,20.08
168,20250213,4,Sponsored Display,126,2,1.73,8.12
169,20231007,784,DSP,1042,4,5.32,20.34
170,20250413,248,Sponsored Brands,1953,12,11.39,28.35
171,20251124,24,Sponsored Products,850,10,5.03,29.8
172,20250604,308,Sponsored Display,1424,7,11.58,28.74
173,20230516,495,Sponsored Display,1106,14,19.29,90.06
174,20250407,495,Sponsored Display,1467,24,38.92,240.74
175,20260607,728,DSP,1549,20,27.4,84.46
176,20240223,320,Sponsored Products,2008,25,15.06,92.26
177,20251228,698,Sponsored Products,2966,37,18.71,48.49
178,20251208,362,Sponsored Brands,1872,14,23.32,83.99
179,20240214,239,Sponsored Brands,920,8,11.22,42.52
180,20231003,468,Sponsored Products,3006,50,25.62,60.96
181,20241022,344,DSP,2174,22,23.85,42.14
182,20230503,707,Sponsored Brands,1773,31,21.74,121.34
183,20250713,536,Sponsored Products,604,3,3.14,10.53
184,20231024,793,DSP,1697,20,12.08,75.28
185,20240618,635,Sponsored Products,1478,14,12.69,63.87
186,20230930,555,Sponsored Products,516,4,3.72,15.07
187,20240120,389,Sponsored Products,6620,105,176.49,933.75
188,20241021,425,Sponsored Products,2467,45,61.4,224.11
189,20251107,537,Sponsored Display,1446,14,10.27,57.86
190,20241024,29,Sponsored Products,911,5,6.48,17.73
191,20260426,531,Sponsored Products,196,3,2.93,6.93
192,20241129,489,Sponsored Products,5152,26,10.97,48.05
193,20250815,131,Sponsored Products,1033,8,10.04,16.76
194,20240802,262,Sponsored Products,2478,9,6.2,31.22
195,20260103,614,Sponsored Products,3330,27,14.72,58.03
196,20230812,89,Sponsored Brands,340,4,5.49,20.37
197,20241206,753,Sponsored Display,3425,24,14.56,56.52
198,20230627,157,Sponsored Brands,1270,22,20.18,83.14
199,20260306,228,Sponsored Brands,1595,16,19.75,56.94
200,20250320,277,Sponsored Brands,1051,8,8.72,36.88
201,20240816,590,Sponsored Brands,2243,34,50.14,110.96
202,20240819,447,Sponsored Brands,579,2,2.4,7.8
203,20240324,406,Sponsored Brands,1778,13,12.85,53.48
204,20230206,581,Sponsored Brands,2523,50,70.76,310.37
205,20230807,650,Sponsored Brands,1191,20,12.61,24.57
206,20240508,334,DSP,2045,13,10.48,28.93
207,20240705,280,Sponsored Products,1388,15,20.44,132.73
208,20251208,25,DSP,2847,46,51.65,326.23
209,20260214,362,Sponsored Products,1210,10,6.09,17.41
210,20230318,254,Sponsored Display,1918,35,62.32,98.83
211,20240629,128,DSP,2004,28,13.76,32.47
212,20240213,395,Sponsored Products,451,1,0.64,1.25
213,20240506,41,DSP,287,1,0.7,3.32
214,20230906,239,Sponsored Products,3158,9,15.67,98.0
215,20230515,777,Sponsored Display,2824,36,61.18,114.4
216,20250316,120,Sponsored Brands,1555,9,5.04,17.47
217,20230531,238,Sponsored Products,1712,23,39.53,140.84
218,20260117,268,Sponsored Products,2492,31,48.51,112.39
219,20241019,287,Sponsored Products,1549,29,51.05,120.86
220,20250621,601,Sponsored Brands,1351,22,34.04,190.84
221,20240327,163,Sponsored Display,2293,36,21.55,103.28
222,20241205,126,Sponsored Products,791,3,2.94,8.62
223,20230220,59,Sponsored Products,1602,14,20.28,99.73
224,20250211,485,Sponsored Products,688,2,2.04,3.49
225,20251111,502,DSP,3787,25,14.83,63.86
226,20231118,432,Sponsored Display,1514,29,38.1,107.29
227,20230101,655,Sponsored Products,3973,57,90.59,457.14
228,20240624,720,Sponsored Products,5205,78,139.89,704.58
229,20240420,605,Sponsored Products,1888,35,61.02,131.81
230,20240110,402,Sponsored Display,3641,63,26.84,67.74
231,20240222,436,Sponsored Products,346,3,2.04,7.63
232,20231022,21,DSP,1209,14,10.93,46.93
233,20230302,320,Sponsored Products,1515,16,21.12,94.32
234,20230303,522,Sponsored Display,1133,4,2.94,15.58
235,20250116,255,Sponsored Brands,274,2,3.46,17.47
236,20251008,752,DSP,437,2,1.26,2.28
237,20260411,592,Sponsored Products,393,6,9.97,28.37
238,20240520,143,Sponsored Products,1912,30,13.14,44.67
239,20241126,571,Sponsored Products,696,5,6.4,40.22
240,20250613,201,Sponsored Products,704,5,7.16,35.67
241,20250430,583,Sponsored Brands,883,16,16.03,81.42
242,20251106,198,Sponsored Display,3497,46,56.65,309.33
243,20230218,198,DSP,1051,4,6.73,35.94
244,20250430,398,Sponsored Products,596,3,3.8,19.64
245,20230717,698,Sponsored Products,1311,22,39.27,64.93
246,20260101,784,Sponsored Products,657,2,3.18,7.58
247,20250102,553,Sponsored Display,325,3,4.81,25.56
248,20230907,308,Sponsored Brands,351,6,4.64,28.95
249,20241010,517,Sponsored Brands,2777,38,17.13,106.95
250,20251110,244,Sponsored Products,152,2,2.05,5.71
251,20251102,627,Sponsored Products,845,15,25.62,43.07
252,20240929,525,Sponsored Products,1418,10,14.85,60.14
253,20260615,7,Sponsored Products,1071,12,17.63,91.8
254,20260131,218,Sponsored Products,851,9,4.87,25.19
255,20230502,708,Sponsored Products,1987,28,44.3,260.65
256,20240213,380,Sponsored Products,3056,19,29.03,113.49
257,20250806,45,Sponsored Brands,766,7,10.39,42.73
258,20230813,339,Sponsored Display,1808,28,45.51,186.15
259,20260219,429,Sponsored Brands,2759,21,26.88,105.28
260,20260209,396,Sponsored Display,1765,32,35.13,69.42
261,20251215,572,Sponsored Products,1120,7,9.22,30.61
262,20250221,353,DSP,522,4,6.93,34.25
263,20250919,537,Sponsored Brands,2124,16,14.47,36.4
264,20230413,568,Sponsored Products,1293,5,4.82,13.22
265,20230324,751,Sponsored Display,359,1,0.56,3.52
266,20241002,224,Sponsored Products,761,3,5.04,30.64
267,20230225,662,DSP,613,9,14.24,49.12
268,20250813,443,Sponsored Products,1970,11,9.39,33.92
269,20241207,444,Sponsored Display,3018,13,8.83,46.88
270,20260511,549,DSP,1124,4,3.57,19.15
271,20260120,488,Sponsored Display,2169,8,6.82,28.19
272,20260530,651,Sponsored Products,4415,57,68.11,384.16
273,20230609,238,Sponsored Products,1069,16,16.51,29.97
274,20241019,349,Sponsored Products,3535,47,56.12,321.14
275,20230827,783,Sponsored Display,1953,19,14.21,22.2
276,20260304,567,Sponsored Brands,531,8,6.1,30.58
277,20250509,148,Sponsored Products,1813,24,24.85,73.19
278,20250316,672,Sponsored Brands,877,7,10.43,22.9
279,20230606,791,Sponsored Products,290,5,2.81,16.24
280,20240613,398,Sponsored Display,337,3,1.23,2.34
281,20250329,741,Sponsored Products,287,1,1.33,3.98
282,20250206,761,Sponsored Products,4295,29,20.55,64.57
283,20240421,471,Sponsored Display,1533,18,15.16,92.63
284,20240507,395,Sponsored Display,925,15,19.26,38.59
285,20250528,384,Sponsored Products,1905,13,18.07,111.74
286,20250307,202,Sponsored Products,3517,65,106.76,345.29
287,20250419,375,Sponsored Products,4050,38,64.5,359.87
288,20251103,545,Sponsored Products,636,4,5.7,9.53
289,20230204,629,Sponsored Products,2601,33,13.37,25.19
290,20260404,141,DSP,3616,57,101.41,521.46
291,20250516,707,Sponsored Brands,3102,48,83.06,369.29
292,20230405,389,Sponsored Brands,2385,14,10.12,47.84
293,20230926,598,Sponsored Products,1050,16,11.88,46.89
294,20250213,327,Sponsored Products,477,8,5.56,33.4
295,20240617,606,Sponsored Products,1647,21,10.12,33.27
296,20231114,415,Sponsored Products,526,5,6.59,30.89
297,20230619,654,Sponsored Brands,2759,49,85.46,369.09
298,20250124,355,Sponsored Brands,1012,4,3.4,13.49
299,20230205,24,Sponsored Products,931,17,8.8,37.14
300,20260317,267,Sponsored Products,938,14,15.15,22.98
301,20230917,25,Sponsored Products,962,12,19.48,38.03
302,20230610,76,DSP,2099,23,21.89,50.71
303,20250121,320,DSP,1603,5,4.87,25.68
304,20250615,734,Sponsored Products,999,5,2.27,6.33
305,20240412,378,Sponsored Products,2650,16,18.47,69.48
306,20250117,295,Sponsored Products,304,4,7.2,16.49
307,20240707,505,Sponsored Brands,2059,18,22.9,81.73
308,20240122,128,Sponsored Products,1759,18,27.16,144.51
309,20250917,42,Sponsored Products,609,4,4.3,7.1
310,20260404,189,DSP,863,6,5.48,17.57
311,20240205,696,Sponsored Brands,87,0,0.0,0.0
312,20240222,76,DSP,5442,81,36.64,71.61
313,20230810,23,Sponsored Brands,1432,6,4.97,23.06
314,20230222,573,Sponsored Brands,1682,7,6.7,27.81
315,20240714,12,Sponsored Products,4532,36,63.28,239.0
316,20231102,14,DSP,1116,21,19.5,29.82
317,20240224,769,Sponsored Products,625,7,11.68,42.68
318,20260113,66,Sponsored Products,1865,27,14.53,25.46
319,20240407,657,Sponsored Products,1517,24,14.86,26.28
320,20240224,11,Sponsored Products,639,9,12.04,58.77
321,20230327,477,Sponsored Display,347,4,4.21,27.19
322,20231225,253,Sponsored Display,1122,19,22.65,95.74
323,20251210,31,Sponsored Brands,3410,15,12.75,78.84
324,20230511,263,Sponsored Brands,2313,39,63.95,341.88
325,20251205,396,Sponsored Products,2024,24,37.15,82.04
326,20230812,104,Sponsored Products,1004,6,4.6,24.65
327,20240409,30,DSP,916,4,2.33,9.9
328,20240610,397,Sponsored Brands,721,9,11.06,45.49
329,20240526,52,Sponsored Products,2802,53,60.73,344.87
330,20250906,338,Sponsored Products,1901,26,26.21,162.15
331,20230103,637,Sponsored Products,2857,50,82.73,420.36
332,20241127,153,Sponsored Products,8960,154,246.48,815.99
333,20250704,220,Sponsored Products,906,12,10.88,45.36
334,20240309,390,Sponsored Display,3209,18,30.25,189.83
335,20260317,484,Sponsored Display,1194,12,7.08,12.56
336,20231214,450,Sponsored Products,1898,8,11.43,20.41
337,20240827,224,DSP,2169,15,6.32,20.95
338,20240116,781,Sponsored Products,2947,54,56.88,131.58
339,20230831,697,Sponsored Display,2633,38,29.06,94.15
340,20230425,215,Sponsored Display,819,14,7.78,50.14
341,20241108,188,Sponsored Products,2481,44,42.7,136.75
342,20250702,520,Sponsored Products,1505,20,30.44,54.75
343,20230506,600,Sponsored Products,1984,10,13.66,45.51
344,20250111,723,Sponsored Brands,6092,82,128.34,406.79
345,20240522,690,Sponsored Products,1782,23,18.85,119.03
346,20230205,668,Sponsored Brands,663,5,3.24,20.25
347,20260516,486,Sponsored Brands,907,7,4.48,27.89
348,20250214,774,DSP,289,2,2.43,8.38
349,20241222,591,Sponsored Brands,4746,55,69.48,348.74
350,20230526,735,Sponsored Brands,4564,15,23.59,100.11
351,20240713,421,Sponsored Products,1559,13,11.98,35.38
352,20240528,340,Sponsored Products,581,4,4.73,12.63
353,20230814,522,Sponsored Products,1171,20,21.49,40.73
354,20260306,775,DSP,911,3,5.11,10.33
355,20240327,453,Sponsored Brands,1113,11,17.92,103.02
356,20240105,780,Sponsored Display,1124,14,25.04,90.48
357,20250806,553,DSP,958,14,11.48,25.38
358,20240903,766,Sponsored Products,1149,18,8.21,53.05
359,20240422,776,Sponsored Products,264,1,1.69,6.29
360,20251019,589,Sponsored Products,2004,21,14.64,67.26
361,20230505,251,Sponsored Products,1092,13,12.59,37.69
362,20260311,92,Sponsored Display,1141,15,12.58,58.91
363,20230131,798,Sponsored Display,838,4,3.73,23.78
364,20240913,543,Sponsored Brands,725,4,4.19,12.47
365,20230419,104,Sponsored Brands,1493,17,14.15,63.18
366,20251019,800,Sponsored Brands,1548,4,2.4,12.42
367,20230508,43,Sponsored Brands,1854,16,17.97,92.62
368,20230820,380,Sponsored Display,2973,9,4.65,18.88
369,20260504,607,Sponsored Display,1457,26,24.87,108.4
370,20240821,581,Sponsored Brands,207,0,0.0,0.0
371,20250724,366,Sponsored Display,302,4,3.83,20.41
372,20251203,781,Sponsored Brands,2040,28,15.9,83.49
373,20260410,295,DSP,1227,17,30.39,192.35
374,20241125,278,Sponsored Products,1566,13,16.02,68.5
375,20241205,651,Sponsored Products,816,3,1.63,8.26
376,20241102,154,Sponsored Products,1999,8,3.76,7.18
377,20250216,651,Sponsored Products,1832,18,18.53,57.77
378,20240101,95,Sponsored Products,1910,33,35.23,54.38
379,20231004,90,Sponsored Brands,3972,12,21.27,73.25
380,20260128,495,Sponsored Brands,96,1,1.55,3.97
381,20260425,725,Sponsored Brands,635,2,3.03,12.8
382,20231215,165,Sponsored Brands,8955,49,50.53,178.52
383,20260303,653,Sponsored Brands,197,1,1.17,6.65
384,20250426,316,Sponsored Products,235,0,0.0,0.0
385,20241025,99,Sponsored Display,2008,6,6.35,21.85
386,20240226,390,Sponsored Brands,1013,11,7.62,46.54
387,20230507,227,Sponsored Brands,246,2,2.67,10.52
388,20230915,429,Sponsored Products,798,3,1.45,8.78
389,20250221,226,Sponsored Products,1963,12,7.01,41.81
390,20240104,22,Sponsored Brands,5595,105,51.42,206.18
391,20240329,645,Sponsored Display,5898,67,43.91,244.04
392,20230404,47,Sponsored Brands,415,7,6.02,22.04
393,20260221,573,Sponsored Products,1336,7,12.23,43.24
394,20251216,590,Sponsored Display,5644,49,72.23,120.37
395,20250122,86,Sponsored Products,2076,19,25.35,142.33
396,20230908,264,Sponsored Brands,1186,15,20.13,98.22
397,20260402,359,DSP,2810,47,28.13,42.8
398,20240109,618,Sponsored Brands,2414,46,57.59,328.69
399,20251011,201,Sponsored Products,3010,48,33.5,60.72
400,20251124,213,Sponsored Brands,888,17,29.92,153.69
401,20231116,528,Sponsored Brands,2575,31,45.25,105.78
402,20240119,552,Sponsored Products,1190,10,13.21,38.78
403,20260113,680,Sponsored Products,1740,6,6.08,29.91
404,20250513,274,Sponsored Products,727,11,8.66,14.13
405,20260403,25,Sponsored Products,222,2,3.09,15.01
406,20240628,504,Sponsored Brands,1641,5,3.41,15.31
407,20230129,102,Sponsored Products,288,4,6.11,23.35
408,20250831,166,Sponsored Products,1593,13,18.96,104.19
409,20230620,474,DSP,728,12,21.18,92.05
410,20250101,662,Sponsored Brands,3831,53,34.13,134.35
411,20241130,292,Sponsored Products,6257,65,43.04,103.73
412,20230206,140,Sponsored Brands,3000,43,66.17,169.45
413,20231205,373,Sponsored Products,1407,22,10.65,48.86
414,20240217,617,Sponsored Products,792,10,13.76,73.0
415,20250215,165,Sponsored Products,3555,54,92.89,448.79
416,20250203,50,Sponsored Products,214,3,4.22,21.02
417,20230921,33,Sponsored Products,279,4,4.42,24.42
418,20260216,18,Sponsored Brands,3702,41,47.47,285.97
419,20240514,522,Sponsored Products,1297,25,20.86,51.11
420,20251025,400,Sponsored Brands,2834,26,28.1,96.28
421,20250822,253,Sponsored Products,2231,18,22.48,124.74
422,20241115,1,Sponsored Display,2358,16,26.78,158.52
423,20260216,394,Sponsored Products,2591,51,43.39,72.42
424,20251202,93,Sponsored Brands,4723,28,27.72,74.13
425,20251223,581,Sponsored Products,8265,52,65.53,156.57
426,20241205,256,DSP,904,17,16.18,103.86
427,20250710,80,Sponsored Brands,2161,27,38.64,96.63
428,20230113,355,Sponsored Products,1011,13,10.17,21.24
429,20230215,143,Sponsored Products,2286,31,39.69,73.9
430,20240627,113,Sponsored Products,961,14,10.33,25.62
431,20240120,663,Sponsored Brands,1730,6,3.75,21.69
432,20260316,573,Sponsored Brands,716,4,3.78,13.33
433,20260201,660,Sponsored Display,354,6,6.13,26.68
434,20260620,45,DSP,1692,8,5.81,30.98
435,20251130,742,Sponsored Display,8553,54,83.63,221.26
436,20230824,95,Sponsored Brands,1249,11,7.25,17.93
437,20251013,694,Sponsored Brands,4406,15,20.41,104.46
438,20230331,385,DSP,785,10,4.27,9.65
439,20241001,176,Sponsored Display,2622,39,38.88,206.66
440,20250812,139,Sponsored Products,828,6,2.68,4.06
441,20250106,594,Sponsored Products,1230,17,22.84,62.34
442,20230325,647,Sponsored Products,1017,12,5.14,31.57
443,20241213,500,Sponsored Products,1359,7,5.88,26.73
444,20241031,729,Sponsored Display,3226,49,58.26,329.04
445,20251004,326,Sponsored Products,1326,11,5.22,18.67
446,20231113,66,Sponsored Brands,1379,9,10.03,55.89
447,20230209,323,Sponsored Products,606,8,5.71,17.38
448,20250701,439,Sponsored Products,1510,12,21.47,76.01
449,20260222,155,Sponsored Products,760,7,7.14,35.95
450,20230308,208,Sponsored Products,2475,13,8.32,51.96
451,20251006,764,Sponsored Brands,2800,16,12.2,78.1
452,20251106,529,Sponsored Products,949,9,12.03,62.84
453,20260207,798,Sponsored Products,2718,32,22.35,83.66
454,20231010,369,Sponsored Products,3277,10,12.98,78.8
455,20240916,647,Sponsored Products,766,12,10.96,21.94
456,20231116,145,Sponsored Products,1601,10,13.72,65.23
457,20230627,670,Sponsored Brands,1487,21,27.61,64.7
458,20250426,593,DSP,890,3,2.22,4.11
459,20230807,148,Sponsored Products,1293,8,4.42,22.99
460,20250417,735,Sponsored Products,1499,17,12.66,41.83
461,20250610,361,Sponsored Products,2967,46,75.7,403.43
462,20230610,636,Sponsored Products,2632,42,48.6,217.22
463,20231024,617,Sponsored Products,2385,19,15.65,52.89
464,20230111,214,Sponsored Display,956,11,9.06,51.91
465,20250721,111,Sponsored Products,2107,9,3.81,22.71
466,20230916,418,Sponsored Products,536,4,4.46,22.53
467,20251122,432,Sponsored Brands,2265,21,24.86,86.18
468,20260112,365,Sponsored Brands,2937,56,100.57,194.21
469,20230513,226,Sponsored Products,981,7,11.39,67.62
470,20250405,344,DSP,1720,7,9.1,57.42
471,20240316,190,Sponsored Products,2279,24,14.58,79.69
472,20230813,658,Sponsored Brands,2840,56,30.17,132.53
473,20250809,108,Sponsored Products,1671,23,31.08,152.69
474,20230514,255,DSP,3478,33,20.32,60.75
475,20250808,337,Sponsored Products,2703,11,10.17,26.75
476,20241014,497,Sponsored Brands,2014,28,42.29,110.83
477,20250205,71,Sponsored Brands,286,2,3.25,19.29
478,20250207,103,DSP,1490,21,29.27,109.71
479,20231028,394,Sponsored Products,992,10,17.57,52.5
480,20240823,534,Sponsored Display,1287,24,33.18,204.15
481,20250313,2,Sponsored Brands,2488,34,55.65,94.02
482,20230801,787,Sponsored Brands,1008,19,22.42,110.66
483,20240621,132,Sponsored Products,250,3,4.39,7.4
484,20231207,231,Sponsored Products,1444,18,22.92,117.69
485,20260111,446,Sponsored Products,3789,71,72.06,463.12
486,20250809,597,Sponsored Brands,4371,37,66.6,396.12
487,20260619,6,Sponsored Brands,955,14,22.68,45.84
488,20250316,8,Sponsored Products,895,8,12.76,37.94
489,20230912,297,Sponsored Brands,1466,24,37.39,72.04
490,20230412,411,Sponsored Brands,530,6,9.38,58.66
491,20240114,637,Sponsored Products,665,5,6.4,11.9
492,20240417,397,Sponsored Brands,1537,5,6.53,30.42
493,20250220,184,Sponsored Products,1015,15,17.23,93.38
494,20240106,648,Sponsored Brands,677,4,2.94,12.77
495,20260318,343,Sponsored Products,189,0,0.0,0.0
496,20250208,2,Sponsored Brands,1574,14,12.96,57.42
497,20260210,684,Sponsored Products,636,2,3.48,13.1
498,20240225,174,Sponsored Products,1182,18,16.04,87.89
499,20250701,506,Sponsored Products,484,2,1.73,3.12
500,20230923,553,Sponsored Products,3954,19,12.13,52.15
501,20240617,716,DSP,4596,70,71.77,321.02
502,20260122,714,Sponsored Products,743,10,11.9,74.48
503,20241214,133,Sponsored Brands,3968,64,72.61,459.62
504,20260516,436,Sponsored Products,653,11,14.71,75.51
505,20240226,614,Sponsored Products,886,15,14.98,48.36
506,20230827,294,Sponsored Products,600,7,7.37,46.48
507,20250112,36,Sponsored Brands,5248,96,109.43,179.39
508,20250307,342,Sponsored Brands,727,12,10.19,56.36
509,20250628,507,Sponsored Display,1467,29,23.04,121.49
510,20230304,153,DSP,631,9,3.69,20.05
511,20240412,305,Sponsored Products,1373,27,12.92,48.65
512,20240627,159,DSP,1400,14,23.56,71.44
513,20230520,492,DSP,265,1,1.7,8.9
514,20250921,546,Sponsored Brands,297,1,1.61,8.34
515,20240403,494,Sponsored Brands,767,8,4.93,23.78
516,20251203,107,Sponsored Products,579,3,1.61,6.83
517,20260320,763,DSP,1210,5,5.11,14.1
518,20260203,608,Sponsored Brands,427,3,3.93,15.31
519,20250809,158,Sponsored Display,415,6,9.88,61.47
520,20251220,137,Sponsored Products,788,6,3.63,5.62
521,20260204,713,Sponsored Brands,2325,35,62.22,292.32
522,20241105,513,Sponsored Products,1786,17,20.16,73.45
523,20250526,553,Sponsored Products,1995,24,42.3,247.18
524,20240202,250,Sponsored Display,2057,27,16.19,81.08
525,20251002,16,Sponsored Products,1193,7,7.04,26.63
526,20250107,425,Sponsored Brands,244,1,1.14,6.15
527,20240930,279,Sponsored Products,1198,10,9.03,34.93
528,20230725,566,Sponsored Products,169,1,1.36,8.33
529,20251130,220,DSP,4081,72,94.04,583.72
530,20250924,219,Sponsored Products,873,11,13.55,80.28
531,20260315,95,Sponsored Products,436,7,10.96,55.89
532,20231213,466,Sponsored Products,4000,13,17.73,69.44
533,20230325,256,Sponsored Brands,696,12,6.51,20.38
534,20251129,521,Sponsored Products,2681,35,40.81,245.66
535,20250712,577,Sponsored Products,2004,21,13.62,41.81
536,20240401,479,Sponsored Display,734,3,4.25,9.29
537,20250603,247,Sponsored Products,2003,31,33.91,92.9
538,20250917,25,Sponsored Products,761,2,1.63,5.97
539,20251030,653,Sponsored Products,1218,22,14.34,85.74
540,20260203,426,Sponsored Products,1588,21,37.39,147.8
541,20260202,284,Sponsored Brands,321,6,6.36,16.08
542,20250207,594,Sponsored Products,1201,11,10.29,66.56
543,20250604,532,Sponsored Products,1149,8,5.74,18.21
544,20250113,573,DSP,2772,47,71.84,414.04
545,20250613,706,Sponsored Products,1600,27,34.0,201.56
546,20251008,542,Sponsored Products,4289,61,26.35,126.68
547,20250815,528,Sponsored Brands,345,5,6.59,23.55
548,20250905,464,Sponsored Display,1877,32,54.39,137.79
549,20260125,286,Sponsored Brands,468,4,6.45,41.27
550,20230308,5,Sponsored Products,4498,75,105.14,389.57
551,20230819,57,Sponsored Products,3736,67,79.05,471.78
552,20230527,493,Sponsored Products,337,6,7.0,37.09
553,20240202,778,Sponsored Display,543,4,5.56,26.04
554,20260117,532,Sponsored Products,497,3,4.76,18.32
555,20240718,429,Sponsored Products,285,2,1.21,3.2
556,20241013,193,Sponsored Products,499,2,1.41,5.43
557,20230616,445,Sponsored Products,1700,32,40.53,108.52
558,20250815,478,Sponsored Products,392,1,0.91,5.21
559,20260205,137,Sponsored Display,1380,18,20.76,40.25
560,20250218,190,Sponsored Products,3001,48,41.81,249.49
561,20250210,704,Sponsored Brands,4794,28,46.76,229.76
562,20230511,416,Sponsored Products,1023,16,11.4,44.2
563,20231127,265,Sponsored Products,1762,21,34.6,120.44
564,20230214,5,Sponsored Products,2744,29,26.76,52.56
565,20230105,237,Sponsored Products,1927,18,15.14,97.45
566,20260326,487,Sponsored Products,602,7,11.47,35.89
567,20260505,750,Sponsored Products,1026,4,3.04,10.26
568,20230911,750,Sponsored Brands,419,2,3.2,8.45
569,20260506,407,DSP,3075,53,84.45,154.28
570,20240403,467,Sponsored Products,1922,31,45.24,219.91
571,20250930,491,Sponsored Products,173,3,5.3,12.07
572,20230104,300,Sponsored Brands,3764,51,36.85,61.01
573,20230213,76,Sponsored Products,4546,89,68.1,388.48
574,20230912,75,Sponsored Products,1122,22,23.12,68.36
575,20240407,423,DSP,422,7,10.56,48.79
576,20260414,250,Sponsored Brands,1508,25,36.16,212.04
577,20240728,528,Sponsored Display,838,16,23.54,82.99
578,20240331,717,Sponsored Display,2622,39,36.7,210.97
579,20260406,379,Sponsored Products,407,7,5.36,9.3
580,20251124,670,Sponsored Brands,347,6,4.48,24.9
581,20250217,773,Sponsored Products,1041,15,26.68,44.03
582,20250621,377,Sponsored Products,1697,17,11.56,36.54
583,20241022,412,Sponsored Brands,2567,7,8.2,40.7
584,20231124,758,Sponsored Brands,6503,86,107.49,230.34
585,20250723,598,Sponsored Display,272,3,4.01,20.86
586,20231202,633,Sponsored Products,1859,23,24.83,95.67
587,20230201,185,Sponsored Display,2036,20,32.95,64.0
588,20240210,683,Sponsored Products,2216,31,48.36,246.86
589,20231031,24,Sponsored Products,855,13,12.33,57.84
590,20260207,678,DSP,2762,10,11.34,66.36
591,20260513,78,Sponsored Products,620,4,1.75,3.04
592,20251225,506,Sponsored Products,1154,11,16.24,86.26
593,20240826,578,Sponsored Products,4001,16,25.95,79.24
594,20231126,740,Sponsored Products,1813,23,19.49,80.81
595,20260518,457,Sponsored Brands,3101,24,23.83,124.8
596,20240114,67,Sponsored Products,1797,7,12.54,24.84
597,20260114,654,Sponsored Products,1410,7,9.32,37.9
598,20260215,407,Sponsored Products,794,15,23.48,82.21
599,20240307,569,Sponsored Products,1052,20,30.45,74.03
600,20230211,271,Sponsored Brands,1830,9,11.73,20.08
601,20260417,155,Sponsored Products,475,4,3.07,13.72
602,20260622,255,Sponsored Brands,1348,19,23.04,100.64
603,20250625,105,Sponsored Display,1301,15,8.18,35.93
604,20230131,290,Sponsored Products,1700,16,11.23,45.79
605,20250603,673,Sponsored Display,217,3,2.12,7.2
606,20250808,629,Sponsored Display,1098,11,18.24,27.49
607,20250710,782,Sponsored Products,1915,32,42.35,100.29
608,20260320,291,DSP,1278,19,11.49,20.16
609,20250320,420,Sponsored Products,1748,20,18.29,31.86
610,20230401,89,Sponsored Products,1404,27,37.25,202.92
611,20260210,673,Sponsored Brands,1589,19,23.34,63.12
612,20250317,638,Sponsored Display,95,0,0.0,0.0
613,20230228,783,Sponsored Brands,1441,16,9.18,26.2
614,20241127,346,Sponsored Products,7410,74,43.23,102.53
615,20250814,289,Sponsored Products,1225,22,9.55,26.29
616,20241122,175,Sponsored Brands,1923,12,15.45,60.6
617,20251018,49,Sponsored Brands,1774,18,9.17,57.99
618,20250606,527,Sponsored Brands,873,13,21.09,116.16
619,20231105,454,DSP,3852,24,39.54,205.92
620,20230813,92,Sponsored Display,1046,3,2.95,12.75
621,20240929,380,Sponsored Products,838,2,1.19,4.97
622,20230405,192,Sponsored Products,1889,30,46.88,266.8
623,20250914,388,Sponsored Brands,1585,29,12.06,54.65
624,20240615,582,Sponsored Products,2223,14,20.76,85.98
625,20250630,187,Sponsored Products,1859,32,49.05,271.03
626,20230211,117,Sponsored Brands,1438,17,23.49,78.66
627,20240724,629,Sponsored Brands,564,9,11.34,39.67
628,20230916,413,Sponsored Products,1242,22,21.61,59.88
629,20240518,559,Sponsored Products,670,10,13.63,74.77
630,20250408,233,Sponsored Brands,1553,4,2.96,12.79
631,20240705,388,DSP,1399,7,10.32,59.45
632,20231025,87,Sponsored Products,722,7,7.63,12.28
633,20250503,748,Sponsored Products,1270,8,3.35,17.76
634,20250602,380,Sponsored Products,905,12,18.37,39.19
635,20241003,761,Sponsored Products,2542,38,46.23,284.49
636,20250430,486,Sponsored Products,564,3,3.06,5.62
637,20260211,109,Sponsored Products,2588,19,28.29,103.19
638,20251206,601,DSP,449,2,1.25,7.0
639,20250929,62,Sponsored Display,3902,59,87.55,227.36
640,20250621,127,Sponsored Products,2906,45,26.33,128.46
641,20240604,155,Sponsored Products,259,3,1.84,6.51
642,20250224,287,Sponsored Products,1731,27,41.04,125.96
643,20230731,606,Sponsored Brands,2883,16,20.85,87.51
644,20250909,8,Sponsored Brands,974,7,8.96,24.87
645,20251210,512,Sponsored Brands,1346,26,45.81,166.54
646,20250615,707,Sponsored Brands,870,16,23.5,66.98
647,20260513,66,Sponsored Products,972,14,24.82,66.21
648,20231108,702,Sponsored Display,396,4,7.08,40.6
649,20250626,9,DSP,425,1,0.81,1.43
650,20240325,26,Sponsored Brands,1750,16,17.85,60.77
651,20240420,223,Sponsored Products,2737,24,38.68,143.12
652,20230623,511,Sponsored Products,329,1,0.89,2.15
653,20240805,411,Sponsored Display,555,5,3.18,9.05
654,20260621,208,Sponsored Products,1253,5,6.72,36.26
655,20230504,784,Sponsored Products,784,7,3.23,9.64
656,20240918,763,Sponsored Brands,1304,21,36.18,106.32
657,20241129,454,Sponsored Products,2315,38,62.19,272.72
658,20230617,229,Sponsored Products,2889,25,32.43,59.49
659,20250912,584,Sponsored Products,1352,5,7.82,23.04
660,20230901,43,Sponsored Display,3069,32,47.44,293.74
661,20240205,71,Sponsored Brands,787,15,22.1,139.22
662,20260112,234,Sponsored Products,1894,24,28.75,126.38
663,20251113,120,Sponsored Display,417,7,10.23,52.25
664,20241114,133,Sponsored Products,2142,24,28.56,93.72
665,20260627,481,Sponsored Products,1452,4,6.81,30.44
666,20260218,640,DSP,1590,16,26.69,70.16
667,20230108,484,Sponsored Products,1979,15,6.99,29.27
668,20231206,1,Sponsored Products,474,4,4.69,20.52
669,20230326,59,Sponsored Products,1391,18,29.35,144.77
670,20250813,87,Sponsored Products,1281,9,12.14,19.68
671,20240927,103,Sponsored Products,1241,6,7.18,38.91
672,20241015,123,Sponsored Products,751,6,4.2,26.3
673,20240602,327,Sponsored Brands,887,13,22.75,47.32
674,20240624,201,Sponsored Products,2008,9,13.12,81.42
675,20230706,141,Sponsored Products,875,9,14.71,27.99
676,20260210,237,Sponsored Products,2369,30,50.96,328.74
677,20260529,94,DSP,1366,6,6.88,24.39
678,20250407,240,Sponsored Products,2002,14,21.21,109.65
679,20231004,743,Sponsored Products,895,11,13.91,85.9
680,20241105,502,Sponsored Products,2669,31,54.72,142.77
681,20231101,101,Sponsored Products,329,6,4.52,24.57
682,20250625,133,Sponsored Display,780,11,17.71,94.81
683,20251012,540,Sponsored Display,149,1,0.44,1.4
684,20230127,488,Sponsored Products,844,10,8.32,14.74
685,20241207,200,Sponsored Display,2280,8,11.18,53.78
686,20250305,711,Sponsored Products,1359,20,30.45,86.26
687,20250621,505,Sponsored Products,3769,13,9.6,35.04
688,20230202,183,Sponsored Brands,2049,32,30.39,157.84
689,20240117,302,Sponsored Products,2595,48,65.88,122.85
690,20240513,350,Sponsored Products,1341,24,28.35,118.46
691,20230508,518,Sponsored Products,689,4,6.82,37.62
692,20260406,181,Sponsored Display,951,13,23.4,91.02
693,20250916,422,Sponsored Products,1668,17,10.57,52.16
694,20250313,629,Sponsored Display,1972,17,12.9,59.83
695,20240304,102,DSP,1172,15,8.53,48.21
696,20260104,109,Sponsored Products,3071,57,92.6,255.89
697,20250707,308,Sponsored Products,1225,10,15.18,93.0
698,20260202,642,Sponsored Products,1055,10,4.33,23.06
699,20240715,319,Sponsored Display,1000,12,6.07,14.75
700,20240627,216,DSP,1623,16,25.35,49.47
701,20230811,559,Sponsored Products,810,6,5.69,23.67
702,20240524,410,Sponsored Brands,1120,14,20.12,104.78
703,20250804,607,Sponsored Brands,1582,15,24.11,66.47
704,20251007,445,Sponsored Brands,755,8,10.27,36.85
705,20240530,459,Sponsored Brands,1723,15,7.18,30.29
706,20260221,645,Sponsored Display,1257,22,14.41,85.82
707,20240309,561,Sponsored Brands,4026,73,78.49,280.43
708,20230228,306,Sponsored Brands,4219,23,35.57,65.13
709,20240609,58,Sponsored Brands,6605,23,31.35,196.92
710,20251222,530,Sponsored Brands,1202,17,13.58,58.26
711,20260620,120,Sponsored Products,1864,15,12.18,49.37
712,20230113,700,DSP,302,2,3.28,9.3
713,20241127,508,Sponsored Products,3774,71,47.05,164.92
714,20251211,353,Sponsored Display,603,10,15.98,56.87
715,20250710,197,Sponsored Products,743,6,9.64,58.24
716,20241113,732,Sponsored Brands,265,4,4.61,15.38
717,20251225,229,Sponsored Display,3097,55,66.55,240.68
718,20250222,777,Sponsored Display,1942,16,14.07,29.33
719,20230318,514,Sponsored Display,705,10,4.87,23.5
720,20250604,241,Sponsored Brands,430,4,6.9,12.08
721,20240721,318,Sponsored Products,2787,51,56.98,325.22
722,20240505,390,Sponsored Brands,191,1,0.44,2.6
723,20230809,189,Sponsored Products,498,5,6.64,26.97
724,20250801,650,Sponsored Display,1711,32,50.69,109.67
725,20251202,294,Sponsored Products,4754,21,16.03,76.68
726,20230417,489,Sponsored Brands,3291,40,52.65,166.39
727,20250214,219,Sponsored Products,1481,23,26.94,65.4
728,20230323,241,Sponsored Products,1421,12,12.33,75.88
729,20250723,184,Sponsored Brands,476,4,1.69,6.87
730,20240329,148,Sponsored Products,5327,16,15.88,59.89
731,20231020,175,Sponsored Products,419,6,5.16,9.15
732,20260105,429,Sponsored Products,1866,35,17.69,95.16
733,20230727,142,Sponsored Brands,551,3,2.09,7.3
734,20241116,421,Sponsored Products,814,11,8.81,40.85
735,20230726,306,Sponsored Products,1435,13,17.78,27.96
736,20250221,549,Sponsored Products,1507,15,23.31,133.67
737,20251122,677,DSP,613,2,1.04,6.67
738,20260608,115,Sponsored Brands,1089,17,8.12,50.18
739,20241129,132,Sponsored Products,3140,30,33.74,75.31
740,20241031,689,Sponsored Products,3017,49,41.85,257.79
741,20241019,131,Sponsored Products,3817,54,77.12,399.13
742,20250423,372,Sponsored Products,1014,15,25.86,100.33
743,20241116,545,Sponsored Products,1101,7,4.84,29.61
744,20240403,181,Sponsored Products,2423,19,25.62,122.24
745,20240704,759,Sponsored Products,1428,9,14.61,42.64
746,20260605,770,Sponsored Products,2290,39,42.31,133.02
747,20231031,279,DSP,1949,20,33.24,138.9
748,20240814,540,Sponsored Brands,1377,14,18.62,57.76
749,20250122,329,Sponsored Brands,1840,19,12.53,35.75
750,20240618,599,Sponsored Brands,1095,7,10.06,31.43
751,20250815,164,DSP,2324,29,46.46,222.68
752,20260415,443,Sponsored Products,334,2,3.55,11.86
753,20250430,271,Sponsored Display,737,5,7.4,47.72
754,20240905,36,Sponsored Brands,834,16,27.44,54.93
755,20230602,779,Sponsored Products,2585,43,58.44,200.07
756,20260211,189,Sponsored Brands,509,6,7.21,20.91
757,20251019,16,Sponsored Products,846,5,5.66,16.25
758,20240225,581,Sponsored Brands,960,3,1.64,9.82
759,20231219,301,Sponsored Brands,6407,70,82.41,246.64
760,20230211,104,Sponsored Products,1108,14,10.42,41.11
761,20250222,506,Sponsored Products,1633,23,27.07,125.56
762,20250130,708,Sponsored Products,1461,8,10.67,49.73
763,20241116,525,Sponsored Brands,286,2,1.39,4.26
764,20240722,196,Sponsored Brands,1458,26,35.53,92.0
765,20230112,364,Sponsored Brands,3029,42,66.5,373.94
766,20230818,212,Sponsored Brands,264,3,4.89,23.77
767,20240415,206,Sponsored Products,1042,18,25.55,49.26
768,20250404,332,Sponsored Products,1769,18,30.05,160.53
769,20230216,132,Sponsored Products,2135,33,49.52,310.29
770,20240418,785,Sponsored Display,2051,21,29.28,187.94
771,20250512,589,Sponsored Products,2967,36,60.03,244.22
772,20250611,417,Sponsored Display,1835,16,14.08,50.35
773,20260101,109,Sponsored Display,157,1,1.37,7.03
774,20240220,487,Sponsored Products,3362,12,5.65,30.06
775,20250218,424,Sponsored Products,254,4,2.71,14.87
776,20250121,765,Sponsored Products,4240,83,99.96,285.85
777,20230606,131,Sponsored Brands,6521,123,69.77,279.18
778,20260102,556,Sponsored Display,723,7,11.67,20.72
779,20230311,780,Sponsored Products,1412,18,20.81,129.21
780,20240622,209,Sponsored Products,3622,41,25.09,136.52
781,20260508,750,Sponsored Products,1475,7,6.71,35.67
782,20240111,521,Sponsored Products,662,9,5.24,25.68
783,20230601,421,Sponsored Products,1081,17,28.38,149.51
784,20240207,85,DSP,174,0,0.0,0.0
785,20231130,102,Sponsored Brands,853,9,8.09,50.69
786,20230610,292,Sponsored Display,764,10,10.88,45.82
787,20250515,631,Sponsored Brands,489,5,5.78,36.86
788,20250805,68,Sponsored Products,3741,34,49.06,87.02
789,20260623,368,Sponsored Products,753,12,12.45,42.12
790,20240222,741,Sponsored Products,1359,7,8.17,45.76
791,20230831,606,Sponsored Brands,771,14,17.72,60.48
792,20240909,368,Sponsored Products,1131,14,9.44,27.44
793,20250520,31,Sponsored Display,702,8,9.25,41.52
794,20260321,549,Sponsored Brands,4132,44,34.32,120.98
795,20230821,80,Sponsored Products,2488,35,31.77,90.36
796,20231111,285,Sponsored Products,4031,73,68.5,209.44
797,20230705,540,Sponsored Products,2110,18,25.27,102.9
798,20250604,625,Sponsored Display,1679,20,18.37,79.87
799,20260408,40,Sponsored Products,2074,27,34.12,62.77
800,20240513,742,Sponsored Products,1388,18,32.32,114.53
801,20250421,561,Sponsored Brands,3215,13,7.53,15.18
802,20230316,131,Sponsored Products,1570,20,25.06,103.42
803,20250617,241,Sponsored Display,2222,36,61.54,331.66
804,20250722,531,Sponsored Products,428,6,10.79,60.98
805,20250822,223,Sponsored Brands,1231,23,15.92,95.0
806,20260210,582,Sponsored Products,2215,35,23.79,43.61
807,20250705,582,Sponsored Products,434,2,2.16,12.88
808,20230527,1,Sponsored Display,3230,31,48.8,312.16
809,20260310,627,Sponsored Products,871,6,9.94,51.13
810,20240312,197,Sponsored Products,1283,8,3.96,15.98
811,20260623,562,Sponsored Products,851,13,8.95,39.75
812,20260325,714,Sponsored Brands,2160,28,26.25,121.46
813,20250709,336,Sponsored Display,2046,8,14.06,72.76
814,20250201,698,Sponsored Display,1518,9,12.12,44.17
815,20240321,20,DSP,302,1,0.74,2.38
816,20250122,589,DSP,526,7,8.83,54.7
817,20250612,531,Sponsored Products,838,3,3.96,15.63
818,20241022,366,Sponsored Display,2366,36,46.43,106.2
819,20250223,92,Sponsored Products,1385,21,23.15,40.44
820,20240802,493,Sponsored Display,844,5,2.69,8.95
821,20250524,629,Sponsored Brands,4791,22,29.3,70.49
822,20250724,166,Sponsored Products,4327,78,135.07,611.8
823,20250706,447,Sponsored Products,1161,17,7.8,33.28
824,20250404,556,Sponsored Products,1905,10,7.43,31.21
825,20250826,305,Sponsored Products,1072,7,8.09,23.71
826,20231103,731,Sponsored Products,3050,28,36.03,125.62
827,20230722,635,Sponsored Products,1793,20,22.21,71.52
828,20260106,235,Sponsored Brands,3344,17,12.75,49.2
829,20250508,499,Sponsored Products,1013,9,14.22,76.32
830,20240907,331,Sponsored Brands,3676,64,26.37,152.92
831,20251206,564,DSP,1061,9,10.98,49.57
832,20230829,453,Sponsored Brands,3778,37,56.11,243.63
833,20250224,393,Sponsored Products,870,4,6.25,35.32
834,20250709,506,Sponsored Products,1076,12,17.22,56.1
835,20240326,234,DSP,418,5,6.62,15.83
836,20231008,86,Sponsored Brands,1661,8,12.25,21.11
837,20240223,684,Sponsored Products,2454,28,13.56,80.99
838,20230223,788,Sponsored Display,3795,42,37.64,183.21
839,20240906,135,Sponsored Brands,1016,19,23.48,99.82
840,20240918,91,Sponsored Products,1779,25,44.55,98.75
841,20250112,392,Sponsored Products,1238,20,13.97,30.27
842,20250313,84,DSP,289,2,2.6,16.0
843,20240811,603,Sponsored Products,4835,60,44.04,269.96
844,20230105,445,Sponsored Products,657,8,12.41,80.65
845,20231215,98,Sponsored Products,2206,17,19.4,104.86
846,20240609,618,Sponsored Brands,1656,15,14.48,81.99
847,20240404,419,Sponsored Products,970,6,6.09,18.86
848,20241030,347,Sponsored Display,231,3,4.27,23.23
849,20250831,613,Sponsored Products,976,16,21.37,125.69
850,20240711,250,Sponsored Display,10764,66,91.07,297.39
851,20250318,464,Sponsored Products,338,5,6.74,40.64
852,20250205,653,Sponsored Products,324,5,2.61,13.7
853,20250225,598,Sponsored Display,350,3,4.12,23.15
854,20260625,308,Sponsored Display,1787,11,8.65,34.87
855,20260319,311,Sponsored Display,231,1,1.26,6.69
856,20230905,580,Sponsored Products,757,10,17.7,78.22
857,20240814,488,Sponsored Products,1445,25,21.23,47.46
858,20260417,606,Sponsored Products,4594,57,32.41,172.53
859,20250815,113,Sponsored Brands,1377,8,8.66,53.04
860,20260209,605,Sponsored Products,520,9,9.98,42.43
861,20260607,40,Sponsored Products,164,1,0.44,2.05
862,20260124,218,Sponsored Products,187,2,2.92,15.14
863,20240608,396,Sponsored Brands,589,9,7.05,25.85
864,20250608,427,Sponsored Products,5397,45,71.71,152.69
865,20231002,349,Sponsored Products,682,11,11.9,76.16
866,20230104,744,Sponsored Products,1048,5,4.5,8.6
867,20230622,175,Sponsored Products,873,7,7.56,38.97
868,20230607,20,Sponsored Brands,1191,6,4.87,17.65
869,20250513,46,Sponsored Display,1044,13,16.92,70.81
870,20240705,384,Sponsored Products,963,5,4.08,18.97
871,20240208,81,DSP,854,9,13.19,60.06
872,20231110,771,Sponsored Brands,2155,22,14.87,87.53
873,20230402,612,Sponsored Products,2039,34,34.74,177.94
874,20231107,355,Sponsored Brands,944,4,6.88,14.2
875,20231211,713,Sponsored Products,2240,38,48.03,182.85
876,20260220,222,Sponsored Products,453,6,9.74,26.83
877,20230630,205,Sponsored Products,1922,15,20.11,45.67
878,20251206,389,Sponsored Products,350,2,2.52,5.01
879,20250221,594,Sponsored Display,1486,20,19.99,127.49
880,20231116,554,Sponsored Brands,2052,30,51.88,86.24
881,20240604,413,DSP,2290,23,14.73,90.04
882,20250607,193,Sponsored Products,2520,30,20.72,94.28
883,20240630,654,Sponsored Brands,1184,12,18.99,87.14
884,20240717,528,Sponsored Products,637,8,6.07,17.81
885,20260303,87,Sponsored Brands,1147,21,36.58,169.38
886,20240817,756,DSP,1402,23,16.1,83.89
887,20250706,690,Sponsored Display,405,3,4.11,18.98
888,20240902,123,Sponsored Products,1007,4,2.38,9.15
889,20250622,519,Sponsored Display,6317,101,49.71,123.46
890,20230321,357,Sponsored Brands,2291,10,5.47,25.02
891,20240920,542,Sponsored Brands,4295,81,70.69,151.88
892,20251210,104,Sponsored Products,326,2,1.28,4.57
893,20230123,315,DSP,824,4,5.5,29.72
894,20250807,628,Sponsored Products,660,5,7.28,11.53
895,20241023,279,Sponsored Brands,2327,16,12.96,20.85
896,20230510,24,Sponsored Products,809,2,1.62,7.54
897,20230415,257,Sponsored Products,151,0,0.0,0.0
898,20240802,350,Sponsored Brands,2119,40,71.11,279.08
899,20250212,56,Sponsored Products,3555,44,54.86,205.96
900,20230702,30,Sponsored Products,670,11,11.22,23.59
901,20250508,108,Sponsored Brands,1043,13,10.16,58.57
902,20240630,730,Sponsored Products,3372,51,23.71,139.86
903,20230309,507,Sponsored Brands,1058,10,13.23,48.33
904,20231209,412,Sponsored Products,1172,17,17.07,107.81
905,20251006,573,Sponsored Brands,359,5,8.11,29.63
906,20251002,447,Sponsored Products,1993,29,15.57,60.03
907,20230718,787,Sponsored Products,1452,14,24.2,47.65
908,20250702,212,Sponsored Products,1054,5,4.39,22.4
909,20230314,34,Sponsored Brands,1230,14,22.95,82.55
910,20240423,497,Sponsored Brands,2064,18,14.38,81.68
911,20260212,164,Sponsored Products,1535,22,39.29,167.18
912,20230114,569,Sponsored Brands,3125,10,9.2,16.85
913,20250614,142,Sponsored Display,1718,13,13.11,73.06
914,20260617,8,Sponsored Products,229,2,3.06,12.56
915,20240928,649,DSP,1730,22,28.13,96.14
916,20230626,76,Sponsored Display,6762,102,154.92,595.62
917,20260605,494,Sponsored Display,613,7,8.82,42.23
918,20250203,286,Sponsored Products,481,7,3.3,8.29
919,20260517,501,DSP,5753,93,166.0,696.11
920,20250515,264,Sponsored Brands,133,2,3.32,11.12
921,20230301,486,Sponsored Products,4372,32,57.06,141.39
922,20250306,543,Sponsored Display,2836,8,3.32,11.6
923,20230314,424,Sponsored Products,248,1,0.84,4.82
924,20250813,376,Sponsored Display,1869,28,45.63,215.54
925,20240523,198,Sponsored Brands,2053,9,11.15,65.03
926,20230215,567,Sponsored Products,1381,21,28.44,173.14
927,20240507,256,Sponsored Products,1101,17,14.36,32.68
928,20230126,701,Sponsored Brands,658,2,2.37,10.54
929,20241102,56,Sponsored Brands,1199,23,17.7,55.37
930,20250322,408,Sponsored Brands,848,2,0.95,5.03
931,20260302,407,Sponsored Products,2064,32,56.64,111.48
932,20251128,786,Sponsored Products,1344,15,23.19,122.58
933,20260131,399,Sponsored Products,1766,22,27.45,108.88
934,20260608,27,Sponsored Products,3644,17,26.34,86.19
935,20250527,19,Sponsored Products,2603,47,34.27,90.4
936,20230606,572,Sponsored Brands,730,5,2.02,7.8
937,20250419,759,Sponsored Products,3601,49,61.35,238.77
938,20250425,302,Sponsored Brands,3370,21,20.01,81.02
939,20240727,115,Sponsored Brands,1266,4,6.03,36.94
940,20250715,272,Sponsored Brands,94,1,0.6,3.88
941,20250615,236,Sponsored Products,1632,10,5.01,19.4
942,20260618,474,Sponsored Brands,651,9,15.55,24.29
943,20250827,109,Sponsored Brands,2412,42,33.42,103.08
944,20240919,446,Sponsored Brands,275,4,5.53,25.25
945,20241201,618,Sponsored Brands,4609,57,40.85,219.62
946,20250503,492,Sponsored Products,4839,86,125.35,511.56
947,20251231,297,Sponsored Display,2622,22,25.01,148.04
948,20230313,581,DSP,454,5,3.09,18.73
949,20240628,50,Sponsored Products,958,5,4.84,26.38
950,20260121,92,DSP,1492,22,38.24,140.59
951,20241210,388,Sponsored Products,1796,16,14.09,59.42
952,20260426,521,Sponsored Brands,1965,31,54.11,306.56
953,20250807,195,Sponsored Products,478,2,1.24,8.03
954,20231016,508,Sponsored Products,3083,23,21.43,50.39
955,20251025,476,Sponsored Products,894,8,5.41,26.72
956,20230406,431,Sponsored Brands,2052,22,34.06,75.4
957,20230515,320,Sponsored Products,992,6,7.92,44.49
958,20231120,123,Sponsored Products,3192,47,32.65,101.96
959,20230422,788,Sponsored Display,2175,13,9.2,53.5
960,20240909,519,Sponsored Display,1014,18,10.03,21.53
961,20230502,788,DSP,2875,36,23.53,112.47
962,20241211,751,DSP,1272,21,30.32,100.12
963,20230723,222,Sponsored Products,2695,21,29.59,112.66
964,20230303,320,Sponsored Brands,730,4,5.04,15.86
965,20250624,429,Sponsored Products,324,6,5.57,12.37
966,20250424,309,Sponsored Brands,3150,14,17.5,72.04
967,20260329,597,Sponsored Display,3729,59,42.91,233.42
968,20240327,54,Sponsored Products,579,6,7.15,23.67
969,20230818,338,Sponsored Brands,1098,19,20.23,127.74
970,20250730,763,Sponsored Products,1740,19,24.9,136.63
971,20230930,223,Sponsored Products,506,2,1.61,5.11
972,20241210,253,Sponsored Brands,1918,9,4.38,8.05
973,20250215,299,Sponsored Display,2024,16,15.79,66.42
974,20240406,665,Sponsored Brands,227,2,2.75,14.25
975,20250112,507,Sponsored Display,1208,15,11.72,37.4
976,20240419,707,Sponsored Products,387,3,4.75,28.75
977,20230504,514,Sponsored Brands,1391,25,37.99,128.43
978,20230329,579,Sponsored Products,2698,52,76.79,408.65
979,20251212,161,Sponsored Products,1676,32,56.77,92.43
980,20260626,245,Sponsored Brands,2772,23,10.19,44.88
981,20230201,422,Sponsored Brands,4297,78,62.87,286.81
982,20240217,324,Sponsored Products,2452,30,21.46,50.2
983,20240302,750,Sponsored Brands,995,15,10.09,43.61
984,20231220,237,DSP,3663,48,19.84,54.98
985,20230702,517,Sponsored Brands,1689,31,29.2,185.57
986,20250401,550,Sponsored Brands,619,8,7.8,19.55
987,20230624,326,DSP,1452,25,12.0,76.82
988,20241102,2,Sponsored Brands,883,16,24.01,112.46
989,20241223,232,Sponsored Display,7605,42,49.42,288.75
990,20260611,514,Sponsored Display,2347,22,20.05,96.96
991,20260118,756,Sponsored Brands,1280,21,37.7,137.98
992,20250325,726,Sponsored Brands,3062,42,21.26,93.96
993,20260209,266,Sponsored Products,1960,35,36.19,168.3
994,20260123,305,Sponsored Products,299,2,1.14,5.37
995,20230209,184,Sponsored Products,132,0,0.0,0.0
996,20260612,782,Sponsored Products,383,4,6.81,40.83
997,20251126,267,Sponsored Brands,757,13,16.6,91.69
998,20240728,239,Sponsored Brands,1232,19,26.31,45.22
999,20250725,392,Sponsored Display,943,6,3.9,15.45
1000,20230714,407,Sponsored Display,974,4,2.97,13.55
1001,20231009,488,Sponsored Products,2592,29,33.35,168.34
1002,20240725,10,Sponsored Brands,1546,14,13.56,62.06
1003,20260118,274,Sponsored Products,1107,21,11.87,19.52
1004,20241102,145,Sponsored Display,1671,31,48.6,122.94
1005,20230102,378,DSP,2324,13,14.78,68.0
1006,20260316,24,Sponsored Products,1151,13,18.2,89.12
1007,20251202,349,DSP,507,5,5.9,28.85
1008,20230511,49,Sponsored Products,1840,6,9.01,36.49
1009,20230815,625,Sponsored Products,1391,17,27.81,57.03
1010,20230208,540,Sponsored Brands,2888,27,30.32,128.24
1011,20241003,47,Sponsored Display,1536,26,14.58,30.95
1012,20250214,699,Sponsored Brands,3292,35,38.98,204.09
1013,20230714,186,Sponsored Products,144,2,1.27,5.97
1014,20260227,6,Sponsored Brands,412,8,9.36,40.97
1015,20231109,579,Sponsored Products,1014,18,13.57,61.43
1016,20240823,695,Sponsored Products,1134,8,6.63,24.92
1017,20230321,488,Sponsored Brands,2400,26,27.3,122.6
1018,20240130,196,Sponsored Brands,1523,17,8.2,51.01
1019,20250729,128,Sponsored Brands,1406,28,21.76,50.63
1020,20250526,242,Sponsored Products,895,11,17.72,96.06
1021,20251004,381,Sponsored Brands,1224,15,7.43,36.31
1022,20250801,46,Sponsored Brands,995,19,10.43,30.18
1023,20250329,327,Sponsored Brands,2656,24,11.14,57.46
1024,20231213,105,Sponsored Display,214,3,3.33,11.63
1025,20240722,704,Sponsored Products,949,5,5.15,24.12
1026,20241030,241,Sponsored Brands,233,3,2.68,10.82
1027,20260329,715,Sponsored Display,659,3,4.55,24.16
1028,20230504,376,Sponsored Brands,338,1,1.38,5.1
1029,20230612,354,Sponsored Products,896,8,10.02,31.02
1030,20240531,361,Sponsored Display,947,12,18.77,53.47
1031,20230207,64,DSP,1988,10,7.56,37.82
1032,20230604,113,Sponsored Products,1071,17,13.81,30.01
1033,20231103,117,DSP,1792,21,15.34,59.31
1034,20260216,487,Sponsored Brands,2392,11,8.25,28.4
1035,20240326,553,Sponsored Brands,822,13,7.76,43.04
1036,20260214,400,Sponsored Brands,220,1,0.77,1.17
1037,20240512,587,Sponsored Products,6607,91,94.3,245.8
1038,20231028,704,DSP,2171,28,32.41,166.17
1039,20250527,306,Sponsored Products,1494,9,8.69,38.69
1040,20230528,535,Sponsored Products,3085,47,48.53,307.02
1041,20230310,778,Sponsored Products,1042,10,11.32,43.41
1042,20230731,690,Sponsored Display,514,8,10.0,49.7
1043,20230925,121,Sponsored Products,1001,19,34.07,116.13
1044,20231017,407,Sponsored Products,669,9,11.29,28.09
1045,20230603,384,Sponsored Products,1581,29,31.86,63.69
1046,20240425,16,Sponsored Display,1363,10,14.54,29.45
1047,20250520,741,Sponsored Products,1418,9,6.41,13.39
1048,20240810,577,Sponsored Products,679,13,5.65,36.14
1049,20240528,154,Sponsored Products,668,2,3.25,6.96
1050,20240501,166,Sponsored Products,665,2,3.01,13.66
1051,20250612,594,Sponsored Display,837,7,11.9,66.31
1052,20240709,272,Sponsored Products,294,2,2.74,14.76
1053,20240510,52,Sponsored Products,562,3,2.51,4.71
1054,20250201,27,Sponsored Products,1287,22,21.6,38.57
1055,20251121,789,Sponsored Brands,1511,12,14.02,84.42
1056,20230515,50,Sponsored Products,102,1,1.33,4.23
1057,20250801,290,Sponsored Brands,2550,48,47.31,118.15
1058,20230204,255,Sponsored Products,715,5,4.06,20.91
1059,20251102,339,Sponsored Products,2325,37,59.79,143.43
1060,20231103,573,Sponsored Products,2509,42,72.61,285.77
1061,20250914,788,Sponsored Products,3726,61,100.88,411.92
1062,20230725,268,Sponsored Brands,1374,15,9.83,27.48
1063,20250409,52,Sponsored Products,1798,15,26.13,63.55
1064,20230527,627,DSP,2552,12,10.72,65.09
1065,20231204,683,Sponsored Display,1439,9,10.42,54.99
1066,20230326,393,Sponsored Products,3554,39,21.33,84.63
1067,20240208,448,Sponsored Products,147,2,1.14,2.32
1068,20230707,699,Sponsored Products,1647,16,28.65,140.0
1069,20250906,5,Sponsored Products,1278,3,1.66,5.23
1070,20240730,6,DSP,2311,37,27.94,165.56
1071,20251015,330,Sponsored Display,1002,18,28.12,82.22
1072,20250101,197,Sponsored Display,2311,27,31.68,56.67
1073,20251123,229,Sponsored Brands,2850,11,11.85,46.92
1074,20250215,690,Sponsored Products,3160,34,26.3,51.78
1075,20250422,169,Sponsored Products,1259,5,2.05,5.08
1076,20250420,660,Sponsored Display,388,1,0.93,3.12
1077,20250126,398,Sponsored Products,443,6,6.48,24.49
1078,20240301,597,DSP,709,6,6.24,19.89
1079,20250817,713,Sponsored Products,2569,23,12.03,33.39
1080,20230206,146,Sponsored Products,727,10,4.03,11.75
1081,20241112,397,Sponsored Display,3176,22,34.76,105.38
1082,20250705,372,Sponsored Brands,1438,23,39.28,157.08
1083,20230223,67,DSP,830,6,9.57,44.11
1084,20230117,754,Sponsored Products,1649,26,20.85,90.33
1085,20250131,120,Sponsored Brands,2652,13,8.05,21.6
1086,20250727,155,Sponsored Brands,1123,5,2.99,19.12
1087,20250617,176,Sponsored Products,2284,13,5.31,16.51
1088,20230414,273,DSP,657,3,2.24,11.49
1089,20260408,167,DSP,583,10,4.65,14.62
1090,20250223,450,Sponsored Brands,2762,46,23.25,138.99
1091,20260312,139,Sponsored Products,892,14,12.46,62.19
1092,20231010,462,Sponsored Display,3375,38,34.42,147.89
1093,20250711,589,Sponsored Products,820,11,6.51,21.33
1094,20260404,610,Sponsored Brands,1687,9,9.23,53.96
1095,20240618,602,Sponsored Brands,3534,50,68.54,110.77
1096,20260526,680,Sponsored Display,1735,13,6.43,34.99
1097,20260305,107,Sponsored Display,394,5,4.49,17.89
1098,20230430,325,Sponsored Brands,2164,15,15.42,91.86
1099,20230429,724,Sponsored Display,1433,18,12.13,41.0
1100,20260410,630,Sponsored Products,358,5,7.48,25.01
1101,20240112,646,DSP,359,1,0.68,1.95
1102,20260101,571,Sponsored Brands,273,1,0.98,3.41
1103,20240813,514,Sponsored Brands,3112,39,69.78,130.97
1104,20241112,279,Sponsored Brands,1124,4,2.48,5.16
1105,20230825,611,Sponsored Brands,704,12,19.18,114.61
1106,20260322,208,Sponsored Products,1801,6,8.76,13.73
1107,20231117,206,Sponsored Display,622,9,15.99,85.57
1108,20230425,603,Sponsored Brands,661,10,6.82,36.95
1109,20250421,54,Sponsored Display,3697,65,90.83,276.75
1110,20231014,124,Sponsored Products,175,3,2.75,4.21
1111,20230726,182,Sponsored Products,545,9,9.32,56.14
1112,20230113,330,Sponsored Products,2622,49,34.91,162.31
1113,20231220,107,Sponsored Brands,4090,19,14.35,31.91
1114,20260530,23,Sponsored Products,755,6,7.43,32.3
1115,20230725,490,Sponsored Display,3611,72,42.5,236.59
1116,20251114,572,Sponsored Display,494,5,5.92,17.06
1117,20230222,701,DSP,1161,23,21.94,100.84
1118,20240627,154,Sponsored Brands,2811,40,20.07,105.93
1119,20240501,673,Sponsored Products,944,7,8.45,43.68
1120,20250525,513,Sponsored Display,2595,27,35.44,145.67
1121,20260527,567,Sponsored Brands,343,5,5.33,13.63
1122,20230120,25,Sponsored Products,1551,13,15.72,96.71
1123,20250612,169,Sponsored Brands,1384,6,7.48,46.8
1124,20231009,521,Sponsored Products,3227,34,34.02,129.99
1125,20250508,520,Sponsored Products,1265,10,12.77,62.11
1126,20240313,551,Sponsored Brands,1207,4,3.7,18.37
1127,20230314,563,Sponsored Brands,215,1,1.15,2.95
1128,20251229,177,Sponsored Products,1934,16,22.89,52.82
1129,20260516,236,Sponsored Brands,2166,17,28.34,172.1
1130,20230201,770,Sponsored Products,1938,8,12.15,70.48
1131,20240606,345,Sponsored Products,142,0,0.0,0.0
1132,20230216,494,Sponsored Brands,1962,33,24.0,126.51
1133,20250105,424,Sponsored Products,2580,31,47.14,245.49
1134,20250418,113,Sponsored Products,1407,7,11.92,45.59
1135,20250607,455,Sponsored Brands,424,5,5.65,27.6
1136,20241130,25,Sponsored Display,11550,42,62.47,105.64
1137,20240107,266,DSP,2960,31,52.38,197.24
1138,20230418,567,Sponsored Products,1638,22,38.13,237.05
1139,20240122,578,Sponsored Display,2267,7,11.86,58.99
1140,20250102,378,Sponsored Display,5311,16,12.63,38.27
1141,20231207,227,Sponsored Display,807,12,20.13,123.18
1142,20250102,772,DSP,527,10,15.09,92.17
1143,20250930,303,Sponsored Products,3698,40,29.59,72.2
1144,20230405,526,DSP,1416,15,6.82,28.19
1145,20241103,553,Sponsored Display,745,2,1.56,6.43
1146,20260304,650,DSP,1239,12,14.84,66.13
1147,20250604,698,Sponsored Brands,629,4,5.52,27.9
1148,20251027,56,Sponsored Products,1527,17,28.65,65.23
1149,20260330,507,Sponsored Products,2562,45,22.15,122.37
1150,20260111,228,Sponsored Brands,1752,30,53.38,122.85
1151,20250227,400,Sponsored Brands,1789,5,4.61,24.32
1152,20240415,279,Sponsored Display,137,0,0.0,0.0
1153,20231215,218,Sponsored Brands,1301,8,11.81,59.33
1154,20260527,654,Sponsored Display,384,1,1.58,9.73
1155,20230926,525,Sponsored Brands,158,0,0.0,0.0
1156,20250609,526,Sponsored Products,950,5,2.54,12.49
1157,20240725,293,Sponsored Display,1269,23,26.75,153.07
1158,20250922,115,Sponsored Display,2451,17,7.84,21.31
1159,20240706,469,Sponsored Products,2072,24,37.87,197.87
1160,20250624,242,Sponsored Products,530,2,3.37,16.73
1161,20251228,9,Sponsored Brands,768,6,3.59,16.68
1162,20241212,249,Sponsored Brands,3983,64,53.39,302.25
1163,20250805,332,DSP,383,4,2.1,5.69
1164,20251010,112,Sponsored Products,564,3,1.89,11.01
1165,20260430,546,Sponsored Brands,1343,4,4.93,17.21
1166,20230419,42,Sponsored Brands,214,3,2.88,13.44
1167,20230415,609,Sponsored Brands,2828,20,18.82,87.31
1168,20240527,760,DSP,2143,37,18.57,79.54
1169,20230718,760,Sponsored Products,545,6,5.56,13.71
1170,20251030,727,Sponsored Display,1351,20,21.0,41.5
1171,20240111,256,Sponsored Products,1084,10,15.47,73.29
1172,20250209,128,Sponsored Brands,1999,6,6.69,40.22
1173,20240805,40,Sponsored Products,946,3,1.9,12.21
1174,20250527,660,Sponsored Display,3615,42,63.98,363.0
1175,20260405,258,Sponsored Brands,493,5,6.07,16.58
1176,20240725,46,Sponsored Display,2211,30,53.43,111.61
1177,20231230,201,Sponsored Display,1448,18,23.08,67.87
1178,20230310,775,Sponsored Products,448,2,1.17,2.54
1179,20230725,297,Sponsored Products,1724,11,6.66,13.13
1180,20230322,290,Sponsored Products,2306,19,24.83,106.57
1181,20250203,369,Sponsored Products,939,11,12.02,30.21
1182,20230316,752,Sponsored Products,1619,7,10.16,56.96
1183,20231110,759,DSP,1435,17,29.21,142.91
1184,20240521,480,DSP,1252,5,8.32,50.56
1185,20240107,31,Sponsored Products,3107,18,31.18,80.19
1186,20230801,39,Sponsored Products,543,8,7.68,23.94
1187,20251013,192,DSP,183,1,0.89,4.43
1188,20230708,769,DSP,91,0,0.0,0.0
1189,20250609,356,Sponsored Products,1704,10,12.47,25.47
1190,20250205,68,Sponsored Products,1298,14,10.36,44.91
1191,20230910,436,Sponsored Products,1059,6,9.3,16.49
1192,20240130,368,Sponsored Products,2371,40,47.99,264.01
1193,20230307,337,Sponsored Brands,588,5,8.64,24.72
1194,20231004,675,Sponsored Brands,1723,22,21.66,115.18
1195,20230609,650,DSP,1542,30,21.7,93.56
1196,20240925,568,Sponsored Display,3988,19,12.37,72.56
1197,20250914,245,Sponsored Brands,1429,16,14.7,42.14
1198,20250912,165,Sponsored Products,2977,41,53.95,330.52
1199,20240112,520,Sponsored Products,1246,5,2.55,14.74
1200,20250224,623,Sponsored Products,1771,18,18.1,39.68
1201,20241022,260,Sponsored Products,731,13,12.44,42.18
1202,20250404,422,Sponsored Brands,1772,32,56.15,124.93
1203,20240331,655,Sponsored Products,149,2,1.62,7.79
1204,20251216,665,Sponsored Products,5489,60,97.1,296.16
1205,20240607,554,Sponsored Products,870,11,14.93,97.0
1206,20240430,606,Sponsored Products,1531,28,44.56,201.53
1207,20241030,23,Sponsored Products,1370,16,27.33,138.23
1208,20240210,439,Sponsored Products,1835,31,25.79,115.97
1209,20260211,605,Sponsored Products,3146,14,21.52,99.33
1210,20241003,164,Sponsored Display,2015,8,3.83,22.69
1211,20240515,22,Sponsored Brands,289,3,2.84,10.51
1212,20250621,572,Sponsored Products,2298,36,20.33,86.19
1213,20260604,86,Sponsored Brands,1172,3,3.07,17.58
1214,20251220,518,Sponsored Products,7072,31,52.8,311.67
1215,20230706,591,Sponsored Brands,2279,27,46.97,229.45
1216,20260308,428,Sponsored Products,4571,54,76.76,484.58
1217,20240325,554,Sponsored Products,2229,12,17.05,104.97
1218,20231126,738,Sponsored Brands,2337,20,21.0,95.05
1219,20250902,567,Sponsored Brands,129,2,1.74,7.87
1220,20260426,124,Sponsored Products,1644,7,4.8,11.09
1221,20231207,374,Sponsored Products,2941,45,23.57,110.09
1222,20251219,314,Sponsored Brands,1152,18,27.85,125.8
1223,20241217,695,Sponsored Display,2181,29,20.26,85.31
1224,20250615,316,Sponsored Products,1464,21,33.89,114.37
1225,20230509,504,Sponsored Products,614,5,4.09,19.04
1226,20240710,345,Sponsored Products,942,9,15.52,95.39
1227,20250225,131,Sponsored Products,956,9,14.54,48.15
1228,20230508,37,Sponsored Display,2168,22,31.98,162.72
1229,20230501,315,Sponsored Brands,4883,51,85.27,327.84
1230,20230717,765,Sponsored Products,1855,10,9.84,39.52
1231,20240407,261,DSP,1629,30,31.38,110.84
1232,20231114,525,Sponsored Products,1219,20,21.97,142.72
1233,20230527,748,Sponsored Products,1890,10,4.2,22.49
1234,20250406,68,Sponsored Brands,517,9,14.33,67.43
1235,20250119,52,Sponsored Brands,2966,57,48.87,158.58
1236,20251031,209,DSP,2609,44,40.19,246.48
1237,20230326,632,Sponsored Display,1152,12,17.59,98.08
1238,20241004,175,Sponsored Brands,846,16,24.38,138.33
1239,20230519,48,DSP,1231,10,5.92,36.48
1240,20240717,359,DSP,1593,4,5.83,13.97
1241,20241030,146,Sponsored Products,525,9,15.26,30.41
1242,20250315,420,Sponsored Brands,375,1,0.89,2.72
1243,20260409,21,Sponsored Products,4585,79,82.24,487.16
1244,20250929,183,Sponsored Products,1301,5,6.94,11.5
1245,20250704,353,Sponsored Brands,1118,20,32.41,117.54
1246,20230624,669,Sponsored Products,841,12,12.24,30.49
1247,20240309,5,Sponsored Products,3839,17,8.21,52.02
1248,20230924,477,Sponsored Products,1395,9,11.68,36.25
1249,20240605,654,Sponsored Brands,818,13,16.53,33.73
1250,20250719,632,DSP,1341,24,22.41,87.44
1251,20240618,103,Sponsored Products,831,6,2.76,6.08
1252,20230721,542,Sponsored Display,4867,81,145.71,271.11
1253,20250803,543,Sponsored Products,1561,21,22.63,143.32
1254,20250921,559,Sponsored Display,727,3,2.13,8.43
1255,20240909,462,Sponsored Products,2984,25,34.14,67.94
1256,20240622,170,Sponsored Brands,1629,27,39.1,93.64
1257,20260223,297,Sponsored Brands,2254,28,32.99,147.65
1258,20230419,223,Sponsored Display,603,10,9.65,57.69
1259,20240308,85,Sponsored Products,256,1,1.42,8.79
1260,20260319,468,Sponsored Brands,436,6,8.36,47.63
1261,20241031,269,Sponsored Display,87,0,0.0,0.0
1262,20260415,146,Sponsored Products,2120,9,6.94,24.1
1263,20250916,706,Sponsored Brands,162,1,0.71,2.76
1264,20230816,746,Sponsored Products,2344,31,17.05,65.17
1265,20241002,261,Sponsored Products,165,0,0.0,0.0
1266,20230928,359,Sponsored Display,1434,20,12.93,31.62
1267,20241208,784,Sponsored Brands,2680,29,44.98,181.2
1268,20230907,431,Sponsored Products,2838,10,13.83,75.39
1269,20241231,511,Sponsored Products,2012,38,27.64,130.62
1270,20260226,772,Sponsored Brands,1044,10,17.1,88.81
1271,20241006,188,Sponsored Display,1810,30,17.74,79.72
1272,20230820,718,DSP,4038,21,14.29,28.42
1273,20240927,348,Sponsored Display,3221,30,13.32,61.47
1274,20250715,189,Sponsored Products,1644,18,23.54,67.96
1275,20260529,128,Sponsored Brands,435,7,4.82,20.28
1276,20250420,187,Sponsored Products,868,7,9.44,46.52
1277,20231227,493,Sponsored Display,2210,16,23.52,148.14
1278,20230120,782,DSP,1503,9,11.09,57.1
1279,20240405,329,Sponsored Brands,841,9,7.36,35.44
1280,20251201,130,Sponsored Products,1603,12,8.99,32.84
1281,20240308,748,Sponsored Products,1355,23,28.91,57.19
1282,20250430,64,Sponsored Brands,587,7,8.5,43.56
1283,20240803,730,Sponsored Display,1799,20,30.31,56.87
1284,20230123,563,Sponsored Brands,428,2,3.2,8.11
1285,20251117,90,Sponsored Products,2013,15,20.63,58.04
1286,20250919,415,Sponsored Products,340,4,5.68,9.71
1287,20231112,108,Sponsored Products,1044,12,15.3,82.69
1288,20231025,339,Sponsored Brands,1323,13,8.54,33.65
1289,20250921,373,Sponsored Brands,1161,4,3.82,14.53
1290,20260322,141,Sponsored Products,496,7,3.48,14.67
1291,20251117,623,Sponsored Products,2585,31,29.11,91.5
1292,20260513,566,Sponsored Brands,2508,18,31.71,129.21
1293,20230224,181,DSP,867,12,5.98,12.25
1294,20240619,590,Sponsored Display,2452,31,14.87,88.51
1295,20260103,662,Sponsored Products,1524,14,25.13,44.92
1296,20260304,470,Sponsored Display,1444,9,11.89,40.06
1297,20230414,398,Sponsored Display,464,2,3.49,19.44
1298,20240615,477,Sponsored Products,761,6,2.74,7.49
1299,20230401,19,Sponsored Products,377,4,5.98,33.6
1300,20240516,587,Sponsored Display,807,9,3.86,17.78
1301,20260331,414,Sponsored Products,718,6,4.24,6.44
1302,20230823,239,Sponsored Brands,491,1,1.43,4.35
1303,20260426,767,Sponsored Products,1956,18,31.59,62.45
1304,20240528,16,Sponsored Products,799,3,3.96,22.88
1305,20250512,565,Sponsored Brands,868,9,11.45,22.75
1306,20240927,294,Sponsored Products,1473,27,27.85,135.58
1307,20240130,548,Sponsored Products,787,15,24.32,43.86
1308,20230311,639,Sponsored Products,3788,73,45.74,208.74
1309,20240715,560,Sponsored Brands,846,13,14.56,80.27
1310,20240714,366,DSP,2163,32,32.84,136.02
1311,20231118,449,Sponsored Products,2390,37,36.12,180.0
1312,20251109,31,Sponsored Brands,1910,35,62.48,340.34
1313,20250418,710,Sponsored Brands,675,10,8.27,44.21
1314,20230818,698,Sponsored Products,203,3,1.68,4.17
1315,20230527,93,Sponsored Brands,1416,13,6.28,29.92
1316,20250725,733,Sponsored Products,356,2,1.26,3.12
1317,20260416,582,Sponsored Products,252,1,0.7,1.14
1318,20250205,369,Sponsored Brands,1730,33,18.13,96.5
1319,20250329,750,Sponsored Brands,1552,14,9.27,38.36
1320,20250920,248,Sponsored Brands,2741,33,57.06,89.75
1321,20231115,330,Sponsored Brands,2089,16,17.32,81.29
1322,20231007,666,Sponsored Brands,1883,29,35.84,135.14
1323,20230401,612,Sponsored Brands,2149,23,13.98,22.29
1324,20240501,215,DSP,579,2,1.79,3.5
1325,20250221,635,Sponsored Products,1443,16,27.92,51.45
1326,20260527,233,Sponsored Products,4838,65,89.13,232.84
1327,20230716,409,Sponsored Brands,941,10,4.7,8.76
1328,20240423,535,Sponsored Products,1060,6,10.2,45.78
1329,20231005,658,Sponsored Products,283,5,2.11,10.07
1330,20230108,770,Sponsored Brands,7184,22,20.74,77.79
1331,20230801,408,Sponsored Products,2644,9,5.96,19.93
1332,20240109,772,Sponsored Brands,783,9,14.54,46.66
1333,20230218,301,Sponsored Products,1546,11,17.05,94.75
1334,20241103,138,Sponsored Brands,4429,87,72.31,337.79
1335,20230725,715,Sponsored Products,794,9,6.71,41.84
1336,20240607,182,Sponsored Brands,2045,29,16.78,105.36
1337,20250929,20,Sponsored Products,4131,64,31.23,110.72
1338,20250409,605,Sponsored Brands,2706,12,18.53,64.9
1339,20260109,389,Sponsored Products,938,7,2.89,14.75
1340,20250530,516,Sponsored Products,895,17,20.12,116.18
1341,20250218,325,Sponsored Products,1882,36,41.48,149.21
1342,20250518,395,Sponsored Display,3484,43,36.96,192.65
1343,20250508,683,Sponsored Brands,1475,26,27.04,153.35
1344,20231224,361,DSP,4249,80,69.01,228.07
1345,20230824,575,Sponsored Display,1218,20,25.69,68.97
1346,20250206,656,Sponsored Products,925,9,12.82,28.64
1347,20250921,660,Sponsored Products,1955,26,34.33,99.41
1348,20250624,476,Sponsored Products,949,17,21.83,109.85
1349,20240715,634,Sponsored Brands,312,5,7.81,46.81
1350,20231016,742,Sponsored Products,3012,12,10.43,51.45
1351,20250808,625,Sponsored Display,494,9,7.65,17.88
1352,20240321,213,Sponsored Brands,1613,10,13.53,63.57
1353,20240913,320,Sponsored Brands,811,3,4.51,23.01
1354,20251013,717,Sponsored Products,2134,18,12.65,27.79
1355,20250429,785,Sponsored Products,1702,19,12.02,67.6
1356,20240924,8,Sponsored Brands,3406,63,31.32,142.13
1357,20250317,375,Sponsored Display,1640,30,12.92,47.92
1358,20241013,670,Sponsored Products,3113,31,54.13,178.43
1359,20250812,601,Sponsored Products,3169,19,26.74,119.5
1360,20251106,165,DSP,2711,46,52.33,226.53
1361,20231228,291,Sponsored Brands,3058,41,65.09,351.94
1362,20260207,739,Sponsored Display,51,0,0.0,0.0
1363,20250922,624,Sponsored Products,248,1,1.7,2.91
1364,20241120,130,Sponsored Products,1118,18,32.11,131.91
1365,20240202,799,Sponsored Products,890,14,11.48,67.29
1366,20230313,667,Sponsored Products,1811,26,12.03,31.31
1367,20250514,759,Sponsored Products,1077,14,13.72,82.01
1368,20230213,369,Sponsored Products,2172,18,10.11,27.04
1369,20240216,773,DSP,1996,34,46.55,85.42
1370,20230716,500,Sponsored Display,4921,37,16.71,96.95
1371,20251228,444,Sponsored Display,716,10,16.26,46.52
1372,20240820,311,Sponsored Products,703,11,14.29,44.0
1373,20240509,646,Sponsored Display,658,9,5.66,13.79
1374,20240918,602,Sponsored Products,581,10,4.66,21.58
1375,20260530,270,Sponsored Display,3117,12,21.58,87.02
1376,20240203,533,Sponsored Display,1978,17,14.16,38.75
1377,20251022,695,Sponsored Products,1989,24,35.89,232.36
1378,20231009,146,Sponsored Products,4703,88,133.95,752.73
1379,20230224,81,Sponsored Products,1314,8,7.44,42.77
1380,20250927,17,Sponsored Display,3855,40,68.39,215.66
1381,20250617,508,DSP,368,3,5.2,23.81
1382,20230326,421,Sponsored Products,570,5,6.7,35.36
1383,20230312,757,DSP,591,8,4.13,20.7
1384,20230819,374,Sponsored Products,3429,55,98.22,354.44
1385,20230503,207,Sponsored Brands,1776,22,38.01,210.95
1386,20250719,16,Sponsored Brands,1980,10,15.24,91.85
1387,20230521,467,Sponsored Products,2423,43,67.63,268.39
1388,20250412,309,DSP,281,4,2.0,7.94
1389,20240703,653,DSP,615,11,7.64,12.15
1390,20240601,627,Sponsored Brands,4836,18,15.53,49.31
1391,20241129,291,Sponsored Display,9295,179,236.33,410.02
1392,20250813,442,Sponsored Brands,226,3,3.34,20.52
1393,20250531,339,Sponsored Brands,4396,22,27.58,74.9
1394,20240405,69,Sponsored Products,2893,41,63.81,334.07
1395,20260306,562,Sponsored Brands,614,3,2.64,16.3
1396,20230608,289,Sponsored Products,2565,15,16.42,66.51
1397,20230418,597,Sponsored Display,5424,69,64.56,345.06
1398,20240125,382,Sponsored Products,2657,49,78.05,445.11
1399,20231227,303,Sponsored Products,2387,16,27.55,73.87
1400,20230613,638,Sponsored Products,184,3,1.82,2.84
1401,20240905,90,Sponsored Products,2489,16,18.58,67.22
1402,20240815,281,Sponsored Products,3060,21,18.26,81.51
1403,20250323,101,Sponsored Products,2387,22,38.98,190.7
1404,20230504,316,DSP,3280,11,8.24,15.31
1405,20250505,788,Sponsored Products,1195,11,6.59,33.83
1406,20230421,470,Sponsored Products,1392,19,19.36,42.18
1407,20241123,495,Sponsored Display,2025,38,20.21,62.04
1408,20230712,334,Sponsored Products,3186,36,49.28,224.2
1409,20231229,121,Sponsored Products,122,2,1.14,5.81
1410,20240126,76,Sponsored Brands,1643,16,12.6,79.27
1411,20260124,317,Sponsored Products,727,10,4.93,14.82
1412,20250531,518,Sponsored Products,1349,11,14.42,39.41
1413,20251002,102,Sponsored Display,1987,28,13.49,62.79
1414,20260311,507,Sponsored Brands,2036,14,9.12,54.83
1415,20241001,164,Sponsored Brands,1711,18,10.18,35.14
1416,20260127,345,Sponsored Products,1410,22,16.69,101.81
1417,20250424,670,Sponsored Brands,1194,17,25.6,67.18
1418,20230615,629,Sponsored Products,630,6,8.17,21.9
1419,20240125,4,Sponsored Brands,225,1,1.67,3.35
1420,20240218,266,Sponsored Brands,483,5,2.21,13.41
1421,20240119,220,DSP,699,10,15.59,26.09
1422,20230811,652,Sponsored Display,2274,18,31.81,164.95
1423,20230303,498,Sponsored Brands,5125,50,85.51,403.42
1424,20240131,273,Sponsored Brands,3274,51,72.65,312.81
1425,20241112,145,Sponsored Display,581,7,8.87,47.57
1426,20250210,578,Sponsored Brands,465,3,4.72,15.03
1427,20250624,633,Sponsored Products,1947,36,31.77,95.21
1428,20241215,439,Sponsored Brands,3468,55,90.23,453.67
1429,20240823,21,Sponsored Products,2269,34,39.58,70.24
1430,20240107,325,Sponsored Brands,6922,106,51.34,215.66
1431,20240801,423,Sponsored Brands,2319,45,53.38,132.27
1432,20231017,276,Sponsored Brands,935,13,15.58,50.38
1433,20250901,493,Sponsored Products,889,7,11.99,59.55
1434,20251109,700,Sponsored Products,474,8,9.29,46.35
1435,20250402,352,Sponsored Brands,595,3,3.76,23.59
1436,20240911,271,Sponsored Display,721,5,3.73,16.84
1437,20230416,346,Sponsored Products,2845,23,30.5,155.58
1438,20240718,157,Sponsored Products,3562,39,33.63,63.19
1439,20230316,712,Sponsored Brands,1047,17,14.87,81.87
1440,20260615,658,DSP,1650,17,12.55,69.32
1441,20230417,666,Sponsored Display,792,11,10.37,51.08
1442,20241026,448,Sponsored Brands,3410,19,29.9,124.06
1443,20260303,521,Sponsored Products,1446,18,24.38,73.11
1444,20240217,411,Sponsored Display,1136,21,23.65,43.0
1445,20240708,272,Sponsored Products,1880,11,7.26,29.6
1446,20230305,691,Sponsored Products,331,3,4.78,17.88
1447,20240203,192,Sponsored Products,1274,17,20.45,74.16
1448,20250518,119,Sponsored Products,1065,6,6.64,29.23
1449,20240106,183,Sponsored Products,3178,60,41.77,231.33
1450,20230322,430,Sponsored Brands,3557,33,34.4,141.78
1451,20230619,187,DSP,1479,8,7.87,23.17
1452,20240601,60,Sponsored Products,2136,39,38.36,202.09
1453,20241122,437,Sponsored Products,796,9,10.34,22.11
1454,20230930,689,Sponsored Products,2533,38,25.82,96.0
1455,20250730,313,Sponsored Products,1948,12,9.74,61.45
1456,20260430,393,Sponsored Brands,108,2,2.11,3.46
1457,20230620,642,Sponsored Products,1230,20,34.31,133.01
1458,20240724,262,Sponsored Products,1130,19,31.67,96.52
1459,20230806,720,Sponsored Products,2742,31,16.81,70.75
1460,20250610,2,Sponsored Brands,1245,7,5.26,32.6
1461,20250725,546,Sponsored Products,2372,37,25.42,72.2
1462,20260113,134,Sponsored Display,1255,11,13.95,67.6
1463,20231105,78,Sponsored Display,221,2,1.85,6.97
1464,20250922,288,Sponsored Products,2909,38,58.47,276.25
1465,20230430,702,Sponsored Products,1162,12,4.96,23.59
1466,20250108,604,Sponsored Display,1122,9,9.35,40.13
1467,20260325,798,Sponsored Brands,5906,26,10.69,29.9
1468,20260214,7,Sponsored Products,2139,37,37.05,121.59
1469,20240108,542,Sponsored Display,1743,29,42.89,185.87
1470,20260615,695,Sponsored Display,1075,14,16.64,56.6
1471,20240803,258,Sponsored Products,2860,45,57.73,165.64
1472,20260516,350,Sponsored Brands,2981,39,64.76,269.45
1473,20240604,507,Sponsored Display,2885,14,18.23,55.37
1474,20240329,485,Sponsored Brands,121,1,1.21,7.31
1475,20230607,410,Sponsored Products,863,10,7.39,43.51
1476,20260125,66,DSP,1165,21,36.65,237.2
1477,20240204,540,Sponsored Products,2538,31,22.2,103.87
1478,20251021,566,Sponsored Products,4746,17,21.44,96.23
1479,20260330,672,Sponsored Products,2414,16,6.55,21.52
1480,20230811,309,Sponsored Products,552,7,7.65,17.01
1481,20231114,52,Sponsored Brands,918,12,6.69,15.17
1482,20250106,429,Sponsored Products,2471,40,26.66,108.37
1483,20250219,289,Sponsored Display,1209,22,22.24,89.56
1484,20230504,543,Sponsored Brands,769,5,2.58,13.71
1485,20231230,653,Sponsored Products,2424,14,18.82,30.14
1486,20260424,539,Sponsored Display,2457,37,23.12,96.88
1487,20230924,12,Sponsored Brands,493,8,8.92,15.22
1488,20230606,782,Sponsored Products,466,6,10.71,67.9
1489,20230405,145,Sponsored Products,2423,34,52.0,157.44
1490,20241101,553,Sponsored Brands,1163,6,7.98,28.99
1491,20231105,382,Sponsored Products,5361,101,79.15,154.82
1492,20230726,768,Sponsored Display,412,3,2.37,11.43
1493,20240122,468,Sponsored Brands,1065,10,10.31,58.6
1494,20251109,44,Sponsored Brands,2516,33,51.25,135.86
1495,20240522,740,Sponsored Brands,361,4,4.05,15.47
1496,20250811,772,DSP,2455,42,72.09,143.39
1497,20230526,675,Sponsored Products,207,2,3.45,18.92
1498,20231031,224,Sponsored Brands,2009,8,12.29,25.8
1499,20250421,742,Sponsored Display,747,2,3.16,15.0
1500,20240227,184,Sponsored Products,1377,25,13.98,27.64
1501,20240728,620,Sponsored Products,1941,37,48.7,268.15
1502,20260628,291,Sponsored Brands,2919,52,28.2,112.88
1503,20250609,239,Sponsored Display,2464,46,52.16,329.22
1504,20231108,662,DSP,2486,25,38.94,204.27
1505,20260615,15,DSP,1289,23,35.67,211.97
1506,20240905,734,Sponsored Display,779,5,8.0,24.08
1507,20250112,343,Sponsored Products,1123,14,19.72,69.06
1508,20240201,745,Sponsored Display,568,8,7.3,31.83
1509,20230321,791,Sponsored Display,5011,16,21.46,105.72
1510,20241219,459,Sponsored Display,2702,15,18.41,81.1
1511,20230819,743,Sponsored Display,2539,49,35.95,231.91
1512,20231211,157,Sponsored Display,275,1,0.53,2.96
1513,20230317,654,DSP,2429,44,56.1,230.73
1514,20250316,508,Sponsored Display,630,10,14.64,26.3
1515,20230204,131,DSP,2576,30,16.69,33.51
1516,20230321,669,Sponsored Products,495,3,2.34,8.37
1517,20240722,582,Sponsored Products,3076,46,71.28,456.8
1518,20231205,622,Sponsored Brands,225,4,5.43,17.36
1519,20250426,369,DSP,4172,80,125.29,764.73
1520,20230717,731,DSP,261,4,6.33,11.47
1521,20241008,501,Sponsored Products,918,5,8.66,33.38
1522,20251019,12,Sponsored Products,301,5,5.73,12.8
1523,20240415,100,Sponsored Products,1188,19,20.74,60.25
1524,20240803,103,Sponsored Products,708,11,6.12,26.55
1525,20241114,605,Sponsored Display,880,7,10.5,35.98
1526,20260424,336,Sponsored Products,1610,25,43.72,229.02
1527,20240410,328,DSP,1694,24,18.94,84.95
1528,20240105,281,Sponsored Products,537,2,1.02,5.38
1529,20250303,377,Sponsored Products,563,7,4.73,21.94
1530,20250505,120,Sponsored Products,2546,27,20.76,109.84
1531,20240627,604,Sponsored Products,3320,31,49.62,289.86
1532,20250217,520,Sponsored Display,1301,7,8.95,24.69
1533,20230204,394,Sponsored Products,5611,83,80.7,475.72
1534,20241218,702,Sponsored Brands,2091,8,12.71,81.51
1535,20250525,141,Sponsored Brands,1314,23,10.92,68.75
1536,20250123,753,Sponsored Products,172,0,0.0,0.0
1537,20230113,457,Sponsored Display,1024,5,6.82,41.23
1538,20230605,660,Sponsored Products,1895,29,34.25,83.28
1539,20230317,460,Sponsored Display,467,5,5.39,31.29
1540,20260514,413,Sponsored Products,1411,8,14.3,46.07
1541,20241010,472,Sponsored Products,1442,10,9.82,40.17
1542,20240429,165,Sponsored Products,1371,19,11.5,23.66
1543,20250419,271,Sponsored Brands,1530,22,14.27,22.21
1544,20250226,72,Sponsored Products,1044,9,9.61,45.41
1545,20241103,329,Sponsored Brands,1586,27,41.47,193.12
1546,20230624,12,Sponsored Products,4733,44,43.36,122.32
1547,20240624,482,Sponsored Display,787,12,19.49,35.67
1548,20260526,459,Sponsored Products,1055,13,16.32,36.3
1549,20250626,705,DSP,1673,15,10.38,62.86
1550,20230531,517,Sponsored Products,731,3,2.36,5.6
1551,20240222,592,Sponsored Brands,1779,26,14.54,31.79
1552,20240903,539,Sponsored Products,603,8,9.99,45.95
1553,20251110,602,Sponsored Products,1741,8,9.41,36.62
1554,20240930,396,Sponsored Products,668,7,5.49,35.65
1555,20230317,145,Sponsored Products,1672,25,37.97,244.38
1556,20240821,539,Sponsored Products,1137,13,10.55,55.85
1557,20251231,734,Sponsored Products,2399,20,34.35,144.05
1558,20250515,103,Sponsored Products,257,2,1.36,6.91
1559,20251119,78,Sponsored Brands,1539,11,14.56,25.17
1560,20230812,79,Sponsored Products,335,1,1.74,6.4
1561,20250227,366,Sponsored Display,1667,6,6.33,27.78
1562,20260517,550,Sponsored Display,5906,80,136.06,333.22
1563,20250110,734,Sponsored Products,1000,14,24.03,78.5
1564,20230317,325,Sponsored Brands,1591,26,25.96,120.87
1565,20240801,363,Sponsored Display,1242,14,6.1,31.77
1566,20230706,196,Sponsored Products,864,10,6.04,34.7
1567,20240213,424,Sponsored Products,207,2,2.06,6.19
1568,20260411,145,Sponsored Products,898,10,8.74,34.99
1569,20250226,141,Sponsored Brands,931,9,14.52,39.6
1570,20250323,347,Sponsored Products,906,13,21.03,75.39
1571,20240809,611,Sponsored Products,1321,4,6.56,32.52
1572,20260419,729,Sponsored Display,2521,49,54.41,226.1
1573,20240514,132,Sponsored Products,1919,35,58.93,348.85
1574,20240903,492,Sponsored Brands,1650,19,10.14,27.86
1575,20241031,123,Sponsored Display,2825,40,56.97,192.94
1576,20250514,255,Sponsored Brands,1381,9,10.5,56.86
1577,20251128,43,Sponsored Display,9498,127,132.52,701.35
1578,20231004,756,Sponsored Products,42,0,0.0,0.0
1579,20251123,730,Sponsored Display,485,5,4.15,19.73
1580,20230608,631,Sponsored Display,641,6,8.71,28.26
1581,20251212,770,Sponsored Products,274,4,6.7,24.48
1582,20240212,389,Sponsored Products,659,10,14.17,62.09
1583,20240410,520,DSP,574,8,7.92,47.31
1584,20260207,720,Sponsored Products,2626,38,40.38,104.37
1585,20250525,202,Sponsored Products,1488,24,38.48,71.63
1586,20240811,665,Sponsored Brands,2919,57,51.89,179.61
1587,20240801,97,Sponsored Brands,2092,34,20.08,88.5
1588,20231111,388,DSP,1801,13,10.03,46.29
1589,20240513,347,Sponsored Products,752,13,20.23,34.07
1590,20250716,59,Sponsored Display,2023,33,30.31,60.86
1591,20240105,121,Sponsored Products,376,5,8.11,40.36
1592,20260512,263,Sponsored Brands,5190,22,33.21,87.01
1593,20231023,218,Sponsored Products,629,7,6.09,20.37
1594,20260131,700,Sponsored Brands,704,10,4.67,24.06
1595,20250614,172,Sponsored Products,565,3,4.0,6.57
1596,20250403,132,Sponsored Display,866,16,21.4,86.76
1597,20240923,289,Sponsored Products,2233,10,6.45,19.69
1598,20230817,499,Sponsored Products,1803,33,17.87,76.95
1599,20231209,126,Sponsored Products,618,5,6.75,24.76
1600,20260226,334,Sponsored Brands,690,13,5.41,22.59
1601,20250611,659,Sponsored Products,909,5,7.59,36.22
1602,20260222,653,Sponsored Brands,2788,8,8.01,36.87
1603,20250216,529,Sponsored Products,432,2,3.37,7.96
1604,20241118,350,DSP,2012,23,30.65,77.23
1605,20241213,290,Sponsored Products,2680,44,67.58,158.82
1606,20251022,630,Sponsored Brands,409,2,1.28,4.34
1607,20240229,54,Sponsored Products,1131,9,5.91,37.65
1608,20240820,170,Sponsored Brands,494,7,12.18,53.45
1609,20260507,530,Sponsored Brands,631,10,10.45,40.76
1610,20250725,617,Sponsored Products,1554,14,19.64,106.01
1611,20251211,183,Sponsored Brands,1032,11,7.44,39.49
1612,20240808,517,Sponsored Brands,1712,29,15.73,58.43
1613,20240807,244,Sponsored Display,1509,8,5.29,26.31
1614,20251219,76,Sponsored Brands,3273,38,20.12,72.02
1615,20241004,264,Sponsored Brands,1080,4,4.89,23.94
1616,20250523,585,Sponsored Brands,1096,21,9.93,44.73
1617,20240707,737,Sponsored Brands,3927,48,69.85,436.05
1618,20240414,622,Sponsored Products,2121,8,12.14,71.05
1619,20230911,212,Sponsored Products,3353,17,22.12,136.24
1620,20241208,42,Sponsored Products,396,3,4.49,12.1
1621,20230310,471,Sponsored Products,4039,23,32.13,153.27
1622,20231005,278,Sponsored Products,1434,9,9.74,35.34
1623,20230822,782,DSP,2312,39,22.08,98.59
1624,20230822,453,Sponsored Display,3339,19,19.66,120.1
1625,20260523,790,Sponsored Products,909,10,9.42,23.57
1626,20241026,490,Sponsored Brands,946,6,2.8,16.72
1627,20230819,620,Sponsored Display,1000,8,14.11,75.47
1628,20231025,459,DSP,1249,7,3.52,8.07
1629,20260310,750,Sponsored Products,1518,21,17.02,52.15
1630,20240326,644,Sponsored Brands,882,8,3.38,20.51
1631,20260125,281,Sponsored Brands,1316,7,4.07,12.02
1632,20240531,167,Sponsored Products,960,15,18.35,118.66
1633,20240512,426,Sponsored Display,1240,12,8.6,17.76
1634,20240201,403,Sponsored Products,458,5,3.32,14.42
1635,20231216,474,Sponsored Brands,4513,15,12.25,72.18
1636,20241027,151,Sponsored Products,1001,15,17.79,60.13
1637,20250104,315,Sponsored Products,899,14,23.46,149.16
1638,20240115,462,Sponsored Products,458,7,4.99,26.91
1639,20251126,785,Sponsored Products,1908,22,15.58,33.61
1640,20240708,98,Sponsored Products,3102,31,25.04,100.98
1641,20230914,708,Sponsored Brands,1060,5,6.49,22.71
1642,20240530,500,Sponsored Products,64,1,0.87,1.83
1643,20240722,536,Sponsored Products,193,3,1.23,6.17
1644,20251114,258,Sponsored Display,2112,19,8.6,39.14
1645,20240729,342,Sponsored Products,910,17,8.77,50.19
1646,20230113,247,Sponsored Brands,4509,67,80.08,424.48
1647,20240401,359,Sponsored Products,1101,5,5.33,28.02
1648,20231204,734,Sponsored Products,2499,48,79.61,221.28
1649,20231006,558,Sponsored Products,879,7,7.77,33.18
1650,20240611,717,DSP,816,12,11.95,37.1
1651,20250803,197,Sponsored Brands,1002,8,9.88,44.8
1652,20260308,412,Sponsored Display,2473,26,17.24,108.03
1653,20260520,447,DSP,1213,12,18.52,89.76
1654,20231130,620,Sponsored Products,8928,153,177.66,377.09
1655,20240812,630,Sponsored Brands,1377,20,17.31,89.37
1656,20230428,775,Sponsored Display,551,4,3.1,12.61
1657,20230713,498,Sponsored Products,3507,17,9.66,60.27
1658,20250330,363,Sponsored Products,768,11,17.43,99.91
1659,20230818,418,Sponsored Products,1746,30,19.11,112.78
1660,20250311,594,Sponsored Products,2156,37,37.16,139.31
1661,20240512,226,Sponsored Display,3456,52,22.21,128.38
1662,20231013,166,DSP,1263,14,10.11,58.78
1663,20251001,618,Sponsored Products,2095,17,8.71,42.07
1664,20250203,133,Sponsored Products,857,5,3.08,8.0
1665,20260611,746,Sponsored Products,609,11,15.45,65.09
1666,20230922,208,Sponsored Brands,942,18,12.22,46.88
1667,20230305,526,Sponsored Products,3814,11,10.74,57.1
1668,20230916,218,Sponsored Display,1984,32,57.12,137.35
1669,20240123,487,Sponsored Products,164,2,1.97,6.81
1670,20241223,38,Sponsored Display,2060,7,5.67,8.58
1671,20230326,471,Sponsored Display,1587,11,17.61,30.35
1672,20250424,436,Sponsored Products,2264,23,28.4,156.14
1673,20250911,517,Sponsored Brands,1564,18,23.07,50.03
1674,20230829,48,Sponsored Brands,3107,39,24.64,94.26
1675,20230211,293,Sponsored Display,619,5,6.07,33.89
1676,20260121,598,DSP,3891,64,61.65,335.59
1677,20260529,486,Sponsored Products,519,8,4.38,13.42
1678,20250419,512,Sponsored Brands,1679,31,39.26,183.06
1679,20251105,60,DSP,542,10,13.7,46.55
1680,20260223,675,Sponsored Brands,642,7,3.51,16.68
1681,20231201,395,Sponsored Products,861,11,8.13,34.99
1682,20260116,313,Sponsored Brands,4564,55,24.34,77.19
1683,20240715,456,Sponsored Products,1184,4,2.19,10.61
1684,20240317,589,Sponsored Brands,871,10,9.02,38.53
1685,20250727,263,Sponsored Brands,802,3,3.32,11.58
1686,20230525,116,Sponsored Brands,378,2,2.39,8.84
1687,20251226,439,Sponsored Products,4736,53,55.71,278.81
1688,20251228,308,Sponsored Products,1815,35,25.25,57.37
1689,20260129,108,Sponsored Products,440,7,4.44,15.55
1690,20230207,306,Sponsored Products,2402,8,4.51,28.97
1691,20250505,353,Sponsored Brands,1251,18,12.11,40.15
1692,20240609,23,Sponsored Display,249,4,2.61,16.96
1693,20250911,102,Sponsored Display,1655,22,16.69,40.13
1694,20250805,766,Sponsored Products,1159,8,9.02,44.07
1695,20230217,244,Sponsored Brands,794,5,4.5,12.78
1696,20250925,594,Sponsored Products,1473,6,7.31,41.72
1697,20240628,105,Sponsored Brands,1319,25,44.98,235.41
1698,20230404,108,DSP,262,2,2.88,9.79
1699,20231007,268,Sponsored Products,806,11,16.85,65.66
1700,20230926,196,DSP,652,2,2.64,13.41
1701,20250214,196,Sponsored Products,1930,11,9.83,58.09
1702,20250912,738,Sponsored Brands,1084,11,11.39,52.03
1703,20251211,103,Sponsored Brands,2404,14,14.07,83.65
1704,20250830,195,Sponsored Products,374,6,4.25,6.38
1705,20251212,362,Sponsored Brands,523,7,8.51,45.4
1706,20240626,768,Sponsored Products,898,16,20.24,46.07
1707,20230714,208,Sponsored Products,2509,43,56.17,165.99
1708,20260128,432,Sponsored Display,2574,41,19.62,86.34
1709,20260516,262,Sponsored Products,1000,11,8.26,41.88
1710,20240126,302,DSP,390,3,1.96,4.52
1711,20240201,43,Sponsored Brands,344,2,3.02,9.48
1712,20251109,14,Sponsored Products,7803,129,171.07,577.68
1713,20240516,487,Sponsored Brands,2375,22,19.91,42.18
1714,20240322,404,Sponsored Brands,1386,19,13.69,55.63
1715,20260318,711,Sponsored Products,948,4,1.78,7.61
1716,20240316,223,Sponsored Display,890,3,3.68,5.64
1717,20240204,680,Sponsored Products,261,3,2.6,16.04
1718,20240909,177,Sponsored Products,279,4,5.12,24.03
1719,20230304,308,Sponsored Brands,1689,21,14.52,51.97
1720,20231205,14,DSP,2096,22,12.68,77.5
1721,20251014,251,Sponsored Display,1322,6,5.55,16.1
1722,20250522,539,Sponsored Products,1216,5,6.32,33.5
1723,20260523,506,Sponsored Products,1104,20,31.25,60.82
1724,20260428,485,Sponsored Display,2079,40,25.47,51.31
1725,20241117,419,Sponsored Brands,703,6,8.15,50.01
1726,20260621,690,Sponsored Display,6009,53,41.73,237.61
1727,20260323,601,Sponsored Products,372,5,5.15,28.67
1728,20260213,395,Sponsored Display,1583,11,4.4,20.09
1729,20230514,623,Sponsored Brands,893,7,5.42,34.78
1730,20240426,471,Sponsored Products,174,3,4.95,15.64
1731,20231024,273,Sponsored Products,4597,86,116.29,370.57
1732,20240122,41,Sponsored Display,2123,30,37.93,105.21
1733,20250720,637,Sponsored Products,1636,18,24.54,112.49
1734,20250310,134,Sponsored Products,1097,21,32.02,57.52
1735,20230519,721,Sponsored Products,1347,25,33.83,108.67
1736,20250103,68,DSP,2377,27,48.11,202.3
1737,20260101,498,Sponsored Products,833,11,5.71,24.04
1738,20250707,782,Sponsored Brands,1854,28,29.56,52.1
1739,20230719,43,Sponsored Products,1813,8,4.28,15.94
1740,20260307,71,DSP,914,12,6.31,32.97
1741,20250627,292,Sponsored Brands,1331,20,9.85,15.47
1742,20230217,89,Sponsored Products,470,3,2.35,9.11
1743,20260528,323,Sponsored Products,3755,59,51.11,240.39
1744,20231216,314,Sponsored Products,475,8,10.48,50.21
1745,20240411,144,Sponsored Products,1830,25,21.08,112.51
1746,20230205,111,Sponsored Products,1314,6,10.68,57.02
1747,20260417,381,DSP,3693,59,61.8,311.27
1748,20260113,397,Sponsored Brands,394,2,2.26,12.76
1749,20240624,37,Sponsored Display,1313,6,3.5,5.96
1750,20250105,58,Sponsored Products,2614,42,73.13,426.03
1751,20251222,509,Sponsored Products,2856,23,30.69,122.57
1752,20230818,110,Sponsored Products,380,4,2.17,12.77
1753,20250104,488,Sponsored Products,6123,106,68.29,124.36
1754,20240130,311,Sponsored Brands,623,4,2.73,8.97
1755,20230320,196,Sponsored Products,2659,44,27.09,75.4
1756,20250927,479,Sponsored Brands,1155,20,29.18,111.87
1757,20260503,238,Sponsored Products,3198,30,45.24,280.96
1758,20260627,402,Sponsored Brands,1384,5,4.81,22.62
1759,20230709,91,Sponsored Display,4750,44,69.51,137.25
1760,20241130,594,Sponsored Products,4409,44,75.16,456.07
1761,20231205,698,DSP,1083,17,11.28,41.66
1762,20251002,37,Sponsored Products,2011,9,11.93,44.83
1763,20230607,673,Sponsored Brands,2384,47,32.98,143.36
1764,20231229,231,Sponsored Products,4944,42,59.76,238.34
1765,20251202,442,Sponsored Products,506,8,6.78,20.52
1766,20230604,123,Sponsored Products,101,0,0.0,0.0
1767,20240509,439,Sponsored Brands,710,2,2.34,4.12
1768,20231022,107,DSP,414,4,2.87,7.72
1769,20241025,686,Sponsored Products,1732,14,14.17,89.16
1770,20260126,749,Sponsored Brands,436,1,0.68,1.73
1771,20230828,691,Sponsored Products,1846,20,19.34,32.18
1772,20260403,471,Sponsored Brands,539,8,9.49,47.44
1773,20240828,49,Sponsored Brands,1346,19,9.43,15.48
1774,20250113,207,Sponsored Products,517,2,2.23,4.81
1775,20230903,468,Sponsored Brands,2104,32,28.68,169.11
1776,20240511,673,DSP,1867,36,40.23,253.76
1777,20231224,349,Sponsored Products,920,11,7.54,31.71
1778,20230103,598,Sponsored Products,4325,36,25.99,136.96
1779,20260218,632,Sponsored Products,2340,21,36.5,181.6
1780,20240726,742,Sponsored Products,725,9,7.49,11.44
1781,20250213,115,Sponsored Display,249,4,2.56,15.67
1782,20260107,57,Sponsored Products,477,4,2.89,6.37
1783,20240501,209,Sponsored Products,1848,19,14.94,54.09
1784,20250113,303,Sponsored Brands,167,2,2.34,8.27
1785,20230428,759,Sponsored Brands,3637,65,42.6,151.76
1786,20240427,483,Sponsored Products,2688,19,32.62,63.81
1787,20240520,56,Sponsored Products,288,2,0.95,1.68
1788,20230907,398,Sponsored Products,1819,13,17.09,101.11
1789,20230731,366,Sponsored Products,901,6,6.19,25.05
1790,20250308,382,Sponsored Brands,1451,22,17.15,29.97
1791,20230609,20,Sponsored Products,2631,44,35.84,202.41
1792,20231011,194,Sponsored Brands,874,8,12.24,34.79
1793,20250824,547,Sponsored Display,3696,23,34.65,218.8
1794,20260403,416,DSP,1009,16,18.16,28.92
1795,20230630,220,Sponsored Brands,1933,34,55.15,160.72
1796,20250330,477,Sponsored Brands,224,3,1.71,7.47
1797,20260610,208,Sponsored Display,648,9,3.94,17.45
1798,20260117,176,Sponsored Products,904,4,3.56,9.01
1799,20231212,437,Sponsored Products,1444,18,32.06,186.01
1800,20250321,619,Sponsored Brands,2160,32,50.47,171.59
1801,20230304,232,Sponsored Brands,1025,9,4.18,11.0
1802,20250418,738,Sponsored Brands,885,11,15.77,73.93
1803,20230505,423,Sponsored Display,1011,18,26.68,87.5
1804,20241208,206,Sponsored Products,1302,10,16.74,88.17
1805,20250722,646,Sponsored Brands,2308,9,12.76,20.66
1806,20251225,561,Sponsored Brands,1303,12,19.31,31.76
1807,20230726,204,Sponsored Products,436,6,9.64,26.67
1808,20260411,728,Sponsored Products,1820,15,15.41,62.66
1809,20240106,406,Sponsored Brands,2109,31,34.17,97.43
1810,20230317,199,Sponsored Products,5385,37,24.54,79.19
1811,20251103,186,Sponsored Brands,611,11,12.76,78.42
1812,20250818,161,Sponsored Products,652,6,3.18,19.65
1813,20250430,384,Sponsored Brands,1191,4,6.92,19.95
1814,20240310,380,Sponsored Display,895,8,12.64,45.66
1815,20231231,118,Sponsored Brands,3638,50,40.05,121.66
1816,20230322,598,Sponsored Products,535,3,1.68,8.37
1817,20230705,548,Sponsored Brands,2483,48,85.43,327.63
1818,20251017,485,Sponsored Products,2757,30,51.79,208.07
1819,20230428,308,Sponsored Products,1754,23,40.41,257.11
1820,20250915,424,Sponsored Brands,962,3,3.91,13.62
1821,20260605,346,Sponsored Brands,2408,23,15.18,45.81
1822,20260612,497,Sponsored Display,1482,14,24.6,136.89
1823,20250308,624,Sponsored Products,1101,12,15.13,67.37
1824,20250802,47,DSP,338,3,1.5,9.55
1825,20230903,348,Sponsored Brands,683,9,4.37,21.61
1826,20250508,623,Sponsored Brands,254,1,0.53,1.51
1827,20250307,770,Sponsored Products,438,3,2.22,5.01
1828,20250520,132,Sponsored Products,646,11,10.04,18.83
1829,20230809,430,Sponsored Products,389,1,0.65,1.91
1830,20260626,252,Sponsored Products,2161,31,47.62,232.39
1831,20250508,201,Sponsored Display,1933,12,10.7,33.26
1832,20230213,645,Sponsored Products,1293,22,15.53,35.63
1833,20240805,470,Sponsored Products,2663,28,23.5,138.53
1834,20250502,800,Sponsored Products,759,4,2.4,10.05
1835,20260415,208,Sponsored Products,2479,47,70.52,341.1
1836,20260402,769,DSP,2434,46,58.04,106.15
1837,20240929,384,DSP,1031,10,9.02,56.43
1838,20250716,131,Sponsored Products,1463,11,17.54,37.46
1839,20240906,575,Sponsored Products,179,2,3.01,8.91
1840,20230104,150,Sponsored Brands,1431,10,16.5,41.43
1841,20240330,318,Sponsored Products,497,8,9.87,30.42
1842,20230527,611,Sponsored Brands,1605,8,5.06,17.7
1843,20240101,143,Sponsored Products,793,11,4.72,18.91
1844,20240215,574,Sponsored Products,2279,9,11.73,22.68
1845,20230629,542,Sponsored Products,1219,6,8.56,49.44
1846,20240518,375,Sponsored Products,461,8,10.64,55.63
1847,20240121,7,Sponsored Display,2424,46,24.27,88.26
1848,20241227,97,Sponsored Brands,581,2,3.25,17.66
1849,20240326,430,Sponsored Products,515,8,12.39,66.98
1850,20241102,406,DSP,403,2,3.35,17.85
1851,20231114,505,Sponsored Brands,626,4,4.21,24.48
1852,20241127,82,Sponsored Products,4214,73,49.71,224.61
1853,20231012,209,Sponsored Brands,2089,22,34.55,79.23
1854,20230321,788,Sponsored Products,1228,14,21.62,91.92
1855,20240925,226,Sponsored Brands,2338,41,59.59,143.61
1856,20260511,180,Sponsored Products,1538,18,16.94,71.57
1857,20231222,600,DSP,7685,31,26.26,43.69
1858,20241024,43,Sponsored Brands,806,11,12.38,33.64
1859,20240421,519,Sponsored Brands,649,10,8.02,41.37
1860,20260618,540,DSP,317,2,3.53,15.66
1861,20260531,103,Sponsored Brands,919,11,16.02,103.83
1862,20240809,625,Sponsored Products,112,1,1.42,5.54
1863,20240410,195,Sponsored Products,2370,37,27.57,138.6
1864,20251110,347,Sponsored Brands,864,14,6.3,37.63
1865,20231216,638,Sponsored Brands,3565,32,43.22,223.62
1866,20230628,175,DSP,828,16,22.57,53.98
1867,20240602,143,Sponsored Products,3563,55,55.22,352.55
1868,20241222,287,Sponsored Products,2935,51,68.9,130.14
1869,20230130,346,Sponsored Products,424,1,0.92,1.69
1870,20230714,442,Sponsored Products,714,8,11.67,69.28
1871,20231222,92,Sponsored Display,1846,32,53.14,147.08
1872,20241205,439,Sponsored Brands,471,4,5.81,16.56
1873,20250326,422,DSP,952,18,17.23,62.68
1874,20241125,507,Sponsored Products,501,5,8.98,44.8
1875,20231013,623,Sponsored Brands,646,5,8.65,51.44
1876,20230104,456,Sponsored Products,2254,43,43.07,86.09
1877,20231101,610,Sponsored Display,2518,24,14.58,60.06
1878,20230116,273,Sponsored Brands,992,11,16.44,90.87
1879,20250224,21,Sponsored Brands,641,7,12.13,65.48
1880,20230317,78,Sponsored Display,1850,22,25.56,58.2
1881,20230313,704,Sponsored Products,604,2,2.9,5.38
1882,20230629,516,Sponsored Products,2911,18,21.11,85.23
1883,20231216,733,Sponsored Brands,1678,5,2.5,5.84
1884,20250131,113,Sponsored Products,293,1,1.37,3.2
1885,20250820,99,Sponsored Display,382,6,2.5,15.46
1886,20250317,720,Sponsored Products,1150,8,4.92,21.5
1887,20230630,548,Sponsored Products,1487,5,7.27,30.14
1888,20260530,266,Sponsored Products,2752,50,59.93,277.58
1889,20250805,546,Sponsored Products,1979,26,10.66,46.6
1890,20250603,265,Sponsored Display,3839,37,41.33,68.02
1891,20260320,168,Sponsored Brands,2363,29,24.23,116.66
1892,20260608,208,Sponsored Products,520,3,3.15,6.97
1893,20260228,752,Sponsored Products,200,3,2.94,5.79
1894,20250307,627,Sponsored Products,3858,45,44.1,148.26
1895,20251231,740,Sponsored Display,2935,55,29.36,169.21
1896,20250623,98,DSP,3816,43,36.12,186.71
1897,20240407,317,Sponsored Products,1859,29,40.98,258.59
1898,20230610,690,Sponsored Products,715,6,4.31,25.02
1899,20250105,110,Sponsored Products,2116,22,15.5,44.48
1900,20240122,260,Sponsored Display,1211,22,28.39,57.54
1901,20250910,239,Sponsored Products,539,1,0.83,3.96
1902,20250804,509,Sponsored Products,1167,10,13.78,25.59
1903,20231002,673,Sponsored Brands,5091,58,50.78,132.8
1904,20230420,582,Sponsored Brands,297,5,7.61,31.29
1905,20240414,349,Sponsored Products,684,8,4.72,13.54
1906,20230611,403,Sponsored Display,4101,43,59.31,383.32
1907,20250609,485,Sponsored Products,2269,34,43.5,174.29
1908,20250626,695,Sponsored Brands,2719,50,57.65,337.31
1909,20230113,613,Sponsored Products,1109,19,23.4,112.72
1910,20241005,51,Sponsored Products,408,3,2.01,6.56
1911,20230617,101,Sponsored Brands,734,13,9.71,46.03
1912,20230716,422,Sponsored Products,1488,19,14.07,77.99
1913,20240917,179,Sponsored Brands,1987,26,21.02,36.6
1914,20230108,355,Sponsored Products,1855,21,19.83,34.74
1915,20240831,431,Sponsored Products,360,4,2.07,3.9
1916,20250905,579,Sponsored Display,1330,20,13.29,32.21
1917,20241205,249,Sponsored Display,556,8,13.8,36.32
1918,20260325,318,Sponsored Display,604,6,3.09,19.16
1919,20240112,112,DSP,2611,16,26.69,148.2
1920,20230319,479,Sponsored Display,2462,41,29.35,84.6
1921,20240401,793,Sponsored Brands,5009,69,87.2,175.12
1922,20230609,411,Sponsored Products,899,16,13.84,73.35
1923,20251027,789,Sponsored Products,782,4,5.17,32.65
1924,20230219,443,Sponsored Products,3463,37,63.51,102.21
1925,20230209,370,Sponsored Products,1140,9,11.72,20.17
1926,20230414,790,Sponsored Products,1341,12,14.13,30.79
1927,20240309,49,Sponsored Display,353,4,5.1,20.85
1928,20231024,633,Sponsored Brands,6502,102,178.2,417.71
1929,20240724,398,DSP,1276,24,14.74,22.82
1930,20250706,615,Sponsored Products,1002,15,11.06,42.42
1931,20250914,27,Sponsored Products,3204,30,29.68,105.0
1932,20240603,127,Sponsored Products,521,9,13.54,23.99
1933,20260109,500,DSP,2761,43,19.24,124.59
1934,20231217,246,Sponsored Products,1773,19,9.35,20.6
1935,20230803,389,Sponsored Display,407,2,1.29,6.08
1936,20250123,397,Sponsored Products,2174,16,26.28,66.25
1937,20240308,347,Sponsored Products,2620,50,45.61,250.55
1938,20240609,406,Sponsored Products,964,16,11.8,37.19
1939,20250510,227,Sponsored Products,725,8,6.83,38.91
1940,20260517,117,DSP,3362,31,54.83,308.18
1941,20251015,61,Sponsored Brands,1483,5,4.2,16.02
1942,20241109,59,Sponsored Products,407,5,2.71,14.79
1943,20240319,425,DSP,273,1,0.93,3.91
1944,20250729,122,Sponsored Display,413,2,1.22,4.16
1945,20230602,64,Sponsored Products,86,1,1.05,6.41
1946,20251117,624,Sponsored Display,1330,16,9.6,31.55
1947,20251127,545,Sponsored Brands,1799,24,29.92,83.46
1948,20241018,236,Sponsored Display,1190,15,20.99,32.27
1949,20250920,111,Sponsored Brands,563,9,9.14,57.0
1950,20230403,287,Sponsored Products,1427,17,28.26,57.92
1951,20260405,174,DSP,3010,48,73.54,377.43
1952,20241213,500,Sponsored Display,821,2,3.11,6.03
1953,20241121,481,Sponsored Products,2986,37,34.3,177.52
1954,20250728,2,Sponsored Products,2978,15,16.55,57.63
1955,20231012,422,DSP,1448,21,27.55,47.87
1956,20230325,446,Sponsored Products,1922,17,17.74,103.52
1957,20230614,667,Sponsored Products,2296,42,24.31,98.14
1958,20230627,181,Sponsored Display,927,8,13.04,20.65
1959,20260510,209,Sponsored Products,2448,8,6.07,24.19
1960,20240406,666,Sponsored Products,1991,21,32.69,135.58
1961,20230629,732,Sponsored Display,508,5,2.62,17.0
1962,20260215,184,Sponsored Brands,2214,20,22.24,97.15
1963,20240805,354,Sponsored Products,403,3,4.02,10.12
1964,20240407,38,Sponsored Products,2463,36,61.24,161.39
1965,20240607,666,DSP,893,6,4.68,12.62
1966,20240913,531,Sponsored Display,1808,34,53.76,132.52
1967,20231101,212,Sponsored Display,2549,7,10.78,16.86
1968,20230704,17,Sponsored Brands,2031,10,14.26,69.73
1969,20251215,97,Sponsored Products,1324,11,5.72,31.84
1970,20241102,235,Sponsored Brands,822,12,18.5,49.06
1971,20240711,292,Sponsored Products,7172,95,133.73,440.22
1972,20260416,72,Sponsored Products,2185,35,22.78,57.03
1973,20230425,68,Sponsored Products,2558,8,13.87,25.72
1974,20250213,566,Sponsored Products,1874,28,13.28,80.97
1975,20240923,183,Sponsored Products,2393,25,17.9,71.91
1976,20241222,349,Sponsored Brands,737,14,9.56,24.23
1977,20240827,545,DSP,2048,13,18.81,93.14
1978,20260409,269,Sponsored Brands,600,5,2.49,3.95
1979,20260304,234,Sponsored Brands,1278,19,28.88,54.29
1980,20240110,228,Sponsored Products,2156,14,22.38,100.77
1981,20241206,248,Sponsored Products,4263,29,24.95,88.36
1982,20240223,602,Sponsored Display,3409,62,109.42,604.98
1983,20260513,585,Sponsored Products,27,0,0.0,0.0
1984,20230218,127,Sponsored Display,1514,9,14.35,28.19
1985,20240829,515,Sponsored Products,568,8,7.43,47.77
1986,20230618,568,Sponsored Brands,4665,21,15.73,89.8
1987,20260516,472,DSP,1087,9,10.14,41.29
1988,20240402,333,Sponsored Products,2717,53,94.69,221.27
1989,20250601,197,Sponsored Brands,2914,36,37.03,65.12
1990,20251216,137,Sponsored Products,1714,23,18.33,62.38
1991,20230317,153,Sponsored Products,121,2,1.07,6.64
1992,20230225,598,Sponsored Products,785,8,5.91,33.65
1993,20250709,71,Sponsored Products,3044,37,43.52,110.57
1994,20250513,206,DSP,730,5,8.83,55.69
1995,20260427,307,Sponsored Products,1487,9,8.15,31.85
1996,20260317,767,Sponsored Brands,756,5,2.27,13.33
1997,20240312,318,Sponsored Products,2502,26,20.01,37.22
1998,20231216,492,Sponsored Products,3144,15,14.74,38.39
1999,20250201,507,Sponsored Products,2042,16,23.67,75.53
2000,20240112,715,Sponsored Brands,2062,19,23.64,146.13
2001,20260310,52,Sponsored Products,3151,55,32.15,194.12
2002,20251110,786,Sponsored Brands,412,5,8.63,25.97
2003,20250603,43,Sponsored Display,2403,31,23.91,98.69
2004,20241120,380,Sponsored Brands,1002,7,3.18,17.83
2005,20230129,622,Sponsored Products,1897,10,17.74,40.17
2006,20240114,600,Sponsored Display,1255,18,11.8,34.19
2007,20241027,169,Sponsored Display,3626,43,44.19,186.95
2008,20240930,354,Sponsored Brands,563,3,2.06,4.61
2009,20230920,547,Sponsored Products,414,7,11.5,55.43
2010,20230728,567,Sponsored Products,1084,3,5.18,23.2
2011,20250730,678,Sponsored Brands,2171,27,33.95,100.94
2012,20240115,111,Sponsored Products,3226,10,14.08,37.92
2013,20241122,239,Sponsored Products,2873,29,25.81,108.86
2014,20230102,339,Sponsored Products,2095,7,7.37,23.07
2015,20231217,468,Sponsored Products,5071,99,175.97,701.99
2016,20241023,655,Sponsored Brands,1738,26,46.7,131.96
2017,20240614,133,Sponsored Display,99,1,0.64,2.23
2018,20230602,253,Sponsored Display,360,3,4.22,13.18
2019,20230511,277,Sponsored Brands,3368,58,96.42,393.62
2020,20260604,42,DSP,970,18,13.8,55.82
2021,20240306,232,Sponsored Display,1481,26,42.64,257.93
2022,20230315,142,Sponsored Products,2736,23,15.21,45.05
2023,20231211,787,Sponsored Products,732,13,8.03,47.16
2024,20260404,519,Sponsored Products,1112,11,11.01,60.9
2025,20240729,542,Sponsored Display,2619,42,20.62,54.09
2026,20240912,761,Sponsored Products,1126,6,4.59,9.53
2027,20250828,678,Sponsored Products,2456,23,33.33,148.64
2028,20250305,401,Sponsored Products,3447,61,105.97,422.1
2029,20230820,29,Sponsored Products,1203,15,8.75,19.77
2030,20251014,219,Sponsored Products,2899,17,13.8,40.74
2031,20250728,697,Sponsored Products,929,18,15.65,99.11
2032,20240914,704,Sponsored Display,371,5,6.01,22.06
2033,20260320,719,Sponsored Brands,1346,18,14.93,58.05
2034,20260319,293,Sponsored Brands,1451,18,27.64,80.33
2035,20240511,398,Sponsored Display,63,0,0.0,0.0
2036,20240801,575,Sponsored Products,3695,73,105.68,575.85
2037,20250715,411,Sponsored Products,1516,26,44.39,182.03
2038,20251004,764,Sponsored Products,3793,60,88.16,517.48
2039,20241103,563,Sponsored Products,1344,20,14.11,86.49
2040,20240414,40,Sponsored Products,1413,16,9.65,58.32
2041,20240413,373,DSP,804,7,7.52,14.77
2042,20260419,471,Sponsored Products,1165,15,14.06,88.21
2043,20231115,40,Sponsored Display,1606,12,10.13,18.82
2044,20230913,193,Sponsored Brands,1092,9,9.87,27.83
2045,20251010,389,Sponsored Display,2695,47,68.17,350.92
2046,20240911,614,Sponsored Products,1469,17,15.94,84.88
2047,20230506,464,Sponsored Brands,1999,38,33.49,212.83
2048,20250421,163,Sponsored Products,129,2,2.24,4.95
2049,20250228,678,Sponsored Products,1028,19,11.58,32.58
2050,20231209,769,Sponsored Products,2040,10,14.86,48.01
2051,20260123,761,Sponsored Products,2378,36,14.69,53.26
2052,20230308,404,Sponsored Products,1371,8,5.34,26.73
2053,20250204,562,Sponsored Products,1627,29,45.44,264.75
2054,20250919,194,Sponsored Products,1662,26,27.21,127.55
2055,20230527,410,Sponsored Products,5141,53,31.05,115.23
2056,20260302,536,Sponsored Products,2693,28,42.02,74.14
2057,20260315,387,Sponsored Products,3611,24,38.72,108.31
2058,20230919,336,Sponsored Products,436,7,6.36,22.4
2059,20250829,635,Sponsored Products,614,3,4.31,16.24
2060,20230414,124,Sponsored Brands,3306,35,48.15,299.2
2061,20240101,378,Sponsored Products,927,17,12.81,72.82
2062,20240113,312,Sponsored Brands,552,4,4.88,14.93
2063,20260221,506,Sponsored Display,1938,13,8.23,13.16
2064,20231001,701,Sponsored Products,721,8,5.25,15.1
2065,20240820,521,Sponsored Products,3148,61,78.32,302.36
2066,20240213,585,Sponsored Brands,2957,18,21.2,107.96
2067,20240922,458,Sponsored Display,3563,37,58.56,360.71
2068,20231230,106,Sponsored Products,3241,64,112.57,553.49
2069,20241114,499,DSP,1997,19,34.11,180.01
2070,20230607,552,Sponsored Products,1384,24,31.41,113.03
2071,20250507,41,Sponsored Products,3273,42,57.93,124.09
2072,20260122,562,Sponsored Display,715,14,21.82,68.16
2073,20231021,266,Sponsored Products,1597,19,20.24,96.67
2074,20260623,369,Sponsored Products,3085,40,38.21,137.93
2075,20230611,289,Sponsored Brands,1474,18,23.99,147.08
2076,20240813,345,Sponsored Products,1569,14,9.69,21.19
2077,20260405,752,Sponsored Products,949,6,6.57,36.17
2078,20260124,464,Sponsored Display,1224,22,37.91,128.82
2079,20250702,601,Sponsored Display,3045,47,55.7,342.76
2080,20240221,132,Sponsored Brands,2797,32,39.8,146.3
2081,20260317,515,Sponsored Brands,1750,28,27.68,94.83
2082,20230921,13,Sponsored Display,1161,16,12.98,35.99
2083,20240715,229,Sponsored Display,1129,7,12.21,25.96
2084,20250726,491,DSP,1133,16,26.97,147.88
2085,20230908,391,Sponsored Brands,85,0,0.0,0.0
2086,20240506,135,DSP,459,7,4.33,14.73
2087,20260603,708,Sponsored Products,1262,5,6.3,34.95
2088,20250224,748,Sponsored Brands,2087,6,3.1,14.79
2089,20250816,507,Sponsored Products,881,15,15.9,57.16
2090,20230717,398,DSP,2678,30,34.93,186.62
2091,20231218,20,Sponsored Products,1607,15,10.08,29.46
2092,20240909,426,Sponsored Brands,1597,15,22.79,120.27
2093,20230821,115,Sponsored Brands,4559,47,72.8,439.19
2094,20250508,779,Sponsored Products,1814,25,44.37,93.16
2095,20250605,768,Sponsored Display,4840,80,49.03,96.95
2096,20230622,486,Sponsored Brands,340,3,1.92,4.4
2097,20231210,110,Sponsored Products,3644,53,70.94,350.39
2098,20230827,691,Sponsored Brands,1557,13,8.01,50.75
2099,20231217,730,Sponsored Products,1685,8,4.79,17.49
2100,20230630,526,Sponsored Products,2364,22,25.12,80.23
2101,20230802,787,Sponsored Products,288,2,1.96,10.85
2102,20240801,388,Sponsored Products,1512,17,7.81,22.49
2103,20230417,439,Sponsored Products,793,13,20.58,122.62
2104,20231227,20,DSP,1678,8,8.29,25.0
2105,20241024,69,Sponsored Products,2242,19,24.57,51.1
2106,20260217,584,Sponsored Brands,699,2,1.01,2.98
2107,20241015,19,Sponsored Products,1449,17,20.44,110.47
2108,20260304,56,Sponsored Products,1335,23,11.0,54.02
2109,20231216,613,Sponsored Products,7676,59,100.44,342.43
2110,20241019,118,Sponsored Products,1116,8,9.21,18.76
2111,20250606,255,Sponsored Brands,1228,23,29.03,99.93
2112,20240605,361,Sponsored Products,1058,10,15.54,24.56
2113,20250112,20,Sponsored Display,243,2,2.47,8.16
2114,20250302,275,Sponsored Products,4256,82,103.95,508.52
2115,20231003,457,Sponsored Brands,664,7,9.35,60.15
2116,20231221,698,Sponsored Display,8137,53,58.38,213.68
2117,20250502,351,Sponsored Products,366,6,5.99,22.4
2118,20251108,273,Sponsored Products,4245,28,26.09,40.85
2119,20251218,474,DSP,1867,14,14.96,41.45
2120,20260114,601,Sponsored Display,491,2,3.36,16.51
2121,20240429,264,Sponsored Display,1793,18,20.26,72.41
2122,20250112,105,Sponsored Products,993,12,13.24,66.87
2123,20230107,346,Sponsored Products,1694,17,13.46,51.52
2124,20251210,235,Sponsored Brands,379,1,1.39,6.3
2125,20251226,22,Sponsored Brands,1387,21,25.78,83.01
2126,20241019,610,Sponsored Brands,102,0,0.0,0.0
2127,20260113,117,Sponsored Display,2383,47,45.99,243.89
2128,20260308,507,Sponsored Products,3429,19,14.86,43.09
2129,20250401,248,Sponsored Products,1155,11,5.15,14.69
2130,20241120,501,Sponsored Display,1719,24,38.8,195.54
2131,20250831,42,Sponsored Products,385,5,4.39,19.55
2132,20260202,506,Sponsored Products,985,19,11.74,36.08
2133,20231212,203,Sponsored Products,2553,41,56.49,355.37
2134,20231012,166,Sponsored Products,395,3,2.47,10.11
2135,20250924,112,Sponsored Brands,561,4,2.11,4.22
2136,20240429,604,Sponsored Products,2710,18,17.88,50.01
2137,20250121,197,Sponsored Brands,890,8,7.47,23.92
2138,20250210,678,Sponsored Products,728,13,12.57,45.12
2139,20260430,655,Sponsored Brands,880,8,7.76,26.96
2140,20240208,82,Sponsored Display,566,4,6.18,34.93
2141,20230428,215,Sponsored Products,1855,18,18.39,40.06
2142,20241124,374,Sponsored Brands,725,6,6.05,24.7
2143,20230708,523,Sponsored Brands,924,13,16.91,88.41
2144,20250605,762,Sponsored Brands,426,6,9.68,28.25
2145,20260201,69,Sponsored Brands,3392,11,8.6,18.13
2146,20230306,746,Sponsored Products,292,5,8.79,15.84
2147,20230121,511,Sponsored Brands,636,2,0.98,3.31
2148,20230323,795,Sponsored Brands,2639,23,13.61,82.15
2149,20260621,190,Sponsored Brands,479,7,6.73,16.03
2150,20250123,799,Sponsored Products,2059,39,41.68,175.36
2151,20230719,129,Sponsored Display,1058,9,4.58,16.02
2152,20230513,727,Sponsored Display,996,6,2.86,16.76
2153,20260419,14,Sponsored Brands,583,11,8.49,54.02
2154,20230505,153,Sponsored Display,3454,21,16.88,49.97
2155,20260221,650,Sponsored Display,2561,42,41.14,245.44
2156,20230518,415,Sponsored Brands,982,10,4.4,16.44
2157,20241006,34,Sponsored Products,923,12,15.46,93.22
2158,20250117,508,Sponsored Brands,1079,12,20.29,95.52
2159,20250129,370,DSP,315,2,2.35,10.02
2160,20251215,666,Sponsored Products,3057,22,39.01,80.39
2161,20241111,247,Sponsored Products,2104,41,43.78,84.29
2162,20230706,632,Sponsored Products,1375,23,26.55,41.33
2163,20241221,584,Sponsored Display,1151,22,12.66,43.17
2164,20250804,294,Sponsored Display,884,9,3.74,6.06
2165,20260302,109,Sponsored Brands,1034,8,13.16,64.64
2166,20260627,523,Sponsored Brands,2996,26,37.81,161.49
2167,20240326,92,Sponsored Brands,2513,38,55.94,91.19
2168,20230503,386,Sponsored Display,686,2,1.55,6.13
2169,20251011,82,Sponsored Brands,247,2,2.89,4.39
2170,20231123,23,Sponsored Products,2352,38,26.59,84.56
2171,20250922,779,Sponsored Brands,1426,8,12.03,42.31
2172,20241127,430,Sponsored Products,3599,40,36.34,83.46
2173,20230206,531,Sponsored Brands,2595,13,14.0,43.96
2174,20231120,337,Sponsored Products,1971,6,8.98,45.52
2175,20230522,779,DSP,4277,57,80.95,455.28
2176,20240113,432,Sponsored Products,2799,42,49.09,230.58
2177,20230105,585,Sponsored Brands,5374,25,26.14,98.77
2178,20260328,302,Sponsored Brands,2980,13,10.11,60.67
2179,20230402,113,Sponsored Brands,1885,10,10.25,24.95
2180,20240517,474,DSP,1137,16,26.09,166.58
2181,20230105,667,Sponsored Display,464,6,5.08,17.34
2182,20240406,45,Sponsored Brands,2404,7,5.58,29.2
2183,20260425,660,Sponsored Products,1444,18,25.42,163.58
2184,20250608,478,Sponsored Products,3006,18,16.02,71.73
2185,20230829,403,Sponsored Brands,2136,20,24.12,144.11
2186,20240424,263,Sponsored Products,1315,23,17.63,106.66
2187,20241001,18,Sponsored Products,391,4,7.06,18.42
2188,20250914,729,Sponsored Brands,1294,12,12.23,75.45
2189,20230504,172,Sponsored Brands,2921,53,64.27,169.11
2190,20251214,58,Sponsored Products,710,11,19.37,96.79
2191,20241004,507,Sponsored Products,196,2,2.41,9.83
2192,20251014,271,Sponsored Brands,1411,21,37.36,56.6
2193,20231015,648,Sponsored Products,1125,5,8.11,16.52
2194,20240803,80,Sponsored Brands,1422,28,32.55,110.85
2195,20260316,406,Sponsored Products,1925,17,17.17,99.19
2196,20250217,546,Sponsored Products,760,4,5.19,31.82
2197,20240925,336,Sponsored Brands,1345,24,35.85,171.3
2198,20240203,445,Sponsored Products,1085,13,13.23,37.66
2199,20230805,647,Sponsored Display,1093,4,6.3,20.41
2200,20240807,491,Sponsored Brands,4103,31,23.14,91.18
2201,20260402,529,Sponsored Products,3016,17,8.96,53.12
2202,20260608,153,Sponsored Products,1029,9,13.0,19.9
2203,20240412,769,Sponsored Products,5398,21,17.66,44.88
2204,20230827,301,Sponsored Brands,2990,15,22.66,62.09
2205,20230709,122,Sponsored Products,1772,19,15.9,31.65
2206,20240202,690,Sponsored Brands,1423,12,16.14,104.23
2207,20240929,99,DSP,2409,40,67.91,422.77
2208,20250505,179,Sponsored Products,292,4,2.41,4.67
2209,20250819,19,Sponsored Brands,2586,11,5.9,38.2
2210,20231103,162,Sponsored Products,3524,49,52.9,297.56
2211,20230904,485,DSP,1807,15,11.6,45.54
2212,20230708,417,Sponsored Products,2523,14,12.63,19.94
2213,20241116,183,Sponsored Brands,2185,11,9.76,54.54
2214,20231016,345,DSP,2058,36,34.5,147.67
2215,20240320,537,Sponsored Brands,5465,61,80.15,352.69
2216,20240514,219,DSP,255,3,4.47,26.37
2217,20250325,792,Sponsored Products,402,2,2.13,4.71
2218,20230721,791,Sponsored Brands,1084,11,17.44,105.27
2219,20260514,615,Sponsored Products,1137,4,1.85,5.37
2220,20231204,709,DSP,340,5,7.28,36.36
2221,20230327,235,Sponsored Brands,3208,28,26.25,64.09
2222,20240315,580,Sponsored Products,2112,34,55.54,133.27
2223,20230930,552,Sponsored Products,1742,33,24.95,106.29
2224,20230706,62,Sponsored Products,4605,15,21.52,85.42
2225,20230716,290,Sponsored Brands,2019,39,16.38,75.6
2226,20240912,482,Sponsored Products,4472,48,70.89,160.42
2227,20251029,138,Sponsored Display,1426,19,8.32,20.64
2228,20240103,363,Sponsored Brands,2754,20,23.53,61.91
2229,20251225,378,Sponsored Products,2763,24,20.3,110.78
2230,20250806,333,Sponsored Display,1183,19,29.02,161.08
2231,20240301,363,Sponsored Display,282,1,0.58,2.84
2232,20230718,263,Sponsored Products,2759,28,15.06,46.29
2233,20250307,507,Sponsored Brands,2100,41,37.87,227.67
2234,20250122,639,Sponsored Brands,2175,24,12.98,63.82
2235,20240210,731,Sponsored Products,490,3,2.04,11.45
2236,20230411,75,Sponsored Products,1159,4,2.7,9.05
2237,20230807,775,Sponsored Products,580,6,5.55,27.17
2238,20260408,127,Sponsored Products,2013,37,56.93,233.34
2239,20250919,615,Sponsored Brands,606,9,11.45,19.05
2240,20240116,637,Sponsored Products,1469,17,24.85,135.25
2241,20240702,770,Sponsored Products,279,2,2.81,14.71
2242,20250101,287,Sponsored Products,1011,3,5.1,30.3
2243,20230706,299,Sponsored Products,1311,21,31.05,188.1
2244,20240531,474,Sponsored Brands,460,5,8.75,36.56
2245,20230317,613,Sponsored Products,2844,30,21.61,46.17
2246,20241208,34,Sponsored Brands,2614,44,22.44,126.29
2247,20260415,174,Sponsored Brands,316,2,2.59,5.67
2248,20240318,764,Sponsored Display,330,3,4.03,25.38
2249,20230823,673,Sponsored Products,4086,40,35.06,174.88
2250,20241014,453,Sponsored Brands,1188,11,9.32,20.26
2251,20230521,111,Sponsored Products,1706,31,17.25,96.14
2252,20230211,567,Sponsored Brands,744,8,6.56,22.17
2253,20241026,260,Sponsored Brands,2503,45,55.2,182.26
2254,20240721,178,Sponsored Brands,1635,18,23.09,127.17
2255,20260330,122,Sponsored Brands,3316,27,11.62,61.12
2256,20250313,190,Sponsored Products,1009,13,13.76,71.83
2257,20230714,704,Sponsored Display,1442,20,17.8,56.52
2258,20230525,62,Sponsored Brands,906,15,6.71,16.88
2259,20240810,527,Sponsored Products,113,1,1.69,9.36
2260,20260501,154,Sponsored Brands,1132,19,10.39,19.86
2261,20230227,355,Sponsored Brands,1123,15,11.47,17.67
2262,20250519,603,Sponsored Products,2563,43,50.48,325.15
2263,20240803,260,Sponsored Brands,2542,11,19.37,36.9
2264,20241127,512,Sponsored Products,2588,41,58.15,257.3
2265,20251104,302,Sponsored Brands,1515,14,20.91,134.79
2266,20240719,721,Sponsored Products,773,4,5.1,12.69
2267,20230129,166,Sponsored Products,3006,50,77.46,151.17
2268,20241223,289,Sponsored Products,3035,24,26.38,159.16
2269,20230826,395,Sponsored Products,924,18,28.45,160.08
2270,20250928,106,Sponsored Brands,400,2,2.42,13.26
2271,20250223,292,Sponsored Products,2370,13,21.19,101.4
2272,20250926,531,DSP,370,3,5.24,26.73
2273,20231003,787,DSP,6416,46,57.4,90.96
2274,20230425,278,Sponsored Products,1060,20,20.21,81.23
2275,20231231,84,Sponsored Products,2818,42,40.29,72.76
2276,20240616,601,Sponsored Products,3350,10,15.13,35.32
2277,20260212,350,Sponsored Products,1738,24,27.25,42.18
2278,20240121,406,DSP,1972,26,22.45,130.21
2279,20250414,192,DSP,263,2,3.33,18.83
2280,20250524,290,Sponsored Products,4450,71,113.41,467.05
2281,20251205,297,Sponsored Products,321,3,4.61,14.49
2282,20250103,623,Sponsored Brands,1482,4,1.82,11.04
2283,20260620,230,Sponsored Brands,1372,7,8.67,34.86
2284,20250110,126,Sponsored Products,2183,42,32.4,73.47
2285,20251117,47,Sponsored Brands,3129,43,30.54,166.07
2286,20260222,401,Sponsored Products,3879,44,29.23,166.83
2287,20230127,229,Sponsored Products,743,10,16.04,55.47
2288,20250728,654,Sponsored Display,3620,12,5.98,11.42
2289,20240417,151,Sponsored Brands,809,6,6.13,37.43
2290,20240303,611,Sponsored Brands,1595,4,5.4,23.76
2291,20251116,346,Sponsored Products,2737,19,33.57,113.55
2292,20230502,428,Sponsored Products,354,2,1.74,3.74
2293,20240520,205,Sponsored Brands,1372,23,39.54,92.24
2294,20240207,279,Sponsored Brands,1414,8,11.76,57.8
2295,20240830,63,DSP,465,8,11.53,45.55
2296,20250927,317,DSP,96,1,1.51,7.66
2297,20250101,127,Sponsored Products,2352,38,35.11,92.81
2298,20230824,97,DSP,120,0,0.0,0.0
2299,20240218,273,Sponsored Brands,1240,22,17.1,37.01
2300,20250806,456,Sponsored Products,2309,44,78.12,239.99
2301,20241204,507,Sponsored Products,1424,6,9.97,17.7
2302,20230924,316,Sponsored Display,1729,8,13.37,25.26
2303,20240603,800,Sponsored Products,2199,36,46.5,280.62
2304,20250207,19,Sponsored Display,1998,10,8.0,15.21
2305,20240611,745,Sponsored Products,864,12,9.21,20.43
2306,20240525,555,Sponsored Products,351,5,5.86,23.54
2307,20230425,145,Sponsored Brands,2511,45,63.56,100.69
2308,20240314,549,Sponsored Products,954,11,5.73,18.33
2309,20240218,492,Sponsored Brands,278,0,0.0,0.0
2310,20240724,46,Sponsored Products,1418,18,25.36,99.36
2311,20241104,573,Sponsored Products,512,8,6.53,18.52
2312,20250311,235,Sponsored Products,406,7,5.82,34.76
2313,20250913,249,Sponsored Brands,483,7,10.51,68.31
2314,20241124,205,Sponsored Brands,2668,47,33.59,116.02
2315,20250412,488,Sponsored Display,3228,55,38.41,79.1
2316,20230118,689,Sponsored Brands,1938,11,7.11,16.17
2317,20250519,295,Sponsored Display,1685,10,10.57,23.21
2318,20240412,464,Sponsored Products,1530,10,8.38,24.65
2319,20230506,378,Sponsored Products,870,8,3.59,6.07
2320,20250727,443,Sponsored Display,1194,14,24.88,90.92
2321,20260329,656,Sponsored Products,1413,9,14.0,75.7
2322,20250625,583,Sponsored Brands,997,11,17.89,75.8
2323,20240723,317,Sponsored Products,3049,46,81.47,221.24
2324,20250612,196,Sponsored Products,371,5,2.21,10.23
2325,20240807,753,Sponsored Products,512,6,6.07,33.28
2326,20250318,247,Sponsored Display,1883,19,14.14,45.71
2327,20260321,710,Sponsored Products,1927,22,33.7,150.24
2328,20250523,717,Sponsored Products,2020,11,6.77,14.65
2329,20260627,281,Sponsored Display,1415,19,7.73,39.51
2330,20231214,134,Sponsored Products,730,5,6.06,21.67
2331,20260107,233,Sponsored Products,1322,21,21.33,76.77
2332,20230211,630,Sponsored Brands,1163,9,8.34,25.76
2333,20240607,130,Sponsored Products,830,13,22.76,134.51
2334,20240516,268,Sponsored Products,1660,7,12.17,25.32
2335,20251208,27,Sponsored Display,2190,24,33.28,96.4
2336,20251016,723,Sponsored Brands,2160,28,35.59,189.65
2337,20240202,206,Sponsored Display,2157,39,42.29,194.44
2338,20240510,342,Sponsored Display,374,2,2.64,12.58
2339,20241026,589,Sponsored Brands,2616,42,63.45,158.72
2340,20240125,230,Sponsored Display,1080,15,19.68,96.26
2341,20240211,106,Sponsored Brands,2185,22,32.1,123.84
2342,20260210,45,Sponsored Products,1274,23,30.08,145.52
2343,20260305,748,Sponsored Products,1922,11,9.59,27.84
2344,20250621,183,Sponsored Products,1247,14,12.35,23.18
2345,20250520,456,Sponsored Brands,1236,5,8.6,14.33
2346,20250921,228,Sponsored Products,1168,10,11.48,28.52
2347,20250907,71,Sponsored Brands,2683,14,22.22,105.15
2348,20250126,387,Sponsored Products,1125,11,12.38,30.32
2349,20230526,707,Sponsored Products,2460,23,38.6,217.49
2350,20260416,460,Sponsored Display,1827,22,34.81,95.04
2351,20250414,617,Sponsored Products,1180,14,13.87,51.73
2352,20231204,73,Sponsored Display,668,6,10.43,31.66
2353,20240630,370,Sponsored Brands,1313,4,1.81,4.62
2354,20250113,788,Sponsored Brands,797,11,12.16,35.04
2355,20251121,632,Sponsored Brands,640,8,3.23,19.2
2356,20230730,625,Sponsored Products,3265,21,29.19,123.58
2357,20230724,774,Sponsored Products,141,0,0.0,0.0
2358,20260317,792,Sponsored Brands,1450,23,32.41,168.11
2359,20260209,614,DSP,3506,59,74.24,338.23
2360,20230514,51,Sponsored Products,981,10,12.95,75.38
2361,20250209,648,Sponsored Brands,2639,34,14.23,55.86
2362,20251019,168,DSP,2288,12,19.01,103.23
2363,20230625,572,Sponsored Products,783,12,17.99,54.33
2364,20240119,652,DSP,1956,23,23.08,142.56
2365,20251127,373,Sponsored Products,2750,52,67.08,340.3
2366,20230305,66,Sponsored Brands,2382,24,35.54,229.97
2367,20250506,393,Sponsored Products,490,9,6.27,16.4
2368,20241024,477,Sponsored Products,2733,31,36.73,221.07
2369,20250417,66,Sponsored Brands,816,7,10.95,55.66
2370,20230516,556,DSP,1033,19,33.41,169.24
2371,20260214,799,Sponsored Products,379,2,1.08,4.21
2372,20260413,301,Sponsored Products,1625,21,29.26,74.53
2373,20250825,344,Sponsored Products,688,7,10.47,27.18
2374,20230107,107,Sponsored Products,2033,31,50.78,272.87
2375,20260111,504,Sponsored Products,2708,30,23.86,154.75
2376,20230414,141,Sponsored Products,518,2,3.16,11.77
2377,20250529,764,DSP,364,5,4.5,11.52
2378,20231005,653,Sponsored Display,1361,9,7.33,24.92
2379,20250307,180,Sponsored Display,2044,23,38.25,63.42
2380,20240224,481,Sponsored Products,2631,26,36.86,170.92
2381,20251204,617,Sponsored Display,2451,23,12.28,32.99
2382,20240508,204,Sponsored Display,832,12,17.95,75.42
2383,20241229,729,Sponsored Brands,2993,21,14.81,78.9
2384,20251019,552,Sponsored Display,1279,9,15.98,46.28
2385,20250911,182,Sponsored Display,5185,103,144.71,379.43
2386,20241228,370,Sponsored Products,1536,18,15.05,47.0
2387,20250129,756,Sponsored Brands,1922,12,11.33,67.71
2388,20240830,289,Sponsored Brands,303,1,1.25,7.52
2389,20230207,16,DSP,747,3,2.33,10.46
2390,20250829,800,Sponsored Products,871,9,13.59,49.21
2391,20241006,441,Sponsored Brands,1172,3,5.21,15.01
2392,20250830,200,Sponsored Brands,3016,25,41.8,162.16
2393,20240316,561,Sponsored Products,5863,99,53.91,237.73
2394,20231225,296,Sponsored Products,1770,27,30.77,189.91
2395,20241026,165,Sponsored Products,1922,15,23.03,65.59
2396,20260330,169,Sponsored Products,375,4,2.26,3.69
2397,20250228,49,Sponsored Products,2936,53,84.03,158.81
2398,20230617,438,Sponsored Brands,3602,70,31.27,96.9
2399,20240606,253,DSP,3888,34,23.06,90.32
2400,20250205,137,Sponsored Products,1095,19,27.88,74.59
2401,20250106,164,Sponsored Display,1735,10,4.42,15.75
2402,20250930,228,Sponsored Products,2693,42,50.57,245.63
2403,20230730,660,Sponsored Brands,2687,46,27.71,101.39
2404,20250502,611,Sponsored Display,794,9,14.41,56.31
2405,20241022,145,Sponsored Brands,3295,21,26.99,119.7
2406,20251101,440,Sponsored Brands,1481,5,6.02,15.66
2407,20260514,343,Sponsored Products,2344,23,24.77,50.28
2408,20240220,227,Sponsored Brands,1783,21,17.43,42.94
2409,20230408,402,Sponsored Products,488,8,11.87,36.07
2410,20260206,306,Sponsored Products,1148,12,18.45,38.81
2411,20230623,26,Sponsored Display,7011,137,91.25,276.81
2412,20250618,128,Sponsored Products,2059,7,8.73,33.63
2413,20240430,10,Sponsored Products,5825,51,41.22,87.05
2414,20250104,788,Sponsored Products,2198,8,9.31,26.57
2415,20260331,164,Sponsored Products,1457,6,8.9,36.42
2416,20240608,489,Sponsored Products,1480,27,25.14,46.3
2417,20260520,418,Sponsored Products,1667,21,35.11,75.38
2418,20240601,102,DSP,897,8,7.88,21.19
2419,20260114,293,Sponsored Products,2142,24,17.7,96.51
2420,20250103,241,Sponsored Brands,2319,26,31.44,76.41
2421,20250524,413,Sponsored Products,1244,8,7.61,34.67
2422,20231006,54,Sponsored Products,1193,22,33.22,130.68
2423,20241009,600,Sponsored Products,1970,32,55.38,197.49
2424,20240512,60,Sponsored Products,3842,73,97.44,217.77
2425,20260425,545,Sponsored Display,1266,10,7.58,45.02
2426,20230614,500,Sponsored Brands,1756,12,10.25,46.5
2427,20230806,365,Sponsored Products,3742,38,25.95,56.88
2428,20250224,471,Sponsored Products,418,1,1.32,7.83
2429,20240220,12,Sponsored Products,524,5,7.84,22.79
2430,20240509,778,Sponsored Brands,468,6,6.02,27.67
2431,20230929,290,Sponsored Brands,595,2,0.97,2.97
2432,20230511,720,Sponsored Brands,714,13,6.39,18.96
2433,20250403,691,Sponsored Brands,1196,5,8.39,21.28
2434,20230509,579,Sponsored Products,1485,27,15.43,95.62
2435,20251025,258,Sponsored Brands,693,6,6.71,27.32
2436,20260528,551,Sponsored Products,2955,47,70.11,342.39
2437,20260324,142,Sponsored Products,2024,6,2.78,9.46
2438,20250914,370,Sponsored Brands,2772,18,23.83,134.73
2439,20260510,525,Sponsored Products,2083,26,43.86,164.41
2440,20260627,167,Sponsored Brands,1712,19,32.57,72.64
2441,20250308,654,Sponsored Products,5313,91,143.66,589.07
2442,20240407,785,DSP,3336,63,41.13,156.51
2443,20241107,610,Sponsored Display,266,2,1.67,10.09
2444,20260510,505,Sponsored Display,663,6,9.35,30.34
2445,20250712,319,Sponsored Brands,3184,29,35.95,168.22
2446,20250801,24,Sponsored Products,1902,30,27.26,56.82
2447,20250916,646,Sponsored Products,2594,44,38.31,194.74
2448,20231113,49,Sponsored Products,1856,13,12.5,46.89
2449,20250501,378,DSP,807,13,22.24,49.68
2450,20230607,628,Sponsored Brands,1061,18,25.57,130.34
2451,20230903,657,Sponsored Products,720,8,11.32,68.53
2452,20250419,613,DSP,1396,23,15.18,90.25
2453,20230206,306,Sponsored Products,3265,32,52.57,96.28
2454,20241023,348,Sponsored Brands,740,10,6.48,32.53
2455,20241103,87,Sponsored Display,1186,12,13.51,41.07
2456,20231031,222,Sponsored Brands,2783,53,70.45,439.44
2457,20230809,469,Sponsored Products,1248,4,2.0,8.54
2458,20260122,271,DSP,2859,51,45.01,194.57
2459,20230811,344,Sponsored Display,1081,12,12.17,54.32
2460,20250308,81,DSP,312,2,3.27,13.81
2461,20230925,442,DSP,520,5,4.49,23.2
2462,20240808,597,Sponsored Display,4647,44,40.9,258.58
2463,20250126,480,Sponsored Brands,1187,10,4.63,11.76
2464,20260504,730,Sponsored Products,879,5,4.84,30.72
2465,20230116,793,Sponsored Display,2495,43,70.49,316.8
2466,20230326,497,Sponsored Display,714,10,9.35,53.92
2467,20230709,173,Sponsored Brands,1566,8,7.74,20.88
2468,20250614,549,Sponsored Display,2097,36,21.75,132.63
2469,20240521,476,Sponsored Products,1149,5,7.55,13.2
2470,20260105,199,Sponsored Products,2162,7,7.68,42.69
2471,20240415,7,Sponsored Products,1031,3,5.25,14.28
2472,20241013,262,Sponsored Products,397,7,4.41,9.94
2473,20250311,73,Sponsored Products,2553,41,52.78,322.33
2474,20250920,552,Sponsored Brands,1414,26,23.52,101.58
2475,20260319,476,Sponsored Products,650,2,3.06,13.65
2476,20250503,129,Sponsored Products,2141,34,45.96,231.21
2477,20240908,66,Sponsored Brands,830,8,13.79,76.31
2478,20260424,47,Sponsored Products,374,1,0.54,2.33
2479,20260602,409,Sponsored Brands,1269,8,12.07,70.86
2480,20260404,453,Sponsored Display,2224,38,44.18,72.93
2481,20240314,46,Sponsored Display,716,2,2.45,9.31
2482,20230314,81,Sponsored Products,1436,10,14.67,50.86
2483,20240828,782,Sponsored Products,1925,29,51.91,194.73
2484,20260307,288,Sponsored Brands,1542,16,18.88,39.82
2485,20260529,320,Sponsored Display,587,10,5.1,15.96
2486,20240507,712,DSP,2314,40,62.67,252.28
2487,20250930,350,Sponsored Products,1124,8,3.89,13.65
2488,20250423,670,Sponsored Products,1972,28,41.68,109.09
2489,20250821,295,Sponsored Brands,878,3,4.72,7.74
2490,20250327,754,Sponsored Display,1090,21,19.75,66.77
2491,20240514,316,Sponsored Products,488,5,5.56,30.69
2492,20241128,511,Sponsored Display,3321,35,45.21,282.99
2493,20240610,490,Sponsored Products,488,2,2.84,13.22
2494,20230716,139,Sponsored Products,666,9,7.21,45.14
2495,20240605,564,Sponsored Products,2096,28,12.45,69.86
2496,20250518,308,Sponsored Brands,1013,10,12.8,47.65
2497,20230411,506,Sponsored Display,93,1,0.71,3.02
2498,20230608,511,Sponsored Brands,1411,17,9.54,49.55
2499,20241022,279,Sponsored Products,408,1,1.33,2.89
2500,20241231,106,Sponsored Products,1650,16,21.92,132.15
2501,20250319,311,Sponsored Products,1764,6,9.04,15.98
2502,20241012,69,Sponsored Products,1355,10,17.65,112.88
2503,20250310,741,Sponsored Products,577,5,3.17,20.24
2504,20250524,342,DSP,371,3,3.92,12.41
2505,20241011,143,Sponsored Products,273,1,0.5,0.94
2506,20250421,123,Sponsored Brands,1335,9,12.47,46.22
2507,20240812,165,Sponsored Display,2341,15,15.39,94.96
2508,20251217,47,Sponsored Brands,912,16,15.85,99.33
2509,20241225,664,DSP,870,14,13.77,46.26
2510,20250925,556,Sponsored Products,652,3,2.68,12.18
2511,20250719,280,Sponsored Brands,560,10,7.58,49.22
2512,20241203,92,Sponsored Products,2412,26,25.06,141.06
2513,20230208,131,Sponsored Products,1130,15,18.4,87.44
2514,20240516,719,Sponsored Brands,1438,5,4.64,23.02
2515,20240822,297,Sponsored Products,551,4,7.03,34.14
2516,20250730,434,Sponsored Products,657,10,6.57,28.8
2517,20230722,686,Sponsored Display,2671,34,40.47,156.46
2518,20240621,73,Sponsored Products,750,11,4.81,25.36
2519,20230115,581,Sponsored Products,1080,11,7.45,29.61
2520,20260329,275,Sponsored Display,1753,10,13.99,83.7
2521,20250529,798,Sponsored Products,283,0,0.0,0.0
2522,20250912,49,Sponsored Display,3187,47,67.48,315.47
2523,20240418,395,Sponsored Display,942,6,9.73,61.15
2524,20260116,140,Sponsored Brands,1091,3,2.69,7.45
2525,20240511,246,Sponsored Display,824,7,8.96,24.95
2526,20241112,707,DSP,3648,57,50.67,252.89
2527,20250106,753,Sponsored Products,1847,17,7.17,28.49
2528,20251006,650,Sponsored Display,963,11,10.32,19.54
2529,20250715,612,Sponsored Products,1189,4,5.72,36.56
2530,20240306,621,Sponsored Products,1614,18,26.37,56.15
2531,20240627,62,Sponsored Products,2767,39,66.23,365.78
2532,20240326,62,Sponsored Brands,151,2,0.84,2.05
2533,20230811,503,DSP,2176,24,14.11,69.92
2534,20250610,497,Sponsored Brands,2553,27,28.79,184.74
2535,20240122,147,Sponsored Products,1164,16,19.0,51.31
2536,20251010,770,DSP,1450,21,28.98,120.68
2537,20230923,629,Sponsored Products,675,11,16.1,77.82
2538,20230601,169,Sponsored Brands,3162,54,65.42,258.6
2539,20260622,185,Sponsored Products,1113,11,14.06,69.06
2540,20241112,41,Sponsored Products,1910,16,26.05,138.02
2541,20260119,657,DSP,3896,75,35.24,108.51
2542,20240826,290,Sponsored Brands,2682,8,6.32,40.09
2543,20241219,37,Sponsored Products,1401,21,20.39,125.8
2544,20231127,678,Sponsored Products,5063,48,64.53,286.52
2545,20231208,277,Sponsored Products,3427,12,9.16,19.39
2546,20260310,362,Sponsored Products,1661,23,9.48,29.14
2547,20251104,650,Sponsored Products,441,6,10.05,18.29
2548,20241030,543,Sponsored Brands,468,1,1.28,6.57
2549,20230210,689,Sponsored Products,1517,18,21.75,117.0
2550,20250825,683,Sponsored Products,1492,27,19.95,47.01
2551,20251018,21,DSP,2665,23,24.67,112.85
2552,20250312,786,Sponsored Display,1884,30,18.35,98.44
2553,20230531,101,Sponsored Brands,832,8,8.68,55.79
2554,20230425,572,DSP,669,9,12.63,43.9
2555,20260401,613,Sponsored Products,201,1,1.35,7.71
2556,20231014,134,Sponsored Products,1799,33,32.96,161.74
2557,20250908,442,Sponsored Products,1105,5,3.51,17.25
2558,20260425,91,Sponsored Products,1760,19,20.65,53.39
2559,20240412,466,Sponsored Brands,1135,7,7.77,47.27
2560,20230602,117,Sponsored Products,1092,5,3.21,20.81
2561,20241106,222,Sponsored Display,2729,15,23.2,50.27
2562,20241214,587,Sponsored Products,2062,27,14.29,47.39
2563,20240117,182,Sponsored Products,946,18,20.53,64.34
2564,20250210,122,Sponsored Display,2030,27,21.84,76.95
2565,20240909,137,Sponsored Products,1856,36,47.02,248.64
2566,20260226,624,Sponsored Brands,1332,18,31.56,178.13
2567,20240409,58,Sponsored Products,272,5,7.44,38.05
2568,20240623,261,Sponsored Display,878,10,9.58,24.08
2569,20240922,791,Sponsored Brands,454,4,4.52,16.13
2570,20260222,672,Sponsored Products,1771,11,16.58,38.8
2571,20251021,185,Sponsored Products,3507,17,14.97,92.43
2572,20240116,437,Sponsored Products,4584,82,50.28,255.89
2573,20250304,106,Sponsored Products,409,3,5.17,32.96
2574,20230614,159,Sponsored Brands,596,4,4.14,25.0
2575,20240415,684,Sponsored Brands,1199,17,24.75,100.2
2576,20250820,279,DSP,1134,4,6.07,19.59
2577,20260419,476,DSP,855,10,7.56,35.9
2578,20251009,487,Sponsored Brands,533,9,11.59,72.24
2579,20260121,430,Sponsored Products,2241,36,38.52,66.3
2580,20240506,129,Sponsored Products,2176,23,15.2,73.34
2581,20240522,750,Sponsored Products,265,5,2.63,14.07
2582,20260220,727,Sponsored Display,1380,27,40.2,244.92
2583,20250711,723,Sponsored Brands,11081,101,53.85,291.01
2584,20230428,93,Sponsored Products,1325,13,18.55,103.92
2585,20230330,645,Sponsored Products,2975,39,26.38,44.46
2586,20231005,507,Sponsored Display,4544,73,94.62,272.11
2587,20260213,233,Sponsored Brands,1406,7,10.5,25.64
2588,20251210,104,Sponsored Brands,675,11,17.11,91.62
2589,20231222,272,Sponsored Products,3195,35,29.62,86.97
2590,20250623,526,Sponsored Products,891,4,6.2,40.15
2591,20250513,376,Sponsored Products,3620,40,39.66,153.74
2592,20240907,257,DSP,2323,19,27.61,132.77
2593,20260609,237,Sponsored Products,1552,24,14.19,52.89
2594,20260216,591,Sponsored Brands,1294,10,13.29,71.23
2595,20250416,177,Sponsored Products,1580,30,39.66,124.86
2596,20230910,660,Sponsored Display,912,15,9.68,42.33
2597,20250709,336,Sponsored Products,3369,32,30.36,65.53
2598,20231005,203,Sponsored Products,2339,15,13.02,25.3
2599,20250803,706,Sponsored Products,909,16,19.69,126.1
2600,20251223,255,Sponsored Brands,2894,39,62.3,319.37
2601,20240701,745,Sponsored Products,837,8,11.29,24.89
2602,20250410,569,Sponsored Brands,1690,11,5.65,20.33
2603,20230304,666,DSP,1692,19,22.72,90.63
2604,20250406,774,Sponsored Brands,1835,7,7.29,35.07
2605,20240411,714,Sponsored Products,2216,37,63.5,223.14
2606,20241121,194,Sponsored Products,368,1,0.44,0.93
2607,20250806,560,Sponsored Brands,1082,5,6.21,16.65
2608,20240122,469,Sponsored Display,1482,20,34.42,84.97
2609,20250102,564,Sponsored Brands,2636,19,19.7,78.87
2610,20250711,754,Sponsored Products,2690,28,26.15,62.8
2611,20240731,267,DSP,736,4,6.72,32.65
2612,20260527,785,Sponsored Products,2969,24,26.56,55.97
2613,20240915,657,Sponsored Display,3368,46,71.61,251.66
2614,20240823,37,Sponsored Products,1008,16,23.95,125.76
2615,20230816,761,DSP,1253,12,5.71,28.38
2616,20251223,421,Sponsored Products,1866,20,23.85,124.44
2617,20240628,284,Sponsored Products,2123,9,9.79,36.27
2618,20230205,247,Sponsored Brands,1624,5,4.3,12.13
2619,20250506,226,Sponsored Products,239,4,6.02,13.9
2620,20241207,721,Sponsored Products,1085,9,9.33,57.8
2621,20240625,535,Sponsored Display,1795,34,52.43,227.38
2622,20260427,89,Sponsored Display,958,16,12.54,19.89
2623,20240628,43,Sponsored Display,1674,23,40.94,261.06
2624,20240227,316,Sponsored Products,344,2,2.49,8.52
2625,20241215,425,DSP,4073,36,58.9,179.44
2626,20230109,236,Sponsored Products,1223,6,4.8,21.97
2627,20240105,754,Sponsored Products,3548,45,56.1,189.97
2628,20250808,700,Sponsored Display,1615,6,2.68,10.81
2629,20241014,351,Sponsored Products,1237,15,15.89,97.24
2630,20240315,342,Sponsored Products,948,18,25.93,73.52
2631,20250801,208,Sponsored Products,660,5,7.92,13.96
2632,20250130,694,Sponsored Products,901,11,15.91,99.59
2633,20260628,60,Sponsored Display,1070,16,22.93,80.51
2634,20230116,765,DSP,2629,16,25.26,162.73
2635,20250726,609,Sponsored Brands,3299,42,53.39,226.29
2636,20240328,226,Sponsored Products,769,2,2.81,9.09
2637,20230407,195,Sponsored Products,537,8,11.63,35.45
2638,20240403,559,Sponsored Brands,1874,10,15.22,82.47
2639,20240708,237,Sponsored Products,640,2,0.86,3.98
2640,20260511,400,Sponsored Brands,1346,4,5.91,31.37
2641,20260124,793,Sponsored Display,2620,32,40.63,242.27
2642,20240726,519,Sponsored Display,711,4,4.37,21.97
2643,20250724,317,Sponsored Products,2398,37,33.35,134.88
2644,20240122,132,Sponsored Products,713,8,4.51,10.32
2645,20230909,672,DSP,2358,24,29.1,144.46
2646,20250905,561,Sponsored Products,2098,30,44.52,253.52
2647,20240902,538,Sponsored Brands,1081,12,10.89,61.35
2648,20240119,205,Sponsored Display,1136,11,9.09,49.05
2649,20250820,83,Sponsored Products,1009,12,6.0,33.95
2650,20230924,718,Sponsored Products,1761,22,20.59,84.16
2651,20241026,320,Sponsored Products,6278,42,66.22,199.97
2652,20241211,742,Sponsored Products,1911,35,30.49,115.61
2653,20250405,420,Sponsored Brands,1421,4,6.39,16.79
2654,20260623,664,Sponsored Products,449,7,8.87,21.58
2655,20230717,228,Sponsored Products,1706,23,12.41,45.33
2656,20230307,86,Sponsored Display,1147,11,15.11,43.4
2657,20241004,753,Sponsored Brands,407,1,0.66,1.21
2658,20260205,62,Sponsored Products,1109,20,17.52,94.88
2659,20240214,762,Sponsored Products,1319,19,15.12,69.05
2660,20240310,644,Sponsored Display,1194,11,10.49,42.0
2661,20250830,628,Sponsored Products,5536,84,38.93,74.49
2662,20231105,489,Sponsored Display,647,8,13.0,59.35
2663,20230409,494,Sponsored Products,2808,31,20.58,98.67
2664,20231013,115,Sponsored Products,4049,35,34.6,137.87
2665,20231221,680,Sponsored Products,1761,28,29.11,53.76
2666,20250911,725,Sponsored Products,2492,18,14.82,57.96
2667,20250217,602,Sponsored Brands,1254,12,18.74,83.44
2668,20250223,251,Sponsored Brands,1952,38,15.62,29.83
2669,20241217,297,Sponsored Brands,558,6,7.45,33.24
2670,20251006,252,Sponsored Products,1356,9,15.76,28.43
2671,20251217,216,Sponsored Products,2206,41,33.35,115.7
2672,20251119,226,Sponsored Display,999,5,5.28,19.37
2673,20260118,342,Sponsored Brands,1293,10,6.46,15.32
2674,20240817,506,Sponsored Products,1922,16,13.9,89.43
2675,20240627,97,Sponsored Display,1945,14,20.6,103.56
2676,20240320,165,Sponsored Products,156,2,1.54,3.51
2677,20250807,593,Sponsored Brands,2360,31,27.17,148.86
2678,20260516,756,Sponsored Products,4464,80,81.08,524.41
2679,20230202,527,Sponsored Display,2443,47,61.29,170.59
2680,20230809,669,Sponsored Products,1077,16,22.38,64.32
2681,20230422,668,Sponsored Display,463,8,12.98,28.1
2682,20260627,454,DSP,2970,40,47.77,275.28
2683,20241019,479,Sponsored Products,7203,56,47.63,257.42
2684,20230811,719,Sponsored Products,1516,23,12.16,20.42
2685,20230515,20,Sponsored Products,2003,12,20.51,88.19
2686,20230728,86,DSP,1280,9,4.17,21.51
2687,20250916,131,Sponsored Products,578,10,16.68,43.88
2688,20250101,133,Sponsored Brands,1780,5,7.82,48.79
2689,20250815,213,Sponsored Products,3079,47,63.66,409.5
2690,20230617,435,Sponsored Products,3439,36,56.27,187.17
2691,20230917,523,Sponsored Brands,660,6,10.15,44.29
2692,20260401,432,Sponsored Products,2606,45,49.65,310.81
2693,20230214,328,Sponsored Products,837,8,6.57,39.38
2694,20231108,580,Sponsored Products,1287,18,25.5,56.55
2695,20250531,748,Sponsored Brands,1680,32,48.62,165.74
2696,20240102,538,Sponsored Brands,882,3,3.03,6.03
2697,20230819,613,Sponsored Display,3483,68,74.94,279.35
2698,20260226,16,Sponsored Brands,338,3,1.38,2.55
2699,20230817,262,Sponsored Products,1736,5,2.87,18.43
2700,20241126,604,Sponsored Brands,418,3,1.6,7.69
2701,20251229,252,Sponsored Products,821,14,25.15,124.2
2702,20231230,228,Sponsored Brands,577,11,11.15,72.32
2703,20240829,348,Sponsored Products,1879,31,21.25,92.41
2704,20250718,685,Sponsored Products,2925,38,25.26,151.14
2705,20230906,444,Sponsored Products,2092,8,8.61,25.15
2706,20240930,733,Sponsored Products,1623,19,14.93,47.73
2707,20240331,368,Sponsored Products,3269,31,33.59,155.9
2708,20240727,525,Sponsored Brands,2960,30,26.72,125.34
2709,20260507,5,Sponsored Brands,1982,38,44.46,84.87
2710,20240903,232,Sponsored Brands,738,6,3.16,6.18
2711,20230318,660,Sponsored Products,3378,31,27.67,150.73
2712,20231229,548,Sponsored Brands,1689,16,10.05,28.46
2713,20241015,463,Sponsored Brands,605,6,5.3,15.62
2714,20231020,795,Sponsored Brands,1333,16,9.19,31.66
2715,20250720,599,Sponsored Products,132,1,0.8,3.24
2716,20230914,96,Sponsored Display,1993,31,18.04,94.84
2717,20251002,712,Sponsored Products,2450,33,17.73,108.82
2718,20260329,131,DSP,1774,14,9.16,52.82
2719,20230129,52,Sponsored Brands,441,2,3.0,7.81
2720,20240614,632,DSP,1452,17,30.39,118.2
2721,20230809,699,Sponsored Products,1701,10,7.31,46.06
2722,20240411,654,Sponsored Brands,2966,11,12.32,32.74
2723,20241027,494,Sponsored Products,491,6,6.22,17.09
2724,20240213,758,Sponsored Products,1902,7,6.29,11.97
2725,20231021,470,Sponsored Products,1357,11,6.91,33.55
2726,20250831,184,Sponsored Products,980,3,3.9,15.03
2727,20251104,54,Sponsored Brands,1430,12,15.54,26.93
2728,20231209,404,Sponsored Brands,966,16,10.96,54.98
2729,20251122,119,Sponsored Display,2311,11,19.23,33.18
2730,20240722,562,DSP,516,3,4.3,19.91
2731,20260521,5,Sponsored Products,846,12,8.42,13.79
2732,20230731,450,Sponsored Display,1626,30,43.69,139.14
2733,20240202,698,Sponsored Display,794,8,7.05,19.12
2734,20240124,197,Sponsored Brands,454,7,12.33,21.38
2735,20241001,702,Sponsored Products,2729,43,39.07,158.57
2736,20250718,735,Sponsored Products,224,1,1.72,4.81
2737,20250908,691,Sponsored Display,861,13,13.13,78.74
2738,20230616,785,Sponsored Products,3563,34,14.74,72.63
2739,20250504,440,Sponsored Display,449,6,4.56,25.43
2740,20230730,43,Sponsored Display,698,11,10.69,31.65
2741,20250530,241,Sponsored Brands,363,6,3.15,17.41
2742,20250215,80,Sponsored Products,1897,17,30.07,143.19
2743,20260421,741,Sponsored Products,1327,25,30.76,46.78
2744,20230427,38,Sponsored Products,1661,29,28.61,147.54
2745,20260311,9,DSP,1804,17,25.95,66.28
2746,20260425,229,Sponsored Products,1029,5,6.0,16.03
2747,20250730,730,Sponsored Products,856,16,22.01,93.62
2748,20250918,535,DSP,1584,23,16.82,106.05
2749,20250101,365,Sponsored Products,6844,131,218.13,951.01
2750,20260324,647,Sponsored Brands,2797,17,23.08,71.7
2751,20250606,43,Sponsored Products,1872,5,7.59,16.67
2752,20250715,9,Sponsored Display,913,10,5.35,17.03
2753,20250312,716,Sponsored Products,1759,12,12.39,21.02
2754,20241208,107,Sponsored Products,1000,8,6.81,29.17
2755,20230718,13,Sponsored Display,3096,50,20.55,110.05
2756,20240129,36,Sponsored Products,3220,14,10.66,41.35
2757,20230213,653,Sponsored Display,756,3,2.82,16.75
2758,20250917,300,Sponsored Brands,873,5,7.24,36.91
2759,20240514,581,Sponsored Display,2678,40,27.88,156.84
2760,20250315,612,Sponsored Brands,1663,17,7.97,14.82
2761,20241105,158,Sponsored Products,1458,5,6.75,17.89
2762,20230410,578,Sponsored Products,1298,21,22.82,102.0
2763,20230612,78,Sponsored Display,4704,58,37.37,213.32
2764,20230506,89,Sponsored Brands,677,11,14.46,35.29
2765,20240921,563,Sponsored Display,431,3,3.25,7.64
2766,20250503,236,Sponsored Display,4882,67,104.84,233.51
2767,20240113,220,Sponsored Products,2549,43,60.46,299.1
2768,20260304,236,Sponsored Products,1110,11,14.99,85.09
2769,20240308,316,Sponsored Brands,1353,16,26.47,66.51
2770,20230503,233,Sponsored Brands,2381,40,48.12,132.87
2771,20230703,272,Sponsored Display,1226,9,12.57,50.46
2772,20231029,713,Sponsored Display,2581,37,27.01,163.86
2773,20230402,302,Sponsored Brands,746,7,5.26,27.54
2774,20250502,83,Sponsored Brands,1708,12,4.83,17.37
2775,20240723,523,Sponsored Products,573,6,6.9,21.76
2776,20260301,619,Sponsored Products,1118,11,6.97,16.42
2777,20251012,616,Sponsored Products,4708,76,68.94,304.79
2778,20250828,446,Sponsored Display,662,2,1.43,8.31
2779,20260511,196,DSP,2357,15,18.55,112.69
2780,20260320,444,DSP,2398,32,31.16,157.36
2781,20240131,423,DSP,1830,27,43.38,114.26
2782,20240120,419,Sponsored Display,382,6,3.27,20.55
2783,20260220,582,Sponsored Products,1206,15,10.05,22.69
2784,20241205,295,Sponsored Products,441,3,1.72,8.59
2785,20230623,744,Sponsored Display,1157,17,13.23,67.2
2786,20231003,518,Sponsored Products,979,7,8.51,15.5
2787,20250603,511,Sponsored Products,2565,8,13.54,28.77
2788,20241003,27,Sponsored Brands,2768,30,50.25,313.59
2789,20250930,587,Sponsored Products,1075,12,18.19,36.96
2790,20250917,429,Sponsored Products,590,8,12.23,40.55
2791,20230123,453,Sponsored Products,336,4,1.93,11.83
2792,20260416,247,Sponsored Display,3546,11,7.02,13.57
2793,20251211,220,Sponsored Display,1086,15,24.0,127.65
2794,20240925,239,Sponsored Display,3820,70,85.36,316.87
2795,20230814,352,Sponsored Products,784,6,3.42,17.61
2796,20231005,284,Sponsored Products,2199,11,9.65,21.61
2797,20230627,31,DSP,768,4,5.26,12.05
2798,20260102,275,Sponsored Brands,2505,24,20.5,125.98
2799,20240526,420,Sponsored Products,163,2,1.75,6.62
2800,20230224,648,Sponsored Products,765,12,9.0,40.38
2801,20260208,39,Sponsored Products,1025,16,23.2,146.33
2802,20241112,312,Sponsored Brands,1473,25,19.51,77.02
2803,20240417,26,Sponsored Brands,145,1,1.26,2.49
2804,20240726,207,Sponsored Products,1920,27,33.27,50.17
2805,20230621,315,Sponsored Display,1869,29,34.63,203.29
2806,20250522,77,Sponsored Display,3698,12,4.92,18.62
2807,20250423,490,Sponsored Products,325,4,3.24,19.68
2808,20241104,290,Sponsored Display,1799,26,13.58,76.71
2809,20241226,484,Sponsored Products,1297,17,18.31,84.33
2810,20260125,175,Sponsored Display,1179,16,6.66,24.68
2811,20250928,512,Sponsored Products,2151,10,4.96,30.67
2812,20241118,559,Sponsored Brands,1497,26,42.44,117.54
2813,20230512,229,Sponsored Products,1756,12,11.68,75.22
2814,20240105,718,Sponsored Products,2978,35,52.73,80.89
2815,20260202,258,Sponsored Brands,710,10,16.91,36.37
2816,20251231,288,Sponsored Products,302,1,1.42,8.59
2817,20260319,312,Sponsored Products,5280,59,105.31,472.34
2818,20240213,725,Sponsored Products,1854,25,27.24,42.57
2819,20240706,163,Sponsored Brands,2947,52,42.94,222.58
2820,20230113,33,Sponsored Products,1837,5,3.32,8.95
2821,20260124,10,Sponsored Display,1725,31,34.32,96.32
2822,20230630,390,Sponsored Brands,1851,16,18.8,112.8
2823,20230815,146,Sponsored Products,647,3,2.74,10.25
2824,20240614,394,Sponsored Display,1517,6,9.57,33.14
2825,20241020,324,Sponsored Display,2935,13,6.04,13.41
2826,20241106,388,DSP,1210,12,5.36,29.28
2827,20250704,737,DSP,1323,13,21.05,69.08
2828,20240921,531,DSP,793,12,19.27,85.45
2829,20241227,388,Sponsored Brands,2487,43,65.73,123.54
2830,20250917,399,Sponsored Products,1948,36,19.22,87.38
2831,20250517,431,Sponsored Products,1340,18,27.15,104.89
2832,20240529,175,Sponsored Products,490,8,7.29,13.57
2833,20240930,320,DSP,2298,26,21.21,42.07
2834,20240203,391,DSP,1616,10,14.66,22.86
2835,20240126,556,Sponsored Products,1200,20,14.08,62.64
2836,20260510,785,Sponsored Display,1432,27,46.13,73.6
2837,20250206,574,Sponsored Display,1641,23,10.01,51.12
2838,20250619,484,Sponsored Products,1154,14,8.4,18.75
2839,20241216,320,Sponsored Brands,4327,60,93.09,495.06
2840,20250709,638,Sponsored Display,262,2,2.91,11.48
2841,20260206,295,Sponsored Display,1840,12,16.73,41.02
2842,20230131,761,DSP,1243,7,10.73,51.15
2843,20230503,410,DSP,3206,53,22.73,138.7
2844,20231216,345,Sponsored Products,674,7,11.02,38.99
2845,20230829,325,Sponsored Display,1551,6,6.35,24.73
2846,20250810,778,Sponsored Products,1425,28,34.45,85.07
2847,20260415,379,Sponsored Display,374,7,12.17,68.77
2848,20260525,799,Sponsored Brands,2938,40,68.9,373.36
2849,20250309,686,Sponsored Brands,436,7,10.56,58.82
2850,20250117,102,Sponsored Products,831,5,4.43,12.33
2851,20250223,416,Sponsored Display,2150,17,6.82,21.05
2852,20240503,376,Sponsored Products,2005,10,8.02,14.4
2853,20250328,76,Sponsored Products,933,15,26.87,96.92
2854,20231220,207,DSP,8500,159,64.56,323.05
2855,20231116,457,DSP,705,11,18.14,92.19
2856,20230911,283,DSP,120,0,0.0,0.0
2857,20250312,717,Sponsored Brands,2240,28,21.89,52.8
2858,20250531,394,Sponsored Brands,4626,70,77.64,378.74
2859,20251128,506,Sponsored Brands,7334,56,72.34,222.23
2860,20240831,557,Sponsored Brands,420,4,2.31,10.3
2861,20240403,47,Sponsored Products,3616,46,52.26,118.29
2862,20260612,610,Sponsored Products,597,6,8.88,39.96
2863,20230627,784,Sponsored Brands,478,5,5.33,29.84
2864,20251014,186,Sponsored Products,823,15,26.29,67.24
2865,20250304,723,Sponsored Products,4046,36,41.37,255.01
2866,20241209,430,Sponsored Brands,1049,4,4.64,18.43
2867,20240807,308,Sponsored Products,2566,11,19.78,35.76
2868,20231123,547,Sponsored Brands,2280,20,14.65,28.81
2869,20241216,181,Sponsored Products,4039,27,35.22,177.42
2870,20251203,416,Sponsored Display,2378,22,11.23,48.05
2871,20260613,355,Sponsored Products,3397,12,21.29,65.52
2872,20231027,137,Sponsored Products,903,3,3.83,22.36
2873,20240124,533,Sponsored Display,1730,24,11.36,57.0
2874,20240213,401,Sponsored Products,1051,6,8.38,30.38
2875,20250826,141,Sponsored Products,2078,15,17.71,78.12
2876,20250501,607,Sponsored Products,941,3,4.45,8.04
2877,20241113,443,Sponsored Brands,1707,17,29.76,152.55
2878,20240704,39,Sponsored Products,260,1,1.07,4.69
2879,20230911,194,Sponsored Products,425,5,2.91,9.6
2880,20240923,256,Sponsored Products,1161,10,14.44,33.32
2881,20230817,529,Sponsored Display,527,5,8.69,29.89
2882,20250626,521,Sponsored Brands,2267,26,13.03,41.89
2883,20250405,164,Sponsored Brands,2015,33,39.17,219.52
2884,20231216,94,Sponsored Display,3690,64,58.19,359.95
2885,20230827,309,Sponsored Display,1547,17,13.71,55.0
2886,20230814,489,Sponsored Display,458,4,1.9,7.39
2887,20230918,386,Sponsored Products,2807,24,41.67,241.65
2888,20260215,788,Sponsored Brands,910,12,21.56,94.77
2889,20250318,780,Sponsored Brands,1347,24,17.52,70.78
2890,20250213,315,Sponsored Brands,3022,25,30.68,159.0
2891,20240628,192,Sponsored Products,2101,36,47.58,286.15
2892,20260529,386,Sponsored Products,2972,19,18.88,31.26
2893,20230401,384,Sponsored Products,492,9,13.71,81.04
2894,20231115,511,Sponsored Brands,1266,9,13.96,83.03
2895,20231212,36,Sponsored Products,847,11,4.87,9.21
2896,20250610,639,DSP,792,4,5.15,21.46
2897,20241220,790,Sponsored Products,6260,63,93.48,422.24
2898,20250517,166,Sponsored Brands,2510,20,23.62,117.13
2899,20250114,702,Sponsored Products,888,8,5.91,28.26
2900,20260329,2,DSP,1077,3,4.24,11.77
2901,20250531,381,Sponsored Brands,987,11,7.18,31.98
2902,20260115,529,Sponsored Brands,3025,21,16.61,103.5
2903,20241117,100,Sponsored Products,2202,8,6.25,35.06
2904,20240514,132,Sponsored Brands,888,15,15.67,48.96
2905,20230829,445,Sponsored Products,963,19,29.86,92.6
2906,20231101,564,Sponsored Brands,1979,17,9.81,30.86
2907,20230513,446,Sponsored Brands,2433,11,16.61,59.09
2908,20250501,328,Sponsored Products,1287,9,12.69,49.12
2909,20250816,568,DSP,1899,8,11.27,69.6
2910,20260620,743,Sponsored Brands,590,4,3.38,8.66
2911,20241205,744,Sponsored Brands,2502,31,21.56,136.45
2912,20260420,655,Sponsored Display,1229,16,8.95,39.51
2913,20260124,63,Sponsored Brands,1574,30,45.48,172.55
2914,20240424,737,DSP,2093,38,52.95,300.27
2915,20250728,34,Sponsored Display,580,6,4.12,10.19
2916,20230410,656,DSP,1116,13,16.41,46.81
2917,20250507,76,Sponsored Products,1594,28,32.47,53.02
2918,20250606,60,Sponsored Products,744,9,10.19,19.84
2919,20260111,717,Sponsored Display,1817,33,57.38,167.25
2920,20241019,204,DSP,1748,11,18.59,81.99
2921,20250122,233,Sponsored Display,596,3,1.7,10.37
2922,20250622,353,Sponsored Products,1227,16,12.65,43.97
2923,20260310,620,Sponsored Products,1883,17,25.92,95.42
2924,20251004,52,Sponsored Products,3197,40,38.66,170.8
2925,20230414,524,DSP,1427,26,39.93,90.31
2926,20260331,77,Sponsored Products,1585,24,21.08,96.79
2927,20240903,748,Sponsored Brands,3316,41,22.66,115.78
2928,20240731,183,Sponsored Products,672,7,4.0,9.1
2929,20240608,311,Sponsored Products,390,6,3.94,24.91
2930,20230408,668,Sponsored Products,1074,18,21.51,69.42
2931,20251211,548,Sponsored Products,615,2,3.34,21.53
2932,20230505,724,Sponsored Products,3417,13,17.68,42.36
2933,20230420,779,Sponsored Display,1099,5,2.73,17.59
2934,20260610,726,Sponsored Brands,1798,34,59.31,311.0
2935,20241117,192,DSP,3629,30,19.81,40.03
2936,20240722,321,Sponsored Products,1108,21,8.8,24.24
2937,20260401,134,Sponsored Brands,1690,20,17.94,74.38
2938,20240907,213,Sponsored Products,113,2,1.23,1.89
2939,20251012,793,Sponsored Products,384,2,2.91,6.94
2940,20230106,266,Sponsored Brands,551,9,16.1,70.25
2941,20230929,57,Sponsored Brands,381,3,2.12,5.88
2942,20240630,44,Sponsored Products,435,8,10.78,16.52
2943,20250311,66,Sponsored Products,873,4,3.12,9.78
2944,20260104,710,Sponsored Products,740,9,15.76,96.2
2945,20241005,246,DSP,4418,49,83.08,417.62
2946,20260218,267,Sponsored Brands,1973,10,7.76,25.54
2947,20231203,296,Sponsored Products,1727,12,20.51,86.97
2948,20240831,135,Sponsored Brands,1837,29,30.61,56.03
2949,20250305,555,Sponsored Products,2480,43,30.48,136.13
2950,20250106,418,Sponsored Brands,572,8,5.08,31.29
2951,20251109,605,Sponsored Products,1534,12,8.84,25.91
2952,20240606,457,DSP,2052,40,37.3,125.84
2953,20230127,135,Sponsored Brands,813,4,3.85,11.83
2954,20250708,673,Sponsored Products,1604,22,9.79,21.24
2955,20241022,571,Sponsored Products,498,5,6.73,30.66
2956,20250304,386,Sponsored Display,714,6,3.51,20.81
2957,20241203,201,Sponsored Brands,368,6,10.32,42.38
2958,20260121,14,Sponsored Products,3526,49,55.12,316.52
2959,20251025,752,Sponsored Products,1749,23,31.34,92.58
2960,20240405,620,Sponsored Display,1428,8,9.28,48.44
2961,20230724,155,Sponsored Products,3140,48,26.56,146.31
2962,20240607,443,DSP,814,4,2.76,11.13
2963,20250801,680,Sponsored Products,1445,13,8.91,19.82
2964,20241218,234,Sponsored Brands,3209,24,42.1,170.27
2965,20230615,348,Sponsored Products,3575,17,15.98,100.54
2966,20260322,340,Sponsored Products,485,9,8.48,17.01
2967,20260501,428,Sponsored Products,939,9,15.19,50.72
2968,20231004,624,Sponsored Products,566,8,11.65,56.65
2969,20250408,462,Sponsored Products,2679,8,9.14,56.63
2970,20250915,685,Sponsored Products,1311,20,21.17,49.81
2971,20240830,79,Sponsored Display,998,15,11.02,52.73
2972,20230204,21,Sponsored Display,835,9,13.89,81.55
2973,20240607,71,Sponsored Products,515,1,0.5,1.05
2974,20251112,727,Sponsored Products,1403,9,10.13,53.55
2975,20231010,410,Sponsored Products,1918,19,19.52,72.19
2976,20230523,377,Sponsored Products,1376,27,13.04,81.76
2977,20230313,522,Sponsored Display,1371,7,9.02,37.61
2978,20251105,800,Sponsored Brands,911,8,5.62,35.53
2979,20230926,482,Sponsored Display,2253,17,16.75,30.28
2980,20250410,183,Sponsored Products,813,15,23.5,54.39
2981,20250225,631,DSP,164,2,1.59,5.4
2982,20231012,608,Sponsored Products,1956,7,10.65,31.46
2983,20231111,484,Sponsored Display,4841,51,33.39,98.38
2984,20230713,213,Sponsored Brands,1469,21,10.13,16.89
2985,20251108,552,Sponsored Brands,480,6,5.36,22.76
2986,20260314,252,Sponsored Products,2191,9,8.11,25.22
2987,20231030,769,Sponsored Display,569,5,7.44,44.2
2988,20241013,69,Sponsored Products,1943,36,61.65,338.65
2989,20240310,422,Sponsored Products,1103,4,5.83,28.1
2990,20230712,291,Sponsored Products,5457,67,43.69,77.75
2991,20260205,746,Sponsored Products,379,2,2.15,11.25
2992,20230722,292,Sponsored Products,3348,45,48.1,253.57
2993,20240901,183,Sponsored Brands,1069,19,26.81,122.6
2994,20251219,281,Sponsored Products,1812,8,13.05,50.14
2995,20241027,279,Sponsored Display,907,11,8.56,48.54
2996,20240508,490,Sponsored Products,1047,4,6.91,19.64
2997,20251111,587,Sponsored Products,5097,24,40.87,237.12
2998,20240129,634,Sponsored Products,1845,15,18.37,31.32
2999,20241007,605,Sponsored Display,759,14,21.45,49.86
3000,20230517,719,Sponsored Products,266,3,1.51,6.71
3001,20240420,26,Sponsored Display,671,3,4.04,16.05
3002,20240107,131,Sponsored Products,1520,26,38.92,237.44
3003,20230616,762,Sponsored Brands,1974,23,38.41,95.62
3004,20230625,131,Sponsored Products,9185,131,216.67,413.34
3005,20230609,741,Sponsored Brands,1538,24,21.49,123.82
3006,20250410,239,Sponsored Brands,333,1,1.43,4.3
3007,20250518,174,Sponsored Brands,1039,10,8.63,45.2
3008,20260601,191,Sponsored Products,4909,67,50.32,295.5
3009,20230201,72,Sponsored Products,762,3,2.7,4.71
3010,20240723,800,DSP,423,4,2.09,5.85
3011,20250122,142,Sponsored Brands,1344,23,10.01,34.06
3012,20241214,686,Sponsored Products,830,9,7.31,35.69
3013,20250904,560,Sponsored Products,1481,21,19.95,90.8
3014,20240617,562,Sponsored Products,2950,17,22.99,37.07
3015,20250302,53,Sponsored Display,1418,26,36.84,214.44
3016,20250128,334,Sponsored Products,992,18,10.14,24.44
3017,20240331,590,DSP,343,5,5.01,23.11
3018,20250328,226,Sponsored Display,3797,52,24.68,102.22
3019,20250609,321,Sponsored Products,787,3,1.91,7.37
3020,20230709,344,Sponsored Display,1534,16,8.61,54.27
3021,20251024,516,Sponsored Brands,1872,15,25.75,123.15
3022,20231122,112,Sponsored Brands,3699,17,24.17,100.44
3023,20260214,555,Sponsored Products,2158,36,52.62,161.15
3024,20260416,392,Sponsored Products,788,9,4.23,26.48
3025,20250313,507,Sponsored Display,1020,14,11.26,50.99
3026,20260406,685,Sponsored Brands,2255,10,4.05,25.73
3027,20251120,721,Sponsored Products,1213,8,13.44,37.46
3028,20240917,416,Sponsored Products,468,8,3.53,16.88
3029,20251011,271,Sponsored Display,2427,32,28.79,114.4
3030,20230826,235,Sponsored Products,2072,16,9.28,13.93
3031,20241013,323,Sponsored Display,5049,84,46.55,161.76
3032,20260204,711,Sponsored Products,2241,43,22.4,48.74
3033,20251018,29,Sponsored Brands,1131,20,21.24,126.75
3034,20230717,140,Sponsored Products,701,9,11.43,59.1
3035,20230608,484,Sponsored Products,1641,29,15.59,25.87
3036,20241221,248,Sponsored Brands,3325,15,9.0,53.25
3037,20231030,327,Sponsored Products,737,4,3.78,24.41
3038,20250528,539,Sponsored Products,339,1,1.36,6.78
3039,20231111,456,DSP,1954,14,21.84,52.65
3040,20250807,183,DSP,1694,13,19.44,125.29
3041,20260116,256,Sponsored Products,1572,18,32.27,88.34
3042,20240506,35,Sponsored Display,228,4,2.99,16.04
3043,20231231,140,DSP,5748,54,32.38,191.05
3044,20251207,632,DSP,322,5,8.9,42.7
3045,20240811,615,Sponsored Products,2745,22,18.96,109.93
3046,20241016,91,Sponsored Products,32,0,0.0,0.0
3047,20240412,118,Sponsored Brands,1176,5,8.84,22.83
3048,20230511,789,Sponsored Products,2238,34,48.64,266.43
3049,20230510,566,Sponsored Products,233,0,0.0,0.0
3050,20250117,66,Sponsored Products,689,9,16.09,27.21
3051,20240624,512,Sponsored Brands,769,8,12.61,66.32
3052,20251130,380,Sponsored Products,842,13,15.62,72.5
3053,20260509,138,Sponsored Brands,1237,22,35.67,114.52
3054,20251127,232,Sponsored Display,5664,30,16.14,36.68
3055,20230320,421,Sponsored Products,3082,42,36.51,187.33
3056,20230706,365,Sponsored Products,953,10,7.16,30.45
3057,20251216,373,Sponsored Products,2429,16,10.33,50.45
3058,20250328,37,Sponsored Products,1267,10,12.12,18.23
3059,20240319,770,Sponsored Display,6336,108,72.93,399.85
3060,20240919,448,Sponsored Brands,1470,8,12.4,43.9
3061,20240413,364,Sponsored Display,2444,26,27.05,152.33
3062,20240627,488,Sponsored Products,2786,23,17.72,78.45
3063,20240329,482,Sponsored Display,2095,30,44.63,144.88
3064,20251119,199,Sponsored Brands,2487,39,64.31,383.78
3065,20230403,678,Sponsored Products,1575,27,19.85,96.09
3066,20250407,634,Sponsored Products,1371,21,25.25,158.41
3067,20241224,303,Sponsored Products,1998,18,29.8,69.11
3068,20241209,103,Sponsored Brands,2685,45,51.15,266.63
3069,20250206,230,Sponsored Brands,1148,11,16.41,52.78
3070,20240515,533,Sponsored Products,1279,7,12.35,70.45
3071,20251102,80,Sponsored Products,3316,61,42.81,216.89
3072,20240318,594,Sponsored Display,1646,21,31.36,94.57
3073,20230107,471,Sponsored Brands,3707,73,46.75,138.98
3074,20230215,490,Sponsored Products,2248,37,30.26,51.19
3075,20241221,571,Sponsored Brands,1246,20,21.82,140.92
3076,20240923,581,Sponsored Products,325,4,4.19,11.63
3077,20240702,529,Sponsored Products,1338,12,20.57,96.68
3078,20260131,118,Sponsored Products,1636,5,7.09,45.47
3079,20230624,717,Sponsored Products,3544,11,13.51,34.33
3080,20251208,683,Sponsored Brands,794,14,20.21,100.39
3081,20240519,7,Sponsored Products,2632,33,38.36,132.41
3082,20230625,478,Sponsored Products,522,8,11.07,28.53
3083,20231101,161,Sponsored Brands,887,4,2.11,8.62
3084,20240828,328,Sponsored Products,722,7,11.37,61.57
3085,20250510,186,Sponsored Products,735,8,5.73,28.89
3086,20250927,659,Sponsored Brands,1264,11,11.66,51.6
3087,20240217,38,Sponsored Products,4160,77,105.91,322.61
3088,20231227,706,DSP,1037,6,9.03,36.78
3089,20250527,659,Sponsored Products,1209,22,26.22,165.85
3090,20240913,740,Sponsored Display,1909,12,6.99,14.51
3091,20251229,653,Sponsored Display,1943,30,50.54,113.42
3092,20250217,157,Sponsored Brands,1711,25,32.36,95.56
3093,20260316,393,Sponsored Brands,2042,14,8.16,52.08
3094,20260208,727,Sponsored Brands,3503,25,16.42,102.93
3095,20230526,352,Sponsored Products,1393,26,27.48,46.53
3096,20231221,577,DSP,3919,39,44.03,285.41
3097,20260604,331,Sponsored Display,746,11,18.8,46.73
3098,20260124,119,DSP,721,2,1.83,3.14
3099,20241118,95,DSP,362,2,1.82,8.13
3100,20230603,593,Sponsored Brands,846,9,13.23,71.45
3101,20240409,769,Sponsored Brands,1203,21,22.15,77.28
3102,20250702,573,Sponsored Products,1307,14,13.98,84.5
3103,20241117,327,Sponsored Products,2072,23,13.98,45.91
3104,20241007,655,Sponsored Display,1205,22,16.48,96.16
3105,20250630,764,Sponsored Display,1749,27,35.19,224.51
3106,20260418,515,Sponsored Products,879,9,12.41,71.43
3107,20240311,234,Sponsored Products,995,6,8.57,45.11
3108,20260526,658,Sponsored Products,1013,16,10.83,17.15
3109,20230329,630,Sponsored Brands,886,14,19.57,113.38
3110,20240528,72,Sponsored Display,1190,14,12.84,61.19
3111,20251103,427,Sponsored Products,1119,16,18.49,30.18
3112,20240125,503,Sponsored Display,897,12,20.25,54.36
3113,20230406,257,Sponsored Display,1127,10,6.76,25.61
3114,20240613,740,Sponsored Products,1131,13,22.58,80.78
3115,20260629,545,Sponsored Display,2029,29,15.96,64.17
3116,20240423,446,Sponsored Display,1050,19,31.57,108.75
3117,20241108,151,DSP,270,2,2.54,8.71
3118,20240516,233,Sponsored Brands,1739,15,8.38,41.3
3119,20250714,424,Sponsored Products,2237,20,13.17,63.09
3120,20260526,146,DSP,1211,4,2.81,8.16
3121,20240616,150,Sponsored Brands,2613,23,21.98,130.27
3122,20250807,16,Sponsored Products,153,0,0.0,0.0
3123,20240611,495,Sponsored Brands,480,1,1.24,5.14
3124,20240428,529,Sponsored Brands,1329,12,12.78,60.39
3125,20231109,498,Sponsored Products,1680,26,13.55,82.68
3126,20250307,487,Sponsored Products,1913,30,53.02,152.93
3127,20230912,349,DSP,457,6,8.02,32.58
3128,20230505,466,Sponsored Display,1661,29,37.15,79.15
3129,20251112,44,Sponsored Brands,908,11,13.14,60.67
3130,20241009,345,Sponsored Products,177,1,0.63,1.55
3131,20250117,571,Sponsored Products,2125,29,31.23,125.51
3132,20231124,414,Sponsored Brands,4122,55,68.6,353.47
3133,20230223,432,Sponsored Products,4199,41,42.9,91.1
3134,20241029,304,Sponsored Products,3084,13,12.34,68.14
3135,20260213,601,Sponsored Brands,1114,16,11.95,23.48
3136,20250703,593,Sponsored Products,2310,42,69.38,354.39
3137,20240304,494,Sponsored Brands,37,0,0.0,0.0
3138,20230524,445,Sponsored Products,1595,19,10.19,64.44
3139,20230311,646,Sponsored Products,1858,27,16.01,102.82
3140,20231102,226,Sponsored Display,888,3,3.16,16.23
3141,20240803,19,Sponsored Products,367,7,10.39,24.63
3142,20251008,72,Sponsored Products,4090,30,50.19,253.15
3143,20251014,262,Sponsored Display,1602,7,6.61,13.84
3144,20260522,234,Sponsored Products,778,14,22.04,66.0
3145,20240111,190,Sponsored Products,770,12,8.64,28.6
3146,20250127,74,Sponsored Products,722,6,5.96,33.7
3147,20230524,231,Sponsored Products,913,15,8.06,31.29
3148,20260326,611,Sponsored Products,636,6,10.51,66.19
3149,20260613,39,Sponsored Products,1884,11,5.16,15.3
3150,20260614,516,Sponsored Products,3312,17,20.99,40.57
3151,20260302,29,Sponsored Brands,294,4,5.34,8.83
3152,20251219,792,Sponsored Products,6864,133,215.47,370.65
3153,20250330,45,Sponsored Products,2048,28,35.03,173.14
3154,20260305,642,Sponsored Products,252,1,1.2,5.25
3155,20231210,422,Sponsored Brands,2691,52,41.25,225.48
3156,20240327,239,Sponsored Display,725,11,14.11,74.01
3157,20260112,257,Sponsored Brands,943,13,7.26,45.56
3158,20251231,230,Sponsored Brands,1141,4,4.29,24.17
3159,20240206,173,Sponsored Products,1869,36,45.86,278.69
3160,20230615,394,Sponsored Products,572,3,4.73,27.15
3161,20250510,760,DSP,7480,75,71.36,424.83
3162,20230218,126,Sponsored Display,4696,58,73.8,183.9
3163,20260105,392,Sponsored Brands,2232,29,32.3,206.81
3164,20260119,121,Sponsored Products,1388,26,33.74,219.18
3165,20250813,649,Sponsored Products,978,9,5.54,26.63
3166,20230811,553,Sponsored Display,731,3,4.41,26.94
3167,20240219,36,Sponsored Brands,920,6,10.24,40.95
3168,20250305,73,Sponsored Brands,3448,40,49.24,301.82
3169,20241031,158,Sponsored Products,4265,53,64.78,106.53
3170,20231209,108,Sponsored Display,1485,9,7.73,43.67
3171,20230723,342,Sponsored Display,2541,15,8.73,36.5
3172,20260605,150,Sponsored Brands,548,6,9.63,14.98
3173,20250907,157,Sponsored Brands,3238,46,57.85,371.69
3174,20230413,29,Sponsored Products,3279,47,70.66,179.28
3175,20231212,712,Sponsored Products,2066,32,55.46,334.11
3176,20240310,302,Sponsored Brands,3202,44,70.52,218.09
3177,20241212,102,Sponsored Display,1396,14,24.58,152.01
3178,20241008,327,Sponsored Brands,4133,45,65.88,211.52
3179,20260403,83,Sponsored Brands,1192,5,7.38,33.56
3180,20241225,356,Sponsored Products,477,8,12.46,38.9
3181,20250302,738,Sponsored Display,85,1,0.94,3.71
3182,20250802,761,DSP,833,16,23.0,68.26
3183,20250504,721,Sponsored Products,729,3,1.23,7.83
3184,20250827,746,Sponsored Display,1567,7,10.87,34.89
3185,20260323,133,Sponsored Products,323,5,3.79,15.92
3186,20230302,355,Sponsored Display,744,6,7.58,18.45
3187,20250410,260,Sponsored Brands,1367,16,14.78,30.25
3188,20230802,76,Sponsored Products,1423,12,11.1,18.69
3189,20260225,323,Sponsored Brands,3512,56,63.09,127.47
3190,20240602,5,Sponsored Display,1097,19,15.07,59.01
3191,20230201,25,Sponsored Brands,1332,22,13.84,42.58
3192,20230626,663,Sponsored Brands,518,2,1.86,7.69
3193,20250823,203,Sponsored Products,1606,22,34.25,155.64
3194,20250801,253,Sponsored Products,511,4,6.3,25.07
3195,20230615,376,Sponsored Display,477,3,1.71,7.18
3196,20250222,441,Sponsored Products,1051,6,7.67,18.98
3197,20230716,558,Sponsored Brands,1023,11,16.7,100.7
3198,20230831,386,DSP,5722,104,128.93,675.15
3199,20250603,701,DSP,1936,31,41.74,78.71
3200,20251213,329,Sponsored Brands,1338,23,24.53,89.09
3201,20230412,183,Sponsored Display,1303,4,6.38,34.44
3202,20251010,303,Sponsored Products,1209,9,5.6,9.15
3203,20230322,105,Sponsored Products,1038,9,15.5,85.29
3204,20241231,636,Sponsored Products,3774,49,72.88,249.48
3205,20260120,504,Sponsored Products,594,1,1.17,2.51
3206,20241025,188,Sponsored Products,1234,6,7.95,20.7
3207,20230815,585,Sponsored Display,1194,9,11.54,21.06
3208,20240305,336,Sponsored Brands,1982,17,19.61,45.0
3209,20260612,653,Sponsored Brands,938,4,4.74,12.9
3210,20230416,198,Sponsored Brands,566,10,10.06,32.16
3211,20241005,347,DSP,2424,31,33.78,159.49
3212,20230508,493,Sponsored Display,261,4,5.05,7.66
3213,20260108,454,Sponsored Products,3078,29,51.58,155.57
3214,20240401,800,Sponsored Products,850,10,8.86,53.21
3215,20230102,299,Sponsored Products,1388,20,12.01,46.47
3216,20240812,83,Sponsored Products,2484,27,40.25,183.41
3217,20231221,535,Sponsored Products,880,7,5.31,17.96
3218,20250429,419,Sponsored Products,1265,4,5.77,26.62
3219,20250819,261,Sponsored Products,1358,16,18.67,88.53
3220,20241223,618,Sponsored Brands,776,14,15.35,93.42
3221,20231119,139,Sponsored Products,5543,94,130.49,612.55
3222,20250601,155,Sponsored Products,313,5,4.88,15.84
3223,20240307,330,Sponsored Products,2477,13,21.75,36.77
3224,20240111,92,Sponsored Display,1048,6,7.14,19.92
3225,20240808,778,Sponsored Display,2224,31,42.92,204.16
3226,20240213,405,DSP,179,0,0.0,0.0
3227,20230721,245,Sponsored Display,2247,18,15.75,52.93
3228,20260223,650,Sponsored Display,572,11,17.19,66.04
3229,20230125,130,Sponsored Products,3677,41,19.59,94.45
3230,20250108,43,DSP,2285,20,30.51,121.55
3231,20241214,665,Sponsored Products,1742,31,37.8,57.07
3232,20250425,355,Sponsored Products,279,5,8.82,24.25
3233,20241207,560,Sponsored Brands,1128,19,15.55,70.15
3234,20251126,453,DSP,1866,35,42.04,99.43
3235,20251020,148,Sponsored Display,3988,77,135.14,834.14
3236,20230301,733,Sponsored Brands,2381,45,71.76,337.14
3237,20260611,290,Sponsored Brands,2228,11,14.48,42.19
3238,20230502,604,Sponsored Brands,1365,4,4.77,13.84
3239,20230504,333,Sponsored Products,3682,53,34.84,112.2
3240,20230613,658,Sponsored Products,425,6,6.4,36.33
3241,20251231,360,Sponsored Display,2090,6,6.37,40.74
3242,20240326,652,Sponsored Brands,336,1,1.52,2.42
3243,20250805,233,Sponsored Display,3880,63,66.73,258.84
3244,20230401,444,Sponsored Brands,2771,33,49.14,309.05
3245,20240805,133,Sponsored Brands,1372,22,15.39,94.81
3246,20230816,445,Sponsored Display,347,1,0.53,1.26
3247,20260325,403,Sponsored Products,2185,37,53.76,286.25
3248,20240305,426,Sponsored Products,2261,8,8.3,32.43
3249,20230615,537,Sponsored Products,3718,26,28.96,113.16
3250,20250906,784,Sponsored Products,140,0,0.0,0.0
3251,20230618,672,Sponsored Products,1681,9,6.8,21.45
3252,20240530,184,Sponsored Products,2477,14,17.12,45.36
3253,20250529,190,DSP,1050,16,11.57,50.25
3254,20230604,34,Sponsored Brands,335,1,0.9,3.13
3255,20260409,287,Sponsored Brands,757,9,11.47,19.45
3256,20250422,565,DSP,799,15,14.89,38.83
3257,20230613,695,Sponsored Products,618,7,10.4,43.61
3258,20240513,361,Sponsored Products,1562,16,26.52,169.23
3259,20240225,772,DSP,1377,19,26.5,167.38
3260,20250617,338,Sponsored Products,1057,16,6.73,32.99
3261,20240801,1,Sponsored Products,188,0,0.0,0.0
3262,20250123,386,Sponsored Brands,1447,23,13.41,81.85
3263,20251130,199,Sponsored Display,1708,25,38.61,132.96
3264,20241216,85,Sponsored Display,705,13,13.71,20.68
3265,20241228,511,DSP,568,8,5.76,14.52
3266,20231206,536,Sponsored Products,1114,14,23.11,57.25
3267,20251017,366,Sponsored Products,2334,11,5.03,32.19
3268,20250731,198,Sponsored Display,761,2,1.83,8.33
3269,20260222,139,Sponsored Brands,3590,15,6.99,33.49
3270,20260226,494,DSP,3416,50,75.35,298.82
3271,20250828,462,Sponsored Products,225,1,1.64,9.59
3272,20241201,90,Sponsored Products,1020,18,30.07,55.84
3273,20251007,356,Sponsored Brands,1187,19,22.66,124.46
3274,20251112,238,Sponsored Products,1995,9,9.7,27.92
3275,20250117,391,Sponsored Products,2781,36,51.02,291.87
3276,20230730,57,Sponsored Products,2199,11,13.47,83.37
3277,20241021,5,Sponsored Display,2317,40,41.03,75.9
3278,20231106,610,Sponsored Products,785,11,6.23,30.01
3279,20230325,42,Sponsored Products,5743,73,128.78,506.71
3280,20240416,4,Sponsored Brands,1478,9,13.68,68.51
3281,20250129,205,Sponsored Brands,1033,19,26.78,120.32
3282,20250701,331,Sponsored Products,418,2,1.52,9.09
3283,20260420,592,Sponsored Products,3626,34,57.61,366.03
3284,20251213,119,DSP,1164,12,21.51,40.81
3285,20260611,553,Sponsored Products,4538,27,36.08,170.63
3286,20240422,375,Sponsored Products,1092,4,3.81,20.54
3287,20250518,547,Sponsored Display,2060,11,14.44,41.61
3288,20240316,411,Sponsored Products,394,4,2.61,10.47
3289,20250618,408,Sponsored Brands,177,2,2.35,12.08
3290,20240121,649,Sponsored Display,426,5,2.89,10.17
3291,20250115,593,Sponsored Products,1995,24,42.39,212.67
3292,20260222,487,DSP,2027,16,26.2,152.73
3293,20250423,734,Sponsored Products,1761,28,25.81,104.07
3294,20250913,457,Sponsored Brands,1094,17,14.44,73.93
3295,20250817,129,Sponsored Products,430,1,1.3,7.57
3296,20251027,201,Sponsored Brands,90,0,0.0,0.0
3297,20250323,343,Sponsored Products,1261,13,7.3,23.17
3298,20241224,295,Sponsored Products,615,4,5.8,18.46
3299,20250126,90,Sponsored Products,1669,33,57.16,131.55
3300,20230521,30,Sponsored Products,2586,37,43.7,164.84
3301,20231125,799,DSP,2767,28,12.55,31.55
3302,20250906,784,Sponsored Products,292,5,3.38,11.38
3303,20230421,112,Sponsored Products,1452,9,10.96,27.46
3304,20230110,148,Sponsored Brands,1143,21,28.03,120.78
3305,20250110,359,Sponsored Brands,1325,15,14.57,29.23
3306,20230511,689,Sponsored Products,1430,14,7.05,43.94
3307,20240530,342,Sponsored Products,1423,14,8.62,47.95
3308,20240903,133,Sponsored Display,2257,12,6.05,32.79
3309,20260517,359,Sponsored Products,810,4,5.88,19.02
3310,20240503,561,Sponsored Brands,1879,16,19.33,52.19
3311,20260625,428,Sponsored Display,876,8,9.12,24.27
3312,20250321,169,DSP,432,5,3.36,9.94
3313,20231206,564,Sponsored Brands,373,1,1.76,6.97
3314,20240331,766,Sponsored Products,1691,15,21.18,35.71
3315,20251026,522,Sponsored Products,426,5,2.44,13.21
3316,20260523,118,Sponsored Products,2772,38,21.95,84.91
3317,20240626,789,Sponsored Products,1974,36,34.85,199.48
3318,20250604,86,Sponsored Display,545,3,2.33,10.58
3319,20230118,467,DSP,430,8,12.85,67.34
3320,20230910,352,Sponsored Display,1456,8,12.17,25.52
3321,20250929,173,DSP,1501,29,33.84,211.98
3322,20260114,350,DSP,989,18,28.97,97.74
3323,20240411,467,Sponsored Products,500,9,8.03,17.57
3324,20240915,640,Sponsored Brands,1507,29,28.97,128.26
3325,20250227,312,Sponsored Display,516,7,8.9,51.64
3326,20251208,251,Sponsored Products,313,4,6.15,14.62
3327,20240313,242,Sponsored Display,792,4,4.05,6.27
3328,20240421,285,Sponsored Display,1594,7,7.79,28.93
3329,20230928,560,Sponsored Products,729,7,4.71,24.47
3330,20230228,82,Sponsored Brands,1447,9,11.87,57.14
3331,20240220,768,Sponsored Brands,3358,37,59.46,383.65
3332,20250421,799,Sponsored Products,1629,15,14.96,80.82
3333,20240514,394,Sponsored Brands,1029,17,30.11,74.78
3334,20250124,491,Sponsored Brands,3232,41,19.09,59.17
3335,20250607,530,Sponsored Display,2308,38,62.33,191.99
3336,20260207,769,Sponsored Display,1923,29,49.42,253.63
3337,20251127,421,Sponsored Display,578,2,3.11,10.25
3338,20250222,8,DSP,5008,99,94.23,445.51
3339,20240505,500,Sponsored Brands,1228,6,6.96,19.92
3340,20230726,83,Sponsored Products,696,10,7.74,48.76
3341,20240617,691,Sponsored Products,1493,20,8.41,27.48
3342,20230731,490,Sponsored Products,2086,38,19.02,98.06
3343,20250110,139,Sponsored Products,1294,12,12.36,22.03
3344,20230318,468,Sponsored Brands,1028,18,18.96,45.85
3345,20230221,137,Sponsored Display,1943,26,43.16,92.78
3346,20240420,356,Sponsored Products,1232,22,37.63,211.7
3347,20230427,704,Sponsored Display,838,8,9.93,62.28
3348,20250226,312,Sponsored Brands,275,4,3.39,15.01
3349,20230830,34,Sponsored Brands,3202,49,26.03,112.38
3350,20260104,274,Sponsored Brands,1769,15,16.51,72.6
3351,20230820,550,Sponsored Products,2148,38,23.77,78.62
3352,20230311,491,Sponsored Brands,1549,25,15.66,35.58
3353,20240704,740,Sponsored Products,1978,25,38.6,175.07
3354,20240722,331,DSP,1682,22,29.59,144.33
3355,20231003,598,Sponsored Display,1172,22,31.0,92.58
3356,20241206,662,Sponsored Brands,904,11,19.76,76.6
3357,20241224,578,Sponsored Products,1892,11,10.44,28.4
3358,20260107,731,Sponsored Brands,338,2,1.72,9.24
3359,20230925,352,Sponsored Products,1676,29,47.74,158.37
3360,20240130,93,Sponsored Products,2157,29,14.88,33.59
3361,20230210,373,Sponsored Display,1195,10,16.21,85.27
3362,20251001,324,Sponsored Brands,268,1,1.31,5.28
3363,20240112,43,Sponsored Products,1395,17,15.24,29.12
3364,20230204,169,Sponsored Products,4270,18,24.42,40.8
3365,20241109,190,Sponsored Products,1127,19,22.44,127.45
3366,20240325,214,Sponsored Brands,2181,37,61.65,180.45
3367,20231115,425,Sponsored Products,753,2,2.93,9.56
3368,20250927,106,Sponsored Brands,4157,80,120.31,392.9
3369,20260116,236,Sponsored Brands,782,8,14.08,75.45
3370,20241214,242,Sponsored Products,2519,38,46.64,288.25
3371,20251006,411,Sponsored Brands,1419,14,17.14,99.89
3372,20230118,548,Sponsored Products,1568,8,3.4,21.94
3373,20250626,750,DSP,125,1,0.83,2.78
3374,20251017,788,Sponsored Products,2239,39,39.95,95.35
3375,20250820,37,Sponsored Display,2502,10,17.64,78.41
3376,20260428,714,Sponsored Brands,1913,25,42.99,226.81
3377,20241225,362,Sponsored Brands,1427,5,5.69,16.59
3378,20250818,89,Sponsored Products,2671,39,22.62,121.59
3379,20230508,64,Sponsored Products,1587,27,45.77,96.46
3380,20230420,350,Sponsored Products,2366,8,7.16,35.69
3381,20230511,167,Sponsored Brands,700,13,22.06,113.75
3382,20240118,95,Sponsored Products,2140,36,53.47,209.13
3383,20230403,752,Sponsored Brands,1004,8,14.2,70.27
3384,20260302,331,Sponsored Products,593,8,8.79,43.52
3385,20230503,714,Sponsored Products,936,7,10.23,44.41
3386,20230622,759,Sponsored Products,1158,16,26.85,148.08
3387,20240122,276,Sponsored Products,1312,6,3.78,14.53
3388,20260227,54,DSP,886,7,8.37,19.16
3389,20241025,653,Sponsored Products,981,13,13.09,20.91
3390,20260417,732,Sponsored Products,2432,19,9.52,35.86
3391,20250112,151,Sponsored Brands,3128,37,45.05,285.52
3392,20240718,314,Sponsored Display,168,2,1.8,7.68
3393,20230314,592,Sponsored Products,703,10,11.62,22.46
3394,20260528,779,Sponsored Brands,1089,12,11.15,43.74
3395,20230929,728,Sponsored Brands,603,3,4.06,13.23
3396,20250824,154,Sponsored Products,821,11,9.2,45.32
3397,20230425,670,Sponsored Display,249,1,0.67,1.36
3398,20260226,619,Sponsored Products,2234,20,35.98,186.36
3399,20250818,347,Sponsored Products,599,3,5.05,19.99
3400,20230220,231,Sponsored Brands,1242,9,7.02,21.02
3401,20260208,399,Sponsored Products,836,9,5.65,25.43
3402,20230927,12,Sponsored Products,1028,19,23.61,109.81
3403,20240903,66,Sponsored Display,315,3,3.5,7.04
3404,20230120,749,Sponsored Products,717,6,8.0,45.89
3405,20230730,709,Sponsored Products,1345,26,12.38,59.34
3406,20250129,592,Sponsored Brands,2396,37,45.59,122.69
3407,20240528,4,Sponsored Display,4778,57,67.38,417.68
3408,20250622,300,Sponsored Brands,978,19,16.29,58.83
3409,20251202,405,Sponsored Brands,1144,13,19.71,55.35
3410,20251023,443,DSP,2074,39,27.21,109.14
3411,20250831,717,DSP,151,1,0.62,1.96
3412,20250115,608,Sponsored Brands,3044,51,84.7,262.17
3413,20240501,124,Sponsored Brands,580,9,9.96,43.57
3414,20240721,521,DSP,3070,19,29.28,100.58
3415,20260425,789,Sponsored Products,914,15,21.2,130.86
3416,20250706,249,DSP,814,13,12.22,34.13
3417,20231125,709,Sponsored Brands,1353,4,5.42,34.03
3418,20250129,790,Sponsored Products,544,9,9.6,62.12
3419,20250701,532,Sponsored Products,334,2,3.46,15.6
3420,20230408,72,Sponsored Display,463,4,6.85,31.36
3421,20251225,768,Sponsored Brands,291,4,6.47,38.91
3422,20230511,243,Sponsored Products,873,7,11.58,55.22
3423,20250731,209,Sponsored Products,1301,15,9.41,56.28
3424,20251225,319,Sponsored Products,1082,6,6.15,20.8
3425,20241114,18,Sponsored Products,4130,41,35.62,101.97
3426,20250929,253,Sponsored Brands,652,8,12.38,70.18
3427,20230327,723,Sponsored Products,1883,25,28.74,103.04
3428,20240929,229,Sponsored Products,2483,31,24.72,58.85
3429,20251006,317,Sponsored Products,1195,11,8.77,47.04
3430,20260518,93,Sponsored Products,568,5,6.52,9.82
3431,20240528,388,Sponsored Display,3093,53,37.76,171.91
3432,20230817,5,Sponsored Products,286,1,0.65,3.83
3433,20240613,525,Sponsored Brands,727,9,6.17,37.04
3434,20240227,567,Sponsored Brands,2939,24,16.23,52.92
3435,20230327,251,Sponsored Brands,3042,22,18.0,98.7
3436,20250112,2,Sponsored Products,2474,31,23.22,149.68
3437,20241216,553,Sponsored Products,7395,137,183.08,808.48
3438,20240517,645,Sponsored Products,1634,8,9.92,54.75
3439,20240710,256,Sponsored Products,2918,53,68.78,329.53
3440,20251223,445,Sponsored Display,5700,19,10.01,37.73
3441,20240225,456,Sponsored Products,1221,22,28.37,91.38
3442,20250109,536,Sponsored Products,544,5,7.21,43.63
3443,20240723,111,Sponsored Brands,3543,25,29.85,176.34
3444,20231225,95,Sponsored Products,1024,16,12.8,78.47
3445,20241102,163,Sponsored Display,1195,11,12.21,60.92
3446,20251101,691,Sponsored Products,1444,12,18.64,51.36
3447,20231202,683,Sponsored Brands,345,4,1.85,11.11
3448,20240602,575,Sponsored Products,572,8,9.76,37.25
3449,20231113,26,Sponsored Products,915,2,2.07,11.01
3450,20231210,599,Sponsored Products,612,9,7.91,45.23
3451,20230812,634,DSP,900,14,17.76,39.44
3452,20250921,157,Sponsored Products,1036,5,6.83,39.5
3453,20240908,678,Sponsored Products,185,2,2.63,5.33
3454,20260519,675,Sponsored Products,3438,62,96.59,382.01
3455,20250609,189,Sponsored Brands,972,11,14.35,68.96
3456,20250617,630,Sponsored Display,4369,23,28.76,169.51
3457,20260422,725,Sponsored Products,3217,14,6.02,30.87
3458,20240723,559,Sponsored Products,528,8,12.13,69.78
3459,20240926,153,Sponsored Products,853,8,12.14,26.25
3460,20240330,360,Sponsored Products,1783,31,33.28,74.49
3461,20230224,180,Sponsored Products,1531,18,26.89,126.88
3462,20230305,432,Sponsored Products,1998,28,47.06,101.3
3463,20230427,629,Sponsored Display,1476,26,21.11,104.51
3464,20240218,616,Sponsored Display,3857,27,20.79,130.89
3465,20260303,42,DSP,409,3,3.25,13.86
3466,20251223,387,DSP,6640,108,114.02,646.69
3467,20230201,418,Sponsored Brands,1788,23,30.7,110.95
3468,20230923,81,DSP,1703,24,34.27,89.48
3469,20241114,105,Sponsored Brands,1430,5,4.47,24.96
3470,20241025,58,Sponsored Brands,297,2,2.21,14.3
3471,20240228,583,Sponsored Products,1183,7,12.41,46.28
3472,20260220,775,Sponsored Display,3628,53,53.09,158.0
3473,20240629,495,Sponsored Products,1425,14,9.74,51.19
3474,20240405,715,Sponsored Products,1045,8,10.8,46.91
3475,20260304,577,Sponsored Brands,1807,33,28.73,51.92
3476,20260308,658,Sponsored Brands,4350,33,29.97,128.92
3477,20251025,677,DSP,1138,11,18.82,99.05
3478,20251206,785,Sponsored Products,345,1,0.86,4.52
3479,20250408,569,Sponsored Brands,231,1,1.18,3.79
3480,20260530,516,Sponsored Products,1495,17,30.22,63.56
3481,20230116,727,Sponsored Products,1051,5,6.71,23.39
3482,20230504,529,Sponsored Products,777,3,3.38,16.38
3483,20240709,418,Sponsored Products,300,2,3.1,19.79
3484,20230527,27,DSP,2124,9,4.3,25.12
3485,20251213,42,DSP,2634,19,9.58,39.68
3486,20230106,109,DSP,1247,9,4.83,20.03
3487,20230610,289,Sponsored Brands,372,1,1.66,7.4
3488,20240628,613,Sponsored Brands,1816,25,12.73,50.08
3489,20260513,593,Sponsored Brands,2336,37,46.17,175.63
3490,20260501,54,Sponsored Products,1405,22,13.42,26.83
3491,20250516,366,Sponsored Products,2373,28,13.98,36.32
3492,20260324,157,Sponsored Brands,2036,8,5.66,12.01
3493,20260206,138,Sponsored Brands,1099,3,2.45,12.87
3494,20260528,717,DSP,1812,27,18.07,42.44
3495,20230212,737,Sponsored Products,1512,15,20.78,65.9
3496,20260602,420,Sponsored Products,301,2,1.67,5.99
3497,20230807,230,Sponsored Products,1107,5,4.06,10.83
3498,20231030,34,Sponsored Brands,1779,6,9.85,51.69
3499,20250220,779,Sponsored Products,1863,21,35.34,191.29
3500,20250705,240,Sponsored Products,3129,12,9.6,57.71
3501,20231023,340,Sponsored Brands,3904,47,28.9,148.26
3502,20240926,301,Sponsored Products,2327,24,42.42,262.35
3503,20230911,256,Sponsored Products,1838,17,13.14,66.72
3504,20241001,705,Sponsored Products,1167,17,27.97,133.44
3505,20250928,247,Sponsored Display,2694,29,27.44,165.63
3506,20250512,365,Sponsored Products,1787,6,5.38,18.6
3507,20241211,444,Sponsored Products,1531,29,22.54,51.47
3508,20240909,665,Sponsored Products,2514,27,33.54,116.64
3509,20241127,788,Sponsored Brands,2693,46,57.13,345.25
3510,20251216,91,Sponsored Brands,8067,125,159.97,793.31
3511,20230520,287,Sponsored Products,3097,45,35.21,210.43
3512,20230510,729,DSP,1967,26,29.64,175.0
3513,20240715,310,Sponsored Brands,2327,43,27.52,140.21
3514,20241217,213,Sponsored Brands,7843,24,27.94,85.48
3515,20230110,326,Sponsored Brands,1347,11,6.37,24.14
3516,20250925,771,Sponsored Brands,699,3,1.72,7.99
3517,20250706,117,Sponsored Products,1563,23,18.3,69.58
3518,20241110,372,DSP,1880,10,11.95,39.2
3519,20230310,696,Sponsored Brands,1720,26,18.59,48.55
3520,20230524,524,Sponsored Display,344,5,6.94,18.57
3521,20231104,684,DSP,1484,17,8.13,24.07
3522,20250625,524,Sponsored Brands,980,10,4.22,7.01
3523,20230714,786,DSP,944,16,20.07,125.9
3524,20250615,776,Sponsored Products,1172,22,32.05,177.52
3525,20260428,713,Sponsored Display,2148,23,13.22,33.89
3526,20260519,281,Sponsored Display,6565,120,191.9,712.66
3527,20231227,90,Sponsored Products,1515,25,19.65,123.4
3528,20260316,715,Sponsored Brands,1099,11,8.1,12.7
3529,20240422,562,Sponsored Products,2999,39,49.63,215.3
3530,20251230,314,Sponsored Products,541,2,1.48,3.99
3531,20231004,184,Sponsored Display,497,2,1.38,5.61
3532,20250604,290,Sponsored Products,1674,29,48.27,175.14
3533,20240914,220,Sponsored Products,2828,9,15.6,33.01
3534,20240524,419,Sponsored Products,1743,25,27.89,108.58
3535,20230227,608,Sponsored Brands,1611,29,19.99,99.2
3536,20230913,138,Sponsored Brands,907,4,4.24,7.37
3537,20250326,574,Sponsored Products,3784,12,12.17,58.37
3538,20250420,800,Sponsored Brands,1616,21,33.82,173.79
3539,20240519,655,Sponsored Brands,1521,21,37.54,219.59
3540,20251119,775,Sponsored Brands,1198,11,17.21,74.23
3541,20250107,738,Sponsored Brands,1348,23,21.38,127.52
3542,20231111,456,DSP,416,5,4.89,10.9
3543,20231024,624,Sponsored Display,1220,21,35.16,175.22
3544,20230327,398,Sponsored Display,1553,30,23.49,36.24
3545,20240409,460,Sponsored Products,1537,6,4.32,10.52
3546,20241214,781,Sponsored Products,1899,9,7.53,12.5
3547,20250624,216,Sponsored Products,1217,21,36.43,213.32
3548,20251205,143,Sponsored Brands,916,13,5.24,11.18
3549,20250627,516,Sponsored Display,921,5,5.5,24.1
3550,20241117,468,Sponsored Brands,323,1,0.59,1.3
3551,20230303,362,DSP,503,6,2.87,11.91
3552,20241123,654,Sponsored Products,2799,36,45.92,232.28
3553,20260520,312,Sponsored Brands,796,3,4.31,18.74
3554,20260129,340,Sponsored Display,1537,28,41.86,193.14
3555,20230116,557,Sponsored Products,1115,15,13.78,40.61
3556,20240326,328,Sponsored Brands,1624,28,22.6,69.97
3557,20230819,718,Sponsored Products,2955,19,22.98,146.66
3558,20260508,516,Sponsored Display,1202,3,2.49,5.67
3559,20240507,744,Sponsored Products,74,1,0.92,1.4
3560,20240511,731,Sponsored Brands,1445,17,22.53,39.98
3561,20250113,584,Sponsored Products,678,3,2.12,11.42
3562,20250418,34,Sponsored Display,411,3,3.25,12.47
3563,20260626,502,Sponsored Display,1025,14,14.1,31.69
3564,20260213,112,Sponsored Display,1328,12,21.01,98.1
3565,20251104,584,Sponsored Products,1188,14,18.74,85.84
3566,20230310,276,Sponsored Display,1152,20,12.54,69.55
3567,20260613,195,Sponsored Products,679,3,5.19,31.08
3568,20250325,784,Sponsored Display,2122,36,14.52,28.19
3569,20230819,236,Sponsored Products,1710,33,48.64,142.09
3570,20250829,162,Sponsored Products,2460,9,11.44,72.21
3571,20260113,712,Sponsored Brands,912,18,18.15,48.51
3572,20251201,711,Sponsored Products,2124,39,65.56,343.35
3573,20250609,753,DSP,1994,32,23.01,83.26
3574,20250921,26,Sponsored Brands,1012,7,8.42,13.67
3575,20241231,388,Sponsored Products,491,5,2.82,14.25
3576,20230101,790,Sponsored Products,1645,23,11.88,45.56
3577,20240719,93,Sponsored Products,2354,23,36.67,121.31
3578,20241116,521,Sponsored Products,481,7,10.05,56.04
3579,20230412,437,Sponsored Products,118,0,0.0,0.0
3580,20260412,413,Sponsored Brands,2760,39,34.75,114.75
3581,20260414,779,Sponsored Products,3080,13,12.34,55.34
3582,20230519,594,Sponsored Products,3827,40,39.18,117.07
3583,20250809,376,Sponsored Products,2357,14,14.41,52.71
3584,20231226,478,Sponsored Display,4189,79,131.53,632.06
3585,20250830,328,Sponsored Brands,5064,32,39.39,188.21
3586,20230514,12,Sponsored Brands,2142,18,22.04,42.92
3587,20230515,463,Sponsored Display,215,1,1.04,4.75
3588,20230708,550,Sponsored Products,2966,15,17.97,97.43
3589,20231208,215,Sponsored Brands,3393,64,67.36,197.66
3590,20230403,395,Sponsored Products,2819,19,7.8,20.28
3591,20240206,486,Sponsored Brands,1917,13,12.22,33.23
3592,20251112,103,Sponsored Brands,1143,15,12.18,61.87
3593,20260117,375,Sponsored Products,1685,33,22.42,96.24
3594,20260620,250,Sponsored Brands,1909,10,5.21,15.06
3595,20240320,781,DSP,811,3,2.22,5.35
3596,20251202,775,Sponsored Brands,1203,11,17.81,37.48
3597,20260228,194,Sponsored Display,2547,40,30.0,53.0
3598,20241112,234,Sponsored Display,2531,42,62.13,144.03
3599,20230127,660,Sponsored Products,1942,13,18.81,77.92
3600,20251101,668,DSP,583,6,6.77,36.38
3601,20250226,689,Sponsored Products,1210,15,25.0,63.03
3602,20260413,69,Sponsored Products,3323,45,36.83,131.99
3603,20231101,655,Sponsored Products,850,8,5.4,29.12
3604,20240423,707,Sponsored Brands,611,6,8.59,34.65
3605,20240212,147,Sponsored Products,2741,24,16.94,80.22
3606,20230704,639,Sponsored Products,1612,13,10.43,60.76
3607,20260428,228,DSP,3029,23,29.79,58.26
3608,20241008,690,Sponsored Brands,1427,11,19.26,84.58
3609,20250626,609,Sponsored Brands,333,6,7.36,34.92
3610,20250531,226,Sponsored Products,2344,39,45.92,96.69
3611,20230406,556,Sponsored Products,1880,16,26.17,47.94
3612,20240920,559,Sponsored Brands,3724,22,18.77,58.37
3613,20250111,257,DSP,1347,6,3.38,10.31
3614,20240229,169,Sponsored Brands,1320,11,16.64,33.48
3615,20260220,600,Sponsored Products,1415,14,10.85,31.8
3616,20250730,11,Sponsored Display,2345,19,28.57,113.47
3617,20260212,756,Sponsored Display,432,8,13.51,62.8
3618,20240620,445,Sponsored Products,1600,19,29.02,143.53
3619,20230602,513,DSP,2484,27,11.16,31.34
3620,20250304,488,Sponsored Products,880,11,8.71,18.4
3621,20251018,78,Sponsored Brands,614,9,13.6,34.41
3622,20260130,387,Sponsored Brands,1958,16,20.33,81.14
3623,20251213,321,Sponsored Brands,2530,26,36.49,133.06
3624,20230722,338,Sponsored Display,962,15,8.14,15.13
3625,20230525,788,Sponsored Display,282,4,6.3,25.15
3626,20250627,568,Sponsored Display,1173,14,24.56,42.98
3627,20251007,666,Sponsored Products,2001,34,37.57,219.57
3628,20230729,93,Sponsored Brands,1389,21,35.59,151.51
3629,20230114,504,Sponsored Display,1377,12,11.08,59.54
3630,20260609,666,Sponsored Display,1363,9,12.05,51.97
3631,20240307,278,Sponsored Display,298,3,1.92,3.08
3632,20240102,624,DSP,593,8,5.46,11.28
3633,20250218,357,Sponsored Products,1468,14,24.3,138.02
3634,20230814,628,Sponsored Products,1622,27,17.84,54.44
3635,20241126,438,DSP,1672,28,20.24,104.65
3636,20251202,346,Sponsored Brands,2649,34,33.6,156.36
3637,20230704,400,DSP,610,10,5.71,26.11
3638,20251210,359,Sponsored Products,1656,23,30.9,85.41
3639,20240708,227,Sponsored Display,1680,18,12.33,24.02
3640,20250228,34,Sponsored Brands,872,14,21.35,71.77
3641,20241218,227,Sponsored Products,2390,22,18.02,69.07
3642,20250523,291,DSP,4385,22,24.28,59.06
3643,20240922,1,Sponsored Products,850,12,14.92,71.95
3644,20250701,268,Sponsored Products,4977,27,21.78,81.19
3645,20241207,425,Sponsored Display,2766,40,36.53,113.93
3646,20241123,208,Sponsored Products,1664,15,13.72,84.63
3647,20230130,485,Sponsored Products,1142,9,15.35,50.14
3648,20241109,257,Sponsored Products,379,3,1.34,8.04
3649,20250530,51,Sponsored Products,646,12,19.6,58.86
3650,20250329,288,Sponsored Brands,1433,21,11.33,24.12
3651,20250806,175,Sponsored Products,716,7,3.69,17.55
3652,20231204,198,Sponsored Products,285,4,4.51,18.99
3653,20260429,185,DSP,1267,8,11.67,42.3
3654,20240112,236,Sponsored Products,923,4,4.12,16.24
3655,20230723,368,Sponsored Brands,568,5,5.81,26.12
3656,20230403,312,DSP,1194,18,11.49,60.9
3657,20250918,332,Sponsored Products,2950,19,26.75,96.41
3658,20241028,93,Sponsored Products,622,12,20.88,94.55
3659,20240316,222,Sponsored Display,2748,40,63.25,374.84
3660,20230509,2,Sponsored Brands,1776,22,38.63,62.67
3661,20250615,508,Sponsored Products,997,11,8.84,29.1
3662,20230812,83,Sponsored Products,2163,28,21.39,74.07
3663,20250120,427,Sponsored Products,1114,5,5.39,15.56
3664,20250505,26,Sponsored Products,1466,12,18.54,93.08
3665,20230708,663,Sponsored Brands,122,1,1.15,3.89
3666,20241022,785,Sponsored Products,2794,48,52.61,139.38
3667,20250705,77,Sponsored Display,1350,19,24.56,100.2
3668,20250613,782,Sponsored Brands,659,13,16.17,101.71
3669,20230611,547,Sponsored Brands,594,9,12.16,49.21
3670,20250107,684,Sponsored Brands,2449,36,24.69,66.04
3671,20251030,782,Sponsored Brands,2013,32,52.36,229.14
3672,20231231,20,Sponsored Brands,4118,73,53.19,190.23
3673,20251226,49,Sponsored Products,2685,53,65.26,237.59
3674,20230416,743,Sponsored Products,989,11,16.13,33.51
3675,20241226,603,Sponsored Brands,1769,9,9.0,26.81
3676,20240110,631,Sponsored Products,1023,18,24.87,78.29
3677,20230327,447,Sponsored Brands,1348,23,15.44,38.36
3678,20240607,378,Sponsored Products,104,0,0.0,0.0
3679,20241113,411,Sponsored Products,410,1,1.27,6.56
3680,20250812,157,Sponsored Display,751,7,9.77,57.48
3681,20260623,655,Sponsored Products,1078,14,9.2,22.61
3682,20250718,672,Sponsored Products,1628,8,5.58,27.44
3683,20240505,487,DSP,3802,70,70.88,356.76
3684,20241027,432,Sponsored Products,366,1,0.43,0.92
3685,20260127,395,DSP,432,3,3.98,22.53
3686,20260220,274,Sponsored Products,576,10,4.08,14.8
3687,20231209,476,Sponsored Products,1372,16,19.95,40.27
3688,20230731,243,Sponsored Products,3585,69,119.7,559.66
3689,20250621,381,Sponsored Products,2056,10,16.0,78.57
3690,20230312,279,Sponsored Brands,2268,42,17.28,64.31
3691,20260515,296,DSP,2791,50,54.71,135.61
3692,20251013,307,Sponsored Products,998,10,11.34,72.9
3693,20241029,557,Sponsored Products,826,10,6.9,36.96
3694,20260417,483,Sponsored Products,279,4,7.02,24.99
3695,20230325,108,DSP,3693,68,80.75,460.55
3696,20230308,698,Sponsored Display,659,8,4.51,7.39
3697,20231001,543,Sponsored Brands,9084,74,127.45,805.62
3698,20260125,193,Sponsored Products,883,17,17.62,49.59
3699,20230721,40,DSP,558,9,12.06,47.29
3700,20260318,565,DSP,546,1,1.02,2.6
3701,20240109,353,Sponsored Products,2587,17,12.07,27.97
3702,20250523,700,Sponsored Brands,1513,28,32.19,155.25
3703,20240307,431,Sponsored Products,813,13,22.5,122.36
3704,20241225,562,Sponsored Products,3508,12,17.32,90.85
3705,20241014,551,Sponsored Products,296,3,2.2,11.64
3706,20240813,204,Sponsored Brands,898,13,11.32,33.02
3707,20230516,470,DSP,1829,9,7.95,13.23
3708,20230915,26,Sponsored Products,2798,16,16.24,85.05
3709,20240920,175,Sponsored Brands,762,8,10.52,66.01
3710,20250724,83,Sponsored Products,1383,12,12.05,37.59
3711,20260221,425,Sponsored Products,409,5,6.89,21.76
3712,20231211,75,Sponsored Products,1676,19,10.44,57.0
3713,20251225,658,Sponsored Display,521,6,10.35,57.72
3714,20260515,218,Sponsored Brands,2623,17,18.42,46.19
3715,20240420,207,Sponsored Brands,1264,20,11.13,28.02
3716,20260420,77,Sponsored Products,560,6,4.01,16.77
3717,20250328,569,Sponsored Display,549,4,4.33,27.69
3718,20230329,597,Sponsored Display,1461,15,22.34,85.24
3719,20250309,401,Sponsored Display,1328,24,36.16,143.19
3720,20230302,609,DSP,506,5,2.01,10.31
3721,20250319,800,Sponsored Display,3610,24,10.29,41.65
3722,20230512,293,Sponsored Products,1881,28,39.02,183.59
3723,20240517,700,Sponsored Products,1688,11,15.4,23.18
3724,20241021,455,Sponsored Products,874,14,7.64,37.84
3725,20230617,585,Sponsored Brands,988,10,5.33,30.35
3726,20260621,401,Sponsored Products,2165,40,39.41,140.08
3727,20250627,87,Sponsored Products,1919,10,9.69,48.66
3728,20251107,41,Sponsored Display,769,15,19.98,102.12
3729,20240210,520,DSP,500,4,2.06,9.08
3730,20250708,281,DSP,3339,17,8.89,26.37
3731,20240806,199,Sponsored Products,600,3,1.76,11.28
3732,20230412,501,Sponsored Products,1974,24,27.41,75.65
3733,20241208,273,Sponsored Products,481,9,14.0,51.95
3734,20240116,662,Sponsored Brands,2397,43,66.42,367.17
3735,20241031,316,Sponsored Display,739,9,12.84,66.82
3736,20240511,644,Sponsored Brands,916,14,17.86,53.53
3737,20231208,609,Sponsored Products,333,1,1.01,1.78
3738,20251016,356,Sponsored Products,488,7,3.49,17.06
3739,20240412,227,Sponsored Products,641,10,15.38,40.52
3740,20250511,138,Sponsored Display,637,3,3.84,18.62
3741,20250818,206,Sponsored Products,1010,18,24.97,156.18
3742,20240522,527,Sponsored Brands,1564,6,10.65,59.66
3743,20260519,439,Sponsored Products,4914,17,18.21,41.11
3744,20230419,4,Sponsored Display,1246,17,27.54,107.77
3745,20240827,630,Sponsored Products,764,12,21.57,95.88
3746,20230906,316,Sponsored Brands,1029,12,8.92,56.92
3747,20251007,705,Sponsored Brands,211,2,3.52,5.29
3748,20260309,786,Sponsored Products,551,7,9.17,22.61
3749,20231020,293,Sponsored Brands,1752,28,33.19,179.91
3750,20230210,165,Sponsored Display,519,8,3.67,23.11
3751,20230628,765,DSP,913,6,10.39,17.48
3752,20250314,369,Sponsored Display,2079,33,24.98,44.57
3753,20240607,291,Sponsored Display,407,4,3.87,19.71
3754,20251101,284,DSP,5880,23,29.74,193.19
3755,20260316,58,Sponsored Products,769,3,3.81,22.06
3756,20250317,329,Sponsored Products,1923,37,21.44,67.51
3757,20250213,727,Sponsored Products,1528,23,37.32,97.07
3758,20250427,590,Sponsored Products,2218,29,18.33,32.37
3759,20251226,769,Sponsored Products,1866,33,32.19,205.96
3760,20230119,520,Sponsored Brands,1543,19,23.96,93.3
3761,20230518,539,Sponsored Products,1238,11,19.55,96.92
3762,20230828,694,Sponsored Display,1286,20,18.94,61.16
3763,20241029,355,Sponsored Products,1179,6,4.11,20.1
3764,20231119,459,Sponsored Brands,3216,10,5.79,16.27
3765,20230215,397,Sponsored Brands,1922,26,20.98,44.02
3766,20251103,347,Sponsored Display,705,3,1.34,8.22
3767,20250915,170,Sponsored Brands,2290,24,27.57,134.3
3768,20250523,337,Sponsored Products,1781,7,10.11,25.48
3769,20260504,655,Sponsored Products,560,3,1.22,7.08
3770,20230722,456,Sponsored Brands,538,2,1.4,2.16
3771,20231229,647,Sponsored Products,691,10,11.53,34.7
3772,20240907,437,DSP,593,11,11.56,51.52
3773,20260323,68,Sponsored Products,699,12,19.82,110.42
3774,20250618,526,Sponsored Display,2500,28,44.24,71.75
3775,20250328,130,Sponsored Products,2310,12,17.57,54.14
3776,20250627,678,Sponsored Products,1680,5,2.65,8.67
3777,20230429,76,Sponsored Products,557,6,4.9,18.11
3778,20230316,21,Sponsored Brands,1457,25,20.81,128.96
3779,20240126,274,Sponsored Display,2451,26,34.39,144.87
3780,20250803,577,Sponsored Products,1903,7,5.74,21.65
3781,20230809,634,Sponsored Products,818,2,1.27,5.27
3782,20250704,44,Sponsored Products,1884,28,46.29,270.17
3783,20250424,330,Sponsored Display,757,6,7.26,36.77
3784,20250112,313,Sponsored Display,869,7,10.55,37.85
3785,20230417,18,Sponsored Products,1767,7,6.07,33.08
3786,20241030,261,Sponsored Products,3278,56,97.56,596.52
3787,20251023,656,Sponsored Brands,1740,25,16.63,72.98
3788,20260105,394,Sponsored Products,3961,50,64.55,167.81
3789,20230914,672,Sponsored Display,630,10,17.25,82.93
3790,20230815,166,Sponsored Products,1107,5,4.36,23.14
3791,20240211,297,Sponsored Brands,1793,12,11.69,54.23
3792,20240323,654,Sponsored Products,1697,11,17.83,114.37
3793,20250709,487,Sponsored Products,223,1,0.74,4.05
3794,20260306,519,Sponsored Display,725,11,4.97,23.68
3795,20230604,698,Sponsored Products,4637,20,35.85,129.58
3796,20260216,363,Sponsored Brands,906,16,18.0,102.25
3797,20230307,372,Sponsored Products,512,10,10.32,23.6
3798,20240131,757,DSP,1866,19,16.24,30.19
3799,20240326,502,Sponsored Brands,278,5,6.17,32.54
3800,20230909,623,Sponsored Products,751,12,13.62,26.41
3801,20260628,748,DSP,1700,32,50.95,289.86
3802,20250418,312,Sponsored Products,1038,12,16.59,52.02
3803,20241013,195,Sponsored Display,919,5,7.65,47.83
3804,20250908,122,Sponsored Products,1201,6,7.72,24.82
3805,20240514,288,Sponsored Brands,1823,10,6.28,37.76
3806,20250224,52,Sponsored Products,1281,20,23.54,81.14
3807,20240204,562,Sponsored Brands,2833,22,23.47,90.51
3808,20260515,268,Sponsored Products,2135,10,5.72,17.13
3809,20240306,31,Sponsored Products,773,9,9.1,20.53
3810,20260520,261,Sponsored Brands,1144,12,8.73,34.28
3811,20260420,146,Sponsored Products,845,6,5.64,33.71
3812,20241113,486,Sponsored Brands,2317,16,13.01,72.74
3813,20230502,617,Sponsored Products,2283,40,70.55,187.19
3814,20240619,182,Sponsored Products,1109,4,3.76,22.5
3815,20260303,325,DSP,2384,20,23.61,60.13
3816,20240307,414,DSP,1746,20,22.87,52.6
3817,20240530,637,Sponsored Brands,2218,9,3.84,20.31
3818,20231220,697,DSP,7821,92,54.84,143.74
3819,20240220,112,Sponsored Brands,1502,15,16.23,83.07
3820,20260609,499,Sponsored Products,1421,25,25.94,55.6
3821,20230425,609,Sponsored Display,3131,58,24.71,121.97
3822,20260628,254,Sponsored Brands,3031,30,39.43,206.43
3823,20240226,574,Sponsored Display,1336,16,24.03,101.58
3824,20260205,647,Sponsored Products,1951,17,8.81,25.66
3825,20231014,123,Sponsored Display,325,5,5.69,14.76
3826,20250626,781,Sponsored Brands,1151,21,20.89,56.57
3827,20260125,140,Sponsored Display,1052,19,12.78,78.23
3828,20240602,277,Sponsored Products,5361,33,33.7,215.45
3829,20230510,247,Sponsored Products,2249,16,13.67,60.38
3830,20250902,394,Sponsored Products,1024,9,11.35,65.63
3831,20250423,325,Sponsored Products,1360,17,19.46,117.44
3832,20231208,206,Sponsored Products,1427,20,16.75,73.01
3833,20230928,561,Sponsored Brands,543,2,3.21,11.16
3834,20230428,313,Sponsored Display,442,5,4.63,28.73
3835,20230427,418,Sponsored Display,1587,26,41.65,208.31
3836,20240917,493,Sponsored Products,1224,12,15.34,80.31
3837,20231219,235,Sponsored Products,10608,152,223.48,628.89
3838,20230817,370,Sponsored Brands,1565,30,46.27,128.84
3839,20231220,732,Sponsored Products,1207,11,13.31,67.65
3840,20240702,347,Sponsored Products,694,8,12.86,35.83
3841,20241004,8,Sponsored Products,1739,13,11.51,50.37
3842,20231201,645,Sponsored Brands,2321,35,52.25,132.23
3843,20230205,663,Sponsored Products,1091,6,7.29,42.04
3844,20230307,126,Sponsored Products,697,6,5.88,31.06
3845,20240206,401,Sponsored Brands,945,16,20.71,42.25
3846,20260412,480,Sponsored Display,610,2,2.23,6.0
3847,20230716,456,Sponsored Products,876,8,9.29,34.6
3848,20251231,5,Sponsored Products,1162,18,10.62,54.25
3849,20240628,124,Sponsored Products,674,6,5.59,12.11
3850,20250725,318,Sponsored Display,808,7,2.93,16.37
3851,20240219,580,Sponsored Products,340,2,3.08,14.48
3852,20231120,482,Sponsored Products,1866,10,4.59,19.7
3853,20231024,193,Sponsored Products,1247,15,17.57,93.19
3854,20260426,568,Sponsored Brands,2247,35,47.61,274.26
3855,20240214,515,Sponsored Products,831,3,4.59,24.7
3856,20251211,176,Sponsored Brands,2018,21,35.4,205.31
3857,20240127,23,Sponsored Products,768,10,11.07,44.23
3858,20251006,584,Sponsored Brands,2357,44,33.33,89.21
3859,20241109,127,Sponsored Brands,887,6,6.67,10.2
3860,20241219,227,DSP,1755,25,28.05,180.53
3861,20250729,376,Sponsored Brands,1790,31,37.86,230.55
3862,20240902,768,Sponsored Display,349,2,2.3,14.69
3863,20250707,798,Sponsored Display,1246,20,24.84,145.82
3864,20230221,754,Sponsored Display,1959,28,41.29,76.69
3865,20240504,310,DSP,3700,38,33.49,121.24
3866,20250428,154,Sponsored Brands,957,3,3.89,15.54
3867,20230405,471,Sponsored Display,691,7,9.86,17.91
3868,20260501,262,Sponsored Products,3711,19,26.87,92.55
3869,20240116,486,Sponsored Brands,1548,18,10.37,20.87
3870,20250303,600,Sponsored Display,1622,6,8.23,20.87
3871,20230309,764,DSP,1513,9,15.54,40.82
3872,20241119,341,Sponsored Display,1489,24,28.12,164.96
3873,20231102,469,Sponsored Brands,1359,11,12.73,56.18
3874,20250125,412,Sponsored Products,1940,37,20.42,109.01
3875,20260304,394,DSP,388,4,5.98,30.13
3876,20241028,762,Sponsored Display,175,0,0.0,0.0
3877,20241121,739,Sponsored Brands,945,6,7.35,27.94
3878,20230602,361,DSP,677,12,17.44,108.98
3879,20230914,236,Sponsored Brands,1051,3,1.68,4.64
3880,20230123,197,Sponsored Products,1938,12,6.81,19.02
3881,20251126,429,Sponsored Display,2560,23,24.41,133.4
3882,20231117,25,Sponsored Display,2570,36,31.87,83.12
3883,20230812,91,Sponsored Display,1393,15,20.39,48.13
3884,20250706,663,Sponsored Products,515,9,13.74,47.45
3885,20250324,197,Sponsored Brands,3901,59,26.93,107.65
3886,20230531,20,Sponsored Brands,581,8,4.44,28.15
3887,20230824,457,Sponsored Products,4069,57,35.03,131.68
3888,20260212,150,Sponsored Brands,206,2,3.29,19.34
3889,20240720,110,Sponsored Brands,1233,11,17.65,105.22
3890,20240915,771,Sponsored Products,1911,13,9.94,59.31
3891,20240226,776,Sponsored Brands,686,5,8.23,13.72
3892,20230613,607,Sponsored Brands,2925,21,27.1,98.6
3893,20251030,494,Sponsored Products,1948,17,12.52,65.91
3894,20250418,341,Sponsored Brands,3028,34,15.11,61.75
3895,20240229,589,Sponsored Products,1090,6,6.32,36.18
3896,20230214,599,Sponsored Products,1651,5,8.2,13.89
3897,20230518,36,Sponsored Products,2852,39,24.41,113.9
3898,20241110,301,Sponsored Brands,573,3,1.37,7.74
3899,20250413,23,Sponsored Brands,1322,16,22.37,137.96
3900,20251025,168,Sponsored Brands,1529,5,6.53,10.57
3901,20240320,369,Sponsored Display,428,1,1.52,8.55
3902,20230930,53,Sponsored Products,1869,25,27.67,125.75
3903,20251226,562,Sponsored Products,1005,17,9.75,27.84
3904,20250603,673,Sponsored Brands,725,3,3.05,5.29
3905,20250114,417,Sponsored Products,1062,18,22.29,71.0
3906,20240206,552,Sponsored Brands,1001,15,14.48,89.72
3907,20230629,244,Sponsored Brands,2285,16,25.81,55.62
3908,20231007,96,Sponsored Brands,729,4,1.85,9.61
3909,20251027,25,Sponsored Products,674,11,14.38,74.92
3910,20230408,195,Sponsored Products,1566,9,11.44,67.86
3911,20240129,734,Sponsored Products,3100,21,25.09,145.75
3912,20251125,169,Sponsored Products,973,12,14.85,64.18
3913,20240926,83,Sponsored Products,1732,19,31.19,120.73
3914,20250430,178,Sponsored Products,4520,70,78.32,123.07
3915,20250315,488,Sponsored Brands,524,9,4.0,8.94
3916,20230116,192,Sponsored Products,1229,21,14.63,90.69
3917,20251222,428,Sponsored Display,7071,128,67.64,360.95
3918,20250427,466,Sponsored Brands,1512,22,36.51,190.55
3919,20240425,308,Sponsored Products,1418,5,3.66,11.64
3920,20231017,491,Sponsored Display,1561,6,7.01,29.01
3921,20231128,161,Sponsored Products,9194,164,211.69,1178.5
3922,20240222,429,Sponsored Display,449,1,0.48,0.8
3923,20231203,669,Sponsored Display,3066,31,37.32,162.65
3924,20231002,590,Sponsored Products,1271,7,8.31,32.6
3925,20240129,538,Sponsored Display,265,2,2.34,6.69
3926,20251206,348,Sponsored Display,708,2,0.95,3.05
3927,20230121,124,Sponsored Brands,943,3,3.59,20.53
3928,20250228,324,Sponsored Products,212,1,1.8,8.85
3929,20251114,729,DSP,3068,20,16.27,50.15
3930,20230127,672,Sponsored Products,3100,56,27.2,127.31
3931,20240126,126,DSP,3168,37,26.59,102.22
3932,20230613,614,Sponsored Display,308,5,2.74,16.54
3933,20230930,720,Sponsored Brands,2110,17,28.84,140.48
3934,20250208,268,Sponsored Display,1481,20,26.38,43.88
3935,20250513,167,Sponsored Products,977,17,8.82,14.67
3936,20260228,83,DSP,1294,8,4.79,27.0
3937,20250319,78,Sponsored Products,2190,42,45.22,202.41
3938,20240329,15,Sponsored Brands,3970,77,82.13,377.75
3939,20250702,166,Sponsored Products,346,4,4.33,12.61
3940,20250713,477,Sponsored Products,1181,13,19.67,123.95
3941,20241129,729,DSP,4018,52,33.61,178.58
3942,20230929,737,Sponsored Display,1332,10,10.81,61.29
3943,20260124,569,Sponsored Products,2779,39,55.66,132.13
3944,20240630,44,Sponsored Brands,671,3,3.89,19.33
3945,20250926,274,Sponsored Display,1071,3,3.2,10.3
3946,20251015,774,Sponsored Products,739,4,5.8,27.99
3947,20230202,220,Sponsored Products,1467,11,15.28,96.06
3948,20241126,597,Sponsored Brands,2649,43,55.85,119.39
3949,20240801,477,Sponsored Products,4001,52,26.21,76.22
3950,20250807,776,Sponsored Brands,1909,35,50.13,108.18
3951,20250622,121,Sponsored Products,385,7,7.91,15.53
3952,20240924,6,Sponsored Products,1187,3,4.74,30.25
3953,20251220,296,Sponsored Display,3903,23,35.52,61.9
3954,20251127,87,Sponsored Display,13857,92,100.32,340.04
3955,20250830,689,Sponsored Products,1472,15,25.72,152.29
3956,20240202,15,Sponsored Products,2068,7,3.63,21.85
3957,20260129,64,Sponsored Products,892,16,16.27,81.82
3958,20260610,222,Sponsored Display,2617,46,42.37,241.77
3959,20260526,678,Sponsored Products,769,8,13.5,53.65
3960,20250619,735,Sponsored Products,734,7,5.0,12.0
3961,20240911,417,DSP,758,3,4.53,10.04
3962,20250226,749,Sponsored Products,1542,8,3.88,23.41
3963,20230327,561,Sponsored Display,1399,17,11.01,64.79
3964,20240803,133,Sponsored Display,208,3,3.29,10.08
3965,20260420,702,Sponsored Products,987,4,6.79,32.72
3966,20241013,261,Sponsored Display,2602,25,24.23,88.81
3967,20240724,622,DSP,292,1,1.43,7.15
3968,20230902,386,Sponsored Products,663,9,6.59,23.12
3969,20250507,238,Sponsored Display,2327,23,18.1,38.07
3970,20260102,410,Sponsored Products,5544,61,44.03,95.48
3971,20241002,587,DSP,676,11,14.76,27.79
3972,20251222,450,Sponsored Brands,5487,61,46.19,295.69
3973,20251208,506,Sponsored Products,932,17,16.17,33.57
3974,20240129,580,Sponsored Products,1704,14,23.77,140.8
3975,20260626,293,Sponsored Brands,4449,41,71.71,270.32
3976,20240707,329,DSP,1578,24,35.13,186.19
3977,20230903,403,Sponsored Brands,1565,20,33.74,170.49
3978,20230830,406,DSP,4325,82,123.34,788.41
3979,20251106,288,Sponsored Brands,1259,24,25.2,50.27
3980,20250722,229,Sponsored Display,2650,24,35.95,185.76
3981,20240612,495,Sponsored Products,1291,6,7.37,28.77
3982,20250319,546,Sponsored Display,1359,25,27.84,106.86
3983,20230616,707,Sponsored Products,929,9,11.4,39.72
3984,20250710,618,Sponsored Display,529,4,2.95,15.55
3985,20230822,31,Sponsored Brands,360,2,2.23,9.15
3986,20231125,313,Sponsored Products,537,2,1.56,4.11
3987,20240528,407,Sponsored Brands,2334,14,16.23,33.52
3988,20260212,188,Sponsored Display,1675,30,27.39,59.3
3989,20230520,648,Sponsored Products,1678,23,39.39,195.99
3990,20230829,83,Sponsored Brands,1207,6,3.99,22.08
3991,20241006,361,Sponsored Products,1614,31,51.52,126.34
3992,20250414,573,Sponsored Products,2275,34,17.6,60.73
3993,20260503,385,Sponsored Brands,514,6,8.73,49.31
3994,20230316,212,Sponsored Brands,1734,33,14.25,79.45
3995,20230623,187,DSP,345,2,2.48,13.1
3996,20230731,453,Sponsored Products,1712,19,13.58,42.39
3997,20251126,138,Sponsored Display,1244,6,7.2,13.03
3998,20230924,79,Sponsored Brands,686,11,10.12,20.43
3999,20260211,394,Sponsored Products,387,7,10.01,50.96
4000,20240914,456,Sponsored Brands,880,9,7.82,17.87
4001,20241201,765,Sponsored Products,934,11,15.4,76.9
4002,20250719,71,Sponsored Display,1921,21,17.22,39.79
4003,20231006,330,DSP,736,13,12.96,50.0
4004,20230806,316,Sponsored Products,716,3,2.82,7.79
4005,20241225,107,DSP,832,8,12.05,68.04
4006,20251227,698,Sponsored Products,1516,26,42.55,214.79
4007,20250321,325,Sponsored Products,371,1,1.51,8.38
4008,20250909,485,Sponsored Products,3162,51,91.28,570.27
4009,20260408,290,Sponsored Brands,3051,43,18.28,51.07
4010,20240516,166,Sponsored Products,1413,4,5.86,27.51
4011,20240824,761,Sponsored Brands,3863,55,29.23,93.59
4012,20260326,148,DSP,1472,8,7.0,13.19
4013,20240522,107,Sponsored Products,798,5,8.92,49.24
4014,20251206,95,Sponsored Products,2245,14,19.78,40.64
4015,20260610,84,Sponsored Brands,636,4,6.97,41.25
4016,20250828,563,DSP,1396,8,9.33,48.4
4017,20250829,351,Sponsored Brands,1361,6,7.98,24.89
4018,20241225,325,Sponsored Brands,2134,14,8.9,28.93
4019,20230904,250,Sponsored Display,583,5,3.52,7.43
4020,20240216,468,Sponsored Brands,1621,30,51.74,109.58
4021,20240422,415,Sponsored Products,1035,18,17.85,96.5
4022,20240307,384,Sponsored Products,3438,23,21.65,128.62
4023,20250705,415,Sponsored Products,730,3,4.92,8.53
4024,20260216,353,Sponsored Display,1974,35,36.71,93.12
4025,20241227,139,Sponsored Brands,2052,24,12.27,75.3
4026,20240402,373,Sponsored Display,873,4,2.39,9.88
4027,20230511,253,Sponsored Brands,1438,8,11.66,31.72
4028,20260624,619,Sponsored Brands,1497,22,31.98,127.65
4029,20250627,106,Sponsored Brands,309,4,6.47,27.36
4030,20250116,463,Sponsored Products,1122,18,11.28,68.53
4031,20231030,789,Sponsored Products,171,1,0.67,2.51
4032,20241012,639,Sponsored Products,2718,30,43.21,222.12
4033,20240629,432,Sponsored Brands,3186,49,67.7,273.34
4034,20240121,243,DSP,297,4,6.7,31.02
4035,20240731,185,Sponsored Brands,2040,30,23.95,139.62
4036,20231218,385,Sponsored Display,6395,107,179.93,321.46
4037,20230131,231,Sponsored Brands,1952,6,2.47,12.87
4038,20241028,634,DSP,1648,27,27.74,171.38
4039,20251030,481,Sponsored Brands,4245,55,60.04,158.37
4040,20230728,284,Sponsored Products,1124,12,9.16,14.89
4041,20250911,64,Sponsored Products,1457,4,5.54,32.69
4042,20241013,390,Sponsored Products,1583,27,16.3,59.91
4043,20250425,599,Sponsored Products,1523,5,8.29,36.73
4044,20250121,625,Sponsored Brands,665,4,6.01,15.33
4045,20240825,720,Sponsored Brands,1572,23,12.5,52.65
4046,20230412,441,Sponsored Brands,1134,18,18.41,76.82
4047,20240619,229,Sponsored Products,777,9,4.42,26.37
4048,20240501,460,Sponsored Display,879,11,14.12,49.16
4049,20230422,612,Sponsored Products,3159,22,10.35,49.84
4050,20240117,636,Sponsored Products,541,4,1.76,4.28
4051,20230114,554,DSP,1867,25,44.35,167.76
4052,20250419,26,Sponsored Products,546,8,12.61,28.83
4053,20240918,432,Sponsored Brands,1200,10,12.26,45.16
4054,20241102,552,DSP,4672,84,44.59,110.98
4055,20250814,689,Sponsored Products,4291,39,62.65,256.89
4056,20250826,761,Sponsored Products,1135,8,10.96,61.46
4057,20230323,192,DSP,200,0,0.0,0.0
4058,20250203,306,Sponsored Brands,18,0,0.0,0.0
4059,20251220,339,Sponsored Products,1211,15,14.93,58.84
4060,20240517,383,Sponsored Brands,1857,23,30.23,181.25
4061,20240901,410,Sponsored Products,3857,31,23.77,37.87
4062,20260630,450,Sponsored Display,660,12,20.6,133.32
4063,20230320,562,Sponsored Brands,969,7,8.36,14.3
4064,20251130,440,Sponsored Display,1790,10,12.36,64.4
4065,20231217,189,Sponsored Brands,7958,96,103.46,333.07
4066,20230502,505,Sponsored Brands,1758,8,11.24,60.62
4067,20241231,288,Sponsored Products,3262,46,69.39,289.68
4068,20260424,346,Sponsored Products,3206,24,27.53,165.2
4069,20250320,460,DSP,376,2,1.31,3.2
4070,20250118,260,Sponsored Brands,423,7,7.86,18.78
4071,20240625,748,DSP,733,3,4.57,24.49
4072,20241114,157,Sponsored Brands,329,1,1.72,6.04
4073,20260515,145,Sponsored Products,342,4,3.28,14.71
4074,20251208,177,Sponsored Display,380,3,3.46,8.71
4075,20231119,621,Sponsored Brands,2656,47,65.77,382.66
4076,20240815,271,Sponsored Brands,2074,36,24.52,51.6
4077,20231124,324,Sponsored Brands,2791,51,70.62,214.86
4078,20230725,116,Sponsored Display,1164,8,3.67,17.8
4079,20260305,532,Sponsored Brands,374,2,2.34,11.57
4080,20230528,639,Sponsored Products,1463,13,16.53,70.33
4081,20231123,547,Sponsored Products,763,5,2.29,8.77
4082,20240310,620,Sponsored Products,1667,24,14.78,29.21
4083,20250727,180,Sponsored Products,1506,11,11.8,34.32
4084,20230313,7,Sponsored Brands,1215,11,15.02,54.68
4085,20260504,306,Sponsored Display,3393,31,24.74,58.28
4086,20251026,222,Sponsored Display,771,4,1.74,4.21
4087,20251225,733,Sponsored Products,2362,18,15.38,33.64
4088,20230311,725,DSP,1967,37,19.49,86.63
4089,20251231,685,Sponsored Brands,932,14,5.61,10.4
4090,20260113,778,Sponsored Brands,656,8,13.03,64.07
4091,20250523,506,Sponsored Display,1590,14,6.63,20.83
4092,20250314,519,Sponsored Products,1170,11,17.75,87.62
4093,20240923,537,Sponsored Brands,1733,16,18.44,41.66
4094,20240706,546,Sponsored Brands,379,4,4.49,12.03
4095,20250203,428,DSP,1604,25,41.31,195.03
4096,20231101,365,DSP,1196,9,14.83,36.97
4097,20240221,195,Sponsored Products,3194,29,44.12,187.12
4098,20250205,509,Sponsored Products,998,11,12.49,49.38
4099,20240305,624,Sponsored Brands,466,6,4.62,7.3
4100,20260330,655,Sponsored Products,1345,23,31.21,124.68
4101,20240922,344,Sponsored Brands,2792,14,9.36,43.75
4102,20250818,484,Sponsored Products,174,2,1.83,11.82
4103,20240809,333,Sponsored Products,2192,22,23.55,79.67
4104,20260329,636,Sponsored Brands,1010,12,17.97,39.13
4105,20231105,61,Sponsored Brands,704,3,3.23,5.48
4106,20241204,45,Sponsored Products,1551,6,9.19,16.81
4107,20241021,619,Sponsored Products,589,5,6.17,28.39
4108,20240327,584,Sponsored Display,1199,18,12.42,32.09
4109,20240316,108,Sponsored Products,2208,34,21.45,131.14
4110,20230817,253,Sponsored Brands,43,0,0.0,0.0
4111,20250103,686,Sponsored Products,4028,72,69.16,174.76
4112,20241005,748,Sponsored Brands,1239,15,17.45,103.06
4113,20251224,168,Sponsored Products,2070,34,19.32,81.7
4114,20250526,182,Sponsored Products,863,8,9.48,17.69
4115,20230903,574,Sponsored Brands,1615,18,18.42,61.15
4116,20250112,252,DSP,2943,40,28.69,63.94
4117,20230130,775,Sponsored Products,723,6,10.21,58.04
4118,20250630,105,Sponsored Brands,2554,29,14.86,32.47
4119,20240404,592,Sponsored Products,1896,15,24.24,133.84
4120,20250826,97,Sponsored Display,3662,22,10.27,25.94
4121,20230321,374,Sponsored Products,1572,24,20.3,69.47
4122,20231222,50,Sponsored Brands,4278,15,23.55,143.35
4123,20240928,165,Sponsored Products,3043,13,10.14,61.41
4124,20230413,303,DSP,1312,10,13.55,56.06
4125,20250415,707,Sponsored Products,853,13,18.11,55.25
4126,20260529,93,Sponsored Brands,1298,22,12.91,43.21
4127,20250615,133,Sponsored Products,409,7,11.68,34.21
4128,20230721,57,Sponsored Products,3030,37,41.62,183.97
4129,20230929,301,Sponsored Products,843,13,7.47,17.75
4130,20231023,296,Sponsored Products,1372,25,35.68,95.79
4131,20230924,78,Sponsored Products,3005,55,84.57,286.0
4132,20260626,706,Sponsored Brands,1752,20,32.99,166.67
4133,20260404,284,Sponsored Products,1553,7,10.17,31.79
4134,20230228,744,Sponsored Products,830,3,2.25,7.87
4135,20230812,542,Sponsored Products,4050,47,58.47,141.66
4136,20241212,737,Sponsored Products,1420,6,8.22,15.76
4137,20251105,700,Sponsored Products,806,12,10.95,64.8
4138,20230713,658,Sponsored Products,3050,45,71.73,209.09
4139,20240422,649,Sponsored Products,2814,9,13.36,86.6
4140,20230826,366,Sponsored Products,352,1,1.6,7.08
4141,20231104,78,Sponsored Display,4591,88,42.73,266.83
4142,20230901,187,Sponsored Products,1819,35,58.46,264.62
4143,20250217,620,Sponsored Products,1481,19,13.63,72.23
4144,20230204,686,Sponsored Products,1547,29,23.16,37.8
4145,20260123,628,Sponsored Display,117,2,1.41,3.59
4146,20260605,453,Sponsored Products,2421,25,16.63,70.93
4147,20250909,579,Sponsored Display,1304,20,29.32,116.58
4148,20250826,499,Sponsored Brands,689,11,7.45,43.37
4149,20230312,669,Sponsored Products,1903,35,28.03,85.64
4150,20250126,147,Sponsored Products,976,7,5.84,31.46
4151,20230920,627,Sponsored Display,1075,18,22.36,68.5
4152,20250816,773,Sponsored Display,3276,51,86.3,303.28
4153,20250116,590,Sponsored Brands,1617,16,8.94,55.2
4154,20240608,556,Sponsored Brands,1379,22,29.04,172.56
4155,20230423,585,Sponsored Display,757,4,5.45,35.13
4156,20260215,690,Sponsored Display,900,17,7.07,35.39
4157,20250913,263,Sponsored Products,2125,10,13.81,36.45
4158,20250816,97,Sponsored Brands,2211,36,27.4,65.49
4159,20240616,745,Sponsored Display,1758,9,15.19,47.26
4160,20231219,207,DSP,3199,29,51.56,240.8
4161,20240603,79,DSP,1050,8,11.51,20.42
4162,20250928,273,Sponsored Products,2293,33,37.08,213.75
4163,20230212,623,Sponsored Brands,4005,45,71.45,433.31
4164,20240428,416,Sponsored Display,790,5,8.19,33.07
4165,20241231,646,Sponsored Brands,638,4,4.4,6.99
4166,20240415,535,Sponsored Products,3943,22,27.3,125.52
4167,20250129,308,Sponsored Products,3878,49,64.7,165.38
4168,20230916,64,Sponsored Display,3626,24,10.73,20.58
4169,20240427,566,Sponsored Brands,2371,22,29.14,45.57
4170,20231118,435,Sponsored Brands,2465,37,36.1,220.8
4171,20250910,379,DSP,4367,36,40.85,180.82
4172,20251124,319,Sponsored Display,1469,5,2.78,12.93
4173,20230423,589,Sponsored Products,777,6,8.45,39.52
4174,20251101,531,Sponsored Products,2030,21,32.56,52.7
4175,20241019,517,Sponsored Display,2115,22,34.87,223.02
4176,20250115,324,Sponsored Products,523,4,2.14,11.32
4177,20240103,349,Sponsored Brands,4922,96,96.5,465.12
4178,20250505,288,Sponsored Products,210,2,2.47,4.28
4179,20241127,357,Sponsored Products,11198,33,47.99,225.96
4180,20250425,1,Sponsored Brands,666,8,5.85,34.67
4181,20260327,575,DSP,1242,3,3.13,9.19
4182,20260122,495,DSP,3900,16,25.89,110.9
4183,20231215,520,DSP,1493,20,27.95,78.4
4184,20230209,26,Sponsored Brands,2526,8,10.5,64.84
4185,20250110,97,Sponsored Display,2828,41,58.24,212.48
4186,20250720,721,Sponsored Products,3707,72,75.89,190.62
4187,20240211,730,Sponsored Display,6513,80,34.18,166.86
4188,20250831,670,Sponsored Brands,5288,39,62.18,343.62
4189,20240527,108,Sponsored Brands,2594,48,41.45,165.86
4190,20250620,24,Sponsored Display,1071,5,8.97,55.33
4191,20241026,529,Sponsored Products,2370,8,13.62,25.99
4192,20240119,684,Sponsored Products,494,5,6.45,32.92
4193,20240114,649,Sponsored Products,798,8,4.5,16.24
4194,20230104,291,Sponsored Display,3648,50,47.46,96.89
4195,20250610,44,Sponsored Brands,1081,6,7.16,43.33
4196,20241211,488,Sponsored Products,291,5,2.83,4.54
4197,20240807,124,Sponsored Products,1850,9,7.24,38.59
4198,20260106,471,Sponsored Products,283,0,0.0,0.0
4199,20240506,151,Sponsored Display,874,7,3.84,13.06
4200,20250210,185,Sponsored Products,4746,54,71.99,197.51
4201,20231210,188,Sponsored Display,2252,18,16.14,90.84
4202,20260311,545,Sponsored Brands,2142,26,39.68,231.14
4203,20240630,123,Sponsored Brands,1217,23,36.55,123.48
4204,20240408,36,Sponsored Brands,4004,69,108.04,527.33
4205,20251101,775,DSP,3404,40,27.44,66.92
4206,20251010,487,Sponsored Products,1288,13,12.95,82.42
4207,20250912,413,Sponsored Products,2792,26,13.86,43.81
4208,20250916,632,Sponsored Products,402,5,4.97,15.83
4209,20230716,460,Sponsored Brands,2884,34,56.01,261.07
4210,20250817,319,Sponsored Products,1486,5,3.36,11.99
4211,20250421,412,Sponsored Brands,1528,25,26.34,78.9
4212,20230324,35,Sponsored Products,288,4,5.46,12.94
4213,20250402,338,Sponsored Brands,1806,9,4.22,8.93
4214,20260322,500,Sponsored Products,1118,8,8.45,26.51
4215,20260628,90,Sponsored Display,785,11,6.1,26.86
4216,20260314,503,Sponsored Products,751,4,4.74,23.95
4217,20230223,584,Sponsored Products,4945,86,119.41,267.73
4218,20230101,530,Sponsored Brands,539,7,10.11,58.76
4219,20250301,467,Sponsored Brands,3509,64,83.98,398.1
4220,20250818,535,Sponsored Brands,927,7,11.86,42.12
4221,20230116,49,Sponsored Products,1487,23,22.3,115.45
4222,20240616,162,Sponsored Products,1280,17,20.48,53.26
4223,20231007,425,Sponsored Products,1382,8,10.42,46.97
4224,20251106,441,Sponsored Products,3471,43,45.5,119.22
4225,20230504,380,Sponsored Brands,2644,23,31.53,115.49
4226,20240503,239,Sponsored Products,1051,4,2.31,6.62
4227,20230906,533,DSP,1293,8,14.4,55.11
4228,20240919,592,Sponsored Products,832,14,14.36,32.99
4229,20250402,43,DSP,2308,6,9.96,39.8
4230,20230414,739,Sponsored Products,2814,9,15.44,30.18
4231,20260414,756,Sponsored Display,231,3,2.62,7.73
4232,20230616,455,Sponsored Products,774,13,6.71,43.1
4233,20250415,18,DSP,1163,14,5.73,33.71
4234,20230523,87,DSP,2085,30,19.69,96.28
4235,20240118,150,Sponsored Products,386,4,5.9,8.96
4236,20241223,743,Sponsored Display,2565,9,12.07,58.99
4237,20240624,279,Sponsored Products,1405,10,15.56,86.19
4238,20240227,72,Sponsored Products,1568,13,10.97,25.36
4239,20250616,773,Sponsored Display,2236,13,7.97,38.37
4240,20250401,100,Sponsored Display,2088,11,18.48,86.44
4241,20230309,519,Sponsored Display,671,6,6.31,10.78
4242,20230819,504,Sponsored Brands,4151,56,31.81,58.87
4243,20230909,602,Sponsored Products,580,6,8.45,38.58
4244,20251005,300,Sponsored Products,427,6,9.7,53.44
4245,20231009,264,DSP,1154,21,11.42,67.06
4246,20240202,135,DSP,3421,32,13.07,70.19
4247,20230617,246,DSP,734,9,14.05,48.4
4248,20250228,154,Sponsored Brands,3233,20,34.56,192.24
4249,20230621,698,Sponsored Products,3015,22,15.47,36.8
4250,20260623,513,Sponsored Products,506,8,4.12,15.81
4251,20260501,347,Sponsored Products,3686,39,18.61,30.96
4252,20241120,208,DSP,453,4,7.02,42.48
4253,20230219,607,Sponsored Brands,2068,32,16.4,46.1
4254,20251008,533,Sponsored Brands,2641,9,6.43,26.19
4255,20250416,740,Sponsored Brands,4118,60,99.18,201.78
4256,20251025,533,Sponsored Products,2925,31,22.36,107.51
4257,20230925,296,Sponsored Products,567,1,0.7,4.44
4258,20230103,294,Sponsored Products,2663,49,65.77,269.77
4259,20231214,111,Sponsored Brands,903,16,27.18,162.82
4260,20250605,115,Sponsored Display,3013,28,25.18,135.46
4261,20240422,362,Sponsored Products,582,5,3.37,6.71
4262,20260625,320,Sponsored Display,267,1,0.83,4.29
4263,20230520,540,Sponsored Products,1880,14,8.38,31.61
4264,20251105,89,Sponsored Products,1149,10,12.15,43.19
4265,20250217,787,DSP,940,3,5.14,26.47
4266,20240922,701,Sponsored Brands,623,2,1.73,3.98
4267,20250628,8,Sponsored Brands,658,2,0.89,2.09
4268,20231012,788,Sponsored Products,1564,26,36.0,127.08
4269,20230819,97,DSP,2431,14,16.24,84.19
4270,20251225,481,Sponsored Display,3426,65,101.67,170.07
4271,20230204,143,Sponsored Products,1872,34,23.12,130.67
4272,20240121,519,Sponsored Products,865,8,5.85,14.58
4273,20230418,678,Sponsored Products,228,2,1.5,4.88
4274,20251102,788,Sponsored Brands,635,4,5.57,32.08
4275,20240426,398,Sponsored Display,1151,18,30.89,51.86
4276,20250310,76,DSP,1009,4,4.64,21.42
4277,20250120,344,Sponsored Products,1261,13,12.63,22.51
4278,20240515,553,Sponsored Products,1837,7,6.88,22.56
4279,20250914,184,Sponsored Brands,2453,40,56.13,204.39
4280,20240228,31,Sponsored Products,598,4,6.5,18.36
4281,20250922,560,Sponsored Products,2925,25,44.3,236.74
4282,20251004,441,Sponsored Products,980,3,3.09,17.31
4283,20250611,583,Sponsored Display,3069,37,35.99,156.64
4284,20250912,600,Sponsored Products,2196,21,11.31,71.04
4285,20251023,84,Sponsored Products,1589,17,10.65,49.03
4286,20250406,543,Sponsored Products,2155,23,26.29,73.33
4287,20240715,636,Sponsored Products,1981,12,8.41,41.3
4288,20250104,548,Sponsored Products,3180,10,8.23,26.21
4289,20241123,565,Sponsored Products,1915,7,4.5,27.01
4290,20230617,251,DSP,1423,10,14.91,81.01
4291,20260602,724,Sponsored Brands,456,2,1.84,3.14
4292,20251021,132,Sponsored Products,1473,7,5.51,14.02
4293,20241205,488,Sponsored Products,810,5,5.62,26.76
4294,20251208,153,Sponsored Products,894,13,19.54,70.33
4295,20260503,532,Sponsored Brands,1230,9,12.96,80.73
4296,20240703,751,Sponsored Products,4540,70,115.41,683.87
4297,20230904,260,Sponsored Products,841,5,4.13,23.58
4298,20260408,490,Sponsored Brands,2048,8,13.97,21.42
4299,20240207,583,Sponsored Products,155,1,0.71,1.44
4300,20250722,558,Sponsored Products,1738,26,29.2,88.65
4301,20231116,523,Sponsored Brands,943,4,3.87,18.59
4302,20240804,10,Sponsored Brands,1599,7,8.41,27.16
4303,20251110,669,DSP,707,10,14.1,66.92
4304,20240901,205,Sponsored Products,1234,21,33.43,119.38
4305,20230131,77,Sponsored Products,907,15,13.14,68.95
4306,20250621,592,Sponsored Products,197,2,1.86,6.68
4307,20250804,249,Sponsored Display,3727,27,25.47,94.87
4308,20230205,140,Sponsored Brands,3094,14,7.67,29.44
4309,20231103,415,Sponsored Products,2893,47,80.34,180.79
4310,20251204,339,Sponsored Display,132,1,0.77,3.34
4311,20240515,442,Sponsored Products,563,2,0.92,3.65
4312,20230726,710,Sponsored Products,1222,18,18.64,51.78
4313,20230903,252,DSP,803,6,5.45,26.94
4314,20230521,516,Sponsored Products,1203,21,18.68,96.47
4315,20241108,769,Sponsored Products,1547,26,10.81,18.41
4316,20251006,632,Sponsored Brands,1592,11,15.87,39.87
4317,20231020,690,Sponsored Products,295,5,4.91,30.05
4318,20230331,292,Sponsored Products,1664,26,20.08,101.98
4319,20241201,531,DSP,2159,20,10.55,35.25
4320,20240312,621,Sponsored Products,765,8,11.51,52.02
4321,20240327,346,Sponsored Products,2795,32,56.06,359.54
4322,20230110,528,Sponsored Products,2552,19,24.92,144.65
4323,20250807,123,Sponsored Display,2435,37,27.49,122.19
4324,20250712,266,Sponsored Products,4206,65,68.62,219.69
4325,20250316,318,DSP,922,8,6.75,15.74
4326,20240106,416,Sponsored Brands,2166,11,16.56,33.59
4327,20240425,399,Sponsored Brands,1576,6,9.47,14.43
4328,20250102,507,Sponsored Products,3842,51,73.0,291.62
4329,20241115,334,Sponsored Products,1323,25,13.0,41.05
4330,20260309,486,Sponsored Products,2348,46,24.97,57.26
4331,20250915,378,Sponsored Brands,2495,30,42.24,115.18
4332,20260102,340,Sponsored Products,2180,21,29.26,141.18
4333,20240626,183,Sponsored Products,1025,16,11.34,67.31
4334,20250429,378,Sponsored Products,1540,13,17.71,111.35
4335,20230802,726,Sponsored Display,2397,38,36.27,107.27
4336,20250915,664,Sponsored Products,1782,16,9.65,24.99
4337,20230203,333,DSP,1474,9,10.93,23.27
4338,20251107,790,Sponsored Products,1138,13,19.88,111.46
4339,20240128,21,DSP,928,17,10.09,50.36
4340,20230601,765,Sponsored Products,2575,20,25.88,104.01
4341,20230903,280,Sponsored Products,2951,32,12.97,81.81
4342,20230412,590,Sponsored Products,1414,24,18.43,94.82
4343,20241219,765,Sponsored Products,1029,16,14.99,34.97
4344,20260522,121,Sponsored Products,1188,13,21.03,128.78
4345,20241111,133,Sponsored Products,3870,55,62.18,282.65
4346,20241025,197,Sponsored Products,1400,27,15.68,31.75
4347,20230805,659,Sponsored Display,983,7,8.46,50.83
4348,20230301,555,Sponsored Display,1792,22,34.28,170.46
4349,20250226,184,Sponsored Display,2668,14,8.96,17.92
4350,20230727,746,Sponsored Products,3622,55,40.27,178.32
4351,20250704,748,DSP,763,5,2.78,10.75
4352,20260414,494,DSP,2866,38,46.96,220.92
4353,20250102,614,Sponsored Display,3805,62,50.64,256.93
4354,20250428,702,Sponsored Brands,1213,5,5.95,33.16
4355,20231031,439,Sponsored Display,922,7,12.42,52.13
4356,20240105,7,Sponsored Brands,6141,119,69.24,205.02
4357,20250205,469,Sponsored Brands,1389,6,7.5,25.6
4358,20240411,266,Sponsored Brands,1804,9,6.3,9.78
4359,20240831,412,Sponsored Products,1399,9,3.88,15.31
4360,20250921,505,Sponsored Products,608,11,9.83,62.12
4361,20241013,748,Sponsored Products,1542,9,15.45,72.34
4362,20250228,430,Sponsored Products,826,6,2.77,15.52
4363,20260604,229,Sponsored Products,605,4,2.4,14.61
4364,20230926,314,Sponsored Products,2949,26,13.3,24.62
4365,20250315,337,Sponsored Products,2208,38,15.58,86.19
4366,20260518,25,Sponsored Products,784,10,13.18,28.73
4367,20230913,312,Sponsored Products,941,18,31.24,139.69
4368,20251023,375,Sponsored Products,498,3,4.4,20.37
4369,20251217,22,Sponsored Products,3311,57,83.75,499.16
4370,20260606,493,Sponsored Products,2178,24,11.22,17.74
4371,20230913,530,Sponsored Brands,1891,23,26.17,73.95
4372,20240405,338,Sponsored Display,2160,40,54.31,201.56
4373,20230814,560,Sponsored Products,1079,4,4.88,8.82
4374,20250616,653,Sponsored Products,334,1,1.07,1.85
4375,20241023,294,Sponsored Brands,504,7,6.87,19.47
4376,20241103,19,Sponsored Products,1970,29,36.3,203.79
4377,20240702,107,Sponsored Brands,1018,15,22.6,109.72
4378,20230602,569,Sponsored Brands,3017,23,15.07,84.87
4379,20230607,459,DSP,114,1,0.86,1.48
4380,20260403,530,Sponsored Products,2057,13,14.06,56.75
4381,20260505,253,Sponsored Display,2001,34,41.09,101.64
4382,20251206,14,Sponsored Products,577,2,3.53,14.63
4383,20260506,720,Sponsored Products,1457,24,27.17,115.98
4384,20231001,598,Sponsored Products,2064,18,9.44,17.02
4385,20230130,334,DSP,1565,8,6.34,34.35
4386,20231218,336,DSP,5412,57,26.01,90.98
4387,20260530,107,Sponsored Products,1047,16,19.71,127.45
4388,20260318,307,Sponsored Products,2132,41,52.39,309.33
4389,20231120,82,DSP,3783,21,37.13,101.24
4390,20241023,304,DSP,2133,11,9.87,27.01
4391,20260504,659,Sponsored Products,657,9,14.17,73.38
4392,20231228,247,DSP,1016,18,29.44,128.79
4393,20241218,587,Sponsored Products,2952,37,24.09,124.09
4394,20250227,85,Sponsored Products,965,15,24.55,113.6
4395,20241101,380,Sponsored Brands,506,3,3.76,15.97
4396,20230301,489,Sponsored Brands,791,9,13.03,66.68
4397,20251113,619,Sponsored Products,773,7,5.3,14.18
4398,20240215,456,Sponsored Products,3008,46,19.46,57.38
4399,20241124,566,Sponsored Display,277,4,7.16,21.43
4400,20250628,522,Sponsored Brands,1285,6,9.32,47.91
4401,20230605,678,Sponsored Products,1527,28,35.46,96.01
4402,20251108,723,Sponsored Products,930,17,29.04,51.73
4403,20250224,63,Sponsored Display,1680,15,15.45,72.08
4404,20260603,666,Sponsored Brands,3174,17,26.16,162.9
4405,20250104,386,Sponsored Display,3566,59,37.08,189.28
4406,20231018,460,Sponsored Products,159,3,3.95,22.12
4407,20230311,776,Sponsored Products,1444,12,20.78,33.85
4408,20240716,535,Sponsored Brands,1192,9,5.63,14.3
4409,20260526,269,Sponsored Display,3295,63,55.39,283.22
4410,20260212,209,DSP,2193,39,26.63,45.3
4411,20260306,392,Sponsored Products,3111,40,37.98,196.99
4412,20260325,549,Sponsored Products,1609,29,21.4,116.86
4413,20230715,724,Sponsored Products,1078,18,31.36,73.07
4414,20260519,336,Sponsored Products,1078,15,26.77,120.2
4415,20251006,343,Sponsored Products,975,4,2.76,13.48
4416,20240413,583,Sponsored Display,1279,12,10.53,33.75
4417,20230811,388,Sponsored Display,4388,48,33.25,119.82
4418,20251020,725,Sponsored Display,283,4,3.3,9.18
4419,20260309,50,Sponsored Products,779,7,4.42,7.36
4420,20250511,714,Sponsored Products,791,6,5.42,32.89
4421,20230329,9,Sponsored Display,2299,17,14.12,75.49
4422,20240907,209,Sponsored Display,1626,15,17.96,37.0
4423,20250716,23,Sponsored Products,1265,13,21.58,99.92
4424,20250201,126,Sponsored Products,244,3,4.14,11.43
4425,20250504,533,Sponsored Brands,2147,37,27.39,76.88
4426,20251210,553,Sponsored Products,1340,13,20.43,93.42
4427,20231107,328,Sponsored Display,1663,10,16.25,50.63
4428,20240206,774,DSP,527,6,10.68,16.65
4429,20230619,308,Sponsored Products,1281,9,11.97,53.59
4430,20241228,647,Sponsored Brands,1585,23,20.11,41.67
4431,20240304,789,Sponsored Brands,3859,63,92.51,182.79
4432,20240513,167,DSP,724,4,4.18,19.29
4433,20241207,130,Sponsored Display,1143,6,7.48,21.05
4434,20230913,375,Sponsored Brands,1449,9,5.58,28.52
4435,20250502,190,Sponsored Brands,1224,11,16.31,29.51
4436,20231204,644,Sponsored Products,529,3,1.99,6.47
4437,20240725,690,Sponsored Products,1830,18,30.81,161.07
4438,20240211,471,Sponsored Products,991,12,5.2,32.39
4439,20250423,263,Sponsored Brands,779,12,4.85,27.23
4440,20241007,341,Sponsored Brands,269,4,5.14,8.57
4441,20241125,47,DSP,608,11,10.94,61.18
4442,20230819,86,Sponsored Products,179,0,0.0,0.0
4443,20230322,24,Sponsored Brands,1657,8,11.52,20.48
4444,20230605,655,Sponsored Products,1229,8,4.75,28.74
4445,20241021,178,Sponsored Display,853,16,11.34,66.56
4446,20231014,774,Sponsored Products,1577,26,13.21,57.42
4447,20240820,754,Sponsored Products,522,6,6.62,35.87
4448,20240115,790,Sponsored Products,586,5,7.26,29.92
4449,20240410,756,Sponsored Display,2566,18,24.29,119.99
4450,20240911,59,Sponsored Products,2643,26,41.05,214.62
4451,20231119,779,Sponsored Products,1873,24,32.93,190.59
4452,20241027,80,Sponsored Brands,2825,36,19.59,69.82
4453,20230419,204,Sponsored Products,3441,12,19.58,45.64
4454,20251111,419,DSP,2126,8,11.15,26.37
4455,20250529,774,Sponsored Products,3171,24,11.9,54.68
4456,20260321,556,Sponsored Products,2353,45,79.93,483.41
4457,20250124,470,Sponsored Brands,1051,19,31.34,131.96
4458,20250921,218,Sponsored Brands,1798,25,27.38,79.38
4459,20240306,489,Sponsored Products,1571,8,4.94,28.48
4460,20241107,549,Sponsored Products,2997,13,6.6,29.68
4461,20231217,438,DSP,2918,18,26.62,169.98
4462,20250827,424,Sponsored Products,2415,40,46.28,236.4
4463,20231207,734,Sponsored Products,1511,26,13.54,21.39
4464,20250312,122,DSP,515,8,3.42,15.14
4465,20230629,608,Sponsored Display,721,13,20.72,111.44
4466,20260313,780,Sponsored Products,1616,19,32.62,78.58
4467,20240519,10,Sponsored Brands,4344,62,68.07,280.92
4468,20240920,675,Sponsored Display,365,3,1.35,6.84
4469,20240620,87,Sponsored Products,456,2,1.1,3.69
4470,20250731,138,Sponsored Display,1088,7,7.59,14.74
4471,20230924,610,Sponsored Products,1924,14,11.75,43.65
4472,20230426,262,Sponsored Products,2324,10,17.59,29.09
4473,20241028,20,Sponsored Brands,1307,20,18.51,107.74
4474,20250907,285,Sponsored Brands,1013,18,17.12,49.52
4475,20260317,47,Sponsored Brands,2699,17,16.8,92.7
4476,20250803,132,Sponsored Display,3197,22,23.22,37.46
4477,20260608,434,DSP,1291,15,24.6,70.97
4478,20251208,708,Sponsored Brands,2055,23,25.4,140.31
4479,20230427,769,Sponsored Display,1440,4,1.75,4.07
4480,20250926,659,Sponsored Brands,810,15,18.77,64.29
4481,20260116,733,DSP,837,11,18.05,35.87
4482,20250726,534,Sponsored Products,2425,45,78.91,498.48
4483,20230220,24,Sponsored Display,2038,30,43.54,253.19
4484,20251110,50,Sponsored Products,1850,14,22.55,34.46
4485,20240626,502,Sponsored Brands,4399,57,56.52,322.12
4486,20260411,714,Sponsored Products,1345,13,11.01,21.09
4487,20241026,631,Sponsored Display,1209,7,6.86,15.73
4488,20250904,540,Sponsored Products,946,6,4.19,7.35
4489,20251204,188,DSP,1353,20,28.86,126.17
4490,20240903,380,DSP,825,14,13.59,52.17
4491,20240401,610,Sponsored Products,223,3,2.94,5.32
4492,20230530,339,Sponsored Brands,384,6,2.43,5.25
4493,20260526,582,Sponsored Brands,786,5,7.38,47.16
4494,20240429,376,Sponsored Brands,2485,20,28.21,129.27
4495,20230616,767,Sponsored Products,1232,19,24.78,156.45
4496,20251121,511,Sponsored Brands,2486,43,64.02,257.4
4497,20230203,247,Sponsored Products,643,9,4.43,17.75
4498,20241213,30,Sponsored Products,1416,4,3.45,7.81
4499,20240520,113,Sponsored Products,1786,25,38.04,194.79
4500,20260228,289,Sponsored Products,806,14,5.66,28.23
4501,20240803,786,Sponsored Display,4264,19,30.58,125.91
4502,20240718,2,Sponsored Products,1498,25,18.25,28.3
4503,20230519,382,Sponsored Display,580,3,1.37,4.39
4504,20230507,748,Sponsored Display,567,5,4.37,10.53
4505,20250910,315,Sponsored Brands,576,6,2.62,12.44
4506,20231028,550,Sponsored Display,372,3,4.54,9.48
4507,20240630,438,Sponsored Brands,3846,12,19.61,43.88
4508,20260108,659,Sponsored Brands,1110,6,8.29,33.33
4509,20240102,313,Sponsored Brands,333,4,5.26,20.81
4510,20230707,612,DSP,1152,5,4.15,24.25
4511,20231007,455,Sponsored Brands,1975,22,10.49,34.59
4512,20251204,274,Sponsored Brands,2572,23,38.89,81.31
4513,20231229,107,DSP,1745,17,24.99,93.05
4514,20250128,222,Sponsored Display,1018,9,11.43,73.74
4515,20260606,256,Sponsored Products,464,3,4.14,23.33
4516,20251210,785,Sponsored Products,4363,20,12.12,25.07
4517,20240515,540,Sponsored Products,1032,20,15.38,72.13
4518,20250526,564,Sponsored Products,910,6,10.39,44.69
4519,20250323,112,Sponsored Brands,524,6,5.68,19.63
4520,20251019,659,DSP,1614,5,8.02,32.17
4521,20240320,182,Sponsored Products,2232,32,32.26,100.62
4522,20260105,746,Sponsored Display,3209,43,17.21,42.56
4523,20231121,506,Sponsored Brands,2345,46,44.07,100.56
4524,20230824,522,Sponsored Display,892,13,12.09,63.21
4525,20260128,539,Sponsored Brands,1312,17,21.21,72.46
4526,20250805,607,Sponsored Products,89,1,1.79,5.64
4527,20251214,238,Sponsored Display,1017,20,33.76,76.98
4528,20260530,196,Sponsored Display,718,5,3.93,20.42
4529,20240314,74,Sponsored Brands,3319,15,8.63,35.45
4530,20230522,337,Sponsored Products,1098,9,11.06,62.12
4531,20231221,638,Sponsored Products,1426,27,12.75,27.51
4532,20240808,305,Sponsored Brands,901,4,3.79,14.62
4533,20240426,721,Sponsored Products,2071,29,45.07,115.19
4534,20250330,308,Sponsored Products,563,8,14.13,82.18
4535,20230217,659,Sponsored Products,1967,18,27.16,49.89
4536,20230715,713,Sponsored Products,2386,32,54.64,157.59
4537,20260217,252,DSP,4418,61,101.18,188.93
4538,20240814,108,Sponsored Products,4101,40,36.27,215.95
4539,20230308,729,Sponsored Brands,3458,18,27.84,166.41
4540,20230312,86,Sponsored Brands,3352,46,62.91,191.94
4541,20260221,98,Sponsored Display,816,14,22.25,78.51
4542,20250908,502,Sponsored Display,1904,28,17.11,43.94
4543,20230529,481,Sponsored Brands,2180,40,17.91,99.21
4544,20240901,182,Sponsored Products,1563,21,26.21,85.92
4545,20240919,309,Sponsored Brands,1648,5,3.31,15.44
4546,20250430,764,Sponsored Products,968,14,24.15,139.0
4547,20250703,27,Sponsored Products,5287,84,148.71,257.96
4548,20241024,462,Sponsored Products,578,11,8.06,47.83
4549,20240729,800,Sponsored Products,1706,31,31.71,103.03
4550,20240430,407,Sponsored Brands,660,4,6.74,39.56
4551,20250414,42,Sponsored Brands,2090,9,14.21,43.02
4552,20230824,110,Sponsored Products,2631,30,21.15,40.89
4553,20260523,628,Sponsored Products,2043,35,19.8,63.61
4554,20230831,685,Sponsored Display,1104,8,11.97,64.22
4555,20230211,338,DSP,1097,7,10.96,66.37
4556,20230914,551,Sponsored Products,1090,20,14.04,57.97
4557,20250413,391,Sponsored Products,1842,29,51.69,331.17
4558,20231117,390,Sponsored Products,1864,24,30.84,65.8
4559,20230127,52,Sponsored Display,1302,19,31.41,79.57
4560,20230509,540,Sponsored Products,1314,17,29.58,154.16
4561,20250413,180,DSP,335,6,4.84,12.72
4562,20241029,200,Sponsored Brands,1478,8,12.27,70.95
4563,20250531,642,Sponsored Products,4118,37,57.28,309.95
4564,20230630,581,Sponsored Brands,4673,51,85.74,383.3
4565,20240608,778,Sponsored Display,1697,26,19.61,52.62
4566,20230618,664,Sponsored Brands,686,5,4.72,11.74
4567,20250605,757,Sponsored Products,2048,7,3.65,17.12
4568,20250425,376,Sponsored Brands,714,13,13.3,64.89
4569,20251023,524,Sponsored Products,268,2,1.97,10.08
4570,20240208,178,Sponsored Brands,3357,11,10.68,57.22
4571,20251012,762,Sponsored Display,1834,22,26.58,85.46
4572,20240527,80,Sponsored Products,1981,22,33.27,134.07
4573,20230216,458,Sponsored Products,1250,8,12.79,54.11
4574,20230411,606,Sponsored Brands,2629,51,61.92,329.24
4575,20230531,721,Sponsored Brands,3297,61,85.58,201.71
4576,20231227,72,Sponsored Display,1135,9,5.09,17.99
4577,20231028,685,Sponsored Brands,3699,67,103.73,463.17
4578,20260509,629,Sponsored Products,1461,15,26.18,107.87
4579,20240117,769,Sponsored Brands,1765,15,20.16,103.81
4580,20230807,580,Sponsored Products,2010,17,29.39,91.25
4581,20260305,300,Sponsored Products,1320,12,15.96,94.64
4582,20260111,616,DSP,1009,19,33.5,118.29
4583,20231024,514,Sponsored Display,439,2,1.75,4.02
4584,20250528,436,Sponsored Products,2323,11,9.57,24.91
4585,20240707,592,Sponsored Brands,2543,39,67.0,249.44
4586,20250222,723,Sponsored Display,2525,35,36.18,159.41
4587,20230514,124,DSP,1076,18,10.72,20.91
4588,20251101,25,DSP,2723,40,26.68,84.49
4589,20260429,297,Sponsored Products,455,8,10.78,44.36
4590,20251003,268,Sponsored Brands,694,8,12.22,47.57
4591,20250123,332,Sponsored Display,909,13,13.79,73.21
4592,20260307,793,Sponsored Brands,1531,11,18.72,31.95
4593,20260201,521,Sponsored Brands,351,1,0.99,1.67
4594,20260423,725,Sponsored Products,1535,28,25.32,132.38
4595,20250128,423,Sponsored Products,1499,4,5.84,24.32
4596,20230721,769,Sponsored Products,1422,28,39.55,73.3
4597,20250118,704,Sponsored Products,1470,9,6.17,17.21
4598,20230917,240,Sponsored Display,989,11,17.54,67.88
4599,20231111,593,Sponsored Brands,1554,5,4.92,20.61
4600,20240304,636,Sponsored Products,2789,11,6.01,27.87
4601,20241110,529,Sponsored Products,2567,31,20.15,59.04
4602,20260607,127,Sponsored Display,1649,22,9.83,36.13
4603,20230805,407,Sponsored Products,1035,19,28.74,142.79
4604,20240330,485,Sponsored Products,2534,7,3.07,14.6
4605,20241226,613,Sponsored Brands,994,9,7.49,21.95
4606,20260501,223,Sponsored Brands,1686,33,15.27,43.81
4607,20260210,111,Sponsored Brands,802,9,3.93,15.73
4608,20250315,313,Sponsored Products,1297,6,9.6,26.29
4609,20230929,738,Sponsored Products,2044,10,14.86,33.3
4610,20251224,529,Sponsored Products,1878,26,46.02,211.85
4611,20231007,198,Sponsored Products,1609,10,11.65,23.47
4612,20260611,524,Sponsored Products,509,9,16.1,99.88
4613,20230210,98,Sponsored Products,1776,31,30.73,106.59
4614,20240616,303,Sponsored Products,2787,18,19.27,107.04
4615,20240916,121,Sponsored Products,699,8,13.24,52.97
4616,20250331,512,Sponsored Products,2334,27,46.62,158.55
4617,20230418,370,Sponsored Brands,1723,12,7.57,37.52
4618,20251230,663,Sponsored Brands,2470,37,36.32,231.98
4619,20241125,514,Sponsored Products,819,14,16.9,35.23
4620,20230314,17,Sponsored Products,2188,35,31.62,48.2
4621,20240626,272,Sponsored Products,1036,19,12.23,33.69
4622,20250521,139,Sponsored Products,1404,23,36.92,91.06
4623,20241116,442,Sponsored Products,2254,15,24.22,84.4
4624,20241126,471,DSP,1592,8,11.73,62.69
4625,20250314,342,Sponsored Brands,779,5,2.48,14.92
4626,20250429,91,Sponsored Display,1897,32,34.38,70.4
4627,20241018,312,Sponsored Products,172,2,2.0,9.66
4628,20250422,255,Sponsored Display,473,7,3.33,9.25
4629,20251229,764,Sponsored Products,2037,35,18.42,87.76
4630,20250815,31,Sponsored Products,1540,6,7.62,15.53
4631,20240511,48,Sponsored Brands,354,6,2.8,4.45
4632,20260414,574,Sponsored Products,6902,48,84.55,212.23
4633,20260120,74,Sponsored Brands,3354,52,43.15,252.23
4634,20250820,291,Sponsored Display,4295,57,55.79,210.35
4635,20251219,634,DSP,1441,27,47.15,184.68
4636,20240721,428,DSP,500,4,2.25,4.59
4637,20240506,236,Sponsored Products,3385,31,16.57,80.93
4638,20260426,126,Sponsored Brands,2514,35,37.14,197.09
4639,20260413,154,Sponsored Products,361,6,8.43,45.31
4640,20230110,514,Sponsored Products,1632,5,4.1,25.25
4641,20240502,745,Sponsored Products,1154,20,29.22,114.15
4642,20240730,486,DSP,3041,29,49.57,233.99
4643,20251031,94,DSP,2131,12,16.18,56.73
4644,20230216,739,DSP,530,8,10.78,17.75
4645,20231112,636,Sponsored Brands,2324,25,14.85,64.17
4646,20250801,230,Sponsored Brands,1358,24,21.95,114.86
4647,20230913,585,Sponsored Products,444,6,9.65,15.32
4648,20250607,533,Sponsored Brands,3240,63,49.94,279.35
4649,20230306,40,Sponsored Brands,2473,47,51.34,178.28
4650,20231007,770,Sponsored Display,285,0,0.0,0.0
4651,20260308,684,Sponsored Products,1429,27,24.28,98.43
4652,20230402,528,Sponsored Products,1642,18,28.94,123.72
4653,20251028,31,Sponsored Brands,3553,33,40.16,176.62
4654,20230104,790,Sponsored Display,3194,50,22.32,69.85
4655,20240413,670,Sponsored Brands,1348,11,11.62,58.48
4656,20230907,617,DSP,3392,41,51.44,259.72
4657,20240805,317,Sponsored Display,1071,11,8.1,40.93
4658,20230822,23,Sponsored Display,2867,38,41.11,209.89
4659,20240314,656,Sponsored Products,1278,7,3.01,12.1
4660,20230225,167,Sponsored Products,2204,14,6.9,35.32
4661,20260608,261,Sponsored Products,1280,24,30.32,153.51
4662,20250505,680,Sponsored Brands,576,2,2.47,11.05
4663,20260327,167,Sponsored Products,4328,67,109.94,556.79
4664,20230518,432,Sponsored Brands,612,10,17.67,93.24
4665,20250621,73,Sponsored Display,1284,4,4.22,19.43
4666,20260226,258,Sponsored Brands,2029,28,29.78,127.39
4667,20250925,505,Sponsored Products,2394,41,52.32,229.28
4668,20260123,72,Sponsored Display,622,6,7.45,48.22
4669,20250110,166,Sponsored Display,3216,36,34.21,63.03
4670,20231210,613,Sponsored Brands,3163,28,13.28,33.11
4671,20240601,12,Sponsored Products,1416,4,5.45,29.61
4672,20250920,660,DSP,2771,24,12.91,55.89
4673,20260206,267,Sponsored Display,314,2,2.94,15.14
4674,20240919,705,Sponsored Products,2497,16,14.57,28.37
4675,20231218,390,Sponsored Products,4727,38,47.0,192.69
4676,20240206,569,DSP,1086,5,8.18,32.1
4677,20230503,168,Sponsored Brands,350,3,3.46,16.05
4678,20241025,652,Sponsored Products,484,6,9.5,45.45
4679,20240714,253,Sponsored Display,1442,9,11.53,52.31
4680,20260310,223,Sponsored Brands,4292,53,27.75,152.25
4681,20230302,35,Sponsored Products,962,13,17.97,100.07
4682,20231012,383,Sponsored Brands,3101,50,79.68,404.87
4683,20230213,728,Sponsored Brands,2470,21,34.06,184.31
4684,20230129,395,Sponsored Brands,607,11,17.7,75.96
4685,20250704,535,Sponsored Products,960,16,19.19,106.38
4686,20250911,592,DSP,916,4,2.44,15.27
4687,20260427,319,Sponsored Brands,5334,51,28.98,106.74
4688,20250712,791,Sponsored Products,8490,134,155.01,405.9
4689,20250619,466,Sponsored Brands,1469,9,14.67,46.36
4690,20230319,615,Sponsored Products,2772,51,76.57,138.46
4691,20250805,506,Sponsored Brands,3383,28,40.53,199.77
4692,20260205,685,Sponsored Brands,1219,15,8.73,23.81
4693,20230523,333,Sponsored Products,1591,15,14.06,23.08
4694,20260116,63,Sponsored Products,1814,19,33.33,77.12
4695,20240512,108,Sponsored Brands,1982,34,39.75,169.8
4696,20260403,99,Sponsored Products,1606,17,14.94,59.35
4697,20250806,539,Sponsored Brands,3036,53,56.73,222.88
4698,20251017,110,Sponsored Display,226,3,1.94,3.34
4699,20241109,657,Sponsored Products,1187,4,2.21,7.15
4700,20240306,236,Sponsored Products,1340,21,37.35,155.5
4701,20250430,769,Sponsored Brands,2157,42,73.96,241.89
4702,20250802,196,DSP,176,1,1.65,3.2
4703,20251212,630,Sponsored Display,605,9,6.18,38.8
4704,20250903,329,Sponsored Products,1267,3,3.68,7.87
4705,20250427,520,Sponsored Brands,562,2,2.7,11.24
4706,20231202,724,Sponsored Brands,1001,3,5.21,25.74
4707,20231103,243,Sponsored Products,1006,19,24.98,46.2
4708,20250827,128,Sponsored Products,2226,8,5.65,16.98
4709,20230119,444,Sponsored Products,481,4,4.09,6.42
4710,20240107,515,Sponsored Display,895,17,15.68,66.51
4711,20250428,314,DSP,2113,19,13.57,57.88
4712,20240312,611,Sponsored Products,865,12,18.98,81.01
4713,20250815,772,Sponsored Products,1763,25,41.47,257.78
4714,20260619,265,Sponsored Brands,718,13,18.95,88.53
4715,20230411,303,Sponsored Products,1658,8,7.73,22.01
4716,20230614,287,Sponsored Products,933,15,15.22,56.81
4717,20250623,447,Sponsored Products,1732,10,13.1,65.56
4718,20260522,766,Sponsored Products,1550,4,5.43,13.24
4719,20240430,582,Sponsored Products,1788,35,51.6,146.54
4720,20251012,385,Sponsored Products,235,1,0.66,2.29
4721,20230402,508,Sponsored Products,3031,10,8.72,22.32
4722,20250731,518,Sponsored Products,1181,18,17.87,75.33
4723,20230217,738,Sponsored Products,1134,19,10.32,24.21
4724,20260319,52,Sponsored Display,3213,51,82.05,175.9
4725,20260619,793,Sponsored Products,2117,19,26.5,92.47
4726,20250406,49,Sponsored Products,1177,17,15.59,52.66
4727,20240422,759,Sponsored Brands,752,6,7.44,35.41
4728,20240820,35,Sponsored Brands,1652,18,22.27,110.18
4729,20241028,606,Sponsored Products,1597,8,8.07,31.89
4730,20230818,617,Sponsored Brands,1099,17,27.39,173.17
4731,20230530,519,Sponsored Products,1300,16,21.92,71.33
4732,20241209,798,Sponsored Brands,2525,26,19.73,99.69
4733,20240709,441,Sponsored Products,745,11,17.61,58.18
4734,20260206,382,Sponsored Brands,1465,23,19.31,29.53
4735,20250711,252,Sponsored Products,7286,56,61.9,167.03
4736,20250628,625,DSP,793,9,13.27,85.28
4737,20260522,491,Sponsored Products,550,5,3.11,18.96
4738,20251108,508,Sponsored Display,4029,61,96.73,217.97
4739,20240425,380,Sponsored Brands,668,6,5.63,32.68
4740,20240222,766,Sponsored Products,1775,25,14.84,23.56
4741,20260614,743,Sponsored Brands,5078,95,77.73,297.92
4742,20241101,662,Sponsored Display,910,5,8.83,48.1
4743,20250219,740,Sponsored Products,2558,34,30.02,102.91
4744,20230713,552,Sponsored Brands,1063,17,28.83,152.08
4745,20250810,244,Sponsored Display,982,14,8.9,54.02
4746,20240129,219,Sponsored Products,415,6,7.01,28.63
4747,20260607,49,Sponsored Products,1312,8,4.76,23.84
4748,20230618,483,Sponsored Display,1725,18,27.39,144.74
4749,20251206,449,Sponsored Brands,2569,16,26.68,168.51
4750,20230918,705,DSP,2532,39,66.92,300.43
4751,20231204,97,DSP,2146,38,25.74,106.47
4752,20260313,130,Sponsored Products,1306,6,6.34,28.53
4753,20230103,50,Sponsored Products,1597,26,10.5,20.01
4754,20241127,144,Sponsored Products,9701,148,246.82,1041.3
4755,20250806,231,Sponsored Products,1936,21,16.62,75.27
4756,20240524,506,Sponsored Products,1737,21,22.31,131.69
4757,20230802,86,Sponsored Products,675,7,7.47,14.65
4758,20240121,689,Sponsored Brands,801,9,8.06,19.72
4759,20260322,57,Sponsored Brands,965,16,25.28,69.24
4760,20241124,236,Sponsored Brands,655,12,10.5,56.02
4761,20230319,574,Sponsored Brands,2654,33,30.74,184.88
4762,20240715,478,Sponsored Products,196,2,3.21,16.14
4763,20240314,630,DSP,1167,11,13.57,63.65
4764,20260307,405,DSP,2081,38,30.54,158.5
4765,20230328,207,Sponsored Display,1700,10,12.01,21.14
4766,20250408,31,Sponsored Products,1077,20,12.54,31.26
4767,20250329,659,Sponsored Brands,2260,27,32.67,179.21
4768,20240509,252,Sponsored Products,730,8,6.75,25.18
4769,20241216,782,Sponsored Products,5693,95,107.64,635.77
4770,20230721,47,DSP,822,2,3.51,9.33
4771,20260531,488,Sponsored Display,576,3,2.0,10.08
4772,20230223,157,Sponsored Brands,1819,18,19.66,93.45
4773,20250617,528,Sponsored Brands,1054,15,19.01,46.02
4774,20230120,199,Sponsored Display,1616,25,25.88,40.39
4775,20230623,504,Sponsored Display,183,3,2.94,13.36
4776,20241202,83,Sponsored Products,1705,27,28.79,158.57
4777,20240724,455,Sponsored Brands,1469,26,26.2,47.65
4778,20240725,408,Sponsored Products,1652,17,19.8,99.73
4779,20250105,314,Sponsored Products,4725,53,60.91,350.14
4780,20240803,578,Sponsored Products,1667,26,12.0,36.83
4781,20240111,468,Sponsored Products,2577,43,44.85,103.86
4782,20240928,143,Sponsored Display,1615,13,17.55,85.72
4783,20250617,733,Sponsored Products,2361,41,37.08,82.7
4784,20240823,436,Sponsored Products,1527,28,11.72,44.71
4785,20250727,206,Sponsored Products,2251,36,63.17,259.16
4786,20251106,517,Sponsored Products,1400,18,11.88,22.84
4787,20251227,8,Sponsored Display,1953,13,18.17,70.24
4788,20230420,499,Sponsored Brands,3676,55,71.91,112.42
4789,20240818,587,Sponsored Brands,1338,23,25.37,107.86
4790,20231211,557,Sponsored Products,1395,5,7.4,41.48
4791,20230122,180,Sponsored Products,3144,31,21.48,135.29
4792,20250512,476,DSP,183,2,2.5,6.35
4793,20250102,62,DSP,2299,30,15.16,44.55
4794,20241209,474,Sponsored Brands,1806,13,12.86,75.05
4795,20240217,240,Sponsored Brands,2315,33,33.23,144.0
4796,20260520,463,Sponsored Brands,2674,10,9.18,44.6
4797,20231106,530,Sponsored Display,683,12,11.3,35.53
4798,20241227,272,Sponsored Products,1967,22,34.04,161.26
4799,20230624,272,Sponsored Brands,1729,20,27.33,145.24
4800,20231021,196,Sponsored Products,112,2,2.73,8.12
4801,20260517,670,Sponsored Brands,2824,21,18.43,62.0
4802,20240501,333,Sponsored Products,595,7,6.33,35.02
4803,20240731,446,Sponsored Brands,801,5,3.83,19.76
4804,20231001,83,Sponsored Products,361,5,4.92,30.43
4805,20240207,721,Sponsored Display,1076,16,11.61,74.67
4806,20240202,479,DSP,241,2,1.82,11.09
4807,20240524,758,DSP,266,2,2.15,12.9
4808,20240218,511,Sponsored Brands,2168,14,7.04,29.32
4809,20260222,767,Sponsored Products,2034,14,8.19,27.69
4810,20231014,648,Sponsored Products,2078,27,21.81,122.7
4811,20250914,605,Sponsored Brands,1884,27,34.74,218.46
4812,20250917,429,Sponsored Products,1085,19,33.43,157.29
4813,20240402,84,Sponsored Display,2012,32,35.36,94.32
4814,20231219,168,Sponsored Brands,6672,70,79.56,133.56
4815,20230608,204,Sponsored Brands,41,0,0.0,0.0
4816,20251126,243,Sponsored Products,973,5,5.29,25.36
4817,20241129,633,Sponsored Products,1301,15,19.45,98.41
4818,20240924,295,Sponsored Products,1866,29,28.54,179.0
4819,20250621,62,Sponsored Display,1471,4,5.66,21.62
4820,20240908,234,Sponsored Display,1538,23,33.02,101.64
4821,20251130,231,Sponsored Products,1834,10,17.43,99.8
4822,20260408,575,Sponsored Display,423,6,7.46,40.98
4823,20231124,573,Sponsored Brands,6921,86,89.49,531.05
4824,20250619,75,Sponsored Brands,1924,14,25.06,162.24
4825,20250908,450,Sponsored Display,936,16,17.51,29.76
4826,20250801,209,Sponsored Products,460,6,8.87,47.55
4827,20250313,234,Sponsored Brands,2036,16,24.37,114.3
4828,20260625,444,Sponsored Products,675,12,20.44,40.95
4829,20240519,448,DSP,1592,21,32.72,81.97
4830,20230816,97,Sponsored Products,1744,25,34.87,191.54
4831,20241114,486,Sponsored Brands,4497,71,107.13,563.87
4832,20231106,472,Sponsored Brands,1350,10,4.34,17.75
4833,20230412,606,Sponsored Products,1741,24,31.32,183.91
4834,20260312,425,Sponsored Products,1270,5,3.5,8.38
4835,20230727,574,Sponsored Display,657,5,7.57,12.7
4836,20250509,391,Sponsored Products,2577,45,65.96,201.76
4837,20250527,373,Sponsored Brands,378,2,3.44,13.54
4838,20231120,719,Sponsored Brands,99,0,0.0,0.0
4839,20260416,385,Sponsored Products,413,6,5.91,26.24
4840,20260512,396,Sponsored Brands,1473,18,26.44,121.39
4841,20260625,40,Sponsored Brands,502,9,8.23,34.58
4842,20250219,368,Sponsored Products,5732,64,91.49,242.03
4843,20241025,154,Sponsored Products,562,10,14.99,58.38
4844,20251103,759,Sponsored Display,1334,24,22.96,85.47
4845,20251009,580,Sponsored Brands,592,10,14.07,54.64
4846,20240521,351,Sponsored Display,3987,70,69.52,283.46
4847,20260221,388,Sponsored Products,677,5,8.89,40.49
4848,20231004,791,Sponsored Display,573,10,17.03,77.06
4849,20250718,642,Sponsored Products,514,8,8.8,45.89
4850,20230803,485,DSP,531,6,7.25,28.52
4851,20230419,380,Sponsored Display,803,5,4.35,20.24
4852,20230809,244,DSP,1920,38,19.57,47.1
4853,20251127,580,Sponsored Products,7393,132,233.24,1460.8
4854,20250622,619,Sponsored Products,3371,25,14.88,38.79
4855,20230603,711,Sponsored Products,842,13,16.9,103.38
4856,20240204,262,DSP,3473,53,72.72,227.07
4857,20260129,717,Sponsored Products,3196,29,37.28,155.39
4858,20230429,204,Sponsored Products,863,15,22.09,45.57
4859,20260403,712,Sponsored Products,860,14,11.12,37.79
4860,20250724,306,Sponsored Brands,398,1,1.79,10.72
4861,20230325,240,Sponsored Brands,2880,42,29.43,103.28
4862,20250422,376,DSP,1298,22,34.93,156.63
4863,20230128,446,Sponsored Brands,891,7,7.75,30.02
4864,20250802,712,Sponsored Brands,534,8,11.98,55.35
4865,20240813,553,DSP,2849,11,11.78,34.95
4866,20231225,42,Sponsored Display,214,4,5.32,17.32
4867,20250514,616,DSP,225,2,2.23,11.38
4868,20240605,269,Sponsored Products,1818,10,16.22,101.6
4869,20260418,784,Sponsored Products,389,5,7.76,30.6
4870,20240926,548,DSP,3175,31,44.48,130.35
4871,20260406,769,Sponsored Products,406,6,9.55,35.85
4872,20240913,106,Sponsored Products,3518,22,9.47,32.03
4873,20231108,766,Sponsored Products,1745,15,6.65,28.08
4874,20231130,249,Sponsored Products,9913,101,85.06,491.07
4875,20260212,439,Sponsored Products,1898,35,58.14,259.9
4876,20260126,628,Sponsored Products,256,3,5.33,21.63
4877,20230502,583,Sponsored Brands,3984,26,12.59,66.86
4878,20231106,113,Sponsored Display,1003,17,20.74,63.4
4879,20231214,672,Sponsored Products,718,5,5.2,9.16
4880,20251223,667,Sponsored Products,919,3,3.32,8.65
4881,20240616,514,Sponsored Brands,1017,11,6.16,29.74
4882,20240607,112,Sponsored Brands,1501,25,13.64,49.12
4883,20240414,446,Sponsored Products,3423,62,32.84,52.43
4884,20251109,266,Sponsored Brands,1476,26,28.41,65.78
4885,20250814,738,Sponsored Products,162,1,1.49,8.59
4886,20260210,495,DSP,555,9,14.3,90.56
4887,20241001,760,DSP,1653,6,6.4,12.04
4888,20250218,92,Sponsored Products,2301,7,10.27,17.77
4889,20231229,97,Sponsored Products,633,3,1.5,5.54
4890,20241031,246,Sponsored Brands,1574,16,21.89,74.97
4891,20230610,13,Sponsored Products,2482,13,9.42,53.96
4892,20241018,579,Sponsored Products,1273,21,12.69,45.03
4893,20231211,172,Sponsored Display,517,4,4.04,15.65
4894,20260219,20,Sponsored Display,1469,9,12.46,51.38
4895,20250422,326,Sponsored Display,2128,21,26.05,81.4
4896,20250314,328,Sponsored Display,1537,18,8.35,50.39
4897,20250720,305,Sponsored Brands,1152,17,20.06,90.2
4898,20230516,123,Sponsored Products,2979,53,70.11,277.04
4899,20240922,226,Sponsored Products,913,8,5.77,14.79
4900,20230508,346,Sponsored Products,3759,27,38.16,67.12
4901,20230810,182,Sponsored Products,1301,12,9.49,37.89
4902,20260407,702,Sponsored Brands,849,11,13.15,42.67
4903,20230917,389,Sponsored Products,610,7,3.31,14.98
4904,20240122,742,Sponsored Products,1570,30,13.8,35.6
4905,20231226,482,Sponsored Products,3993,14,11.15,56.82
4906,20230708,528,Sponsored Products,711,11,18.77,116.25
4907,20250711,238,Sponsored Brands,5756,93,69.57,195.52
4908,20250403,163,Sponsored Brands,163,2,3.24,19.35
4909,20251022,274,Sponsored Brands,130,0,0.0,0.0
4910,20230628,582,Sponsored Products,2196,29,30.65,122.42
4911,20250915,17,Sponsored Products,2306,36,28.56,69.51
4912,20240301,265,Sponsored Products,1408,22,18.02,33.65
4913,20260529,137,Sponsored Brands,2466,32,46.16,100.04
4914,20250725,388,Sponsored Products,2822,14,17.29,99.53
4915,20240928,366,Sponsored Products,1984,21,24.21,122.49
4916,20230625,95,Sponsored Products,1064,17,28.84,100.68
4917,20240906,238,Sponsored Brands,144,1,1.09,6.1
4918,20251007,306,Sponsored Products,652,8,8.91,34.62
4919,20251018,655,Sponsored Products,411,2,1.17,1.93
4920,20240604,790,Sponsored Display,1531,18,28.16,129.88
4921,20241210,89,Sponsored Products,1013,12,11.88,44.55
4922,20240604,717,Sponsored Products,629,4,4.41,24.73
4923,20251014,505,Sponsored Display,2054,29,30.06,174.32
4924,20250124,536,Sponsored Products,364,2,2.51,11.32
4925,20230909,276,Sponsored Products,1053,14,7.34,30.54
4926,20250920,82,Sponsored Products,1830,20,27.47,77.98
4927,20231125,178,Sponsored Brands,3535,16,25.08,121.21
4928,20241108,52,Sponsored Display,1532,9,10.46,64.13
4929,20240914,463,Sponsored Products,2158,24,11.54,49.5
4930,20240530,51,Sponsored Display,226,3,1.7,7.53
4931,20250605,767,Sponsored Products,2930,21,37.25,148.53
4932,20260329,766,Sponsored Products,3970,17,26.61,129.17
4933,20250908,396,DSP,1277,16,12.8,48.25
4934,20230219,498,Sponsored Brands,2317,10,17.35,84.19
4935,20250327,83,Sponsored Products,1936,10,10.8,54.51
4936,20260410,498,Sponsored Display,219,1,1.56,5.2
4937,20250809,459,Sponsored Display,1406,10,4.65,28.98
4938,20240706,394,Sponsored Display,3265,17,19.13,91.37
4939,20250819,739,Sponsored Brands,860,12,10.12,19.76
4940,20240907,343,Sponsored Products,1208,16,17.42,62.28
4941,20230514,457,Sponsored Display,786,9,4.9,20.94
4942,20240924,199,Sponsored Products,3555,16,25.19,157.82
4943,20231202,317,Sponsored Products,4140,32,51.48,183.98
4944,20251121,44,Sponsored Brands,1748,23,35.99,97.32
4945,20240928,223,Sponsored Display,3032,59,40.87,235.59
4946,20250214,715,Sponsored Products,137,1,1.06,2.85
4947,20230410,566,Sponsored Display,586,9,4.93,28.24
4948,20230303,719,Sponsored Products,690,5,3.02,15.1
4949,20230603,453,Sponsored Products,1325,19,24.78,58.54
4950,20230603,47,Sponsored Products,1308,23,40.26,208.84
4951,20230921,537,Sponsored Brands,501,2,2.56,11.67
4952,20260426,482,Sponsored Products,1015,19,7.71,46.85
4953,20230630,491,DSP,2617,42,57.8,260.02
4954,20230509,784,Sponsored Products,3426,55,33.95,126.62
4955,20231215,550,Sponsored Products,878,9,10.18,42.62
4956,20230311,218,Sponsored Products,2990,49,62.08,195.63
4957,20250927,792,Sponsored Display,2319,26,40.32,216.18
4958,20260408,10,Sponsored Products,3257,34,34.87,158.18
4959,20240904,487,Sponsored Brands,993,13,22.06,84.91
4960,20250607,765,Sponsored Brands,1277,8,12.93,78.72
4961,20250224,644,Sponsored Brands,1346,8,9.87,60.86
4962,20241023,732,Sponsored Products,1417,15,18.5,64.0
4963,20240321,800,Sponsored Display,2613,27,19.74,66.92
4964,20240828,268,Sponsored Products,361,2,1.9,5.94
4965,20250423,780,Sponsored Products,1377,5,4.27,10.07
4966,20250310,476,Sponsored Display,1671,11,5.0,9.85
4967,20230301,227,Sponsored Products,588,11,9.44,20.51
4968,20240921,98,Sponsored Brands,364,2,3.56,9.46
4969,20240729,439,Sponsored Products,510,4,7.18,14.85
4970,20260208,321,Sponsored Brands,1515,19,12.27,49.05
4971,20231201,95,Sponsored Products,2359,15,25.71,84.72
4972,20231126,374,Sponsored Brands,5085,83,84.02,438.81
4973,20250506,144,Sponsored Brands,700,12,8.89,34.89
4974,20260107,309,Sponsored Brands,98,0,0.0,0.0
4975,20251204,591,DSP,566,5,5.8,34.17
4976,20250910,287,Sponsored Products,999,4,3.3,19.69
4977,20250413,151,Sponsored Products,3012,22,13.61,64.52
4978,20240901,100,Sponsored Display,2543,10,4.36,13.7
4979,20250128,200,Sponsored Products,2792,11,8.5,29.27
4980,20240316,792,Sponsored Brands,638,9,14.81,82.99
4981,20230222,183,Sponsored Display,1368,8,7.38,28.34
4982,20231213,190,Sponsored Products,1260,10,13.23,29.4
4983,20250403,448,Sponsored Brands,160,0,0.0,0.0
4984,20240926,230,Sponsored Display,114,2,1.36,3.86
4985,20250407,460,Sponsored Display,479,6,7.35,42.72
4986,20251022,740,Sponsored Products,3241,27,33.02,68.38
4987,20250519,419,Sponsored Brands,1889,9,13.69,88.66
4988,20260122,711,Sponsored Brands,1348,13,12.23,22.77
4989,20230811,578,Sponsored Products,235,2,3.6,6.52
4990,20260515,680,Sponsored Products,477,2,2.74,11.76
4991,20240804,621,Sponsored Display,1681,18,29.0,102.37
4992,20250803,133,Sponsored Brands,71,1,0.41,0.64
4993,20240607,662,Sponsored Display,884,14,22.76,123.02
4994,20241017,326,Sponsored Products,7674,94,104.58,190.28
4995,20241019,69,Sponsored Brands,961,14,14.81,34.44
4996,20231129,300,Sponsored Products,2757,10,8.0,29.41
4997,20240304,195,Sponsored Products,1832,11,18.16,78.72
4998,20230127,144,Sponsored Brands,546,6,8.52,44.19
4999,20240623,723,DSP,1227,10,10.85,57.61
5000,20231126,409,Sponsored Brands,529,4,3.16,17.88
5001,20250201,260,Sponsored Products,770,3,3.51,19.73
5002,20250406,110,Sponsored Products,766,13,16.98,40.4
5003,20241215,148,Sponsored Display,1428,19,33.51,180.87
5004,20230214,315,Sponsored Products,3685,31,30.82,186.09
5005,20250923,299,Sponsored Products,209,2,2.89,15.54
5006,20250605,376,Sponsored Brands,1850,8,14.0,72.35
5007,20251117,657,Sponsored Products,1432,19,8.49,27.41
5008,20250928,17,Sponsored Products,1210,21,21.26,49.03
5009,20260106,135,Sponsored Brands,3098,42,18.9,107.04
5010,20230219,126,Sponsored Products,1401,19,18.14,52.14
5011,20260215,728,Sponsored Products,2677,28,43.83,123.21
5012,20240905,514,DSP,634,2,2.82,7.09
5013,20240702,690,Sponsored Products,1196,4,4.62,14.08
5014,20240914,723,Sponsored Products,1987,14,21.79,122.43
5015,20240329,276,Sponsored Products,763,14,5.78,30.29
5016,20250403,385,Sponsored Brands,1082,8,10.67,67.84
5017,20240505,410,Sponsored Products,1521,18,16.32,88.68
5018,20230524,424,Sponsored Products,2329,34,23.1,102.55
5019,20240116,418,Sponsored Products,2282,21,34.57,131.84
5020,20250523,374,Sponsored Brands,2049,38,33.43,93.65
5021,20240630,67,Sponsored Brands,479,7,5.21,20.31
5022,20240901,23,Sponsored Products,2861,23,28.72,61.49
5023,20250914,491,Sponsored Brands,2546,22,19.48,66.88
5024,20250601,593,Sponsored Brands,1356,26,17.32,46.84
5025,20240114,97,Sponsored Brands,368,5,2.63,16.14
5026,20231031,365,Sponsored Products,1292,11,9.4,49.83
5027,20250218,543,Sponsored Brands,193,3,3.03,6.99
5028,20250112,332,Sponsored Display,1616,16,23.69,106.54
5029,20240410,482,Sponsored Display,438,7,7.7,33.59
5030,20241112,95,Sponsored Display,1108,5,3.53,8.37
5031,20260114,215,Sponsored Products,3494,26,19.94,114.6
5032,20230408,193,Sponsored Products,3237,61,93.89,586.59
5033,20240928,712,Sponsored Display,1478,19,19.56,108.8
5034,20230112,60,Sponsored Products,875,9,5.89,10.8
5035,20250627,51,Sponsored Products,281,2,1.64,3.47
5036,20231219,711,Sponsored Products,3891,21,35.6,118.77
5037,20240529,787,Sponsored Brands,2214,34,58.12,341.7
5038,20260208,758,Sponsored Products,3070,55,67.99,380.61
5039,20240621,350,Sponsored Products,2383,35,14.57,76.18
5040,20250621,345,Sponsored Products,623,3,2.23,5.81
5041,20250221,122,Sponsored Brands,825,10,12.94,50.73
5042,20260321,545,Sponsored Products,337,2,3.53,15.57
5043,20231209,287,Sponsored Products,553,4,4.67,28.99
5044,20230904,117,Sponsored Products,945,8,4.21,16.7
5045,20241017,194,Sponsored Display,1987,16,7.18,45.71
5046,20240827,657,Sponsored Products,387,3,3.72,7.35
5047,20250615,401,Sponsored Products,421,6,5.24,21.97
5048,20250622,458,Sponsored Brands,1231,9,7.44,25.64
5049,20241202,87,Sponsored Products,441,6,2.65,14.91
5050,20240621,673,Sponsored Products,1341,24,39.64,220.53
5051,20250216,440,Sponsored Brands,2203,26,24.61,70.79
5052,20240106,773,Sponsored Brands,2024,39,29.74,101.48
5053,20240111,12,Sponsored Brands,1345,19,9.63,45.06
5054,20260121,463,Sponsored Brands,1549,27,24.9,120.66
5055,20240815,252,Sponsored Products,1106,19,29.45,161.91
5056,20260225,618,Sponsored Products,2746,34,57.84,352.87
5057,20240714,422,Sponsored Display,1309,25,43.14,111.4
5058,20230309,478,Sponsored Display,1789,10,17.66,95.14
5059,20241224,191,Sponsored Brands,1270,18,26.64,122.88
5060,20251004,61,Sponsored Products,1721,32,46.35,188.87
5061,20231003,756,Sponsored Products,530,6,8.29,17.35
5062,20230928,215,Sponsored Products,809,6,4.39,8.63
5063,20240429,784,Sponsored Products,612,11,19.76,56.17
5064,20230302,406,Sponsored Products,3844,30,40.67,123.1
5065,20230223,119,Sponsored Products,801,10,11.06,38.73
5066,20250526,545,DSP,1013,17,12.51,18.78
5067,20260115,29,Sponsored Brands,4957,34,37.21,174.5
5068,20260607,700,Sponsored Brands,1701,6,4.45,22.16
5069,20250512,548,Sponsored Brands,2556,38,46.7,230.77
5070,20241104,683,Sponsored Products,1368,15,24.81,118.66
5071,20240801,401,Sponsored Brands,476,9,4.98,28.84
5072,20250215,594,DSP,1634,24,12.35,68.98
5073,20230524,92,Sponsored Products,1539,16,15.31,35.78
5074,20250506,672,Sponsored Products,549,8,7.07,44.4
5075,20240317,166,Sponsored Products,1241,21,23.75,87.37
5076,20230508,168,Sponsored Display,2049,23,9.31,14.92
5077,20250219,62,Sponsored Display,1766,26,14.72,47.16
5078,20230228,426,Sponsored Brands,1105,6,8.62,40.8
5079,20250703,274,Sponsored Brands,1302,14,8.14,21.41
5080,20230509,789,Sponsored Brands,691,4,3.93,15.57
5081,20241002,745,Sponsored Brands,940,14,17.99,109.39
5082,20230319,696,Sponsored Products,1238,12,16.08,53.18
5083,20230823,362,Sponsored Products,3757,28,33.08,92.31
5084,20250917,247,Sponsored Products,628,11,19.05,48.46
5085,20230725,467,DSP,979,5,6.01,16.79
5086,20250605,556,Sponsored Products,881,12,20.78,44.43
5087,20260206,110,Sponsored Products,376,2,2.06,9.34
5088,20241226,777,Sponsored Brands,1131,11,12.46,44.69
5089,20250401,625,Sponsored Brands,2223,41,54.54,338.85
5090,20260116,431,Sponsored Display,2302,38,55.78,332.7
5091,20250423,746,Sponsored Brands,357,2,1.45,5.59
5092,20240321,64,Sponsored Display,2928,18,19.53,77.64
5093,20240109,49,Sponsored Products,1978,36,19.13,30.68
5094,20260306,598,Sponsored Products,2288,27,24.12,88.25
5095,20230102,375,Sponsored Products,973,11,10.03,38.93
5096,20230526,738,Sponsored Brands,881,4,4.37,15.89
5097,20230217,508,Sponsored Products,2205,40,50.6,150.83
5098,20240714,122,Sponsored Brands,1121,15,26.95,151.16
5099,20260417,264,Sponsored Products,830,8,11.53,19.16
5100,20240920,229,Sponsored Products,1699,12,6.33,12.81
5101,20260430,589,Sponsored Products,1160,9,14.55,43.19
5102,20240415,634,Sponsored Products,3830,55,66.99,378.01
5103,20231030,97,Sponsored Products,3579,33,34.94,88.45
5104,20240210,204,Sponsored Display,3490,27,41.83,105.81
5105,20250730,183,Sponsored Products,4018,35,50.15,202.88
5106,20260423,684,Sponsored Brands,436,4,5.09,13.17
5107,20250421,764,DSP,1281,14,13.66,23.15
5108,20240119,145,Sponsored Products,971,12,14.21,62.05
5109,20230318,779,Sponsored Products,1077,12,12.46,75.29
5110,20260202,491,Sponsored Products,1940,28,22.55,98.63
5111,20240808,233,Sponsored Brands,612,10,8.02,24.13
5112,20230522,54,Sponsored Brands,2002,15,12.65,58.52
5113,20250901,245,Sponsored Brands,1088,13,8.41,17.07
5114,20260405,300,Sponsored Brands,5103,63,54.59,337.05
5115,20260527,458,Sponsored Brands,188,2,2.53,4.91
5116,20240204,528,Sponsored Products,1382,22,20.34,31.55
5117,20250521,153,Sponsored Products,994,10,5.32,30.6
5118,20240721,368,DSP,1254,24,41.88,66.25
5119,20240728,62,Sponsored Display,6760,118,158.61,467.68
5120,20240625,664,Sponsored Products,976,17,19.32,65.79
5121,20240714,166,DSP,3453,42,31.36,57.1
5122,20240224,39,Sponsored Display,634,10,11.56,73.72
5123,20241022,563,Sponsored Products,1065,10,10.49,33.19
5124,20241211,173,Sponsored Products,1592,26,11.82,49.24
5125,20240507,63,Sponsored Brands,1192,13,5.47,18.54
5126,20230324,768,Sponsored Products,2659,9,12.29,38.24
5127,20250220,650,Sponsored Brands,2704,26,40.68,135.67
5128,20231231,193,Sponsored Brands,1016,8,3.95,21.49
5129,20230707,274,Sponsored Products,955,12,15.76,78.97
5130,20240313,519,Sponsored Display,1952,10,4.15,10.08
5131,20260125,646,Sponsored Brands,1950,35,47.62,87.42
5132,20260526,565,Sponsored Products,2693,52,48.62,169.92
5133,20240219,349,Sponsored Products,2438,11,13.89,30.79
5134,20260116,361,Sponsored Brands,2209,37,20.67,43.85
5135,20250710,307,Sponsored Products,1857,6,3.72,8.66
5136,20241025,109,Sponsored Display,686,4,6.68,32.5
5137,20230217,36,Sponsored Brands,987,7,4.79,23.38
5138,20240729,423,Sponsored Brands,2576,16,21.86,121.69
5139,20240615,759,Sponsored Products,1453,22,31.25,122.25
5140,20251217,737,Sponsored Products,5241,40,40.72,238.28
5141,20251127,463,DSP,5049,49,56.33,306.37
5142,20250601,721,Sponsored Products,4475,53,35.33,125.12
5143,20230416,199,Sponsored Brands,1231,16,10.88,68.12
5144,20230723,332,Sponsored Brands,2380,38,19.55,113.81
5145,20250422,599,Sponsored Products,1010,6,6.98,10.81
5146,20250317,110,DSP,3408,59,73.45,303.33
5147,20230905,290,Sponsored Products,574,3,2.2,14.07
5148,20260219,220,DSP,94,1,1.56,6.59
5149,20240222,728,Sponsored Products,2482,24,16.0,59.78
5150,20240428,57,Sponsored Display,1916,20,11.06,29.51
5151,20230206,449,Sponsored Products,1723,15,25.98,42.35
5152,20250920,556,Sponsored Products,3310,11,17.25,111.95
5153,20241207,25,DSP,1292,10,11.46,37.53
5154,20250814,155,Sponsored Products,1236,11,12.78,26.44
5155,20230610,374,DSP,866,10,10.56,41.16
5156,20231105,317,Sponsored Brands,2414,42,57.88,92.3
5157,20240105,4,Sponsored Display,3164,28,50.08,116.33
5158,20241223,349,DSP,6735,88,157.53,825.47
5159,20241123,443,Sponsored Display,2675,52,21.84,96.92
5160,20250816,399,Sponsored Display,941,6,4.71,22.68
5161,20260315,99,DSP,2329,46,32.83,51.98
5162,20240726,344,DSP,2474,27,27.08,132.38
5163,20241230,273,Sponsored Display,1945,12,5.83,15.17
5164,20250516,216,Sponsored Display,510,3,3.28,11.39
5165,20240423,319,Sponsored Products,49,0,0.0,0.0
5166,20240904,450,DSP,340,2,3.3,5.86
5167,20250326,709,Sponsored Products,1596,25,21.96,92.43
5168,20250812,787,Sponsored Brands,865,14,5.85,32.16
5169,20250806,332,Sponsored Products,756,13,12.04,62.43
5170,20240727,484,Sponsored Brands,627,8,12.85,71.97
5171,20230927,246,DSP,1498,27,37.82,151.94
5172,20250212,589,Sponsored Brands,969,17,26.13,49.79
5173,20231108,271,Sponsored Brands,2287,35,39.36,100.44
5174,20230302,472,Sponsored Display,3525,60,78.64,126.39
5175,20230915,497,Sponsored Products,605,11,12.23,74.14
5176,20230306,311,Sponsored Products,625,7,7.06,44.59
5177,20241227,13,Sponsored Products,1648,26,13.5,39.12
5178,20250425,361,Sponsored Products,701,2,3.28,12.45
5179,20250316,242,Sponsored Products,594,4,3.52,9.84
5180,20240414,683,DSP,527,7,5.81,30.23
5181,20250124,589,Sponsored Products,2414,39,32.7,122.08
5182,20230211,628,Sponsored Display,2487,46,20.67,69.91
5183,20240207,365,Sponsored Products,231,2,1.33,8.05
5184,20250323,725,Sponsored Products,1242,6,9.95,57.23
5185,20251107,680,Sponsored Brands,182,3,1.65,4.3
5186,20240325,92,DSP,2134,18,24.34,45.95
5187,20230116,433,DSP,155,2,1.92,7.39
5188,20230630,147,Sponsored Products,1781,6,8.86,35.13
5189,20230119,719,Sponsored Brands,1545,22,15.87,77.14
5190,20250131,17,Sponsored Display,3367,15,22.55,100.79
5191,20241004,492,Sponsored Products,2792,39,51.53,160.02
5192,20240522,529,Sponsored Brands,412,8,10.09,20.42
5193,20241221,317,Sponsored Brands,615,5,3.77,6.13
5194,20251031,644,Sponsored Products,1065,7,5.89,34.1
5195,20240102,518,Sponsored Products,1663,27,47.14,189.65
5196,20240928,552,Sponsored Display,2373,19,10.31,22.62
5197,20250705,568,Sponsored Products,1004,8,4.34,23.68
5198,20250828,54,Sponsored Display,1135,18,22.94,36.67
5199,20230312,504,DSP,479,1,0.77,4.81
5200,20250424,382,Sponsored Products,1361,22,32.02,68.13
5201,20250601,662,Sponsored Products,1110,11,9.79,50.94
5202,20230515,177,Sponsored Products,584,11,14.04,62.03
5203,20250814,463,Sponsored Products,4848,15,22.96,133.41
5204,20230719,583,Sponsored Brands,885,15,12.33,54.42
5205,20250815,493,Sponsored Products,1381,17,11.86,34.84
5206,20240101,579,Sponsored Brands,2107,29,46.06,160.14
5207,20251210,252,Sponsored Products,1436,28,18.18,100.49
5208,20250402,391,DSP,2092,23,25.9,141.04
5209,20230505,330,Sponsored Brands,2997,16,9.47,30.88
5210,20250416,535,Sponsored Brands,1325,19,12.84,41.19
5211,20240129,76,Sponsored Products,696,4,3.91,18.05
5212,20250109,141,Sponsored Brands,879,16,17.87,35.81
5213,20260419,709,Sponsored Brands,2672,38,37.87,103.33
5214,20230404,293,Sponsored Products,594,5,5.71,14.84
5215,20250622,79,DSP,3369,12,7.03,39.55
5216,20230831,302,Sponsored Products,1194,23,31.33,188.5
5217,20250610,503,Sponsored Products,1615,19,17.72,93.3
5218,20251210,144,Sponsored Display,927,2,1.98,7.11
5219,20230823,54,Sponsored Products,410,6,3.63,10.76
5220,20240303,664,Sponsored Display,404,6,6.34,31.45
5221,20241001,390,Sponsored Display,1258,18,18.01,49.85
5222,20240612,785,Sponsored Brands,2996,15,22.88,114.25
5223,20230109,611,Sponsored Products,2475,29,46.13,143.77
5224,20251011,81,Sponsored Brands,540,10,17.84,86.63
5225,20230820,784,Sponsored Display,1404,5,2.32,11.67
5226,20240723,244,Sponsored Products,841,9,11.81,43.22
5227,20250604,507,Sponsored Display,1085,13,21.45,88.41
5228,20230524,197,Sponsored Display,2527,20,18.04,102.28
5229,20240216,111,Sponsored Products,698,10,6.65,17.84
5230,20250111,310,Sponsored Products,1272,8,10.6,39.53
5231,20260502,147,Sponsored Products,1381,27,32.05,89.23
5232,20230515,409,Sponsored Brands,943,10,15.45,55.07
5233,20240120,695,Sponsored Brands,1891,10,8.9,22.47
5234,20240813,294,DSP,2546,41,56.34,182.77
5235,20260615,75,Sponsored Products,1152,11,14.35,65.66
5236,20250909,175,DSP,2597,44,32.32,199.54
5237,20230130,667,Sponsored Products,2311,13,21.2,107.72
5238,20251112,163,Sponsored Products,1195,5,3.78,24.5
5239,20231118,372,Sponsored Products,646,12,8.88,35.56
5240,20230130,345,Sponsored Products,1122,10,5.83,24.83
5241,20230221,490,Sponsored Products,3299,54,47.76,213.27
5242,20250403,333,Sponsored Brands,480,5,3.71,11.17
5243,20250612,536,Sponsored Products,1920,29,21.84,40.39
5244,20230816,458,Sponsored Brands,1299,15,24.06,60.11
5245,20240820,482,Sponsored Products,235,0,0.0,0.0
5246,20230403,665,Sponsored Products,338,5,8.6,20.79
5247,20231023,614,Sponsored Brands,887,12,5.83,32.43
5248,20230103,734,Sponsored Products,1803,24,23.72,117.44
5249,20231123,59,Sponsored Display,1880,32,32.93,173.92
5250,20260327,255,Sponsored Products,851,12,7.93,14.39
5251,20260106,678,Sponsored Brands,1665,30,13.05,76.82
5252,20230909,122,Sponsored Products,749,12,11.76,71.85
5253,20250113,64,Sponsored Products,855,16,7.99,51.9
5254,20241006,660,Sponsored Products,791,13,18.08,100.02
5255,20250328,484,Sponsored Brands,139,2,1.38,4.71
5256,20250817,464,Sponsored Products,1674,28,19.59,98.76
5257,20260330,177,Sponsored Brands,1243,21,9.6,41.44
5258,20240217,700,Sponsored Brands,2819,38,46.81,155.62
5259,20241029,561,Sponsored Display,556,2,2.93,17.85
5260,20230926,337,Sponsored Products,2011,13,22.71,55.8
5261,20230301,503,Sponsored Display,1084,14,13.37,86.53
5262,20260219,56,Sponsored Products,709,9,7.46,41.19
5263,20260109,54,Sponsored Display,1256,12,5.32,11.85
5264,20250215,633,Sponsored Display,4022,24,19.29,35.46
5265,20250425,304,Sponsored Products,544,4,4.25,16.54
5266,20251226,476,Sponsored Brands,2073,32,40.22,77.95
5267,20251009,234,DSP,3999,76,60.47,281.9
5268,20240603,313,Sponsored Display,1564,24,19.87,80.04
5269,20240607,746,Sponsored Brands,1566,28,46.22,267.41
5270,20250703,748,Sponsored Products,139,1,1.54,4.22
5271,20230213,430,Sponsored Brands,2146,16,26.72,119.5
5272,20251102,245,Sponsored Products,2519,18,19.64,123.94
5273,20251106,775,Sponsored Products,1051,20,13.1,66.57
5274,20230328,143,Sponsored Products,544,6,3.63,14.52
5275,20231227,215,Sponsored Brands,2503,14,13.58,56.02
5276,20240523,91,Sponsored Products,786,15,18.37,97.58
5277,20240824,628,Sponsored Products,291,3,2.48,14.6
5278,20230113,616,Sponsored Products,2137,13,19.5,78.96
5279,20260427,652,Sponsored Products,669,11,18.84,116.17
5280,20260218,213,Sponsored Products,1487,8,5.33,26.43
5281,20250620,151,Sponsored Brands,1830,28,18.08,51.01
5282,20230214,440,Sponsored Brands,1545,19,28.43,148.11
5283,20230820,594,DSP,537,9,5.39,28.03
5284,20231227,599,Sponsored Products,3096,19,13.27,79.16
5285,20251006,555,Sponsored Products,720,11,6.56,22.91
5286,20230107,304,Sponsored Products,2668,13,16.66,44.33
5287,20240428,145,Sponsored Products,1939,20,9.42,55.82
5288,20230930,778,Sponsored Brands,303,3,5.07,22.34
5289,20260526,660,Sponsored Products,51,0,0.0,0.0
5290,20230902,494,Sponsored Display,3353,12,14.36,34.74
5291,20230730,453,Sponsored Products,637,6,6.12,32.24
5292,20250124,597,Sponsored Display,3041,37,34.29,175.37
5293,20231020,487,Sponsored Products,1071,13,18.04,75.34
5294,20241022,799,Sponsored Products,4471,67,104.42,461.34
5295,20250128,633,Sponsored Brands,1135,7,6.05,10.97
5296,20231214,5,Sponsored Display,649,3,2.16,6.46
5297,20251115,127,Sponsored Products,325,2,3.59,20.66
5298,20231002,749,Sponsored Display,2887,57,25.18,131.07
5299,20230712,155,Sponsored Products,7825,82,42.46,236.37
5300,20230510,689,DSP,918,7,3.65,12.49
5301,20240513,504,Sponsored Products,906,7,6.72,10.29
5302,20250518,396,Sponsored Brands,809,4,5.28,22.61
5303,20240501,431,Sponsored Products,2083,26,15.72,25.28
5304,20231121,139,Sponsored Brands,4065,66,67.47,380.86
5305,20230603,102,DSP,541,9,9.69,28.68
5306,20260226,94,Sponsored Display,1825,27,19.41,80.32
5307,20240403,87,Sponsored Display,1428,13,16.8,35.8
5308,20250923,636,Sponsored Brands,2617,34,34.16,137.61
5309,20260205,241,Sponsored Brands,1681,15,15.15,24.99
5310,20260407,711,Sponsored Products,1624,9,5.03,19.97
5311,20260521,251,Sponsored Brands,1320,4,5.77,29.03
5312,20250513,497,Sponsored Brands,3375,46,34.82,199.69
5313,20240421,445,Sponsored Display,1877,7,8.3,20.34
5314,20250207,590,Sponsored Display,2796,34,59.95,337.22
5315,20230516,568,Sponsored Brands,1854,5,5.73,18.79
5316,20241125,572,Sponsored Products,2579,33,15.04,58.2
5317,20230522,668,Sponsored Products,1883,36,30.39,158.43
5318,20230919,455,Sponsored Products,1727,12,15.45,62.83
5319,20250128,365,Sponsored Brands,1763,5,3.46,12.26
5320,20250526,104,Sponsored Products,4248,53,48.65,212.75
5321,20251211,602,Sponsored Products,252,1,1.75,4.4
5322,20260117,446,Sponsored Products,1578,5,7.17,25.79
5323,20240110,195,DSP,556,3,1.79,10.79
5324,20230629,35,Sponsored Brands,1985,34,59.76,192.08
5325,20231011,611,Sponsored Products,227,1,1.04,5.94
5326,20230624,462,Sponsored Products,2758,28,35.13,105.43
5327,20260208,654,DSP,1915,12,21.28,135.7
5328,20240502,636,Sponsored Products,1369,5,4.8,10.11
5329,20260308,356,Sponsored Products,633,11,11.52,66.8
5330,20250726,296,Sponsored Products,1335,4,2.81,9.91
5331,20250315,766,Sponsored Brands,996,18,21.96,66.95
5332,20230904,786,Sponsored Brands,3228,24,20.91,105.94
5333,20230503,309,Sponsored Products,899,4,3.39,19.85
5334,20241114,651,Sponsored Display,1697,6,9.74,24.84
5335,20250619,433,Sponsored Brands,3156,58,69.04,392.14
5336,20240221,776,Sponsored Display,180,0,0.0,0.0
5337,20240310,151,DSP,4164,69,117.17,186.05
5338,20241226,705,Sponsored Display,562,3,1.29,5.21
5339,20240201,573,DSP,222,3,2.51,6.08
5340,20230929,415,Sponsored Display,1315,16,19.25,38.59
5341,20230319,328,DSP,1523,24,42.08,217.15
5342,20240214,92,Sponsored Products,982,7,2.85,16.89
5343,20230822,696,Sponsored Display,1932,28,50.09,128.96
5344,20250514,792,Sponsored Products,1264,22,31.23,112.62
5345,20260512,307,Sponsored Products,1647,27,21.1,69.88
5346,20250610,348,Sponsored Products,1294,19,21.6,52.01
5347,20250531,734,Sponsored Products,3508,31,17.6,57.65
5348,20230116,498,Sponsored Products,2110,12,5.9,18.61
5349,20240920,51,Sponsored Products,2028,34,24.91,70.38
5350,20240408,75,Sponsored Products,1569,30,41.07,153.56
5351,20250726,771,Sponsored Brands,1566,6,3.16,18.18
5352,20250911,346,Sponsored Brands,1618,18,16.3,53.02
5353,20250316,44,Sponsored Brands,803,12,6.02,26.29
5354,20230130,280,Sponsored Products,2537,16,16.83,78.75
5355,20240128,264,Sponsored Products,1447,5,5.81,16.41
5356,20241019,653,Sponsored Products,875,7,11.27,49.55
5357,20250102,96,Sponsored Display,1648,6,2.61,7.13
5358,20240919,417,DSP,3075,27,39.92,163.56
5359,20260507,299,Sponsored Products,4970,80,36.87,66.31
5360,20240207,284,Sponsored Display,1646,29,23.76,105.4
5361,20250731,627,Sponsored Display,1226,16,16.73,79.27
5362,20241202,94,Sponsored Display,656,2,1.16,4.22
5363,20250905,191,Sponsored Products,1596,14,22.1,130.77
5364,20260316,691,DSP,492,5,2.83,14.51
5365,20231010,637,Sponsored Products,1840,35,39.59,80.38
5366,20230916,402,Sponsored Products,1319,12,14.59,32.13
5367,20240823,328,Sponsored Products,2459,40,50.32,112.77
5368,20240224,14,Sponsored Display,1340,16,16.31,35.35
5369,20250908,490,Sponsored Products,2116,18,19.58,73.44
5370,20260425,633,Sponsored Products,1074,19,14.68,46.54
5371,20230211,58,Sponsored Display,2455,45,75.03,180.24
5372,20230425,611,Sponsored Products,949,14,13.11,44.08
5373,20240423,180,Sponsored Products,650,5,6.57,27.4
5374,20260625,96,Sponsored Brands,862,14,23.71,125.33
5375,20240116,480,Sponsored Products,1209,21,11.48,70.27
5376,20250320,442,Sponsored Products,1222,9,12.11,43.42
5377,20230216,520,Sponsored Brands,403,2,2.77,15.88
5378,20260112,799,Sponsored Products,1268,16,27.26,65.02
5379,20231027,176,Sponsored Products,2295,32,36.55,112.82
5380,20240119,653,Sponsored Products,1051,18,18.85,59.89
5381,20240222,372,DSP,2289,18,8.98,44.59
5382,20260107,620,Sponsored Display,3884,62,59.15,363.39
5383,20260413,219,Sponsored Products,967,18,31.07,57.74
5384,20230406,697,Sponsored Brands,4227,13,17.36,67.45
5385,20230802,304,Sponsored Brands,1609,17,15.91,39.05
5386,20250411,458,Sponsored Display,3385,38,27.12,143.82
5387,20231220,73,Sponsored Products,7116,24,26.23,89.63
5388,20240826,254,Sponsored Display,1235,15,21.09,39.07
5389,20241101,772,Sponsored Brands,455,1,1.39,9.01
5390,20250522,118,Sponsored Brands,2608,20,31.83,72.84
5391,20230225,552,Sponsored Products,2372,29,30.87,86.32
5392,20231002,150,DSP,1908,33,16.04,39.26
5393,20230116,126,Sponsored Products,4113,12,5.18,22.81
5394,20230305,539,Sponsored Brands,1260,7,12.33,47.06
5395,20260127,133,Sponsored Products,661,9,4.25,18.94
5396,20230728,657,Sponsored Display,500,2,1.69,5.67
5397,20240406,545,Sponsored Brands,3592,18,25.87,155.38
5398,20260311,516,Sponsored Products,3093,35,21.82,103.75
5399,20230722,303,Sponsored Products,1201,10,15.72,56.32
5400,20250803,292,Sponsored Products,1119,16,14.7,42.61
5401,20230413,93,DSP,1028,7,11.2,66.73
5402,20241109,738,Sponsored Products,589,10,8.47,35.7
5403,20250405,366,Sponsored Products,1649,7,9.32,59.33
5404,20240122,61,Sponsored Display,1085,11,11.92,38.92
5405,20230809,385,Sponsored Products,1948,32,27.8,176.46
5406,20240111,789,Sponsored Products,848,9,10.9,40.37
5407,20241014,39,Sponsored Products,2031,32,24.53,131.23
5408,20250827,633,Sponsored Brands,1021,6,3.06,11.99
5409,20231120,397,Sponsored Products,106,0,0.0,0.0
5410,20260618,495,Sponsored Products,233,3,5.05,8.91
5411,20240322,277,Sponsored Brands,1286,7,4.81,7.78
5412,20240514,453,Sponsored Products,3589,23,16.19,26.88
5413,20250624,356,Sponsored Products,3104,24,22.5,99.39
5414,20240919,629,Sponsored Products,1119,21,9.18,47.47
5415,20260318,454,Sponsored Products,3896,36,38.7,73.6
5416,20230524,138,Sponsored Products,1227,22,13.6,79.86
5417,20230412,227,Sponsored Products,1497,16,13.97,27.36
5418,20240801,602,Sponsored Products,921,3,2.56,16.56
5419,20241206,507,Sponsored Brands,2077,20,27.67,106.66
5420,20250225,660,Sponsored Products,2261,23,12.57,32.36
5421,20230619,385,Sponsored Brands,451,3,4.07,18.14
5422,20240201,346,Sponsored Products,3930,23,40.19,128.41
5423,20241213,214,Sponsored Products,729,3,3.44,14.35
5424,20241005,545,Sponsored Display,438,3,3.21,15.15
5425,20230702,414,Sponsored Products,529,5,7.12,14.65
5426,20230828,605,DSP,535,6,9.64,45.96
5427,20250427,737,Sponsored Brands,292,0,0.0,0.0
5428,20241022,374,Sponsored Products,333,1,0.96,1.45
5429,20260219,394,Sponsored Display,687,10,15.75,26.6
5430,20240905,550,DSP,2027,11,7.96,34.86
5431,20230714,645,Sponsored Display,1338,8,12.69,74.59
5432,20230406,272,Sponsored Products,878,8,10.14,20.07
5433,20241007,701,Sponsored Display,491,8,4.49,25.75
5434,20260618,144,Sponsored Display,2516,28,22.34,92.56
5435,20250930,422,Sponsored Products,2381,26,17.77,84.76
5436,20230918,387,Sponsored Products,4989,68,75.77,285.89
5437,20230724,654,Sponsored Products,2265,24,12.15,27.14
5438,20240803,385,Sponsored Brands,2061,6,4.57,12.38
5439,20230829,630,Sponsored Brands,1491,26,38.29,199.51
5440,20240926,398,Sponsored Products,2355,33,30.77,116.63
5441,20231218,90,Sponsored Brands,3504,17,12.28,19.36
5442,20230404,49,Sponsored Products,1363,5,5.45,34.81
5443,20250205,178,Sponsored Products,2193,17,10.96,37.28
5444,20241004,539,Sponsored Display,1977,11,17.42,35.1
5445,20260202,261,Sponsored Brands,382,7,5.57,33.74
5446,20230401,319,Sponsored Products,1849,34,54.73,293.75
5447,20240428,662,Sponsored Products,753,5,5.37,34.65
5448,20230722,634,Sponsored Display,2076,36,21.87,133.27
5449,20260118,201,Sponsored Brands,330,6,2.91,5.55
5450,20250802,380,Sponsored Display,3375,54,65.28,125.75
5451,20250225,610,Sponsored Products,2077,36,21.82,133.45
5452,20260101,543,Sponsored Brands,3055,29,48.75,132.16
5453,20230802,8,Sponsored Products,1749,15,18.14,99.88
5454,20250425,445,Sponsored Products,1689,7,10.21,54.47
5455,20231221,59,Sponsored Products,2026,17,26.9,120.37
5456,20250130,252,Sponsored Display,1739,8,4.42,12.16
5457,20250611,231,Sponsored Products,2717,11,19.25,50.89
5458,20230522,638,Sponsored Brands,2507,18,11.06,46.73
5459,20250812,299,Sponsored Products,1101,21,29.1,142.12
5460,20240120,704,Sponsored Brands,1966,17,19.61,65.12
5461,20250723,562,Sponsored Display,1991,15,16.95,100.73
5462,20251021,520,Sponsored Products,859,7,12.16,27.27
5463,20230205,64,Sponsored Products,1088,18,26.88,109.75
5464,20240105,481,Sponsored Products,651,12,7.36,14.76
5465,20231218,164,Sponsored Display,3917,28,38.12,153.72
5466,20240502,331,Sponsored Products,429,2,1.13,5.07
5467,20250516,310,Sponsored Display,2235,9,11.1,21.38
5468,20260527,307,DSP,1406,17,12.59,48.24
5469,20230707,109,Sponsored Brands,504,4,5.85,17.46
5470,20240528,667,Sponsored Products,2808,26,34.81,199.12
5471,20250208,499,Sponsored Brands,1920,9,5.51,17.64
5472,20230510,488,Sponsored Brands,1657,9,8.8,41.67
5473,20250611,663,Sponsored Brands,1264,22,22.59,104.22
5474,20231205,758,Sponsored Products,1298,21,32.84,154.84
5475,20240107,386,Sponsored Display,2879,45,61.12,201.89
5476,20230815,48,Sponsored Brands,2068,20,8.04,23.66
5477,20230413,432,DSP,3595,37,46.75,171.76
5478,20230525,199,DSP,868,11,13.32,64.76
5479,20231225,523,Sponsored Brands,1471,18,26.34,60.44
5480,20230625,559,Sponsored Products,526,10,6.11,9.95
5481,20241206,78,Sponsored Products,1296,9,15.21,53.16
5482,20251227,255,Sponsored Display,2872,44,65.26,286.22
5483,20250729,457,Sponsored Products,1654,6,3.89,11.7
5484,20251219,222,Sponsored Brands,5978,64,27.51,138.06
5485,20240413,118,Sponsored Brands,1440,18,22.92,90.97
5486,20230208,198,Sponsored Display,466,7,6.56,38.42
5487,20260210,423,Sponsored Products,1913,6,6.23,18.52
5488,20230503,270,DSP,704,11,18.29,91.03
5489,20240201,421,Sponsored Products,1849,9,8.02,37.95
5490,20250614,185,Sponsored Products,858,9,14.78,90.42
5491,20250607,562,Sponsored Display,1649,27,43.94,257.55
5492,20241024,351,Sponsored Display,2245,25,42.31,104.14
5493,20250906,420,Sponsored Products,508,6,5.88,13.07
5494,20250413,677,Sponsored Products,1236,7,8.99,26.2
5495,20250508,29,Sponsored Brands,945,18,10.47,30.35
5496,20230314,497,Sponsored Products,1169,14,23.17,80.16
5497,20260410,349,Sponsored Brands,1994,6,2.42,5.26
5498,20250426,144,Sponsored Products,1386,4,3.54,22.34
5499,20240508,44,Sponsored Products,2884,51,31.2,96.19
5500,20230113,167,Sponsored Products,1980,28,29.75,164.89
5501,20250806,274,Sponsored Display,2036,38,15.84,27.42
5502,20240202,151,Sponsored Brands,616,8,12.41,69.58
5503,20260527,192,Sponsored Brands,132,1,1.18,3.57
5504,20230406,265,Sponsored Products,2878,47,79.67,438.92
5505,20240525,87,Sponsored Products,2264,10,17.63,69.72
5506,20260402,793,DSP,771,2,3.35,5.93
5507,20260418,213,Sponsored Products,625,4,1.81,11.56
5508,20230505,739,Sponsored Display,1632,24,19.71,79.86
5509,20251116,637,Sponsored Brands,3897,69,58.83,357.52
5510,20250609,26,Sponsored Display,2619,10,4.82,14.04
5511,20250511,363,Sponsored Products,3427,29,23.2,141.3
5512,20240207,487,Sponsored Brands,3915,18,23.58,106.02
5513,20230802,52,Sponsored Brands,1615,14,10.15,48.24
5514,20250312,366,Sponsored Brands,771,6,2.68,8.13
5515,20250711,729,Sponsored Brands,3130,47,39.77,152.88
5516,20230921,638,Sponsored Brands,1384,12,6.02,21.94
5517,20230818,612,Sponsored Products,1565,14,25.17,125.36
5518,20250926,640,Sponsored Brands,2899,23,23.15,87.48
5519,20241215,345,Sponsored Products,1926,16,27.63,122.08
5520,20230810,777,Sponsored Products,727,4,2.45,14.42
5521,20230124,216,Sponsored Products,3575,39,30.59,144.89
5522,20250829,418,DSP,2106,6,4.88,7.72
5523,20260407,443,Sponsored Brands,764,2,2.25,3.91
5524,20240118,675,Sponsored Display,1594,27,12.27,63.49
5525,20250630,39,Sponsored Brands,241,4,2.34,11.94
5526,20260514,683,Sponsored Brands,1868,10,15.5,88.41
5527,20230705,193,Sponsored Brands,800,8,10.54,56.63
5528,20250321,321,Sponsored Products,1324,23,37.61,187.78
5529,20260414,761,Sponsored Brands,973,17,8.23,15.32
5530,20240710,521,Sponsored Products,794,10,11.85,72.86
5531,20260620,623,Sponsored Brands,456,2,2.62,4.52
5532,20241102,172,Sponsored Products,556,5,4.97,18.82
5533,20250411,400,Sponsored Brands,1573,18,12.05,63.67
5534,20260308,398,Sponsored Products,1037,15,19.56,88.16
5535,20240922,573,Sponsored Products,1044,3,2.93,11.67
5536,20240801,150,Sponsored Display,700,12,16.79,30.15
5537,20231218,615,Sponsored Products,7142,118,98.95,265.28
5538,20251230,134,Sponsored Products,2557,35,21.5,70.48
5539,20241115,6,Sponsored Brands,4123,32,35.96,163.77
5540,20250813,702,Sponsored Products,3915,64,79.11,296.62
5541,20250913,123,Sponsored Products,1249,17,22.39,49.39
5542,20260424,353,Sponsored Products,1147,8,14.23,80.42
5543,20250516,683,Sponsored Products,918,2,1.78,5.53
5544,20230224,170,Sponsored Display,3684,67,84.3,333.58
5545,20250608,261,Sponsored Brands,1180,22,29.47,187.01
5546,20250207,95,Sponsored Products,602,6,7.37,16.47
5547,20231013,350,Sponsored Brands,1723,19,20.9,131.04
5548,20260426,129,Sponsored Products,2342,44,38.93,115.63
5549,20231215,300,Sponsored Products,2449,33,19.64,96.2
5550,20240210,395,Sponsored Display,976,9,15.93,34.7
5551,20230118,69,Sponsored Products,1086,9,10.13,31.34
5552,20230330,267,Sponsored Brands,1104,5,4.58,15.39
5553,20240714,561,Sponsored Display,2576,18,19.0,53.92
5554,20230806,29,Sponsored Products,1803,10,7.12,15.32
5555,20241009,305,Sponsored Brands,1370,11,11.98,34.38
5556,20250309,250,Sponsored Products,2689,26,35.89,157.21
5557,20251016,95,Sponsored Display,4717,63,108.72,697.49
5558,20230126,568,Sponsored Brands,1149,12,19.52,103.2
5559,20250908,629,Sponsored Brands,2319,36,46.34,269.92
5560,20241109,645,Sponsored Display,3387,11,10.26,21.42
5561,20250301,337,Sponsored Brands,699,7,3.15,20.34
5562,20231024,724,Sponsored Products,386,5,6.92,26.23
5563,20251108,228,DSP,1254,16,11.06,57.09
5564,20250410,713,Sponsored Display,1010,15,21.79,107.79
5565,20260319,781,Sponsored Products,3266,51,58.41,297.18
5566,20230822,423,Sponsored Brands,734,4,4.72,14.06
5567,20230731,793,DSP,2215,9,7.57,28.65
5568,20240228,380,Sponsored Brands,1793,15,18.08,36.26
5569,20230916,191,DSP,2700,18,29.58,120.99
5570,20250131,650,Sponsored Brands,1522,25,17.98,68.82
5571,20230823,241,Sponsored Brands,1048,15,18.82,105.37
5572,20241201,329,Sponsored Brands,2949,31,36.27,55.86
5573,20230222,400,Sponsored Brands,3644,70,102.32,255.87
5574,20230903,448,Sponsored Display,1255,13,13.5,27.42
5575,20250623,488,Sponsored Products,198,2,1.25,3.89
5576,20240901,459,Sponsored Brands,1328,6,4.19,10.92
5577,20241211,145,Sponsored Products,2230,38,44.19,199.32
5578,20240711,788,Sponsored Products,9051,99,64.17,415.82
5579,20260423,610,Sponsored Brands,5150,65,29.43,115.68
5580,20241102,725,Sponsored Products,4954,50,88.62,353.96
5581,20230825,397,Sponsored Products,1893,32,50.89,81.96
5582,20260330,313,Sponsored Products,5129,99,54.55,323.65
5583,20240608,784,Sponsored Products,1490,4,3.44,16.67
5584,20230720,559,Sponsored Brands,835,8,9.55,58.88
5585,20251204,746,Sponsored Brands,2036,9,15.19,40.76
5586,20230809,348,Sponsored Products,1086,12,8.12,32.06
5587,20260517,389,Sponsored Products,1696,29,26.23,41.19
5588,20250120,525,Sponsored Products,491,8,7.24,26.07
5589,20260526,250,Sponsored Products,1058,14,22.37,139.19
5590,20250414,654,Sponsored Products,1568,25,29.07,168.66
5591,20230614,567,Sponsored Products,1140,14,9.18,36.71
5592,20231103,718,Sponsored Products,3241,20,21.14,75.43
5593,20250831,767,Sponsored Brands,1094,19,28.62,159.65
5594,20240523,6,Sponsored Display,2665,39,61.31,158.22
5595,20250815,246,Sponsored Display,864,10,13.84,77.07
5596,20230801,84,Sponsored Products,1842,29,12.7,23.37
5597,20240612,59,Sponsored Brands,1029,17,28.83,128.25
5598,20240407,752,Sponsored Display,3293,40,54.06,223.34
5599,20251016,433,Sponsored Products,2103,35,22.26,51.4
5600,20260630,21,Sponsored Display,305,1,1.5,8.47
5601,20230529,404,Sponsored Brands,1712,7,3.56,13.98
5602,20260128,786,Sponsored Display,782,14,20.37,48.97
5603,20240506,578,Sponsored Products,532,10,5.75,33.92
5604,20251030,484,Sponsored Products,883,6,3.73,11.94
5605,20230502,571,Sponsored Brands,1162,3,5.3,23.11
5606,20251031,717,Sponsored Brands,563,9,6.23,23.15
5607,20230331,669,Sponsored Products,1233,20,27.17,125.16
5608,20231001,347,Sponsored Products,4044,44,64.54,390.22
5609,20230811,565,Sponsored Products,2141,32,54.3,97.46
5610,20250329,213,Sponsored Products,1327,21,19.06,70.54
5611,20231020,190,Sponsored Brands,983,15,19.91,126.64
5612,20250916,540,Sponsored Brands,2407,20,15.01,74.44
5613,20230615,192,Sponsored Products,679,6,3.17,5.36
5614,20240423,283,Sponsored Brands,1491,20,30.4,109.53
5615,20250413,756,Sponsored Products,388,2,3.17,15.62
5616,20230509,122,Sponsored Products,1233,14,13.66,73.31
5617,20240901,365,Sponsored Products,1323,8,5.93,24.95
5618,20240705,753,Sponsored Products,2360,25,11.02,71.03
5619,20251116,546,Sponsored Products,2285,36,20.28,32.53
5620,20251013,320,Sponsored Products,2217,35,30.56,189.93
5621,20251217,79,Sponsored Products,3128,45,64.75,156.51
5622,20251108,277,Sponsored Brands,2395,42,65.94,355.93
5623,20250503,689,DSP,583,7,4.1,19.98
5624,20250420,611,Sponsored Display,681,5,3.94,18.11
5625,20251217,779,Sponsored Products,5727,31,44.51,88.3
5626,20240712,306,Sponsored Products,2545,47,19.91,129.41
5627,20240102,194,Sponsored Display,2771,22,31.91,95.76
5628,20240524,624,Sponsored Brands,2015,8,9.0,35.66
5629,20251011,145,Sponsored Products,347,5,5.99,14.7
5630,20240404,438,DSP,2638,23,22.37,118.41
5631,20250914,486,Sponsored Products,2402,40,39.01,75.74
5632,20240501,697,Sponsored Products,2481,19,32.54,84.47
5633,20241201,130,Sponsored Display,1419,25,44.76,79.02
5634,20250909,162,Sponsored Products,2795,27,37.16,193.14
5635,20250524,778,Sponsored Brands,2927,57,40.29,233.52
5636,20231125,582,Sponsored Brands,1582,15,9.4,27.38
5637,20250322,563,Sponsored Products,1844,8,4.45,18.28
5638,20240902,413,Sponsored Brands,343,3,4.2,8.61
5639,20240121,392,Sponsored Products,1139,11,9.03,31.98
5640,20230308,511,Sponsored Display,3698,13,9.82,24.72
5641,20231223,232,Sponsored Products,1712,12,18.14,81.82
5642,20250328,435,Sponsored Brands,1389,7,9.95,22.38
5643,20250517,190,Sponsored Products,97,1,0.53,1.14
5644,20260421,297,Sponsored Products,1105,11,6.73,28.51
5645,20230325,224,Sponsored Products,970,19,21.93,75.79
5646,20241224,197,Sponsored Brands,5897,110,93.38,287.57
5647,20260518,766,Sponsored Brands,1042,20,27.17,141.67
5648,20241107,18,Sponsored Display,888,10,10.22,17.02
5649,20250420,554,Sponsored Brands,1217,20,34.12,117.34
5650,20240904,699,Sponsored Products,1146,5,8.02,25.0
5651,20250219,19,Sponsored Brands,1561,30,32.85,92.94
5652,20230708,488,Sponsored Products,1279,12,10.85,32.19
5653,20251130,536,Sponsored Products,9317,91,139.32,763.79
5654,20250418,472,Sponsored Products,854,14,20.15,109.11
5655,20250516,799,Sponsored Products,4284,19,12.05,63.71
5656,20250502,730,Sponsored Brands,807,9,10.06,16.22
5657,20230103,291,Sponsored Brands,3805,18,26.04,94.7
5658,20250120,277,Sponsored Brands,575,6,9.18,24.79
5659,20230323,7,Sponsored Brands,628,4,5.91,28.45
5660,20240125,791,Sponsored Products,544,2,2.58,11.93
5661,20250221,445,Sponsored Products,2713,21,10.53,25.62
5662,20250812,495,Sponsored Display,664,3,3.88,14.07
5663,20240721,669,Sponsored Display,3685,23,28.29,70.33
5664,20241227,24,Sponsored Products,829,5,8.57,55.47
5665,20240718,98,DSP,1438,12,17.96,93.59
5666,20240424,245,Sponsored Products,1286,24,28.1,177.95
5667,20230211,283,Sponsored Display,1685,7,9.39,48.47
5668,20260323,87,DSP,1932,27,25.3,51.75
5669,20250922,138,Sponsored Products,1301,26,36.56,101.57
5670,20231006,664,Sponsored Products,4884,63,45.6,247.57
5671,20241116,63,Sponsored Products,578,3,1.76,11.09
5672,20260226,337,Sponsored Display,775,6,5.33,19.64
5673,20250831,218,Sponsored Brands,1766,19,17.75,84.48
5674,20250330,555,Sponsored Brands,2237,9,4.47,11.25
5675,20250515,765,Sponsored Display,1550,21,28.56,54.54
5676,20240921,294,Sponsored Brands,521,1,0.84,1.74
5677,20240209,354,Sponsored Products,1022,6,5.4,17.93
5678,20230508,669,Sponsored Display,3634,66,68.43,196.41
5679,20251111,51,DSP,683,9,7.66,41.8
5680,20240908,420,DSP,2156,14,8.95,18.5
5681,20250303,295,Sponsored Brands,5372,47,45.44,203.97
5682,20230204,746,DSP,5139,62,77.74,126.28
5683,20250605,572,Sponsored Brands,2459,28,22.07,130.07
5684,20250522,785,Sponsored Brands,1369,16,20.05,31.38
5685,20250101,295,Sponsored Products,1190,4,6.42,39.21
5686,20241210,158,Sponsored Products,2257,30,27.34,96.41
5687,20240404,14,Sponsored Products,22,0,0.0,0.0
5688,20230620,224,Sponsored Brands,1585,8,6.79,19.15
5689,20250702,372,Sponsored Display,390,2,1.52,3.94
5690,20250104,360,Sponsored Display,3058,14,8.09,49.63
5691,20231119,665,DSP,2045,39,30.56,190.13
5692,20230911,504,Sponsored Products,2196,15,23.37,73.72
5693,20240724,69,Sponsored Display,892,5,6.8,11.53
5694,20260316,567,Sponsored Products,2330,45,53.37,306.87
5695,20230129,22,Sponsored Products,323,4,2.13,5.73
5696,20250130,709,Sponsored Products,1867,30,12.76,55.1
5697,20240527,480,Sponsored Products,1120,20,12.62,53.23
5698,20251017,642,DSP,207,2,1.62,8.5
5699,20240803,556,Sponsored Brands,1148,16,14.28,55.22
5700,20230414,695,Sponsored Products,1450,17,29.05,103.89
5701,20250305,150,Sponsored Products,1722,12,18.27,87.56
5702,20240917,315,Sponsored Display,357,2,1.09,3.27
5703,20240201,243,Sponsored Products,1116,18,29.83,180.67
5704,20260207,250,DSP,1590,12,20.23,43.49
5705,20260418,488,Sponsored Products,2687,20,22.31,81.01
5706,20230914,24,DSP,964,11,8.53,14.53
5707,20241001,267,Sponsored Products,624,10,8.73,26.85
5708,20240622,96,DSP,2253,11,18.36,47.65
5709,20260505,709,Sponsored Products,1324,10,9.4,34.34
5710,20230326,39,Sponsored Products,766,7,4.06,13.0
5711,20230312,607,Sponsored Products,1956,20,13.45,49.73
5712,20241220,153,Sponsored Products,707,3,1.61,7.44
5713,20250601,255,Sponsored Display,739,5,2.83,5.4
5714,20260324,190,Sponsored Products,1164,8,6.46,30.44
5715,20240522,102,Sponsored Products,914,17,7.51,47.03
5716,20240625,411,DSP,1806,32,41.13,222.02
5717,20260112,445,Sponsored Brands,2056,31,54.92,119.13
5718,20250523,566,DSP,209,3,1.78,3.11
5719,20231204,717,Sponsored Products,1981,13,18.46,51.28
5720,20231012,704,Sponsored Products,878,15,6.67,38.32
5721,20260208,775,DSP,1276,16,14.19,65.02
5722,20250708,648,Sponsored Products,2031,40,29.33,169.71
5723,20230723,455,Sponsored Display,5058,68,121.47,373.73
5724,20250321,49,Sponsored Display,1655,21,21.0,101.26
5725,20240404,58,Sponsored Brands,1287,24,23.18,88.45
5726,20260402,351,Sponsored Products,1067,15,6.34,10.43
5727,20240201,512,Sponsored Products,740,12,16.26,64.88
5728,20260426,33,DSP,3424,57,98.52,399.71
5729,20251219,131,Sponsored Products,4422,68,107.52,560.64
5730,20250923,196,Sponsored Products,2181,31,27.08,128.13
5731,20230110,121,Sponsored Products,610,11,8.84,30.17
5732,20230121,273,Sponsored Display,966,4,3.86,22.5
5733,20240208,280,Sponsored Products,2303,9,11.57,36.35
5734,20230216,769,Sponsored Products,2835,55,63.13,366.71
5735,20260430,760,Sponsored Products,2397,40,43.21,221.31
5736,20250502,214,Sponsored Products,2919,18,21.34,100.13
5737,20260610,527,Sponsored Display,2651,35,35.83,195.49
5738,20250120,96,Sponsored Products,3386,40,44.76,286.26
5739,20260306,146,Sponsored Brands,1970,10,6.01,37.38
5740,20250401,609,Sponsored Display,2615,31,23.07,87.68
5741,20250315,58,DSP,814,7,4.33,19.32
5742,20240119,94,Sponsored Products,3774,36,39.95,177.82
5743,20240103,89,Sponsored Display,610,12,15.12,82.88
5744,20230725,428,Sponsored Display,4518,40,35.18,65.29
5745,20240218,769,Sponsored Brands,1743,6,6.68,12.33
5746,20230322,315,Sponsored Products,801,5,4.16,13.74
5747,20240320,571,Sponsored Display,1988,23,29.01,48.62
5748,20241227,200,Sponsored Display,1873,19,11.26,67.69
5749,20231021,718,Sponsored Products,1965,33,26.88,152.08
5750,20240801,193,Sponsored Display,1212,22,38.89,185.04
5751,20240315,774,Sponsored Products,1409,17,7.66,48.29
5752,20231016,245,Sponsored Products,1365,5,2.32,12.6
5753,20240619,103,Sponsored Brands,1577,17,29.14,89.89
5754,20240121,410,Sponsored Display,1192,7,7.14,22.77
5755,20251024,689,Sponsored Products,2293,24,23.61,57.35
5756,20241204,248,Sponsored Display,545,1,1.49,5.0
5757,20241118,280,DSP,1890,35,38.13,82.62
5758,20230517,472,Sponsored Display,4923,83,87.9,350.81
5759,20260426,200,Sponsored Brands,2719,27,24.41,157.1
5760,20230918,410,Sponsored Products,1968,10,14.38,79.34
5761,20240523,419,Sponsored Products,2065,12,9.35,49.91
5762,20250326,286,Sponsored Brands,1584,30,23.23,57.43
5763,20230826,226,Sponsored Brands,799,8,13.38,68.75
5764,20240526,519,Sponsored Products,1600,12,5.45,23.64
5765,20240704,469,Sponsored Products,2601,17,20.99,80.72
5766,20250308,121,Sponsored Products,2943,14,13.4,55.4
5767,20250112,95,Sponsored Products,1406,25,40.13,203.07
5768,20240223,650,Sponsored Products,1169,7,10.21,19.6
5769,20250604,33,Sponsored Brands,2747,9,9.14,33.04
5770,20230713,629,Sponsored Products,1990,27,33.13,167.13
5771,20241121,6,Sponsored Products,2063,30,43.77,80.07
5772,20230117,16,Sponsored Products,1477,24,34.58,123.16
5773,20250705,283,Sponsored Display,246,1,1.62,3.98
5774,20240915,376,Sponsored Display,3135,40,20.75,59.52
5775,20231225,252,Sponsored Products,2346,33,33.08,129.06
5776,20240512,477,Sponsored Products,1935,8,3.93,12.0
5777,20250519,453,Sponsored Products,4030,28,41.46,98.38
5778,20241105,628,Sponsored Products,3834,20,12.99,72.67
5779,20260310,133,Sponsored Products,2092,13,9.0,55.02
5780,20230812,272,Sponsored Products,4849,66,39.92,85.3
5781,20240122,422,Sponsored Brands,1329,4,5.81,35.72
5782,20260108,11,Sponsored Products,725,11,11.67,68.94
5783,20230925,263,DSP,521,1,1.03,3.15
5784,20250909,397,Sponsored Brands,1070,3,1.63,8.27
5785,20250608,542,Sponsored Products,1226,11,6.17,18.02
5786,20231002,98,Sponsored Display,782,9,9.38,37.99
5787,20250817,551,Sponsored Brands,1048,15,11.92,44.86
5788,20241221,207,Sponsored Products,1331,24,35.55,103.87
5789,20231121,236,Sponsored Brands,795,8,12.28,24.65
5790,20260305,337,Sponsored Products,1612,30,21.64,88.94
5791,20230121,1,Sponsored Products,1472,18,28.27,73.11
5792,20241219,437,Sponsored Display,330,4,4.87,9.99
5793,20230720,579,Sponsored Products,1600,23,19.24,95.59
5794,20230926,437,DSP,1571,11,17.4,59.49
5795,20240306,256,Sponsored Brands,2465,13,14.2,77.53
5796,20241031,726,Sponsored Products,546,8,10.24,26.52
5797,20240309,265,Sponsored Brands,2188,12,10.37,36.52
5798,20240116,59,Sponsored Products,4820,69,36.49,125.51
5799,20240224,405,DSP,3982,46,64.5,330.76
5800,20260120,85,Sponsored Brands,4572,20,26.2,165.37
5801,20240303,662,Sponsored Brands,2346,19,21.92,66.97
5802,20250828,466,Sponsored Display,306,6,7.96,16.13
5803,20230913,470,Sponsored Products,1053,16,7.72,15.51
5804,20241202,117,DSP,1849,30,15.45,79.3
5805,20260108,591,Sponsored Products,1013,6,3.7,22.94
5806,20230401,157,Sponsored Brands,185,1,1.37,5.62
5807,20251229,147,Sponsored Brands,391,3,3.98,14.55
5808,20240522,281,Sponsored Brands,898,13,20.74,66.23
5809,20240502,293,Sponsored Products,1370,15,25.46,98.87
5810,20240226,715,Sponsored Products,3170,34,54.95,173.84
5811,20241021,67,Sponsored Display,581,7,6.76,15.62
5812,20240530,785,DSP,1813,24,9.83,17.01
5813,20230907,328,Sponsored Products,689,4,3.11,14.3
5814,20231114,48,Sponsored Brands,2775,42,63.87,383.34
5815,20250326,499,Sponsored Products,554,7,7.39,34.92
5816,20251018,642,Sponsored Products,3274,38,20.19,81.17
5817,20250529,538,Sponsored Display,923,3,2.42,14.1
5818,20250921,625,Sponsored Products,1478,20,18.26,79.58
5819,20240404,50,Sponsored Products,1053,14,14.13,51.92
5820,20231228,395,Sponsored Products,332,3,2.69,8.72
5821,20250324,645,Sponsored Display,505,9,9.84,63.27
5822,20251023,665,Sponsored Brands,1678,22,38.05,163.52
5823,20251026,62,Sponsored Products,2118,33,18.91,104.36
5824,20230813,485,Sponsored Display,2986,27,42.15,65.92
5825,20240713,545,Sponsored Products,1118,9,15.94,47.85
5826,20231030,360,Sponsored Products,622,3,3.73,22.98
5827,20251008,744,Sponsored Display,2670,18,26.51,55.04
5828,20230922,107,Sponsored Products,1522,15,23.55,113.75
5829,20230130,779,Sponsored Products,1246,19,14.78,92.86
5830,20231015,598,Sponsored Display,2363,32,54.3,121.45
5831,20240222,515,Sponsored Brands,2331,33,28.45,57.67
5832,20251217,41,DSP,7560,150,75.68,162.63
5833,20231207,421,Sponsored Display,708,11,6.17,39.4
5834,20260407,672,Sponsored Display,2161,37,25.79,137.93
5835,20230118,784,Sponsored Products,3534,31,52.94,138.64
5836,20230516,348,Sponsored Display,2740,19,28.92,112.37
5837,20250227,776,Sponsored Products,358,3,1.81,6.73
5838,20251031,384,Sponsored Display,588,3,1.44,5.9
5839,20231007,783,Sponsored Brands,784,4,4.05,17.68
5840,20251224,25,Sponsored Products,1967,35,19.45,108.84
5841,20250915,587,Sponsored Products,641,8,10.45,42.72
5842,20251217,433,Sponsored Display,3652,46,51.64,110.26
5843,20260625,597,Sponsored Products,606,7,10.14,57.63
5844,20250804,505,Sponsored Brands,380,7,6.12,22.86
5845,20251022,76,Sponsored Products,840,6,9.28,21.14
5846,20260612,567,Sponsored Products,3009,32,45.85,146.09
5847,20251019,401,Sponsored Display,3058,43,74.63,435.36
5848,20251214,575,Sponsored Brands,729,13,15.63,74.03
5849,20230328,139,Sponsored Products,1361,18,14.11,28.94
5850,20250222,554,Sponsored Products,1702,29,39.5,249.47
5851,20250805,776,Sponsored Products,1029,12,5.89,27.6
5852,20240220,600,Sponsored Products,342,2,3.05,17.5
5853,20241024,428,Sponsored Products,1252,19,15.89,102.39
5854,20230120,133,Sponsored Products,466,2,2.22,11.03
5855,20250831,238,Sponsored Products,3285,20,31.28,182.86
5856,20241116,356,Sponsored Products,3887,75,89.03,199.87
5857,20260426,98,Sponsored Products,1003,18,9.05,35.1
5858,20241221,415,Sponsored Brands,544,5,7.65,37.4
5859,20250213,463,Sponsored Products,666,5,5.75,21.26
5860,20231028,145,Sponsored Products,2515,41,26.55,81.88
5861,20240329,399,Sponsored Products,616,6,5.85,29.66
5862,20250920,429,Sponsored Products,1481,9,14.6,34.02
5863,20230219,788,Sponsored Products,1994,15,8.89,45.01
5864,20241209,36,Sponsored Products,1272,18,27.82,50.15
5865,20250729,79,Sponsored Brands,498,4,5.82,32.26
5866,20250718,734,Sponsored Brands,2023,8,10.48,52.96
5867,20250519,727,DSP,2201,31,39.12,234.92
5868,20260624,187,Sponsored Brands,1840,26,16.2,42.86
5869,20250218,443,DSP,299,2,1.07,3.81
5870,20230907,128,DSP,1979,34,44.34,128.0
5871,20230124,180,Sponsored Display,1190,16,12.38,54.5
5872,20241123,194,Sponsored Products,5575,55,26.01,118.44
5873,20240223,311,Sponsored Brands,729,6,6.87,32.34
5874,20260301,172,Sponsored Products,2790,31,23.87,129.85
5875,20250628,712,Sponsored Products,914,15,24.21,125.16
5876,20230302,228,Sponsored Display,983,15,12.6,71.74
5877,20260520,249,Sponsored Brands,2328,9,12.87,42.5
5878,20260228,406,Sponsored Brands,4878,60,82.35,423.78
5879,20250307,279,Sponsored Display,461,7,8.24,16.96
5880,20240521,203,Sponsored Products,2101,32,57.35,119.26
5881,20231021,413,Sponsored Display,128,1,0.65,3.5
5882,20260215,518,Sponsored Display,2773,36,34.36,202.87
5883,20240321,571,Sponsored Products,2405,11,7.31,40.57
5884,20260312,280,Sponsored Brands,493,4,2.29,7.92
5885,20230117,483,Sponsored Products,980,17,27.78,73.87
5886,20251027,312,Sponsored Brands,3570,24,29.19,123.72
5887,20250713,542,Sponsored Products,581,8,4.87,14.16
5888,20250202,533,Sponsored Brands,2508,45,38.88,101.03
5889,20231130,759,Sponsored Products,3538,16,13.0,62.29
5890,20230717,37,Sponsored Brands,1010,15,21.23,128.4
5891,20230515,172,Sponsored Products,3873,45,23.25,67.18
5892,20260326,85,Sponsored Brands,290,1,0.99,2.46
5893,20230501,742,DSP,616,11,5.28,31.37
5894,20231114,787,Sponsored Display,670,4,4.65,19.85
5895,20250125,622,Sponsored Products,3017,17,28.99,87.12
5896,20241001,340,Sponsored Products,2101,21,34.15,212.08
5897,20230704,153,DSP,499,5,7.53,11.71
5898,20231230,423,Sponsored Products,3161,52,82.73,332.68
5899,20250615,493,Sponsored Display,2272,32,48.78,188.41
5900,20230730,309,Sponsored Products,2844,24,14.35,37.27
5901,20230413,514,DSP,993,10,14.87,25.96
5902,20240206,313,Sponsored Products,1667,7,4.34,15.02
5903,20231117,105,Sponsored Brands,2503,28,19.55,93.49
5904,20241014,590,Sponsored Products,621,5,2.17,13.5
5905,20231017,409,Sponsored Display,609,1,1.35,4.1
5906,20260206,295,Sponsored Products,3722,13,20.28,41.72
5907,20230507,771,Sponsored Products,1379,6,2.93,16.13
5908,20260410,33,Sponsored Brands,2772,37,43.41,98.08
5909,20250819,182,Sponsored Products,3669,72,101.08,537.61
5910,20240830,307,Sponsored Brands,375,1,1.19,7.32
5911,20231005,166,DSP,1561,15,19.86,64.0
5912,20231108,309,Sponsored Brands,796,12,6.8,41.45
5913,20240108,502,Sponsored Display,1516,26,43.03,209.56
5914,20250822,39,Sponsored Products,1063,20,28.57,138.61
5915,20240925,180,Sponsored Products,838,13,5.95,38.39
5916,20260521,702,Sponsored Brands,2899,36,39.07,250.41
5917,20240828,296,Sponsored Products,294,3,1.64,5.17
5918,20230113,119,Sponsored Products,2084,25,11.86,19.05
5919,20230501,525,Sponsored Brands,3457,63,92.53,577.46
5920,20241105,795,Sponsored Products,2239,21,20.52,70.24
5921,20240918,700,Sponsored Products,247,1,0.91,2.29
5922,20240604,338,Sponsored Display,3235,41,34.14,209.3
5923,20250617,425,Sponsored Products,604,9,11.94,58.06
5924,20241005,334,Sponsored Products,550,5,3.95,7.25
5925,20240611,581,Sponsored Brands,898,17,11.67,61.87
5926,20231121,638,Sponsored Brands,670,4,2.46,13.02
5927,20231227,653,Sponsored Products,719,3,5.38,19.8
5928,20230609,463,Sponsored Products,813,6,8.24,13.8
5929,20230420,522,Sponsored Brands,1061,4,2.22,3.6
5930,20231218,715,Sponsored Products,3199,30,34.59,222.78
5931,20230131,531,Sponsored Products,1764,6,5.97,37.79
5932,20241111,253,DSP,3736,45,22.63,80.4
5933,20240427,283,Sponsored Products,3406,42,26.82,146.47
5934,20231023,413,Sponsored Products,3973,68,44.0,177.71
5935,20260208,600,Sponsored Display,599,11,7.67,41.36
5936,20231002,450,Sponsored Products,1918,32,52.0,287.42
5937,20230929,35,Sponsored Products,1034,12,14.02,67.1
5938,20260627,650,Sponsored Products,1636,15,18.76,28.54
5939,20250324,713,Sponsored Products,1319,13,17.45,67.13
5940,20260329,410,Sponsored Products,1512,19,16.14,49.34
5941,20240312,306,Sponsored Products,1818,24,36.11,227.86
5942,20230616,695,Sponsored Products,420,4,5.81,16.15
5943,20230103,24,Sponsored Display,3053,38,52.27,187.45
5944,20240117,525,Sponsored Display,438,4,3.28,14.43
5945,20241109,72,Sponsored Brands,2450,24,25.0,57.4
5946,20230312,278,Sponsored Products,555,10,12.15,32.91
5947,20250401,297,Sponsored Products,1237,20,26.48,154.77
5948,20250415,730,Sponsored Products,2469,13,10.63,30.16
5949,20250626,488,Sponsored Display,236,4,3.03,12.3
5950,20250405,269,DSP,1985,39,21.59,121.57
5951,20230714,56,Sponsored Brands,2903,57,48.02,88.93
5952,20230317,795,Sponsored Products,1255,8,9.38,52.65
5953,20230310,592,Sponsored Products,1813,21,12.92,29.08
5954,20230312,56,Sponsored Products,4134,67,91.96,436.68
5955,20250824,26,Sponsored Display,1943,24,34.32,182.66
5956,20250721,792,Sponsored Display,553,2,2.4,7.36
5957,20260511,625,Sponsored Brands,2980,11,5.23,13.15
5958,20260118,131,Sponsored Products,2266,31,24.12,106.65
5959,20240427,415,Sponsored Products,2130,22,17.02,103.39
5960,20250313,299,Sponsored Products,1638,17,11.22,64.91
5961,20240530,598,DSP,1570,27,11.2,62.58
5962,20241107,746,Sponsored Brands,2203,11,16.95,74.11
5963,20251220,286,DSP,1429,16,26.7,110.14
5964,20250101,564,Sponsored Products,1987,20,29.56,108.34
5965,20250713,704,Sponsored Products,469,1,1.67,2.67
5966,20250503,83,Sponsored Products,1227,24,16.09,90.07
5967,20250521,713,Sponsored Products,1579,20,24.19,135.18
5968,20241122,574,Sponsored Products,3086,13,14.08,75.73
5969,20250120,652,Sponsored Products,748,8,12.46,60.54
5970,20250423,315,Sponsored Products,2032,18,17.34,50.1
5971,20231212,185,Sponsored Brands,1424,6,8.47,28.63
5972,20230227,788,Sponsored Products,2041,25,11.47,58.68
5973,20230714,145,Sponsored Brands,916,12,20.85,118.2
5974,20230311,708,DSP,2265,37,44.47,100.02
5975,20240118,519,Sponsored Products,2595,38,42.44,191.31
5976,20250901,727,Sponsored Products,1061,9,9.76,52.36
5977,20240308,25,Sponsored Products,1403,23,10.38,29.27
5978,20240607,698,Sponsored Brands,147,1,0.7,3.49
5979,20240901,453,Sponsored Products,837,15,23.01,134.29
5980,20240706,728,DSP,1273,21,33.09,76.46
5981,20230421,81,Sponsored Display,477,1,1.37,8.45
5982,20241008,117,Sponsored Products,1529,15,24.03,152.47
5983,20231213,471,Sponsored Products,851,16,20.58,51.72
5984,20240128,614,Sponsored Products,1223,7,8.66,33.74
5985,20240623,44,Sponsored Products,4669,55,46.63,93.57
5986,20260501,69,Sponsored Products,1352,12,14.04,46.26
5987,20240526,202,Sponsored Products,1157,17,19.15,108.42
5988,20260215,333,Sponsored Display,2468,19,26.35,71.02
5989,20260422,72,Sponsored Brands,3252,17,26.03,161.37
5990,20250402,615,Sponsored Products,1600,12,20.68,63.32
5991,20250415,236,Sponsored Brands,2515,39,64.32,127.6
5992,20240615,110,Sponsored Products,1676,32,46.91,287.52
5993,20231101,14,Sponsored Display,2735,9,13.84,33.39
5994,20230328,330,Sponsored Brands,1706,32,44.9,150.78
5995,20250315,278,Sponsored Brands,795,10,5.03,19.32
5996,20230307,91,Sponsored Products,918,16,17.32,96.58
5997,20230206,4,Sponsored Products,1228,5,4.27,18.64
5998,20250420,695,Sponsored Products,4533,60,78.03,459.58
5999,20241128,304,Sponsored Display,5724,18,28.6,130.03
6000,20240705,706,Sponsored Products,1131,3,4.24,25.47
6001,20241030,260,Sponsored Products,5158,61,34.86,63.21
6002,20230425,701,Sponsored Brands,1380,12,11.15,68.82
6003,20240303,24,Sponsored Display,2932,44,24.69,147.96
6004,20250810,186,Sponsored Display,3363,15,19.16,110.68
6005,20250226,345,Sponsored Products,903,17,14.2,51.61
6006,20240704,523,Sponsored Brands,236,4,5.04,10.82
6007,20230317,652,Sponsored Products,530,10,12.84,73.09
6008,20230722,100,Sponsored Display,1346,22,22.19,98.81
6009,20250124,206,DSP,3258,27,34.0,200.37
6010,20240426,61,Sponsored Display,666,4,6.51,13.61
6011,20241224,140,Sponsored Products,1511,15,23.42,140.68
6012,20230131,11,Sponsored Products,2183,7,7.66,21.29
6013,20250308,532,Sponsored Products,1035,18,22.89,36.73
6014,20251017,8,Sponsored Products,602,3,1.72,3.5
6015,20240403,562,Sponsored Display,2922,25,16.0,72.11
6016,20241112,751,Sponsored Products,1472,25,40.85,213.92
6017,20250513,266,Sponsored Display,1980,13,9.64,22.94
6018,20250422,254,DSP,363,4,1.86,5.49
6019,20260329,130,DSP,3205,20,15.27,44.82
6020,20240215,129,Sponsored Products,396,7,8.76,24.69
6021,20250924,315,DSP,1249,18,16.96,92.54
6022,20250512,265,Sponsored Products,824,7,10.76,50.01
6023,20251128,495,Sponsored Brands,3481,48,44.67,250.04
6024,20240709,456,Sponsored Products,696,9,12.98,83.71
6025,20230801,663,Sponsored Products,986,5,6.21,36.72
6026,20231215,746,Sponsored Products,3090,22,21.63,78.32
6027,20240620,331,Sponsored Brands,1662,19,15.6,78.95
6028,20240825,714,Sponsored Products,417,1,0.75,2.51
6029,20230515,384,Sponsored Display,424,6,3.04,6.28
6030,20240415,63,Sponsored Products,915,8,7.62,12.88
6031,20250528,781,Sponsored Brands,2845,52,28.03,64.86
6032,20230608,162,Sponsored Products,599,5,7.38,43.74
6033,20240225,637,Sponsored Products,349,6,5.98,15.05
6034,20250524,270,Sponsored Products,994,10,6.23,30.18
6035,20240121,540,Sponsored Brands,415,1,1.21,5.78
6036,20260530,192,Sponsored Products,1505,21,12.18,35.15
6037,20241019,215,Sponsored Products,1553,5,4.51,28.68
6038,20250116,559,Sponsored Products,797,5,4.84,30.73
6039,20260530,321,Sponsored Brands,579,10,7.8,38.66
6040,20260221,364,Sponsored Brands,1607,14,19.52,58.63
6041,20230124,657,Sponsored Products,2809,22,28.03,168.04
6042,20250822,673,Sponsored Products,559,5,7.81,20.03
6043,20230709,712,Sponsored Products,2564,36,28.12,92.24
6044,20251105,99,Sponsored Products,569,6,7.25,44.06
6045,20241005,189,Sponsored Brands,386,2,3.42,10.18
6046,20250411,336,Sponsored Display,145,1,0.96,5.21
6047,20240126,277,Sponsored Display,2570,18,21.21,91.78
6048,20230311,574,Sponsored Brands,3827,38,59.58,177.7
6049,20250409,589,Sponsored Products,700,2,3.12,13.28
6050,20240502,717,Sponsored Products,1121,9,14.58,68.76
6051,20241003,107,DSP,1304,5,7.87,38.94
6052,20250224,548,DSP,1212,4,2.2,7.75
6053,20260325,683,Sponsored Products,339,4,4.88,14.86
6054,20241219,728,Sponsored Brands,7031,64,82.62,240.71
6055,20230731,48,Sponsored Brands,588,6,4.1,12.69
6056,20241219,153,Sponsored Brands,8328,159,121.47,774.96
6057,20240104,119,Sponsored Products,192,1,1.01,1.76
6058,20231223,606,DSP,1839,31,45.09,135.03
6059,20250327,470,Sponsored Brands,3419,32,51.41,269.65
6060,20231209,460,Sponsored Display,2379,32,17.94,60.4
6061,20240522,384,Sponsored Products,1643,17,13.57,31.26
6062,20230801,305,Sponsored Products,1910,15,14.72,51.19
6063,20250909,115,Sponsored Products,2369,17,17.7,30.65
6064,20240618,731,Sponsored Products,1660,11,4.82,10.38
6065,20230421,16,Sponsored Display,735,13,13.81,61.92
6066,20250309,308,DSP,2843,44,19.25,122.12
6067,20230122,365,Sponsored Products,1332,5,8.5,45.78
6068,20241027,230,DSP,4437,34,44.46,210.49
6069,20240913,437,Sponsored Products,3432,37,27.05,116.52
6070,20250504,758,DSP,1251,7,7.48,41.19
6071,20241227,254,Sponsored Products,707,4,3.68,21.55
6072,20230528,243,Sponsored Products,1810,9,7.14,16.55
6073,20250506,733,Sponsored Products,1483,19,21.89,93.61
6074,20240617,351,Sponsored Display,1161,23,35.73,187.04
6075,20231217,150,Sponsored Brands,1746,29,34.53,123.44
6076,20230513,487,Sponsored Products,858,15,16.17,42.4
6077,20250219,63,Sponsored Display,115,2,1.12,4.3
6078,20250822,61,Sponsored Products,539,8,7.08,38.52
6079,20250929,509,Sponsored Brands,1211,15,9.97,17.11
6080,20230218,105,Sponsored Display,544,2,1.87,4.03
6081,20240402,13,Sponsored Products,882,8,3.74,8.04
6082,20241223,460,Sponsored Display,6470,126,77.9,313.33
6083,20230919,503,Sponsored Display,1561,9,8.03,23.45
6084,20240224,564,Sponsored Products,2151,34,49.98,159.56
6085,20240804,38,Sponsored Brands,6238,123,183.95,981.03
6086,20241014,119,Sponsored Display,1184,12,12.95,44.05
6087,20250615,775,Sponsored Brands,3799,36,33.84,57.46
6088,20240708,345,Sponsored Products,3523,53,86.92,248.42
6089,20240912,300,Sponsored Display,351,4,2.07,9.75
6090,20260513,750,Sponsored Products,1636,20,18.33,49.28
6091,20230104,665,Sponsored Products,1758,27,20.87,104.0
6092,20230824,533,Sponsored Brands,951,9,12.89,82.48
6093,20230404,430,Sponsored Products,602,10,15.96,45.79
6094,20230620,68,Sponsored Display,298,4,4.94,18.91
6095,20230226,78,Sponsored Display,426,6,8.32,30.87
6096,20251024,292,Sponsored Brands,2445,46,57.14,348.88
6097,20250822,181,DSP,1753,31,18.09,69.72
6098,20231019,577,DSP,929,12,20.08,126.25
6099,20250226,196,Sponsored Display,203,1,1.59,7.03
6100,20251221,169,Sponsored Brands,2311,29,42.15,206.35
6101,20230501,58,Sponsored Products,294,3,1.29,6.49
6102,20240630,247,Sponsored Products,1069,12,9.67,50.01
6103,20241126,307,DSP,1199,21,10.85,54.6
6104,20240627,86,Sponsored Brands,1215,17,15.34,46.98
6105,20250813,562,Sponsored Brands,596,9,6.94,25.6
6106,20230712,302,Sponsored Brands,12218,128,119.04,714.72
6107,20240109,107,Sponsored Products,744,4,2.72,17.42
6108,20240811,540,Sponsored Products,938,15,7.49,23.65
6109,20240928,458,Sponsored Brands,899,17,13.49,59.16
6110,20260312,308,Sponsored Products,1038,12,5.93,34.54
6111,20250520,792,DSP,637,4,6.48,21.54
6112,20230302,308,Sponsored Brands,2141,11,9.28,46.72
6113,20241025,482,Sponsored Products,2588,27,23.21,67.8
6114,20250305,258,DSP,985,4,3.22,11.54
6115,20260511,308,DSP,1128,18,24.35,88.07
6116,20250620,116,Sponsored Products,1034,12,14.12,73.12
6117,20240401,529,Sponsored Products,369,6,9.75,24.17
6118,20260623,538,Sponsored Products,506,5,6.81,40.55
6119,20250715,486,Sponsored Products,1193,19,13.51,21.2
6120,20230919,424,Sponsored Products,4762,58,60.84,226.95
6121,20240802,351,Sponsored Products,942,13,13.5,22.24
6122,20260510,264,DSP,317,3,1.31,5.84
6123,20250120,323,DSP,2221,39,19.11,44.47
6124,20230725,325,Sponsored Products,1711,30,18.19,77.29
6125,20251113,684,Sponsored Products,704,8,14.03,41.81
6126,20250706,29,Sponsored Brands,264,4,1.75,11.17
6127,20240121,629,Sponsored Display,1162,10,5.12,12.31
6128,20260209,141,Sponsored Display,1115,12,8.03,50.93
6129,20250126,647,Sponsored Brands,1058,18,30.14,154.99
6130,20230505,327,Sponsored Products,715,5,4.68,29.02
6131,20251128,139,DSP,5990,23,40.78,127.1
6132,20230802,754,Sponsored Products,1721,32,29.17,179.61
6133,20250418,311,Sponsored Products,1870,23,40.0,243.34
6134,20230110,280,Sponsored Brands,185,1,0.7,3.52
6135,20260206,336,Sponsored Display,2582,25,41.28,160.89
6136,20230501,783,Sponsored Products,516,4,6.41,27.79
6137,20260429,521,Sponsored Display,647,2,1.93,9.26
6138,20250503,557,Sponsored Products,1616,20,8.32,37.23
6139,20241108,466,Sponsored Products,1340,10,10.74,30.05
6140,20230909,773,Sponsored Products,1384,6,10.01,25.75
6141,20230824,85,Sponsored Display,1299,16,11.8,22.28
6142,20260416,196,Sponsored Brands,333,6,3.91,15.3
6143,20250308,339,Sponsored Brands,251,1,1.04,3.12
6144,20260406,548,Sponsored Products,774,12,20.94,121.72
6145,20240525,266,Sponsored Products,1827,6,3.17,20.26
6146,20250217,744,Sponsored Brands,306,2,2.83,8.41
6147,20260504,425,Sponsored Products,310,1,1.53,6.71
6148,20250411,717,Sponsored Products,3318,50,78.99,271.62
6149,20240210,100,Sponsored Brands,2641,19,12.75,38.13
6150,20230330,757,Sponsored Brands,392,3,2.82,11.15
6151,20231022,356,Sponsored Products,1789,16,8.86,32.53
6152,20251121,141,Sponsored Products,259,3,5.08,28.87
6153,20241015,386,Sponsored Display,2479,44,26.52,73.94
6154,20231024,418,Sponsored Brands,909,3,3.56,17.61
6155,20240624,334,Sponsored Brands,1881,19,24.75,70.34
6156,20250331,770,Sponsored Products,174,1,1.2,2.46
6157,20240617,239,Sponsored Brands,1227,15,7.56,40.62
6158,20240806,520,Sponsored Products,1074,9,5.21,13.03
6159,20240204,750,Sponsored Products,2590,23,18.86,49.56
6160,20250129,75,Sponsored Products,1202,11,18.36,101.42
6161,20240105,554,Sponsored Products,2011,15,8.37,20.06
6162,20240219,707,Sponsored Brands,781,8,8.92,39.5
6163,20250130,279,Sponsored Brands,1343,22,16.73,56.4
6164,20231219,458,Sponsored Display,1145,22,34.35,108.34
6165,20260510,274,Sponsored Display,786,14,17.94,99.01
6166,20230703,186,Sponsored Brands,856,7,6.47,27.44
6167,20260407,150,Sponsored Display,1611,30,32.25,77.15
6168,20240228,208,Sponsored Products,2576,32,41.8,78.4
6169,20250815,587,Sponsored Brands,2421,23,17.42,107.03
6170,20250810,289,Sponsored Brands,882,17,13.86,58.31
6171,20230927,326,Sponsored Products,3940,65,98.9,417.64
6172,20250620,505,Sponsored Products,1902,22,16.44,72.07
6173,20250510,533,Sponsored Brands,507,7,9.23,47.13
6174,20260316,389,Sponsored Display,629,6,9.79,19.2
6175,20240326,368,Sponsored Products,562,2,3.18,8.29
6176,20240620,660,DSP,45,0,0.0,0.0
6177,20260108,446,Sponsored Products,2098,38,24.2,132.02
6178,20230226,748,Sponsored Display,2659,37,48.92,105.2
6179,20240427,759,Sponsored Products,2955,38,24.59,44.92
6180,20230203,290,Sponsored Products,691,5,3.42,21.37
6181,20240530,113,Sponsored Display,229,2,1.89,2.88
6182,20260309,410,Sponsored Products,2334,19,13.03,27.28
6183,20250507,584,Sponsored Products,3555,14,23.51,35.49
6184,20250502,333,Sponsored Display,851,12,5.26,33.21
6185,20240916,107,Sponsored Products,1598,8,7.8,43.02
6186,20260114,107,Sponsored Products,1455,7,6.98,25.87
6187,20260129,467,Sponsored Products,2782,42,24.98,59.15
6188,20250613,474,Sponsored Products,577,8,4.35,24.85
6189,20260413,301,Sponsored Display,3304,18,20.54,66.19
6190,20240228,119,Sponsored Display,1107,13,9.22,20.12
6191,20231118,429,Sponsored Products,418,6,6.99,27.65
6192,20250715,127,Sponsored Products,610,6,8.51,45.89
6193,20260615,771,Sponsored Products,1767,22,16.43,89.24
6194,20240122,364,Sponsored Brands,807,5,2.6,13.24
6195,20230502,705,Sponsored Products,3709,71,47.5,88.53
6196,20241210,16,DSP,696,2,3.42,8.87
6197,20251207,353,Sponsored Products,3855,67,34.99,59.8
6198,20240328,407,Sponsored Display,451,8,5.83,18.43
6199,20240509,370,Sponsored Brands,573,7,10.28,25.01
6200,20240119,729,Sponsored Products,659,6,8.26,42.44
6201,20231025,346,Sponsored Products,929,15,16.11,44.06
6202,20240323,138,Sponsored Display,1243,5,6.51,41.29
6203,20240104,261,Sponsored Products,3702,73,110.19,398.12
6204,20240329,444,Sponsored Products,980,13,21.48,65.52
6205,20240504,470,Sponsored Brands,5674,72,42.2,262.9
6206,20240120,680,Sponsored Products,3018,16,27.95,67.1
6207,20260103,287,Sponsored Brands,4279,41,50.72,150.09
6208,20250116,502,Sponsored Products,2487,34,31.81,118.3
6209,20241214,669,Sponsored Products,2224,14,19.41,53.99
6210,20260423,315,Sponsored Brands,1662,15,13.44,27.92
6211,20251126,75,Sponsored Brands,1948,35,22.8,43.46
6212,20231210,690,Sponsored Products,2187,20,32.62,176.71
6213,20230108,304,Sponsored Products,694,8,12.81,78.42
6214,20241127,547,Sponsored Products,4693,31,26.3,47.99
6215,20240110,467,Sponsored Products,2166,15,26.56,83.72
6216,20230214,705,Sponsored Products,951,18,29.51,135.05
6217,20250112,487,Sponsored Brands,512,3,2.4,8.19
6218,20260409,523,DSP,924,11,16.76,41.58
6219,20231016,479,Sponsored Brands,762,5,8.52,19.71
6220,20231210,411,Sponsored Display,3103,14,23.17,94.33
6221,20250509,717,Sponsored Products,546,6,2.55,11.47
6222,20260515,338,Sponsored Brands,3229,22,13.1,44.19
6223,20240627,690,Sponsored Products,2175,42,37.36,165.01
6224,20230325,74,Sponsored Brands,2195,34,16.66,84.9
6225,20260103,73,Sponsored Products,1091,12,8.26,47.5
6226,20240410,355,Sponsored Products,2442,9,10.67,56.48
6227,20230124,83,Sponsored Brands,390,5,4.01,12.39
6228,20260426,56,Sponsored Display,682,9,15.11,46.47
6229,20251219,667,Sponsored Products,2557,19,19.32,96.41
6230,20231212,735,Sponsored Products,1266,20,32.72,116.55
6231,20251110,540,Sponsored Brands,1904,37,54.78,120.38
6232,20230420,709,Sponsored Products,629,11,17.79,32.41
6233,20240928,745,Sponsored Products,1144,13,15.35,97.29
6234,20260408,741,DSP,2128,34,31.8,162.22
6235,20231202,759,Sponsored Products,1066,18,13.72,68.89
6236,20240705,798,Sponsored Brands,1353,17,18.24,50.52
6237,20231212,224,Sponsored Products,660,2,2.06,5.86
6238,20231129,426,Sponsored Products,4879,54,48.24,197.23
6239,20250121,388,Sponsored Brands,1820,22,38.59,141.92
6240,20230501,236,DSP,1366,5,6.82,32.86
6241,20240128,6,Sponsored Products,5568,101,163.24,933.77
6242,20230905,648,Sponsored Brands,1005,8,12.99,43.3
6243,20240513,24,Sponsored Products,783,9,12.95,59.08
6244,20250525,230,Sponsored Products,3994,46,44.26,162.66
6245,20250215,146,DSP,1113,9,7.84,31.33
6246,20260606,540,Sponsored Products,5313,78,57.93,299.81
6247,20260102,487,Sponsored Products,3088,25,40.22,191.13
6248,20231104,471,Sponsored Products,2325,36,37.29,103.3
6249,20240131,372,Sponsored Display,1480,12,11.25,34.4
6250,20250415,743,DSP,1711,33,39.89,170.93
6251,20230219,759,Sponsored Brands,2352,45,67.09,250.57
6252,20240106,76,Sponsored Brands,2802,23,40.68,85.46
6253,20251110,267,Sponsored Display,1894,34,57.54,339.21
6254,20260121,777,Sponsored Brands,2423,14,11.98,75.99
6255,20240424,8,Sponsored Products,1546,22,11.25,25.77
6256,20240215,310,Sponsored Display,222,2,1.41,5.84
6257,20260113,418,DSP,836,13,15.86,64.97
6258,20250204,64,Sponsored Products,226,3,5.28,10.92
6259,20260214,767,Sponsored Products,1994,17,10.5,50.64
6260,20240905,337,Sponsored Brands,779,10,16.66,35.59
6261,20230706,499,DSP,261,3,1.85,5.39
6262,20250928,559,Sponsored Products,2195,21,30.06,112.19
6263,20241213,587,Sponsored Brands,695,8,8.98,17.81
6264,20230125,339,Sponsored Brands,2253,31,30.12,85.11
6265,20240629,515,Sponsored Products,2409,21,26.87,121.31
6266,20231001,109,Sponsored Brands,2706,33,39.08,73.06
6267,20230414,799,Sponsored Brands,3420,42,27.49,134.24
6268,20241230,346,Sponsored Brands,2105,29,16.73,71.99
6269,20230308,764,Sponsored Brands,284,2,3.2,18.32
6270,20250715,39,DSP,621,12,14.43,83.01
6271,20240122,141,Sponsored Brands,1510,20,31.85,113.02
6272,20250820,516,Sponsored Products,3385,26,29.82,145.56
6273,20260519,405,Sponsored Products,861,10,17.2,42.99
6274,20230415,53,Sponsored Brands,1378,15,7.01,18.87
6275,20251211,121,DSP,2303,19,21.38,54.35
6276,20230326,302,Sponsored Display,2408,19,27.62,127.41
6277,20251101,49,Sponsored Products,587,4,4.48,11.18
6278,20230811,257,DSP,2805,32,22.51,101.12
6279,20240123,760,Sponsored Products,4036,40,47.74,168.1
6280,20250708,402,DSP,1418,19,26.7,143.11
6281,20230826,5,Sponsored Products,370,1,1.78,2.76
6282,20230215,285,Sponsored Brands,1705,31,47.82,292.8
6283,20240405,580,Sponsored Products,460,3,1.38,3.51
6284,20240709,598,Sponsored Brands,1082,14,18.0,109.3
6285,20240824,60,Sponsored Products,957,14,13.36,35.98
6286,20240728,456,Sponsored Brands,3129,49,45.0,136.31
6287,20231023,25,Sponsored Display,174,1,0.71,3.79
6288,20250211,128,Sponsored Products,2518,14,13.13,66.79
6289,20230816,742,Sponsored Display,1608,16,7.39,18.15
6290,20260503,441,Sponsored Products,487,7,8.12,50.26
6291,20240619,235,Sponsored Brands,440,3,1.63,5.16
6292,20230726,506,Sponsored Brands,147,1,1.29,2.01
6293,20260228,539,Sponsored Products,400,1,0.94,5.08
6294,20241018,26,Sponsored Display,103,0,0.0,0.0
6295,20251206,751,Sponsored Brands,843,6,5.51,28.79
6296,20251204,620,Sponsored Brands,576,3,4.78,27.85
6297,20231117,329,Sponsored Products,1447,11,5.4,20.51
6298,20240516,565,Sponsored Products,1342,22,38.12,166.7
6299,20240528,389,Sponsored Products,713,3,3.72,11.43
6300,20231111,515,Sponsored Brands,431,5,5.65,36.5
6301,20230928,151,Sponsored Products,2408,22,23.42,129.87
6302,20250403,404,Sponsored Brands,1802,11,14.98,89.7
6303,20251114,513,Sponsored Brands,1460,18,18.68,28.98
6304,20251201,403,Sponsored Products,180,0,0.0,0.0
6305,20241128,767,Sponsored Display,3214,19,24.87,103.45
6306,20251020,202,Sponsored Brands,531,8,11.66,42.81
6307,20240122,490,Sponsored Brands,1885,12,17.08,45.75
6308,20230716,467,Sponsored Brands,1574,7,4.89,9.52
6309,20260530,432,DSP,3649,27,25.91,154.85
6310,20240802,75,Sponsored Products,3254,16,25.17,111.7
6311,20241213,355,DSP,1650,9,4.9,20.02
6312,20240719,415,Sponsored Products,1860,35,29.61,163.41
6313,20240122,117,Sponsored Display,1897,25,17.9,38.61
6314,20260613,1,Sponsored Products,2066,23,17.84,91.96
6315,20250906,64,Sponsored Brands,1072,19,26.04,119.26
6316,20240518,200,Sponsored Brands,1994,30,35.5,113.78
6317,20240609,9,Sponsored Products,3189,10,8.59,25.25
6318,20250731,487,Sponsored Display,1414,25,14.1,44.15
6319,20230325,787,Sponsored Products,4145,64,40.47,230.32
6320,20241229,14,Sponsored Products,400,7,8.7,30.35
6321,20231218,506,Sponsored Display,2705,46,26.15,122.65
6322,20230205,108,Sponsored Brands,1374,24,42.27,217.53
6323,20231226,331,Sponsored Products,5384,52,30.81,154.19
6324,20240221,374,Sponsored Display,1250,10,14.61,63.84
6325,20231123,607,Sponsored Brands,1383,20,19.93,57.43
6326,20240729,312,Sponsored Brands,926,7,7.76,39.01
6327,20250617,739,Sponsored Products,1560,12,6.09,34.64
6328,20240719,280,Sponsored Products,216,0,0.0,0.0
6329,20251017,177,Sponsored Display,72,0,0.0,0.0
6330,20260620,573,Sponsored Products,1770,28,34.44,168.49
6331,20250504,597,Sponsored Products,1000,13,9.28,57.51
6332,20250814,304,Sponsored Products,340,4,2.62,7.92
6333,20250313,49,Sponsored Products,1224,15,23.19,44.18
6334,20250611,377,Sponsored Products,840,11,17.44,91.77
6335,20250814,407,Sponsored Brands,553,8,5.75,32.07
6336,20250806,255,Sponsored Products,3099,54,46.81,251.53
6337,20250308,612,Sponsored Display,1253,14,13.58,39.68
6338,20260514,62,Sponsored Products,1430,12,11.51,39.45
6339,20240819,715,Sponsored Products,944,17,22.39,34.06
6340,20240419,377,DSP,1372,23,33.99,82.01
6341,20230428,469,Sponsored Display,920,12,17.86,71.9
6342,20230802,148,DSP,1115,4,3.95,16.53
6343,20260201,618,DSP,362,7,10.22,24.08
6344,20230717,573,Sponsored Display,465,7,6.48,42.1
6345,20251023,472,Sponsored Products,1359,18,16.78,27.6
6346,20240807,494,Sponsored Products,1764,26,19.78,39.46
6347,20251030,769,Sponsored Brands,280,3,4.95,24.09
6348,20230509,178,Sponsored Products,1673,18,7.26,33.87
6349,20250624,179,Sponsored Brands,2297,16,20.06,92.27
6350,20260326,770,Sponsored Brands,1299,15,16.24,63.55
6351,20240509,401,Sponsored Products,1267,10,16.82,73.63
6352,20230409,590,Sponsored Display,3220,19,30.74,85.37
6353,20241109,590,Sponsored Products,1103,6,7.07,11.92
6354,20250111,8,Sponsored Brands,4620,31,53.6,181.71
6355,20251125,224,Sponsored Products,4940,38,44.5,190.64
6356,20231107,760,Sponsored Brands,890,9,7.76,26.27
6357,20241219,696,Sponsored Brands,2182,11,8.1,15.54
6358,20260611,667,DSP,2596,33,31.1,125.51
6359,20260315,634,Sponsored Products,3999,38,33.17,91.68
6360,20240330,194,Sponsored Brands,2627,20,10.78,32.02
6361,20251029,734,Sponsored Products,755,7,3.25,16.7
6362,20230318,680,Sponsored Brands,1420,14,9.17,42.52
6363,20250504,192,Sponsored Brands,770,15,15.68,74.56
6364,20250731,742,Sponsored Brands,2441,24,19.23,100.71
6365,20250708,516,Sponsored Products,1218,19,26.58,53.34
6366,20250102,23,Sponsored Products,3363,23,22.91,47.83
6367,20240804,764,Sponsored Products,3758,13,9.41,27.98
6368,20241028,780,Sponsored Products,595,9,15.07,91.57
6369,20230515,64,Sponsored Brands,2585,36,19.63,98.53
6370,20250613,460,Sponsored Brands,2206,33,51.29,179.81
6371,20260212,760,Sponsored Products,1145,6,7.36,24.28
6372,20260218,220,Sponsored Products,706,6,9.41,31.09
6373,20230418,202,Sponsored Display,3671,40,47.79,77.19
6374,20240122,574,Sponsored Products,1751,16,19.73,56.16
6375,20230813,274,Sponsored Brands,2053,10,5.73,19.59
6376,20231022,250,Sponsored Products,2923,50,36.2,55.37
6377,20230820,166,DSP,1961,38,66.69,174.13
6378,20241013,640,Sponsored Products,345,6,6.77,19.56
6379,20250113,514,Sponsored Display,660,2,2.03,6.43
6380,20250318,207,Sponsored Products,1905,34,60.03,158.45
6381,20250228,669,Sponsored Brands,495,2,2.31,11.91
6382,20230922,714,Sponsored Display,1162,15,13.74,26.59
6383,20250312,540,Sponsored Brands,1677,27,32.46,130.23
6384,20240629,677,Sponsored Brands,4019,76,95.03,426.47
6385,20241009,616,Sponsored Products,3678,33,33.34,103.02
6386,20230203,71,Sponsored Products,1129,12,14.66,50.15
6387,20240127,525,Sponsored Brands,2824,15,8.53,41.1
6388,20251227,365,Sponsored Products,1013,18,27.01,150.33
6389,20240607,287,Sponsored Products,1682,30,31.29,192.07
6390,20230319,388,Sponsored Products,1153,16,10.77,25.01
6391,20250624,194,Sponsored Products,430,8,11.83,38.16
6392,20240620,336,Sponsored Products,371,1,0.71,4.1
6393,20231112,349,Sponsored Products,1689,23,15.76,63.59
6394,20260411,219,Sponsored Brands,3243,51,21.41,91.81
6395,20231004,103,Sponsored Display,412,1,1.06,5.16
6396,20230910,791,Sponsored Display,627,6,3.2,12.29
6397,20240813,731,Sponsored Brands,3192,17,23.58,37.4
6398,20230410,783,Sponsored Products,1435,8,9.85,54.52
6399,20250619,527,Sponsored Products,2712,18,8.84,35.03
6400,20241017,574,Sponsored Brands,976,12,17.38,86.1
6401,20240208,738,Sponsored Products,3973,27,21.32,124.61
6402,20240325,611,Sponsored Display,81,1,1.57,8.59
6403,20250307,696,DSP,998,14,6.43,31.36
6404,20230718,580,Sponsored Products,647,8,10.86,40.64
6405,20250107,151,Sponsored Brands,926,16,19.74,112.54
6406,20230110,347,Sponsored Brands,613,5,3.62,8.87
6407,20241020,737,Sponsored Products,2859,34,30.1,187.06
6408,20251113,354,Sponsored Brands,1695,30,22.27,71.07
6409,20240609,227,Sponsored Brands,2937,39,15.66,42.77
6410,20230705,741,Sponsored Products,301,1,1.49,4.05
6411,20250924,291,Sponsored Products,534,4,4.7,17.62
6412,20250201,792,Sponsored Products,1334,8,13.1,62.38
6413,20250103,345,Sponsored Brands,1453,24,26.85,64.86
6414,20260206,373,Sponsored Brands,767,5,2.04,10.32
6415,20240911,778,Sponsored Products,592,2,1.14,3.03
6416,20240119,634,Sponsored Brands,1151,9,15.69,65.53
6417,20230120,717,Sponsored Products,2230,29,21.94,138.38
6418,20250820,273,Sponsored Products,666,9,10.17,50.27
6419,20240116,668,Sponsored Products,3221,43,25.4,39.87
6420,20250323,403,Sponsored Products,1254,23,39.43,144.8
6421,20250706,392,Sponsored Display,502,8,4.74,14.79
6422,20230204,69,Sponsored Brands,539,2,1.12,6.08
6423,20241207,29,Sponsored Products,2962,42,35.89,185.43
6424,20260619,449,Sponsored Display,2902,35,27.98,130.39
6425,20250608,512,Sponsored Display,2913,26,43.54,213.61
6426,20230922,205,Sponsored Brands,3534,35,35.42,228.58
6427,20250126,655,Sponsored Products,4373,81,108.72,639.31
6428,20230601,392,Sponsored Products,983,11,18.82,51.97
6429,20240317,182,DSP,1553,17,26.63,166.51
6430,20250119,209,Sponsored Display,602,6,8.19,45.12
6431,20230122,346,DSP,508,9,7.59,14.98
6432,20260615,97,Sponsored Products,1773,32,32.66,158.79
6433,20250116,765,Sponsored Products,1812,32,30.06,192.28
6434,20230428,514,DSP,2621,46,31.41,51.31
6435,20240615,383,Sponsored Display,1757,28,21.62,78.15
6436,20240215,193,DSP,1529,14,15.53,87.47
6437,20250513,251,DSP,1573,13,23.12,144.49
6438,20250506,154,Sponsored Products,399,4,3.08,5.89
6439,20260201,520,Sponsored Products,1955,19,18.02,76.89
6440,20230406,27,Sponsored Brands,604,10,10.85,61.8
6441,20230214,86,Sponsored Display,245,4,5.35,13.98
6442,20250111,94,DSP,3398,42,19.09,44.38
6443,20240906,337,Sponsored Display,263,1,0.71,3.16
6444,20250421,29,DSP,3100,49,20.77,67.21
6445,20250210,764,Sponsored Brands,803,15,25.17,112.62
6446,20241206,727,Sponsored Products,888,7,9.93,59.52
6447,20250726,385,DSP,287,3,1.8,11.3
6448,20241024,272,Sponsored Brands,1603,31,45.93,282.41
6449,20250501,66,Sponsored Products,638,3,1.59,7.2
6450,20250409,347,Sponsored Products,5908,70,57.11,185.66
6451,20260413,768,Sponsored Products,1958,26,41.83,235.2
6452,20250508,524,Sponsored Brands,1853,17,23.48,114.55
6453,20260609,395,Sponsored Products,3949,31,27.57,109.33
6454,20250414,768,Sponsored Display,1048,3,4.12,6.32
6455,20260420,686,Sponsored Brands,942,16,15.42,56.03
6456,20240105,255,Sponsored Products,3752,72,54.11,343.02
6457,20230720,166,Sponsored Products,936,5,8.47,37.55
6458,20230216,332,Sponsored Products,1528,30,46.32,269.05
6459,20260623,77,DSP,2612,41,24.22,124.9
6460,20240113,148,DSP,1285,17,13.93,87.16
6461,20240112,68,Sponsored Brands,611,2,2.71,7.32
6462,20250321,477,Sponsored Brands,1875,19,16.74,78.26
6463,20240416,220,Sponsored Products,1013,5,8.82,42.57
6464,20230210,212,Sponsored Display,1380,11,10.38,46.4
6465,20240501,460,Sponsored Display,1158,13,19.44,79.56
6466,20231101,438,Sponsored Brands,865,13,6.36,36.36
6467,20250726,664,Sponsored Brands,1637,28,35.28,166.3
6468,20230227,8,Sponsored Products,2491,44,39.72,178.7
6469,20230309,680,Sponsored Products,1187,23,13.96,82.5
6470,20260222,12,Sponsored Products,754,9,4.31,17.8
6471,20250609,393,Sponsored Products,2539,12,15.29,47.86
6472,20230110,522,Sponsored Display,1045,15,8.76,23.42
6473,20251024,189,DSP,1104,11,17.1,100.24
6474,20230421,423,Sponsored Brands,1070,15,11.1,55.15
6475,20250202,761,Sponsored Brands,569,5,7.24,26.68
6476,20250313,562,Sponsored Products,3577,60,103.66,384.08
6477,20240201,720,Sponsored Brands,3760,21,22.39,67.21
6478,20260212,777,Sponsored Products,1431,26,39.48,97.42
6479,20250131,203,Sponsored Products,1137,20,30.12,152.49
6480,20251225,425,Sponsored Products,1603,24,28.88,142.81
6481,20230506,523,Sponsored Brands,3693,37,41.57,104.61
6482,20250406,731,Sponsored Brands,1756,21,37.37,79.84
6483,20250808,142,Sponsored Display,611,7,3.77,21.81
6484,20230825,40,Sponsored Products,979,12,6.29,21.9
6485,20230213,12,Sponsored Products,615,1,0.78,2.56
6486,20241025,39,Sponsored Products,2331,12,18.93,38.05
6487,20241126,237,Sponsored Brands,990,5,6.02,29.01
6488,20230619,645,Sponsored Brands,1055,10,16.92,94.54
6489,20240707,418,Sponsored Brands,678,8,10.97,46.81
6490,20230710,522,Sponsored Brands,1191,18,25.06,54.64
6491,20240528,12,Sponsored Products,1723,7,7.38,37.06
6492,20240121,456,Sponsored Brands,433,6,5.78,27.36
6493,20260623,725,Sponsored Products,525,4,6.77,27.15
6494,20231113,76,Sponsored Brands,1675,19,21.82,117.12
6495,20230610,389,Sponsored Display,2316,36,28.08,96.87
6496,20240816,303,Sponsored Display,2269,26,42.02,94.49
6497,20250802,683,Sponsored Brands,1659,28,26.83,144.33
6498,20241202,571,Sponsored Display,578,2,3.0,4.84
6499,20240713,487,Sponsored Brands,2022,14,12.29,43.51
6500,20260501,493,Sponsored Products,1443,23,33.02,112.91
6501,20250215,317,Sponsored Products,295,2,3.54,15.2
6502,20250716,64,Sponsored Products,404,4,4.08,25.76
6503,20241008,348,Sponsored Products,1823,9,3.7,11.47
6504,20250806,472,Sponsored Products,1815,20,9.61,34.56
6505,20231117,272,DSP,519,9,9.61,42.68
6506,20250130,79,Sponsored Display,1096,10,15.47,45.92
6507,20231218,543,Sponsored Brands,4805,23,30.23,135.32
6508,20251028,575,Sponsored Brands,1314,18,22.36,102.59
6509,20250331,700,Sponsored Brands,1190,20,20.89,45.48
6510,20250103,96,Sponsored Display,2770,31,53.94,250.17
6511,20250722,678,Sponsored Brands,2200,37,35.41,149.45
6512,20230525,520,DSP,964,10,16.29,39.35
6513,20250619,188,Sponsored Products,304,1,1.41,7.17
6514,20241126,443,Sponsored Brands,1800,19,7.94,49.43
6515,20250807,664,Sponsored Display,2364,12,16.28,88.85
6516,20260306,672,Sponsored Display,1028,12,18.5,116.25
6517,20260408,197,Sponsored Products,1182,10,16.35,72.09
6518,20230429,521,Sponsored Brands,702,7,5.62,17.81
6519,20230220,94,DSP,4106,12,12.52,68.32
6520,20260608,334,Sponsored Products,3182,45,58.34,186.62
6521,20250712,556,Sponsored Display,5381,75,126.04,734.91
6522,20250402,262,Sponsored Products,469,8,5.99,31.58
6523,20240927,749,Sponsored Products,1681,25,32.97,197.12
6524,20230915,689,Sponsored Products,2251,9,5.66,29.6
6525,20240619,219,Sponsored Display,1928,25,32.67,128.81
6526,20250728,521,Sponsored Brands,2153,16,23.53,50.89
6527,20241106,19,Sponsored Products,476,2,2.94,19.09
6528,20241015,352,Sponsored Brands,306,3,1.96,9.03
6529,20250723,345,DSP,1010,13,20.43,86.99
6530,20260114,42,Sponsored Display,332,4,3.62,19.07
6531,20251231,108,Sponsored Display,4631,17,28.78,87.31
6532,20230110,68,Sponsored Products,660,7,9.23,54.07
6533,20250614,528,DSP,666,9,6.46,22.84
6534,20230428,51,Sponsored Products,1328,18,26.96,163.85
6535,20241026,283,Sponsored Brands,2491,12,18.52,44.17
6536,20230902,384,Sponsored Display,2812,45,42.57,255.53
6537,20230902,124,Sponsored Products,222,2,1.3,5.27
6538,20260611,592,Sponsored Products,2007,13,20.95,65.16
6539,20250708,197,Sponsored Products,2200,19,23.38,151.39
6540,20250819,263,DSP,2457,45,36.03,119.91
6541,20230122,724,Sponsored Brands,1105,5,5.84,26.16
6542,20260401,491,Sponsored Products,4019,41,36.12,180.79
6543,20240212,428,Sponsored Products,1239,9,6.27,36.47
6544,20250823,735,Sponsored Products,6690,93,166.01,936.8
6545,20251206,326,Sponsored Brands,1690,12,18.22,61.46
6546,20260220,135,Sponsored Products,1001,16,12.43,47.89
6547,20230303,117,Sponsored Products,510,3,4.75,28.94
6548,20250212,547,Sponsored Products,586,7,5.52,23.85
6549,20230113,37,Sponsored Display,1459,22,30.05,145.03
6550,20240719,575,Sponsored Brands,807,10,4.25,9.09
6551,20260616,172,Sponsored Products,422,5,4.23,26.15
6552,20231012,35,Sponsored Brands,1252,6,7.33,42.3
6553,20260423,463,Sponsored Display,2748,10,5.71,15.03
6554,20250515,97,Sponsored Products,1434,17,12.91,24.35
6555,20240216,2,Sponsored Brands,833,14,23.78,151.69
6556,20260131,726,Sponsored Brands,1931,28,15.05,90.12
6557,20230713,587,Sponsored Products,619,9,5.79,31.89
6558,20251110,694,DSP,449,2,3.36,5.93
6559,20240513,529,Sponsored Brands,1730,12,16.95,74.68
6560,20231229,265,Sponsored Brands,1216,3,1.73,9.26
6561,20230218,490,Sponsored Brands,902,12,18.97,111.94
6562,20251111,507,Sponsored Brands,1305,5,8.97,56.49
6563,20241018,91,Sponsored Display,679,5,7.01,28.22
6564,20241014,437,Sponsored Brands,3214,21,28.71,93.78
6565,20240703,657,Sponsored Display,307,3,4.0,12.62
6566,20230721,787,Sponsored Brands,2051,17,10.21,58.88
6567,20240705,485,Sponsored Display,2155,37,25.34,100.05
6568,20240803,131,Sponsored Products,2698,14,17.43,74.54
6569,20231202,239,Sponsored Products,1889,22,12.23,42.12
6570,20250520,164,Sponsored Products,855,7,11.29,23.02
6571,20240422,133,Sponsored Brands,1255,21,13.47,79.76
6572,20240211,31,Sponsored Products,2528,23,29.57,116.66
6573,20230403,154,Sponsored Products,2011,19,12.26,19.87
6574,20250109,638,Sponsored Brands,961,15,7.38,27.83
6575,20241125,646,Sponsored Products,1586,10,9.02,35.93
6576,20241225,746,Sponsored Products,6254,113,94.7,271.21
6577,20250213,663,DSP,1979,33,53.31,235.63
6578,20230110,550,Sponsored Products,2230,27,26.59,63.01
6579,20240807,247,Sponsored Brands,591,8,12.15,20.21
6580,20230101,316,Sponsored Products,3670,36,58.03,128.71
6581,20260103,700,Sponsored Brands,7139,92,146.73,394.04
6582,20250702,302,Sponsored Products,1988,23,9.49,53.97
6583,20240220,62,Sponsored Products,1008,13,17.49,110.45
6584,20240626,650,Sponsored Display,445,4,3.32,16.26
6585,20260428,482,Sponsored Brands,1904,23,35.03,129.4
6586,20240317,601,Sponsored Products,3977,36,21.15,112.31
6587,20250929,119,Sponsored Display,2047,30,46.32,163.66
6588,20230323,20,Sponsored Display,1452,14,10.51,44.52
6589,20251121,485,Sponsored Products,2934,56,89.11,528.71
6590,20250717,347,Sponsored Display,1290,20,11.72,40.65
6591,20240814,293,Sponsored Display,3510,23,34.02,163.63
6592,20260222,733,Sponsored Brands,1905,29,20.82,73.84
6593,20230720,354,Sponsored Display,1121,13,6.33,12.12
6594,20250812,386,Sponsored Brands,2941,17,29.14,99.61
6595,20240115,200,Sponsored Products,1442,17,15.8,41.21
6596,20240621,283,Sponsored Products,1479,24,21.29,85.83
6597,20231203,592,Sponsored Brands,2345,14,6.19,15.68
6598,20260325,372,Sponsored Products,718,12,10.54,57.6
6599,20260511,302,Sponsored Products,724,11,17.49,83.08
6600,20260611,102,Sponsored Products,2521,15,18.93,48.84
6601,20250305,686,Sponsored Brands,1174,21,31.14,188.84
6602,20231030,694,Sponsored Display,1423,20,18.61,104.94
6603,20250107,517,Sponsored Products,750,14,6.29,31.03
6604,20240118,709,Sponsored Display,1200,11,15.36,26.04
6605,20240505,295,Sponsored Display,4523,22,27.05,170.17
6606,20250603,507,Sponsored Products,718,8,12.74,58.81
6607,20251026,470,DSP,1632,31,45.93,294.3
6608,20250614,714,Sponsored Products,2115,28,14.53,45.56
6609,20241118,375,Sponsored Products,709,5,4.1,14.52
6610,20241204,199,Sponsored Products,1574,13,18.11,81.64
6611,20260326,667,Sponsored Brands,1585,12,8.53,35.71
6612,20230213,734,Sponsored Products,3362,43,30.59,173.05
6613,20230603,172,Sponsored Products,2847,47,33.47,198.07
6614,20240429,102,Sponsored Products,885,3,3.25,6.81
6615,20250415,241,Sponsored Products,3040,9,5.77,25.72
6616,20250412,700,Sponsored Display,561,7,5.94,17.42
6617,20250315,680,Sponsored Brands,3095,32,48.23,299.97
6618,20240612,227,DSP,895,13,22.15,107.21
6619,20240125,285,Sponsored Products,266,1,1.54,5.03
6620,20241126,591,Sponsored Products,2647,51,31.88,202.52
6621,20230911,340,Sponsored Products,1509,18,20.8,69.16
6622,20260122,250,Sponsored Products,2735,17,15.42,68.88
6623,20250223,353,Sponsored Products,1426,26,28.6,74.84
6624,20230115,342,Sponsored Products,2266,31,34.16,182.97
6625,20250318,54,Sponsored Display,995,12,18.78,33.09
6626,20241214,767,Sponsored Brands,1344,10,16.13,32.01
6627,20230207,497,Sponsored Products,4130,73,108.02,516.39
6628,20230330,532,Sponsored Products,1508,27,43.23,129.87
6629,20240925,163,Sponsored Brands,1708,18,26.12,74.19
6630,20240831,153,Sponsored Products,515,3,3.99,21.14
6631,20240418,569,Sponsored Display,483,6,5.12,32.95
6632,20240412,457,Sponsored Products,519,6,7.86,37.62
6633,20240427,155,Sponsored Products,4584,16,16.54,70.53
6634,20230902,789,Sponsored Products,4241,76,122.4,580.43
6635,20231026,489,Sponsored Display,478,7,10.26,36.66
6636,20240126,542,Sponsored Display,1215,11,5.3,29.62
6637,20241218,485,DSP,7644,52,56.05,257.85
6638,20250719,354,Sponsored Products,900,15,15.14,83.12
6639,20231122,480,Sponsored Brands,257,2,3.16,9.73
6640,20250320,479,DSP,2107,39,63.62,385.98
6641,20260610,405,Sponsored Products,1598,31,45.65,290.65
6642,20251204,100,Sponsored Display,2836,16,9.98,25.59
6643,20260121,280,Sponsored Brands,589,7,11.2,17.91
6644,20230318,430,Sponsored Brands,2522,36,43.49,170.64
6645,20240507,502,Sponsored Brands,1499,19,27.77,49.4
6646,20240917,51,Sponsored Products,4291,33,39.46,138.47
6647,20230810,372,Sponsored Display,3062,58,54.8,332.43
6648,20230714,17,Sponsored Display,1440,4,2.64,14.88
6649,20230802,212,Sponsored Brands,5302,46,32.11,201.17
6650,20231229,332,Sponsored Products,1783,9,11.38,67.13
6651,20241029,707,Sponsored Products,2801,55,76.18,245.51
6652,20230210,274,Sponsored Brands,910,13,15.89,80.35
6653,20240729,74,Sponsored Products,1913,24,31.94,118.75
6654,20241203,590,DSP,1213,7,7.56,26.03
6655,20260210,209,Sponsored Display,189,1,1.57,8.06
6656,20251218,733,Sponsored Products,5568,84,88.56,148.76
6657,20230307,751,Sponsored Brands,504,9,10.23,42.84
6658,20250924,428,Sponsored Products,3026,31,27.38,161.87
6659,20241119,89,Sponsored Products,2458,17,9.91,35.87
6660,20240222,241,Sponsored Brands,1561,25,37.45,113.99
6661,20250729,107,Sponsored Display,1915,26,17.32,57.46
6662,20251016,34,Sponsored Products,990,5,3.85,23.85
6663,20240210,617,Sponsored Products,2646,25,28.81,171.13
6664,20230603,348,Sponsored Products,304,3,5.36,21.68
6665,20260502,243,Sponsored Brands,1161,7,8.67,26.04
6666,20251105,270,Sponsored Display,688,3,4.88,16.24
6667,20260219,487,Sponsored Brands,3702,49,76.75,163.16
6668,20241205,175,Sponsored Brands,2051,34,43.94,123.95
6669,20230115,628,Sponsored Products,323,3,4.99,20.68
6670,20251021,482,Sponsored Products,1456,7,4.68,18.99
6671,20250528,112,Sponsored Brands,1795,12,5.24,20.05
6672,20231130,177,Sponsored Brands,3616,61,31.55,187.66
6673,20240524,202,Sponsored Products,600,8,6.41,29.31
6674,20250425,579,Sponsored Brands,293,4,5.82,8.98
6675,20260125,548,Sponsored Products,3804,75,115.49,502.38
6676,20230304,285,DSP,286,4,2.6,5.33
6677,20230601,634,Sponsored Brands,2327,16,11.99,35.41
6678,20230120,95,Sponsored Brands,712,9,8.38,33.86
6679,20230913,770,Sponsored Products,3073,51,26.68,159.72
6680,20250210,543,Sponsored Products,1523,13,23.14,98.25
6681,20230523,100,Sponsored Products,38,0,0.0,0.0
6682,20260509,165,Sponsored Brands,560,2,0.92,5.26
6683,20240818,85,Sponsored Products,4796,74,92.81,247.01
6684,20241001,698,Sponsored Products,258,2,2.85,10.05
6685,20260318,484,Sponsored Products,347,2,1.71,6.15
6686,20260123,66,Sponsored Brands,288,4,2.86,13.11
6687,20250409,84,Sponsored Products,474,5,5.01,10.87
6688,20240827,54,Sponsored Products,1426,18,21.05,48.71
6689,20230505,296,Sponsored Products,585,9,15.68,60.93
6690,20230411,278,Sponsored Products,1153,20,26.68,70.89
6691,20250713,583,DSP,2504,22,37.63,228.83
6692,20241020,552,Sponsored Products,1099,11,17.67,44.7
6693,20250304,188,Sponsored Products,2756,51,60.9,270.69
6694,20251201,719,Sponsored Products,727,12,7.33,25.46
6695,20240101,780,Sponsored Products,822,9,5.38,16.07
6696,20240730,531,Sponsored Display,303,1,0.5,1.38
6697,20260127,84,Sponsored Products,1405,13,21.04,32.85
6698,20231227,178,DSP,3843,34,17.42,94.8
6699,20230327,270,Sponsored Products,1954,34,25.91,124.29
6700,20240814,170,Sponsored Display,29,0,0.0,0.0
6701,20231109,14,Sponsored Display,549,6,7.93,33.04
6702,20230202,159,Sponsored Products,1389,8,10.09,45.31
6703,20240420,466,Sponsored Products,2818,50,68.03,363.26
6704,20250816,51,Sponsored Brands,812,14,8.14,48.0
6705,20230708,628,Sponsored Brands,1665,28,20.46,67.6
6706,20240115,374,Sponsored Products,826,16,24.02,36.4
6707,20230911,431,Sponsored Brands,1058,9,5.84,33.51
6708,20260509,454,Sponsored Brands,2179,22,36.24,224.1
6709,20240118,617,Sponsored Products,2073,39,31.94,174.59
6710,20241107,582,Sponsored Brands,1582,14,9.0,50.36
6711,20240719,686,Sponsored Brands,512,9,15.58,96.76
6712,20240430,436,Sponsored Products,912,17,9.25,31.98
6713,20231003,617,Sponsored Products,3058,27,11.11,20.43
6714,20240114,4,Sponsored Products,896,3,1.64,4.95
6715,20230420,357,Sponsored Brands,244,2,1.72,4.29
6716,20231213,295,Sponsored Brands,2320,8,14.13,49.78
6717,20241113,342,Sponsored Products,2147,16,8.8,44.66
6718,20240805,277,Sponsored Products,1280,6,2.98,5.61
6719,20250422,388,Sponsored Products,1837,32,25.38,89.34
6720,20260315,51,Sponsored Products,161,2,2.29,8.14
6721,20250616,464,Sponsored Products,2143,32,25.01,78.84
6722,20240408,101,Sponsored Products,3457,51,85.15,157.24
6723,20240322,550,Sponsored Display,2710,53,56.69,124.48
6724,20260430,593,Sponsored Brands,2416,30,22.27,111.79
6725,20240606,778,Sponsored Display,614,11,16.8,85.96
6726,20251127,290,Sponsored Brands,3268,13,5.81,14.92
6727,20230421,605,Sponsored Products,1986,21,34.44,155.72
6728,20260627,396,Sponsored Products,516,10,6.29,18.22
6729,20240920,313,Sponsored Products,731,8,4.52,19.19
6730,20230627,47,DSP,925,5,5.88,17.69
6731,20230609,57,DSP,1507,22,28.26,106.59
6732,20231004,594,DSP,275,2,2.1,7.28
6733,20250619,716,Sponsored Products,1501,7,7.55,24.65
6734,20230803,792,Sponsored Display,549,1,1.0,4.29
6735,20240716,315,Sponsored Products,3149,15,21.76,108.48
6736,20241122,792,Sponsored Brands,1397,19,23.84,131.48
6737,20250226,532,Sponsored Products,1379,8,8.18,45.82
6738,20230104,656,Sponsored Products,3741,33,58.85,140.95
6739,20260113,284,DSP,2706,40,60.67,165.93
6740,20250407,746,Sponsored Products,1312,15,11.0,44.05
6741,20250111,420,Sponsored Products,1256,10,13.11,70.99
6742,20250819,151,Sponsored Display,2730,12,17.87,82.0
6743,20250426,289,Sponsored Products,2389,31,48.88,114.86
6744,20250730,662,Sponsored Display,551,4,6.13,23.8
6745,20250301,514,Sponsored Display,531,2,1.0,4.06
6746,20260517,599,Sponsored Products,1658,12,7.15,25.95
6747,20260510,123,Sponsored Products,1960,36,46.83,191.72
6748,20240617,241,Sponsored Products,1460,20,27.7,113.52
6749,20251112,402,Sponsored Brands,1404,26,32.77,80.45
6750,20240215,757,Sponsored Brands,1374,9,10.36,28.43
6751,20231101,800,Sponsored Display,1155,5,8.39,41.37
6752,20250309,707,Sponsored Products,617,6,7.2,38.45
6753,20230511,537,Sponsored Products,451,3,2.87,6.42
6754,20230629,261,Sponsored Brands,1025,6,8.6,52.72
6755,20251128,204,Sponsored Brands,1243,9,8.11,15.23
6756,20230605,568,Sponsored Products,1136,7,5.82,22.65
6757,20230519,464,Sponsored Brands,963,18,11.73,68.2
6758,20240111,624,Sponsored Products,2189,30,46.82,100.09
6759,20260212,497,DSP,1153,17,24.55,149.88
6760,20230129,379,Sponsored Products,1167,17,28.59,81.41
6761,20250711,19,Sponsored Display,8097,141,124.72,427.34
6762,20240508,212,Sponsored Brands,729,2,1.22,1.9
6763,20240828,439,Sponsored Brands,1649,8,14.3,44.84
6764,20241229,62,Sponsored Products,1513,12,15.68,25.11
6765,20230113,508,Sponsored Display,508,6,8.41,36.24
6766,20260624,460,Sponsored Brands,3490,33,40.03,244.71
6767,20230803,636,Sponsored Brands,1504,29,19.22,80.06
6768,20260105,481,Sponsored Brands,559,9,10.36,46.3
6769,20240430,602,Sponsored Products,3529,61,28.73,144.08
6770,20260221,384,Sponsored Products,2093,27,44.92,194.58
6771,20260416,604,Sponsored Products,747,2,2.36,9.16
6772,20240510,716,Sponsored Brands,722,4,4.43,25.33
6773,20230108,237,DSP,4376,78,32.81,120.69
6774,20230817,115,Sponsored Display,2173,10,9.51,55.05
6775,20250527,263,Sponsored Products,600,4,6.02,32.34
6776,20260328,537,Sponsored Products,1479,20,18.34,61.41
6777,20250421,325,Sponsored Products,1436,19,25.9,81.37
6778,20250828,749,Sponsored Products,289,4,6.01,10.22
6779,20250212,21,Sponsored Products,877,4,6.3,13.3
6780,20241108,266,Sponsored Products,1817,13,12.46,45.48
6781,20240616,705,Sponsored Products,2177,36,34.72,80.07
6782,20230207,433,Sponsored Products,1972,23,15.43,29.64
6783,20231222,633,Sponsored Display,762,4,3.42,15.0
6784,20230306,708,Sponsored Display,1170,3,4.91,30.23
6785,20240401,652,Sponsored Display,309,6,8.98,19.43
6786,20250919,293,DSP,6307,72,54.12,296.12
6787,20230806,167,Sponsored Display,2811,11,9.94,54.95
6788,20260215,157,Sponsored Products,1255,20,11.92,32.92
6789,20241004,50,DSP,3221,13,19.16,119.7
6790,20230413,132,Sponsored Display,2001,36,63.37,398.51
6791,20240609,730,Sponsored Products,2314,27,45.79,162.89
6792,20231015,619,Sponsored Products,3171,54,88.69,446.9
6793,20250926,466,Sponsored Brands,2125,30,23.1,46.07
6794,20260509,714,Sponsored Products,1118,7,3.0,6.79
6795,20230321,562,Sponsored Products,3504,41,39.99,108.65
6796,20240411,231,Sponsored Brands,3064,50,87.9,358.88
6797,20251206,589,Sponsored Products,783,12,18.86,103.19
6798,20240715,454,Sponsored Products,2110,18,24.72,120.08
6799,20250625,782,Sponsored Display,1028,8,11.24,71.22
6800,20240926,710,Sponsored Display,568,7,10.91,47.64
6801,20250620,321,Sponsored Products,658,3,1.35,7.17
6802,20250525,106,Sponsored Display,985,13,18.89,105.57
6803,20240309,638,Sponsored Products,754,4,2.26,10.2
6804,20250411,782,Sponsored Brands,3501,36,52.73,303.3
6805,20230812,580,Sponsored Display,604,11,15.11,25.22
6806,20241029,37,Sponsored Products,1408,17,9.51,31.49
6807,20250620,447,Sponsored Products,705,3,3.23,10.99
6808,20230303,46,Sponsored Display,1807,26,21.3,124.65
6809,20230319,466,Sponsored Products,982,4,4.46,23.36
6810,20251229,532,Sponsored Brands,1330,4,3.27,7.32
6811,20260421,377,Sponsored Products,1245,10,13.66,23.35
6812,20250911,657,Sponsored Display,922,5,4.03,15.66
6813,20260130,642,Sponsored Products,1912,25,40.32,259.51
6814,20250303,278,Sponsored Display,1336,8,11.75,28.22
6815,20260206,517,Sponsored Brands,3384,65,112.96,713.89
6816,20250911,16,Sponsored Brands,1064,15,22.27,127.81
6817,20230724,318,Sponsored Brands,1244,13,11.69,56.04
6818,20230522,579,Sponsored Products,1244,21,36.32,179.22
6819,20251229,109,Sponsored Brands,1619,9,9.98,62.68
6820,20250119,749,Sponsored Brands,738,13,13.79,70.64
6821,20230130,711,Sponsored Display,598,6,8.09,24.54
6822,20250815,695,Sponsored Products,928,11,6.25,21.96
6823,20230603,395,Sponsored Products,256,1,1.42,3.42
6824,20260627,761,Sponsored Brands,2360,42,50.15,203.4
6825,20240623,139,Sponsored Brands,3067,31,55.34,331.97
6826,20260530,484,DSP,3574,31,28.77,67.81
6827,20251017,208,DSP,2037,26,44.96,186.21
6828,20250120,193,Sponsored Products,709,5,3.96,16.83
6829,20240328,338,Sponsored Display,914,9,9.75,25.94
6830,20230430,621,Sponsored Products,3699,13,23.11,101.8
6831,20250402,476,Sponsored Brands,1698,6,7.49,32.11
6832,20240616,48,Sponsored Display,459,1,1.29,3.41
6833,20230124,659,Sponsored Display,2240,14,13.02,66.18
6834,20240615,658,Sponsored Products,144,2,1.66,8.67
6835,20240627,770,Sponsored Brands,718,13,16.1,90.89
6836,20250324,154,Sponsored Display,1199,13,12.29,23.77
6837,20250926,555,Sponsored Products,2382,7,6.02,30.16
6838,20240125,377,Sponsored Products,834,9,9.15,52.91
6839,20250913,442,DSP,6391,35,26.39,119.62
6840,20241220,129,Sponsored Products,5144,80,79.03,395.08
6841,20230523,506,Sponsored Brands,1345,17,25.48,93.71
6842,20240912,664,Sponsored Products,1755,20,12.41,20.44
6843,20230223,479,DSP,206,3,5.36,29.28
6844,20230715,53,DSP,1332,12,6.76,42.82
6845,20260112,445,Sponsored Products,2344,30,34.13,70.29
6846,20250215,511,Sponsored Brands,5742,88,112.81,718.33
6847,20230722,642,Sponsored Products,5359,19,16.84,86.52
6848,20230411,410,Sponsored Brands,1877,31,13.49,52.96
6849,20230621,719,Sponsored Brands,680,10,9.82,44.21
6850,20260614,593,Sponsored Products,1027,12,20.33,51.72
6851,20241202,233,Sponsored Brands,846,10,15.23,77.64
6852,20250128,129,Sponsored Products,1075,19,12.97,35.03
6853,20241124,478,Sponsored Products,1469,19,27.61,114.22
6854,20230104,178,Sponsored Products,3363,53,47.94,198.33
6855,20240427,582,Sponsored Products,1296,16,13.32,41.38
6856,20250108,434,Sponsored Brands,2843,39,23.28,93.25
6857,20230301,287,Sponsored Products,5510,101,123.82,425.56
6858,20240312,453,Sponsored Products,1398,5,2.37,10.17
6859,20260626,562,Sponsored Products,1090,16,11.25,49.95
6860,20250630,610,Sponsored Products,135,0,0.0,0.0
6861,20260523,664,Sponsored Products,1957,33,58.87,168.87
6862,20230401,556,DSP,2008,24,35.9,97.98
6863,20230111,219,Sponsored Display,981,7,7.05,11.81
6864,20230521,558,Sponsored Display,826,8,4.97,29.48
6865,20241029,352,Sponsored Products,1304,12,14.89,82.25
6866,20241202,599,Sponsored Display,548,7,3.9,18.45
6867,20240830,745,Sponsored Display,1528,9,15.61,40.54
6868,20251027,507,Sponsored Products,373,5,7.13,16.75
6869,20260616,68,Sponsored Products,1666,7,9.68,60.83
6870,20240104,525,Sponsored Products,1657,11,17.04,92.86
6871,20231222,86,Sponsored Products,477,4,3.21,6.54
6872,20240129,603,Sponsored Products,1848,11,14.72,40.3
6873,20240923,315,DSP,1728,21,27.24,77.36
6874,20240626,331,Sponsored Display,953,18,9.28,41.12
6875,20230704,231,Sponsored Brands,2449,27,48.34,274.17
6876,20260602,548,Sponsored Products,2614,17,29.78,191.82
6877,20250221,753,Sponsored Products,4193,62,94.58,226.04
6878,20230705,67,Sponsored Display,923,8,10.04,58.89
6879,20231130,323,DSP,3841,20,11.76,70.2
6880,20241011,664,Sponsored Brands,2415,13,17.64,98.25
6881,20250724,188,Sponsored Products,1249,15,22.08,99.34
6882,20260407,182,Sponsored Display,3291,31,21.84,62.6
6883,20230110,650,Sponsored Display,1501,13,15.02,59.54
6884,20231209,69,Sponsored Products,1147,22,17.05,85.36
6885,20230825,43,Sponsored Brands,1050,15,15.87,39.49
6886,20230926,526,Sponsored Products,2449,40,53.45,218.73
6887,20230618,283,Sponsored Display,1834,23,36.46,65.22
6888,20241123,228,Sponsored Display,5164,31,32.72,206.72
6889,20231222,559,Sponsored Products,4201,13,6.75,25.84
6890,20240303,57,Sponsored Products,1900,30,19.3,34.41
6891,20230410,86,Sponsored Brands,750,2,1.28,3.49
6892,20260529,436,Sponsored Display,4182,55,37.14,217.89
6893,20241115,8,Sponsored Brands,4406,16,19.46,121.07
6894,20241212,724,Sponsored Products,2764,50,77.35,157.27
6895,20241212,798,Sponsored Display,1414,18,20.75,72.4
6896,20251128,257,Sponsored Display,4281,71,78.08,234.37
6897,20230104,446,DSP,1354,22,19.37,50.38
6898,20241121,663,Sponsored Brands,800,10,12.66,24.88
6899,20240111,654,Sponsored Products,391,1,0.45,2.35
6900,20260422,20,Sponsored Products,1645,27,43.2,232.91
6901,20240226,750,Sponsored Products,607,9,8.52,50.94
6902,20240910,691,Sponsored Brands,2771,40,70.47,349.26
6903,20231113,432,Sponsored Products,815,2,2.0,7.28
6904,20260115,122,DSP,1691,19,21.56,92.52
6905,20260317,359,Sponsored Products,3453,23,12.88,49.59
6906,20250606,557,Sponsored Products,1793,6,2.65,4.51
6907,20231222,369,DSP,5503,60,58.8,89.88
6908,20231006,493,Sponsored Products,1687,19,27.99,134.67
6909,20250131,276,Sponsored Brands,230,1,1.51,2.89
6910,20250203,427,Sponsored Products,247,1,0.54,1.79
6911,20241221,157,Sponsored Display,2751,14,12.21,67.34
6912,20240621,73,Sponsored Brands,1194,15,23.68,41.62
6913,20260118,453,Sponsored Products,2277,44,32.18,119.57
6914,20230219,491,Sponsored Brands,2222,34,22.27,129.32
6915,20260222,716,Sponsored Brands,3934,68,111.57,473.37
6916,20231113,103,DSP,1002,14,24.98,42.54
6917,20231223,467,Sponsored Brands,13632,269,390.67,920.36
6918,20250124,276,Sponsored Products,1426,21,11.16,63.45
6919,20240507,170,Sponsored Products,1777,35,20.98,119.83
6920,20230825,188,DSP,1335,17,28.85,115.12
6921,20240805,660,Sponsored Products,1770,18,24.42,99.11
6922,20240522,349,Sponsored Products,5481,32,43.77,72.66
6923,20260131,69,Sponsored Brands,928,4,6.4,37.73
6924,20241217,501,Sponsored Products,2190,30,37.35,108.73
6925,20230215,118,Sponsored Brands,1057,17,16.98,64.43
6926,20260413,554,Sponsored Products,834,3,2.07,12.55
6927,20260403,434,Sponsored Brands,1806,35,40.56,69.66
6928,20250621,166,Sponsored Brands,677,5,7.31,32.43
6929,20231105,154,Sponsored Products,661,10,13.14,63.82
6930,20240621,317,Sponsored Brands,1625,13,8.73,27.25
6931,20241104,741,Sponsored Products,544,10,13.51,36.36
6932,20240713,533,Sponsored Products,1150,11,9.95,60.38
6933,20251231,610,DSP,668,3,4.65,11.96
6934,20230126,556,Sponsored Products,3348,23,13.9,75.83
6935,20231217,84,Sponsored Products,9277,107,54.54,299.21
6936,20231229,157,Sponsored Display,5063,94,125.9,720.96
6937,20251008,490,Sponsored Products,1575,22,10.64,56.47
6938,20240827,56,Sponsored Products,1731,25,33.63,51.94
6939,20231210,593,Sponsored Products,904,17,27.37,128.83
6940,20241125,750,Sponsored Display,3621,39,24.8,123.36
6941,20230324,135,DSP,2515,15,20.86,70.34
6942,20231226,634,Sponsored Products,3373,32,17.25,52.37
6943,20231113,169,Sponsored Products,1239,11,12.14,69.89
6944,20260221,648,Sponsored Products,3219,30,36.33,136.45
6945,20230608,74,Sponsored Products,617,5,5.81,33.1
6946,20251104,294,DSP,237,2,2.18,7.71
6947,20251217,662,Sponsored Products,10741,60,41.46,150.25
6948,20250122,238,Sponsored Products,2410,31,50.8,110.89
6949,20240306,370,Sponsored Display,571,10,16.64,66.46
6950,20240527,87,Sponsored Products,1940,7,7.69,19.58
6951,20231017,79,Sponsored Brands,2170,42,65.19,353.95
6952,20230130,664,Sponsored Brands,1446,18,20.72,79.06
6953,20250729,308,Sponsored Display,1279,17,9.14,13.78
6954,20250519,222,Sponsored Products,1617,4,2.7,15.19
6955,20230326,662,Sponsored Display,611,11,16.52,104.75
6956,20260218,40,Sponsored Products,1502,23,18.41,71.91
6957,20251111,432,Sponsored Products,263,2,3.37,7.56
6958,20230901,525,DSP,531,8,3.69,6.59
6959,20250625,614,Sponsored Display,4708,70,74.06,390.55
6960,20240625,752,Sponsored Products,2807,30,50.82,138.02
6961,20250306,391,Sponsored Brands,1356,13,8.88,30.74
6962,20240306,31,Sponsored Products,1300,7,12.42,53.98
6963,20251102,645,Sponsored Products,1165,21,9.84,51.54
6964,20240512,440,Sponsored Products,3134,20,14.52,80.9
6965,20251029,356,Sponsored Products,833,10,4.84,29.58
6966,20250630,264,Sponsored Brands,3870,53,48.32,98.35
6967,20250108,44,Sponsored Products,2946,14,19.44,116.73
6968,20251124,786,Sponsored Brands,3602,66,84.06,162.83
6969,20230304,139,Sponsored Brands,296,4,2.0,9.85
6970,20240508,273,DSP,202,2,2.48,14.34
6971,20260222,723,Sponsored Brands,1151,21,27.9,65.95
6972,20260609,372,DSP,3198,26,34.01,139.69
6973,20260325,583,Sponsored Brands,2982,14,12.96,32.52
6974,20230309,206,Sponsored Display,519,2,1.79,7.83
6975,20231110,477,DSP,682,2,1.99,4.07
6976,20250215,80,Sponsored Products,2605,51,69.22,273.78
6977,20230213,745,Sponsored Products,3289,57,79.96,243.09
6978,20250410,469,Sponsored Brands,361,6,9.76,61.33
6979,20241117,91,Sponsored Brands,395,6,3.45,7.2
6980,20230715,168,Sponsored Products,1041,10,5.77,13.64
6981,20250906,61,Sponsored Display,2129,41,72.28,360.11
6982,20230516,44,Sponsored Brands,935,6,3.79,22.15
6983,20240217,492,Sponsored Display,2908,18,18.17,107.71
6984,20250901,775,Sponsored Display,1082,15,16.68,68.21
6985,20250415,286,DSP,2877,31,53.41,256.97
6986,20240604,331,DSP,3266,26,24.75,62.51
6987,20240724,446,Sponsored Brands,2516,22,31.42,156.32
6988,20250919,329,Sponsored Products,1241,18,26.63,125.01
6989,20250408,723,Sponsored Display,375,5,5.21,15.07
6990,20240615,422,Sponsored Products,2715,13,6.69,30.1
6991,20230719,732,Sponsored Brands,1424,16,24.77,116.69
6992,20240626,236,Sponsored Display,1423,14,20.35,73.07
6993,20230303,99,Sponsored Brands,1848,16,23.86,115.85
6994,20241006,578,Sponsored Products,1884,14,10.27,17.1
6995,20250409,297,Sponsored Display,775,3,1.96,12.05
6996,20240222,723,Sponsored Products,552,8,4.9,19.0
6997,20260222,718,Sponsored Products,1528,19,27.58,124.8
6998,20240619,563,Sponsored Display,6071,81,102.9,289.94
6999,20230318,455,DSP,2218,29,24.28,66.94
7000,20230530,364,Sponsored Products,774,13,17.81,48.49
7001,20230326,759,Sponsored Brands,1226,17,28.37,87.81
7002,20230320,428,Sponsored Products,490,5,5.09,9.54
7003,20250529,621,Sponsored Products,2736,24,32.33,146.76
7004,20230222,6,DSP,1489,16,20.28,36.99
7005,20251116,765,Sponsored Products,4748,18,22.88,81.61
7006,20230219,266,Sponsored Products,305,4,5.65,25.75
7007,20250430,72,Sponsored Products,733,9,6.63,40.6
7008,20240604,329,Sponsored Display,877,8,13.2,85.46
7009,20230410,15,Sponsored Brands,1193,21,33.91,139.2
7010,20251008,187,Sponsored Products,584,10,11.93,29.54
7011,20260512,594,Sponsored Brands,1161,16,19.47,58.94
7012,20230608,630,Sponsored Brands,970,4,6.82,26.25
7013,20240823,799,Sponsored Products,1927,15,8.21,40.08
7014,20250324,457,Sponsored Display,1241,17,25.57,107.07
7015,20260623,563,Sponsored Products,688,7,9.48,42.87
7016,20260325,123,Sponsored Display,1063,16,18.98,107.79
7017,20231220,361,Sponsored Products,3900,12,6.98,30.24
7018,20250205,43,Sponsored Products,413,7,2.95,17.69
7019,20241224,84,Sponsored Brands,4192,14,13.06,19.63
7020,20250819,295,Sponsored Display,1044,8,8.29,38.34
7021,20230421,172,Sponsored Products,671,11,9.04,15.32
7022,20251011,762,Sponsored Products,3004,33,33.96,196.35
7023,20230522,470,Sponsored Products,1677,12,16.99,38.95
7024,20230821,327,Sponsored Brands,441,4,3.17,17.55
7025,20231111,197,Sponsored Products,1112,18,8.27,37.69
7026,20240811,767,Sponsored Products,1985,34,60.02,319.94
7027,20260627,434,Sponsored Products,995,18,12.61,39.69
7028,20250503,744,Sponsored Products,1698,33,59.35,355.46
7029,20260510,494,DSP,3964,58,102.59,517.07
7030,20240906,85,Sponsored Products,1062,17,11.23,52.73
7031,20240305,483,Sponsored Brands,1466,10,17.31,64.52
7032,20240604,278,Sponsored Products,1002,8,11.51,32.45
7033,20231024,444,Sponsored Products,1565,10,11.11,31.14
7034,20240710,578,Sponsored Products,466,4,6.46,36.34
7035,20241013,613,DSP,755,10,4.77,16.87
7036,20250911,132,Sponsored Products,1565,23,19.9,42.7
7037,20250604,191,Sponsored Brands,1584,17,20.81,67.78
7038,20241104,7,Sponsored Brands,3224,38,62.85,206.52
7039,20260618,447,Sponsored Brands,1159,15,12.53,49.08
7040,20240722,215,Sponsored Products,4286,36,36.36,63.09
7041,20250803,72,Sponsored Products,3331,61,102.85,605.04
7042,20260423,332,Sponsored Brands,1668,10,4.56,13.43
7043,20250609,53,Sponsored Brands,1627,23,33.51,95.86
7044,20260121,79,Sponsored Products,1904,33,51.23,101.63
7045,20241030,501,Sponsored Products,94,0,0.0,0.0
7046,20230530,315,Sponsored Products,788,7,6.88,40.82
7047,20231029,202,Sponsored Products,980,15,20.74,128.47
7048,20260627,173,Sponsored Products,1983,10,11.8,29.08
7049,20240408,662,Sponsored Products,2978,48,72.06,258.67
7050,20260610,658,Sponsored Products,583,6,9.24,38.37
7051,20251222,444,Sponsored Brands,3038,56,78.13,359.89
7052,20251025,100,DSP,2378,10,12.26,35.92
7053,20230612,188,Sponsored Products,1883,26,21.68,62.2
7054,20240626,613,Sponsored Brands,1353,20,18.8,85.29
7055,20250429,603,Sponsored Products,1954,37,41.8,63.23
7056,20250920,744,Sponsored Brands,1002,8,13.12,28.52
7057,20240310,748,Sponsored Brands,1762,15,26.82,101.32
7058,20260210,86,Sponsored Display,3061,49,30.98,82.59
7059,20250503,655,Sponsored Brands,536,1,0.66,2.64
7060,20230825,640,Sponsored Products,867,15,23.76,117.78
7061,20230423,85,Sponsored Brands,945,7,8.08,45.14
7062,20250412,553,Sponsored Brands,2362,26,40.64,225.52
7063,20230323,127,Sponsored Products,1323,23,30.14,166.78
7064,20260615,36,Sponsored Products,568,3,1.48,8.35
7065,20240506,287,Sponsored Products,1039,5,8.86,13.68
7066,20231017,343,DSP,438,7,3.16,17.55
7067,20250518,355,Sponsored Display,921,13,15.02,67.02
7068,20251027,334,Sponsored Brands,1595,15,16.32,96.53
7069,20240318,469,Sponsored Display,613,5,4.13,8.2
7070,20260227,79,Sponsored Brands,432,1,1.48,8.93
7071,20250313,36,Sponsored Brands,432,5,3.14,11.7
7072,20251015,639,Sponsored Products,563,4,4.33,13.88
7073,20240303,150,Sponsored Brands,2244,13,14.99,88.55
7074,20260207,297,DSP,599,3,3.67,8.95
7075,20240501,147,Sponsored Brands,646,6,10.13,38.04
7076,20251012,166,Sponsored Products,1723,26,43.66,107.12
7077,20250911,556,Sponsored Products,74,0,0.0,0.0
7078,20250423,429,Sponsored Products,1101,8,12.65,31.26
7079,20240208,547,DSP,1207,18,18.5,95.7
7080,20260207,35,DSP,2941,33,52.26,202.0
7081,20251117,571,Sponsored Brands,1692,33,50.92,327.59
7082,20240717,62,Sponsored Brands,886,11,12.72,47.35
7083,20240309,241,Sponsored Products,2284,19,28.04,133.38
7084,20250702,388,DSP,1368,12,18.11,30.44
7085,20241102,668,Sponsored Products,3770,56,97.45,466.55
7086,20260315,469,Sponsored Products,2173,10,13.14,74.65
7087,20251018,71,Sponsored Products,4816,26,32.6,117.68
7088,20230930,273,Sponsored Products,2897,37,18.6,72.74
7089,20230907,592,Sponsored Products,858,7,2.85,9.93
7090,20240401,385,DSP,376,1,1.5,3.94
7091,20251203,166,Sponsored Display,1233,12,15.4,61.91
7092,20250727,695,Sponsored Products,757,10,16.38,41.29
7093,20231005,226,Sponsored Display,2457,15,11.79,74.71
7094,20260403,71,DSP,142,0,0.0,0.0
7095,20230904,769,DSP,4471,30,44.06,202.18
7096,20230214,228,DSP,4501,71,72.96,461.62
7097,20240122,594,DSP,645,12,14.31,34.37
7098,20260521,391,Sponsored Display,2395,16,20.66,130.9
7099,20240902,430,Sponsored Products,2525,20,33.46,178.87
7100,20231108,204,Sponsored Products,1229,9,14.09,89.59
7101,20230710,209,Sponsored Products,1179,16,14.22,60.99
7102,20250111,74,Sponsored Products,2982,53,75.12,177.72
7103,20240315,258,Sponsored Products,3417,64,85.57,197.11
7104,20251205,723,Sponsored Products,461,2,1.07,1.7
7105,20250331,396,Sponsored Products,560,3,2.45,6.38
7106,20250314,48,Sponsored Products,1487,10,10.81,64.98
7107,20230817,490,DSP,1471,12,19.88,91.72
7108,20241015,179,Sponsored Products,1905,35,16.38,45.68
7109,20251120,34,Sponsored Brands,2284,13,6.58,20.76
7110,20260424,373,Sponsored Products,1803,7,11.31,18.49
7111,20250306,459,DSP,146,1,1.54,2.99
7112,20250123,74,Sponsored Brands,1044,7,4.54,14.35
7113,20240120,645,Sponsored Products,1927,36,29.32,151.26
7114,20250927,459,Sponsored Products,1053,5,8.63,49.85
7115,20250113,598,Sponsored Products,1793,17,27.33,66.74
7116,20230603,43,Sponsored Products,2440,20,9.83,46.24
7117,20230322,523,Sponsored Products,460,8,6.66,41.38
7118,20260413,401,Sponsored Products,108,1,1.5,4.64
7119,20231105,729,Sponsored Products,1463,14,10.12,56.95
7120,20250711,202,Sponsored Products,9850,54,82.07,526.04
7121,20230221,302,DSP,2090,38,55.7,117.31
7122,20250424,645,Sponsored Products,1165,22,14.43,49.14
7123,20241009,531,Sponsored Products,1591,15,12.74,43.19
7124,20241118,265,Sponsored Brands,2507,39,45.35,199.47
7125,20230214,446,Sponsored Products,350,4,7.08,27.94
7126,20240220,551,Sponsored Products,1913,5,4.71,28.25
7127,20260309,248,Sponsored Products,986,5,4.39,27.25
7128,20240114,652,Sponsored Display,5493,21,27.36,112.63
7129,20230430,354,Sponsored Products,1480,25,22.06,110.42
7130,20240115,302,Sponsored Products,1805,29,47.31,198.24
7131,20251115,649,Sponsored Products,1398,14,16.59,56.07
7132,20260320,27,Sponsored Products,1094,18,12.87,67.42
7133,20230616,327,Sponsored Products,441,6,3.2,5.66
7134,20231107,209,Sponsored Brands,794,8,11.26,64.87
7135,20250610,5,DSP,976,2,1.09,5.91
7136,20260607,729,Sponsored Products,817,13,18.56,94.44
7137,20231227,460,Sponsored Display,1392,26,14.44,89.58
7138,20250109,255,Sponsored Products,2556,12,5.82,10.18
7139,20240203,69,Sponsored Display,293,4,5.58,26.29
7140,20230217,130,Sponsored Products,3120,44,58.18,199.28
7141,20260205,246,Sponsored Products,1915,25,22.53,135.95
7142,20240909,800,Sponsored Products,3100,13,21.74,51.69
7143,20250714,117,Sponsored Products,2519,47,71.78,412.67
7144,20230522,616,Sponsored Display,661,12,15.13,95.58
7145,20231103,761,Sponsored Products,671,10,6.18,20.11
7146,20230126,44,Sponsored Brands,221,1,0.54,1.89
7147,20230704,15,DSP,254,3,2.19,12.41
7148,20260504,750,Sponsored Brands,490,4,4.42,7.69
7149,20230205,751,Sponsored Products,2038,36,60.41,323.19
7150,20250804,374,Sponsored Brands,2642,36,60.16,378.87
7151,20260121,332,Sponsored Products,2161,30,36.66,94.75
7152,20251017,800,Sponsored Products,2062,35,23.95,71.13
7153,20231210,567,Sponsored Products,2055,22,9.56,53.26
7154,20250920,342,Sponsored Brands,607,11,7.71,29.79
7155,20240214,726,Sponsored Products,210,3,2.49,5.65
7156,20260221,786,DSP,2066,17,12.52,31.54
7157,20240721,359,Sponsored Products,2361,24,39.41,234.59
7158,20250725,66,Sponsored Display,2531,12,18.6,29.34
7159,20240516,735,Sponsored Products,4167,26,17.48,83.94
7160,20251028,20,Sponsored Products,444,5,2.33,15.05
7161,20241007,482,Sponsored Products,3908,41,72.28,363.93
7162,20251025,500,DSP,828,16,28.22,128.39
7163,20251121,407,DSP,1010,14,23.85,110.65
7164,20240811,748,Sponsored Products,1748,5,7.54,15.15
7165,20230919,283,Sponsored Products,1326,23,24.99,99.01
7166,20240415,711,Sponsored Display,720,2,1.49,7.01
7167,20240514,173,Sponsored Products,3406,32,13.77,68.08
7168,20250814,206,Sponsored Products,2347,7,11.03,18.53
7169,20250131,185,DSP,1588,26,39.06,71.1
7170,20250705,243,Sponsored Brands,772,14,12.78,53.08
7171,20240719,717,Sponsored Brands,469,5,7.14,27.16
7172,20250709,710,Sponsored Products,1859,25,34.14,146.58
7173,20231202,406,Sponsored Brands,1470,16,15.49,51.35
7174,20230121,709,Sponsored Brands,4466,22,39.24,227.66
7175,20260318,738,DSP,455,8,7.49,31.09
7176,20251003,326,DSP,3045,16,15.75,91.53
7177,20230825,709,Sponsored Products,169,2,2.87,18.15
7178,20240101,198,Sponsored Products,5065,98,163.18,839.18
7179,20240304,785,Sponsored Brands,1580,29,39.67,200.69
7180,20230809,29,Sponsored Display,2146,17,7.07,42.79
7181,20250921,718,DSP,1599,16,20.69,98.81
7182,20260526,68,Sponsored Display,2681,34,32.41,155.28
7183,20250503,785,Sponsored Display,1158,9,16.12,87.42
7184,20240324,724,Sponsored Brands,7533,134,174.16,804.23
7185,20240617,753,DSP,1064,8,6.53,34.62
7186,20230419,435,Sponsored Products,201,0,0.0,0.0
7187,20230928,268,Sponsored Products,1636,21,36.72,79.27
7188,20240706,484,Sponsored Products,926,14,11.4,35.47
7189,20250613,784,DSP,1875,25,30.23,107.43
7190,20230609,266,Sponsored Products,3079,60,86.94,166.15
7191,20240215,184,Sponsored Brands,901,15,22.79,59.17
7192,20241206,370,Sponsored Brands,3332,13,23.19,93.19
7193,20250828,778,Sponsored Products,1776,20,32.97,150.0
7194,20240130,691,Sponsored Products,2250,15,22.8,74.97
7195,20250417,542,Sponsored Products,2825,46,80.76,312.05
7196,20230123,7,Sponsored Brands,1364,13,6.76,30.39
7197,20230419,348,Sponsored Products,1183,5,5.91,27.32
7198,20250120,41,Sponsored Products,179,0,0.0,0.0
7199,20240123,35,DSP,366,3,1.47,5.48
7200,20250307,2,DSP,674,4,5.26,13.13
7201,20260526,425,Sponsored Products,3611,37,31.79,125.89
7202,20240214,711,Sponsored Products,2966,31,49.08,198.49
7203,20260524,100,Sponsored Display,1740,32,42.71,145.45
7204,20251003,598,Sponsored Products,6084,61,56.52,258.84
7205,20230101,138,Sponsored Brands,3101,54,54.02,151.68
7206,20241207,172,Sponsored Brands,217,1,1.43,2.26
7207,20250426,40,Sponsored Products,3310,21,26.46,86.7
7208,20250514,273,Sponsored Products,2781,20,32.55,79.8
7209,20251120,139,Sponsored Display,2072,8,14.36,30.17
7210,20250409,223,Sponsored Products,435,4,2.58,13.82
7211,20241129,585,Sponsored Products,2594,19,27.23,40.94
7212,20240723,64,Sponsored Products,5968,81,48.09,126.46
7213,20251120,627,Sponsored Brands,951,12,13.49,21.38
7214,20260301,422,Sponsored Products,868,3,1.99,4.36
7215,20231010,254,Sponsored Display,3537,26,20.95,55.33
7216,20241004,47,Sponsored Products,238,4,1.91,8.41
7217,20231230,733,Sponsored Products,366,5,8.63,28.83
7218,20231231,64,DSP,1959,18,26.36,46.84
7219,20230716,509,Sponsored Brands,1879,15,7.02,35.67
7220,20231210,51,Sponsored Brands,3942,31,38.11,200.21
7221,20250607,187,Sponsored Brands,2964,23,40.86,109.86
7222,20250209,689,Sponsored Products,1535,18,21.57,65.79
7223,20240408,49,Sponsored Products,2414,9,9.71,58.4
7224,20260101,757,Sponsored Products,4468,29,49.86,196.46
7225,20230212,385,Sponsored Display,1456,22,15.95,53.15
7226,20231229,333,Sponsored Brands,2136,16,16.27,86.55
7227,20251202,763,DSP,520,6,6.59,36.99
7228,20231110,649,Sponsored Products,1185,21,17.98,98.45
7229,20250609,43,Sponsored Products,1174,22,35.72,184.16
7230,20240609,382,Sponsored Products,1536,20,35.89,188.5
7231,20250604,719,Sponsored Display,611,7,3.48,7.32
7232,20231121,31,Sponsored Products,222,3,4.91,12.88
7233,20230921,6,Sponsored Products,2972,38,60.75,141.43
7234,20260330,424,DSP,2707,46,62.84,309.6
7235,20240310,765,Sponsored Products,2123,41,63.78,107.53
7236,20240915,409,Sponsored Display,605,2,1.15,5.23
7237,20251216,42,Sponsored Brands,8290,142,116.13,236.87
7238,20240730,117,Sponsored Display,745,12,6.96,36.65
7239,20231225,281,Sponsored Products,7299,97,46.31,112.4
7240,20250118,62,Sponsored Brands,1683,7,7.5,24.57
7241,20241002,111,Sponsored Brands,419,5,8.49,43.16
7242,20230611,520,Sponsored Products,1594,16,8.38,46.25
7243,20230917,382,DSP,1607,16,11.5,35.23
7244,20250126,420,Sponsored Display,183,0,0.0,0.0
7245,20251217,491,Sponsored Products,3470,25,16.76,61.4
7246,20260602,417,Sponsored Display,834,10,10.89,27.79
7247,20250630,648,DSP,2170,41,50.17,130.32
7248,20250301,540,DSP,1112,11,19.33,95.45
7249,20250613,524,Sponsored Products,635,10,7.23,26.55
7250,20230515,42,Sponsored Products,2084,19,25.62,160.0
7251,20230928,503,DSP,809,7,9.29,38.18
7252,20240304,486,Sponsored Display,2583,30,30.93,97.05
7253,20250401,223,Sponsored Products,1847,18,20.6,72.57
7254,20250619,78,Sponsored Brands,1368,6,8.68,51.2
7255,20260209,14,Sponsored Products,1195,9,13.39,38.97
7256,20260211,83,Sponsored Display,1511,12,12.81,57.22
7257,20240626,742,Sponsored Products,1377,18,29.73,161.81
7258,20250603,159,Sponsored Display,1247,14,17.0,35.13
7259,20250814,227,Sponsored Display,928,17,12.1,40.13
7260,20230616,272,Sponsored Products,602,10,7.28,47.08
7261,20230211,524,Sponsored Products,3596,27,12.3,32.65
7262,20241223,607,Sponsored Brands,3420,18,14.03,50.14
7263,20250826,299,Sponsored Display,1409,11,12.83,70.22
7264,20260618,584,Sponsored Display,1776,10,16.67,105.69
7265,20260504,206,Sponsored Products,2972,26,28.08,95.94
7266,20250723,563,Sponsored Display,2036,16,18.99,119.3
7267,20230705,749,Sponsored Brands,1273,8,10.77,69.45
7268,20240312,307,Sponsored Products,667,6,8.37,32.03
7269,20251024,495,Sponsored Display,732,10,5.71,24.14
7270,20230301,252,Sponsored Products,3055,53,53.35,245.76
7271,20240116,157,Sponsored Brands,354,4,7.02,40.63
7272,20231031,203,Sponsored Products,307,0,0.0,0.0
7273,20240506,133,Sponsored Products,1625,14,11.35,47.49
7274,20240308,729,DSP,395,6,9.51,50.15
7275,20260125,556,Sponsored Products,5937,111,195.67,1251.98
7276,20240423,798,Sponsored Products,5051,51,33.13,143.35
7277,20231021,84,Sponsored Brands,2754,42,19.73,34.84
7278,20240920,130,Sponsored Brands,702,8,4.48,17.26
7279,20251024,535,Sponsored Products,1805,10,7.35,42.36
7280,20260421,41,Sponsored Brands,2225,30,53.85,123.64
7281,20240203,551,Sponsored Brands,1331,13,7.2,32.23
7282,20231008,150,Sponsored Products,1222,12,7.44,25.89
7283,20241108,86,Sponsored Products,1462,12,20.89,76.26
7284,20250704,131,Sponsored Products,864,7,11.81,59.23
7285,20240606,349,Sponsored Products,390,4,5.33,30.15
7286,20230910,642,Sponsored Display,492,7,9.91,61.8
7287,20230904,482,Sponsored Brands,1316,15,19.15,117.18
7288,20240527,401,Sponsored Display,2062,25,33.25,59.56
7289,20230131,354,Sponsored Display,1902,36,23.42,56.79
7290,20260317,740,Sponsored Products,1622,20,29.17,60.12
7291,20250525,200,Sponsored Products,2045,19,10.02,29.33
7292,20230318,746,Sponsored Display,325,2,2.31,11.65
7293,20240818,46,Sponsored Products,300,5,5.4,27.06
7294,20240706,232,Sponsored Products,1545,6,9.42,18.24
7295,20250226,730,Sponsored Brands,771,9,10.69,28.51
7296,20240815,650,Sponsored Products,825,13,7.54,25.46
7297,20250128,249,Sponsored Brands,638,10,13.9,29.76
7298,20240612,638,Sponsored Products,1409,23,39.33,98.8
7299,20250224,350,Sponsored Brands,3858,55,66.54,302.25
7300,20250121,195,DSP,979,10,14.68,37.73
7301,20230626,459,Sponsored Brands,253,4,4.62,20.92
7302,20250216,657,Sponsored Products,2537,28,16.51,76.77
7303,20260628,775,Sponsored Products,1908,11,9.4,22.72
7304,20240417,573,Sponsored Products,1385,25,33.6,63.62
7305,20260208,281,Sponsored Display,543,5,2.31,10.66
7306,20231125,620,Sponsored Products,1344,21,26.56,136.69
7307,20250526,565,Sponsored Products,1429,22,12.73,76.52
7308,20240608,122,Sponsored Display,2256,21,13.73,27.61
7309,20250617,184,Sponsored Products,628,4,6.7,19.93
7310,20240403,279,Sponsored Brands,582,7,9.2,57.07
7311,20260603,146,Sponsored Products,1147,15,8.76,25.65
7312,20260619,410,Sponsored Products,421,3,2.36,11.38
7313,20251003,531,Sponsored Products,154,1,1.55,8.85
7314,20230102,525,Sponsored Products,4186,48,78.94,395.98
7315,20240928,216,Sponsored Products,1404,12,14.27,60.94
7316,20260109,123,Sponsored Display,435,1,0.71,1.55
7317,20240610,787,Sponsored Products,1064,9,13.02,56.07
7318,20230608,304,Sponsored Products,748,5,3.16,7.48
7319,20231128,750,Sponsored Brands,1865,21,36.06,95.35
7320,20230320,612,Sponsored Brands,1723,28,19.08,99.01
7321,20250711,215,Sponsored Products,1638,32,34.33,82.69
7322,20240824,350,Sponsored Brands,3916,65,55.83,237.08
7323,20241002,427,Sponsored Products,2451,17,12.95,50.92
7324,20260320,433,Sponsored Products,5937,21,25.25,136.71
7325,20230110,495,Sponsored Products,1641,17,9.64,48.01
7326,20240725,341,Sponsored Brands,2184,10,13.25,45.17
7327,20240627,555,Sponsored Brands,1865,36,62.66,195.13
7328,20251119,292,Sponsored Products,1446,10,10.0,54.06
7329,20260405,326,Sponsored Brands,2979,15,18.46,53.53
7330,20230903,209,Sponsored Products,3050,35,53.75,207.93
7331,20260612,508,Sponsored Products,1120,21,21.2,103.83
7332,20230315,85,Sponsored Products,1511,21,15.1,33.72
7333,20240507,670,Sponsored Products,214,1,1.61,2.58
7334,20240709,599,Sponsored Products,539,4,2.35,5.09
7335,20251125,520,Sponsored Display,625,5,5.67,17.03
7336,20230225,108,DSP,12742,119,173.71,1069.06
7337,20250508,63,Sponsored Brands,287,3,3.49,13.91
7338,20250831,763,DSP,1125,4,6.11,25.39
7339,20260321,366,Sponsored Products,1216,21,29.04,135.98
7340,20250726,290,DSP,290,2,3.56,13.73
7341,20250816,437,Sponsored Products,471,3,2.23,11.61
7342,20231122,707,Sponsored Products,1086,14,14.99,30.92
7343,20250313,109,DSP,545,8,12.22,52.82
7344,20251209,178,Sponsored Products,2899,52,78.42,454.93
7345,20260113,492,Sponsored Products,2633,42,37.86,61.82
7346,20230328,350,Sponsored Products,2132,14,22.09,53.78
7347,20240715,9,Sponsored Brands,692,7,5.86,30.43
7348,20250113,537,DSP,237,1,1.17,3.08
7349,20250911,719,Sponsored Products,1493,23,13.99,71.57
7350,20230722,744,Sponsored Brands,482,3,1.88,11.86
7351,20241019,648,DSP,2153,21,31.77,170.45
7352,20231023,792,Sponsored Display,1329,6,8.09,48.22
7353,20241225,734,Sponsored Brands,287,4,3.55,18.43
7354,20240624,172,Sponsored Brands,2734,47,82.81,512.93
7355,20250913,535,Sponsored Display,152,0,0.0,0.0
7356,20240313,744,Sponsored Products,735,2,0.85,2.16
7357,20251208,329,Sponsored Display,381,3,5.25,10.18
7358,20230506,7,DSP,975,12,11.34,19.52
7359,20240307,390,Sponsored Products,1057,6,2.93,13.5
7360,20240903,415,Sponsored Products,2340,8,9.0,57.42
7361,20241103,16,Sponsored Products,2753,8,6.06,18.26
7362,20251023,420,Sponsored Brands,2470,34,14.86,60.19
7363,20240613,252,Sponsored Brands,472,3,4.6,22.87
7364,20251002,274,Sponsored Products,2208,21,27.88,109.85
7365,20250815,503,Sponsored Products,1473,14,17.4,88.71
7366,20260511,450,Sponsored Products,395,2,3.48,18.91
7367,20240711,417,Sponsored Display,1487,19,9.14,56.12
7368,20230401,508,Sponsored Brands,3391,20,19.41,121.08
7369,20260315,95,Sponsored Brands,384,4,5.07,13.9
7370,20240731,252,Sponsored Brands,530,10,14.25,68.46
7371,20241119,63,Sponsored Products,348,4,5.22,8.38
7372,20260628,694,Sponsored Brands,998,12,9.31,19.04
7373,20251015,284,Sponsored Products,2246,42,47.09,103.72
7374,20231026,780,Sponsored Display,2929,57,64.29,358.64
7375,20260323,552,Sponsored Brands,1528,24,32.33,206.7
7376,20240503,312,DSP,3057,30,29.53,119.85
7377,20241008,572,Sponsored Display,1754,24,32.46,117.59
7378,20260208,153,Sponsored Products,2997,57,44.01,235.79
7379,20250228,44,DSP,2032,10,9.66,50.6
7380,20250410,603,Sponsored Brands,1801,10,11.33,62.94
7381,20230511,66,Sponsored Products,786,3,2.14,4.49
7382,20240105,580,Sponsored Products,1405,16,24.01,43.52
7383,20230517,685,Sponsored Products,1550,18,23.96,88.6
7384,20240920,533,Sponsored Products,3110,51,38.78,114.22
7385,20240805,215,Sponsored Brands,833,5,4.22,13.64
7386,20240920,162,Sponsored Products,1327,22,24.33,59.97
7387,20250117,793,Sponsored Brands,1817,34,43.95,156.68
7388,20260603,730,DSP,1556,28,15.51,27.1
7389,20250919,705,Sponsored Products,2369,25,30.81,50.74
7390,20251217,468,Sponsored Products,2444,38,38.64,251.0
7391,20230518,224,Sponsored Products,748,5,7.97,33.59
7392,20230618,572,Sponsored Display,2708,41,56.92,230.33
7393,20240819,103,Sponsored Products,2055,9,3.67,23.1
7394,20251028,304,Sponsored Products,1535,17,14.11,35.26
7395,20250326,100,Sponsored Display,990,15,23.19,91.16
7396,20230531,650,Sponsored Brands,1898,37,64.9,135.77
7397,20240424,22,Sponsored Products,898,3,2.3,12.55
7398,20260528,334,Sponsored Brands,893,6,3.74,19.26
7399,20251106,515,Sponsored Brands,192,2,2.69,15.13
7400,20240229,212,Sponsored Brands,634,11,16.44,79.6
7401,20251107,757,Sponsored Brands,4083,48,61.92,345.54
7402,20241128,352,Sponsored Products,716,3,4.2,20.35
7403,20250625,66,Sponsored Products,845,3,1.86,11.71
7404,20230912,791,Sponsored Products,973,18,18.06,59.68
7405,20260618,753,Sponsored Display,2412,32,17.83,59.4
7406,20250422,304,Sponsored Brands,467,3,1.74,5.58
7407,20240401,75,DSP,1916,33,30.37,172.32
7408,20260316,222,Sponsored Products,171,2,1.91,11.81
7409,20250405,123,Sponsored Products,1435,5,2.54,8.78
7410,20240825,87,DSP,1289,22,36.24,55.9
7411,20260504,532,Sponsored Display,1178,22,19.54,99.28
7412,20230503,564,Sponsored Brands,3902,14,10.3,27.75
7413,20241213,283,Sponsored Products,3444,28,31.59,204.6
7414,20230518,19,Sponsored Products,1213,23,36.81,108.29
7415,20250217,799,Sponsored Products,1271,13,17.68,102.45
7416,20260112,319,Sponsored Products,2190,34,56.88,276.97
7417,20241224,415,Sponsored Products,5431,77,55.09,124.82
7418,20230613,102,Sponsored Products,764,12,10.58,31.78
7419,20230617,224,Sponsored Products,445,7,10.04,37.82
7420,20250509,410,DSP,601,8,7.1,30.26
7421,20250125,365,Sponsored Products,883,5,3.13,11.37
7422,20260417,373,Sponsored Products,2958,55,63.11,229.6
7423,20251212,386,Sponsored Brands,370,7,9.93,55.74
7424,20250924,453,Sponsored Products,225,3,1.88,7.3
7425,20251025,173,Sponsored Brands,2711,42,70.99,449.77
7426,20260522,343,Sponsored Products,682,13,16.9,42.99
7427,20250112,383,Sponsored Display,2812,8,11.24,39.56
7428,20230826,724,Sponsored Display,2454,30,23.83,100.03
7429,20230217,774,Sponsored Products,1963,19,23.19,64.59
7430,20250615,726,Sponsored Brands,92,1,0.85,1.35
7431,20260607,658,Sponsored Products,84,0,0.0,0.0
7432,20230512,593,Sponsored Display,435,1,0.58,3.01
7433,20230523,407,Sponsored Products,1185,18,22.07,118.73
7434,20240817,644,DSP,1562,24,37.95,95.94
7435,20230804,128,Sponsored Products,921,10,11.49,49.92
7436,20240520,401,Sponsored Products,1640,6,5.87,15.59
7437,20230622,290,DSP,3051,26,14.71,71.42
7438,20260616,103,Sponsored Products,3027,21,22.51,81.87
7439,20250119,772,Sponsored Products,165,0,0.0,0.0
7440,20260119,433,Sponsored Products,1329,4,2.33,7.83
7441,20260108,559,Sponsored Display,4241,72,57.63,293.69
7442,20260128,561,Sponsored Brands,2138,14,22.76,130.47
7443,20240522,349,Sponsored Products,3098,27,13.1,67.89
7444,20260205,669,DSP,2945,18,14.56,68.1
7445,20230708,214,Sponsored Products,2276,13,10.96,39.07
7446,20240125,459,Sponsored Products,6107,96,130.94,279.55
7447,20240319,254,Sponsored Products,3120,50,45.89,152.96
7448,20240202,789,Sponsored Display,1129,4,6.02,28.77
7449,20230131,654,Sponsored Products,1687,11,7.66,47.06
7450,20230901,283,Sponsored Brands,1171,18,24.58,76.73
7451,20240314,443,Sponsored Products,975,5,2.89,5.77
7452,20240424,100,Sponsored Products,1809,12,11.3,46.76
7453,20260313,366,Sponsored Brands,1802,11,5.08,8.83
7454,20241222,382,Sponsored Products,395,6,5.05,30.54
7455,20240111,239,Sponsored Brands,4252,43,22.24,102.58
7456,20240804,599,Sponsored Products,238,4,7.12,44.02
7457,20240118,607,Sponsored Products,2187,33,52.56,254.23
7458,20250915,49,Sponsored Products,1056,3,2.53,14.15
7459,20260425,523,Sponsored Products,2373,30,44.53,164.81
7460,20240425,286,Sponsored Brands,1597,8,4.1,25.34
7461,20251210,418,Sponsored Products,1217,6,6.31,27.83
7462,20250717,183,Sponsored Products,1001,5,3.98,16.83
7463,20230209,415,Sponsored Products,2353,27,29.0,80.38
7464,20240403,433,Sponsored Products,1006,20,34.23,217.28
7465,20260423,324,DSP,2548,48,70.08,414.87
7466,20240620,262,Sponsored Display,2848,31,24.38,153.05
7467,20250812,472,Sponsored Products,155,2,2.61,13.65
7468,20250824,82,Sponsored Display,1266,18,32.28,170.73
7469,20260531,428,Sponsored Products,521,9,9.69,46.85
7470,20240408,727,Sponsored Products,402,2,3.07,8.11
7471,20240815,169,Sponsored Products,2968,47,50.73,106.85
7472,20260218,313,Sponsored Products,2807,12,18.07,51.14
7473,20230509,201,Sponsored Brands,1885,31,17.82,43.88
7474,20230916,302,Sponsored Products,599,3,5.16,18.9
7475,20250820,666,Sponsored Brands,1537,25,15.6,98.37
7476,20251222,119,Sponsored Products,5106,91,127.85,642.59
7477,20230929,193,Sponsored Brands,1624,12,15.77,37.02
7478,20250621,293,Sponsored Brands,1041,10,10.86,19.12
7479,20230110,261,Sponsored Display,3630,23,39.25,86.26
7480,20250312,397,Sponsored Products,818,5,8.33,52.03
7481,20231007,229,Sponsored Products,2926,36,58.21,114.81
7482,20250115,233,Sponsored Products,3220,12,5.77,32.74
7483,20230801,627,Sponsored Brands,4743,30,42.27,231.47
7484,20251226,800,Sponsored Products,5437,95,76.46,142.56
7485,20240305,702,Sponsored Display,1184,12,9.28,32.37
7486,20241004,30,Sponsored Display,940,11,17.42,97.54
7487,20251104,327,Sponsored Brands,626,11,12.56,32.81
7488,20231129,788,Sponsored Products,6296,55,84.35,214.12
7489,20250124,421,Sponsored Products,1946,28,43.34,195.58
7490,20230424,447,Sponsored Brands,1128,6,3.53,18.58
7491,20250622,290,Sponsored Brands,1326,25,44.25,87.4
7492,20250531,284,Sponsored Products,3225,35,51.41,255.3
7493,20260204,224,Sponsored Products,3074,15,18.45,76.62
7494,20231001,697,DSP,2319,19,7.84,30.61
7495,20230511,373,Sponsored Brands,1596,6,7.53,42.91
7496,20250625,511,Sponsored Products,2597,19,25.56,159.15
7497,20250707,180,DSP,5567,33,55.09,272.4
7498,20251104,387,Sponsored Brands,2032,17,18.34,61.83
7499,20250125,789,Sponsored Products,196,1,0.68,1.77
7500,20250223,800,Sponsored Products,367,5,6.73,35.37
7501,20231206,662,Sponsored Brands,1132,9,15.89,88.96
7502,20241208,503,Sponsored Brands,705,13,8.07,22.63
7503,20250714,528,Sponsored Products,900,2,3.2,11.66
7504,20250124,740,Sponsored Display,2178,41,46.81,204.16
7505,20240423,554,Sponsored Products,2030,21,21.65,128.06
7506,20240212,615,Sponsored Products,1526,10,13.13,53.61
7507,20250313,784,Sponsored Products,2088,15,22.47,116.59
7508,20250816,744,Sponsored Products,2035,8,12.59,57.85
7509,20250815,479,DSP,129,0,0.0,0.0
7510,20250425,129,Sponsored Products,739,3,5.39,27.82
7511,20230622,730,Sponsored Products,1768,22,20.77,110.02
7512,20240418,316,Sponsored Products,3028,50,42.37,261.41
7513,20250303,254,Sponsored Brands,674,3,4.63,27.43
7514,20240704,213,Sponsored Brands,1009,4,5.82,33.2
7515,20260629,468,Sponsored Products,1192,15,24.86,118.24
7516,20260514,271,Sponsored Products,910,15,13.42,50.62
7517,20250604,42,Sponsored Products,1053,11,16.56,97.9
7518,20230916,144,Sponsored Brands,674,7,8.07,13.83
7519,20251007,403,Sponsored Display,783,11,19.48,63.07
7520,20260607,115,Sponsored Products,444,3,1.29,6.02
7521,20251231,53,Sponsored Brands,374,7,5.2,30.89
7522,20230205,421,Sponsored Products,2163,22,30.19,111.23
7523,20230327,318,Sponsored Products,2099,37,53.41,231.35
7524,20230510,435,Sponsored Brands,529,8,7.37,14.09
7525,20240121,237,Sponsored Display,120,1,0.96,3.98
7526,20240605,723,Sponsored Products,1403,5,2.69,7.81
7527,20260508,777,Sponsored Products,3575,60,62.71,127.59
7528,20230318,238,Sponsored Brands,2582,26,35.12,69.91
7529,20260412,735,DSP,1226,14,12.89,57.55
7530,20230926,41,Sponsored Products,1504,5,4.73,19.88
7531,20230630,187,Sponsored Display,993,10,15.09,48.19
7532,20241126,428,Sponsored Products,1520,12,12.63,20.72
7533,20241127,493,Sponsored Products,6034,58,29.37,148.4
7534,20230618,309,Sponsored Display,334,3,5.01,15.86
7535,20231219,574,Sponsored Products,3015,22,37.98,127.75
7536,20240505,323,Sponsored Display,1547,10,9.93,25.81
7537,20240728,675,Sponsored Display,1306,14,19.18,66.62
7538,20230104,606,Sponsored Brands,4023,62,111.16,503.8
7539,20240109,574,Sponsored Products,1229,10,15.81,32.63
7540,20250815,216,Sponsored Products,1097,7,7.05,33.05
7541,20230204,67,Sponsored Products,3288,36,51.51,162.82
7542,20231010,776,Sponsored Products,1975,19,25.72,106.49
7543,20260409,767,Sponsored Brands,385,5,3.84,15.86
7544,20240412,664,DSP,1056,4,3.85,13.45
7545,20260309,275,Sponsored Products,2680,50,63.63,243.84
7546,20241220,519,DSP,3170,23,13.66,75.69
7547,20230205,38,Sponsored Products,4444,80,48.24,302.49
7548,20240507,558,Sponsored Products,1982,39,30.93,156.51
7549,20250920,382,Sponsored Brands,6786,53,51.15,113.8
7550,20231020,533,Sponsored Products,2018,15,18.17,70.16
7551,20251216,789,Sponsored Products,3777,28,33.03,90.62
7552,20250121,151,Sponsored Products,916,12,12.15,22.59
7553,20231004,351,Sponsored Products,993,15,9.82,52.18
7554,20240526,476,Sponsored Brands,2510,38,38.86,166.94
7555,20250906,573,Sponsored Brands,2293,39,45.57,85.75
7556,20231115,256,Sponsored Products,868,7,8.46,15.9
7557,20250722,621,Sponsored Products,576,9,4.73,19.68
7558,20230111,623,Sponsored Brands,579,10,6.45,25.81
7559,20250213,5,Sponsored Products,2927,50,21.83,54.77
7560,20250726,296,Sponsored Brands,831,11,12.3,28.81
7561,20260228,799,Sponsored Display,5756,97,158.62,238.45
7562,20241223,181,Sponsored Brands,1611,18,31.81,147.71
7563,20250827,726,Sponsored Products,96,1,1.11,4.67
7564,20240508,241,Sponsored Display,1507,27,25.16,61.82
7565,20260121,516,Sponsored Products,272,2,3.32,18.14
7566,20240105,96,Sponsored Products,2347,45,25.66,116.98
7567,20240325,464,DSP,1408,10,14.82,90.17
7568,20230804,486,Sponsored Brands,927,13,22.32,82.76
7569,20240326,480,DSP,4507,62,83.42,299.9
7570,20260406,460,Sponsored Display,798,13,5.41,9.8
7571,20230802,605,DSP,1504,21,12.13,65.39
7572,20260504,481,Sponsored Display,242,0,0.0,0.0
7573,20241113,405,Sponsored Display,3240,63,92.47,446.71
7574,20250915,45,Sponsored Brands,1692,17,7.95,18.31
7575,20250210,713,Sponsored Brands,646,12,5.62,35.29
7576,20240602,398,Sponsored Brands,120,1,1.63,2.67
7577,20230829,22,Sponsored Products,1505,13,11.99,56.1
7578,20260110,386,Sponsored Brands,1016,12,12.05,70.51
7579,20240209,364,DSP,4864,68,38.53,180.04
7580,20250616,469,DSP,542,7,4.8,29.94
7581,20240211,717,Sponsored Brands,2932,33,38.38,158.82
7582,20250309,346,Sponsored Display,1424,5,2.47,13.89
7583,20240906,99,Sponsored Products,1753,26,44.07,143.56
7584,20230106,737,Sponsored Brands,1814,24,12.42,42.06
7585,20231028,294,Sponsored Brands,1758,10,8.77,27.72
7586,20260227,740,Sponsored Products,953,5,4.5,26.16
7587,20250902,601,Sponsored Products,628,9,7.41,11.49
7588,20240924,508,Sponsored Products,219,4,3.37,9.69
7589,20230725,695,Sponsored Products,2463,42,63.85,289.76
7590,20240425,177,Sponsored Products,470,9,13.78,42.19
7591,20250825,716,Sponsored Display,2831,31,50.85,293.43
7592,20250517,656,Sponsored Products,2367,40,21.15,114.57
7593,20250119,493,Sponsored Brands,2508,14,18.15,73.67
7594,20241108,344,Sponsored Products,917,9,4.05,8.33
7595,20260525,656,Sponsored Brands,1124,4,2.68,13.37
7596,20260323,375,Sponsored Brands,2098,24,30.33,188.46
7597,20240505,58,Sponsored Products,588,8,6.71,43.0
7598,20240304,167,Sponsored Products,777,12,17.06,73.84
7599,20260311,305,Sponsored Display,2924,43,66.0,152.65
7600,20251213,599,Sponsored Products,647,7,6.04,11.8
7601,20230413,447,Sponsored Brands,2858,37,20.56,110.67
7602,20230913,758,DSP,1409,8,10.95,50.17
7603,20250910,563,Sponsored Products,1465,12,5.26,8.97
7604,20230703,175,Sponsored Products,1670,17,28.3,147.6
7605,20230227,421,Sponsored Products,1590,28,37.23,103.21
7606,20241214,79,Sponsored Products,2008,15,21.94,112.62
7607,20260213,677,Sponsored Brands,1338,26,40.06,228.45
7608,20260417,53,Sponsored Brands,4073,80,34.14,102.22
7609,20250111,707,Sponsored Display,2999,35,34.18,62.87
7610,20240913,649,Sponsored Products,2388,20,33.85,122.1
7611,20230605,574,Sponsored Products,2320,39,63.54,358.25
7612,20230904,74,Sponsored Products,2103,30,51.41,221.48
7613,20240603,6,Sponsored Brands,760,8,13.9,80.74
7614,20250903,90,Sponsored Products,661,5,8.71,37.27
7615,20240113,82,Sponsored Products,2229,14,12.31,49.23
7616,20250426,12,Sponsored Display,4024,28,16.77,106.97
7617,20240818,492,DSP,47,0,0.0,0.0
7618,20240510,746,Sponsored Products,2103,7,8.2,47.09
7619,20230404,516,Sponsored Products,481,7,9.92,47.18
7620,20241012,105,Sponsored Products,2428,28,44.38,93.33
7621,20251113,639,DSP,1033,8,9.89,52.46
7622,20241027,730,Sponsored Products,4199,53,51.47,199.7
7623,20260128,195,Sponsored Brands,3478,64,81.16,367.76
7624,20250816,179,Sponsored Display,5569,69,108.47,262.65
7625,20230822,429,Sponsored Products,2980,47,71.66,454.56
7626,20250523,380,Sponsored Display,893,12,9.36,45.92
7627,20240919,434,Sponsored Products,448,6,8.31,14.73
7628,20250228,235,Sponsored Display,212,3,3.76,16.97
7629,20240907,478,Sponsored Display,2400,35,39.94,254.09
7630,20250424,765,Sponsored Products,1176,5,4.54,11.35
7631,20230214,589,Sponsored Display,40,0,0.0,0.0
7632,20250916,307,Sponsored Products,460,1,1.63,7.71
7633,20230725,632,Sponsored Products,932,10,12.45,30.5
7634,20240924,558,Sponsored Brands,2272,28,33.55,112.01
7635,20230113,369,DSP,139,2,1.48,4.03
7636,20240910,788,Sponsored Brands,3995,70,104.08,274.52
7637,20260112,665,Sponsored Products,1383,19,31.42,176.64
7638,20230827,717,Sponsored Brands,492,7,4.83,22.93
7639,20250131,780,Sponsored Brands,1628,30,13.19,23.84
7640,20260128,741,DSP,2136,16,12.17,40.56
7641,20240820,263,DSP,1487,6,10.23,48.23
7642,20230305,348,Sponsored Products,2160,23,14.58,70.72
7643,20250623,215,Sponsored Brands,1170,13,16.5,84.11
7644,20230509,373,DSP,854,4,4.27,13.31
7645,20250802,760,Sponsored Products,736,6,3.44,8.49
7646,20230927,337,Sponsored Products,919,17,25.98,58.47
7647,20230921,719,Sponsored Display,1113,11,11.23,35.26
7648,20251130,391,Sponsored Display,2374,25,21.25,101.65
7649,20230106,433,Sponsored Products,1515,21,25.95,124.44
7650,20240406,74,Sponsored Products,1235,18,15.75,43.34
7651,20260521,165,Sponsored Products,595,8,3.91,7.92
7652,20230927,409,DSP,774,12,11.97,31.13
7653,20250506,738,Sponsored Brands,787,12,11.4,67.29
7654,20240102,109,Sponsored Products,3762,71,97.3,434.57
7655,20240705,652,Sponsored Products,346,3,2.69,13.01
7656,20230602,257,Sponsored Products,791,8,5.13,28.23
7657,20240407,418,Sponsored Products,2975,40,37.22,75.09
7658,20260427,564,Sponsored Products,327,1,0.49,1.96
7659,20230818,220,Sponsored Products,1690,28,36.28,65.92
7660,20230317,691,DSP,231,4,3.06,15.6
7661,20251201,50,Sponsored Products,2687,44,25.55,73.28
7662,20260504,712,Sponsored Brands,3704,48,64.5,380.79
7663,20260624,236,Sponsored Products,525,10,9.77,63.45
7664,20260426,563,Sponsored Brands,1560,20,27.98,133.52
7665,20250428,115,Sponsored Brands,827,11,12.9,52.32
7666,20250216,659,Sponsored Products,974,3,5.05,11.23
7667,20260517,559,Sponsored Display,187,1,1.25,3.19
7668,20240701,407,Sponsored Brands,2272,8,6.8,17.92
7669,20230726,660,Sponsored Products,1255,15,20.31,47.18
7670,20250820,781,Sponsored Products,194,3,4.39,11.44
7671,20241008,734,Sponsored Products,2191,30,44.13,135.42
7672,20230723,128,Sponsored Display,2276,29,21.54,74.15
7673,20260320,206,Sponsored Brands,2350,44,39.7,134.51
7674,20260621,58,Sponsored Brands,1317,9,14.82,36.71
7675,20230915,243,Sponsored Products,3885,62,106.92,501.19
7676,20240326,216,Sponsored Brands,1427,13,15.87,51.29
7677,20251004,423,Sponsored Products,1681,5,8.51,40.45
7678,20241217,704,Sponsored Products,2339,10,11.06,29.74
7679,20250409,144,Sponsored Brands,1546,18,8.8,24.06
7680,20240318,290,Sponsored Brands,1318,14,16.99,46.76
7681,20251124,458,Sponsored Products,1086,11,15.43,55.47
7682,20251201,93,Sponsored Display,435,2,2.13,13.66
7683,20230602,499,Sponsored Display,298,4,3.34,18.48
7684,20230312,425,DSP,1034,20,23.04,45.21
7685,20250607,615,Sponsored Products,965,4,3.17,7.75
7686,20250803,145,Sponsored Products,3990,67,80.32,263.43
7687,20240410,639,Sponsored Brands,1853,32,40.49,92.92
7688,20250121,507,Sponsored Products,2576,28,42.78,81.12
7689,20250816,141,DSP,1684,20,32.4,191.13
7690,20230619,603,Sponsored Brands,1500,13,8.65,49.04
7691,20260602,22,Sponsored Brands,1802,30,26.74,90.43
7692,20241103,785,Sponsored Products,1730,25,36.43,224.07
7693,20231128,407,Sponsored Products,3179,38,47.24,265.27
7694,20251015,319,Sponsored Brands,1442,22,12.97,27.4
7695,20240618,645,Sponsored Products,1596,14,23.47,84.28
7696,20230306,470,Sponsored Products,646,7,11.72,58.52
7697,20260613,21,Sponsored Products,3666,51,43.65,230.89
7698,20230203,170,Sponsored Brands,1437,19,26.98,109.78
7699,20240105,220,DSP,1864,13,18.74,41.58
7700,20260622,142,Sponsored Brands,1287,21,11.0,56.64
7701,20240117,241,Sponsored Display,1155,22,37.91,149.39
7702,20250729,267,Sponsored Products,1817,28,17.86,94.48
7703,20230321,638,Sponsored Products,2038,19,16.92,104.94
7704,20240316,190,Sponsored Products,6178,53,86.15,356.2
7705,20250319,220,Sponsored Products,2747,9,4.25,17.33
7706,20230330,441,Sponsored Products,1353,18,8.33,27.6
7707,20250425,56,Sponsored Brands,372,6,4.71,29.33
7708,20260111,616,Sponsored Products,1843,15,25.27,114.54
7709,20251209,450,Sponsored Display,715,8,10.16,25.67
7710,20251218,592,Sponsored Products,1397,21,33.87,162.11
7711,20231214,493,Sponsored Display,1284,4,3.0,12.77
7712,20240223,382,Sponsored Products,2743,42,27.71,42.98
7713,20250901,726,Sponsored Display,876,15,11.76,44.1
7714,20230720,262,Sponsored Display,619,10,13.03,34.55
7715,20241028,428,Sponsored Brands,2775,18,22.09,67.86
7716,20240416,627,Sponsored Brands,3295,30,44.12,238.25
7717,20251124,696,Sponsored Products,881,4,5.81,16.84
7718,20230803,521,Sponsored Products,1461,15,20.15,85.61
7719,20241111,418,Sponsored Brands,278,3,2.47,10.54
7720,20240728,609,Sponsored Products,2440,14,19.91,127.99
7721,20241028,61,Sponsored Brands,1520,18,17.52,110.15
7722,20230130,147,Sponsored Brands,3822,45,30.23,62.03
7723,20250529,8,Sponsored Display,673,7,11.89,43.2
7724,20260520,764,Sponsored Products,1191,5,3.58,12.45
7725,20240809,663,Sponsored Products,1267,24,32.19,206.15
7726,20241029,635,Sponsored Products,1151,20,23.83,39.16
7727,20230912,261,Sponsored Display,1010,15,18.38,36.37
7728,20230812,539,Sponsored Products,192,3,2.51,5.22
7729,20250627,364,Sponsored Products,2164,6,9.01,24.99
7730,20240520,359,DSP,856,15,15.65,101.7
7731,20230918,720,Sponsored Display,140,0,0.0,0.0
7732,20241217,704,Sponsored Products,6893,43,25.46,96.38
7733,20230908,143,Sponsored Products,368,1,0.87,4.88
7734,20241109,477,Sponsored Products,1686,30,31.78,54.79
7735,20240428,81,Sponsored Brands,2058,30,44.73,76.03
7736,20230114,464,Sponsored Brands,1764,12,9.65,61.11
7737,20241112,709,Sponsored Products,684,10,15.97,83.4
7738,20241227,455,Sponsored Products,1323,26,15.55,60.3
7739,20231125,634,Sponsored Products,1898,32,53.18,260.56
7740,20250308,699,Sponsored Display,3037,23,33.98,216.2
7741,20240530,730,Sponsored Display,782,5,5.8,20.99
7742,20260313,400,Sponsored Brands,921,13,7.61,46.52
7743,20251021,771,Sponsored Brands,2103,25,25.86,77.08
7744,20260515,548,Sponsored Brands,544,7,10.1,20.28
7745,20250609,551,Sponsored Display,2884,38,32.67,83.09
7746,20251030,549,Sponsored Products,727,4,3.99,19.35
7747,20241017,656,DSP,372,3,3.35,21.67
7748,20260526,182,Sponsored Brands,1396,18,21.15,97.98
7749,20241229,294,Sponsored Display,1825,8,3.93,7.35
7750,20230926,86,Sponsored Display,2673,47,66.73,246.46
7751,20230206,659,Sponsored Brands,1737,27,31.16,118.47
7752,20260426,15,Sponsored Products,2627,23,33.46,166.02
7753,20240202,460,Sponsored Products,1057,11,4.87,27.77
7754,20250618,347,Sponsored Brands,1945,27,24.39,102.52
7755,20240517,336,Sponsored Products,1429,19,23.15,81.83
7756,20230131,184,Sponsored Brands,2115,26,38.14,197.05
7757,20230409,159,Sponsored Display,1213,5,2.5,14.33
7758,20250807,365,Sponsored Brands,1000,10,4.76,16.2
7759,20230711,612,Sponsored Display,1718,14,10.98,60.83
7760,20260531,534,Sponsored Products,2990,51,53.72,135.47
7761,20240920,133,DSP,3627,65,89.17,148.14
7762,20240602,433,Sponsored Brands,2759,17,9.37,28.42
7763,20250209,54,Sponsored Products,6079,33,32.04,49.08
7764,20251205,724,Sponsored Products,1247,19,29.55,134.65
7765,20251223,407,Sponsored Products,7830,122,214.7,1156.46
7766,20250525,130,Sponsored Products,617,9,4.73,13.88
7767,20230808,134,Sponsored Products,2082,39,61.68,182.36
7768,20251017,71,Sponsored Display,708,4,5.22,29.6
7769,20230529,230,Sponsored Brands,831,7,7.26,43.31
7770,20241030,593,Sponsored Products,1477,29,12.14,71.15
7771,20260211,634,Sponsored Display,1226,10,7.23,45.57
7772,20260519,49,Sponsored Products,2520,44,60.96,174.08
7773,20230806,442,Sponsored Products,877,12,7.49,44.27
7774,20230828,83,Sponsored Products,1765,12,8.5,38.2
7775,20230205,262,Sponsored Brands,714,12,9.58,51.17
7776,20250503,480,Sponsored Brands,2022,13,21.61,109.05
7777,20250605,748,Sponsored Brands,694,12,21.51,79.1
7778,20240213,660,Sponsored Brands,1612,21,29.11,95.45
7779,20250814,278,DSP,3176,37,64.31,233.29
7780,20230407,226,Sponsored Products,1008,12,6.86,27.06
7781,20240523,670,Sponsored Products,1719,18,28.13,136.02
7782,20230519,308,Sponsored Products,824,2,0.87,5.03
7783,20230221,524,Sponsored Products,2354,26,18.99,47.93
7784,20240619,637,Sponsored Display,364,5,5.9,18.32
7785,20230515,321,Sponsored Products,884,17,19.76,92.27
7786,20240428,292,Sponsored Products,5200,84,58.42,344.88
7787,20250622,779,DSP,752,3,2.39,8.01
7788,20231106,388,Sponsored Products,373,2,2.5,15.56
7789,20250116,200,Sponsored Products,796,4,1.77,5.39
7790,20231026,364,Sponsored Products,4146,76,122.74,343.8
7791,20241107,229,Sponsored Products,730,14,15.9,89.0
7792,20251213,754,Sponsored Brands,3865,49,62.02,325.49
7793,20260419,222,DSP,2513,38,42.8,78.21
7794,20241205,50,Sponsored Display,543,7,6.26,31.97
7795,20240519,456,Sponsored Products,503,2,2.35,6.37
7796,20241125,280,Sponsored Products,1739,30,48.75,159.21
7797,20250316,184,Sponsored Brands,3713,20,17.4,110.63
7798,20250313,59,Sponsored Products,2785,22,27.31,143.42
7799,20260331,296,Sponsored Products,120,0,0.0,0.0
7800,20240906,523,DSP,111,0,0.0,0.0
7801,20240531,477,Sponsored Display,4689,18,23.43,99.81
7802,20240924,340,Sponsored Products,1570,13,11.35,17.97
7803,20250226,350,Sponsored Products,592,11,16.55,49.63
7804,20230711,538,Sponsored Brands,14508,290,493.22,1645.75
7805,20231007,291,Sponsored Display,2438,11,6.16,21.31
7806,20260506,159,Sponsored Brands,1681,28,22.63,58.71
7807,20250316,751,DSP,453,6,5.29,17.79
7808,20240331,737,Sponsored Display,2924,28,15.76,32.93
7809,20231029,685,Sponsored Products,1240,6,6.72,42.84
7810,20240602,617,Sponsored Brands,981,12,5.21,11.77
7811,20230430,729,Sponsored Products,1885,19,13.29,29.0
7812,20230805,308,Sponsored Brands,1070,17,9.93,16.18
7813,20230908,502,Sponsored Products,878,9,5.38,23.03
7814,20240722,526,Sponsored Display,532,4,6.07,16.89
7815,20260302,534,DSP,686,6,8.63,44.23
7816,20240615,354,Sponsored Brands,6981,79,34.08,197.93
7817,20251230,668,Sponsored Products,499,4,3.95,10.94
7818,20230413,495,Sponsored Products,848,2,1.83,6.08
7819,20231230,190,Sponsored Products,5874,38,55.52,222.19
7820,20250625,63,Sponsored Brands,1477,4,6.94,36.86
7821,20241028,673,Sponsored Brands,1636,30,20.22,66.12
7822,20251201,523,Sponsored Products,2000,10,15.59,65.75
7823,20230429,443,Sponsored Products,3909,15,24.31,70.43
7824,20251227,779,Sponsored Brands,1194,9,6.6,25.93
7825,20250214,781,Sponsored Products,950,3,3.12,7.03
7826,20250210,412,Sponsored Products,3128,17,29.11,142.04
7827,20241117,231,Sponsored Products,1069,3,2.33,9.92
7828,20251101,408,Sponsored Products,3991,67,76.53,127.08
7829,20250509,612,Sponsored Display,1917,23,14.67,25.82
7830,20240205,504,Sponsored Products,734,6,5.65,11.49
7831,20260520,700,Sponsored Display,1048,12,18.93,50.08
7832,20241007,17,DSP,1180,6,3.05,16.41
7833,20260324,512,DSP,3138,24,40.33,256.87
7834,20231229,799,Sponsored Display,224,3,2.37,5.93
7835,20230611,583,Sponsored Products,471,4,4.4,28.14
7836,20231017,564,Sponsored Products,1377,14,16.53,105.63
7837,20230403,10,DSP,1500,28,40.2,244.19
7838,20230108,457,Sponsored Brands,3481,57,100.08,205.8
7839,20240225,59,DSP,908,10,10.82,63.49
7840,20240102,255,Sponsored Products,1471,4,2.57,15.84
7841,20231227,57,Sponsored Products,1306,10,5.27,20.87
7842,20230614,769,Sponsored Products,1111,4,3.44,21.29
7843,20240226,303,Sponsored Products,1818,27,13.19,66.21
7844,20260303,742,Sponsored Products,1210,21,23.82,58.78
7845,20260222,183,Sponsored Brands,3299,35,28.78,88.53
7846,20260217,634,Sponsored Products,1476,17,16.18,80.25
7847,20241220,68,Sponsored Brands,683,4,2.31,7.71
7848,20250403,499,Sponsored Products,2618,35,39.71,186.03
7849,20260307,786,Sponsored Products,2236,10,8.66,20.11
7850,20260514,280,Sponsored Brands,857,2,1.59,5.74
7851,20230705,705,Sponsored Products,2063,9,6.79,32.78
7852,20230120,415,Sponsored Brands,1517,25,18.36,89.21
7853,20231206,260,Sponsored Products,2975,55,58.81,369.85
7854,20230911,393,Sponsored Products,1384,15,13.25,61.48
7855,20250828,582,Sponsored Products,831,4,2.8,8.36
7856,20230224,578,Sponsored Products,1727,15,24.89,76.15
7857,20240120,307,Sponsored Products,1106,16,12.07,75.57
7858,20250420,54,Sponsored Products,868,13,8.37,26.31
7859,20241018,634,Sponsored Brands,2049,28,13.48,56.33
7860,20260304,374,Sponsored Brands,3129,32,56.29,332.36
7861,20250909,372,Sponsored Products,1045,19,21.87,139.45
7862,20240205,269,Sponsored Brands,836,4,3.06,12.83
7863,20250320,584,Sponsored Brands,579,7,8.59,47.6
7864,20260224,100,Sponsored Products,841,8,3.37,8.22
7865,20260501,185,Sponsored Products,769,12,21.53,116.78
7866,20250428,242,Sponsored Products,1482,20,11.76,30.58
7867,20231101,63,Sponsored Brands,698,11,6.75,39.44
7868,20250609,700,Sponsored Products,1206,8,5.97,9.15
7869,20250108,519,Sponsored Display,2006,24,33.02,209.11
7870,20240925,531,Sponsored Products,381,7,8.32,14.25
7871,20250831,714,Sponsored Brands,848,12,9.67,52.29
7872,20230427,25,Sponsored Products,545,7,10.11,38.14
7873,20240507,281,Sponsored Brands,3671,31,50.55,328.33
7874,20250718,345,Sponsored Brands,2078,37,35.16,168.98
7875,20260510,81,Sponsored Products,2353,44,23.57,105.53
7876,20260620,108,Sponsored Brands,2790,23,36.31,131.07
7877,20241201,624,Sponsored Products,2162,6,3.43,7.47
7878,20230902,415,Sponsored Brands,1969,21,14.86,39.4
7879,20240427,12,Sponsored Brands,3438,20,25.59,62.83
7880,20230221,788,Sponsored Brands,3090,34,52.65,124.29
7881,20240621,147,Sponsored Display,923,16,22.68,134.95
7882,20230421,368,Sponsored Products,2944,57,66.79,247.64
7883,20241220,444,Sponsored Products,8283,56,93.09,390.43
7884,20230806,82,Sponsored Brands,1342,25,38.81,195.03
7885,20240727,180,Sponsored Brands,1124,17,23.21,120.92
7886,20240819,275,Sponsored Display,2406,43,50.22,95.99
7887,20240507,91,Sponsored Brands,1278,25,31.84,117.11
7888,20240806,511,Sponsored Products,2154,20,11.66,45.2
7889,20250921,539,Sponsored Products,3763,46,32.89,82.78
7890,20250511,731,Sponsored Products,2519,46,68.62,143.55
7891,20250824,302,Sponsored Products,4236,45,54.24,150.96
7892,20250625,112,Sponsored Brands,2235,32,15.6,66.6
7893,20250306,306,Sponsored Display,607,10,11.61,73.73
7894,20240131,599,Sponsored Brands,1694,33,38.69,100.08
7895,20260507,228,Sponsored Display,759,4,4.0,12.71
7896,20230530,614,Sponsored Display,352,2,1.01,5.27
7897,20250327,718,Sponsored Products,777,2,0.94,2.8
7898,20251107,563,Sponsored Display,457,7,11.43,68.69
7899,20240325,446,Sponsored Brands,1175,14,14.07,59.59
7900,20250514,494,Sponsored Display,2556,40,32.51,159.09
7901,20230625,338,Sponsored Brands,878,11,16.56,30.45
7902,20230109,426,Sponsored Products,3348,39,56.8,155.51
7903,20240907,568,Sponsored Brands,1682,8,4.17,14.75
7904,20230227,653,Sponsored Products,2780,9,10.2,25.17
7905,20231011,254,Sponsored Brands,2897,16,14.84,72.2
7906,20240515,206,Sponsored Products,563,7,3.93,23.02
7907,20260204,507,Sponsored Products,2085,40,16.4,36.77
7908,20260212,467,Sponsored Brands,188,0,0.0,0.0
7909,20240627,103,Sponsored Brands,973,7,10.54,37.07
7910,20250306,170,DSP,1409,5,7.24,37.95
7911,20251228,283,DSP,1396,14,22.48,130.46
7912,20230521,248,Sponsored Display,1560,8,12.41,33.09
7913,20250205,560,Sponsored Brands,153,2,1.72,7.61
7914,20260403,644,Sponsored Products,584,4,4.63,16.14
7915,20260327,284,Sponsored Products,164,2,3.47,18.07
7916,20230920,436,Sponsored Products,1288,20,8.98,14.02
7917,20230519,256,Sponsored Brands,2380,15,24.83,151.77
7918,20231001,63,Sponsored Products,1762,6,5.73,16.26
7919,20250116,444,Sponsored Brands,109,0,0.0,0.0
7920,20240827,207,Sponsored Display,777,8,7.52,47.72
7921,20240823,63,Sponsored Brands,648,8,9.27,41.86
7922,20250731,453,Sponsored Products,255,4,4.47,10.08
7923,20230509,287,Sponsored Products,3717,71,115.95,256.92
7924,20230327,666,Sponsored Display,588,2,1.16,3.11
7925,20231025,620,DSP,2787,21,9.22,19.51
7926,20250102,757,Sponsored Products,1289,12,16.6,102.79
7927,20231025,513,Sponsored Brands,2606,15,23.99,83.8
7928,20240114,176,Sponsored Display,1992,36,15.58,53.4
7929,20230222,567,Sponsored Products,1854,27,19.0,43.88
7930,20230413,775,Sponsored Display,1349,10,5.31,10.81
7931,20230116,525,Sponsored Products,798,9,9.45,17.1
7932,20241031,715,Sponsored Brands,1385,17,26.46,107.12
7933,20241118,418,Sponsored Products,2334,44,74.67,320.82
7934,20250910,90,Sponsored Products,824,13,8.35,32.6
7935,20231206,368,Sponsored Products,811,11,13.16,32.09
7936,20251017,765,Sponsored Brands,457,5,5.59,29.63
7937,20260330,782,Sponsored Products,901,6,9.22,47.89
7938,20260424,779,Sponsored Products,2463,19,15.55,85.98
7939,20241021,234,DSP,118,1,1.1,6.94
7940,20240306,504,Sponsored Products,1174,3,2.56,12.49
7941,20240427,628,Sponsored Products,2670,8,13.56,31.93
7942,20230825,366,Sponsored Brands,286,5,8.83,46.88
7943,20251128,69,Sponsored Products,15658,58,33.9,164.22
7944,20250701,562,Sponsored Products,865,7,7.8,43.05
7945,20230223,484,Sponsored Brands,3209,32,37.78,76.65
7946,20240303,4,Sponsored Products,1150,10,6.08,9.16
7947,20250621,483,Sponsored Products,2936,54,35.67,125.02
7948,20230612,328,Sponsored Products,2465,35,52.19,162.31
7949,20240410,407,Sponsored Display,349,3,3.0,15.65
7950,20240310,289,Sponsored Display,1503,27,36.33,83.2
7951,20230926,16,Sponsored Brands,1649,28,14.57,71.84
7952,20260214,280,Sponsored Brands,1746,11,12.03,29.66
7953,20250624,658,Sponsored Display,197,1,1.7,6.22
7954,20260111,250,DSP,729,7,5.74,22.35
7955,20240420,719,Sponsored Display,17,0,0.0,0.0
7956,20231024,223,Sponsored Products,744,6,5.31,27.68
7957,20240810,300,Sponsored Display,2523,50,43.83,117.64
7958,20240309,8,Sponsored Brands,1624,15,11.01,51.7
7959,20241103,71,Sponsored Display,934,4,3.93,18.79
7960,20240128,134,Sponsored Brands,1259,23,32.53,150.55
7961,20251124,749,Sponsored Products,1472,26,20.42,65.43
7962,20230307,92,Sponsored Brands,4369,22,16.63,33.43
7963,20230807,726,Sponsored Brands,2022,21,13.94,23.01
7964,20230911,632,Sponsored Display,2546,38,16.23,99.92
7965,20260429,397,Sponsored Products,791,13,11.71,65.3
7966,20240117,738,DSP,1272,20,16.06,64.3
7967,20241029,477,Sponsored Brands,1793,16,11.53,74.04
7968,20260210,390,DSP,1533,26,19.26,99.68
7969,20250227,800,Sponsored Products,2051,25,42.96,260.66
7970,20260523,224,Sponsored Products,1080,11,16.19,33.06
7971,20240625,188,Sponsored Products,1424,23,36.11,173.04
7972,20241021,686,Sponsored Products,1029,8,3.33,5.69
7973,20240616,494,Sponsored Products,1724,20,30.88,82.27
7974,20230527,527,DSP,1765,32,31.64,177.57
7975,20250707,466,DSP,2011,33,19.21,97.79
7976,20230809,244,Sponsored Products,976,14,15.31,71.16
7977,20250816,429,Sponsored Products,787,13,8.57,42.4
7978,20240831,433,Sponsored Brands,3610,66,83.99,228.61
7979,20240508,787,Sponsored Brands,1260,13,18.92,89.37
7980,20230520,101,Sponsored Brands,903,8,6.78,22.08
7981,20240713,92,Sponsored Products,1414,12,21.14,121.53
7982,20260112,175,Sponsored Products,1077,9,12.14,41.56
7983,20230712,740,Sponsored Products,4802,53,53.2,247.7
7984,20231006,313,Sponsored Products,1227,12,15.96,96.62
7985,20240718,208,DSP,1896,16,26.61,123.78
7986,20240602,97,Sponsored Products,1149,4,6.49,22.06
7987,20260128,463,Sponsored Products,570,9,12.81,29.94
7988,20230625,513,Sponsored Products,899,5,5.77,18.3
7989,20230717,79,Sponsored Products,1235,17,27.91,61.85
7990,20250423,639,Sponsored Products,1371,21,11.85,25.87
7991,20251228,130,Sponsored Products,3424,57,77.22,384.76
7992,20250719,377,Sponsored Products,682,8,13.36,46.99
7993,20250414,546,Sponsored Products,952,6,10.77,16.87
7994,20251228,749,Sponsored Brands,1957,18,14.15,82.68
7995,20250307,650,Sponsored Products,1658,6,5.46,21.37
7996,20231230,600,Sponsored Products,2159,21,9.42,21.31
7997,20231207,207,Sponsored Products,2886,52,60.08,126.67
7998,20231208,421,Sponsored Brands,2441,44,70.66,294.4
7999,20230304,714,DSP,198,1,1.18,5.27
8000,20260130,107,DSP,1023,9,6.19,15.59
8001,20250218,360,Sponsored Products,1319,21,20.89,49.9
8002,20240616,518,Sponsored Products,752,6,6.97,10.74
8003,20240508,685,Sponsored Products,4776,70,95.56,359.54
8004,20260621,57,Sponsored Display,2134,8,13.24,53.1
8005,20231207,431,DSP,592,10,14.13,77.27
8006,20260602,326,Sponsored Products,1185,7,5.69,21.93
8007,20230618,198,Sponsored Products,1121,22,14.7,68.05
8008,20250322,330,DSP,1433,25,13.6,57.96
8009,20250228,372,Sponsored Display,1758,33,17.5,37.28
8010,20250326,170,Sponsored Brands,1928,18,29.09,159.69
8011,20230619,382,Sponsored Brands,1698,19,14.33,82.36
8012,20250406,233,Sponsored Products,1146,8,8.12,16.85
8013,20251207,231,Sponsored Products,5095,52,32.89,74.32
8014,20241201,148,Sponsored Brands,3496,61,77.9,216.26
8015,20260403,761,Sponsored Display,1103,16,14.59,28.92
8016,20240121,590,Sponsored Products,1620,16,15.12,25.93
8017,20240619,281,Sponsored Products,1862,26,25.25,112.11
8018,20250907,346,Sponsored Products,55,0,0.0,0.0
8019,20251214,89,Sponsored Display,1506,9,8.62,13.73
8020,20250324,713,Sponsored Products,926,3,1.94,11.27
8021,20230603,431,Sponsored Brands,1180,22,34.99,71.62
8022,20230203,425,Sponsored Products,1006,14,13.68,86.66
8023,20241125,660,Sponsored Products,7883,81,55.51,270.11
8024,20240403,790,Sponsored Brands,778,7,12.26,24.19
8025,20260604,267,Sponsored Products,1652,13,17.18,42.27
8026,20260421,799,Sponsored Brands,2708,21,23.0,135.81
8027,20250621,124,Sponsored Display,1678,10,6.88,28.99
8028,20240210,333,Sponsored Products,1213,9,9.48,40.92
8029,20260425,1,Sponsored Display,1176,15,25.12,160.81
8030,20250605,438,Sponsored Display,568,7,7.73,20.18
8031,20230201,385,Sponsored Brands,116,0,0.0,0.0
8032,20240616,410,Sponsored Products,2569,28,48.01,181.34
8033,20250504,714,Sponsored Products,748,5,7.82,40.71
8034,20230417,56,Sponsored Display,731,11,7.74,11.8
8035,20250619,370,Sponsored Products,343,1,0.77,4.16
8036,20250601,270,Sponsored Products,3129,41,26.47,129.93
8037,20231208,563,Sponsored Brands,1366,4,2.29,12.36
8038,20230919,343,Sponsored Products,1392,11,7.96,51.7
8039,20230517,549,Sponsored Display,705,13,12.34,76.85
8040,20241117,281,Sponsored Products,1907,34,14.95,42.06
8041,20240105,618,Sponsored Brands,2952,30,41.79,233.92
8042,20231201,275,Sponsored Display,742,5,4.4,11.32
8043,20241201,385,Sponsored Products,2276,32,24.17,68.52
8044,20251004,131,DSP,1173,14,18.61,56.09
8045,20231109,669,Sponsored Products,314,1,0.97,3.85
8046,20260126,635,Sponsored Products,7296,61,89.65,268.21
8047,20260425,264,Sponsored Products,2449,19,9.74,46.47
8048,20231018,386,Sponsored Display,2034,19,23.06,97.91
8049,20240708,789,Sponsored Brands,1417,27,25.95,56.7
8050,20250206,331,Sponsored Products,3013,35,58.62,104.87
8051,20260226,555,Sponsored Products,549,5,6.84,37.81
8052,20250424,684,Sponsored Brands,605,7,4.47,15.14
8053,20260326,578,DSP,3958,66,91.34,522.66
8054,20250522,100,Sponsored Products,645,6,6.36,37.4
8055,20241117,716,Sponsored Display,131,2,2.63,5.67
8056,20240627,564,Sponsored Products,1249,21,13.04,57.25
8057,20250909,219,Sponsored Brands,173,2,2.8,13.76
8058,20240503,597,Sponsored Products,2153,34,29.14,109.36
8059,20251007,316,Sponsored Products,2465,44,60.07,267.79
8060,20250517,135,Sponsored Brands,850,4,6.37,9.97
8061,20250618,513,Sponsored Display,2980,21,27.51,88.62
8062,20230112,512,Sponsored Products,1225,8,4.39,24.5
8063,20250720,730,Sponsored Products,2733,49,70.04,171.36
8064,20240310,781,Sponsored Display,1079,14,22.08,48.14
8065,20231113,790,Sponsored Products,2555,43,56.71,129.74
8066,20240109,228,Sponsored Products,1227,19,21.12,116.44
8067,20231129,547,Sponsored Products,889,5,3.78,12.4
8068,20250508,85,Sponsored Products,2177,33,53.95,203.98
8069,20230107,644,Sponsored Brands,2553,22,16.2,56.07
8070,20231127,141,Sponsored Products,5795,24,14.09,63.35
8071,20251126,96,DSP,252,3,3.11,6.52
8072,20240319,744,Sponsored Products,2596,10,4.61,24.39
8073,20250128,743,Sponsored Brands,506,2,2.06,12.97
8074,20240919,508,Sponsored Products,1079,17,10.77,29.32
8075,20240416,665,Sponsored Brands,2149,24,24.32,119.83
8076,20260427,584,Sponsored Products,1308,11,10.39,38.18
8077,20240720,617,Sponsored Products,2698,41,61.34,114.76
8078,20230104,296,Sponsored Products,1669,11,14.78,69.48
8079,20230805,503,Sponsored Products,1054,16,26.62,80.62
8080,20240722,479,Sponsored Products,790,10,10.91,42.01
8081,20240410,75,Sponsored Products,1805,9,12.42,68.66
8082,20241005,19,DSP,419,3,5.36,19.9
8083,20251210,97,DSP,496,3,3.96,25.15
8084,20250116,240,Sponsored Display,4032,57,54.87,259.14
8085,20250921,788,Sponsored Brands,638,4,3.01,7.58
8086,20240115,352,Sponsored Products,1955,20,13.11,50.13
8087,20240720,463,Sponsored Products,386,3,2.57,14.05
8088,20240626,522,Sponsored Display,216,3,1.48,8.98
8089,20230823,35,Sponsored Brands,5529,58,80.77,264.93
8090,20250719,232,DSP,168,2,2.32,13.15
8091,20230122,750,Sponsored Products,2381,38,16.49,89.88
8092,20230310,521,Sponsored Products,1778,19,8.43,21.79
8093,20250828,616,Sponsored Products,3380,19,32.05,202.36
8094,20230725,552,Sponsored Brands,1475,18,28.81,119.61
8095,20251205,220,Sponsored Products,662,3,4.48,19.31
8096,20260305,787,Sponsored Brands,842,6,10.01,60.89
8097,20251111,292,Sponsored Products,2838,20,8.45,51.25
8098,20250717,252,Sponsored Products,1653,26,15.27,63.05
8099,20230423,254,Sponsored Products,2261,25,34.57,110.7
8100,20230827,569,DSP,963,18,24.6,131.44
8101,20250725,265,Sponsored Brands,1139,16,11.9,65.13
8102,20260102,710,DSP,933,4,3.05,12.02
8103,20250218,157,Sponsored Products,753,3,3.55,7.28
8104,20231013,531,Sponsored Display,2723,23,24.24,45.09
8105,20250909,315,Sponsored Products,2480,21,26.5,44.7
8106,20240130,530,Sponsored Products,523,3,1.84,8.15
8107,20231102,479,Sponsored Products,2329,19,17.15,109.2
8108,20250526,696,Sponsored Brands,2493,39,65.72,373.12
8109,20240507,528,Sponsored Display,541,4,7.13,29.5
8110,20230328,162,Sponsored Display,1629,25,25.95,53.53
8111,20250429,126,Sponsored Products,1473,17,18.77,40.08
8112,20250507,381,Sponsored Products,930,3,1.84,5.47
8113,20250404,528,Sponsored Products,1025,16,12.54,25.49
8114,20231112,317,Sponsored Products,3606,65,55.87,336.25
8115,20260607,683,Sponsored Brands,2380,37,31.05,64.66
8116,20260405,493,Sponsored Products,978,7,6.45,39.36
8117,20230228,477,Sponsored Products,283,1,1.46,4.5
8118,20250308,146,Sponsored Brands,461,7,4.64,16.55
8119,20240306,316,Sponsored Display,2510,15,22.31,44.07
8120,20250418,528,DSP,610,4,3.52,21.08
8121,20240815,618,Sponsored Products,3000,32,32.22,171.38
8122,20240408,456,Sponsored Products,479,3,2.32,13.47
8123,20240728,66,Sponsored Products,2444,30,45.51,71.34
8124,20240206,654,Sponsored Products,549,3,3.57,10.38
8125,20240513,468,Sponsored Products,385,4,5.15,14.89
8126,20250226,168,DSP,1408,9,4.06,26.15
8127,20260523,390,DSP,496,6,7.94,40.04
8128,20231018,263,Sponsored Display,998,19,26.57,111.47
8129,20240112,90,Sponsored Products,1486,24,9.79,30.29
8130,20240805,667,DSP,3621,16,27.33,176.61
8131,20260127,331,Sponsored Brands,1735,7,4.08,11.11
8132,20240909,503,Sponsored Products,3460,37,54.42,182.38
8133,20240524,413,Sponsored Brands,1418,21,20.44,81.48
8134,20230110,189,Sponsored Display,3679,43,21.14,119.35
8135,20240511,741,Sponsored Products,5722,91,57.96,246.92
8136,20250228,2,DSP,1229,7,10.19,57.65
8137,20250622,554,DSP,3235,62,57.34,225.56
8138,20250315,78,Sponsored Products,1787,16,26.16,139.61
8139,20240417,82,Sponsored Products,1895,37,18.58,111.87
8140,20251001,111,Sponsored Products,1258,19,17.69,54.4
8141,20260627,435,Sponsored Brands,4073,39,64.77,351.89
8142,20240721,188,Sponsored Display,727,4,2.33,5.62
8143,20250626,16,Sponsored Display,2350,43,50.41,127.77
8144,20260608,670,DSP,410,7,10.94,28.14
8145,20230504,524,Sponsored Products,1530,28,38.28,151.64
8146,20230811,766,Sponsored Products,357,5,4.42,7.84
8147,20250421,587,Sponsored Products,1874,13,7.09,22.51
8148,20250211,274,Sponsored Brands,953,3,4.69,17.14
8149,20250704,175,DSP,797,5,6.01,24.27
8150,20260102,439,Sponsored Products,283,4,5.46,20.62
8151,20241110,274,Sponsored Display,2237,10,6.46,18.62
8152,20230113,394,Sponsored Display,886,5,3.65,13.36
8153,20241013,525,Sponsored Brands,541,5,2.16,10.7
8154,20260307,354,Sponsored Products,998,18,28.16,62.68
8155,20250323,651,Sponsored Brands,3540,33,52.99,255.76
8156,20230829,787,Sponsored Products,835,7,12.03,75.77
8157,20231012,584,Sponsored Products,1163,3,2.84,15.71
8158,20251012,733,Sponsored Products,1141,4,6.81,20.29
8159,20231125,195,Sponsored Products,497,5,2.68,16.46
8160,20260211,764,Sponsored Products,1075,5,3.16,10.99
8161,20231003,159,Sponsored Products,328,3,3.99,13.83
8162,20240715,746,Sponsored Products,1038,6,5.87,15.67
8163,20260217,578,Sponsored Display,971,8,7.92,47.61
8164,20260602,593,Sponsored Display,2155,19,8.73,41.76
8165,20260504,184,Sponsored Products,2139,21,14.97,45.16
8166,20250731,464,Sponsored Brands,672,7,3.71,18.88
8167,20251218,793,Sponsored Products,3233,63,37.38,238.0
8168,20230903,484,Sponsored Products,2686,38,57.43,317.01
8169,20230824,408,Sponsored Products,519,7,10.77,21.44
8170,20230811,68,Sponsored Products,2222,17,11.02,24.84
8171,20250622,130,Sponsored Display,2616,41,70.91,256.22
8172,20251212,388,Sponsored Brands,2656,8,5.06,21.79
8173,20260302,612,Sponsored Products,190,1,1.44,8.65
8174,20250429,484,Sponsored Brands,468,4,2.61,16.72
8175,20240412,543,Sponsored Brands,1724,23,16.44,97.04
8176,20250304,356,Sponsored Brands,1202,20,32.55,65.0
8177,20231026,235,Sponsored Products,1144,5,7.6,15.24
8178,20250601,578,Sponsored Products,1259,24,30.25,148.72
8179,20230407,69,Sponsored Brands,1135,10,12.33,39.58
8180,20240604,273,Sponsored Products,556,7,5.99,17.34
8181,20250101,392,Sponsored Products,3325,26,19.64,87.02
8182,20240713,356,Sponsored Brands,2586,26,10.95,39.62
8183,20250319,34,Sponsored Products,1933,11,19.25,83.79
8184,20250917,493,Sponsored Products,428,5,7.48,19.91
8185,20260521,386,Sponsored Products,750,4,3.65,20.83
8186,20260306,428,Sponsored Brands,1199,8,13.8,82.65
8187,20230808,9,Sponsored Products,1369,18,18.64,114.36
8188,20260418,721,Sponsored Products,1207,3,2.71,14.31
8189,20230815,789,Sponsored Products,4545,25,42.88,103.93
8190,20230308,418,Sponsored Brands,800,11,4.83,19.71
8191,20240126,717,Sponsored Products,848,9,7.28,35.59
8192,20230108,649,Sponsored Products,1586,30,49.83,183.23
8193,20230710,313,Sponsored Display,787,9,4.84,7.8
8194,20251011,501,Sponsored Products,2357,38,15.56,46.42
8195,20230415,600,DSP,3262,45,50.67,122.78
8196,20230625,532,Sponsored Products,569,7,8.51,50.9
8197,20240721,724,Sponsored Products,3003,15,9.54,18.29
8198,20230117,707,DSP,1420,20,27.26,159.01
8199,20240711,552,Sponsored Products,4177,82,93.97,553.17
8200,20260625,433,Sponsored Products,730,4,5.59,34.04
8201,20230903,111,Sponsored Brands,2333,32,35.51,151.46
8202,20260409,301,Sponsored Products,1606,11,9.01,57.06
8203,20260117,39,Sponsored Products,816,6,4.42,26.15
8204,20230818,625,Sponsored Products,385,3,5.13,30.45
8205,20240207,363,Sponsored Products,2470,36,31.98,149.44
8206,20250408,716,Sponsored Brands,1620,25,32.28,68.33
8207,20250216,726,Sponsored Brands,6902,28,24.14,113.39
8208,20230725,604,Sponsored Products,505,7,6.78,39.99
8209,20250211,277,Sponsored Brands,1186,15,17.02,81.59
8210,20251013,95,Sponsored Brands,290,4,5.14,21.53
8211,20240101,385,DSP,3084,39,31.93,148.98
8212,20240924,310,Sponsored Display,1851,24,29.26,113.97
8213,20250811,655,Sponsored Brands,1895,33,33.23,93.95
8214,20250602,572,Sponsored Products,1581,6,6.12,17.35
8215,20240719,512,Sponsored Display,754,13,18.4,115.07
8216,20241221,464,Sponsored Brands,825,10,11.76,70.59
8217,20251031,402,Sponsored Products,994,15,6.87,10.42
8218,20241016,264,Sponsored Products,1942,32,37.68,207.79
8219,20250324,172,Sponsored Products,1066,12,16.98,38.14
8220,20250721,479,Sponsored Products,6340,89,154.64,730.56
8221,20230104,250,Sponsored Brands,1789,12,12.71,45.31
8222,20260311,182,Sponsored Brands,2022,17,23.11,95.69
8223,20230925,793,Sponsored Brands,1415,10,14.63,27.31
8224,20250524,142,Sponsored Products,842,15,24.44,71.89
8225,20251027,773,Sponsored Products,851,14,18.31,91.01
8226,20230623,638,Sponsored Brands,1882,33,15.27,32.53
8227,20230628,232,Sponsored Brands,4362,15,16.7,47.07
8228,20230825,520,Sponsored Display,2560,48,29.98,185.42
8229,20230902,46,Sponsored Products,702,4,4.69,29.5
8230,20240602,401,Sponsored Products,999,12,6.42,13.8
8231,20230425,366,DSP,944,17,8.9,36.6
8232,20260520,738,Sponsored Products,3520,46,37.72,231.34
8233,20231222,489,Sponsored Brands,2535,31,49.71,100.47
8234,20240120,409,Sponsored Brands,1851,26,39.82,229.6
8235,20250623,690,Sponsored Products,759,10,13.34,64.32
8236,20250411,476,DSP,926,3,3.33,12.46
8237,20250802,441,DSP,954,12,7.96,41.38
8238,20230907,128,Sponsored Display,3993,57,93.55,162.54
8239,20251111,124,Sponsored Brands,1030,8,3.54,10.86
8240,20250405,10,Sponsored Products,1982,6,4.13,10.3
8241,20250403,380,Sponsored Brands,1531,22,21.91,43.91
8242,20250113,199,Sponsored Products,2715,26,17.52,77.33
8243,20230818,263,Sponsored Products,635,2,3.53,7.34
8244,20250515,291,DSP,1563,28,23.71,84.23
8245,20231124,423,Sponsored Display,3416,40,35.22,105.96
8246,20240210,138,Sponsored Display,1312,9,8.76,25.81
8247,20240128,138,Sponsored Brands,3113,55,44.76,276.31
8248,20260217,316,Sponsored Products,2140,23,12.75,46.49
8249,20260112,133,Sponsored Display,1257,18,18.34,70.77
8250,20260408,404,Sponsored Products,1199,22,26.53,94.57
8251,20250104,67,Sponsored Products,900,5,6.65,16.8
8252,20240229,524,Sponsored Products,2369,36,32.9,212.34
8253,20240222,324,Sponsored Products,1056,7,8.35,44.06
8254,20230709,382,Sponsored Products,1593,30,42.18,268.12
8255,20251207,660,Sponsored Products,1631,16,18.22,65.36
8256,20231205,68,DSP,1496,28,24.39,130.4
8257,20241103,647,Sponsored Products,869,14,6.76,10.64
8258,20240518,683,Sponsored Products,2056,32,42.32,68.82
8259,20241203,341,Sponsored Brands,658,12,18.87,53.05
8260,20251204,709,DSP,478,3,2.49,5.06
8261,20260221,460,DSP,4885,16,13.99,23.11
8262,20230228,287,Sponsored Products,1636,18,29.6,65.36
8263,20250903,437,Sponsored Brands,348,5,3.77,10.17
8264,20230205,472,Sponsored Products,566,11,19.44,65.94
8265,20260303,274,Sponsored Products,877,13,7.98,37.73
8266,20250111,370,Sponsored Products,2813,10,9.79,58.56
8267,20250818,386,DSP,2671,28,48.82,141.27
8268,20250604,38,Sponsored Products,1881,22,33.8,164.33
8269,20230114,767,Sponsored Display,2267,44,42.97,264.64
8270,20230517,338,Sponsored Products,1177,8,10.03,22.14
8271,20260426,366,Sponsored Products,5995,29,12.09,51.04
8272,20250103,598,Sponsored Brands,650,5,4.68,18.99
8273,20240219,497,Sponsored Display,1075,19,14.17,55.03
8274,20231029,707,Sponsored Products,1651,31,13.83,38.09
8275,20250817,308,Sponsored Products,692,7,6.99,43.36
8276,20250828,516,Sponsored Products,3972,57,59.29,204.74
8277,20241113,339,Sponsored Products,1401,4,4.26,6.44
8278,20230419,697,Sponsored Products,705,12,10.83,64.47
8279,20260227,118,Sponsored Products,241,1,0.93,4.56
8280,20230614,530,Sponsored Brands,1959,16,17.71,76.63
8281,20250323,779,DSP,1293,19,19.69,127.05
8282,20231017,700,Sponsored Products,1227,11,4.69,10.52
8283,20240414,480,Sponsored Display,2878,19,17.27,58.24
8284,20260120,573,Sponsored Products,1516,13,12.27,73.98
8285,20250119,715,Sponsored Products,1031,14,8.19,27.58
8286,20260527,731,DSP,1980,11,5.55,30.45
8287,20250211,474,Sponsored Products,1632,29,21.76,51.03
8288,20250211,195,Sponsored Display,2033,27,14.75,43.63
8289,20230206,694,Sponsored Products,278,3,2.35,8.31
8290,20260303,333,Sponsored Products,2433,41,34.93,219.88
8291,20240113,457,Sponsored Products,3075,41,57.77,299.02
8292,20251216,94,Sponsored Products,3366,40,31.24,97.77
8293,20250522,499,Sponsored Products,410,7,3.62,22.73
8294,20241125,531,Sponsored Products,1396,18,14.6,50.38
8295,20230810,179,Sponsored Display,1082,21,28.79,94.72
8296,20260617,163,Sponsored Brands,1410,13,20.76,40.99
8297,20240320,300,Sponsored Brands,1205,21,29.82,136.01
8298,20251129,450,Sponsored Display,4702,66,71.99,320.85
8299,20260401,440,Sponsored Products,3167,13,11.15,30.49
8300,20250411,511,Sponsored Brands,1877,19,14.67,78.31
8301,20240325,583,Sponsored Products,488,6,10.15,60.17
8302,20260110,201,Sponsored Brands,1697,17,29.51,170.79
8303,20230607,199,Sponsored Products,1858,7,6.73,29.19
8304,20230301,691,Sponsored Brands,1520,19,10.14,59.4
8305,20250811,332,Sponsored Brands,1058,14,13.32,42.03
8306,20230417,241,Sponsored Products,1548,19,17.98,77.79
8307,20260317,533,Sponsored Products,1295,20,12.93,57.07
8308,20240326,29,Sponsored Products,930,5,2.18,5.72
8309,20260211,611,Sponsored Display,284,2,2.23,6.1
8310,20240718,551,Sponsored Brands,1378,15,16.51,76.19
8311,20230402,220,Sponsored Brands,1184,4,4.66,12.56
8312,20250215,290,Sponsored Products,1006,11,8.15,25.73
8313,20260626,728,Sponsored Products,1061,19,8.18,21.71
8314,20240330,243,Sponsored Products,748,11,5.08,20.24
8315,20230527,615,Sponsored Display,507,7,10.05,56.09
8316,20241108,236,Sponsored Products,1422,18,13.4,38.22
8317,20250707,721,Sponsored Products,1409,4,2.33,9.59
8318,20250103,738,Sponsored Brands,2974,21,28.48,155.77
8319,20230107,207,Sponsored Display,899,15,19.06,88.13
8320,20240629,507,Sponsored Products,2795,22,22.77,124.84
8321,20250203,758,Sponsored Products,345,6,6.54,37.45
8322,20240915,654,Sponsored Products,392,7,5.52,27.38
8323,20240119,139,Sponsored Products,400,7,6.5,27.77
8324,20250406,710,Sponsored Products,3280,55,70.81,287.66
8325,20240929,178,Sponsored Products,3316,59,81.03,235.27
8326,20240503,304,Sponsored Products,1746,17,18.25,95.94
8327,20240826,657,Sponsored Display,2894,20,24.52,149.48
8328,20250720,678,Sponsored Products,512,3,1.26,2.95
8329,20260319,155,DSP,698,6,9.37,51.99
8330,20230304,583,Sponsored Brands,2567,27,14.75,23.89
8331,20240923,578,Sponsored Products,3058,52,60.97,305.54
8332,20230210,315,Sponsored Display,827,12,21.53,74.9
8333,20251202,523,Sponsored Products,1371,15,9.23,56.44
8334,20260113,602,DSP,2603,33,17.77,41.13
8335,20250707,447,Sponsored Display,2002,37,37.84,160.48
8336,20231228,25,Sponsored Products,808,9,10.49,62.16
8337,20231216,120,Sponsored Products,2373,30,45.34,104.9
8338,20250116,597,Sponsored Brands,1666,30,47.64,204.61
8339,20230727,636,Sponsored Products,3231,11,8.07,15.53
8340,20250226,331,Sponsored Products,1066,4,2.79,12.36
8341,20241108,463,Sponsored Brands,2655,17,29.09,122.57
8342,20231230,790,Sponsored Products,552,3,2.29,14.17
8343,20251024,421,Sponsored Products,434,6,7.22,14.12
8344,20250221,782,Sponsored Brands,869,6,6.65,38.93
8345,20230913,617,Sponsored Products,3321,47,42.74,109.97
8346,20230215,648,Sponsored Products,1173,8,8.98,14.51
8347,20241024,627,Sponsored Products,1188,5,6.27,18.77
8348,20250811,696,Sponsored Brands,1668,23,21.73,120.03
8349,20260521,5,Sponsored Products,476,6,5.17,22.48
8350,20240112,712,Sponsored Products,772,13,11.22,54.91
8351,20240511,499,DSP,1546,6,7.06,27.6
8352,20230607,749,DSP,1241,14,7.2,25.65
8353,20230907,748,Sponsored Products,2707,13,7.77,26.19
8354,20250606,477,Sponsored Products,489,6,6.78,11.0
8355,20250619,226,DSP,3144,27,32.17,170.06
8356,20231003,621,Sponsored Products,879,15,23.14,148.05
8357,20250325,480,Sponsored Brands,521,6,3.83,11.93
8358,20240126,19,Sponsored Products,273,4,4.0,20.01
8359,20250803,575,Sponsored Display,1316,6,7.5,11.44
8360,20250818,312,DSP,1460,7,10.81,34.75
8361,20230710,253,Sponsored Display,755,10,12.93,52.25
8362,20231008,776,Sponsored Display,1686,7,5.43,34.12
8363,20231104,54,Sponsored Products,4524,25,16.18,65.84
8364,20240903,36,Sponsored Products,595,9,6.42,25.82
8365,20230408,121,Sponsored Products,962,13,23.3,137.14
8366,20240409,332,Sponsored Display,868,8,5.82,11.65
8367,20240802,774,Sponsored Display,957,15,13.01,34.53
8368,20230807,53,Sponsored Brands,1877,16,9.82,41.2
8369,20241110,60,Sponsored Products,430,2,1.39,6.93
8370,20251205,616,Sponsored Products,200,1,1.59,2.44
8371,20250920,109,Sponsored Products,469,7,7.76,35.45
8372,20240506,446,Sponsored Products,2077,35,25.77,48.52
8373,20250516,338,Sponsored Products,3651,47,21.34,54.74
8374,20240118,761,Sponsored Products,1737,27,39.92,89.12
8375,20241223,167,Sponsored Display,3641,13,15.05,95.93
8376,20230915,400,Sponsored Brands,455,3,2.13,11.19
8377,20230924,31,Sponsored Products,664,12,9.97,60.17
8378,20240602,706,Sponsored Display,1574,5,3.06,8.33
8379,20231218,469,Sponsored Brands,4210,83,74.9,476.92
8380,20230429,455,Sponsored Products,818,15,9.35,54.46
8381,20250106,231,Sponsored Products,1133,11,17.99,90.36
8382,20240106,190,Sponsored Display,3576,20,20.75,44.27
8383,20250612,360,Sponsored Products,812,9,15.4,82.35
8384,20230425,384,Sponsored Products,4977,24,16.97,45.66
8385,20240709,448,Sponsored Products,3029,21,30.69,176.54
8386,20230307,329,Sponsored Products,447,5,4.11,23.11
8387,20260214,304,Sponsored Products,439,6,5.79,16.65
8388,20230123,668,Sponsored Products,2291,35,62.12,146.84
8389,20250518,141,Sponsored Products,2189,33,43.67,111.07
8390,20240721,754,Sponsored Products,1365,18,24.54,82.3
8391,20240122,724,Sponsored Products,951,9,4.38,24.8
8392,20240514,355,Sponsored Brands,2415,39,27.49,65.83
8393,20231222,53,Sponsored Brands,8003,64,113.79,436.04
8394,20241223,280,Sponsored Display,4619,23,28.65,110.1
8395,20260505,133,Sponsored Products,2896,20,14.66,47.93
8396,20230215,748,Sponsored Products,6511,34,16.66,74.07
8397,20260619,365,DSP,1241,14,9.66,55.24
8398,20240823,51,Sponsored Brands,420,7,4.7,19.37
8399,20250718,391,Sponsored Products,1032,11,18.13,79.18
8400,20230622,578,Sponsored Products,931,8,11.9,35.4
8401,20230715,572,Sponsored Brands,735,5,8.94,25.62
8402,20250202,563,Sponsored Products,1665,26,30.95,85.24
8403,20231016,645,Sponsored Products,1045,15,9.01,55.18
8404,20240310,254,Sponsored Products,2812,26,33.28,168.68
8405,20230518,197,Sponsored Products,1460,9,12.5,68.93
8406,20230906,294,Sponsored Products,2819,41,28.53,123.92
8407,20260106,36,DSP,2445,8,12.05,54.78
8408,20230906,608,Sponsored Brands,1479,9,14.7,83.92
8409,20240331,625,Sponsored Display,1060,17,17.78,90.92
8410,20230601,656,Sponsored Brands,667,11,16.48,106.15
8411,20240921,364,Sponsored Products,1384,12,19.36,105.58
8412,20251210,646,Sponsored Products,938,11,18.23,78.79
8413,20250820,400,DSP,2735,22,31.57,93.86
8414,20260612,474,Sponsored Brands,168,2,3.16,14.33
8415,20230711,20,Sponsored Brands,10908,101,97.63,221.65
8416,20250922,383,Sponsored Products,2955,11,10.7,58.34
8417,20241229,713,DSP,960,14,17.17,28.13
8418,20240815,523,Sponsored Brands,1700,13,22.48,138.94
8419,20251013,237,Sponsored Brands,642,4,6.36,37.39
8420,20240121,16,Sponsored Products,1381,19,31.73,148.08
8421,20260412,453,Sponsored Brands,390,6,5.66,14.65
8422,20230513,362,Sponsored Products,3542,66,71.94,216.59
8423,20260504,646,Sponsored Brands,689,13,9.08,49.04
8424,20250511,430,Sponsored Products,682,13,7.64,36.32
8425,20231112,623,Sponsored Display,2869,48,44.76,232.13
8426,20260615,440,Sponsored Products,1807,35,14.13,90.58
8427,20230520,601,Sponsored Brands,5356,89,56.44,220.28
8428,20230311,311,Sponsored Brands,346,4,4.44,18.28
8429,20240311,764,Sponsored Products,301,5,4.64,13.57
8430,20240909,66,Sponsored Products,2580,16,16.77,106.63
8431,20230722,79,Sponsored Display,1564,26,31.33,162.29
8432,20260206,522,Sponsored Products,1864,21,14.08,40.24
8433,20241005,767,Sponsored Products,471,8,8.04,51.66
8434,20230101,42,Sponsored Products,1331,4,2.57,6.57
8435,20250731,213,Sponsored Brands,1557,7,6.89,23.19
8436,20231128,491,Sponsored Products,1877,9,10.44,42.88
8437,20250531,23,Sponsored Products,471,9,15.97,27.91
8438,20230904,325,Sponsored Products,2419,12,9.95,20.02
8439,20230720,151,DSP,1674,17,21.6,106.62
8440,20241004,35,Sponsored Products,4655,65,79.49,277.33
8441,20230124,391,Sponsored Products,954,15,11.37,44.59
8442,20230913,128,Sponsored Brands,3265,46,78.41,162.32
8443,20241103,226,Sponsored Products,1160,20,18.47,33.37
8444,20240628,105,Sponsored Products,2431,30,24.46,75.43
8445,20240501,224,Sponsored Products,1188,17,20.38,91.87
8446,20230921,307,Sponsored Products,1782,11,15.34,50.28
8447,20240813,262,Sponsored Products,699,6,3.69,17.94
8448,20260212,730,Sponsored Display,878,5,2.65,10.61
8449,20260306,417,Sponsored Display,778,3,2.97,9.1
8450,20240509,133,Sponsored Products,1338,26,35.11,126.86
8451,20240421,593,Sponsored Products,1064,3,4.09,20.07
8452,20241111,762,Sponsored Brands,408,2,2.13,13.06
8453,20250429,778,Sponsored Display,1719,11,19.79,116.01
8454,20230216,56,Sponsored Display,3029,13,20.33,37.74
8455,20250901,97,Sponsored Products,1430,28,20.28,30.73
8456,20230427,120,Sponsored Products,1184,3,5.07,31.95
8457,20240430,767,Sponsored Brands,1945,36,48.96,290.9
8458,20240719,153,Sponsored Brands,933,11,7.08,30.81
8459,20250422,498,Sponsored Products,617,6,3.95,21.81
8460,20230604,109,Sponsored Products,1379,10,13.85,68.16
8461,20240127,60,Sponsored Display,3208,36,32.73,197.15
8462,20230111,236,Sponsored Display,2869,37,49.59,82.01
8463,20260621,649,Sponsored Products,1086,10,15.18,82.29
8464,20250416,68,Sponsored Products,4174,64,49.13,132.56
8465,20231118,268,Sponsored Brands,3749,70,57.06,275.87
8466,20241101,640,Sponsored Products,783,5,4.04,16.01
8467,20250912,521,DSP,536,8,14.29,38.12
8468,20230516,145,Sponsored Products,1574,15,8.62,43.46
8469,20250223,249,Sponsored Products,2231,44,35.13,89.03
8470,20260518,66,Sponsored Brands,1026,11,19.77,67.49
8471,20260530,53,Sponsored Brands,1128,12,13.78,40.12
8472,20260322,87,Sponsored Products,3110,50,28.31,120.66
8473,20250927,165,DSP,1841,31,17.4,81.47
8474,20250402,481,Sponsored Brands,93,0,0.0,0.0
8475,20260120,691,Sponsored Display,1002,9,14.33,28.38
8476,20251212,696,Sponsored Products,1508,7,12.14,54.48
8477,20250105,413,Sponsored Brands,774,4,5.83,17.98
8478,20230223,533,DSP,3224,47,77.14,120.32
8479,20230520,438,DSP,1403,10,13.41,21.68
8480,20240524,48,Sponsored Brands,1172,5,2.41,4.18
8481,20240929,454,Sponsored Products,932,3,1.69,6.23
8482,20251220,280,Sponsored Brands,2915,11,9.03,53.52
8483,20250507,638,Sponsored Brands,446,8,7.89,42.62
8484,20250824,592,Sponsored Products,635,6,9.93,48.16
8485,20230210,581,Sponsored Products,1262,20,22.82,60.67
8486,20231204,301,Sponsored Brands,495,8,13.37,54.57
8487,20240609,629,Sponsored Display,1725,6,4.79,8.91
8488,20240415,389,Sponsored Brands,353,5,3.43,11.3
8489,20230814,787,Sponsored Products,928,11,19.23,72.6
8490,20230620,612,Sponsored Products,566,8,4.09,14.26
8491,20250209,456,Sponsored Brands,3173,26,13.27,64.44
8492,20250910,463,Sponsored Display,2092,17,11.87,43.72
8493,20240901,127,Sponsored Brands,2666,26,18.83,92.16
8494,20230427,116,Sponsored Brands,1406,8,7.19,29.73
8495,20231201,384,Sponsored Products,1018,14,8.82,25.78
8496,20240423,410,DSP,2870,12,7.2,22.42
8497,20250713,599,Sponsored Display,1577,20,12.79,28.97
8498,20231025,321,Sponsored Products,739,5,4.3,17.14
8499,20230714,346,Sponsored Brands,1778,14,14.95,77.4
8500,20230623,786,Sponsored Brands,1549,8,12.66,29.4
8501,20240714,318,Sponsored Brands,3398,19,33.25,82.22
8502,20231011,127,DSP,1059,5,4.83,25.62
8503,20240826,633,Sponsored Products,1096,20,14.94,61.8
8504,20240920,656,Sponsored Brands,2033,36,40.79,125.95
8505,20240920,464,Sponsored Products,751,11,5.68,33.37
8506,20230418,783,Sponsored Brands,670,4,2.95,6.31
8507,20240211,726,Sponsored Products,2159,37,41.12,246.0
8508,20230614,54,Sponsored Brands,1070,13,6.34,21.92
8509,20250122,494,Sponsored Products,714,12,11.42,25.96
8510,20230616,59,Sponsored Display,3113,17,30.27,119.9
8511,20260527,564,Sponsored Brands,2628,29,18.8,74.98
8512,20250508,531,Sponsored Products,1588,11,12.58,43.58
8513,20260610,134,Sponsored Products,1318,18,10.5,44.97
8514,20260208,391,Sponsored Brands,1016,16,15.37,55.75
8515,20240123,630,DSP,898,15,6.97,16.76
8516,20250818,271,Sponsored Products,1185,9,15.51,48.79
8517,20250620,777,Sponsored Brands,1111,14,7.59,19.73
8518,20230819,558,Sponsored Brands,1151,7,2.89,16.27
8519,20250316,254,Sponsored Products,2538,29,27.35,104.35
8520,20240308,343,Sponsored Products,1205,3,1.74,8.25
8521,20230831,59,Sponsored Products,1997,12,19.7,77.11
8522,20260524,742,Sponsored Brands,314,3,4.04,21.3
8523,20230602,501,Sponsored Products,1901,29,41.4,68.37
8524,20230827,592,Sponsored Brands,1122,16,6.93,33.89
8525,20251123,85,Sponsored Products,1550,21,22.37,142.04
8526,20240306,71,Sponsored Brands,1162,3,4.17,10.55
8527,20230123,232,Sponsored Brands,1460,4,5.96,32.58
8528,20240816,97,Sponsored Products,1213,6,8.29,31.38
8529,20230308,744,Sponsored Products,1197,17,17.64,108.47
8530,20230210,123,Sponsored Products,1062,11,19.55,93.97
8531,20250321,675,Sponsored Products,449,1,0.9,3.9
8532,20250628,196,Sponsored Display,2659,32,25.55,95.37
8533,20231109,13,DSP,2321,26,37.58,160.04
8534,20260527,577,Sponsored Products,1633,31,34.29,153.1
8535,20250329,573,Sponsored Brands,4944,89,75.71,446.34
8536,20260422,514,Sponsored Brands,2163,39,29.64,97.59
8537,20251001,469,Sponsored Brands,1253,12,13.84,59.63
8538,20230322,675,Sponsored Brands,3116,20,24.03,67.9
8539,20240825,500,Sponsored Products,1056,8,11.09,55.86
8540,20240403,85,Sponsored Brands,978,15,7.6,11.49
8541,20231129,539,Sponsored Products,4844,93,61.8,161.77
8542,20260112,432,Sponsored Products,1793,9,10.41,15.77
8543,20260616,728,Sponsored Brands,72,1,1.07,3.01
8544,20230626,554,Sponsored Products,1249,6,4.53,15.34
8545,20230101,183,Sponsored Brands,1063,12,14.85,93.25
8546,20250818,377,Sponsored Products,1233,12,16.24,104.32
8547,20250603,435,Sponsored Display,1316,13,11.15,28.76
8548,20260103,366,Sponsored Products,176,1,1.11,4.15
8549,20251217,631,Sponsored Products,6422,103,173.83,632.83
8550,20240914,45,Sponsored Brands,2509,47,46.51,85.5
8551,20230607,502,DSP,746,9,14.29,50.87
8552,20241122,185,Sponsored Products,2469,20,22.47,102.66
8553,20230603,123,Sponsored Display,3820,35,21.86,91.15
8554,20230626,232,Sponsored Display,350,6,9.19,23.41
8555,20250905,49,Sponsored Products,3712,44,20.38,113.7
8556,20260306,366,Sponsored Products,67,0,0.0,0.0
8557,20240614,345,Sponsored Display,986,8,5.57,34.25
8558,20241030,507,Sponsored Display,2180,30,51.88,121.52
8559,20231221,153,Sponsored Products,6764,61,108.74,673.32
8560,20240903,331,Sponsored Brands,879,15,8.69,16.22
8561,20240526,240,Sponsored Products,2436,21,9.99,27.03
8562,20230312,107,Sponsored Products,2979,29,23.58,75.21
8563,20241015,119,DSP,3824,63,105.72,632.51
8564,20230703,226,Sponsored Brands,2087,9,14.12,85.03
8565,20251128,108,Sponsored Display,7619,144,205.6,656.49
8566,20240122,739,Sponsored Brands,265,4,3.12,6.35
8567,20250304,257,Sponsored Products,757,14,12.0,30.36
8568,20250714,252,Sponsored Products,4710,60,40.9,147.55
8569,20230401,228,Sponsored Brands,1686,33,31.53,55.21
8570,20231017,4,Sponsored Products,1123,9,5.0,10.69
8571,20240601,764,Sponsored Products,3461,35,22.23,115.26
8572,20240810,501,Sponsored Products,3996,19,32.63,80.59
8573,20260306,313,Sponsored Display,774,14,11.27,62.4
8574,20240214,151,Sponsored Display,3906,58,32.33,139.56
8575,20240107,257,Sponsored Display,2557,41,72.11,360.53
8576,20240425,390,Sponsored Products,637,7,9.13,23.44
8577,20231107,387,DSP,1755,13,8.7,41.28
8578,20260331,748,Sponsored Products,790,10,15.17,49.78
8579,20260322,407,Sponsored Display,1321,7,11.97,31.9
8580,20240223,728,Sponsored Products,6023,49,46.91,81.91
8581,20250911,394,Sponsored Display,1892,24,10.64,37.96
8582,20241001,360,Sponsored Products,1093,12,8.09,43.99
8583,20250828,532,DSP,1308,19,16.15,85.31
8584,20230201,434,Sponsored Products,1358,12,17.07,105.13
8585,20240220,278,DSP,1780,33,46.99,159.1
8586,20260606,284,Sponsored Products,1549,10,13.96,41.2
8587,20250428,183,Sponsored Brands,1546,22,38.22,137.98
8588,20230424,60,Sponsored Products,2687,11,13.16,36.72
8589,20260602,84,Sponsored Products,822,8,5.36,9.0
8590,20260623,778,Sponsored Products,1055,19,14.15,37.72
8591,20230428,648,Sponsored Products,815,13,11.16,54.99
8592,20240330,537,Sponsored Products,1799,19,12.98,80.03
8593,20230903,427,Sponsored Brands,1994,37,30.2,113.27
8594,20230209,286,Sponsored Products,663,10,7.55,26.57
8595,20231013,765,Sponsored Products,56,0,0.0,0.0
8596,20251116,130,Sponsored Products,2260,30,52.8,105.95
8597,20260223,740,Sponsored Display,1328,17,26.16,152.71
8598,20260606,220,DSP,722,12,17.63,43.42
8599,20231029,292,Sponsored Products,1119,6,8.64,18.06
8600,20230118,740,Sponsored Brands,5313,39,43.47,184.33
8601,20260405,287,Sponsored Products,1483,26,30.86,118.96
8602,20260510,167,Sponsored Brands,1289,20,17.14,39.9
8603,20240225,479,Sponsored Products,2762,16,23.13,140.31
8604,20240815,14,Sponsored Products,1555,4,2.88,11.11
8605,20250927,754,Sponsored Products,1000,19,24.51,91.24
8606,20260110,538,Sponsored Products,2520,36,47.8,163.62
8607,20240809,232,Sponsored Brands,190,1,0.7,3.18
8608,20260502,542,Sponsored Products,1001,3,4.38,25.02
8609,20251208,526,Sponsored Products,1943,17,8.39,41.2
8610,20260512,258,Sponsored Products,5277,37,66.48,107.39
8611,20250101,672,Sponsored Display,1212,15,8.72,29.34
8612,20250712,38,Sponsored Products,4297,84,42.01,229.81
8613,20250524,278,Sponsored Products,972,8,10.62,29.63
8614,20241130,50,Sponsored Brands,4810,91,133.07,725.01
8615,20230702,364,Sponsored Display,1931,23,18.01,113.9
8616,20260327,387,Sponsored Brands,523,6,6.04,25.31
8617,20240612,772,Sponsored Products,2872,27,41.01,223.12
8618,20231011,445,Sponsored Products,252,4,3.09,18.36
8619,20260104,29,DSP,2336,35,43.53,186.78
8620,20230114,391,Sponsored Products,865,14,24.93,53.37
8621,20250809,175,Sponsored Products,4807,25,27.41,167.81
8622,20240620,614,Sponsored Brands,3890,59,46.54,230.83
8623,20260412,351,Sponsored Brands,1670,25,27.2,58.73
8624,20250123,201,Sponsored Display,783,8,4.6,11.13
8625,20250402,290,Sponsored Brands,503,7,6.36,35.89
8626,20240202,384,Sponsored Brands,3226,18,30.92,194.15
8627,20250317,141,Sponsored Products,1897,13,13.65,27.51
8628,20241231,349,Sponsored Products,4246,69,62.85,194.09
8629,20240202,614,Sponsored Brands,1399,9,9.91,42.74
8630,20241223,766,Sponsored Products,2095,7,7.43,19.58
8631,20260628,735,Sponsored Display,705,11,17.1,27.69
8632,20231224,257,Sponsored Display,1770,11,12.15,71.57
8633,20240929,191,Sponsored Display,1029,13,15.9,56.85
8634,20250622,280,Sponsored Products,626,4,5.97,27.68
8635,20230408,108,Sponsored Brands,866,11,15.59,26.79
8636,20230430,384,Sponsored Brands,1960,12,10.64,24.79
8637,20260217,686,Sponsored Brands,2002,14,24.73,128.26
8638,20241029,105,Sponsored Products,815,6,4.34,21.06
8639,20231117,654,Sponsored Brands,3405,45,25.74,90.38
8640,20240413,384,Sponsored Products,968,4,7.18,33.09
8641,20231017,569,Sponsored Brands,1169,21,35.6,54.48
8642,20250421,268,Sponsored Products,3444,20,22.03,46.61
8643,20250724,423,Sponsored Products,4706,40,52.46,255.87
8644,20260521,669,Sponsored Brands,1659,13,14.51,53.33
8645,20250120,532,Sponsored Products,1791,32,32.83,164.84
8646,20250428,607,Sponsored Brands,2029,10,5.68,34.29
8647,20251230,483,DSP,588,6,3.22,19.44
8648,20240421,795,Sponsored Brands,2492,21,37.08,88.67
8649,20230428,177,Sponsored Products,604,7,6.31,20.06
8650,20260111,325,Sponsored Products,2009,17,13.62,46.46
8651,20251201,115,Sponsored Products,2286,37,27.42,43.37
8652,20260622,52,Sponsored Display,886,15,25.72,66.13
8653,20240707,209,Sponsored Products,2296,16,9.58,29.62
8654,20230523,274,Sponsored Products,3594,43,55.75,314.55
8655,20240929,375,Sponsored Products,2107,34,29.59,93.11
8656,20231206,625,Sponsored Brands,2340,7,4.34,9.1
8657,20231004,762,Sponsored Brands,861,11,15.89,46.82
8658,20250214,295,Sponsored Products,977,11,4.45,9.94
8659,20250904,683,Sponsored Display,502,8,10.53,33.81
8660,20251021,594,Sponsored Brands,1111,18,29.34,67.09
8661,20240330,547,DSP,2379,25,14.17,37.31
8662,20250822,709,DSP,989,18,21.2,75.62
8663,20250908,445,Sponsored Products,1956,7,3.82,17.08
8664,20230925,738,DSP,559,6,3.11,18.53
8665,20240626,63,Sponsored Products,4069,32,30.07,95.43
8666,20260303,37,Sponsored Display,1669,16,23.72,59.49
8667,20250702,539,Sponsored Products,776,5,6.85,29.21
8668,20240910,318,Sponsored Products,629,5,7.94,20.75
8669,20230905,143,Sponsored Products,2592,47,59.29,316.94
8670,20250131,67,Sponsored Brands,1396,16,8.77,21.5
8671,20230716,540,Sponsored Display,1177,12,16.49,42.72
8672,20240312,83,Sponsored Products,2160,19,22.82,108.28
8673,20231214,348,Sponsored Products,463,5,4.57,20.97
8674,20240416,704,Sponsored Display,2757,41,50.52,235.18
8675,20240624,765,Sponsored Brands,1274,8,6.1,19.28
8676,20231229,130,Sponsored Products,1161,6,9.77,58.45
8677,20250717,547,Sponsored Products,2237,16,19.35,103.76
8678,20241001,379,DSP,1193,21,30.65,147.48
8679,20250201,180,DSP,1214,15,11.53,23.95
8680,20251208,776,DSP,345,4,3.22,8.91
8681,20230730,458,Sponsored Products,2310,31,28.12,59.39
8682,20240717,424,Sponsored Products,1827,18,14.14,49.52
8683,20260406,556,Sponsored Products,1478,24,33.14,97.56
8684,20260528,669,Sponsored Brands,2278,39,47.12,179.79
8685,20250517,746,Sponsored Products,3171,16,15.28,79.37
8686,20240615,364,Sponsored Products,2231,8,9.66,32.84
8687,20240922,635,Sponsored Products,1180,5,3.27,17.15
8688,20241115,607,Sponsored Products,957,11,4.47,12.7
8689,20250419,130,Sponsored Brands,1627,18,9.18,42.36
8690,20230329,103,Sponsored Products,1767,19,26.29,48.15
8691,20240919,185,Sponsored Products,1149,17,18.06,58.2
8692,20260624,483,Sponsored Products,2213,32,28.01,136.07
8693,20241205,313,Sponsored Display,123,0,0.0,0.0
8694,20260625,75,Sponsored Products,1392,7,12.14,45.32
8695,20250804,522,Sponsored Products,2602,35,49.74,102.09
8696,20230608,634,Sponsored Products,1328,15,6.93,18.26
8697,20260312,506,Sponsored Products,880,8,12.43,78.97
8698,20240526,209,Sponsored Products,386,2,2.63,11.96
8699,20240701,689,Sponsored Products,1540,12,13.98,59.42
8700,20240716,601,Sponsored Display,329,2,1.14,5.98
8701,20250805,48,Sponsored Display,1172,22,30.64,98.39
8702,20251207,288,DSP,2086,8,8.79,38.64
8703,20260103,139,Sponsored Brands,1602,12,17.79,39.27
8704,20240219,288,Sponsored Products,3906,71,106.76,373.84
8705,20230330,460,DSP,151,0,0.0,0.0
8706,20250106,132,Sponsored Products,1635,31,30.96,192.78
8707,20240107,547,Sponsored Brands,1921,16,7.11,27.94
8708,20230611,30,Sponsored Products,2214,14,14.42,82.94
8709,20230308,360,Sponsored Display,409,3,4.3,23.88
8710,20260105,445,Sponsored Products,2138,19,18.81,84.14
8711,20231222,252,Sponsored Display,2482,27,24.95,102.37
8712,20250831,573,Sponsored Products,1378,25,19.1,32.58
8713,20260513,60,Sponsored Products,5167,28,46.74,202.39
8714,20250414,118,Sponsored Display,1189,10,6.77,13.09
8715,20251204,366,Sponsored Products,2911,36,29.36,125.86
8716,20240607,604,Sponsored Products,1785,17,13.38,61.71
8717,20230907,369,Sponsored Brands,2369,31,12.68,24.06
8718,20250110,173,Sponsored Brands,927,6,4.32,12.22
8719,20250607,242,Sponsored Display,894,7,6.97,19.77
8720,20260310,689,Sponsored Products,609,10,14.74,37.17
8721,20240413,237,DSP,1976,22,25.12,80.52
8722,20230412,223,Sponsored Display,1057,13,13.67,28.8
8723,20250217,246,Sponsored Brands,2193,36,16.0,86.64
8724,20260311,517,Sponsored Brands,1759,9,5.61,19.7
8725,20250214,20,Sponsored Products,1474,20,8.18,18.2
8726,20250515,650,Sponsored Products,154,0,0.0,0.0
8727,20250823,293,Sponsored Brands,1955,15,13.69,71.98
8728,20230113,776,Sponsored Display,1932,18,21.45,66.5
8729,20230911,62,Sponsored Products,332,1,0.52,1.56
8730,20250113,6,Sponsored Products,2106,37,41.49,135.06
8731,20250131,158,Sponsored Products,1254,17,7.68,45.65
8732,20250528,147,Sponsored Display,446,4,3.26,19.69
8733,20260124,552,Sponsored Display,1556,10,16.72,42.63
8734,20230211,19,Sponsored Brands,1295,23,35.66,118.01
8735,20260331,222,Sponsored Brands,446,5,8.28,31.5
8736,20250905,424,Sponsored Products,2702,31,18.04,78.7
8737,20240212,263,Sponsored Brands,2879,40,37.94,59.25
8738,20260116,545,Sponsored Display,1904,35,31.04,175.08
8739,20250122,4,Sponsored Brands,2148,28,31.82,90.23
8740,20250603,120,DSP,505,2,2.39,9.0
8741,20230331,380,Sponsored Brands,2395,17,14.06,59.8
8742,20250531,619,Sponsored Display,1357,26,39.57,106.72
8743,20240428,611,Sponsored Products,1819,13,9.26,24.2
8744,20230722,163,DSP,2065,39,17.96,89.89
8745,20251229,540,Sponsored Products,2152,17,7.84,47.36
8746,20250411,362,Sponsored Products,407,6,3.73,11.5
8747,20240701,355,Sponsored Products,3184,45,73.3,275.66
8748,20250914,663,Sponsored Brands,1721,27,48.16,176.62
8749,20240708,733,Sponsored Brands,2683,29,22.09,45.9
8750,20240504,499,Sponsored Products,1032,14,18.23,104.27
8751,20230506,472,Sponsored Display,3186,55,22.23,136.18
8752,20231117,255,DSP,704,7,8.95,41.43
8753,20231105,384,Sponsored Products,1741,26,36.07,76.66
8754,20241106,237,Sponsored Products,1243,4,6.97,30.58
8755,20240205,97,Sponsored Display,1472,27,44.28,239.68
8756,20240806,31,Sponsored Products,812,9,15.27,65.97
8757,20240413,493,Sponsored Brands,1419,26,19.44,84.1
8758,20231018,17,Sponsored Brands,2202,24,13.59,27.82
8759,20241029,655,Sponsored Products,835,8,3.78,5.97
8760,20250115,21,Sponsored Brands,2353,37,37.74,72.34
8761,20241116,464,Sponsored Display,1145,17,8.03,50.61
8762,20251012,698,Sponsored Brands,1760,23,30.29,54.56
8763,20230105,547,Sponsored Products,4827,38,15.93,46.69
8764,20250212,556,Sponsored Products,1069,20,22.2,119.58
8765,20230430,208,Sponsored Brands,721,12,13.18,63.31
8766,20230403,362,Sponsored Products,1805,6,8.85,18.75
8767,20231204,597,Sponsored Brands,1249,17,30.55,71.19
8768,20230323,724,Sponsored Products,1556,8,13.97,88.07
8769,20230707,194,Sponsored Products,1493,18,10.11,51.58
8770,20250130,764,Sponsored Products,729,2,2.36,6.32
8771,20250730,781,Sponsored Products,1547,9,5.95,12.33
8772,20240819,318,Sponsored Brands,735,3,3.64,7.13
8773,20230425,232,Sponsored Brands,1564,16,8.15,21.82
8774,20240520,333,DSP,2126,10,7.3,22.39
8775,20260424,531,DSP,729,5,4.67,30.23
8776,20250524,505,Sponsored Display,7175,57,43.89,85.19
8777,20230413,244,DSP,2483,32,22.59,110.49
8778,20230706,785,Sponsored Products,531,1,0.84,5.07
8779,20251228,317,Sponsored Products,584,4,5.85,34.1
8780,20240528,336,Sponsored Products,2093,37,64.6,284.35
8781,20231126,564,Sponsored Brands,4209,83,52.07,181.23
8782,20241006,606,Sponsored Products,395,5,6.14,28.74
8783,20231015,272,Sponsored Brands,1759,20,9.42,46.12
8784,20230125,41,Sponsored Products,2032,39,47.98,165.56
8785,20240222,645,DSP,277,1,1.54,9.59
8786,20240802,556,Sponsored Brands,1018,19,21.6,67.81
8787,20240830,148,Sponsored Products,1788,30,14.58,51.16
8788,20250907,128,Sponsored Products,2971,24,13.69,47.84
8789,20240710,104,Sponsored Brands,568,4,6.18,31.78
8790,20250219,787,Sponsored Products,578,5,2.42,9.84
8791,20230425,695,Sponsored Products,663,4,4.61,18.61
8792,20260604,486,Sponsored Display,885,15,16.3,66.24
8793,20251130,201,Sponsored Brands,4371,80,96.75,565.12
8794,20260526,130,DSP,884,2,2.62,7.68
8795,20241222,390,Sponsored Brands,3617,53,71.51,297.46
8796,20251112,5,Sponsored Products,311,1,1.4,5.89
8797,20230826,153,Sponsored Brands,1465,21,15.26,46.71
8798,20260621,427,Sponsored Display,289,2,3.52,10.11
8799,20250406,629,DSP,4779,38,21.42,82.24
8800,20231029,800,Sponsored Products,2805,20,23.91,94.33
8801,20251224,127,Sponsored Products,2986,56,35.39,218.69
8802,20250403,445,Sponsored Products,2691,28,35.82,142.66
8803,20240203,256,Sponsored Products,1024,7,4.71,14.98
8804,20240812,8,Sponsored Brands,1700,17,29.41,154.77
8805,20250629,157,Sponsored Brands,1611,11,9.93,22.95
8806,20250113,400,Sponsored Products,2582,19,9.63,16.2
8807,20251206,686,Sponsored Products,1315,9,9.26,54.47
8808,20250403,66,Sponsored Brands,88,1,0.82,2.92
8809,20250217,525,Sponsored Brands,2416,21,36.48,115.16
8810,20230707,699,Sponsored Products,1794,23,30.44,48.62
8811,20241103,491,Sponsored Display,1931,18,21.06,129.14
8812,20260623,445,Sponsored Brands,397,5,2.34,10.76
8813,20240926,331,Sponsored Display,3793,52,30.05,113.67
8814,20240806,419,Sponsored Products,1451,11,6.04,37.09
8815,20240530,294,Sponsored Products,1781,27,26.26,111.18
8816,20251114,25,Sponsored Products,297,3,4.01,22.11
8817,20250929,772,Sponsored Display,1391,5,3.56,6.32
8818,20250918,54,Sponsored Brands,323,4,2.49,10.5
8819,20230510,93,Sponsored Products,3445,24,40.31,132.98
8820,20230404,385,Sponsored Products,2497,25,18.93,53.33
8821,20260410,400,Sponsored Display,1976,34,55.39,293.61
8822,20260127,163,Sponsored Products,1451,25,40.57,119.78
8823,20241208,393,Sponsored Products,1353,19,26.54,108.07
8824,20241001,787,Sponsored Products,1469,6,7.45,36.27
8825,20251107,81,DSP,1028,13,23.05,53.32
8826,20250430,331,Sponsored Products,3512,64,85.81,325.62
8827,20231226,659,Sponsored Products,6321,104,67.37,262.2
8828,20250725,135,Sponsored Products,1083,6,4.9,7.43
8829,20231107,363,Sponsored Products,1925,15,19.79,111.42
8830,20260505,26,Sponsored Products,1272,18,10.7,46.8
8831,20230903,637,Sponsored Display,1160,22,25.25,152.04
8832,20241208,274,Sponsored Products,1258,5,3.9,7.47
8833,20260421,4,Sponsored Brands,883,7,9.8,30.06
8834,20240304,234,Sponsored Products,1756,29,28.67,54.34
8835,20240715,392,Sponsored Products,1080,8,5.93,23.2
8836,20250911,123,Sponsored Brands,3581,31,42.51,166.87
8837,20251008,12,Sponsored Products,755,12,21.13,127.65
8838,20260223,17,DSP,2053,7,11.74,33.25
8839,20240613,654,DSP,999,10,10.34,62.34
8840,20250725,574,Sponsored Products,272,3,3.11,13.1
8841,20240828,10,Sponsored Display,43,0,0.0,0.0
8842,20260404,727,Sponsored Brands,2206,43,28.26,170.39
8843,20250731,337,Sponsored Display,1257,9,6.94,10.93
8844,20250619,68,Sponsored Products,321,4,7.05,28.86
8845,20250602,97,Sponsored Display,1976,11,7.71,17.91
8846,20250803,206,DSP,758,11,9.72,59.42
8847,20250219,237,Sponsored Brands,657,8,3.85,23.13
8848,20250708,7,DSP,1552,20,31.36,68.35
8849,20250413,798,Sponsored Products,906,7,9.3,14.53
8850,20240915,468,Sponsored Products,474,2,2.92,15.09
8851,20230207,765,Sponsored Products,1969,13,10.36,34.51
8852,20230112,132,Sponsored Products,5258,17,8.13,45.65
8853,20230308,364,Sponsored Products,1566,13,11.61,58.35
8854,20241026,336,Sponsored Brands,2378,41,38.82,85.3
8855,20230408,147,Sponsored Display,4323,18,27.36,98.33
8856,20230609,551,Sponsored Products,2072,39,32.75,130.24
8857,20240604,74,Sponsored Brands,968,8,9.14,48.28
8858,20230218,566,Sponsored Products,2972,51,41.81,244.09
8859,20260212,725,Sponsored Display,505,6,10.31,28.31
8860,20240426,659,Sponsored Products,3776,36,62.42,295.57
8861,20230310,778,Sponsored Display,1555,9,11.19,37.55
8862,20230526,339,Sponsored Brands,2152,18,22.53,73.03
8863,20251027,201,Sponsored Products,1688,17,10.24,49.71
8864,20251224,293,Sponsored Products,1901,14,5.95,19.16
8865,20231009,627,Sponsored Products,765,12,17.06,55.34
8866,20240802,54,Sponsored Display,990,3,3.77,18.21
8867,20260115,387,Sponsored Products,464,6,10.65,67.46
8868,20241028,383,Sponsored Brands,125,0,0.0,0.0
8869,20231009,315,Sponsored Products,4087,32,44.25,175.21
8870,20250613,151,Sponsored Display,1880,33,31.43,123.08
8871,20250527,536,DSP,4792,78,56.64,246.92
8872,20240528,23,Sponsored Brands,4252,76,71.81,304.8
8873,20250201,66,Sponsored Products,1526,21,31.51,48.75
8874,20250122,624,DSP,724,11,13.31,82.51
8875,20231119,58,DSP,2082,40,30.34,95.89
8876,20241024,101,Sponsored Products,334,5,2.06,12.64
8877,20250608,226,Sponsored Products,4007,58,63.3,169.52
8878,20241105,213,Sponsored Display,1336,17,6.89,44.77
8879,20240717,464,Sponsored Products,388,3,3.55,22.26
8880,20240504,385,Sponsored Products,2079,33,28.83,46.57
8881,20260527,324,Sponsored Products,905,8,9.67,27.77
8882,20260523,732,Sponsored Brands,2099,8,7.69,29.05
8883,20250606,307,Sponsored Products,820,13,8.36,30.95
8884,20230520,790,Sponsored Products,2474,33,43.29,166.86
8885,20240826,15,Sponsored Brands,620,10,13.63,80.86
8886,20241013,560,Sponsored Brands,748,3,3.89,7.37
8887,20231104,376,Sponsored Brands,1313,10,13.11,52.96
8888,20240312,748,Sponsored Display,1196,19,10.8,59.84
8889,20230715,739,Sponsored Display,5009,68,33.42,59.88
8890,20251204,83,Sponsored Products,938,9,13.51,67.82
8891,20231015,387,Sponsored Brands,2833,24,21.59,54.95
8892,20251019,12,Sponsored Display,1364,11,13.63,57.48
8893,20250227,60,Sponsored Products,1586,4,5.09,10.41
8894,20250402,53,Sponsored Products,886,16,22.17,98.72
8895,20260112,348,Sponsored Products,2549,36,54.45,145.54
8896,20241113,623,Sponsored Display,1021,11,5.35,33.92
8897,20260625,44,Sponsored Products,589,7,10.7,32.52
8898,20260501,224,Sponsored Brands,2987,45,60.16,304.85
8899,20240116,113,Sponsored Products,958,16,24.95,128.07
8900,20230602,33,DSP,1811,26,13.28,64.19
8901,20251106,522,Sponsored Products,436,2,2.98,5.93
8902,20240903,384,Sponsored Brands,1377,4,6.29,37.78
8903,20251113,488,Sponsored Brands,1146,3,2.25,9.19
8904,20231016,728,Sponsored Brands,778,11,12.91,79.98
8905,20241028,177,Sponsored Brands,1313,16,13.51,29.8
8906,20231028,540,Sponsored Brands,1094,10,5.21,29.46
8907,20250422,292,Sponsored Products,3274,63,45.1,183.17
8908,20251214,668,Sponsored Brands,2813,47,52.11,252.69
8909,20260610,658,Sponsored Brands,2086,20,22.6,131.65
8910,20231212,291,Sponsored Products,682,9,14.31,92.77
8911,20240213,709,Sponsored Products,860,5,5.99,34.49
8912,20250903,36,DSP,1386,4,3.02,5.73
8913,20240326,386,DSP,2681,12,14.58,62.97
8914,20231108,374,Sponsored Brands,3512,38,33.61,204.51
8915,20240522,205,Sponsored Products,2479,27,32.96,53.65
8916,20250529,27,Sponsored Products,643,4,5.03,21.01
8917,20240815,528,Sponsored Display,973,12,15.7,71.72
8918,20241111,447,Sponsored Brands,1006,16,8.19,16.67
8919,20230114,24,Sponsored Brands,463,2,3.02,18.14
8920,20240205,25,Sponsored Products,255,3,2.71,12.67
8921,20260315,40,Sponsored Display,2809,18,9.64,50.96
8922,20260129,578,Sponsored Display,4387,62,26.89,123.3
8923,20250504,577,Sponsored Products,2370,34,22.13,95.36
8924,20231106,632,Sponsored Brands,1321,17,30.01,179.9
8925,20250319,301,Sponsored Products,2547,43,75.01,203.68
8926,20240419,523,DSP,285,3,4.98,29.24
8927,20241116,639,Sponsored Products,1672,10,6.18,37.97
8928,20230207,132,DSP,1866,25,34.57,67.28
8929,20250107,145,DSP,4563,62,42.06,128.18
8930,20260221,404,Sponsored Brands,2072,36,29.1,126.35
8931,20240105,64,Sponsored Display,5809,111,130.57,377.91
8932,20230622,132,Sponsored Brands,645,8,6.0,36.48
8933,20241130,391,Sponsored Display,1851,20,22.4,36.3
8934,20230901,721,Sponsored Display,1289,6,7.26,36.84
8935,20240524,359,Sponsored Products,3125,26,18.37,53.18
8936,20230227,706,Sponsored Display,1179,11,15.17,66.69
8937,20231120,491,Sponsored Products,1182,22,32.02,70.27
8938,20241007,719,Sponsored Products,8247,131,135.0,830.33
8939,20230522,776,Sponsored Brands,223,3,2.33,14.26
8940,20240413,180,Sponsored Brands,481,8,9.15,55.65
8941,20240422,738,Sponsored Products,1241,9,12.34,26.59
8942,20230214,14,Sponsored Display,338,4,6.68,25.54
8943,20250501,512,Sponsored Brands,5134,49,60.91,318.72
8944,20230506,516,Sponsored Brands,1535,22,32.17,80.42
8945,20231009,507,Sponsored Products,778,14,7.45,20.76
8946,20230409,5,Sponsored Display,3041,57,88.39,184.28
8947,20240207,393,Sponsored Products,2949,25,31.43,114.36
8948,20230712,362,Sponsored Products,1675,13,23.21,65.67
8949,20230127,511,Sponsored Products,2062,24,33.58,153.25
8950,20250422,183,DSP,2018,31,26.55,161.06
8951,20250129,741,DSP,241,4,5.56,20.95
8952,20250113,775,Sponsored Display,969,14,14.17,33.83
8953,20230502,548,Sponsored Products,196,2,1.74,8.08
8954,20241103,503,Sponsored Display,2387,15,25.09,159.72
8955,20231105,139,Sponsored Products,1522,24,13.95,82.8
8956,20240303,420,DSP,678,5,3.08,17.21
8957,20260108,101,Sponsored Products,951,15,7.2,46.54
8958,20250912,299,Sponsored Products,1197,14,9.39,39.55
8959,20260209,331,Sponsored Products,1991,6,4.51,18.4
8960,20240630,338,Sponsored Products,455,7,4.67,19.49
8961,20251115,664,Sponsored Brands,3421,33,28.06,149.0
8962,20250705,37,Sponsored Products,845,12,8.16,45.42
8963,20230602,474,Sponsored Display,894,4,3.65,12.94
8964,20230830,792,Sponsored Products,202,3,3.62,11.98
8965,20250726,39,Sponsored Products,2016,25,28.04,148.94
8966,20230729,649,Sponsored Brands,1726,15,6.39,26.63
8967,20260101,407,Sponsored Display,3108,12,10.35,57.03
8968,20251017,668,Sponsored Products,1016,8,6.56,11.16
8969,20250613,500,Sponsored Display,508,1,0.6,2.23
8970,20230828,277,Sponsored Products,1595,29,40.28,207.38
8971,20250527,230,Sponsored Products,786,14,18.86,37.46
8972,20230725,110,DSP,1524,20,23.43,94.89
8973,20240118,518,Sponsored Products,528,5,7.63,20.92
8974,20231110,41,DSP,2119,20,20.85,92.99
8975,20241219,549,Sponsored Products,1119,13,12.59,44.81
8976,20230111,94,Sponsored Brands,1632,22,20.36,54.13
8977,20251218,600,Sponsored Products,1996,29,21.42,48.75
8978,20250930,705,Sponsored Brands,2838,36,54.01,140.01
8979,20240425,772,Sponsored Products,4257,62,47.45,109.16
8980,20240909,174,Sponsored Brands,792,5,4.23,10.68
8981,20231210,580,Sponsored Brands,218,2,1.54,7.45
8982,20250225,272,Sponsored Products,740,5,8.7,51.93
8983,20240822,377,Sponsored Products,1785,33,58.35,193.33
8984,20230325,144,Sponsored Brands,563,3,2.09,7.67
8985,20260522,155,Sponsored Brands,1715,28,35.91,161.15
8986,20230312,697,Sponsored Brands,2047,34,23.78,54.79
8987,20240705,222,Sponsored Display,576,1,0.95,5.36
8988,20250802,352,Sponsored Products,5928,78,69.11,241.66
8989,20230307,108,DSP,115,1,1.06,6.43
8990,20240331,637,DSP,1736,6,6.41,39.36
8991,20260412,629,Sponsored Brands,2062,20,32.9,85.77
8992,20250420,175,Sponsored Brands,1592,19,9.09,29.93
8993,20240411,508,Sponsored Display,683,2,1.54,3.96
8994,20260524,656,Sponsored Display,5427,72,57.77,211.34
8995,20230325,361,Sponsored Brands,1998,17,22.02,122.89
8996,20251210,622,Sponsored Brands,1107,10,4.1,20.53
8997,20240729,655,Sponsored Products,1695,24,13.49,85.1
8998,20250428,127,Sponsored Products,357,1,0.87,2.18
8999,20260512,432,DSP,1268,23,20.98,59.69
9000,20250406,226,Sponsored Products,3750,18,9.04,29.76
9001,20230519,14,Sponsored Display,920,6,9.97,26.72
9002,20230911,427,Sponsored Brands,3430,20,17.16,108.88
9003,20251011,57,Sponsored Products,1285,22,14.29,81.94
9004,20260118,260,Sponsored Products,2021,6,2.68,13.44
9005,20241004,85,Sponsored Products,3981,15,12.06,42.63
9006,20230801,743,Sponsored Brands,1038,4,6.82,39.81
9007,20240724,226,Sponsored Display,3240,62,33.05,185.71
9008,20230922,424,Sponsored Display,1018,10,10.2,41.0
9009,20260305,433,DSP,2577,18,13.01,23.65
9010,20240801,392,Sponsored Display,1565,22,20.78,93.31
9011,20250216,589,Sponsored Products,1288,24,37.44,145.97
9012,20250415,566,Sponsored Display,339,1,1.43,4.87
9013,20260609,518,Sponsored Display,740,8,7.96,30.35
9014,20240610,512,Sponsored Products,827,11,16.68,70.77
9015,20230203,497,DSP,2934,28,39.5,131.99
9016,20251230,337,Sponsored Display,2033,18,31.46,63.95
9017,20251219,614,Sponsored Products,3994,49,46.79,276.63
9018,20241214,750,Sponsored Products,3396,25,28.85,113.47
9019,20241129,777,DSP,1558,19,25.77,164.23
9020,20240731,6,Sponsored Products,1263,6,7.59,36.59
9021,20240701,35,Sponsored Products,1065,13,16.73,46.79
9022,20250601,366,Sponsored Products,1891,32,28.18,130.29
9023,20230404,8,Sponsored Brands,2175,40,23.82,114.6
9024,20240201,623,Sponsored Brands,1162,4,6.12,13.72
9025,20250106,179,Sponsored Brands,1981,23,29.09,185.67
9026,20231009,433,Sponsored Products,781,10,14.09,71.82
9027,20240908,9,Sponsored Brands,3548,16,9.31,43.71
9028,20230612,134,DSP,475,2,1.65,2.82
9029,20230919,520,Sponsored Products,844,16,12.37,67.2
9030,20251015,236,DSP,1783,15,8.65,22.49
9031,20230701,489,Sponsored Products,1257,5,3.67,22.95
9032,20231016,537,Sponsored Products,726,3,2.16,12.56
9033,20250801,392,Sponsored Brands,1121,10,6.75,31.03
9034,20260111,277,DSP,2062,28,39.6,194.87
9035,20240516,300,Sponsored Products,1683,30,51.74,247.39
9036,20260407,684,DSP,2155,14,12.93,50.65
9037,20250718,524,DSP,1257,21,29.49,98.04
9038,20241021,740,Sponsored Brands,2415,36,51.65,181.43
9039,20240920,720,Sponsored Brands,1591,27,46.58,185.33
9040,20250615,690,Sponsored Products,1425,25,40.87,207.82
9041,20231116,153,DSP,1912,24,17.31,79.39
9042,20230702,276,Sponsored Brands,982,16,23.07,50.36
9043,20250914,529,Sponsored Products,2149,22,36.74,144.33
9044,20251114,607,DSP,1300,14,16.87,86.83
9045,20260410,86,Sponsored Brands,2359,10,9.96,30.88
9046,20260610,116,Sponsored Products,1108,12,8.48,17.56
9047,20250925,264,DSP,21,0,0.0,0.0
9048,20230824,628,Sponsored Products,5003,85,92.9,556.49
9049,20260426,628,Sponsored Products,1535,10,10.08,20.32
9050,20230905,140,Sponsored Products,4135,33,41.39,73.11
9051,20240528,748,DSP,746,2,0.83,1.54
9052,20230429,459,Sponsored Brands,2311,12,18.72,115.95
9053,20260131,522,Sponsored Brands,3363,41,47.3,277.94
9054,20240511,8,Sponsored Products,3361,64,37.98,88.62
9055,20240307,248,Sponsored Products,1766,33,39.69,64.18
9056,20260219,542,Sponsored Products,2533,16,18.15,76.13
9057,20251006,603,Sponsored Products,817,12,12.59,62.58
9058,20251015,581,Sponsored Products,570,10,17.62,55.76
9059,20250722,619,Sponsored Products,541,10,17.88,76.39
9060,20231117,574,Sponsored Products,704,5,8.43,14.87
9061,20240104,324,Sponsored Products,2565,29,14.23,31.77
9062,20230505,387,Sponsored Products,3978,63,66.12,134.67
9063,20250730,165,Sponsored Products,1160,15,18.69,95.97
9064,20250405,500,Sponsored Display,3182,50,41.99,159.33
9065,20250204,432,Sponsored Products,879,11,5.52,35.04
9066,20230827,509,Sponsored Products,4147,47,56.05,308.88
9067,20230212,621,Sponsored Display,689,3,5.01,24.63
9068,20250202,471,Sponsored Products,842,12,17.64,80.14
9069,20230812,339,Sponsored Brands,253,1,0.75,3.28
9070,20240425,534,Sponsored Brands,1016,13,16.67,89.52
9071,20260514,17,Sponsored Brands,2551,20,35.43,164.57
9072,20250512,35,Sponsored Products,3236,26,45.86,188.56
9073,20250607,343,Sponsored Display,2629,46,79.28,397.1
9074,20230404,254,Sponsored Products,479,5,4.15,21.85
9075,20230303,571,Sponsored Brands,830,6,10.3,52.47
9076,20260527,212,Sponsored Products,1487,17,29.02,50.83
9077,20250325,482,Sponsored Products,1852,31,19.9,74.12
9078,20240315,513,Sponsored Products,886,4,1.8,6.1
9079,20230315,432,Sponsored Display,4710,68,68.24,171.51
9080,20230107,683,Sponsored Brands,1282,5,2.48,15.78
9081,20250317,606,Sponsored Products,1411,23,19.13,71.66
9082,20230730,525,Sponsored Display,774,8,10.16,19.58
9083,20250828,328,Sponsored Products,694,3,2.35,9.92
9084,20260404,798,Sponsored Products,446,6,2.41,13.57
9085,20251207,140,Sponsored Products,315,2,1.62,5.26
9086,20230727,361,Sponsored Display,2158,41,36.18,57.59
9087,20230322,200,Sponsored Products,1625,15,11.31,39.27
9088,20231213,27,Sponsored Products,947,6,4.83,28.29
9089,20250705,726,Sponsored Products,4846,65,75.98,413.48
9090,20250703,186,DSP,694,7,8.58,38.21
9091,20240229,121,Sponsored Brands,1486,15,24.69,149.6
9092,20241021,707,Sponsored Brands,1859,31,23.66,104.54
9093,20241128,645,Sponsored Products,347,4,4.78,30.93
9094,20250307,638,Sponsored Display,1931,22,13.86,78.94
9095,20260322,754,Sponsored Products,966,7,7.38,24.85
9096,20260420,181,Sponsored Products,2898,34,52.46,278.11
9097,20260304,279,Sponsored Products,2012,26,30.36,109.42
9098,20250822,372,Sponsored Display,774,11,17.78,98.24
9099,20250524,370,Sponsored Display,1820,16,25.86,164.56
9100,20260312,384,Sponsored Brands,1540,20,23.45,68.21
9101,20230125,108,Sponsored Display,145,2,2.37,12.86
9102,20250413,268,Sponsored Brands,274,4,1.63,7.41
9103,20260501,746,Sponsored Products,451,2,2.87,5.2
9104,20250924,332,Sponsored Display,1461,16,11.86,32.01
9105,20240902,254,Sponsored Display,2788,19,27.79,76.78
9106,20230609,61,DSP,1000,4,5.11,22.45
9107,20240518,399,Sponsored Display,1273,8,8.73,39.36
9108,20251020,384,Sponsored Products,1072,4,2.76,10.01
9109,20240913,686,Sponsored Products,1588,20,24.86,99.58
9110,20260325,717,Sponsored Products,2524,14,14.27,87.83
9111,20250218,580,Sponsored Brands,3072,45,32.84,165.74
9112,20240506,721,Sponsored Products,2789,43,44.33,187.06
9113,20251207,22,Sponsored Display,1319,16,9.27,51.17
9114,20240729,175,Sponsored Products,3291,64,95.81,608.37
9115,20230531,723,Sponsored Products,470,7,11.31,62.26
9116,20251216,57,Sponsored Products,1684,8,13.62,72.27
9117,20260609,18,Sponsored Products,1532,6,8.94,44.25
9118,20250424,199,Sponsored Products,1106,18,28.34,90.27
9119,20230201,431,Sponsored Display,1351,13,11.54,30.81
9120,20250519,207,Sponsored Brands,2310,7,5.91,19.17
9121,20250312,793,Sponsored Products,504,6,4.98,17.53
9122,20241212,723,DSP,2836,14,19.25,62.01
9123,20250401,189,Sponsored Brands,328,1,1.74,9.74
9124,20230417,495,DSP,1206,12,11.38,30.4
9125,20230829,106,Sponsored Products,1221,6,2.83,16.04
9126,20250913,39,Sponsored Products,1706,16,25.95,136.92
9127,20240907,130,Sponsored Display,1538,22,28.28,45.16
9128,20260120,275,Sponsored Display,3887,45,18.36,59.16
9129,20230806,468,Sponsored Products,318,1,1.34,8.12
9130,20240122,169,Sponsored Brands,2113,25,23.1,49.98
9131,20230405,111,Sponsored Products,932,3,3.63,21.41
9132,20231018,262,Sponsored Products,1542,11,7.86,44.98
9133,20230418,53,Sponsored Brands,3299,21,18.85,120.77
9134,20250830,220,Sponsored Products,2596,45,47.41,123.56
9135,20250409,606,Sponsored Products,627,4,2.4,5.98
9136,20240317,532,Sponsored Brands,938,3,2.64,9.58
9137,20230924,434,Sponsored Products,1663,10,10.25,25.63
9138,20240707,629,DSP,1127,11,5.9,24.39
9139,20241128,252,Sponsored Products,6902,51,74.62,253.31
9140,20260530,476,Sponsored Display,1941,16,15.55,68.67
9141,20240619,584,Sponsored Display,841,5,2.35,13.97
9142,20231031,761,Sponsored Products,2289,29,23.21,101.28
9143,20250905,216,Sponsored Products,253,1,0.68,1.13
9144,20230918,58,Sponsored Brands,2750,40,71.24,426.97
9145,20230219,433,Sponsored Brands,1266,20,19.54,95.35
9146,20241030,373,Sponsored Brands,374,6,4.87,8.15
9147,20250102,30,Sponsored Products,2267,14,23.5,62.62
9148,20251220,209,Sponsored Products,2291,13,11.35,25.64
9149,20260519,62,Sponsored Products,2660,24,31.22,140.61
9150,20230107,226,DSP,328,4,5.92,36.08
9151,20250107,237,Sponsored Brands,547,4,4.03,15.7
9152,20260407,450,Sponsored Display,340,3,5.13,19.42
9153,20250510,535,Sponsored Products,833,7,8.74,33.64
9154,20251008,71,Sponsored Brands,301,5,5.62,28.33
9155,20230322,262,Sponsored Products,745,4,7.2,38.65
9156,20231105,714,Sponsored Products,2890,55,42.7,220.82
9157,20231228,655,DSP,695,10,16.19,37.37
9158,20231123,583,Sponsored Products,1710,28,32.04,97.44
9159,20230611,535,DSP,4803,65,86.5,534.71
9160,20230609,787,Sponsored Products,1426,26,43.9,159.16
9161,20251009,81,Sponsored Products,858,12,17.79,73.33
9162,20230320,254,Sponsored Brands,449,7,5.82,28.95
9163,20241211,113,Sponsored Products,881,4,3.15,17.57
9164,20260219,342,Sponsored Brands,3173,12,9.8,23.12
9165,20230219,207,DSP,1020,4,6.81,16.63
9166,20240203,391,Sponsored Products,844,4,7.16,30.34
9167,20240630,173,Sponsored Brands,1873,33,22.96,111.47
9168,20250615,38,Sponsored Display,1073,5,3.22,8.56
9169,20240826,381,Sponsored Products,2033,17,26.83,122.12
9170,20260309,19,DSP,2697,43,74.98,191.0
9171,20240912,42,Sponsored Products,1763,35,38.2,78.28
9172,20240818,181,Sponsored Products,1389,14,13.92,38.87
9173,20240509,147,Sponsored Products,1692,32,47.0,246.87
9174,20260526,587,Sponsored Products,1378,9,3.9,15.11
9175,20241208,504,Sponsored Brands,1647,31,49.88,285.23
9176,20250202,668,Sponsored Brands,1062,11,13.75,51.59
9177,20230305,476,Sponsored Brands,1260,7,4.41,9.92
9178,20230929,779,Sponsored Brands,1249,16,13.87,70.1
9179,20250430,146,Sponsored Display,4610,47,19.55,125.02
9180,20240310,543,Sponsored Display,1364,12,10.16,35.05
9181,20250701,528,Sponsored Display,1425,25,43.35,123.9
9182,20260622,229,Sponsored Brands,2902,50,24.66,48.52
9183,20241231,381,Sponsored Brands,941,5,2.04,8.97
9184,20241104,610,Sponsored Products,1507,23,15.52,27.74
9185,20240910,396,Sponsored Products,3281,23,41.09,110.06
9186,20230709,232,Sponsored Products,1948,22,20.02,84.43
9187,20260515,315,Sponsored Products,248,2,2.13,10.9
9188,20240810,553,Sponsored Products,1227,5,4.92,15.11
9189,20250113,575,Sponsored Brands,1523,27,26.2,45.26
9190,20241210,527,Sponsored Brands,2145,11,12.37,67.72
9191,20231206,735,Sponsored Products,1495,22,32.89,141.62
9192,20250613,697,Sponsored Display,2199,41,55.12,118.88
9193,20260215,543,Sponsored Products,1391,4,4.07,18.16
9194,20240605,12,Sponsored Products,1369,13,14.36,76.96
9195,20240115,627,Sponsored Products,1119,8,5.36,17.71
9196,20250828,536,Sponsored Products,409,5,8.85,16.1
9197,20231129,92,Sponsored Products,4917,37,23.1,47.85
9198,20260508,41,Sponsored Products,1564,9,8.11,21.77
9199,20240527,164,Sponsored Products,1200,6,9.7,54.16
9200,20230915,646,Sponsored Brands,266,1,0.9,3.37
9201,20260130,26,Sponsored Products,1387,5,8.8,34.79
9202,20231031,135,Sponsored Products,341,3,5.39,34.28
9203,20231028,351,Sponsored Brands,1628,17,12.51,22.06
9204,20250814,523,DSP,1654,12,5.81,13.59
9205,20251218,516,Sponsored Brands,2935,57,71.99,422.04
9206,20240415,326,Sponsored Brands,2751,34,49.55,313.78
9207,20240103,339,Sponsored Products,1024,15,19.13,31.45
9208,20260415,366,Sponsored Display,631,4,3.41,5.2
9209,20250401,95,Sponsored Display,188,1,1.8,10.19
9210,20230906,605,Sponsored Display,1978,10,17.59,106.58
9211,20250618,412,Sponsored Products,463,8,10.6,38.97
9212,20251210,737,Sponsored Products,1097,12,11.49,21.25
9213,20230209,338,Sponsored Products,968,6,10.39,47.38
9214,20240512,431,Sponsored Brands,1934,22,31.48,138.87
9215,20240618,668,Sponsored Brands,504,6,4.88,24.41
9216,20260602,58,Sponsored Brands,2728,19,23.25,43.87
9217,20241221,584,Sponsored Products,4634,15,9.82,43.3
9218,20260426,116,Sponsored Brands,1209,10,5.83,36.17
9219,20230830,650,Sponsored Products,539,8,6.11,11.22
9220,20250715,782,DSP,1417,19,23.79,84.68
9221,20241115,364,Sponsored Brands,767,14,21.3,37.54
9222,20230731,585,Sponsored Products,1160,11,6.75,21.88
9223,20250507,295,Sponsored Products,636,4,2.61,8.86
9224,20240219,673,Sponsored Display,1265,10,11.99,74.06
9225,20240719,430,Sponsored Products,1173,10,15.61,78.69
9226,20251003,209,Sponsored Products,1448,18,21.43,72.81
9227,20250828,153,Sponsored Brands,2205,43,60.0,258.98
9228,20240128,582,Sponsored Products,1263,7,8.31,42.44
9229,20240521,265,DSP,2498,12,13.83,48.63
9230,20250126,231,Sponsored Brands,706,13,13.16,79.86
9231,20260314,778,Sponsored Products,1139,17,11.08,26.49
9232,20230805,712,Sponsored Products,687,11,7.53,33.76
9233,20240505,204,Sponsored Brands,1817,12,18.37,58.45
9234,20241204,359,Sponsored Display,637,4,5.95,9.22
9235,20241030,290,Sponsored Products,4103,71,112.45,234.78
9236,20250604,616,Sponsored Brands,790,14,12.24,76.51
9237,20241208,663,Sponsored Products,1780,26,12.38,42.43
9238,20231209,400,Sponsored Brands,1968,18,17.16,52.96
9239,20231123,646,Sponsored Brands,2068,18,30.23,63.59
9240,20250613,561,Sponsored Brands,176,2,1.13,2.89
9241,20230518,166,Sponsored Products,347,4,2.45,14.59
9242,20250108,724,Sponsored Display,2774,29,43.44,242.37
9243,20251117,701,Sponsored Products,1887,7,10.48,19.85
9244,20231014,200,Sponsored Products,3313,12,11.44,27.13
9245,20260303,153,Sponsored Brands,997,11,18.18,69.25
9246,20230404,116,Sponsored Brands,4017,67,71.45,115.51
9247,20240816,560,Sponsored Products,1244,12,16.89,33.49
9248,20250104,696,Sponsored Brands,3662,43,34.18,116.53
9249,20230328,691,Sponsored Products,2959,42,54.96,285.56
9250,20260123,635,Sponsored Products,2489,43,36.01,187.24
9251,20230502,376,Sponsored Products,146,2,3.0,19.49
9252,20260301,506,Sponsored Products,657,10,15.2,68.54
9253,20231103,327,Sponsored Products,485,2,2.91,9.25
9254,20230124,434,Sponsored Products,2338,40,71.94,377.54
9255,20230329,283,Sponsored Products,184,1,1.44,2.32
9256,20260208,134,Sponsored Products,1069,12,14.41,85.52
9257,20240919,494,Sponsored Display,2691,52,76.87,288.62
9258,20250117,628,Sponsored Products,1981,24,17.8,38.57
9259,20260528,593,Sponsored Products,1097,16,12.97,69.44
9260,20241226,27,DSP,2324,21,33.77,187.47
9261,20231223,347,Sponsored Display,986,4,3.89,24.14
9262,20251027,326,Sponsored Products,1571,30,43.89,106.1
9263,20250223,389,Sponsored Products,1789,25,41.9,89.52
9264,20250503,683,Sponsored Display,941,6,4.2,23.52
9265,20251129,223,Sponsored Products,5308,19,18.15,99.62
9266,20230502,499,Sponsored Products,1825,9,12.72,64.52
9267,20251018,558,Sponsored Products,479,5,5.75,10.23
9268,20251221,459,Sponsored Display,1508,13,6.92,38.47
9269,20250801,181,DSP,98,0,0.0,0.0
9270,20240622,732,Sponsored Display,2821,45,40.02,202.64
9271,20240412,23,Sponsored Brands,1428,16,23.82,128.78
9272,20251223,375,Sponsored Products,720,9,15.6,26.11
9273,20251215,46,DSP,2330,19,26.02,50.25
9274,20231009,648,Sponsored Products,2234,34,40.4,144.72
9275,20230226,589,Sponsored Brands,1152,20,18.77,50.71
9276,20240805,272,Sponsored Products,1151,18,27.34,56.77
9277,20230710,22,Sponsored Products,460,8,5.65,17.22
9278,20241015,662,Sponsored Products,1243,22,11.74,60.96
9279,20250512,670,Sponsored Display,2753,11,18.84,86.46
9280,20240118,453,Sponsored Brands,2023,16,14.54,84.95
9281,20240613,488,Sponsored Brands,1359,12,8.73,29.03
9282,20240515,297,Sponsored Products,133,1,1.41,6.7
9283,20251103,68,Sponsored Products,542,3,1.56,6.48
9284,20230528,89,Sponsored Display,1786,18,25.06,162.75
9285,20241220,143,Sponsored Display,3168,55,80.23,395.69
9286,20241217,783,Sponsored Products,5897,47,19.29,31.15
9287,20250628,243,Sponsored Brands,342,1,0.42,1.07
9288,20260524,614,Sponsored Brands,1002,17,15.14,86.89
9289,20250505,377,Sponsored Brands,1111,14,13.88,67.08
9290,20241023,379,Sponsored Display,1294,8,6.78,20.27
9291,20230505,283,Sponsored Display,2353,22,13.12,46.05
9292,20250518,401,Sponsored Brands,1318,12,14.5,72.47
9293,20240704,202,Sponsored Products,791,5,5.98,25.56
9294,20230707,620,Sponsored Products,497,7,3.9,22.02
9295,20240622,590,Sponsored Brands,1963,9,9.26,57.44
9296,20231022,10,Sponsored Brands,1830,7,12.24,55.07
9297,20230803,266,Sponsored Products,6353,67,74.1,202.41
9298,20230314,271,Sponsored Brands,481,1,1.13,4.28
9299,20230819,718,Sponsored Display,228,1,0.62,3.86
9300,20240713,668,Sponsored Brands,1402,17,18.71,29.9
9301,20260618,487,Sponsored Brands,2825,18,28.11,121.52
9302,20241008,538,Sponsored Brands,1011,4,2.35,12.91
9303,20251210,1,Sponsored Brands,1786,28,18.45,46.59
9304,20230612,450,Sponsored Products,2183,26,27.62,69.02
9305,20230324,403,Sponsored Brands,700,7,9.75,60.21
9306,20250406,685,Sponsored Products,1532,26,39.23,196.49
9307,20250927,752,Sponsored Products,773,5,4.47,14.81
9308,20250315,711,Sponsored Products,967,5,4.53,10.27
9309,20251116,482,Sponsored Products,2354,45,60.44,385.79
9310,20231201,584,Sponsored Brands,1587,19,22.15,65.65
9311,20240320,357,Sponsored Products,1043,20,26.23,155.95
9312,20251212,384,Sponsored Products,960,16,8.59,34.25
9313,20260220,706,DSP,1117,14,9.03,48.92
9314,20250101,200,Sponsored Display,1387,8,7.76,27.36
9315,20250214,607,Sponsored Products,2034,17,27.22,161.59
9316,20251123,31,Sponsored Brands,3026,55,82.4,179.87
9317,20230222,237,Sponsored Products,183,3,1.21,5.05
9318,20250413,453,Sponsored Products,889,16,17.19,59.31
9319,20260426,200,Sponsored Products,885,11,17.16,87.05
9320,20250914,421,Sponsored Display,4083,72,61.74,163.79
9321,20260513,554,Sponsored Products,156,0,0.0,0.0
9322,20240103,342,Sponsored Products,6684,130,203.2,960.84
9323,20240510,612,Sponsored Brands,677,10,16.5,85.87
9324,20260611,134,Sponsored Products,767,5,7.43,31.6
9325,20230417,590,Sponsored Brands,1962,14,24.79,108.86
9326,20230920,368,DSP,3351,64,66.54,221.6
9327,20241116,287,Sponsored Brands,759,5,7.87,47.63
9328,20251028,235,Sponsored Products,1671,10,15.22,46.11
9329,20240222,195,Sponsored Products,320,3,4.29,16.71
9330,20250710,490,Sponsored Products,2474,21,19.91,43.62
9331,20250310,37,DSP,711,3,2.03,8.25
9332,20250920,9,Sponsored Products,2409,18,14.19,23.3
9333,20240916,37,Sponsored Display,635,5,6.1,28.61
9334,20241108,397,DSP,1905,10,15.17,96.51
9335,20230717,178,Sponsored Products,151,2,1.09,5.39
9336,20240131,83,Sponsored Products,817,15,12.66,31.08
9337,20250723,129,DSP,2973,52,77.18,193.99
9338,20260626,203,DSP,1463,5,2.93,16.13
9339,20241005,546,Sponsored Products,1950,31,14.97,77.83
9340,20230825,51,Sponsored Brands,2449,18,14.7,50.99
9341,20241021,208,DSP,3421,49,68.8,113.93
9342,20230312,150,Sponsored Products,1668,19,11.18,59.42
9343,20240809,456,Sponsored Products,1090,4,3.37,8.58
9344,20241119,431,DSP,536,2,3.24,7.76
9345,20260622,58,Sponsored Products,1292,22,17.67,104.86
9346,20250411,108,Sponsored Display,1113,5,7.2,36.83
9347,20260409,144,DSP,390,3,1.72,10.36
9348,20230610,272,Sponsored Brands,2385,28,15.62,77.64
9349,20230717,628,Sponsored Products,890,13,8.8,23.19
9350,20241212,498,Sponsored Brands,1318,8,10.9,31.2
9351,20240702,276,DSP,872,4,2.76,12.98
9352,20231216,195,DSP,1479,6,5.83,9.36
9353,20241030,709,Sponsored Products,246,3,3.85,13.23
9354,20230930,454,Sponsored Products,6066,37,32.99,176.77
9355,20250710,195,Sponsored Products,4240,61,89.7,411.04
9356,20250628,80,Sponsored Brands,1573,15,12.7,45.6
9357,20230405,579,Sponsored Display,3363,45,70.78,406.9
9358,20230410,115,Sponsored Products,2534,22,12.99,41.28
9359,20231112,87,Sponsored Products,39,0,0.0,0.0
9360,20230406,118,Sponsored Display,550,9,6.11,10.15
9361,20240121,187,DSP,2684,50,33.65,203.81
9362,20260606,201,Sponsored Brands,663,6,7.7,29.42
9363,20250710,391,Sponsored Products,4926,89,140.63,500.18
9364,20240705,412,Sponsored Products,324,5,6.52,16.13
9365,20241106,26,Sponsored Products,1926,33,17.88,27.35
9366,20250714,502,DSP,250,2,3.09,9.13
9367,20250109,457,Sponsored Brands,1002,18,24.28,46.02
9368,20231228,518,DSP,1742,23,21.3,133.28
9369,20250911,29,Sponsored Products,3599,43,73.89,358.38
9370,20251207,82,Sponsored Products,1083,3,5.27,22.6
9371,20250311,319,Sponsored Products,1216,19,25.37,127.82
9372,20230424,195,Sponsored Display,1566,21,24.92,134.52
9373,20240802,735,Sponsored Products,1911,9,9.85,63.72
9374,20250821,378,Sponsored Display,1398,27,39.91,178.92
9375,20250809,201,Sponsored Display,1591,30,41.41,261.03
9376,20250121,10,Sponsored Products,986,5,5.21,17.59
9377,20241212,180,Sponsored Brands,635,11,11.27,53.42
9378,20250714,50,Sponsored Display,703,9,5.13,9.75
9379,20250623,767,Sponsored Brands,1751,6,10.76,52.56
9380,20250716,96,Sponsored Products,65,1,0.6,2.43
9381,20250114,273,Sponsored Products,2300,14,13.52,35.59
9382,20250413,49,Sponsored Products,1079,9,9.63,25.04
9383,20230525,352,Sponsored Products,1167,22,26.97,54.93
9384,20250515,311,Sponsored Brands,1082,20,22.69,144.15
9385,20241227,386,Sponsored Products,1081,18,31.94,126.86
9386,20240825,84,Sponsored Products,290,1,1.78,2.75
9387,20250511,79,Sponsored Products,1061,7,7.31,16.73
9388,20260528,141,Sponsored Brands,161,1,1.2,3.03
9389,20241114,746,Sponsored Display,222,1,1.55,4.39
9390,20250612,162,Sponsored Products,1268,22,19.5,53.95
9391,20230601,574,DSP,2612,33,47.38,230.36
9392,20240616,392,Sponsored Brands,882,6,3.76,20.51
9393,20260307,391,Sponsored Brands,586,3,2.78,6.28
9394,20240309,103,Sponsored Brands,2815,23,19.93,38.49
9395,20230331,106,DSP,999,13,17.38,91.41
9396,20231004,351,Sponsored Products,1927,32,28.47,109.14
9397,20250120,725,Sponsored Display,978,16,8.1,15.93
9398,20250320,531,Sponsored Display,1160,4,2.09,13.44
9399,20260103,64,Sponsored Display,5513,43,76.07,128.54
9400,20230814,144,Sponsored Brands,1020,13,22.81,124.62
9401,20231105,289,Sponsored Brands,1123,8,12.38,38.74
9402,20230531,12,Sponsored Brands,475,6,4.6,23.17
9403,20230823,511,Sponsored Display,1406,22,24.34,93.72
9404,20231114,255,Sponsored Products,505,6,5.22,22.17
9405,20250326,567,Sponsored Products,905,8,11.69,33.44
9406,20250713,514,Sponsored Products,4329,37,30.48,176.11
9407,20231227,486,Sponsored Products,2365,28,35.48,200.19
9408,20260228,711,Sponsored Products,1957,9,13.27,78.64
9409,20240101,30,Sponsored Display,3534,22,26.6,131.8
9410,20250119,108,Sponsored Products,4690,58,31.42,150.91
9411,20241222,742,Sponsored Display,1486,10,7.18,26.65
9412,20230714,719,Sponsored Products,737,6,5.65,13.4
9413,20260509,196,Sponsored Display,2286,11,17.21,93.65
9414,20240508,30,Sponsored Products,1640,10,17.19,45.92
9415,20250331,209,Sponsored Display,2147,34,27.65,133.17
9416,20230925,112,Sponsored Products,1737,34,36.47,174.39
9417,20230112,302,Sponsored Brands,1962,25,31.94,49.01
9418,20251230,134,Sponsored Products,2932,29,22.68,90.17
9419,20241228,204,Sponsored Products,1187,5,2.14,13.4
9420,20240817,139,Sponsored Products,4615,62,48.89,160.03
9421,20240324,456,Sponsored Products,3808,17,7.29,42.51
9422,20260624,45,Sponsored Display,1341,8,5.25,18.54
9423,20250108,198,Sponsored Brands,1385,6,8.5,17.92
9424,20231005,605,Sponsored Products,1096,14,23.04,39.78
9425,20250609,620,Sponsored Products,1291,13,18.62,73.71
9426,20240218,163,Sponsored Products,461,9,11.3,70.82
9427,20251003,351,Sponsored Brands,935,9,13.57,47.17
9428,20260406,579,Sponsored Brands,533,8,9.27,32.32
9429,20250829,167,Sponsored Products,2512,18,7.67,25.99
9430,20230805,565,Sponsored Products,3502,12,18.76,64.22
9431,20240810,108,Sponsored Products,1503,17,12.1,21.3
9432,20251228,5,Sponsored Products,816,14,16.17,100.1
9433,20251126,489,Sponsored Display,436,4,2.39,15.11
9434,20250126,346,DSP,757,14,14.64,89.17
9435,20230314,317,Sponsored Brands,478,8,5.13,28.14
9436,20260222,578,Sponsored Brands,1719,7,4.32,24.73
9437,20240806,734,DSP,506,5,4.77,30.85
9438,20230523,526,DSP,945,14,15.85,66.39
9439,20250221,479,Sponsored Products,2825,41,20.21,128.03
9440,20240624,291,Sponsored Products,2089,19,16.56,99.9
9441,20231002,459,Sponsored Products,505,9,7.6,12.15
9442,20231020,236,Sponsored Products,4389,72,31.2,164.05
9443,20230518,691,Sponsored Display,1378,26,16.85,38.51
9444,20240926,18,Sponsored Products,1526,23,10.55,59.74
9445,20240325,342,Sponsored Products,1468,24,18.49,89.32
9446,20230323,357,Sponsored Products,1449,5,8.13,39.03
9447,20240116,324,DSP,1699,19,13.78,44.25
9448,20250529,498,Sponsored Brands,2081,34,27.32,154.69
9449,20260316,116,Sponsored Display,1031,6,4.27,8.75
9450,20230720,571,Sponsored Products,1903,29,11.82,21.62
9451,20231003,436,Sponsored Products,2075,37,27.85,100.79
9452,20231003,758,Sponsored Brands,268,1,0.55,2.97
9453,20231004,14,Sponsored Products,1487,13,8.15,42.58
9454,20251108,169,Sponsored Display,1631,8,3.51,16.98
9455,20250701,137,Sponsored Products,1225,9,13.34,82.41
9456,20241229,533,Sponsored Brands,4483,24,33.26,202.99
9457,20230112,745,Sponsored Display,1497,25,13.82,87.06
9458,20230530,124,Sponsored Products,659,6,9.52,34.24
9459,20230427,29,Sponsored Products,735,13,9.28,54.18
9460,20250518,340,Sponsored Products,647,10,14.62,49.59
9461,20240913,323,Sponsored Display,2630,37,42.47,188.97
9462,20241006,40,Sponsored Brands,961,5,6.54,23.37
9463,20240820,569,Sponsored Products,627,10,10.84,60.49
9464,20230720,323,Sponsored Products,662,3,4.77,26.71
9465,20240106,1,Sponsored Brands,5362,31,38.06,215.65
9466,20241208,5,Sponsored Brands,2012,34,17.35,96.88
9467,20230528,762,Sponsored Display,430,4,3.87,19.09
9468,20231025,486,Sponsored Products,1227,4,1.91,6.68
9469,20230604,363,Sponsored Display,1442,22,23.7,45.74
9470,20251203,490,Sponsored Brands,1312,5,5.78,23.27
9471,20230415,477,Sponsored Products,1452,22,38.74,183.65
9472,20240801,689,Sponsored Products,3666,61,75.05,127.79
9473,20230607,518,Sponsored Products,329,1,0.84,1.27
9474,20230809,76,Sponsored Products,985,11,14.98,63.79
9475,20250117,423,Sponsored Products,2199,21,24.49,81.73
9476,20260614,523,Sponsored Display,4271,59,37.15,120.89
9477,20230625,263,Sponsored Products,1089,21,28.91,178.57
9478,20240314,612,Sponsored Products,572,2,3.27,11.08
9479,20230609,748,Sponsored Brands,1048,12,19.77,78.37
9480,20250326,186,Sponsored Brands,1212,24,10.83,57.29
9481,20240806,411,Sponsored Products,1402,4,5.16,8.0
9482,20240219,600,Sponsored Display,440,2,2.06,13.11
9483,20240115,312,Sponsored Brands,1226,8,9.5,22.55
9484,20240512,95,Sponsored Brands,1813,35,34.8,155.86
9485,20230818,268,Sponsored Display,2232,35,16.36,67.29
9486,20260424,686,Sponsored Display,52,1,1.0,3.0
9487,20231108,51,Sponsored Brands,1276,5,5.35,31.55
9488,20230825,78,Sponsored Products,3790,27,13.5,57.29
9489,20250102,80,DSP,6873,82,91.6,298.72
9490,20260127,204,Sponsored Brands,1075,6,3.66,20.24
9491,20240724,474,Sponsored Display,2387,11,8.45,19.69
9492,20240713,117,Sponsored Brands,421,4,4.8,23.27
9493,20240711,478,Sponsored Products,3409,22,26.57,135.6
9494,20250712,133,Sponsored Products,3485,17,28.78,144.46
9495,20250704,610,Sponsored Products,510,4,3.97,9.35
9496,20251221,418,DSP,4474,29,21.41,108.18
9497,20251008,735,Sponsored Products,1037,17,15.46,80.29
9498,20250822,117,Sponsored Products,1211,6,6.84,11.16
9499,20241217,503,Sponsored Products,2722,37,65.33,133.36
9500,20240305,481,DSP,908,12,16.47,90.51
9501,20230328,64,Sponsored Products,631,1,1.43,4.52
9502,20260109,471,Sponsored Brands,570,11,6.63,29.91
9503,20250425,182,Sponsored Products,1065,18,30.88,101.21
9504,20230913,600,Sponsored Products,1868,35,56.5,348.14
9505,20241006,786,Sponsored Display,1803,21,18.6,86.69
9506,20240411,704,DSP,698,13,12.97,50.63
9507,20230504,18,Sponsored Products,4822,77,40.06,202.85
9508,20231214,799,Sponsored Brands,325,6,7.6,42.81
9509,20230802,86,Sponsored Brands,2300,27,45.63,97.26
9510,20240528,102,Sponsored Products,527,8,12.98,78.68
9511,20250713,288,DSP,1018,6,6.27,39.26
9512,20250123,321,Sponsored Products,1207,18,17.8,39.3
9513,20240523,655,Sponsored Display,5388,68,64.27,385.28
9514,20240721,307,Sponsored Products,1454,24,41.75,125.56
9515,20240422,709,Sponsored Products,294,1,0.62,2.54
9516,20231001,226,Sponsored Display,4161,75,37.14,93.76
9517,20260311,281,Sponsored Products,2045,11,15.03,56.06
9518,20250424,427,Sponsored Products,2717,39,69.31,441.79
9519,20251227,434,Sponsored Products,877,12,5.03,10.64
9520,20251109,317,Sponsored Brands,1410,15,7.04,22.19
9521,20230524,129,Sponsored Products,2794,14,19.22,70.36
9522,20240904,251,Sponsored Display,2214,16,13.85,53.45
9523,20240506,542,Sponsored Products,568,9,9.2,58.31
9524,20230608,620,Sponsored Display,826,12,12.82,23.32
9525,20260402,484,DSP,1169,21,13.63,21.1
9526,20250103,57,Sponsored Brands,3085,21,34.25,83.2
9527,20250227,66,Sponsored Products,1419,15,23.19,63.51
9528,20230917,479,Sponsored Products,2007,30,46.95,272.4
9529,20260318,45,Sponsored Brands,2857,35,34.95,154.62
9530,20251129,706,Sponsored Brands,7205,82,39.25,167.78
9531,20240926,624,DSP,5160,101,154.93,837.46
9532,20240411,54,Sponsored Products,878,6,10.52,62.99
9533,20250605,737,Sponsored Products,751,2,3.39,15.06
9534,20251013,456,Sponsored Products,2396,17,29.68,48.97
9535,20241012,436,Sponsored Products,300,1,0.85,1.54
9536,20241114,735,Sponsored Display,823,9,4.88,28.69
9537,20240513,612,Sponsored Display,2444,21,15.7,89.39
9538,20260606,185,Sponsored Brands,3597,34,34.55,150.09
9539,20251101,49,Sponsored Products,2634,37,29.97,117.82
9540,20230126,685,Sponsored Products,1078,10,10.18,26.54
9541,20260302,191,Sponsored Display,1171,7,3.08,15.72
9542,20240312,372,Sponsored Products,3269,41,18.9,49.4
9543,20250720,746,DSP,2565,33,24.28,102.61
9544,20251109,410,Sponsored Brands,1699,5,5.79,22.68
9545,20241213,668,Sponsored Products,4874,46,34.07,159.05
9546,20230211,589,Sponsored Products,3057,21,33.62,163.24
9547,20241217,713,Sponsored Products,1546,11,15.82,74.26
9548,20230117,347,Sponsored Brands,1374,21,28.4,153.39
9549,20240327,409,Sponsored Products,1408,17,30.28,157.03
9550,20260313,353,Sponsored Display,1009,9,8.13,27.55
9551,20251125,723,Sponsored Display,2422,40,71.55,333.21
9552,20230222,286,Sponsored Products,1543,22,19.1,95.38
9553,20230329,212,Sponsored Products,2038,22,21.03,48.58
9554,20240529,108,Sponsored Products,2404,16,15.8,76.05
9555,20250511,133,Sponsored Products,1405,9,4.41,18.16
9556,20240818,430,Sponsored Products,236,2,3.45,22.19
9557,20240820,741,Sponsored Display,1563,5,6.82,24.47
9558,20231206,711,Sponsored Products,2122,22,35.37,194.78
9559,20241115,189,Sponsored Brands,1166,7,9.34,14.29
9560,20230614,773,Sponsored Products,2775,22,27.29,125.47
9561,20250720,308,Sponsored Display,1345,8,13.66,44.29
9562,20230822,793,Sponsored Products,1273,19,13.46,75.95
9563,20251218,666,Sponsored Display,5373,93,148.48,579.91
9564,20260113,42,Sponsored Brands,1475,9,4.72,25.52
9565,20231026,678,Sponsored Products,1531,29,37.51,127.81
9566,20250509,592,Sponsored Brands,228,0,0.0,0.0
9567,20240330,563,Sponsored Products,1299,21,26.66,82.65
9568,20250821,13,Sponsored Products,2951,17,15.36,38.25
9569,20230726,786,Sponsored Display,430,5,5.87,36.49
9570,20241124,717,Sponsored Products,2907,54,62.75,143.07
9571,20260418,584,Sponsored Brands,935,13,17.69,107.0
9572,20240611,20,Sponsored Display,1353,17,24.32,37.58
9573,20230623,457,Sponsored Display,2320,30,17.95,40.36
9574,20250125,463,Sponsored Display,3853,14,19.84,52.83
9575,20260418,545,DSP,2012,28,16.28,37.25
9576,20231116,563,Sponsored Products,746,6,9.34,18.98
9577,20230512,42,DSP,2457,14,21.34,39.4
9578,20240908,468,DSP,2810,10,14.56,61.84
9579,20240501,593,DSP,955,6,7.5,21.77
9580,20250515,646,Sponsored Products,2199,20,8.84,37.67
9581,20241017,2,Sponsored Products,1144,8,13.95,45.64
9582,20241102,273,Sponsored Products,1454,23,13.06,72.23
9583,20251002,77,Sponsored Products,1846,6,3.32,6.56
9584,20230729,47,Sponsored Brands,1247,10,14.67,45.45
9585,20240809,654,Sponsored Products,173,3,5.34,8.18
9586,20241005,97,Sponsored Products,1331,23,24.32,86.97
9587,20240208,96,Sponsored Products,570,6,9.0,45.5
9588,20260615,711,Sponsored Products,928,10,17.94,95.94
9589,20240921,314,Sponsored Brands,914,15,19.25,105.49
9590,20230514,602,Sponsored Products,380,1,1.46,6.18
9591,20250427,44,Sponsored Display,1316,19,18.48,110.86
9592,20260419,229,Sponsored Products,2806,24,20.04,34.47
9593,20240919,72,Sponsored Products,470,3,4.98,31.92
9594,20240520,559,Sponsored Products,1752,19,26.2,107.15
9595,20231118,372,Sponsored Products,1822,11,10.16,51.07
9596,20260107,428,DSP,205,2,2.66,14.16
9597,20251114,725,Sponsored Display,1590,19,23.81,103.56
9598,20260102,378,Sponsored Display,1516,7,4.17,20.74
9599,20240220,798,Sponsored Display,3442,35,59.36,129.19
9600,20240125,604,Sponsored Brands,1667,19,8.15,17.8
9601,20230327,791,Sponsored Products,1083,12,6.07,9.13
9602,20250614,622,Sponsored Products,2344,19,32.95,136.72
9603,20260430,425,DSP,555,3,3.67,13.45
9604,20241203,387,DSP,1789,21,11.17,53.5
9605,20230422,694,Sponsored Display,2963,23,37.02,77.08
9606,20231118,93,Sponsored Products,3317,29,35.76,195.08
9607,20250129,337,Sponsored Brands,3821,13,6.51,19.68
9608,20250605,617,Sponsored Products,647,4,1.75,7.74
9609,20231006,64,Sponsored Products,963,14,22.72,133.45
9610,20230413,269,Sponsored Products,704,9,11.41,22.57
9611,20230724,511,Sponsored Display,1976,14,20.66,100.5
9612,20241018,266,Sponsored Products,1196,21,36.67,63.77
9613,20251119,631,DSP,1318,22,23.14,53.48
9614,20251212,334,Sponsored Products,423,3,4.34,20.45
9615,20240617,696,Sponsored Brands,537,6,5.07,32.62
9616,20241102,616,Sponsored Products,1984,26,46.03,74.48
9617,20250124,422,Sponsored Products,1917,24,15.68,100.38
9618,20230609,698,Sponsored Products,1570,17,20.12,31.94
9619,20240404,751,Sponsored Products,2170,20,18.61,80.8
9620,20240926,392,Sponsored Products,1902,22,20.01,129.44
9621,20250727,757,Sponsored Brands,1854,36,16.51,65.86
9622,20251029,413,Sponsored Products,1671,27,18.62,83.44
9623,20230313,104,Sponsored Display,1657,21,27.88,64.03
9624,20251209,20,Sponsored Products,1544,5,8.23,30.68
9625,20260517,637,Sponsored Products,852,10,10.25,50.76
9626,20241206,464,Sponsored Products,1186,23,33.5,170.26
9627,20240117,413,Sponsored Products,2118,15,7.64,18.94
9628,20240224,195,DSP,504,3,1.6,2.67
9629,20230123,416,Sponsored Brands,1200,15,23.68,116.25
9630,20231004,627,Sponsored Display,1052,11,9.3,55.99
9631,20241205,79,DSP,1148,5,3.98,20.16
9632,20241111,561,Sponsored Brands,736,13,17.37,68.83
9633,20240402,10,Sponsored Products,2322,14,7.35,14.82
9634,20241122,205,Sponsored Products,2435,24,29.13,66.57
9635,20251225,657,Sponsored Products,2858,40,32.39,118.79
9636,20250516,77,Sponsored Products,1467,17,19.7,66.99
9637,20230216,439,Sponsored Products,1746,28,47.14,227.06
9638,20250513,75,Sponsored Brands,1534,29,18.86,90.02
9639,20260324,131,Sponsored Brands,2002,9,6.7,37.74
9640,20231020,7,Sponsored Products,2092,8,8.03,40.24
9641,20230623,129,Sponsored Products,977,4,3.85,13.24
9642,20251201,764,Sponsored Brands,909,10,15.85,46.47
9643,20230624,503,DSP,4333,69,82.46,484.2
9644,20250728,194,Sponsored Products,1019,17,23.26,99.56
9645,20250924,742,Sponsored Products,2060,40,36.82,198.49
9646,20250602,551,Sponsored Products,3297,38,19.72,111.17
9647,20250915,442,Sponsored Products,2649,20,17.76,52.09
9648,20230210,29,DSP,4646,39,66.06,163.29
9649,20230920,483,Sponsored Brands,707,4,5.57,9.52
9650,20230725,50,Sponsored Display,845,7,11.83,40.33
9651,20240908,352,Sponsored Products,6036,62,41.43,126.14
9652,20250323,150,Sponsored Display,1433,9,13.38,53.9
9653,20231129,508,Sponsored Products,486,2,3.48,11.71
9654,20240908,474,Sponsored Products,2730,48,81.88,293.95
9655,20251225,444,Sponsored Brands,1241,4,5.76,33.92
9656,20250103,150,Sponsored Products,4045,36,56.24,278.7
9657,20260315,357,Sponsored Brands,281,2,2.96,10.4
9658,20250703,260,Sponsored Brands,770,10,14.54,47.14
9659,20230831,197,Sponsored Products,425,8,4.21,24.02
9660,20240312,268,Sponsored Products,587,5,5.2,27.29
9661,20240815,275,Sponsored Display,1031,17,25.92,39.45
9662,20250106,205,DSP,2539,45,44.4,273.08
9663,20240611,609,Sponsored Brands,547,4,3.36,19.97
9664,20250802,258,Sponsored Products,1567,10,6.42,36.4
9665,20231130,571,DSP,10260,96,171.85,494.51
9666,20260407,41,Sponsored Display,1851,18,13.28,77.32
9667,20250622,429,Sponsored Display,1434,27,24.11,91.9
9668,20230310,310,DSP,2640,16,14.06,73.99
9669,20240512,624,DSP,3207,37,44.68,231.37
9670,20230127,100,Sponsored Products,1158,18,14.24,91.67
9671,20260111,166,Sponsored Products,3033,16,20.31,93.83
9672,20250206,642,Sponsored Display,1471,19,32.42,111.45
9673,20230405,542,Sponsored Products,475,5,6.22,32.82
9674,20250310,274,Sponsored Products,3605,21,14.22,47.87
9675,20251112,554,Sponsored Brands,3521,69,67.47,227.92
9676,20240817,542,Sponsored Brands,1433,19,16.4,62.58
9677,20240326,167,DSP,598,6,8.47,47.6
9678,20240529,639,Sponsored Products,694,4,4.69,26.1
9679,20240215,640,Sponsored Display,1243,8,8.28,37.22
9680,20240315,378,Sponsored Products,978,15,24.09,109.25
9681,20231112,281,Sponsored Display,2239,41,72.71,113.68
9682,20230101,573,Sponsored Brands,1022,17,14.96,41.62
9683,20251108,122,DSP,816,10,6.47,11.11
9684,20250328,272,Sponsored Products,5918,103,127.98,413.68
9685,20240310,155,Sponsored Products,7111,62,95.86,369.05
9686,20240223,651,Sponsored Products,498,8,10.58,37.92
9687,20251228,548,Sponsored Products,1835,28,12.58,55.26
9688,20240811,53,Sponsored Products,2080,29,38.91,157.8
9689,20251203,272,Sponsored Products,410,6,4.3,23.56
9690,20260324,89,Sponsored Brands,441,8,9.15,18.69
9691,20230126,199,Sponsored Brands,916,6,10.5,18.95
9692,20240723,226,Sponsored Products,650,6,7.02,17.77
9693,20240810,13,DSP,3867,70,65.32,109.79
9694,20260219,397,Sponsored Products,1180,19,25.09,55.57
9695,20230731,799,Sponsored Products,1576,11,5.69,36.98
9696,20250906,543,DSP,923,16,10.33,55.93
9697,20250830,560,Sponsored Display,2465,30,19.58,113.57
9698,20231018,75,Sponsored Display,1513,13,18.99,118.78
9699,20240830,235,Sponsored Products,788,15,13.8,50.52
9700,20241118,202,Sponsored Products,470,5,7.18,13.57
9701,20240707,374,Sponsored Products,1201,15,20.53,59.46
9702,20240801,362,Sponsored Products,385,6,4.47,8.87
9703,20230109,154,Sponsored Display,2104,10,8.42,49.6
9704,20250813,256,Sponsored Products,1267,16,6.41,18.62
9705,20250118,324,Sponsored Products,2041,17,13.17,27.33
9706,20230706,248,Sponsored Products,762,2,1.85,4.11
9707,20251010,178,Sponsored Products,509,9,13.62,30.61
9708,20251030,759,Sponsored Brands,711,3,3.88,18.48
9709,20230422,209,Sponsored Brands,692,13,23.24,131.94
9710,20240131,607,Sponsored Display,872,15,20.61,69.94
9711,20250901,184,Sponsored Products,1389,26,31.06,152.48
9712,20241121,491,Sponsored Products,899,15,12.06,48.51
9713,20260510,790,Sponsored Products,1149,4,2.66,15.69
9714,20241125,649,Sponsored Products,1379,14,10.44,23.77
9715,20240503,712,Sponsored Brands,1301,8,5.95,36.22
9716,20240405,333,Sponsored Products,604,3,2.14,8.98
9717,20240313,742,Sponsored Brands,1679,24,23.79,96.62
9718,20231213,689,Sponsored Products,2033,26,33.25,86.52
9719,20230608,598,Sponsored Brands,148,1,0.82,3.67
9720,20260228,170,Sponsored Products,438,7,6.58,40.0
9721,20250625,638,Sponsored Brands,811,11,16.73,79.24
9722,20260328,27,Sponsored Products,3371,35,46.4,208.52
9723,20231001,66,DSP,985,9,11.15,23.2
9724,20230809,691,Sponsored Products,1853,24,19.76,117.65
9725,20240327,497,Sponsored Products,437,5,5.17,15.99
9726,20230731,670,Sponsored Products,784,10,14.57,42.2
9727,20250326,435,Sponsored Products,1437,21,16.09,35.08
9728,20230614,376,Sponsored Products,3413,11,15.52,67.65
9729,20251124,498,Sponsored Products,908,11,14.55,40.27
9730,20240721,690,Sponsored Products,1484,22,32.76,159.86
9731,20240216,102,Sponsored Products,1679,28,13.57,42.62
9732,20250315,412,Sponsored Brands,3026,44,38.52,220.39
9733,20230823,655,DSP,620,8,14.38,21.99
9734,20260327,575,Sponsored Display,3218,49,52.31,259.24
9735,20250727,58,Sponsored Products,1648,22,33.55,181.12
9736,20260511,761,Sponsored Products,1812,28,12.42,39.92
9737,20240918,719,Sponsored Display,4229,37,20.03,97.85
9738,20230310,460,Sponsored Brands,264,2,1.32,6.98
9739,20250115,321,Sponsored Products,2774,43,19.46,29.73
9740,20230805,63,Sponsored Products,1069,9,14.38,56.43
9741,20260119,512,Sponsored Display,700,11,8.51,24.66
9742,20250228,150,Sponsored Brands,1502,19,27.18,146.7
9743,20251218,786,Sponsored Products,7556,143,196.8,769.0
9744,20240412,361,DSP,588,6,6.98,16.76
9745,20230114,57,Sponsored Products,5283,62,96.38,385.91
9746,20250617,8,Sponsored Brands,200,2,1.04,3.07
9747,20231120,132,Sponsored Products,16,0,0.0,0.0
9748,20231027,389,Sponsored Display,758,8,3.68,15.82
9749,20250509,549,Sponsored Display,1813,20,8.89,30.71
9750,20251025,605,Sponsored Products,215,1,0.89,2.01
9751,20240223,772,DSP,1185,19,22.06,66.23
9752,20240902,634,Sponsored Products,713,7,5.57,31.59
9753,20240315,349,Sponsored Products,1389,25,27.36,124.24
9754,20250724,482,Sponsored Products,621,3,3.84,13.12
9755,20240819,2,Sponsored Display,2317,23,32.57,65.01
9756,20230228,266,Sponsored Brands,1647,13,18.61,45.91
9757,20230512,501,Sponsored Products,1577,17,15.58,91.96
9758,20230825,498,Sponsored Brands,1759,29,12.61,61.57
9759,20241206,134,Sponsored Products,3508,34,39.72,160.14
9760,20250106,613,Sponsored Display,4532,41,66.2,191.14
9761,20240706,333,Sponsored Brands,3440,61,82.08,169.54
9762,20241006,14,Sponsored Products,1564,15,25.02,145.67
9763,20231003,202,Sponsored Display,1099,15,21.1,101.68
9764,20230101,185,Sponsored Brands,5990,61,81.52,449.27
9765,20260324,593,DSP,620,8,9.81,26.63
9766,20240405,553,Sponsored Products,608,8,3.65,13.34
9767,20241122,460,Sponsored Products,2936,19,12.38,22.19
9768,20230910,647,Sponsored Display,1311,21,30.39,106.37
9769,20260524,64,Sponsored Products,1490,7,6.92,41.48
9770,20230824,607,Sponsored Display,2189,32,54.81,147.98
9771,20241027,366,Sponsored Products,2916,20,9.2,28.83
9772,20230911,89,Sponsored Products,3326,41,71.65,208.79
9773,20250718,351,Sponsored Brands,1361,10,13.24,70.23
9774,20250718,119,Sponsored Brands,1155,5,8.67,30.81
9775,20240730,317,Sponsored Products,2150,38,63.48,340.1
9776,20230602,792,Sponsored Products,232,3,2.72,11.39
9777,20260617,106,DSP,774,3,4.78,19.86
9778,20250531,383,Sponsored Products,911,7,11.25,19.55
9779,20241118,356,Sponsored Products,3515,19,29.47,56.79
9780,20250418,659,DSP,3487,66,57.8,168.56
9781,20250906,531,Sponsored Display,1602,11,13.35,32.67
9782,20241202,118,Sponsored Brands,1969,31,13.38,84.15
9783,20260429,343,Sponsored Brands,668,2,1.98,8.49
9784,20250822,34,Sponsored Brands,1936,28,13.0,37.08
9785,20230429,302,Sponsored Display,387,5,7.1,31.93
9786,20230511,494,Sponsored Brands,489,8,8.62,41.71
9787,20250706,100,Sponsored Products,2365,46,45.72,285.46
9788,20250117,761,Sponsored Products,1327,4,3.9,9.69
9789,20250720,577,Sponsored Products,3245,25,23.43,136.13
9790,20240326,719,Sponsored Brands,1171,7,9.22,54.14
9791,20241113,591,Sponsored Products,482,3,2.25,10.49
9792,20230716,11,Sponsored Products,2529,14,16.69,61.37
9793,20251108,205,Sponsored Products,2613,28,32.48,90.73
9794,20231018,274,Sponsored Products,1190,5,7.86,39.83
9795,20241012,507,Sponsored Products,1190,12,20.97,81.84
9796,20241008,262,Sponsored Products,1764,34,44.44,281.13
9797,20230917,543,Sponsored Products,507,2,1.87,3.19
9798,20250618,76,Sponsored Products,908,4,5.95,26.41
9799,20250705,754,Sponsored Products,2287,7,7.56,19.8
9800,20231118,454,Sponsored Brands,1851,7,7.18,36.95
9801,20230918,283,Sponsored Brands,2072,22,23.88,90.4
9802,20240204,416,Sponsored Products,587,11,19.45,115.31
9803,20230802,273,Sponsored Brands,1142,9,8.87,16.55
9804,20250222,481,Sponsored Products,1299,12,10.45,28.05
9805,20230122,743,Sponsored Products,3998,43,41.46,143.13
9806,20250727,78,Sponsored Brands,3686,56,27.57,57.64
9807,20251123,476,Sponsored Products,2194,31,20.23,99.83
9808,20231230,523,Sponsored Brands,706,9,5.23,22.44
9809,20251102,467,Sponsored Products,5864,114,151.54,350.86
9810,20230627,138,Sponsored Display,4040,54,96.63,620.28
9811,20250613,562,Sponsored Products,1809,33,38.89,85.83
9812,20240128,172,Sponsored Products,2767,25,27.82,149.12
9813,20260623,517,Sponsored Products,1579,13,12.6,46.86
9814,20230717,655,Sponsored Display,402,4,3.32,11.07
9815,20230716,130,Sponsored Products,1404,22,38.06,83.13
9816,20250517,646,Sponsored Display,641,7,3.33,6.17
9817,20250927,717,Sponsored Products,2197,16,20.02,31.67
9818,20231214,428,Sponsored Products,1483,18,14.82,83.99
9819,20250411,112,Sponsored Products,662,8,3.22,10.08
9820,20250328,628,Sponsored Brands,1187,12,9.09,17.06
9821,20230406,108,DSP,450,2,2.79,15.62
9822,20240414,362,Sponsored Brands,1672,33,24.22,147.03
9823,20260612,710,Sponsored Brands,2243,33,20.27,92.32
9824,20250922,518,DSP,1874,17,27.97,102.4
9825,20250330,527,Sponsored Display,1126,8,11.69,21.63
9826,20251107,800,Sponsored Products,2428,36,53.49,223.61
9827,20251013,147,Sponsored Display,766,5,8.31,24.92
9828,20250524,608,Sponsored Products,2375,43,31.01,70.29
9829,20230721,428,Sponsored Brands,1662,22,37.55,140.16
9830,20230127,758,Sponsored Display,3548,24,27.65,174.04
9831,20260506,385,Sponsored Brands,219,4,6.05,18.3
9832,20251113,642,Sponsored Products,1075,10,15.34,47.34
9833,20240410,383,Sponsored Brands,890,11,13.68,65.32
9834,20240819,328,Sponsored Products,580,10,16.22,63.98
9835,20251031,161,Sponsored Products,2548,16,21.11,127.18
9836,20251008,440,Sponsored Products,1513,17,15.24,37.51
9837,20231002,419,Sponsored Products,1740,11,17.71,41.94
9838,20260323,618,Sponsored Products,1093,6,5.64,20.66
9839,20230906,157,Sponsored Products,2602,8,5.66,20.96
9840,20241119,105,Sponsored Products,1645,13,7.06,13.14
9841,20250731,545,Sponsored Display,793,13,18.73,117.13
9842,20230408,79,Sponsored Products,1238,11,17.61,88.4
9843,20240807,342,Sponsored Brands,2832,41,71.85,442.36
9844,20230819,62,Sponsored Brands,1022,16,7.77,12.68
9845,20240112,99,Sponsored Products,3353,44,34.62,65.61
9846,20251115,19,Sponsored Display,545,2,2.77,12.49
9847,20231110,798,Sponsored Display,244,4,3.88,7.48
9848,20241218,605,Sponsored Brands,2877,15,17.74,102.46
9849,20250203,400,Sponsored Display,453,4,4.25,8.82
9850,20240830,14,Sponsored Products,328,2,2.17,5.68
9851,20231129,295,Sponsored Products,9267,179,193.24,492.54
9852,20251001,428,Sponsored Display,659,6,10.77,25.99
9853,20240603,532,Sponsored Display,863,7,5.1,22.53
9854,20250417,185,Sponsored Brands,3954,65,112.94,521.64
9855,20260413,539,DSP,1998,16,20.15,69.68
9856,20230831,255,DSP,659,12,7.42,16.0
9857,20251227,180,Sponsored Products,640,11,9.51,23.86
9858,20230123,699,Sponsored Products,833,6,10.02,16.18
9859,20250407,497,Sponsored Products,1390,17,14.6,82.89
9860,20250217,239,Sponsored Products,2496,33,48.07,144.81
9861,20240528,23,DSP,2508,41,30.0,57.16
9862,20230317,223,DSP,2698,14,10.99,18.22
9863,20250803,578,Sponsored Products,1632,29,27.0,145.84
9864,20251129,163,Sponsored Display,1378,18,29.59,95.92
9865,20251021,555,Sponsored Products,1543,4,6.89,38.12
9866,20240329,680,Sponsored Display,2530,27,31.97,92.56
9867,20260512,613,Sponsored Brands,1763,14,25.13,64.63
9868,20240115,86,DSP,1375,18,13.04,73.03
9869,20250804,591,Sponsored Brands,969,4,3.09,13.56
9870,20240616,403,DSP,440,4,1.87,5.09
9871,20240627,229,Sponsored Brands,1466,23,15.27,94.41
9872,20231115,577,Sponsored Products,394,3,5.25,19.39
9873,20230709,789,Sponsored Products,779,13,18.73,58.14
9874,20230524,404,Sponsored Products,1505,21,22.93,51.24
9875,20250206,612,Sponsored Brands,1655,29,39.45,241.38
9876,20250627,309,Sponsored Products,765,8,6.48,19.16
9877,20260603,252,DSP,1574,15,19.36,123.08
9878,20260501,438,Sponsored Products,504,3,3.93,20.83
9879,20251115,99,Sponsored Brands,2005,30,22.96,118.06
9880,20260228,631,DSP,1915,30,32.66,154.47
9881,20250710,640,Sponsored Brands,742,13,18.79,31.16
9882,20230724,138,Sponsored Products,3770,34,25.33,95.6
9883,20231013,342,Sponsored Brands,1149,19,26.46,155.79
9884,20240511,195,Sponsored Products,362,5,5.4,15.41
9885,20230205,670,Sponsored Products,556,3,2.71,4.37
9886,20240807,436,Sponsored Products,1443,4,6.43,17.94
9887,20250523,421,Sponsored Brands,4192,24,39.92,198.52
9888,20230519,769,DSP,2151,29,50.09,303.48
9889,20241211,740,Sponsored Brands,2831,19,8.8,21.22
9890,20250209,133,Sponsored Brands,1628,31,46.48,233.39
9891,20240102,275,DSP,2395,47,41.78,188.44
9892,20260303,100,Sponsored Products,2745,27,17.95,54.1
9893,20251121,195,Sponsored Products,1143,16,17.74,92.03
9894,20231204,745,Sponsored Products,1325,21,31.06,101.51
9895,20240128,89,Sponsored Brands,1150,4,7.08,30.28
9896,20230925,89,DSP,2773,51,84.82,362.0
9897,20251022,342,DSP,1496,14,13.76,82.3
9898,20250208,202,Sponsored Brands,1999,35,46.58,152.77
9899,20240627,611,Sponsored Products,4857,69,33.29,173.58
9900,20240120,384,Sponsored Products,2089,38,50.74,112.38
9901,20241208,165,DSP,400,1,0.41,2.2
9902,20240907,590,Sponsored Products,3289,26,34.24,113.12
9903,20240820,575,Sponsored Display,1191,16,20.24,81.35
9904,20260604,593,Sponsored Products,1672,27,36.71,101.14
9905,20241108,29,Sponsored Brands,2492,25,10.25,35.32
9906,20240420,468,Sponsored Products,4165,28,12.22,66.9
9907,20250616,283,Sponsored Products,6653,83,62.22,96.68
9908,20241228,95,Sponsored Products,550,2,2.58,15.17
9909,20250607,212,Sponsored Products,1090,15,24.27,105.69
9910,20241123,63,DSP,1436,19,24.46,105.57
9911,20260317,441,Sponsored Products,2059,34,53.13,213.43
9912,20250222,540,Sponsored Brands,1728,8,8.65,15.09
9913,20230408,754,Sponsored Products,521,4,4.27,19.89
9914,20240302,82,Sponsored Products,7722,49,39.61,211.46
9915,20230514,68,Sponsored Display,1376,6,2.92,16.97
9916,20231108,713,Sponsored Products,2255,20,18.49,103.44
9917,20240119,317,Sponsored Products,1796,35,27.2,175.22
9918,20251124,636,Sponsored Products,2525,23,10.76,20.32
9919,20260613,273,DSP,1155,13,6.69,38.76
9920,20240108,624,Sponsored Brands,480,3,2.32,5.84
9921,20241219,655,Sponsored Brands,7954,70,62.45,189.25
9922,20230721,308,DSP,2175,36,49.86,159.78
9923,20251105,616,Sponsored Products,1983,22,36.23,173.43
9924,20260518,791,Sponsored Products,1391,14,9.78,54.92
9925,20230721,258,Sponsored Brands,449,8,5.65,36.01
9926,20250912,748,Sponsored Products,1217,13,20.23,36.01
9927,20251225,251,Sponsored Products,293,3,2.35,5.83
9928,20240131,629,Sponsored Products,1880,9,15.22,41.58
9929,20240613,725,DSP,810,13,13.97,76.4
9930,20260308,4,Sponsored Products,637,8,6.06,23.05
9931,20260307,425,Sponsored Products,1348,25,15.14,26.58
9932,20231020,425,Sponsored Products,3010,29,33.4,80.22
9933,20240831,8,DSP,1409,10,9.75,52.23
9934,20250601,110,Sponsored Brands,727,14,20.87,87.68
9935,20251113,360,Sponsored Products,849,5,2.43,10.01
9936,20230914,521,Sponsored Products,827,12,6.11,27.91
9937,20231225,777,Sponsored Brands,1188,14,20.3,86.0
9938,20250121,37,Sponsored Products,2061,17,16.4,67.97
9939,20231226,720,Sponsored Display,2919,49,27.64,85.98
9940,20250130,246,DSP,1010,12,14.93,52.1
9941,20251124,630,Sponsored Brands,2273,43,28.17,158.33
9942,20250911,363,Sponsored Brands,2310,10,5.3,27.96
9943,20260427,542,Sponsored Products,267,5,5.58,9.35
9944,20240328,270,Sponsored Products,2640,33,38.58,242.48
9945,20250513,495,DSP,603,3,3.1,16.15
9946,20230706,275,Sponsored Brands,484,7,6.73,13.67
9947,20240825,94,Sponsored Products,1085,21,21.95,131.11
9948,20230519,169,Sponsored Brands,3411,45,59.61,366.12
9949,20230422,198,Sponsored Brands,1952,10,17.31,30.89
9950,20230213,495,DSP,1165,9,4.78,23.19
9951,20240520,122,Sponsored Products,1336,8,3.58,15.47
9952,20250310,664,Sponsored Products,382,4,2.78,9.21
9953,20240303,649,Sponsored Display,1643,16,22.13,118.05
9954,20251223,266,Sponsored Products,2954,38,44.02,190.88
9955,20230105,774,Sponsored Brands,546,5,6.17,17.7
9956,20250116,338,Sponsored Brands,396,7,9.98,18.36
9957,20241126,382,Sponsored Products,1749,17,25.42,132.19
9958,20240811,729,Sponsored Products,2277,31,48.07,309.53
9959,20230617,290,Sponsored Products,378,5,3.08,9.85
9960,20250501,255,Sponsored Brands,493,8,8.09,14.17
9961,20241118,756,Sponsored Brands,2170,40,66.68,427.98
9962,20260307,594,DSP,1452,25,23.42,118.78
9963,20230705,289,Sponsored Products,460,6,10.44,63.32
9964,20260204,9,DSP,371,5,3.78,6.62
9965,20251102,632,Sponsored Brands,1035,15,23.72,127.04
9966,20230224,498,Sponsored Display,2692,46,57.32,170.12
9967,20260225,147,Sponsored Brands,2233,40,51.01,242.56
9968,20240620,534,Sponsored Products,1240,9,11.89,35.36
9969,20251220,631,Sponsored Products,967,8,13.45,37.8
9970,20230603,330,Sponsored Products,682,7,11.79,26.24
9971,20250305,339,Sponsored Products,2598,9,7.05,35.49
9972,20240312,34,Sponsored Products,521,4,2.02,10.63
9973,20231206,612,Sponsored Products,540,5,8.51,12.79
9974,20250312,497,Sponsored Display,1183,15,11.71,40.11
9975,20260607,408,Sponsored Display,1792,6,4.14,25.61
9976,20250130,511,DSP,3219,63,66.88,317.56
9977,20231101,338,Sponsored Products,1215,13,17.02,64.71
9978,20260623,250,Sponsored Products,282,2,1.6,7.77
9979,20250425,150,Sponsored Products,225,3,2.16,10.01
9980,20251124,720,DSP,893,11,12.22,59.49
9981,20251101,672,Sponsored Products,496,6,10.17,33.94
9982,20250212,265,Sponsored Products,3091,12,8.72,49.71
9983,20260126,663,Sponsored Products,2266,32,22.13,111.37
9984,20241123,287,Sponsored Products,3974,51,84.4,292.68
9985,20250526,181,DSP,1649,10,5.61,22.72
9986,20250625,73,Sponsored Products,1462,20,13.11,28.73
9987,20240520,256,DSP,4764,23,18.73,104.26
9988,20260505,587,DSP,2043,31,27.14,174.35
9989,20240523,724,Sponsored Brands,3562,43,52.49,253.18
9990,20240911,359,Sponsored Brands,1515,11,11.01,37.96
9991,20250529,218,DSP,1245,13,17.47,32.98
9992,20251207,48,Sponsored Products,2164,13,10.86,19.46
9993,20240811,299,Sponsored Brands,297,2,1.92,5.55
9994,20250820,449,Sponsored Brands,416,5,2.41,4.79
9995,20250627,224,Sponsored Products,1904,11,15.24,66.78
9996,20230713,158,Sponsored Display,3669,50,57.34,164.16
9997,20230223,623,Sponsored Brands,1636,31,41.03,241.73
9998,20230826,352,Sponsored Display,1451,25,42.57,120.06
9999,20241109,117,Sponsored Products,591,8,12.14,30.49
10000,20230507,377,Sponsored Products,906,16,7.0,15.48
10001,20260425,181,Sponsored Brands,3264,59,48.39,290.07
10002,20250328,83,Sponsored Display,254,4,2.43,14.87
10003,20230504,106,Sponsored Brands,3147,52,43.51,238.45
10004,20241216,119,Sponsored Brands,8261,110,177.8,875.13
10005,20231031,44,Sponsored Products,2174,26,22.05,44.29
10006,20240505,164,Sponsored Brands,5545,67,79.02,235.69
10007,20251207,305,Sponsored Brands,1001,9,15.77,85.48
10008,20240429,155,Sponsored Brands,5183,47,80.94,242.46
10009,20231210,388,Sponsored Products,4770,19,8.22,38.84
10010,20250222,751,Sponsored Products,596,11,19.38,106.48
10011,20250608,246,Sponsored Brands,2275,37,51.66,279.06
10012,20250330,77,Sponsored Brands,832,3,3.8,14.81
10013,20230605,561,Sponsored Products,1410,17,24.97,155.81
10014,20240128,613,Sponsored Display,3744,57,40.2,122.71
10015,20250201,339,Sponsored Products,2718,21,36.17,137.67
10016,20230508,766,Sponsored Display,4466,44,65.73,361.28
10017,20240110,406,Sponsored Products,2531,49,65.12,258.84
10018,20231218,394,Sponsored Brands,5488,37,26.46,150.94
10019,20230616,442,DSP,1898,24,17.35,84.14
10020,20260324,730,Sponsored Brands,541,2,2.66,10.62
10021,20251102,750,Sponsored Products,2672,11,11.99,45.58
10022,20240308,320,Sponsored Products,681,7,11.72,53.9
10023,20230724,142,Sponsored Brands,1780,9,14.43,31.11
10024,20251121,373,Sponsored Brands,2104,7,11.25,63.12
10025,20240507,375,Sponsored Display,422,2,0.87,4.0
10026,20250521,411,Sponsored Products,807,2,3.25,9.17
10027,20230113,170,Sponsored Brands,866,3,4.51,27.22
10028,20240121,386,Sponsored Products,1277,19,31.3,186.95
10029,20260510,539,Sponsored Display,89,0,0.0,0.0
10030,20250228,658,Sponsored Products,182,2,2.85,8.26
10031,20230317,181,Sponsored Display,1571,22,27.0,140.74
10032,20230208,508,Sponsored Products,3418,47,48.78,191.75
10033,20240925,589,Sponsored Display,209,3,2.2,13.62
10034,20251213,337,Sponsored Brands,1188,4,2.67,7.6
10035,20260115,155,Sponsored Products,724,13,12.23,59.87
10036,20260224,245,Sponsored Products,754,14,9.29,21.71
10037,20240417,665,DSP,1020,5,7.91,17.44
10038,20250121,428,DSP,825,15,25.41,87.64
10039,20230215,397,Sponsored Brands,3587,65,114.83,741.65
10040,20250917,525,Sponsored Brands,1611,16,20.67,39.21
10041,20241205,176,Sponsored Display,774,10,15.66,83.96
10042,20240715,333,Sponsored Brands,784,13,18.28,106.82
10043,20230916,474,Sponsored Display,1184,14,24.59,111.18
10044,20260412,471,Sponsored Brands,2208,36,46.22,237.59
10045,20240123,792,Sponsored Products,546,10,13.03,31.9
10046,20250517,449,Sponsored Products,1533,13,13.1,54.13
10047,20260514,38,DSP,1297,12,16.66,31.05
10048,20231210,457,DSP,837,12,7.99,31.15
10049,20230324,710,Sponsored Products,6608,103,149.91,695.55
10050,20240211,283,Sponsored Brands,1040,20,13.33,72.55
10051,20250614,242,DSP,4686,14,10.19,59.95
10052,20240803,63,Sponsored Products,1257,12,7.44,19.13
10053,20260114,729,DSP,236,1,1.45,8.77
10054,20251229,359,Sponsored Brands,832,6,3.99,21.93
10055,20250726,484,Sponsored Brands,2468,11,15.3,83.79
10056,20260209,347,Sponsored Products,2707,15,21.99,75.02
10057,20260215,252,Sponsored Brands,6771,116,67.92,408.22
10058,20260613,111,Sponsored Products,1334,9,4.68,21.25
10059,20260501,173,Sponsored Display,2196,8,9.26,52.61
10060,20240822,53,Sponsored Display,1764,34,48.99,277.29
10061,20241105,387,Sponsored Products,752,11,14.85,74.44
10062,20250220,698,Sponsored Display,1302,10,14.94,38.55
10063,20250412,486,Sponsored Display,2998,26,30.3,47.24
10064,20240220,485,Sponsored Products,1685,14,6.24,18.97
10065,20260426,344,Sponsored Products,443,4,4.48,18.57
10066,20260425,261,Sponsored Products,1614,14,22.49,39.39
10067,20251002,381,Sponsored Brands,1082,8,4.63,16.35
10068,20241108,607,Sponsored Display,3310,18,19.17,47.18
10069,20231218,325,Sponsored Brands,2760,20,27.62,134.48
10070,20240609,161,Sponsored Brands,2721,50,25.4,106.59
10071,20250625,407,Sponsored Brands,620,4,3.78,12.19
10072,20231219,140,DSP,2227,43,42.32,162.52
10073,20251108,310,Sponsored Brands,1630,23,31.19,185.11
10074,20240508,268,Sponsored Products,3045,11,14.2,43.86
10075,20260218,660,Sponsored Display,1721,16,23.17,48.91
10076,20250822,623,Sponsored Products,1489,17,20.62,129.54
10077,20241106,350,Sponsored Brands,1094,12,17.15,70.96
10078,20251107,142,Sponsored Brands,953,15,12.48,46.54
10079,20231122,273,Sponsored Products,221,3,2.89,9.18
10080,20230211,244,Sponsored Display,804,8,10.7,57.78
10081,20230517,691,Sponsored Products,1069,13,23.09,53.05
10082,20260222,511,Sponsored Products,2358,26,35.64,62.1
10083,20240901,277,Sponsored Products,2361,35,44.81,270.08
10084,20230131,240,Sponsored Brands,2805,28,19.67,64.98
10085,20260619,56,Sponsored Products,6244,49,40.83,264.08
10086,20250313,162,Sponsored Products,1360,11,7.19,12.23
10087,20250310,280,Sponsored Products,1687,22,35.95,110.47
10088,20251123,246,Sponsored Display,2895,35,36.12,54.63
10089,20251216,26,Sponsored Products,656,8,4.24,27.12
10090,20240704,376,Sponsored Products,675,5,7.04,44.73
10091,20250809,48,Sponsored Brands,975,4,2.6,15.46
10092,20230320,183,Sponsored Products,809,13,14.86,29.89
10093,20240223,730,Sponsored Display,714,8,11.69,17.61
10094,20240215,651,Sponsored Products,819,8,8.8,17.04
10095,20250330,321,Sponsored Display,690,2,1.81,8.34
10096,20250821,61,Sponsored Brands,370,4,5.85,34.18
10097,20230504,414,Sponsored Brands,1167,14,21.19,60.62
10098,20231025,86,Sponsored Products,559,5,5.34,25.66
10099,20260309,652,Sponsored Brands,3808,24,25.18,62.8
10100,20231223,577,Sponsored Products,3187,63,39.86,99.47
10101,20230418,377,Sponsored Display,1012,15,25.43,157.68
10102,20240509,738,Sponsored Products,338,4,1.71,6.87
10103,20240916,310,Sponsored Brands,493,4,4.09,17.3
10104,20240402,1,Sponsored Products,639,2,1.37,2.73
10105,20260427,301,Sponsored Products,951,8,10.84,26.97
10106,20240711,173,Sponsored Brands,5922,75,107.4,345.04
10107,20260309,45,Sponsored Products,579,7,6.29,15.92
10108,20230805,345,Sponsored Products,1665,21,16.01,85.93
10109,20250421,527,Sponsored Brands,1654,29,37.55,237.38
10110,20240717,189,DSP,1177,14,8.46,46.63
10111,20241130,580,Sponsored Products,5456,103,104.89,349.44
10112,20240512,455,Sponsored Products,764,9,10.4,61.43
10113,20230103,652,Sponsored Brands,3643,57,90.07,245.62
10114,20260501,220,DSP,2998,46,32.86,190.57
10115,20250717,721,Sponsored Brands,957,17,22.39,70.82
10116,20240925,287,Sponsored Products,1305,13,17.58,30.7
10117,20230411,731,DSP,335,6,5.89,33.59
10118,20250808,286,Sponsored Products,654,2,2.13,9.42
10119,20250725,314,Sponsored Products,208,3,3.11,9.96
10120,20240917,120,Sponsored Products,2962,34,53.75,347.17
10121,20260624,704,Sponsored Brands,2873,52,22.75,89.12
10122,20240323,762,DSP,1326,4,3.99,14.04
10123,20230111,652,DSP,1275,6,10.57,56.53
10124,20230630,711,Sponsored Products,464,4,3.88,6.56
10125,20240120,18,Sponsored Products,3358,47,32.16,141.59
10126,20240730,522,Sponsored Brands,2132,41,53.53,300.07
10127,20250106,729,Sponsored Brands,2179,20,20.98,53.5
10128,20230523,628,Sponsored Display,881,4,2.3,4.85
10129,20230329,696,Sponsored Display,3343,28,16.34,34.87
10130,20250110,124,Sponsored Products,216,4,6.26,36.05
10131,20250323,123,Sponsored Products,2480,47,26.89,82.89
10132,20241219,241,Sponsored Display,2897,25,16.07,47.71
10133,20230808,119,Sponsored Brands,1098,4,5.92,23.29
10134,20230123,621,Sponsored Products,539,8,12.91,76.12
10135,20240716,64,Sponsored Products,1185,22,32.17,188.6
10136,20230111,401,Sponsored Display,893,10,5.0,22.17
10137,20260208,647,Sponsored Products,1725,16,11.05,32.92
10138,20230426,293,Sponsored Products,2482,13,20.56,65.58
10139,20241231,622,Sponsored Brands,590,4,5.38,20.2
10140,20231211,603,Sponsored Brands,1066,14,17.94,93.04
10141,20241115,275,Sponsored Products,608,11,13.27,54.69
10142,20250902,289,Sponsored Display,787,8,10.17,47.81
10143,20260108,151,Sponsored Products,1272,13,17.42,88.69
10144,20230217,350,Sponsored Display,1843,20,25.5,67.63
10145,20230119,437,Sponsored Products,2499,10,15.17,53.94
10146,20240705,543,Sponsored Brands,805,12,6.18,20.45
10147,20240210,280,Sponsored Brands,793,13,6.94,10.41
10148,20250816,240,Sponsored Products,123,1,1.07,5.05
10149,20240417,193,Sponsored Display,737,4,6.66,35.27
10150,20251206,398,Sponsored Brands,1509,20,32.87,58.52
10151,20241216,120,Sponsored Display,3690,54,57.29,94.72
10152,20241224,336,Sponsored Products,867,6,9.25,43.5
10153,20230418,331,Sponsored Products,1206,7,8.51,26.98
10154,20260411,769,Sponsored Products,569,7,7.45,33.57
10155,20250627,119,Sponsored Products,3268,64,100.79,245.22
10156,20230517,357,Sponsored Products,1956,7,6.77,38.31
10157,20240208,398,DSP,1290,24,18.69,114.16
10158,20240622,709,Sponsored Products,1975,6,8.5,34.77
10159,20230623,462,Sponsored Brands,170,1,0.51,2.78
10160,20250215,516,Sponsored Brands,2266,6,8.74,47.94
10161,20250123,56,Sponsored Brands,763,10,15.15,93.71
10162,20250120,144,Sponsored Products,1038,16,16.47,59.77
10163,20230820,58,Sponsored Products,357,4,6.56,12.06
10164,20250125,447,Sponsored Display,1771,34,32.95,68.41
10165,20250205,35,DSP,303,1,1.29,3.37
10166,20240412,616,Sponsored Products,3792,18,30.96,125.19
10167,20230920,685,Sponsored Products,2707,30,14.6,57.56
10168,20240808,608,Sponsored Products,2243,39,68.2,323.59
10169,20240724,117,DSP,1830,11,7.94,39.15
10170,20230802,347,Sponsored Brands,3739,39,46.74,133.83
10171,20230402,650,Sponsored Brands,1420,22,29.12,81.0
10172,20230519,161,Sponsored Brands,1895,35,54.96,195.44
10173,20241014,250,Sponsored Display,5390,82,118.55,353.83
10174,20241018,105,Sponsored Products,844,10,6.9,26.05
10175,20260525,646,Sponsored Products,1760,32,21.62,89.78
10176,20260108,46,Sponsored Products,475,1,1.17,6.33
10177,20250831,704,Sponsored Products,2004,38,45.74,89.5
10178,20240712,735,Sponsored Brands,828,10,17.77,64.03
10179,20230720,16,Sponsored Brands,95,1,0.49,2.91
10180,20230705,245,Sponsored Products,1114,21,23.14,36.81
10181,20240114,198,Sponsored Display,4743,28,47.7,224.55
10182,20230111,33,Sponsored Brands,1349,13,16.88,61.14
10183,20250613,762,Sponsored Brands,501,9,8.73,28.28
10184,20250822,603,Sponsored Display,2026,25,20.91,110.31
10185,20250613,432,Sponsored Products,1702,22,27.75,157.27
10186,20250219,790,Sponsored Brands,1969,37,46.11,242.84
10187,20230518,118,Sponsored Products,4272,14,13.09,52.79
10188,20240304,362,Sponsored Display,1436,11,15.94,38.13
10189,20250106,429,Sponsored Products,369,5,6.25,17.06
10190,20240604,700,Sponsored Brands,1311,12,5.11,28.26
10191,20240301,419,Sponsored Display,1634,7,9.37,18.06
10192,20230410,123,Sponsored Products,770,12,16.94,79.86
10193,20231127,53,Sponsored Brands,2499,37,34.12,90.14
10194,20250130,141,Sponsored Products,772,2,3.05,6.29
10195,20260624,699,Sponsored Brands,1242,18,17.14,53.09
10196,20240820,776,Sponsored Brands,3933,12,8.6,19.06
10197,20230712,62,Sponsored Products,1763,31,45.85,78.68
10198,20240831,353,Sponsored Products,1026,14,18.89,100.88
10199,20251024,145,Sponsored Brands,304,5,6.07,29.76
10200,20230127,234,Sponsored Products,2439,26,40.77,176.44
10201,20260420,717,Sponsored Products,582,11,18.9,60.59
10202,20241202,534,Sponsored Products,950,12,17.33,74.48
10203,20250418,194,Sponsored Brands,1420,24,33.22,156.32
10204,20230314,498,Sponsored Products,1127,6,7.57,42.62
10205,20250415,529,Sponsored Products,1052,9,4.29,10.47
10206,20241112,428,Sponsored Products,469,7,5.36,20.64
10207,20250421,720,Sponsored Products,1267,16,16.89,88.14
10208,20230705,545,Sponsored Brands,278,3,3.77,11.85
10209,20250608,17,Sponsored Display,603,4,3.7,7.44
10210,20260619,466,Sponsored Display,1521,22,24.56,121.38
10211,20250313,751,Sponsored Display,697,4,2.92,9.11
10212,20240517,607,Sponsored Products,1223,12,11.44,53.82
10213,20240929,602,Sponsored Brands,1080,7,9.87,30.17
10214,20241126,515,Sponsored Display,617,4,2.96,10.75
10215,20240129,271,Sponsored Products,3407,36,57.64,255.39
10216,20241214,430,Sponsored Products,131,1,0.64,1.31
10217,20241028,592,Sponsored Display,932,13,13.01,77.7
10218,20230728,336,Sponsored Brands,3596,32,38.1,219.74
10219,20260630,302,Sponsored Brands,2090,21,33.28,162.27
10220,20250127,735,Sponsored Products,2070,8,7.36,22.54
10221,20240630,97,Sponsored Brands,743,5,2.2,6.55
10222,20260627,2,Sponsored Products,1558,16,13.76,70.37
10223,20231104,360,Sponsored Products,4550,67,47.18,199.26
10224,20260328,513,Sponsored Products,3306,51,78.42,488.66
10225,20241026,506,Sponsored Products,2460,18,13.67,81.91
10226,20250510,17,Sponsored Display,4785,50,65.69,363.32
10227,20231230,800,Sponsored Products,1718,23,37.96,234.11
10228,20231005,77,Sponsored Products,2242,41,17.14,40.5
10229,20250821,120,DSP,1649,32,30.36,95.54
10230,20240326,325,Sponsored Products,405,4,2.42,14.97
10231,20250206,83,Sponsored Products,453,3,3.9,9.27
10232,20241018,193,Sponsored Products,1737,18,12.03,39.93
10233,20260331,166,Sponsored Brands,1838,22,33.08,169.0
10234,20231120,434,Sponsored Products,941,11,11.01,21.24
10235,20231001,166,Sponsored Products,535,6,9.47,38.26
10236,20241114,417,DSP,484,3,3.76,22.5
10237,20260318,516,Sponsored Display,198,3,4.81,7.65
10238,20250429,737,Sponsored Brands,2649,9,13.58,66.22
10239,20240226,593,Sponsored Brands,759,4,2.31,12.4
10240,20230625,212,Sponsored Products,1460,22,36.53,168.15
10241,20231214,341,Sponsored Products,2824,14,12.26,32.6
10242,20250824,244,Sponsored Brands,932,3,2.45,14.54
10243,20241125,9,Sponsored Display,3199,27,31.87,53.11
10244,20240711,727,Sponsored Products,8659,164,283.43,521.88
10245,20230907,488,Sponsored Products,2325,32,47.47,76.77
10246,20230222,272,Sponsored Display,63,0,0.0,0.0
10247,20250716,6,Sponsored Brands,1256,23,39.03,135.35
10248,20250720,318,DSP,1261,6,9.74,26.68
10249,20250620,659,Sponsored Products,691,13,11.5,72.84
10250,20250823,246,Sponsored Display,2331,26,40.19,102.2
10251,20260303,344,Sponsored Brands,1824,8,13.14,24.7
10252,20230306,243,Sponsored Display,761,11,12.39,20.72
10253,20240329,509,Sponsored Products,668,2,2.42,7.87
10254,20231130,299,Sponsored Products,6811,103,166.91,745.7
10255,20240713,187,Sponsored Display,1735,32,22.81,103.24
10256,20260531,697,Sponsored Products,362,3,2.03,6.62
10257,20230202,559,Sponsored Brands,1289,13,8.54,31.58
10258,20230604,488,DSP,329,1,0.46,2.59
10259,20230118,652,Sponsored Brands,1201,13,6.8,12.05
10260,20230918,446,Sponsored Products,1197,12,7.95,40.19
10261,20230809,531,Sponsored Products,1916,10,13.15,63.8
10262,20250829,290,Sponsored Display,3253,40,19.57,85.64
10263,20240615,362,Sponsored Products,1551,17,11.18,16.82
10264,20230423,625,Sponsored Products,4016,56,38.22,222.09
10265,20250227,396,Sponsored Brands,856,6,3.6,9.54
10266,20230328,731,Sponsored Display,526,7,5.72,21.21
10267,20240707,15,Sponsored Products,245,3,3.41,19.01
10268,20250304,592,Sponsored Brands,2734,49,42.17,190.14
10269,20230711,502,Sponsored Products,3787,35,23.9,55.59
10270,20241101,776,Sponsored Products,2485,8,10.93,43.95
10271,20230818,386,Sponsored Display,725,3,1.32,3.74
10272,20240129,286,Sponsored Brands,1113,17,26.17,114.39
10273,20260519,257,Sponsored Products,1488,14,24.45,141.23
10274,20230702,326,Sponsored Products,449,5,3.08,7.51
10275,20240806,158,Sponsored Products,1815,18,31.32,146.04
10276,20260516,151,Sponsored Products,1095,5,6.91,41.43
10277,20240704,771,Sponsored Products,1089,12,19.42,125.57
10278,20230318,529,DSP,991,10,17.56,91.12
10279,20241226,453,Sponsored Products,4091,42,54.86,176.92
10280,20260320,309,Sponsored Display,1138,17,10.95,35.7
10281,20250924,354,DSP,2909,35,50.39,263.6
10282,20260506,34,Sponsored Products,1745,19,32.92,126.38
10283,20260509,169,Sponsored Products,3462,34,46.51,230.06
10284,20260415,429,Sponsored Products,540,9,12.24,47.27
10285,20241116,574,Sponsored Brands,1097,6,6.69,42.61
10286,20250617,516,Sponsored Products,490,7,4.25,11.42
10287,20230608,266,Sponsored Products,285,1,1.16,5.87
10288,20251001,717,Sponsored Brands,1235,7,8.38,29.1
10289,20230824,552,Sponsored Products,570,9,12.6,36.12
10290,20250410,5,Sponsored Products,453,8,14.31,46.98
10291,20250802,159,Sponsored Products,1778,32,26.07,123.21
10292,20251001,289,Sponsored Products,1789,7,9.23,19.85
10293,20240108,67,Sponsored Brands,3421,39,38.46,132.15
10294,20240326,745,Sponsored Products,3299,32,30.39,62.53
10295,20240914,555,Sponsored Products,481,7,7.89,27.06
10296,20240701,764,Sponsored Products,1635,12,13.92,84.69
10297,20230901,345,Sponsored Display,1652,21,29.97,125.88
10298,20241125,305,Sponsored Products,2170,7,5.34,25.62
10299,20231222,472,Sponsored Products,4494,25,19.92,91.83
10300,20241202,198,Sponsored Products,887,11,18.77,71.12
10301,20260112,40,Sponsored Brands,253,4,2.74,9.49
10302,20230306,618,Sponsored Display,1143,17,15.72,73.96
10303,20260406,606,Sponsored Display,3399,32,39.8,96.37
10304,20230505,129,Sponsored Brands,2384,26,12.11,23.37
10305,20250815,383,Sponsored Brands,1591,28,16.38,65.16
10306,20240309,58,Sponsored Brands,2304,33,31.43,163.22
10307,20260208,378,Sponsored Products,548,2,3.05,19.36
10308,20260421,569,Sponsored Products,364,4,4.11,18.97
10309,20230331,344,Sponsored Products,1002,17,29.87,93.9
10310,20240222,751,Sponsored Products,886,7,9.51,34.09
10311,20250404,188,Sponsored Products,1495,25,39.24,93.78
10312,20240913,735,Sponsored Display,1649,11,17.38,42.19
10313,20260509,161,Sponsored Products,641,7,5.98,27.86
10314,20230328,53,Sponsored Products,3192,37,50.38,320.06
10315,20231121,41,DSP,2432,11,6.73,36.52
10316,20240801,277,Sponsored Products,604,10,13.53,79.32
10317,20230112,411,Sponsored Display,262,4,4.23,9.4
10318,20240218,58,Sponsored Products,3053,48,73.78,244.87
10319,20230719,365,Sponsored Products,341,3,3.83,12.29
10320,20250121,548,Sponsored Display,188,1,0.62,2.58
10321,20241228,359,Sponsored Display,2008,19,18.59,84.2
10322,20240722,443,Sponsored Products,910,4,6.8,30.44
10323,20250328,655,Sponsored Brands,2442,46,23.28,134.64
10324,20260126,37,Sponsored Brands,840,13,22.06,45.03
10325,20230602,106,Sponsored Brands,3057,42,45.4,289.8
10326,20230614,332,Sponsored Brands,1675,27,46.48,246.49
10327,20260228,215,Sponsored Display,3676,59,89.22,163.84
10328,20230530,63,Sponsored Display,377,5,4.26,24.51
10329,20250824,603,DSP,1737,34,31.47,163.18
10330,20230115,376,Sponsored Products,1477,4,6.51,22.05
10331,20230305,689,Sponsored Products,1552,10,10.81,34.8
10332,20250116,422,Sponsored Products,4675,74,82.29,146.79
10333,20260114,548,Sponsored Brands,3067,29,33.87,51.09
10334,20250530,548,Sponsored Products,81,0,0.0,0.0
10335,20250226,324,Sponsored Brands,3310,33,56.42,208.23
10336,20241201,52,Sponsored Products,2740,22,29.97,107.2
10337,20250129,27,Sponsored Products,1857,30,46.46,125.83
10338,20260421,327,Sponsored Products,3869,29,48.69,148.7
10339,20260531,144,DSP,1448,10,13.71,53.48
10340,20251224,26,Sponsored Products,8224,85,51.42,190.8
10341,20260224,627,Sponsored Products,3135,52,59.56,153.09
10342,20250713,526,Sponsored Brands,2419,16,21.02,93.38
10343,20250808,275,Sponsored Products,545,2,3.28,19.76
10344,20240527,666,DSP,1871,27,35.41,212.46
10345,20250614,702,DSP,1532,14,22.56,77.89
10346,20241123,788,Sponsored Brands,1001,3,3.41,17.63
10347,20230510,278,Sponsored Brands,2404,26,21.78,140.6
10348,20250822,253,Sponsored Brands,1485,12,15.38,69.53
10349,20230519,600,DSP,1866,27,41.53,238.9
10350,20231114,331,Sponsored Display,160,2,3.14,12.82
10351,20250511,151,Sponsored Display,245,3,3.06,17.57
10352,20230317,649,Sponsored Display,2035,33,52.38,257.49
10353,20230414,230,Sponsored Display,2215,26,39.2,72.2
10354,20260320,19,Sponsored Brands,1426,26,15.37,28.09
10355,20231117,384,Sponsored Brands,1337,25,18.87,48.24
10356,20240612,427,Sponsored Products,3886,71,88.22,150.45
10357,20230529,179,Sponsored Brands,532,1,1.21,5.05
10358,20251204,599,Sponsored Products,1167,3,4.9,22.29
10359,20250212,759,Sponsored Brands,509,7,3.73,23.45
10360,20230117,165,Sponsored Brands,1072,6,9.77,25.83
10361,20251023,256,Sponsored Display,1617,27,21.65,80.24
10362,20250216,485,Sponsored Products,384,7,6.94,33.97
10363,20260424,431,DSP,385,6,5.08,29.36
10364,20230803,788,DSP,1398,13,20.44,86.69
10365,20250126,505,Sponsored Brands,1488,5,8.97,51.56
10366,20240526,310,Sponsored Brands,2117,14,17.99,80.13
10367,20231122,327,Sponsored Display,805,10,4.41,18.06
10368,20230225,639,Sponsored Products,1942,20,14.05,68.42
10369,20251006,229,Sponsored Products,1226,12,5.15,14.91
10370,20230624,173,Sponsored Products,798,5,7.77,37.43
10371,20250822,543,Sponsored Brands,1856,24,36.48,101.59
10372,20251119,734,Sponsored Products,1789,16,26.06,58.98
10373,20250429,186,DSP,3375,12,21.36,113.19
10374,20250730,460,Sponsored Brands,1012,11,8.36,39.5
10375,20241228,717,Sponsored Brands,1814,35,51.0,311.04
10376,20230828,774,Sponsored Products,2489,13,21.53,89.71
10377,20260301,656,DSP,230,1,1.56,5.99
10378,20240424,466,Sponsored Brands,437,6,8.0,27.8
10379,20260201,94,Sponsored Brands,1213,14,12.78,37.26
10380,20240605,21,Sponsored Products,3294,25,36.42,56.75
10381,20260628,640,Sponsored Display,3011,28,24.16,40.2
10382,20241123,476,Sponsored Products,1899,7,6.7,14.79
10383,20240228,203,Sponsored Display,732,3,2.57,15.15
10384,20240226,235,DSP,2382,28,43.85,118.19
10385,20250609,13,Sponsored Products,1296,24,27.08,167.92
10386,20241119,701,Sponsored Products,843,12,18.64,118.18
10387,20260412,69,Sponsored Products,1743,16,27.16,145.24
10388,20230319,673,Sponsored Products,1570,20,10.05,18.12
10389,20250615,488,DSP,892,5,8.06,28.41
10390,20260226,646,Sponsored Brands,1938,12,15.48,33.9
10391,20230924,216,Sponsored Brands,2165,27,28.49,71.55
10392,20240907,204,Sponsored Products,240,1,1.51,6.56
10393,20250518,165,Sponsored Brands,1930,28,27.01,108.19
10394,20240221,632,Sponsored Products,2151,29,37.28,133.78
10395,20260521,11,Sponsored Brands,702,10,7.3,20.58
10396,20250730,359,Sponsored Products,1893,24,11.33,42.2
10397,20260331,231,DSP,1528,6,8.73,54.97
10398,20241219,610,DSP,1339,11,11.44,32.01
10399,20230619,189,Sponsored Products,6,0,0.0,0.0
10400,20260323,64,Sponsored Products,2889,41,26.57,94.49
10401,20241016,369,Sponsored Products,915,14,12.43,63.75
10402,20230201,773,Sponsored Brands,434,6,10.69,40.47
10403,20230728,232,DSP,3222,61,78.13,444.76
10404,20260614,792,Sponsored Products,806,7,9.86,52.31
10405,20231219,348,DSP,9435,119,142.65,527.01
10406,20260320,704,Sponsored Products,2056,11,15.78,30.29
10407,20260208,639,Sponsored Brands,931,4,5.41,16.94
10408,20260223,651,Sponsored Brands,2478,27,45.45,112.33
10409,20250417,219,Sponsored Products,884,11,8.59,55.2
10410,20260221,417,Sponsored Products,1294,25,22.43,88.49
10411,20240120,611,Sponsored Brands,1409,15,7.81,18.05
10412,20230126,79,Sponsored Products,1230,23,40.65,109.15
10413,20240313,249,Sponsored Products,620,6,4.75,24.61
10414,20240118,373,DSP,2097,22,20.84,45.18
10415,20260203,795,Sponsored Products,699,3,3.57,22.67
10416,20250607,280,Sponsored Products,2947,55,54.45,208.89
10417,20240211,346,Sponsored Products,715,13,22.83,128.04
10418,20231004,30,Sponsored Products,1499,27,41.23,257.05
10419,20230904,735,Sponsored Products,1119,3,2.24,10.01
10420,20231205,585,DSP,4398,23,34.29,185.51
10421,20250908,446,Sponsored Brands,226,2,2.33,10.21
10422,20230624,274,Sponsored Brands,1220,23,22.98,104.56
10423,20251221,102,Sponsored Products,8428,145,126.07,336.58
10424,20230504,589,Sponsored Products,806,6,4.11,9.51
10425,20230222,386,Sponsored Products,284,4,2.56,11.93
10426,20240522,316,Sponsored Brands,1339,17,10.28,57.12
10427,20250427,470,Sponsored Products,2017,29,47.75,285.75
10428,20250209,346,Sponsored Products,2895,44,70.39,262.19
10429,20250713,413,Sponsored Products,642,9,13.48,49.49
10430,20250528,718,Sponsored Brands,1602,13,16.49,92.05
10431,20251103,288,Sponsored Brands,236,2,1.35,5.14
10432,20250711,751,Sponsored Display,6712,82,96.47,361.66
10433,20250922,67,Sponsored Brands,167,1,1.48,5.18
10434,20260417,207,Sponsored Brands,2759,12,18.86,75.63
10435,20250708,598,Sponsored Products,3520,36,32.11,172.97
10436,20240609,516,Sponsored Brands,2228,24,43.09,224.01
10437,20230526,76,Sponsored Products,4249,33,30.01,114.96
10438,20240318,339,Sponsored Display,630,8,14.37,69.65
10439,20250617,372,DSP,911,15,9.88,63.16
10440,20230914,553,Sponsored Products,2507,48,73.3,471.05
10441,20250816,662,Sponsored Products,1336,7,8.34,30.94
10442,20250103,241,Sponsored Products,827,6,9.52,20.98
10443,20240218,291,Sponsored Products,535,7,11.75,59.8
10444,20240304,148,Sponsored Products,908,4,4.13,10.97
10445,20240222,704,Sponsored Display,1201,15,7.0,36.63
10446,20240513,295,Sponsored Products,775,13,16.7,50.32
10447,20231229,308,Sponsored Products,593,7,6.63,21.53
10448,20230201,621,Sponsored Products,1197,15,24.3,108.07
10449,20240714,691,Sponsored Products,2073,40,22.88,42.02
10450,20231208,515,Sponsored Display,2884,54,27.16,106.4
10451,20250903,327,Sponsored Products,1575,31,28.25,120.16
10452,20251003,728,DSP,1839,21,19.82,125.01
10453,20240607,606,Sponsored Display,2915,13,7.93,36.19
10454,20240529,44,Sponsored Products,2002,29,36.72,207.88
10455,20251211,606,Sponsored Products,1552,14,11.81,68.59
10456,20260620,675,DSP,1491,25,20.85,128.79
10457,20250711,85,Sponsored Brands,2168,21,30.76,159.16
10458,20240621,447,Sponsored Products,1711,6,5.43,15.36
10459,20240915,12,Sponsored Display,1301,10,8.55,20.65
10460,20250624,728,Sponsored Products,741,8,7.87,19.86
10461,20250718,2,Sponsored Products,2980,37,32.16,156.25
10462,20241119,777,Sponsored Products,5184,94,94.63,255.23
10463,20250409,319,Sponsored Display,3793,59,94.5,475.19
10464,20230929,244,Sponsored Products,680,7,9.02,48.77
10465,20231004,101,DSP,924,3,3.51,17.69
10466,20230805,141,Sponsored Products,675,13,11.96,44.7
10467,20241010,530,Sponsored Products,1020,12,18.39,86.92
10468,20230304,486,Sponsored Brands,1531,14,22.63,54.22
10469,20260225,557,Sponsored Display,812,4,3.37,14.12
10470,20250622,446,Sponsored Products,802,14,17.5,102.79
10471,20230617,793,Sponsored Display,3333,16,24.94,159.87
10472,20251202,368,Sponsored Brands,981,6,6.13,30.3
10473,20240316,122,Sponsored Products,1436,16,8.68,20.46
10474,20230224,616,DSP,571,9,5.99,12.1
10475,20260622,704,Sponsored Brands,1305,24,28.47,83.94
10476,20260131,23,DSP,1125,20,28.49,141.23
10477,20240312,11,Sponsored Brands,1751,24,39.93,229.7
10478,20231102,205,Sponsored Brands,823,15,11.38,62.73
10479,20230719,706,Sponsored Display,1908,15,19.03,40.44
10480,20230211,607,DSP,660,10,9.16,51.31
10481,20241203,791,Sponsored Display,406,7,3.26,9.95
10482,20250110,269,Sponsored Brands,1627,23,20.99,52.22
10483,20260607,30,Sponsored Products,1063,15,20.82,86.16
10484,20230121,383,DSP,2228,26,24.79,48.47
10485,20240424,583,Sponsored Products,540,3,3.72,14.2
10486,20250831,36,Sponsored Products,862,4,3.67,23.68
10487,20250908,526,Sponsored Products,2059,31,27.81,166.85
10488,20230324,381,Sponsored Products,2308,29,13.22,76.76
10489,20260423,464,Sponsored Products,105,0,0.0,0.0
10490,20250104,253,Sponsored Products,3169,13,8.02,50.79
10491,20240626,702,Sponsored Display,769,2,2.68,10.33
10492,20250211,777,Sponsored Products,482,5,8.15,36.85
10493,20241021,468,Sponsored Products,1062,15,22.98,65.12
10494,20230911,602,Sponsored Products,903,3,5.01,31.06
10495,20250905,18,Sponsored Products,1387,5,2.03,9.11
10496,20231102,273,Sponsored Products,42,0,0.0,0.0
10497,20230617,297,Sponsored Display,1976,31,44.9,121.04
10498,20250326,258,Sponsored Brands,2068,36,53.71,268.06
10499,20231019,339,DSP,2606,50,59.46,332.99
10500,20231204,556,Sponsored Products,2211,14,12.17,76.42
10501,20230520,533,Sponsored Brands,2690,43,38.65,210.89
10502,20240607,184,Sponsored Display,1066,14,17.98,92.4
10503,20240728,302,Sponsored Products,4461,40,28.88,132.26
10504,20231005,106,Sponsored Brands,549,6,4.55,26.11
10505,20260611,54,Sponsored Display,2561,18,17.52,52.36
10506,20250617,409,Sponsored Products,3142,34,51.26,262.64
10507,20240809,354,Sponsored Brands,552,9,8.75,41.22
10508,20230414,234,Sponsored Products,2467,13,15.74,76.11
10509,20241026,402,DSP,787,14,6.08,20.37
10510,20230511,317,Sponsored Display,2454,33,56.53,303.3
10511,20240306,119,Sponsored Products,2142,18,15.75,81.43
10512,20231114,665,Sponsored Products,3268,25,33.77,99.89
10513,20230326,443,Sponsored Products,4288,83,114.71,279.41
10514,20240913,286,Sponsored Brands,2590,43,66.9,118.38
10515,20241105,122,Sponsored Products,981,18,12.02,53.36
10516,20240121,733,Sponsored Brands,2752,10,14.79,26.1
10517,20260629,729,Sponsored Display,1682,14,8.43,23.51
10518,20260104,675,Sponsored Brands,1298,7,8.13,20.61
10519,20240531,369,Sponsored Products,3059,58,90.94,312.42
10520,20260205,700,Sponsored Display,936,4,6.71,10.36
10521,20241020,521,Sponsored Brands,2184,11,17.77,34.02
10522,20251103,415,Sponsored Products,2215,20,16.77,55.05
10523,20230709,440,Sponsored Products,4281,83,116.91,747.09
10524,20230707,85,DSP,3759,61,108.57,629.48
10525,20230404,460,Sponsored Brands,1411,13,9.58,32.61
10526,20260109,447,Sponsored Products,702,5,3.79,16.56
10527,20250417,529,DSP,433,2,3.43,17.93
10528,20250829,669,Sponsored Display,352,5,3.2,6.77
10529,20240811,432,Sponsored Products,2714,8,7.07,20.44
10530,20240204,583,Sponsored Brands,1731,29,46.53,177.35
10531,20231121,609,Sponsored Brands,699,12,15.26,36.95
10532,20251001,469,DSP,527,2,3.31,12.97
10533,20251022,98,Sponsored Products,1910,32,17.09,44.41
10534,20241116,64,Sponsored Products,128,0,0.0,0.0
10535,20230505,404,Sponsored Products,177,2,1.66,2.83
10536,20260327,104,Sponsored Products,2630,33,44.58,111.7
10537,20260331,63,Sponsored Display,716,5,4.67,14.31
10538,20260125,20,Sponsored Products,1606,15,9.95,46.94
10539,20230111,17,Sponsored Products,2098,9,10.05,42.4
10540,20240314,493,Sponsored Brands,1247,10,12.33,71.32
10541,20260606,441,Sponsored Products,713,7,6.92,44.34
10542,20230302,304,Sponsored Products,1707,9,13.0,56.37
10543,20260610,419,Sponsored Products,242,3,3.23,16.73
10544,20240720,745,Sponsored Brands,967,3,3.88,13.52
10545,20241123,477,Sponsored Brands,2199,9,11.11,69.16
10546,20240720,109,Sponsored Products,965,8,7.64,35.14
10547,20250711,166,Sponsored Products,4195,54,77.43,221.02
10548,20240926,375,Sponsored Products,2085,37,20.1,110.4
10549,20240323,80,Sponsored Brands,1042,8,9.41,31.92
10550,20231101,331,Sponsored Brands,1630,30,53.77,101.34
10551,20230118,777,Sponsored Brands,2001,23,38.66,195.2
10552,20240613,689,Sponsored Products,493,4,7.16,40.16
10553,20250513,37,Sponsored Display,302,4,6.44,39.01
10554,20231022,550,Sponsored Products,3457,60,53.78,111.05
10555,20230805,507,Sponsored Products,2634,7,9.48,32.13
10556,20250304,228,Sponsored Display,1163,19,11.98,29.01
10557,20250616,268,Sponsored Display,1631,20,29.66,132.3
10558,20230121,330,Sponsored Products,2131,15,17.14,36.54
10559,20231209,506,Sponsored Products,4197,23,41.36,231.44
10560,20260414,690,Sponsored Display,1013,17,25.97,54.48
10561,20240404,619,DSP,1553,15,7.49,43.32
10562,20241214,86,Sponsored Products,136,1,0.49,1.18
10563,20260114,607,Sponsored Brands,418,6,6.78,13.95
10564,20260107,464,Sponsored Brands,791,11,14.78,78.4
10565,20241218,493,Sponsored Brands,1977,32,46.11,103.31
10566,20260313,444,Sponsored Display,1665,28,23.25,56.12
10567,20260307,213,Sponsored Display,2989,51,31.84,157.82
10568,20240125,757,Sponsored Products,827,3,5.22,18.99
10569,20230303,218,Sponsored Products,2062,25,33.67,100.95
10570,20250604,772,Sponsored Brands,3174,41,53.32,281.95
10571,20241003,352,Sponsored Products,1118,12,4.93,11.55
10572,20250415,178,Sponsored Products,3944,41,37.13,215.53
10573,20230525,493,Sponsored Brands,1916,32,51.28,327.45
10574,20230129,16,Sponsored Products,2109,25,42.52,235.02
10575,20241207,388,Sponsored Display,811,13,21.34,74.31
10576,20240917,580,Sponsored Products,1441,24,37.25,176.1
10577,20230106,273,Sponsored Products,768,10,6.91,35.66
10578,20240524,631,Sponsored Brands,1256,8,10.59,46.66
10579,20250217,723,Sponsored Brands,192,2,2.81,11.7
10580,20240829,162,Sponsored Brands,149,0,0.0,0.0
10581,20240704,546,DSP,5304,27,17.21,78.5
10582,20241015,437,Sponsored Products,3498,15,6.04,29.23
10583,20230423,249,Sponsored Products,3245,28,17.48,41.85
10584,20231002,534,Sponsored Products,1700,9,11.48,41.87
10585,20230714,764,DSP,248,1,0.89,3.34
10586,20250504,271,Sponsored Display,1505,7,9.24,39.72
10587,20251004,60,Sponsored Products,4518,55,93.46,385.31
10588,20240627,765,Sponsored Products,2042,12,5.51,14.25
10589,20230515,97,Sponsored Products,374,5,7.67,12.81
10590,20250727,787,Sponsored Products,384,3,3.48,12.07
10591,20250708,486,Sponsored Products,4130,49,87.44,530.9
10592,20230117,263,Sponsored Brands,1795,24,21.31,54.44
10593,20230910,206,Sponsored Products,2469,36,21.97,140.12
10594,20260517,535,Sponsored Brands,3575,67,29.41,120.24
10595,20250624,243,DSP,538,2,1.28,3.27
10596,20241106,159,Sponsored Products,2234,31,42.68,178.31
10597,20251124,478,Sponsored Brands,595,6,9.14,15.16
10598,20250123,754,Sponsored Products,1292,10,15.71,44.46
10599,20230214,369,Sponsored Brands,677,2,1.25,6.85
10600,20230201,183,Sponsored Products,632,10,14.09,31.94
10601,20230801,305,Sponsored Products,1050,15,16.2,45.22
10602,20230102,714,Sponsored Products,3380,19,15.29,50.6
10603,20230116,505,Sponsored Products,370,4,6.49,16.83
10604,20250908,207,Sponsored Brands,2487,17,28.75,138.47
10605,20250315,401,Sponsored Products,591,5,2.57,11.44
10606,20231013,507,Sponsored Products,2475,9,16.06,71.64
10607,20231210,340,Sponsored Products,2111,10,15.34,29.53
10608,20250923,359,Sponsored Display,2817,24,41.36,98.32
10609,20240819,9,Sponsored Products,869,8,7.37,26.02
10610,20260514,573,DSP,239,3,3.96,15.42
10611,20241115,618,Sponsored Products,672,6,7.54,27.51
10612,20240222,507,Sponsored Products,525,2,3.57,16.65
10613,20230616,318,Sponsored Brands,390,7,7.5,40.46
10614,20240206,356,Sponsored Display,738,7,9.23,38.22
10615,20260312,406,Sponsored Brands,1193,10,7.91,27.59
10616,20230814,355,DSP,4075,15,7.33,42.65
10617,20240330,528,Sponsored Brands,3411,52,49.5,74.44
10618,20260506,759,Sponsored Products,2562,21,33.36,77.49
10619,20241207,37,Sponsored Display,3627,18,26.19,117.91
10620,20241023,519,Sponsored Brands,204,3,3.66,9.93
10621,20250715,341,Sponsored Products,2142,35,47.97,213.74
10622,20240625,419,Sponsored Products,1268,6,3.8,19.73
10623,20250410,507,Sponsored Products,776,14,15.92,26.35
10624,20230716,498,Sponsored Brands,3232,9,13.06,69.25
10625,20250929,312,Sponsored Products,2800,51,82.31,134.75
10626,20260117,311,Sponsored Brands,2439,20,15.12,94.47
10627,20240506,554,Sponsored Brands,233,3,2.24,9.42
10628,20230121,291,Sponsored Products,1994,14,18.6,44.27
10629,20251102,780,Sponsored Display,596,6,4.93,26.28
10630,20230520,663,Sponsored Products,428,7,3.58,21.8
10631,20230822,44,DSP,1463,20,22.11,93.05
10632,20231008,24,Sponsored Display,708,4,2.57,13.22
10633,20240609,368,Sponsored Products,3039,43,34.87,202.92
10634,20240827,401,Sponsored Products,689,7,4.12,14.23
10635,20260407,394,Sponsored Brands,2322,22,37.93,225.52
10636,20250206,521,Sponsored Products,667,9,12.31,59.41
10637,20241123,763,Sponsored Products,1801,11,14.81,36.25
10638,20251221,646,Sponsored Display,861,7,3.92,9.04
10639,20250917,450,DSP,1264,21,24.64,86.1
10640,20250921,738,Sponsored Products,1457,24,13.45,48.08
10641,20251211,163,Sponsored Products,4681,57,27.63,92.11
10642,20231025,695,Sponsored Brands,3273,15,12.77,62.78
10643,20230910,153,Sponsored Brands,3512,23,25.34,128.91
10644,20240521,399,Sponsored Display,2136,23,15.48,92.73
10645,20250924,737,Sponsored Products,1432,4,3.49,21.72
10646,20230421,392,Sponsored Products,1033,9,4.96,16.36
10647,20260402,761,DSP,336,3,1.43,5.68
10648,20240909,175,Sponsored Display,2248,16,8.76,41.04
10649,20241211,469,Sponsored Brands,1040,6,9.97,50.76
10650,20240901,278,Sponsored Brands,217,4,2.2,7.39
10651,20240320,745,Sponsored Products,2452,19,32.92,149.52
10652,20250430,413,Sponsored Products,1928,33,39.63,94.58
10653,20230426,660,Sponsored Products,3005,40,30.14,167.64
10654,20250317,521,Sponsored Products,1116,5,7.77,27.25
10655,20240427,308,Sponsored Products,815,12,20.09,89.9
10656,20251119,360,Sponsored Brands,3086,22,11.6,70.91
10657,20230306,170,Sponsored Products,901,16,15.45,27.6
10658,20240801,535,Sponsored Brands,1327,4,6.09,34.51
10659,20231225,460,Sponsored Products,41,0,0.0,0.0
10660,20250915,579,Sponsored Products,5679,46,61.2,268.96
10661,20240125,63,Sponsored Products,710,6,10.44,65.27
10662,20230106,200,Sponsored Products,1993,36,43.38,73.34
10663,20231006,106,Sponsored Brands,365,6,7.91,20.06
10664,20230208,620,Sponsored Products,680,6,10.41,22.82
10665,20250826,735,Sponsored Products,793,14,24.17,145.49
10666,20250821,474,Sponsored Products,15,0,0.0,0.0
10667,20241022,252,Sponsored Products,1464,15,20.7,108.85
10668,20240417,15,Sponsored Products,1659,7,5.27,9.02
10669,20260420,448,Sponsored Products,905,6,8.15,49.55
10670,20230331,307,Sponsored Brands,705,10,4.07,11.57
10671,20250303,558,Sponsored Brands,2613,10,11.2,64.03
10672,20250527,466,Sponsored Products,238,4,5.09,17.77
10673,20250118,99,Sponsored Brands,1177,15,20.53,86.22
10674,20231003,572,Sponsored Products,1516,4,1.97,3.7
10675,20231212,712,Sponsored Brands,739,8,12.71,43.5
10676,20260430,366,Sponsored Products,489,7,9.29,49.09
10677,20260221,733,Sponsored Products,1879,18,17.92,78.18
10678,20231225,124,Sponsored Products,732,11,7.31,30.93
10679,20231029,488,Sponsored Products,1450,10,5.94,20.25
10680,20240828,426,Sponsored Brands,3199,48,21.99,88.32
10681,20241115,44,Sponsored Brands,813,15,7.3,20.06
10682,20250511,433,Sponsored Products,1944,8,6.53,14.37
10683,20240512,361,Sponsored Products,1717,20,22.0,63.51
10684,20260413,111,Sponsored Products,767,12,6.82,23.33
10685,20230929,670,Sponsored Products,1133,11,11.91,59.77
10686,20250612,462,DSP,351,4,5.42,11.01
10687,20251017,504,Sponsored Brands,199,3,3.24,10.82
10688,20241214,765,Sponsored Brands,4637,61,66.62,212.5
10689,20240329,340,Sponsored Products,752,14,8.15,47.21
10690,20230312,201,Sponsored Products,360,2,1.67,5.11
10691,20240608,150,Sponsored Brands,1839,27,46.36,147.0
10692,20230215,509,Sponsored Display,4399,78,43.26,91.83
10693,20230513,603,Sponsored Display,2895,30,13.43,27.98
10694,20240607,591,Sponsored Products,519,4,5.66,10.59
10695,20230417,278,DSP,1995,9,6.97,26.48
10696,20250111,480,Sponsored Products,982,11,18.47,50.73
10697,20230503,627,Sponsored Products,1340,7,5.2,33.39
10698,20250826,656,Sponsored Brands,3864,53,66.43,423.88
10699,20230915,787,Sponsored Products,910,13,14.09,35.4
10700,20260118,765,Sponsored Products,2943,36,20.73,112.49
10701,20230227,530,Sponsored Brands,398,4,4.59,10.43
10702,20230608,739,Sponsored Display,1558,14,11.43,49.13
10703,20251126,366,Sponsored Products,224,4,3.98,24.65
10704,20251230,594,Sponsored Display,1007,15,17.14,29.11
10705,20250430,360,Sponsored Products,2847,14,19.63,73.16
10706,20250621,485,Sponsored Products,1563,31,12.49,73.8
10707,20241128,642,Sponsored Brands,2153,35,45.9,123.26
10708,20260320,696,Sponsored Products,3960,60,79.89,168.37
10709,20260410,309,Sponsored Products,2484,14,18.21,100.42
10710,20241031,359,Sponsored Brands,1286,25,19.09,122.97
10711,20241211,56,Sponsored Products,1520,26,36.93,206.64
10712,20231027,214,Sponsored Products,981,14,15.45,95.4
10713,20230725,559,Sponsored Brands,1092,3,1.59,4.81
10714,20231204,517,Sponsored Brands,476,7,7.6,45.86
10715,20230717,478,Sponsored Products,1687,28,47.87,187.37
10716,20241227,391,Sponsored Products,1424,8,4.24,16.22
10717,20260316,123,Sponsored Products,1701,17,28.7,106.07
10718,20250327,15,Sponsored Display,510,8,8.92,37.81
10719,20250824,716,Sponsored Display,2704,53,49.18,270.39
10720,20230904,360,Sponsored Products,306,3,4.13,20.34
10721,20230903,359,DSP,1237,16,21.46,109.59
10722,20230911,742,Sponsored Products,2611,27,42.37,193.09
10723,20231028,284,Sponsored Brands,1371,12,11.6,24.45
10724,20241201,757,Sponsored Products,548,2,2.38,11.39
10725,20240719,157,Sponsored Display,513,5,4.34,9.64
10726,20240928,327,Sponsored Products,1509,20,21.96,41.17
10727,20230526,768,Sponsored Products,1706,10,5.7,24.37
10728,20230613,433,Sponsored Brands,872,11,5.32,13.45
10729,20250306,191,Sponsored Brands,2374,36,55.56,132.31
10730,20250217,49,Sponsored Display,1693,20,29.49,65.56
10731,20240922,151,Sponsored Display,3087,27,29.65,192.29
10732,20260629,170,Sponsored Products,721,2,3.13,10.47
10733,20250822,117,Sponsored Products,2297,42,40.85,128.18
10734,20241003,593,Sponsored Brands,1860,32,15.59,29.9
10735,20260517,19,Sponsored Display,2240,31,34.91,79.41
10736,20250228,499,Sponsored Products,1422,24,17.34,49.97
10737,20240401,741,Sponsored Products,1812,35,38.91,145.32
10738,20260227,157,Sponsored Brands,1764,8,9.46,43.48
10739,20250325,685,Sponsored Products,998,17,12.98,56.64
10740,20230310,110,Sponsored Products,1390,23,25.03,92.9
10741,20231108,741,DSP,607,4,2.83,5.01
10742,20250219,669,DSP,2208,35,23.32,111.58
10743,20260505,121,Sponsored Display,3131,18,24.13,53.74
10744,20241214,786,Sponsored Products,1337,17,19.79,71.32
10745,20240618,627,Sponsored Products,699,13,19.32,51.96
10746,20231226,554,Sponsored Products,2362,22,39.0,147.49
10747,20231203,779,Sponsored Display,465,2,2.15,4.97
10748,20250617,180,Sponsored Products,1523,10,5.39,30.53
10749,20240202,122,Sponsored Products,309,5,3.89,14.37
10750,20240913,275,Sponsored Brands,513,2,3.56,9.57
10751,20230726,571,Sponsored Products,431,7,6.24,17.2
10752,20250524,215,Sponsored Products,2868,28,12.4,21.38
10753,20251010,800,Sponsored Products,1358,20,26.06,71.32
10754,20260117,592,Sponsored Brands,596,9,5.78,25.12
10755,20230619,752,DSP,1312,16,26.67,144.13
10756,20240413,14,Sponsored Products,4045,13,16.46,72.91
10757,20230414,488,Sponsored Products,719,7,10.3,40.14
10758,20251226,478,Sponsored Products,7902,29,35.67,218.56
10759,20230618,774,Sponsored Display,1325,11,5.81,9.29
10760,20230320,353,Sponsored Products,656,6,5.03,18.05
10761,20251215,134,Sponsored Display,5891,103,51.23,301.9
10762,20230729,382,Sponsored Display,3416,20,29.81,120.62
10763,20230531,369,Sponsored Products,1433,16,12.76,23.45
10764,20250720,498,Sponsored Products,2301,26,22.37,127.66
10765,20240907,603,Sponsored Products,416,4,2.72,9.33
10766,20241102,340,Sponsored Brands,1231,19,26.81,169.68
10767,20240528,735,Sponsored Brands,1816,35,20.29,123.27
10768,20250929,754,Sponsored Brands,474,5,3.07,16.79
10769,20230610,41,Sponsored Products,6236,115,135.56,459.05
10770,20231223,578,DSP,6346,40,24.45,142.89
10771,20230725,261,DSP,1622,21,10.91,17.42
10772,20240403,272,DSP,945,14,24.28,107.42
10773,20230515,260,Sponsored Display,1050,20,31.21,148.57
10774,20260206,326,Sponsored Brands,1993,24,12.88,70.53
10775,20240112,237,Sponsored Products,3285,36,61.22,244.26
10776,20250310,718,Sponsored Products,2094,14,6.55,39.45
10777,20240119,579,Sponsored Products,1083,6,9.05,46.32
10778,20240127,487,Sponsored Display,1887,36,35.28,221.23
10779,20231027,725,Sponsored Brands,1206,4,5.5,31.17
10780,20231120,706,Sponsored Products,1405,11,5.44,10.44
10781,20240609,648,Sponsored Brands,674,7,9.64,28.4
10782,20250720,329,Sponsored Products,472,7,9.07,47.86
10783,20250820,618,Sponsored Display,643,2,1.87,5.03
10784,20250810,35,Sponsored Products,1591,16,14.89,42.93
10785,20230731,258,Sponsored Brands,1623,11,15.06,25.66
10786,20240203,74,DSP,1001,8,5.23,17.59
10787,20240409,49,Sponsored Brands,975,19,11.84,56.81
10788,20250717,606,Sponsored Brands,903,13,22.49,85.94
10789,20241224,456,Sponsored Products,5513,66,89.18,398.36
10790,20260219,518,Sponsored Products,1847,33,21.91,63.57
10791,20250309,391,Sponsored Products,3512,24,31.13,179.2
10792,20231229,302,Sponsored Brands,139,1,0.61,2.59
10793,20240502,477,Sponsored Display,1559,23,23.77,88.96
10794,20240228,261,Sponsored Products,1465,7,5.03,8.96
10795,20260509,255,Sponsored Display,4361,80,94.76,381.61
10796,20230609,437,Sponsored Brands,495,1,0.66,1.53
10797,20250918,563,Sponsored Products,2907,9,7.27,15.21
10798,20250917,790,Sponsored Brands,2173,17,18.09,75.73
10799,20231124,120,Sponsored Products,2053,33,30.43,191.15
10800,20260319,122,Sponsored Brands,1169,7,12.21,46.09
10801,20240303,163,DSP,630,8,10.95,59.98
10802,20240913,690,DSP,940,17,7.19,26.07
10803,20230804,297,Sponsored Products,200,2,1.05,1.86
10804,20260104,663,Sponsored Brands,1086,9,4.52,9.98
10805,20230710,167,Sponsored Products,2361,14,22.03,99.53
10806,20250909,524,DSP,1581,10,12.43,40.62
10807,20260522,185,Sponsored Brands,452,7,3.39,17.53
10808,20250711,286,Sponsored Products,7362,29,19.47,43.4
10809,20260301,513,Sponsored Brands,975,9,8.79,56.03
10810,20250527,68,Sponsored Products,2706,23,21.99,65.53
10811,20240719,799,Sponsored Products,2177,18,14.58,56.41
10812,20240514,714,DSP,1537,25,19.9,57.46
10813,20230418,117,Sponsored Brands,1328,14,11.33,26.88
10814,20230319,637,Sponsored Brands,935,6,5.53,25.7
10815,20240701,635,Sponsored Brands,1611,23,38.66,128.58
10816,20260103,751,Sponsored Products,644,9,15.18,78.93
10817,20240105,237,Sponsored Products,5518,34,23.03,136.18
10818,20260403,466,Sponsored Products,1671,15,22.42,38.27
10819,20260607,342,Sponsored Products,2778,15,13.55,42.85
10820,20250416,339,Sponsored Brands,448,4,7.07,23.22
10821,20230801,616,Sponsored Products,904,3,1.87,11.44
10822,20240212,781,Sponsored Products,602,8,3.55,6.08
10823,20240327,640,Sponsored Display,5275,78,136.11,608.07
10824,20230329,765,Sponsored Brands,1140,9,13.91,70.51
10825,20260602,187,Sponsored Products,113,1,1.47,2.24
10826,20230714,196,Sponsored Products,2786,40,28.53,159.72
10827,20231222,580,Sponsored Brands,1052,14,22.02,55.18
10828,20230714,7,Sponsored Products,1542,16,7.31,38.06
10829,20260602,585,Sponsored Brands,1561,6,10.01,23.66
10830,20230924,559,Sponsored Brands,3032,36,18.1,83.16
10831,20250426,304,Sponsored Products,654,10,17.77,100.43
10832,20251104,612,Sponsored Products,182,0,0.0,0.0
10833,20250427,756,Sponsored Products,2033,19,23.08,53.81
10834,20251115,608,Sponsored Products,365,5,2.09,8.99
10835,20250527,587,Sponsored Products,1809,23,28.97,169.06
10836,20241029,697,Sponsored Products,3932,21,12.3,18.58
10837,20240712,117,Sponsored Products,7651,32,24.45,110.84
10838,20251121,654,Sponsored Brands,2723,9,4.87,16.86
10839,20231020,646,DSP,1962,26,31.16,100.2
10840,20230811,153,Sponsored Products,321,1,1.17,3.61
10841,20240302,587,Sponsored Brands,898,5,5.07,11.79
10842,20251011,492,Sponsored Display,2339,32,56.82,341.27
10843,20231121,462,Sponsored Products,2821,42,32.62,69.43
10844,20251119,424,Sponsored Display,1884,7,5.65,14.38
10845,20250803,757,Sponsored Products,5675,64,73.38,236.27
10846,20260304,741,Sponsored Brands,874,9,8.34,41.71
10847,20230802,365,Sponsored Products,1774,15,16.64,64.6
10848,20241009,80,Sponsored Products,236,4,6.37,32.49
10849,20230726,273,Sponsored Display,698,5,2.46,6.24
10850,20240221,68,Sponsored Products,426,5,8.81,27.74
10851,20231221,121,DSP,1244,16,28.0,141.22
10852,20240219,553,Sponsored Products,1763,27,25.17,155.93
10853,20241225,491,Sponsored Products,1321,10,7.09,26.87
10854,20250125,748,Sponsored Brands,1097,17,21.78,125.88
10855,20250404,392,Sponsored Products,2000,19,30.2,111.07
10856,20231211,31,Sponsored Products,2943,36,55.02,113.73
10857,20250304,260,Sponsored Products,3510,56,58.64,349.67
10858,20241014,780,Sponsored Display,3177,30,22.31,107.56
10859,20240218,112,Sponsored Display,1260,5,4.94,23.02
10860,20230209,658,Sponsored Brands,267,3,4.07,10.4
10861,20260525,132,Sponsored Products,1079,8,4.22,26.61
10862,20240801,261,Sponsored Brands,1370,7,9.29,22.21
10863,20230225,406,Sponsored Brands,1210,8,9.3,43.89
10864,20250503,756,Sponsored Products,2819,37,46.92,243.98
10865,20230510,441,Sponsored Products,813,8,12.91,56.8
10866,20240714,38,Sponsored Products,484,3,4.36,25.7
10867,20250311,776,Sponsored Products,998,15,6.93,32.53
10868,20250710,207,Sponsored Brands,1049,8,7.14,16.83
10869,20250430,247,Sponsored Brands,1642,12,15.22,57.37
10870,20250810,186,Sponsored Brands,227,3,4.89,22.93
10871,20240808,159,Sponsored Products,1141,7,10.86,38.19
10872,20240520,503,Sponsored Brands,927,14,22.87,121.46
10873,20231010,631,Sponsored Products,1849,13,20.81,108.77
10874,20260529,22,Sponsored Brands,1595,6,4.49,26.78
10875,20240406,712,Sponsored Brands,1303,15,20.68,84.77
10876,20260621,690,Sponsored Brands,532,9,8.34,29.76
10877,20240812,571,DSP,1246,13,21.68,109.39
10878,20241008,145,Sponsored Products,556,5,5.42,19.3
10879,20230202,784,Sponsored Products,840,10,11.27,25.24
10880,20240519,153,Sponsored Products,2279,37,60.15,307.74
10881,20230328,385,Sponsored Products,584,7,8.68,25.81
10882,20231113,689,Sponsored Brands,605,10,5.29,33.15
10883,20250702,677,Sponsored Brands,2581,50,70.98,363.68
10884,20230225,297,Sponsored Products,2505,45,60.05,310.09
10885,20251121,257,Sponsored Products,1351,13,22.81,147.6
10886,20231020,104,DSP,729,10,13.9,34.92
10887,20230404,645,Sponsored Products,1231,11,18.2,57.81
10888,20240623,23,Sponsored Display,5519,60,94.56,330.56
10889,20251018,543,Sponsored Display,663,11,18.83,50.4
10890,20231003,218,Sponsored Products,157,2,3.26,8.58
10891,20260225,457,Sponsored Products,37,0,0.0,0.0
10892,20230702,288,Sponsored Display,914,7,4.26,7.8
10893,20250908,710,DSP,438,1,1.44,7.25
10894,20241130,511,Sponsored Brands,4039,74,80.91,194.26
10895,20240808,612,Sponsored Products,755,9,9.41,33.15
10896,20231207,109,Sponsored Products,2286,26,15.19,80.91
10897,20240206,287,Sponsored Products,1086,17,13.06,39.3
10898,20260307,316,DSP,554,4,4.56,17.5
10899,20240620,478,Sponsored Brands,2079,41,34.91,99.14
10900,20251213,569,Sponsored Display,1141,19,11.72,27.26
10901,20251027,562,Sponsored Products,553,6,7.2,13.69
10902,20250125,116,Sponsored Brands,1634,20,35.34,209.16
10903,20230929,418,Sponsored Brands,1110,16,26.95,96.52
10904,20251126,31,Sponsored Products,362,6,3.78,21.53
10905,20250208,269,Sponsored Products,1682,23,36.48,212.46
10906,20230615,348,Sponsored Brands,1395,25,41.05,82.5
10907,20240426,752,Sponsored Brands,2941,45,69.37,191.67
10908,20241119,728,Sponsored Brands,1065,8,12.74,45.61
10909,20250614,449,Sponsored Products,1952,28,44.37,208.37
10910,20250122,113,Sponsored Brands,1183,8,5.03,26.93
10911,20260502,391,Sponsored Brands,929,10,15.74,30.0
10912,20230206,683,Sponsored Brands,946,7,7.92,14.13
10913,20260210,237,Sponsored Products,606,8,7.44,16.32
10914,20251119,654,Sponsored Products,529,4,3.51,10.46
10915,20231228,584,Sponsored Display,1685,23,31.89,205.59
10916,20240420,353,DSP,3056,44,28.02,154.62
10917,20250708,765,Sponsored Products,836,12,20.45,124.64
10918,20251107,556,Sponsored Brands,735,9,11.35,63.41
10919,20250904,433,Sponsored Brands,1435,28,17.17,98.42
10920,20230324,564,Sponsored Brands,840,5,7.61,20.67
10921,20230415,4,Sponsored Products,654,2,1.46,9.15
10922,20250803,782,Sponsored Products,3349,32,23.56,89.56
10923,20240320,591,Sponsored Brands,1582,18,22.39,83.0
10924,20230813,224,Sponsored Products,1417,5,6.76,18.32
10925,20230923,459,Sponsored Products,2457,9,16.09,53.54
10926,20250116,286,Sponsored Products,1924,13,6.78,25.34
10927,20250914,572,Sponsored Products,1028,18,23.52,139.25
10928,20230827,281,Sponsored Products,5148,19,16.2,30.85
10929,20240615,22,Sponsored Products,5809,52,73.6,419.85
10930,20240416,781,Sponsored Products,669,5,4.21,10.55
10931,20250114,356,Sponsored Brands,2135,16,16.33,25.09
10932,20240128,253,Sponsored Products,1576,18,23.9,110.53
10933,20240802,779,DSP,4325,85,83.27,264.78
10934,20230530,690,Sponsored Products,1109,17,10.39,47.67
10935,20230330,68,Sponsored Brands,1076,10,14.41,90.17
10936,20240329,495,Sponsored Products,141,0,0.0,0.0
10937,20240123,9,Sponsored Display,1644,29,36.92,69.21
10938,20250609,372,Sponsored Brands,1006,3,3.48,10.29
10939,20241130,127,Sponsored Brands,6493,112,112.71,456.93
10940,20230112,600,Sponsored Display,353,3,5.16,24.53
10941,20241001,37,Sponsored Products,3758,69,110.55,222.31
10942,20241226,727,Sponsored Products,5530,88,133.89,457.12
10943,20250524,245,Sponsored Products,595,10,15.14,81.74
10944,20250523,215,Sponsored Products,718,8,5.44,9.8
10945,20231102,800,DSP,1439,11,13.52,61.93
10946,20240126,578,Sponsored Products,1050,13,12.06,74.14
10947,20260329,456,Sponsored Products,1317,23,30.86,196.28
10948,20241222,246,DSP,880,11,13.95,25.07
10949,20260405,764,Sponsored Products,1406,8,8.54,18.28
10950,20250210,764,Sponsored Display,622,9,14.93,24.48
10951,20230625,100,Sponsored Products,2642,34,17.09,52.5
10952,20251003,524,Sponsored Brands,321,4,6.74,31.89
10953,20241224,765,Sponsored Brands,3832,41,68.67,277.86
10954,20231013,222,Sponsored Brands,2287,24,38.13,113.65
10955,20250718,313,Sponsored Display,2155,7,4.69,7.75
10956,20230421,658,DSP,1121,3,3.27,12.25
10957,20240518,7,Sponsored Products,906,6,10.0,42.24
10958,20241212,220,Sponsored Brands,1933,18,22.44,74.09
10959,20260623,691,Sponsored Products,1514,24,41.99,229.11
10960,20260311,326,Sponsored Brands,851,15,21.71,43.26
10961,20230403,100,Sponsored Display,1452,27,18.6,90.82
10962,20241022,563,Sponsored Brands,908,13,19.17,67.5
10963,20240315,318,Sponsored Products,531,3,2.38,9.24
10964,20230630,62,Sponsored Products,684,6,9.18,15.11
10965,20251211,779,Sponsored Products,1104,10,17.56,61.79
10966,20241206,100,Sponsored Display,2802,28,44.38,80.18
10967,20240628,772,Sponsored Products,1750,15,18.56,74.97
10968,20230519,781,Sponsored Products,1753,15,23.73,49.78
10969,20260125,141,Sponsored Products,2159,19,28.28,113.82
10970,20251111,737,Sponsored Products,2706,24,15.04,88.89
10971,20260113,723,Sponsored Display,686,9,7.28,28.76
10972,20250208,778,Sponsored Products,2559,32,51.66,331.55
10973,20231112,529,Sponsored Products,1686,22,35.75,209.11
10974,20260502,291,Sponsored Display,3534,24,13.14,65.7
10975,20250117,169,Sponsored Display,1039,12,16.71,88.56
10976,20250214,318,DSP,715,8,10.06,57.84
10977,20260306,33,Sponsored Products,712,3,2.87,12.75
10978,20250505,800,Sponsored Products,1257,22,33.67,107.1
10979,20240519,252,DSP,2283,12,17.5,111.94
10980,20230312,105,Sponsored Products,2431,15,21.53,52.3
10981,20250410,729,Sponsored Products,1252,21,27.25,146.52
10982,20231031,121,Sponsored Brands,1284,22,21.79,71.49
10983,20230115,89,Sponsored Products,1794,23,20.74,65.62
10984,20231005,644,Sponsored Products,1212,22,37.04,135.72
10985,20260125,89,Sponsored Products,1450,11,11.48,35.79
10986,20240729,362,Sponsored Display,1293,22,36.75,181.76
10987,20250428,363,Sponsored Brands,153,2,0.91,2.27
10988,20240922,446,Sponsored Products,1091,4,5.75,31.32
10989,20260402,705,Sponsored Products,658,2,2.63,16.03
10990,20260329,638,DSP,1251,15,21.16,116.49
10991,20251219,787,Sponsored Brands,9132,100,100.54,546.8
10992,20250220,220,Sponsored Brands,498,6,5.74,8.66
10993,20230118,792,Sponsored Brands,2716,22,30.38,82.55
10994,20240924,372,Sponsored Brands,2277,44,56.92,213.32
10995,20241018,591,Sponsored Products,2384,26,20.61,131.68
10996,20240428,754,Sponsored Products,1223,5,5.06,10.79
10997,20231110,184,Sponsored Products,179,2,3.07,19.18
10998,20250518,16,Sponsored Products,6280,92,108.68,557.73
10999,20230902,498,Sponsored Products,2297,41,72.38,455.54
11000,20250607,511,Sponsored Brands,2900,41,57.18,312.08
11001,20250228,161,Sponsored Products,279,2,3.07,18.87
11002,20241214,342,Sponsored Products,2818,55,46.51,292.25
11003,20250705,395,Sponsored Products,1440,23,27.3,134.84
11004,20241119,67,Sponsored Products,1026,18,28.18,97.58
11005,20240521,112,Sponsored Brands,1006,9,5.77,21.05
11006,20230824,757,Sponsored Brands,5359,55,44.76,212.49
11007,20260115,518,Sponsored Products,771,7,7.89,34.84
11008,20260215,446,DSP,3124,42,74.28,143.21
11009,20240823,427,Sponsored Brands,683,8,7.1,27.97
11010,20260106,197,Sponsored Products,869,7,8.6,41.64
11011,20251129,724,Sponsored Products,2352,33,41.56,160.11
11012,20251113,34,Sponsored Products,923,13,18.05,82.39
11013,20240129,155,Sponsored Display,1276,13,9.86,41.26
11014,20240930,406,Sponsored Brands,3165,9,15.19,85.82
11015,20260505,119,Sponsored Products,226,4,6.23,17.89
11016,20240122,306,Sponsored Products,3152,30,12.44,76.7
11017,20251112,658,Sponsored Brands,1405,17,10.48,29.86
11018,20251031,75,Sponsored Brands,3089,36,56.6,322.09
11019,20240415,190,Sponsored Products,1151,14,10.62,48.05
11020,20250923,672,Sponsored Display,1014,9,7.38,29.12
11021,20241123,154,Sponsored Brands,359,1,1.45,6.09
11022,20241218,453,Sponsored Products,3519,23,19.35,37.18
11023,20231108,488,Sponsored Products,747,12,6.11,29.01
11024,20241229,213,Sponsored Products,1591,16,21.44,56.16
11025,20251226,560,Sponsored Brands,1669,20,26.98,105.74
11026,20230730,35,Sponsored Brands,366,3,4.14,14.89
11027,20231031,159,Sponsored Brands,1396,20,16.16,53.48
11028,20260421,100,Sponsored Brands,1710,6,7.08,42.71
11029,20250709,414,Sponsored Products,1189,5,5.89,30.21
11030,20230129,515,Sponsored Display,2200,24,31.96,84.45
11031,20250610,609,Sponsored Display,1212,6,7.29,38.62
11032,20230825,613,Sponsored Products,1512,6,4.67,24.93
11033,20240917,663,Sponsored Display,240,3,2.24,11.46
11034,20241229,53,Sponsored Products,1695,19,24.84,101.62
11035,20260108,442,Sponsored Products,1415,20,10.92,47.77
11036,20250203,772,Sponsored Products,2650,50,36.1,174.68
11037,20250703,704,Sponsored Products,89,1,1.35,7.03
11038,20241112,329,Sponsored Products,1806,26,11.51,36.89
11039,20230811,746,DSP,1479,16,16.73,26.19
11040,20240621,706,Sponsored Display,1076,7,12.15,29.03
11041,20231128,759,Sponsored Products,1389,16,22.47,104.95
11042,20230314,18,DSP,2754,21,16.3,43.03
11043,20240404,621,Sponsored Brands,839,8,8.77,15.06
11044,20230428,376,Sponsored Products,1085,13,19.9,80.89
11045,20260101,457,DSP,2519,47,24.95,70.71
11046,20250521,530,Sponsored Products,2139,37,34.4,109.89
11047,20230605,74,Sponsored Brands,474,7,6.77,13.1
11048,20250623,668,Sponsored Products,1575,28,47.1,262.76
11049,20260613,486,Sponsored Products,1544,7,3.16,5.16
11050,20241107,292,Sponsored Brands,4135,65,102.04,329.5
11051,20250819,593,Sponsored Brands,1880,34,50.63,261.31
11052,20230105,666,Sponsored Products,1728,26,23.89,142.51
11053,20250906,666,Sponsored Products,4819,61,44.8,140.79
11054,20260317,273,Sponsored Display,1729,22,28.7,76.88
11055,20230504,636,Sponsored Products,2463,42,49.78,124.6
11056,20260427,784,DSP,247,4,2.38,6.77
11057,20231110,407,Sponsored Products,524,6,5.58,12.96
11058,20250220,346,Sponsored Products,968,9,10.26,48.25
11059,20260125,431,Sponsored Brands,491,2,0.86,5.5
11060,20260407,562,Sponsored Brands,283,2,2.67,4.7
11061,20250828,509,Sponsored Products,739,12,13.18,84.13
11062,20230604,266,Sponsored Display,3559,53,80.32,314.1
11063,20260424,223,Sponsored Brands,790,10,9.07,34.06
11064,20230520,777,Sponsored Brands,621,11,15.97,86.52
11065,20230517,75,Sponsored Products,1618,31,33.16,49.83
11066,20250602,387,Sponsored Products,375,5,4.95,15.35
11067,20250117,669,Sponsored Brands,1162,6,4.27,24.32
11068,20260323,581,Sponsored Display,1647,26,35.32,58.1
11069,20260421,629,Sponsored Brands,376,2,0.98,6.06
11070,20230418,16,Sponsored Products,3429,30,19.3,105.65
11071,20241213,582,Sponsored Products,2245,15,20.51,43.19
11072,20250206,790,Sponsored Display,1461,13,11.02,18.59
11073,20240729,745,Sponsored Products,2770,16,9.14,43.52
11074,20250919,793,Sponsored Brands,64,0,0.0,0.0
11075,20260304,348,Sponsored Products,1790,21,30.73,182.16
11076,20241125,334,Sponsored Brands,1565,25,19.94,91.47
11077,20240704,445,Sponsored Products,1777,24,12.89,59.39
11078,20230405,57,Sponsored Products,144,1,1.32,8.24
11079,20241030,146,Sponsored Products,2063,12,14.33,72.01
11080,20250904,304,Sponsored Products,1811,14,13.42,86.29
11081,20240327,49,DSP,1625,9,11.27,39.86
11082,20250407,730,Sponsored Products,1585,7,7.91,29.65
11083,20250119,567,Sponsored Display,999,5,5.16,23.81
11084,20231023,244,Sponsored Products,1902,7,10.75,23.08
11085,20240130,206,Sponsored Display,827,7,2.97,8.04
11086,20231108,530,Sponsored Products,3745,48,27.2,133.67
11087,20250906,224,Sponsored Brands,911,3,3.75,11.66
11088,20250114,720,DSP,1633,18,17.9,109.97
11089,20260619,121,Sponsored Products,558,9,12.48,42.2
11090,20230610,495,Sponsored Products,1641,24,22.01,57.61
11091,20260521,39,Sponsored Brands,83,0,0.0,0.0
11092,20240826,40,Sponsored Display,1656,5,2.24,4.75
11093,20260326,561,DSP,2608,44,60.11,288.29
11094,20251102,245,Sponsored Products,503,4,4.87,16.27
11095,20230912,174,Sponsored Brands,2122,22,23.85,125.3
11096,20240427,782,Sponsored Display,2321,8,3.26,9.04
11097,20251021,229,Sponsored Brands,2101,27,34.1,106.33
11098,20230826,300,Sponsored Brands,2413,17,24.06,62.49
11099,20251120,753,Sponsored Products,3816,16,14.37,46.74
11100,20241217,520,Sponsored Brands,2886,17,11.8,50.45
11101,20260430,491,Sponsored Products,1182,20,28.06,154.23
11102,20260117,145,Sponsored Brands,2820,38,66.48,101.21
11103,20260201,612,Sponsored Products,1614,19,31.94,127.56
11104,20250213,770,Sponsored Products,2280,22,27.99,104.41
11105,20260617,180,DSP,402,7,12.52,54.06
11106,20230912,711,Sponsored Display,1706,20,11.57,30.89
11107,20230310,174,Sponsored Brands,1249,4,3.81,17.45
11108,20240511,634,Sponsored Brands,6508,35,61.69,172.44
11109,20250508,398,Sponsored Products,923,5,2.99,9.16
11110,20250607,417,Sponsored Display,1656,10,9.16,36.38
11111,20240719,309,Sponsored Products,2378,24,11.44,35.02
11112,20251108,551,Sponsored Products,41,0,0.0,0.0
11113,20260308,237,DSP,886,6,3.19,19.16
11114,20260206,124,Sponsored Products,971,11,13.92,85.92
11115,20240609,340,Sponsored Products,3009,56,69.35,249.75
11116,20240111,608,Sponsored Products,2679,41,22.26,40.95
11117,20230717,40,Sponsored Products,342,1,1.76,6.07
11118,20250310,476,Sponsored Products,5241,45,69.02,317.54
11119,20260629,435,Sponsored Products,279,5,7.52,26.22
11120,20241104,127,Sponsored Products,2272,40,43.64,72.18
11121,20260430,354,Sponsored Display,6333,33,35.9,141.39
11122,20260125,251,Sponsored Products,1606,11,11.95,70.55
11123,20240223,536,Sponsored Products,3223,36,33.96,172.88
11124,20230514,161,Sponsored Products,1849,29,44.83,208.93
11125,20251108,26,Sponsored Products,1981,38,25.95,105.34
11126,20230701,308,DSP,521,8,8.61,42.91
11127,20250822,742,Sponsored Brands,557,6,6.13,24.67
11128,20260127,140,Sponsored Products,1066,16,14.04,79.71
11129,20230705,378,Sponsored Products,430,3,4.58,22.74
11130,20230909,92,Sponsored Products,1592,23,38.82,153.6
11131,20260427,721,Sponsored Brands,2453,14,16.14,104.28
11132,20250130,100,Sponsored Brands,1206,21,14.12,67.23
11133,20240605,568,Sponsored Products,1209,19,12.51,47.6
11134,20251027,602,Sponsored Brands,1745,33,44.72,269.72
11135,20251217,536,Sponsored Display,2639,21,36.1,181.91
11136,20250707,696,Sponsored Products,3472,63,27.61,43.16
11137,20251007,498,DSP,1530,22,34.2,130.19
11138,20250415,173,Sponsored Products,777,13,17.37,76.83
11139,20250518,339,Sponsored Display,2296,27,25.51,93.42
11140,20230226,440,Sponsored Products,830,13,11.86,58.52
11141,20231208,277,Sponsored Products,643,12,9.54,33.44
11142,20250106,187,Sponsored Products,1261,23,15.36,49.19
11143,20250619,677,Sponsored Products,2588,18,30.44,134.12
11144,20250118,482,Sponsored Products,6025,28,27.75,46.51
11145,20250206,553,Sponsored Products,1388,24,10.95,19.4
11146,20231105,138,Sponsored Products,3560,16,25.05,157.78
11147,20240402,434,Sponsored Products,1863,16,14.74,36.03
11148,20230407,230,DSP,2721,8,9.21,15.2
11149,20230704,522,Sponsored Products,2482,39,33.34,94.99
11150,20250828,749,Sponsored Products,1453,12,19.05,51.08
11151,20240629,734,Sponsored Products,3432,24,29.04,184.64
11152,20250906,37,Sponsored Brands,298,3,2.01,11.59
11153,20240613,200,DSP,734,12,18.44,93.73
11154,20250607,500,Sponsored Products,581,7,5.99,10.0
11155,20250204,35,Sponsored Brands,1974,21,35.86,156.41
11156,20240722,63,Sponsored Products,3640,48,45.34,105.87
11157,20251009,366,Sponsored Brands,2715,18,8.85,17.9
11158,20251103,530,Sponsored Products,665,7,11.01,47.5
11159,20260528,20,Sponsored Brands,295,5,8.13,14.97
11160,20230129,148,Sponsored Products,2346,36,64.8,98.8
11161,20260602,101,Sponsored Products,1087,9,12.0,30.63
11162,20251211,331,Sponsored Brands,2235,24,25.17,132.99
11163,20230731,731,Sponsored Products,3305,56,79.49,449.21
11164,20250621,369,DSP,2088,34,53.63,328.46
11165,20250202,78,Sponsored Products,3177,49,81.17,136.2
11166,20250322,15,Sponsored Products,2803,23,15.55,61.52
11167,20251116,511,Sponsored Products,4223,26,44.86,101.62
11168,20230428,553,Sponsored Products,3420,32,47.15,159.1
11169,20240524,756,Sponsored Display,3579,29,31.38,178.33
11170,20240706,187,Sponsored Brands,813,16,21.36,116.93
11171,20250421,795,Sponsored Products,668,7,7.45,13.91
11172,20260111,94,Sponsored Products,1363,13,17.01,30.13
11173,20230314,7,Sponsored Brands,1928,37,39.67,77.71
11174,20250608,778,Sponsored Brands,2377,29,45.54,80.25
11175,20260220,233,Sponsored Brands,1298,8,7.64,41.21
11176,20241010,525,Sponsored Products,1029,8,5.67,25.99
11177,20260513,642,Sponsored Products,247,1,0.88,1.48
11178,20240812,470,Sponsored Products,2084,23,28.29,84.0
11179,20240708,73,Sponsored Products,2755,48,40.74,121.3
11180,20250221,680,Sponsored Products,1294,4,6.68,34.25
11181,20240908,732,Sponsored Display,1513,20,14.42,84.46
11182,20230904,717,Sponsored Display,2650,27,17.42,92.17
11183,20260223,477,Sponsored Brands,1669,20,12.68,32.7
11184,20230817,189,Sponsored Products,1299,7,11.64,23.27
11185,20250617,524,Sponsored Display,381,5,3.75,17.76
11186,20240815,512,Sponsored Brands,850,3,4.69,10.75
11187,20260509,116,Sponsored Products,2059,40,61.87,249.78
11188,20230820,657,DSP,3212,43,66.3,415.53
11189,20230309,116,Sponsored Products,308,5,4.07,25.84
11190,20240622,704,Sponsored Products,2708,19,27.61,66.77
11191,20231225,578,Sponsored Products,1995,20,18.52,47.42
11192,20250708,313,Sponsored Products,2703,33,19.64,31.04
11193,20230715,756,Sponsored Products,1635,20,15.05,57.82
11194,20230226,720,DSP,652,7,8.61,33.5
11195,20250401,408,Sponsored Brands,2612,49,54.68,114.18
11196,20250622,38,Sponsored Brands,864,13,9.1,51.08
11197,20250515,190,Sponsored Products,1742,27,41.94,141.42
11198,20240105,431,Sponsored Products,1154,13,13.35,20.76
11199,20251025,599,Sponsored Display,3006,17,20.7,63.77
11200,20231112,355,Sponsored Brands,1476,18,13.15,37.68
11201,20240611,758,Sponsored Brands,3049,23,31.55,145.19
11202,20250225,283,Sponsored Products,1659,5,8.39,34.24
11203,20240305,412,Sponsored Products,187,0,0.0,0.0
11204,20251019,333,Sponsored Brands,3398,61,57.65,221.82
11205,20251211,337,Sponsored Products,1996,39,44.83,230.91
11206,20250918,251,Sponsored Products,629,9,15.53,86.79
11207,20251123,665,DSP,1572,8,8.85,22.09
11208,20260122,365,Sponsored Display,4861,41,31.96,204.92
11209,20251211,629,Sponsored Products,891,9,9.22,20.33
11210,20240605,179,Sponsored Products,1380,4,3.71,19.35
11211,20230221,433,Sponsored Brands,2932,30,16.28,55.19
11212,20230619,187,Sponsored Products,669,11,13.28,72.4
11213,20240220,205,Sponsored Display,955,14,20.27,84.66
11214,20231022,440,Sponsored Brands,1890,31,51.54,229.18
11215,20250730,226,Sponsored Brands,2227,15,16.54,56.42
11216,20230419,567,Sponsored Products,313,1,0.5,2.96
11217,20250406,646,Sponsored Products,1272,5,7.38,44.48
11218,20251222,107,Sponsored Brands,9903,77,62.04,375.2
11219,20250124,423,Sponsored Display,2625,41,62.33,110.74
11220,20260226,728,Sponsored Display,1673,32,56.07,88.95
11221,20230222,427,Sponsored Products,385,4,2.01,11.33
11222,20230906,240,DSP,2077,23,27.6,47.1
11223,20230509,30,Sponsored Brands,1580,24,34.13,80.08
11224,20241209,25,Sponsored Products,989,13,5.92,30.09
11225,20250811,573,Sponsored Brands,2623,9,9.43,50.68
11226,20250102,464,Sponsored Brands,7414,39,26.8,129.31
11227,20250510,593,DSP,2897,52,47.59,209.79
11228,20241118,731,Sponsored Brands,1052,8,9.09,42.98
11229,20260309,741,Sponsored Products,799,11,18.36,95.4
11230,20260117,769,Sponsored Brands,5991,90,151.12,489.44
11231,20260315,495,DSP,1055,19,33.48,154.87
11232,20260512,422,Sponsored Brands,1659,28,27.96,95.69
11233,20241021,562,Sponsored Products,1674,8,5.29,10.09
11234,20230727,175,Sponsored Products,414,8,5.35,9.01
11235,20241017,338,Sponsored Products,645,4,3.6,5.73
11236,20231126,704,Sponsored Products,3488,15,13.72,36.18
11237,20260405,26,Sponsored Brands,973,6,10.14,26.23
11238,20260511,267,Sponsored Products,2210,39,51.52,100.51
11239,20250614,598,Sponsored Products,2044,20,34.6,86.07
11240,20231031,189,Sponsored Products,2536,33,13.81,72.64
11241,20240929,24,Sponsored Display,2695,8,4.67,10.75
11242,20240216,356,Sponsored Brands,1102,16,26.2,97.68
11243,20230426,523,DSP,1351,16,21.2,135.79
11244,20231223,47,Sponsored Products,5105,72,92.31,553.34
11245,20250403,773,Sponsored Brands,259,3,4.97,17.07
11246,20240911,772,Sponsored Brands,555,6,7.68,12.71
11247,20260426,584,Sponsored Brands,1032,6,6.47,10.51
11248,20260104,197,Sponsored Products,457,6,10.58,31.09
11249,20250129,664,Sponsored Display,630,10,8.71,53.92
11250,20260624,242,Sponsored Brands,925,17,29.92,51.24
11251,20260624,575,Sponsored Brands,1134,16,15.77,58.41
11252,20230924,489,Sponsored Brands,634,11,6.5,25.98
11253,20240304,207,Sponsored Products,473,3,1.33,8.45
11254,20230721,675,Sponsored Products,858,14,6.88,14.72
11255,20251023,484,Sponsored Products,1304,9,8.48,15.19
11256,20240207,356,Sponsored Products,552,9,6.11,20.51
11257,20240704,75,Sponsored Products,4111,80,58.42,226.02
11258,20250903,216,Sponsored Display,1170,21,20.49,48.14
11259,20260325,502,Sponsored Brands,2310,24,25.24,80.31
11260,20251018,725,Sponsored Brands,1236,15,6.49,41.0
11261,20260611,379,Sponsored Products,213,1,1.73,6.37
11262,20240709,30,Sponsored Products,23,0,0.0,0.0
11263,20230412,658,Sponsored Products,1311,21,35.48,103.21
11264,20231225,658,Sponsored Brands,1346,21,23.55,97.31
11265,20250131,401,Sponsored Products,30,0,0.0,0.0
11266,20240313,718,Sponsored Products,3508,52,78.02,303.09
11267,20250607,524,Sponsored Products,2202,33,23.94,87.43
11268,20240826,535,Sponsored Brands,1798,18,15.07,48.08
11269,20230523,233,Sponsored Products,931,13,23.1,133.4
11270,20240430,274,Sponsored Display,1375,14,8.3,20.41
11271,20240419,309,Sponsored Display,727,3,2.29,14.1
11272,20250915,772,Sponsored Products,1074,8,7.21,34.04
11273,20250219,491,Sponsored Brands,1608,26,39.83,76.4
11274,20240527,346,Sponsored Products,6658,132,224.11,341.46
11275,20260327,579,Sponsored Brands,620,5,5.9,16.92
11276,20231203,372,Sponsored Products,877,14,17.43,39.3
11277,20250918,2,Sponsored Products,884,4,6.19,30.87
11278,20230705,459,DSP,1015,5,2.14,12.61
11279,20251118,508,Sponsored Display,971,11,15.21,33.83
11280,20230519,78,Sponsored Products,2792,28,26.21,63.25
11281,20241209,206,Sponsored Brands,460,7,6.91,23.71
11282,20230410,725,Sponsored Display,1401,26,43.72,212.28
11283,20250714,97,Sponsored Brands,2485,12,9.43,31.69
11284,20230116,278,Sponsored Products,386,4,7.04,30.3
11285,20251017,655,Sponsored Brands,853,8,9.63,23.7
11286,20250918,638,Sponsored Products,511,4,2.24,10.76
11287,20230112,659,Sponsored Brands,1494,25,19.59,70.35
11288,20230720,80,Sponsored Brands,1572,23,24.34,37.12
11289,20230510,478,DSP,2075,34,27.55,60.44
11290,20230502,308,DSP,3354,57,53.37,257.42
11291,20230323,234,Sponsored Brands,395,6,9.21,20.61
11292,20230621,413,Sponsored Display,1884,33,54.43,143.44
11293,20230112,80,Sponsored Products,782,9,4.24,11.42
11294,20230215,195,Sponsored Products,1794,5,3.92,20.46
11295,20240418,34,Sponsored Products,2634,26,15.31,51.45
11296,20251223,245,Sponsored Products,2569,49,34.13,128.16
11297,20250708,117,DSP,547,5,4.25,10.09
11298,20250505,182,Sponsored Brands,706,12,11.18,23.26
11299,20250607,208,Sponsored Products,2198,34,58.1,226.62
11300,20240730,236,DSP,2622,15,9.77,22.6
11301,20240413,761,Sponsored Display,383,4,5.2,33.58
11302,20230913,58,Sponsored Products,2013,12,12.56,43.81
11303,20240905,17,Sponsored Display,211,0,0.0,0.0
11304,20260501,585,Sponsored Display,1443,27,27.29,98.66
11305,20250226,106,Sponsored Products,1930,15,26.97,93.03
11306,20240107,740,Sponsored Products,1666,14,22.73,58.33
11307,20231010,184,Sponsored Products,1577,14,21.74,101.0
11308,20240714,712,Sponsored Products,1348,20,28.05,67.73
11309,20240702,347,Sponsored Products,2468,23,27.4,100.43
11310,20230123,427,DSP,556,3,1.72,2.77
11311,20230919,484,Sponsored Display,1218,5,7.44,43.93
11312,20250918,347,Sponsored Products,2383,13,6.56,24.61
11313,20230605,720,Sponsored Brands,5864,85,93.38,545.87
11314,20251005,550,Sponsored Display,769,5,4.48,28.61
11315,20240718,142,Sponsored Brands,2058,25,16.34,42.27
11316,20231231,118,Sponsored Brands,995,13,5.35,13.92
11317,20241020,266,Sponsored Products,1076,4,4.97,25.42
11318,20230202,173,Sponsored Products,1751,31,13.23,82.56
11319,20240131,267,Sponsored Brands,1183,18,19.56,54.82
11320,20240524,319,Sponsored Products,207,0,0.0,0.0
11321,20231114,311,Sponsored Display,2266,15,17.69,42.81
11322,20250424,275,Sponsored Brands,895,17,9.39,58.78
11323,20241205,302,DSP,775,10,9.8,23.66
11324,20251225,435,Sponsored Display,1915,33,16.13,39.87
11325,20260401,192,Sponsored Products,995,19,19.62,33.42
11326,20240322,621,Sponsored Brands,638,7,12.08,77.49
11327,20231120,310,Sponsored Brands,404,6,6.69,42.75
11328,20251021,777,Sponsored Brands,2360,39,35.81,61.87
11329,20230402,30,Sponsored Products,749,11,14.35,56.89
11330,20260503,417,Sponsored Products,929,15,21.65,40.53
11331,20230303,18,Sponsored Products,580,8,9.59,29.31
11332,20250311,369,Sponsored Products,3685,22,18.25,109.42
11333,20241122,202,Sponsored Brands,2040,25,12.14,69.53
11334,20231231,725,Sponsored Brands,780,12,20.69,69.58
11335,20251009,398,Sponsored Products,1062,5,3.2,16.74
11336,20230410,633,Sponsored Products,2324,31,34.78,95.47
11337,20250409,100,Sponsored Products,855,8,5.4,10.78
11338,20241012,763,Sponsored Products,705,9,8.47,45.6
11339,20230116,122,Sponsored Brands,980,8,5.92,23.25
11340,20230915,216,Sponsored Products,2456,38,49.15,88.24
11341,20240218,253,Sponsored Products,314,4,5.17,19.66
11342,20231117,315,Sponsored Products,5152,34,39.49,125.19
11343,20250206,563,Sponsored Brands,94,0,0.0,0.0
11344,20240228,254,Sponsored Display,511,5,7.81,20.43
11345,20251227,591,Sponsored Products,677,8,9.11,58.6
11346,20250305,387,Sponsored Brands,495,4,1.67,6.98
11347,20250210,613,Sponsored Brands,2060,39,49.39,113.78
11348,20260622,666,Sponsored Products,833,5,8.87,17.53
11349,20230324,498,Sponsored Products,3795,53,78.63,268.22
11350,20251015,482,Sponsored Products,838,9,9.38,55.67
11351,20230822,42,Sponsored Brands,458,3,4.92,30.53
11352,20250831,377,DSP,538,5,6.35,9.85
11353,20231231,194,DSP,1002,5,6.75,36.36
11354,20230121,95,Sponsored Display,877,4,2.84,12.28
11355,20240209,413,Sponsored Products,1566,24,27.91,154.45
11356,20260421,37,Sponsored Products,1888,29,24.75,160.51
11357,20250629,706,Sponsored Brands,1711,21,35.51,129.83
11358,20230204,399,Sponsored Products,2403,28,14.36,48.1
11359,20260601,235,Sponsored Products,574,9,7.83,45.75
11360,20250312,675,Sponsored Products,1434,10,4.04,15.02
11361,20260502,664,Sponsored Brands,5457,59,51.29,328.3
11362,20230509,23,Sponsored Products,1960,31,16.0,37.92
11363,20230324,373,Sponsored Brands,358,4,4.74,18.38
11364,20260626,46,Sponsored Products,2140,30,53.84,146.52
11365,20240403,533,Sponsored Brands,3536,18,20.49,90.66
11366,20250209,765,Sponsored Display,699,11,14.59,77.66
11367,20260327,447,Sponsored Products,61,1,0.86,4.07
11368,20241010,754,Sponsored Brands,521,5,4.43,19.17
11369,20231004,597,DSP,998,3,3.22,4.98
11370,20250406,284,Sponsored Display,706,10,12.12,43.96
11371,20230906,78,Sponsored Brands,551,5,8.77,54.8
11372,20230708,788,Sponsored Products,500,1,0.63,3.96
11373,20260111,619,Sponsored Brands,1160,14,12.51,52.53
11374,20250322,729,Sponsored Brands,1223,12,13.35,58.55
11375,20230812,587,Sponsored Products,143,2,1.12,7.21
11376,20250717,488,Sponsored Products,2933,12,10.83,18.49
11377,20250506,280,Sponsored Products,799,2,3.02,17.37
11378,20250309,603,Sponsored Brands,891,3,2.07,13.1
11379,20230408,306,DSP,1141,17,9.12,47.29
11380,20230709,59,Sponsored Brands,214,1,1.18,3.07
11381,20231126,744,Sponsored Brands,4119,14,24.57,141.01
11382,20231108,220,DSP,4641,89,38.97,227.14
11383,20250227,118,Sponsored Display,1400,6,8.29,28.33
11384,20260407,275,Sponsored Display,3366,21,21.49,122.93
11385,20250917,151,Sponsored Products,757,11,16.7,45.23
11386,20240524,619,Sponsored Brands,562,8,3.77,10.48
11387,20230223,102,Sponsored Products,378,4,6.37,28.57
11388,20240921,130,Sponsored Products,2350,39,15.98,36.13
11389,20230430,290,Sponsored Products,682,2,3.11,6.3
11390,20230829,279,Sponsored Products,1710,7,11.99,56.06
11391,20250904,49,Sponsored Display,97,0,0.0,0.0
11392,20250709,203,Sponsored Products,2031,20,9.89,19.2
11393,20241023,556,Sponsored Display,1520,6,10.76,60.31
11394,20230108,740,Sponsored Display,3960,63,60.48,284.33
11395,20240313,286,Sponsored Display,1149,16,24.04,108.75
11396,20231015,417,Sponsored Products,765,15,21.83,70.04
11397,20241205,432,Sponsored Products,1510,12,11.87,46.14
11398,20260325,483,Sponsored Products,682,5,2.91,14.8
11399,20230121,161,Sponsored Display,2650,47,43.27,156.91
11400,20240220,290,Sponsored Display,378,5,7.3,28.5
11401,20240118,183,Sponsored Brands,1123,9,15.21,78.87
11402,20231010,330,Sponsored Products,318,6,8.05,39.49
11403,20251022,356,Sponsored Display,1718,32,46.29,299.28
11404,20241028,421,Sponsored Brands,3731,12,15.73,53.6
11405,20241114,708,Sponsored Products,1071,13,21.61,94.85
11406,20250311,518,Sponsored Products,1850,16,16.33,78.22
11407,20260228,48,Sponsored Display,3854,56,82.75,523.88
11408,20250605,649,Sponsored Products,2088,14,5.89,13.72
11409,20231115,445,Sponsored Products,1140,21,14.83,68.09
11410,20250604,743,Sponsored Brands,755,5,2.1,7.82
11411,20231009,746,Sponsored Brands,4134,40,71.85,444.42
11412,20250219,680,DSP,1084,20,22.58,145.14
11413,20241229,521,Sponsored Display,4032,53,52.68,274.36
11414,20230402,562,Sponsored Products,874,4,3.52,14.94
11415,20230222,546,Sponsored Brands,1187,16,23.47,57.11
11416,20240127,548,Sponsored Display,3136,41,54.82,186.73
11417,20260207,350,Sponsored Products,673,3,1.92,6.49
11418,20260210,264,Sponsored Display,1771,10,9.91,25.69
11419,20260522,82,DSP,990,3,4.98,8.19
11420,20251225,194,DSP,3167,41,50.0,161.88
11421,20240909,653,Sponsored Products,696,7,11.28,31.78
11422,20240413,128,Sponsored Products,2061,10,15.15,87.17
11423,20240127,349,Sponsored Products,2636,28,46.3,129.07
11424,20230501,407,Sponsored Products,1129,21,16.75,43.81
11425,20250712,280,DSP,7610,151,116.43,663.4
11426,20250501,417,Sponsored Display,2314,22,32.13,136.5
11427,20250823,273,Sponsored Display,1172,21,16.01,93.33
11428,20230813,130,Sponsored Brands,2251,8,7.47,23.8
11429,20240528,383,Sponsored Brands,808,8,12.01,39.85
11430,20230326,448,Sponsored Display,833,15,7.51,40.48
11431,20251031,791,Sponsored Products,989,18,29.68,134.33
11432,20251026,604,Sponsored Products,1662,6,7.1,21.04
11433,20250919,188,Sponsored Brands,1780,6,2.94,15.62
11434,20240308,365,Sponsored Products,866,3,3.73,10.48
11435,20250327,325,DSP,727,3,2.76,7.35
11436,20260226,16,Sponsored Products,1589,31,30.97,148.44
11437,20250420,233,Sponsored Products,265,3,4.99,22.51
11438,20230427,139,Sponsored Brands,246,1,1.64,9.3
11439,20240414,506,Sponsored Products,1005,5,7.67,27.84
11440,20231109,90,DSP,1809,10,12.18,18.51
11441,20251111,460,Sponsored Brands,1721,22,23.72,55.74
11442,20250216,72,Sponsored Display,955,12,12.96,61.76
11443,20231009,708,Sponsored Products,326,6,7.25,14.82
11444,20250213,741,Sponsored Brands,264,2,2.35,15.03
11445,20260205,429,Sponsored Brands,235,3,5.38,22.63
11446,20260613,670,Sponsored Brands,3543,50,83.92,374.11
11447,20230216,748,Sponsored Display,1796,5,5.83,21.78
11448,20231104,323,Sponsored Products,712,13,20.39,61.56
11449,20250410,509,Sponsored Display,185,1,1.1,5.46
11450,20260317,684,Sponsored Display,1035,9,3.88,18.48
11451,20230322,317,Sponsored Brands,1026,6,8.89,40.23
11452,20231029,93,Sponsored Brands,2714,32,16.23,43.22
11453,20240403,495,Sponsored Products,2114,21,26.15,89.75
11454,20251023,531,Sponsored Brands,1829,15,20.0,62.38
11455,20231018,232,Sponsored Products,1781,23,19.06,93.13
11456,20241212,648,Sponsored Brands,461,6,8.85,13.89
11457,20260509,16,Sponsored Products,569,2,2.28,4.43
11458,20240320,363,Sponsored Products,572,4,2.32,3.83
11459,20240129,132,Sponsored Products,1395,15,15.52,29.09
11460,20250816,178,Sponsored Products,786,10,16.92,82.15
11461,20240128,334,Sponsored Display,181,3,3.47,16.7
11462,20241117,150,DSP,2213,34,45.34,180.71
11463,20230815,177,Sponsored Products,2170,28,14.06,51.59
11464,20250414,602,Sponsored Display,2128,23,36.2,88.06
11465,20240810,464,Sponsored Products,1500,21,21.6,64.3
11466,20251207,494,Sponsored Brands,282,3,1.67,4.15
11467,20230708,44,Sponsored Brands,949,5,3.61,13.24
11468,20260530,257,Sponsored Products,1115,9,13.47,65.36
11469,20240519,542,Sponsored Display,1973,7,4.17,13.93
11470,20241202,792,DSP,491,9,14.59,25.75
11471,20230718,642,Sponsored Display,1814,12,11.01,47.57
11472,20230310,178,Sponsored Display,935,9,8.02,41.13
11473,20230518,733,Sponsored Products,508,1,1.27,7.12
11474,20230324,24,Sponsored Brands,2677,52,26.17,41.04
11475,20250530,573,Sponsored Display,476,4,3.92,13.74
11476,20230921,57,Sponsored Brands,593,4,5.68,15.84
11477,20260512,302,Sponsored Brands,513,7,6.16,39.76
11478,20251119,411,Sponsored Brands,1973,14,9.58,40.96
11479,20230507,492,Sponsored Display,2009,13,15.18,93.55
11480,20230507,51,Sponsored Brands,1900,29,13.84,74.93
11481,20260622,61,Sponsored Display,1665,5,4.91,25.95
11482,20260123,518,Sponsored Brands,814,5,6.28,32.2
11483,20241124,93,Sponsored Brands,4401,36,53.13,119.73
11484,20230204,247,Sponsored Brands,2490,47,84.55,405.44
11485,20240117,549,Sponsored Brands,275,3,2.56,4.96
11486,20251122,458,Sponsored Products,2360,13,5.81,33.0
11487,20250807,691,Sponsored Display,1330,23,35.03,148.12
11488,20240926,63,Sponsored Products,425,5,8.18,25.7
11489,20240527,346,Sponsored Products,115,0,0.0,0.0
11490,20240627,627,Sponsored Display,798,9,4.43,24.62
11491,20240521,630,Sponsored Products,658,5,7.69,31.88
11492,20260417,730,Sponsored Display,3470,44,40.39,147.12
11493,20240612,281,DSP,905,4,5.62,17.27
11494,20230211,231,Sponsored Products,560,3,4.12,6.97
11495,20250205,382,Sponsored Brands,830,5,3.33,8.72
11496,20241211,312,Sponsored Products,536,7,9.58,39.6
11497,20250312,509,Sponsored Brands,1528,14,6.97,31.04
11498,20241030,343,Sponsored Brands,488,2,1.94,5.49
11499,20250505,415,Sponsored Brands,1452,27,46.79,221.82
11500,20230411,439,Sponsored Products,478,7,6.04,37.61
11501,20260114,166,Sponsored Display,2749,52,71.2,309.02
11502,20250327,167,Sponsored Products,1173,19,24.02,106.74
11503,20260503,695,Sponsored Products,294,2,1.9,3.84
11504,20240709,375,Sponsored Brands,1563,5,5.31,18.76
11505,20250502,579,Sponsored Display,610,9,13.34,33.74
11506,20250712,344,Sponsored Brands,9546,182,91.92,155.29
11507,20231019,416,Sponsored Brands,2861,22,10.75,56.03
11508,20240227,659,DSP,258,1,0.71,1.91
11509,20250420,62,DSP,1282,8,4.11,18.03
11510,20231124,216,Sponsored Brands,1653,15,13.47,77.6
11511,20241005,332,Sponsored Products,2871,24,28.23,48.71
11512,20230324,752,Sponsored Products,3665,15,17.06,35.0
11513,20250507,127,Sponsored Brands,365,7,4.23,21.57
11514,20230722,11,Sponsored Products,662,10,8.65,47.32
11515,20260518,787,Sponsored Products,2571,22,27.75,163.18
11516,20240124,795,Sponsored Brands,1156,4,3.6,18.07
11517,20260501,445,Sponsored Products,507,6,5.06,32.89
11518,20230313,686,Sponsored Products,2398,8,9.16,53.37
11519,20240417,478,Sponsored Products,1364,11,18.76,36.28
11520,20230718,192,Sponsored Display,481,1,1.79,4.24
11521,20250525,632,Sponsored Products,1523,11,7.04,39.91
11522,20240117,83,Sponsored Display,1881,18,10.92,67.55
11523,20260526,23,Sponsored Brands,2859,48,35.9,215.13
11524,20241126,4,Sponsored Brands,1216,9,14.4,79.5
11525,20250414,17,Sponsored Products,244,2,1.87,7.93
11526,20230125,511,Sponsored Brands,1529,21,32.64,131.86
11527,20230605,328,Sponsored Brands,361,2,3.46,21.6
11528,20230206,800,Sponsored Products,486,7,12.23,23.55
11529,20230204,637,Sponsored Display,636,11,8.25,34.26
11530,20230227,625,DSP,3003,31,51.62,315.0
11531,20251204,655,Sponsored Brands,879,7,6.62,24.96
11532,20260124,370,Sponsored Products,795,8,9.92,39.77
11533,20230913,585,Sponsored Products,514,8,10.33,54.02
11534,20230713,220,Sponsored Products,1097,12,10.37,27.93
11535,20231125,343,Sponsored Display,588,11,14.4,88.82
11536,20260511,405,DSP,508,8,13.9,82.37
11537,20250309,764,DSP,749,9,8.53,17.85
11538,20231127,311,Sponsored Display,4338,27,17.62,70.0
11539,20251205,545,Sponsored Products,2982,26,32.07,159.63
11540,20240917,696,Sponsored Products,1201,16,7.67,46.38
11541,20231115,786,Sponsored Products,2833,13,22.09,112.85
11542,20250530,21,Sponsored Brands,526,8,6.95,44.36
11543,20250601,11,Sponsored Products,1839,10,12.45,36.33
11544,20251218,785,Sponsored Brands,6817,113,94.64,269.68
11545,20240521,711,DSP,689,12,6.53,40.95
11546,20240106,167,Sponsored Display,1927,15,9.62,36.41
11547,20231218,504,Sponsored Brands,2234,13,5.95,32.4
11548,20230504,481,Sponsored Products,3004,30,43.45,130.92
11549,20240616,646,Sponsored Products,1095,7,3.61,17.69
11550,20250501,778,Sponsored Products,1600,25,30.16,185.88
11551,20251021,377,Sponsored Products,928,17,23.24,132.25
11552,20230612,396,Sponsored Products,799,4,4.23,6.79
11553,20241220,771,Sponsored Display,2036,38,21.08,78.87
11554,20240811,589,Sponsored Display,1210,15,15.4,41.84
11555,20260127,245,Sponsored Brands,2346,25,36.7,114.68
11556,20240326,508,Sponsored Products,626,2,1.02,4.83
11557,20260407,41,Sponsored Products,1237,17,22.85,93.77
11558,20240622,272,Sponsored Display,4129,42,49.22,252.45
11559,20240212,119,DSP,673,5,8.09,18.21
11560,20231104,53,Sponsored Brands,1125,9,6.09,18.11
11561,20251120,267,Sponsored Display,308,5,2.63,16.43
11562,20241016,702,Sponsored Products,2252,12,21.06,67.89
11563,20260211,315,Sponsored Products,2110,24,22.65,141.75
11564,20230707,746,Sponsored Display,3195,50,65.39,114.86
11565,20251009,713,Sponsored Brands,2968,51,34.74,68.08
11566,20250919,366,Sponsored Products,1453,7,10.72,62.2
11567,20240823,188,Sponsored Products,1585,27,32.9,69.13
11568,20251217,414,Sponsored Products,1473,10,9.61,41.01
11569,20231107,287,Sponsored Products,809,2,2.82,13.09
11570,20250422,476,Sponsored Products,90,0,0.0,0.0
11571,20260404,680,Sponsored Brands,1878,10,14.72,49.86
11572,20250926,195,Sponsored Products,362,4,5.36,23.21
11573,20240404,235,Sponsored Products,1320,20,22.63,37.37
11574,20250531,776,DSP,381,3,3.1,5.05
11575,20241107,556,Sponsored Display,826,8,14.16,71.17
11576,20240427,285,Sponsored Brands,1565,7,11.98,74.47
11577,20251028,457,Sponsored Products,2470,42,41.45,117.42
11578,20250403,324,Sponsored Products,1776,33,36.94,189.31
11579,20230204,165,Sponsored Display,1332,11,12.52,37.57
11580,20230327,493,Sponsored Display,1462,21,28.66,60.32
11581,20250221,123,Sponsored Products,589,2,2.08,6.34
11582,20260407,605,Sponsored Products,827,2,1.21,2.04
11583,20240201,169,Sponsored Products,1340,12,6.23,19.68
11584,20251004,467,Sponsored Products,4051,53,36.8,100.46
11585,20241006,735,Sponsored Display,3182,53,69.05,123.14
11586,20230111,632,Sponsored Brands,1965,10,7.2,41.59
11587,20251215,126,Sponsored Products,3200,44,63.73,288.58
11588,20230908,636,Sponsored Display,924,3,3.0,8.75
11589,20250417,504,Sponsored Products,1294,19,20.68,53.51
11590,20260630,664,Sponsored Display,2440,36,18.02,52.39
11591,20230827,341,DSP,2253,17,7.29,46.74
11592,20250411,726,Sponsored Brands,1126,11,16.1,61.01
11593,20260514,368,Sponsored Brands,3613,26,38.93,222.81
11594,20241231,769,Sponsored Brands,539,5,3.44,14.58
11595,20250328,781,Sponsored Products,3070,34,42.59,187.04
11596,20250320,700,Sponsored Brands,1078,13,15.53,84.95
11597,20231018,545,DSP,1202,17,14.64,70.49
11598,20251115,181,Sponsored Products,800,3,3.23,19.47
11599,20240513,605,DSP,46,0,0.0,0.0
11600,20230810,578,Sponsored Products,836,12,11.5,58.4
11601,20250902,501,Sponsored Products,3791,71,82.46,413.7
11602,20240416,178,DSP,1315,19,10.72,47.07
11603,20240822,131,DSP,2874,54,80.12,272.3
11604,20231007,752,Sponsored Products,1691,14,22.83,66.57
11605,20230623,673,Sponsored Products,602,7,9.31,21.41
11606,20251102,97,Sponsored Products,415,1,1.6,5.38
11607,20250711,769,Sponsored Products,8105,137,241.4,669.67
11608,20251121,29,Sponsored Products,279,2,2.53,14.71
11609,20230603,10,DSP,1039,14,20.65,36.08
11610,20230217,577,Sponsored Products,2084,10,8.1,21.44
11611,20260207,204,Sponsored Products,1026,9,7.5,39.28
11612,20230911,437,Sponsored Products,1359,16,27.21,77.36
11613,20240213,638,Sponsored Products,4094,41,49.43,157.99
11614,20240914,430,Sponsored Products,1045,20,28.49,48.91
11615,20230703,446,Sponsored Display,438,2,0.81,1.78
11616,20230910,29,Sponsored Brands,3856,41,46.6,255.58
11617,20260322,392,Sponsored Brands,1035,20,24.12,100.46
11618,20250629,59,Sponsored Brands,2220,35,50.76,231.24
11619,20250622,174,Sponsored Products,5372,39,58.22,111.1
11620,20231118,781,Sponsored Display,175,2,2.43,4.81
11621,20230723,13,Sponsored Products,1812,12,17.97,39.58
11622,20230824,507,Sponsored Display,1044,20,34.09,168.48
11623,20250130,293,Sponsored Products,518,7,10.05,55.08
11624,20240112,568,Sponsored Products,1361,16,9.07,25.71
11625,20250916,60,Sponsored Products,1513,5,2.32,9.86
11626,20231130,325,Sponsored Display,4236,66,48.09,72.79
11627,20230222,14,Sponsored Products,2794,11,10.58,16.19
11628,20240411,6,Sponsored Products,1067,20,29.01,141.85
11629,20230406,69,Sponsored Products,2052,22,35.84,191.92
11630,20230519,579,Sponsored Products,1985,14,14.53,79.9
11631,20230614,538,Sponsored Brands,1056,19,19.3,68.39
11632,20250616,663,Sponsored Products,4837,31,41.68,144.9
11633,20230126,96,Sponsored Products,1291,6,10.63,67.52
11634,20251119,145,Sponsored Products,2049,36,53.68,297.77
11635,20260601,660,DSP,3179,13,17.85,97.41
11636,20230419,237,Sponsored Products,1414,8,4.67,28.06
11637,20240702,471,Sponsored Products,1260,10,17.89,41.21
11638,20230602,24,Sponsored Display,628,9,13.45,63.01
11639,20241119,11,Sponsored Display,468,5,8.26,23.85
11640,20231216,266,DSP,4161,46,63.46,379.71
11641,20241025,56,Sponsored Display,1897,31,22.74,124.69
11642,20241027,438,Sponsored Products,1289,3,1.79,9.95
11643,20240809,191,Sponsored Brands,408,4,5.77,11.85
11644,20240412,708,Sponsored Brands,437,5,2.17,10.39
11645,20260223,560,Sponsored Products,255,2,3.15,12.09
11646,20250714,40,Sponsored Products,1114,19,28.79,176.4
11647,20230913,66,Sponsored Brands,1143,14,18.18,77.53
11648,20250602,408,Sponsored Products,1246,14,11.51,70.14
11649,20230311,672,Sponsored Products,2521,38,53.97,101.16
11650,20240924,283,Sponsored Products,1282,4,5.76,13.19
11651,20230618,89,DSP,614,8,11.83,76.73
11652,20250205,535,Sponsored Brands,2878,22,17.37,60.56
11653,20251218,743,Sponsored Products,215,2,0.96,4.89
11654,20230108,511,DSP,4053,43,51.41,228.58
11655,20231205,521,Sponsored Display,398,5,5.11,26.18
11656,20240312,308,Sponsored Products,2684,43,60.39,260.99
11657,20250202,757,Sponsored Products,2264,34,44.4,279.76
11658,20250313,719,Sponsored Products,579,5,4.52,25.39
11659,20251025,59,DSP,881,9,5.8,23.82
11660,20231205,2,DSP,2122,18,14.6,94.39
11661,20230215,719,Sponsored Products,1002,17,13.5,50.28
11662,20240118,521,Sponsored Products,421,3,4.15,23.96
11663,20240408,266,Sponsored Products,1536,22,9.27,38.54
11664,20230605,68,Sponsored Brands,1191,5,7.93,36.83
11665,20240422,710,Sponsored Products,886,5,6.65,26.96
11666,20260420,388,DSP,3322,19,32.86,92.27
11667,20250519,77,Sponsored Display,298,1,1.32,2.21
11668,20230922,538,Sponsored Products,1252,19,18.0,72.04
11669,20250917,707,Sponsored Display,3137,39,18.37,104.6
11670,20230102,778,Sponsored Products,2182,22,24.04,48.63
11671,20241231,673,Sponsored Brands,1935,37,34.45,202.56
11672,20251201,754,DSP,633,9,11.78,23.71
11673,20250312,600,Sponsored Brands,975,11,14.33,28.17
11674,20230810,567,Sponsored Display,741,4,5.22,33.33
11675,20230101,566,Sponsored Display,2904,10,10.88,35.42
11676,20231110,139,Sponsored Brands,819,9,12.09,37.02
11677,20260425,16,Sponsored Brands,3175,26,15.31,29.32
11678,20260309,50,DSP,303,2,2.21,4.4
11679,20250711,254,Sponsored Products,1754,31,42.19,210.55
11680,20230109,127,Sponsored Products,647,8,6.92,40.45
11681,20230705,476,Sponsored Brands,657,9,5.52,18.91
11682,20251210,600,Sponsored Brands,1219,21,37.04,239.35
11683,20240320,276,Sponsored Products,1270,5,4.48,28.16
11684,20231127,311,Sponsored Products,13080,54,48.42,312.1
11685,20250521,17,Sponsored Display,626,10,9.29,44.6
11686,20240320,39,Sponsored Brands,1801,24,21.07,67.55
11687,20260318,382,Sponsored Products,1628,16,17.47,60.88
11688,20250415,598,Sponsored Products,1020,19,26.37,81.67
11689,20230102,288,Sponsored Products,2237,18,32.37,175.32
11690,20240715,119,Sponsored Display,299,2,2.93,7.67
11691,20240504,646,Sponsored Brands,2279,7,11.86,75.12
11692,20240922,704,DSP,1727,27,39.52,198.66
11693,20251009,744,DSP,3301,47,27.63,108.21
11694,20230327,343,Sponsored Products,1100,16,11.21,32.05
11695,20240213,453,Sponsored Products,546,2,3.44,16.7
11696,20230402,190,Sponsored Display,2372,23,37.81,189.32
11697,20240430,308,Sponsored Brands,1562,18,17.81,98.73
11698,20250331,663,Sponsored Products,628,10,17.15,68.49
11699,20230618,119,Sponsored Brands,2973,53,54.04,268.51
11700,20230801,477,Sponsored Brands,1003,8,4.52,23.51
11701,20250313,685,Sponsored Products,1466,10,15.13,31.81
11702,20250716,219,Sponsored Brands,337,1,1.24,7.1
11703,20260412,449,DSP,3743,61,70.19,136.34
11704,20230210,515,Sponsored Products,1358,6,9.24,38.14
11705,20240827,559,Sponsored Brands,2112,17,8.4,21.13
11706,20241206,373,DSP,2953,37,37.31,167.34
11707,20230212,89,DSP,385,2,1.21,6.02
11708,20231027,715,Sponsored Products,1733,15,17.61,113.84
11709,20260325,737,Sponsored Display,1870,18,30.1,153.85
11710,20241229,388,Sponsored Brands,921,16,8.13,34.57
11711,20250305,396,Sponsored Display,1774,14,23.44,110.86
11712,20250515,399,Sponsored Brands,1503,18,11.84,59.51
11713,20240114,279,DSP,2296,20,26.29,131.66
11714,20230412,179,Sponsored Products,2706,33,13.51,63.84
11715,20250120,474,Sponsored Display,1066,5,4.78,8.63
11716,20250927,467,Sponsored Products,3149,31,18.09,106.02
11717,20250420,775,Sponsored Brands,127,1,0.46,1.36
11718,20251207,384,DSP,1466,24,37.23,61.76
11719,20250311,14,Sponsored Brands,986,4,5.49,11.69
11720,20250815,710,Sponsored Display,904,10,5.13,29.95
11721,20250901,396,Sponsored Brands,1147,17,11.34,38.99
11722,20230405,500,Sponsored Display,187,1,1.17,3.19
11723,20250202,547,Sponsored Products,4320,71,117.27,506.52
11724,20251126,257,Sponsored Products,684,6,4.74,14.78
11725,20250111,396,Sponsored Brands,1460,21,25.5,49.98
11726,20240211,184,Sponsored Display,899,10,10.98,64.82
11727,20230919,657,Sponsored Brands,1263,16,13.37,69.53
11728,20240221,651,DSP,464,5,5.83,25.76
11729,20230922,764,Sponsored Brands,2013,22,13.73,73.39
11730,20230117,653,Sponsored Brands,1539,11,16.86,66.8
11731,20231027,167,Sponsored Display,150,2,2.86,9.18
11732,20230406,82,Sponsored Products,1398,26,21.63,44.67
11733,20260527,417,Sponsored Display,1371,11,14.83,22.64
11734,20231122,625,Sponsored Products,1207,23,37.86,139.11
11735,20230102,478,Sponsored Brands,2721,8,4.28,26.52
11736,20231129,285,Sponsored Products,3109,11,12.7,31.56
11737,20240920,178,Sponsored Products,224,2,1.99,10.06
11738,20230126,628,Sponsored Products,253,3,4.85,12.42
11739,20250511,690,Sponsored Products,2501,41,61.43,345.62
11740,20250507,627,Sponsored Brands,1515,28,42.63,151.83
11741,20230410,214,Sponsored Brands,3392,39,49.14,119.2
11742,20251204,555,Sponsored Display,2194,42,46.84,167.93
11743,20231129,636,Sponsored Products,1392,4,3.21,13.28
11744,20240511,425,Sponsored Display,1502,27,23.52,66.44
11745,20230514,190,Sponsored Brands,2225,31,27.33,158.75
11746,20250611,21,Sponsored Products,1063,19,12.61,34.2
11747,20250306,529,Sponsored Products,2301,44,44.4,71.8
11748,20240428,784,Sponsored Products,638,7,10.22,62.44
11749,20260530,449,Sponsored Products,3181,57,53.92,250.17
11750,20230923,378,Sponsored Display,1202,19,32.8,188.67
11751,20251106,759,Sponsored Products,886,5,7.5,35.63
11752,20230519,206,Sponsored Products,2737,53,72.15,383.95
11753,20240630,401,Sponsored Products,506,2,1.87,11.87
11754,20240228,139,DSP,453,6,6.56,28.11
11755,20240519,594,Sponsored Display,2284,26,38.89,103.75
11756,20230520,202,DSP,1887,13,22.53,45.86
11757,20251030,634,Sponsored Products,6105,38,26.22,104.75
11758,20230825,767,Sponsored Products,518,2,2.57,11.05
11759,20240907,420,Sponsored Products,4544,65,105.41,310.03
11760,20241105,705,Sponsored Products,1578,16,17.55,112.09
11761,20240516,255,Sponsored Products,1528,16,10.82,67.3
11762,20260424,13,Sponsored Products,324,1,0.87,1.89
11763,20240207,268,Sponsored Products,416,7,4.37,10.51
11764,20230515,611,Sponsored Products,436,1,1.42,6.56
11765,20240212,109,Sponsored Products,939,3,4.1,16.61
11766,20260411,537,Sponsored Products,1407,5,3.12,18.12
11767,20230910,205,Sponsored Products,2014,23,40.91,176.05
11768,20250302,143,Sponsored Products,2083,16,9.38,28.9
11769,20260113,795,Sponsored Brands,1051,10,5.12,12.25
11770,20240204,478,Sponsored Products,4176,65,112.22,320.04
11771,20250712,235,Sponsored Products,8819,66,32.55,108.62
11772,20230119,182,Sponsored Products,704,11,14.2,57.51
11773,20250416,369,DSP,556,4,5.18,30.86
11774,20230801,551,DSP,1114,9,11.17,71.81
11775,20250514,50,Sponsored Display,1740,24,40.92,214.7
11776,20240220,711,Sponsored Products,838,10,7.56,15.98
11777,20231012,505,Sponsored Display,948,15,9.22,33.56
11778,20241125,249,Sponsored Brands,1799,7,10.52,59.14
11779,20240409,665,Sponsored Products,366,5,7.1,35.27
11780,20250508,520,Sponsored Brands,1526,25,44.56,191.06
11781,20230302,578,Sponsored Display,468,6,3.84,24.04
11782,20260602,99,Sponsored Brands,202,1,0.63,1.88
11783,20260209,528,Sponsored Brands,1824,19,23.9,39.17
11784,20231222,587,Sponsored Products,1700,6,8.8,33.58
11785,20260522,386,Sponsored Brands,1017,5,2.45,14.2
11786,20240411,172,Sponsored Brands,1546,14,17.12,80.51
11787,20230601,431,Sponsored Display,485,5,8.52,40.34
11788,20230616,400,Sponsored Products,6741,24,10.16,38.67
11789,20250507,545,DSP,1458,27,17.54,52.15
11790,20260224,67,DSP,1143,7,10.61,62.99
11791,20230928,505,Sponsored Display,1575,18,14.47,56.01
11792,20250730,345,Sponsored Display,410,6,6.1,29.92
11793,20241030,537,Sponsored Products,2196,26,45.87,136.35
11794,20250901,227,Sponsored Display,201,3,4.53,16.14
11795,20240228,694,Sponsored Products,2525,39,48.86,127.04
11796,20250415,526,Sponsored Display,1422,23,36.84,149.84
11797,20260424,7,Sponsored Brands,1198,22,28.62,47.93
11798,20250309,142,Sponsored Products,605,2,0.87,4.19
11799,20241014,341,Sponsored Brands,1949,22,18.29,118.64
11800,20230701,434,Sponsored Brands,2677,48,65.26,327.73
11801,20240426,652,Sponsored Brands,3723,46,74.17,329.19
11802,20250706,224,Sponsored Products,1630,6,2.53,6.96
11803,20240426,552,Sponsored Brands,3750,41,73.17,370.98
11804,20241120,22,Sponsored Products,1367,18,13.7,48.49
11805,20230428,98,Sponsored Display,353,3,1.78,3.1
11806,20240213,301,Sponsored Products,889,4,4.49,26.97
11807,20241226,266,Sponsored Products,7518,138,100.38,258.65
11808,20260622,288,Sponsored Products,1692,10,8.49,39.02
11809,20250522,316,Sponsored Display,892,10,17.51,26.5
11810,20231229,706,Sponsored Products,1094,5,8.44,18.16
11811,20241030,553,Sponsored Products,905,15,20.8,113.73
11812,20230226,235,Sponsored Products,3513,39,29.38,158.51
11813,20240102,421,Sponsored Brands,2912,35,18.55,88.65
11814,20260529,765,Sponsored Products,830,8,11.92,46.07
11815,20230117,423,Sponsored Products,503,6,5.96,34.45
11816,20230316,208,Sponsored Brands,1315,12,6.61,10.08
11817,20250724,377,Sponsored Products,4299,36,32.01,175.49
11818,20240531,391,Sponsored Products,715,3,2.61,5.12
11819,20230507,111,Sponsored Products,2625,32,37.57,196.0
11820,20250812,196,Sponsored Display,1079,9,11.94,41.97
11821,20250614,132,DSP,221,2,3.29,5.19
11822,20230602,194,Sponsored Display,2496,13,23.08,114.15
11823,20240627,147,Sponsored Products,475,2,1.1,2.17
11824,20250505,584,Sponsored Products,461,1,0.65,4.18
11825,20251018,737,DSP,3859,62,96.49,576.9
11826,20250917,79,Sponsored Products,2179,12,18.16,83.78
11827,20231022,144,Sponsored Products,1488,17,17.69,54.29
11828,20231210,735,Sponsored Products,1451,23,26.63,72.25
11829,20250116,437,Sponsored Brands,868,2,1.33,2.06
11830,20251027,330,Sponsored Products,855,5,5.74,10.73
11831,20240628,474,Sponsored Brands,1672,8,4.1,12.25
11832,20230328,228,Sponsored Products,1771,10,14.74,65.21
11833,20250421,312,Sponsored Products,455,3,2.29,3.6
11834,20250426,140,Sponsored Products,1549,5,4.12,20.55
11835,20241012,41,Sponsored Brands,1347,16,21.23,88.36
11836,20230924,394,Sponsored Products,1107,17,17.73,57.01
11837,20230609,426,Sponsored Products,2132,22,25.18,152.94
11838,20250927,37,Sponsored Brands,2204,17,30.42,114.1
11839,20251115,17,Sponsored Display,1599,23,13.62,46.02
11840,20260415,347,Sponsored Products,789,10,9.03,29.46
11841,20250203,320,Sponsored Products,2289,29,37.82,145.28
11842,20231108,767,Sponsored Display,1367,21,14.8,66.37
11843,20240514,644,DSP,1097,12,20.83,62.85
11844,20241203,743,Sponsored Brands,230,1,1.26,4.31
11845,20241222,387,Sponsored Products,3905,71,47.6,207.63
11846,20250615,9,Sponsored Products,1619,14,13.36,37.12
11847,20240322,314,Sponsored Brands,791,9,5.25,8.83
11848,20250928,348,Sponsored Brands,4660,28,21.04,106.91
11849,20251220,301,Sponsored Brands,3012,55,88.15,557.15
11850,20231015,270,DSP,1837,27,21.62,57.56
11851,20231031,446,Sponsored Products,936,11,8.35,43.96
11852,20250718,348,Sponsored Products,1222,22,9.01,24.97
11853,20241118,409,Sponsored Brands,1524,29,43.56,153.04
11854,20250107,753,Sponsored Products,2150,36,24.7,90.25
11855,20240126,528,Sponsored Products,829,10,11.76,28.4
11856,20250205,787,DSP,1750,18,29.69,140.54
11857,20251223,11,Sponsored Brands,3178,12,16.9,44.24
11858,20250205,743,Sponsored Products,666,5,5.96,25.62
11859,20251118,574,DSP,360,2,3.1,14.15
11860,20251206,190,Sponsored Products,811,5,8.38,34.99
11861,20240321,560,Sponsored Display,1103,18,14.06,26.46
11862,20260601,632,Sponsored Products,2358,7,10.14,35.78
11863,20260320,320,Sponsored Products,2274,11,17.23,70.5
11864,20230720,242,Sponsored Products,751,13,15.14,94.01
11865,20241223,476,Sponsored Display,4818,61,91.3,165.16
11866,20240329,268,Sponsored Products,714,5,3.38,10.84
11867,20250912,240,Sponsored Products,976,7,12.17,72.35
11868,20251012,743,Sponsored Products,2114,30,44.26,97.57
11869,20260101,440,Sponsored Brands,953,13,12.79,43.25
11870,20231222,22,Sponsored Products,4302,47,44.15,160.64
11871,20250302,300,Sponsored Display,1981,34,58.7,346.11
11872,20251008,226,Sponsored Products,344,5,6.75,10.86
11873,20251121,166,Sponsored Products,241,2,1.11,4.4
11874,20250503,410,Sponsored Products,1151,8,9.17,43.36
11875,20250329,173,Sponsored Products,2192,38,28.71,69.37
11876,20260108,785,Sponsored Display,2812,13,18.22,90.4
11877,20240330,418,Sponsored Display,2898,44,53.71,157.97
11878,20250921,390,Sponsored Products,1533,17,25.37,89.21
11879,20240521,370,Sponsored Products,525,3,1.66,6.93
11880,20250809,164,DSP,3853,75,98.95,560.08
11881,20260316,226,Sponsored Brands,1477,10,14.47,81.09
11882,20260518,391,Sponsored Display,1372,24,35.43,164.43
11883,20260624,637,Sponsored Products,800,13,20.57,122.11
11884,20260106,129,Sponsored Products,1098,17,27.48,162.65
11885,20251009,579,Sponsored Products,4153,38,32.72,80.75
11886,20240116,598,Sponsored Brands,1247,10,4.74,16.16
11887,20250616,76,Sponsored Products,3663,56,32.52,133.35
11888,20240601,405,Sponsored Brands,585,4,2.09,11.47
11889,20240618,350,Sponsored Products,2229,38,45.72,203.3
11890,20240912,498,Sponsored Products,2983,26,32.09,155.45
11891,20241210,107,Sponsored Products,1533,8,14.18,80.95
11892,20250704,408,DSP,1416,4,7.08,30.81
11893,20241203,342,Sponsored Brands,1953,15,26.9,51.86
11894,20240827,439,Sponsored Products,1503,25,17.76,112.39
11895,20230315,520,Sponsored Display,739,8,12.1,50.18
11896,20240511,530,Sponsored Display,3928,75,83.84,396.71
11897,20230509,135,Sponsored Brands,1546,17,7.22,22.41
11898,20231215,556,Sponsored Products,6101,118,212.32,1212.05
11899,20251008,124,Sponsored Display,872,12,19.85,119.97
11900,20250511,380,Sponsored Products,1386,10,17.58,44.31
11901,20240917,115,Sponsored Brands,3167,33,19.44,32.59
11902,20250514,422,DSP,1214,12,10.78,62.7
11903,20230130,573,Sponsored Products,2864,52,70.47,204.05
11904,20250927,665,Sponsored Products,4008,22,27.54,114.47
11905,20260627,146,DSP,884,9,9.16,47.71
11906,20250412,590,DSP,1622,23,23.97,147.5
11907,20241125,378,DSP,2605,35,33.66,97.39
11908,20251213,490,Sponsored Brands,1475,11,11.34,41.54
11909,20250324,774,Sponsored Brands,751,9,5.42,24.42
11910,20250715,443,Sponsored Brands,998,16,13.77,45.09
11911,20260108,265,Sponsored Products,549,8,9.96,33.72
11912,20250109,429,Sponsored Products,3082,41,27.54,131.03
11913,20251108,712,Sponsored Products,1164,15,21.45,51.53
11914,20230625,684,Sponsored Display,2842,12,17.27,93.08
11915,20260122,264,Sponsored Brands,1055,14,14.44,40.2
11916,20240315,10,DSP,439,6,4.94,22.18
11917,20250817,304,Sponsored Display,5705,28,17.09,45.42
11918,20250114,216,Sponsored Products,520,5,4.87,26.4
11919,20240803,414,Sponsored Products,2782,29,18.25,89.53
11920,20260503,269,DSP,1519,24,39.77,94.81
11921,20230625,359,Sponsored Products,265,5,4.74,21.82
11922,20240129,405,Sponsored Brands,1104,4,3.67,14.06
11923,20260425,209,Sponsored Products,1760,18,17.41,63.09
11924,20260226,181,Sponsored Brands,2405,16,22.85,93.59
11925,20241021,589,Sponsored Products,2853,48,48.58,200.54
11926,20241107,625,Sponsored Display,71,0,0.0,0.0
11927,20240206,52,Sponsored Products,1756,27,19.93,101.07
11928,20260615,464,Sponsored Products,3162,39,27.18,60.45
11929,20231003,780,Sponsored Products,897,7,8.92,34.27
11930,20250120,531,Sponsored Products,1882,6,7.72,21.09
11931,20231018,201,Sponsored Brands,2197,32,48.17,80.39
11932,20231221,39,DSP,745,6,9.45,28.38
11933,20260217,249,Sponsored Products,774,13,10.8,52.06
11934,20230716,199,Sponsored Products,1914,7,8.55,40.93
11935,20251201,788,Sponsored Display,795,6,4.73,22.27
11936,20240706,355,Sponsored Display,1123,6,9.42,26.64
11937,20250912,343,Sponsored Brands,4893,49,55.97,195.06
11938,20230602,232,Sponsored Products,253,3,2.14,8.07
11939,20250614,504,Sponsored Brands,801,3,2.2,9.43
11940,20260106,567,Sponsored Brands,722,6,5.79,30.23
11941,20250127,262,Sponsored Products,732,13,15.21,72.01
11942,20260414,67,Sponsored Display,6383,53,27.99,86.58
11943,20230216,654,Sponsored Products,3672,62,87.8,529.05
11944,20241230,412,Sponsored Products,1506,14,12.92,71.72
11945,20250202,194,Sponsored Brands,1153,13,5.7,11.69
11946,20230628,423,Sponsored Products,1344,12,10.42,40.6
11947,20240619,228,Sponsored Products,422,1,0.88,2.25
11948,20250222,718,Sponsored Brands,828,6,8.91,20.86
11949,20230614,584,DSP,1442,27,29.39,147.82
11950,20260410,98,Sponsored Products,2585,15,9.45,41.13
11951,20240713,742,Sponsored Products,1611,8,10.6,21.94
11952,20250203,53,Sponsored Brands,1812,13,9.44,36.86
11953,20230827,740,Sponsored Display,3476,22,31.27,89.1
11954,20250426,729,Sponsored Display,1489,20,10.31,30.67
11955,20260402,338,Sponsored Products,306,3,3.31,10.63
11956,20230924,19,Sponsored Brands,3378,45,49.28,304.92
11957,20251001,373,DSP,1477,5,4.19,26.03
11958,20260207,178,Sponsored Products,1841,11,7.98,31.9
11959,20250121,610,Sponsored Products,611,6,4.05,19.49
11960,20260330,239,Sponsored Products,596,6,7.05,40.75
11961,20230207,456,Sponsored Products,699,3,3.09,14.22
11962,20240916,340,DSP,1640,31,41.71,66.11
11963,20230615,734,Sponsored Products,969,11,13.19,44.43
11964,20260402,372,Sponsored Products,2096,12,15.05,60.56
11965,20260112,791,Sponsored Products,374,5,8.34,36.66
11966,20230113,278,Sponsored Brands,2162,31,12.83,38.37
11967,20250424,378,Sponsored Products,706,5,7.12,23.31
11968,20250109,388,Sponsored Products,209,2,1.41,2.78
11969,20240614,19,Sponsored Products,488,2,2.49,13.9
11970,20230517,439,Sponsored Brands,4522,28,34.98,167.89
11971,20230928,742,Sponsored Display,446,3,1.5,9.66
11972,20250410,744,Sponsored Products,4588,80,77.68,310.6
11973,20240109,133,Sponsored Brands,1511,19,8.78,35.56
11974,20240820,395,Sponsored Display,1058,15,21.19,119.33
11975,20240705,162,DSP,3054,29,18.81,56.42
11976,20250826,675,Sponsored Products,527,7,12.09,78.32
11977,20230110,119,Sponsored Display,1261,24,15.82,24.67
11978,20240905,148,Sponsored Products,5123,42,27.07,58.39
11979,20250530,287,Sponsored Products,1383,24,38.97,195.24
11980,20240904,467,Sponsored Products,525,9,9.19,28.15
11981,20230103,174,Sponsored Products,6062,85,123.68,516.71
11982,20250820,193,Sponsored Products,510,2,2.02,10.07
11983,20230617,344,Sponsored Brands,1348,23,19.31,49.76
11984,20260224,471,Sponsored Products,1339,26,21.36,59.62
11985,20260303,493,Sponsored Products,771,2,1.21,3.94
11986,20240422,34,Sponsored Products,995,9,5.73,14.45
11987,20250806,337,Sponsored Display,511,9,12.04,26.34
11988,20240312,186,Sponsored Brands,449,4,6.92,13.85
11989,20240705,30,Sponsored Products,769,8,5.83,13.39
11990,20240126,456,Sponsored Brands,1539,30,32.96,73.17
11991,20230427,178,Sponsored Brands,687,6,9.98,16.81
11992,20240506,649,Sponsored Products,704,7,6.02,24.02
11993,20260510,439,DSP,1025,3,2.54,8.68
11994,20260619,514,Sponsored Products,499,3,2.62,5.99
11995,20230315,110,Sponsored Display,2980,17,24.45,78.48
11996,20240802,195,Sponsored Brands,1277,20,35.14,149.92
11997,20260422,318,Sponsored Display,1455,23,23.37,81.93
11998,20230516,135,Sponsored Display,555,3,4.8,21.39
11999,20230414,709,DSP,992,4,5.49,9.44
12000,20260513,68,Sponsored Products,4325,61,91.49,298.95
12001,20231125,420,Sponsored Brands,1909,25,38.27,153.01
12002,20240104,154,Sponsored Brands,4278,24,14.06,73.49
12003,20240610,790,DSP,1769,28,17.27,87.01
12004,20230501,558,Sponsored Products,890,14,12.58,65.99
12005,20251124,278,Sponsored Products,1667,13,16.45,65.04
12006,20240424,613,Sponsored Products,1359,22,15.46,46.15
12007,20240911,97,Sponsored Display,4734,28,26.19,158.84
12008,20230912,66,Sponsored Display,758,3,5.04,32.47
12009,20250615,632,Sponsored Products,1437,11,13.99,65.35
12010,20250329,67,Sponsored Display,1991,14,6.24,13.52
12011,20240108,299,Sponsored Brands,3034,19,14.13,70.16
12012,20241118,306,Sponsored Products,930,10,11.88,31.92
12013,20250501,173,Sponsored Products,52,0,0.0,0.0
12014,20260610,386,DSP,1008,6,3.81,9.51
12015,20251128,124,Sponsored Brands,6045,69,66.38,255.84
12016,20250829,557,Sponsored Brands,1427,22,25.48,80.14
12017,20241201,57,Sponsored Products,439,2,1.99,12.45
12018,20240411,725,Sponsored Products,1375,15,7.53,32.44
12019,20230514,60,Sponsored Products,722,10,15.19,44.77
12020,20240507,353,Sponsored Products,769,10,4.57,26.22
12021,20240219,540,Sponsored Products,1144,17,11.19,38.64
12022,20231006,601,Sponsored Brands,2262,14,23.88,79.97
12023,20240603,277,Sponsored Products,453,2,2.97,18.32
12024,20251124,752,Sponsored Products,440,3,3.57,17.64
12025,20260523,176,Sponsored Products,1132,5,2.74,6.7
12026,20250417,308,Sponsored Products,1541,27,25.35,114.79
12027,20241001,95,Sponsored Products,1412,22,14.56,54.91
12028,20260102,691,Sponsored Display,1507,21,13.96,26.86
12029,20230402,743,Sponsored Products,1082,16,19.91,45.96
12030,20250410,174,Sponsored Brands,718,6,6.39,23.7
12031,20241015,476,Sponsored Products,136,0,0.0,0.0
12032,20230803,200,Sponsored Brands,2222,44,23.19,97.33
12033,20251220,148,DSP,2517,48,74.29,395.65
12034,20260317,224,Sponsored Products,521,6,6.67,10.3
12035,20240207,331,Sponsored Display,1930,17,22.49,79.11
12036,20241205,620,Sponsored Products,671,8,7.57,18.26
12037,20260108,518,Sponsored Products,2124,9,5.98,11.88
12038,20230611,582,Sponsored Products,5829,109,61.11,95.43
12039,20231229,289,Sponsored Products,1429,27,38.17,142.05
12040,20250719,559,Sponsored Products,1786,32,51.26,229.65
12041,20251025,402,Sponsored Brands,1176,21,36.48,177.37
12042,20251128,91,Sponsored Brands,3205,41,16.6,82.98
12043,20240314,80,Sponsored Products,79,0,0.0,0.0
12044,20251029,218,Sponsored Brands,1818,26,44.46,119.67
12045,20251012,795,Sponsored Brands,1384,25,27.58,124.54
12046,20240519,759,Sponsored Products,2577,9,4.95,24.02
12047,20251225,792,Sponsored Brands,1248,9,4.45,21.92
12048,20230111,779,Sponsored Brands,1496,15,7.37,32.24
12049,20230828,154,Sponsored Products,2835,46,61.32,233.34
12050,20230407,40,Sponsored Products,3386,48,19.8,50.14
12051,20230429,72,Sponsored Brands,1404,8,4.81,8.62
12052,20240814,35,Sponsored Products,1544,12,14.61,81.32
12053,20251019,567,Sponsored Products,1968,32,15.72,96.09
12054,20240105,197,DSP,5016,32,43.44,184.41
12055,20250213,711,DSP,791,8,10.44,34.01
12056,20260527,660,Sponsored Products,650,7,4.5,12.96
12057,20250829,567,Sponsored Brands,2116,38,40.63,179.91
12058,20241112,27,DSP,3180,42,29.64,80.05
12059,20230110,532,Sponsored Brands,1650,10,16.39,60.5
12060,20260222,713,DSP,3011,12,15.24,25.26
12061,20250214,532,Sponsored Brands,709,9,6.22,12.43
12062,20240708,188,Sponsored Products,489,9,9.62,56.85
12063,20230801,283,Sponsored Products,1043,10,4.99,32.07
12064,20230706,87,Sponsored Products,715,4,3.51,10.85
12065,20250331,506,Sponsored Products,442,4,6.26,36.16
12066,20240523,590,Sponsored Brands,1525,7,3.91,19.27
12067,20260605,124,Sponsored Products,1889,7,10.76,44.92
12068,20240711,611,Sponsored Display,5166,54,77.56,117.19
12069,20240831,122,Sponsored Products,1192,7,7.6,37.44
12070,20240223,100,Sponsored Products,1070,3,2.25,12.58
12071,20231028,756,Sponsored Display,905,13,16.38,66.49
12072,20250404,562,Sponsored Brands,2739,45,25.7,124.02
12073,20250308,302,Sponsored Products,2439,23,32.49,99.98
12074,20230726,244,Sponsored Display,853,4,3.78,17.72
12075,20231230,315,Sponsored Products,1671,9,7.31,16.39
12076,20231216,214,Sponsored Products,1970,9,9.32,32.36
12077,20251222,548,Sponsored Products,5623,60,86.58,393.67
12078,20231207,488,Sponsored Display,1060,16,25.63,63.29
12079,20250430,5,Sponsored Display,1883,10,16.78,30.66
12080,20231014,307,Sponsored Brands,782,3,1.89,5.47
12081,20230404,585,DSP,1056,13,8.66,25.12
12082,20230118,730,Sponsored Products,790,11,6.5,13.63
12083,20230321,559,Sponsored Products,1913,21,35.54,142.7
12084,20251020,250,Sponsored Products,526,4,4.3,13.23
12085,20240822,339,Sponsored Products,2436,29,13.7,45.11
12086,20250928,382,Sponsored Products,1242,23,17.18,90.31
12087,20250411,798,Sponsored Products,2040,35,28.16,79.13
12088,20240723,145,Sponsored Brands,596,7,7.25,29.47
12089,20240702,511,Sponsored Brands,467,9,12.36,54.31
12090,20250416,21,Sponsored Products,2417,21,30.22,135.1
12091,20240326,89,Sponsored Brands,61,1,1.3,2.43
12092,20251216,554,Sponsored Display,5286,36,59.86,277.63
12093,20260625,43,Sponsored Products,1171,10,13.14,43.71
12094,20260118,323,Sponsored Products,1290,17,22.14,99.88
12095,20250612,553,Sponsored Brands,4482,89,110.87,334.36
12096,20240503,738,Sponsored Brands,574,1,0.97,5.72
12097,20250722,174,Sponsored Products,346,1,0.92,5.02
12098,20240926,150,Sponsored Products,1507,24,20.99,72.33
12099,20231027,301,Sponsored Display,1004,6,2.55,14.92
12100,20260517,686,Sponsored Products,729,12,18.56,65.63
12101,20250424,775,Sponsored Products,117,0,0.0,0.0
12102,20230724,649,Sponsored Products,1529,26,45.99,104.84
12103,20260413,663,Sponsored Products,351,2,2.84,14.83
12104,20230629,532,DSP,1745,8,4.87,30.54
12105,20230730,466,Sponsored Brands,947,17,28.72,154.17
12106,20251027,254,Sponsored Brands,3026,39,53.95,149.74
12107,20230603,792,Sponsored Brands,1596,7,4.57,21.38
12108,20231102,284,Sponsored Display,63,0,0.0,0.0
12109,20230929,519,Sponsored Brands,1503,22,27.97,98.47
12110,20250819,161,Sponsored Brands,539,6,4.07,8.96
12111,20231211,677,Sponsored Display,1311,5,8.45,35.21
12112,20240225,365,Sponsored Products,2745,14,18.06,100.95
12113,20250430,622,Sponsored Products,2477,37,30.48,47.05
12114,20260325,432,DSP,2811,18,28.8,44.07
12115,20231216,226,Sponsored Brands,1882,11,16.21,94.7
12116,20250219,251,Sponsored Products,2897,51,76.56,480.39
12117,20240203,497,Sponsored Display,513,5,2.99,7.37
12118,20250617,208,Sponsored Display,1057,12,17.97,114.04
12119,20241226,568,Sponsored Products,4329,36,63.62,122.29
12120,20230129,184,Sponsored Products,1095,17,10.45,52.35
12121,20251122,575,Sponsored Products,2209,32,56.34,243.74
12122,20260212,730,Sponsored Display,2459,46,63.18,181.11
12123,20250130,503,Sponsored Products,234,0,0.0,0.0
12124,20240926,349,Sponsored Brands,596,3,5.32,18.41
12125,20230322,719,Sponsored Display,3023,28,18.76,120.86
12126,20230111,684,DSP,1805,27,34.78,112.49
12127,20251023,507,Sponsored Products,866,6,3.56,16.34
12128,20260605,141,Sponsored Display,5129,69,120.73,580.4
12129,20251213,525,Sponsored Products,2414,46,63.93,261.28
12130,20240708,603,Sponsored Brands,1212,7,4.98,12.25
12131,20250622,737,DSP,3360,22,11.14,46.84
12132,20251104,415,Sponsored Products,1201,15,18.63,102.68
12133,20240629,628,Sponsored Brands,1673,16,28.45,142.61
12134,20260507,645,Sponsored Brands,2067,27,46.34,84.29
12135,20260406,377,Sponsored Products,1608,24,19.18,113.96
12136,20240129,8,DSP,713,13,6.96,29.44
12137,20241010,647,Sponsored Products,1951,38,26.97,114.06
12138,20240116,573,Sponsored Brands,547,9,4.7,26.78
12139,20260315,214,Sponsored Display,816,11,15.72,26.12
12140,20250903,121,Sponsored Brands,1432,15,9.69,42.49
12141,20260413,535,Sponsored Display,2843,44,46.53,117.67
12142,20260308,13,Sponsored Products,1146,21,13.42,60.23
12143,20241211,81,Sponsored Display,1812,21,20.24,36.81
12144,20240229,666,Sponsored Products,1756,35,56.01,310.93
12145,20260318,705,Sponsored Display,3223,10,6.21,30.46
12146,20250225,285,Sponsored Products,829,6,3.68,9.27
12147,20230615,714,Sponsored Brands,266,2,1.22,5.33
12148,20250925,733,Sponsored Brands,619,4,4.13,10.41
12149,20240810,326,Sponsored Display,333,3,4.43,11.15
12150,20241223,118,Sponsored Brands,1064,7,9.76,42.77
12151,20240103,751,Sponsored Brands,2779,37,45.47,186.77
12152,20230105,362,Sponsored Products,345,4,1.76,6.09
12153,20230307,542,Sponsored Products,548,5,7.64,37.13
12154,20251010,368,Sponsored Products,2995,56,100.76,506.16
12155,20250424,119,Sponsored Products,1626,31,43.07,91.32
12156,20230429,412,DSP,3557,57,94.02,242.69
12157,20230504,48,Sponsored Products,3345,42,25.18,144.59
12158,20240920,263,Sponsored Products,2125,15,10.24,40.03
12159,20241202,242,Sponsored Products,1529,15,24.11,117.4
12160,20231029,293,Sponsored Products,2066,38,65.06,284.23
12161,20250804,487,Sponsored Products,1956,14,22.44,136.75
12162,20230824,606,Sponsored Products,855,4,5.66,36.42
12163,20240124,214,Sponsored Display,3587,32,20.85,78.98
12164,20260608,798,Sponsored Products,2102,10,13.38,54.16
12165,20231118,412,Sponsored Brands,2289,39,42.23,144.04
12166,20230530,605,Sponsored Products,1921,25,38.2,234.6
12167,20260104,190,Sponsored Brands,6878,22,25.18,47.51
12168,20230524,519,Sponsored Brands,1153,5,6.48,32.95
12169,20240811,445,Sponsored Brands,4193,77,76.76,225.12
12170,20240112,250,Sponsored Display,1210,19,20.75,59.88
12171,20260418,313,Sponsored Brands,775,9,10.11,61.72
12172,20230315,290,Sponsored Products,1379,21,23.8,87.37
12173,20241027,84,Sponsored Brands,1995,36,60.85,220.77
12174,20230317,640,Sponsored Products,801,4,2.28,7.28
12175,20240911,235,DSP,883,15,12.51,40.72
12176,20250621,78,Sponsored Products,6782,32,46.05,193.61
12177,20251023,187,Sponsored Products,567,9,7.82,31.05
12178,20250506,323,Sponsored Products,1540,26,23.34,48.7
12179,20230817,159,Sponsored Products,1098,16,8.78,56.72
12180,20250820,49,Sponsored Products,382,5,7.73,44.23
12181,20260411,394,Sponsored Products,476,8,6.36,27.41
12182,20240506,366,Sponsored Display,2102,32,31.76,144.01
12183,20230623,397,Sponsored Products,341,2,1.07,5.88
12184,20260420,791,Sponsored Products,1468,28,29.94,133.01
12185,20240122,748,Sponsored Products,3827,64,70.24,324.97
12186,20230615,672,DSP,2814,39,27.46,84.21
12187,20230806,656,DSP,2059,33,29.29,58.48
12188,20260128,726,Sponsored Display,759,4,6.26,14.61
12189,20240211,53,Sponsored Display,1158,4,6.33,36.01
12190,20260607,272,Sponsored Products,1371,15,10.67,60.02
12191,20240123,5,Sponsored Products,730,14,13.37,71.09
12192,20260225,398,Sponsored Products,828,12,14.8,26.92
12193,20231102,548,Sponsored Products,2943,31,37.21,186.96
12194,20250328,497,Sponsored Products,1235,4,2.99,11.77
12195,20250430,50,Sponsored Products,1482,8,6.93,37.99
12196,20240514,328,Sponsored Brands,1461,12,9.6,57.5
12197,20230924,243,Sponsored Display,1214,19,30.72,127.96
12198,20241104,267,Sponsored Brands,693,3,1.64,4.95
12199,20231221,765,Sponsored Display,1632,16,8.98,35.85
12200,20231003,436,Sponsored Products,1238,4,3.08,17.98
12201,20250315,262,Sponsored Products,1269,7,12.5,71.24
12202,20240321,548,Sponsored Products,977,14,15.16,71.51
12203,20251124,618,Sponsored Display,1558,6,9.19,35.34
12204,20230608,84,Sponsored Brands,1819,25,25.25,144.35
12205,20240105,487,Sponsored Products,893,4,4.44,15.62
12206,20241201,374,Sponsored Products,1864,5,5.34,26.96
12207,20240928,351,Sponsored Brands,3264,43,51.1,213.14
12208,20250808,483,Sponsored Display,1175,11,17.25,77.5
12209,20230729,748,DSP,1390,13,9.13,41.92
12210,20231123,718,Sponsored Display,1793,26,27.81,108.85
12211,20230521,585,Sponsored Brands,560,10,6.44,17.65
12212,20251118,348,Sponsored Display,2782,51,49.24,254.12
12213,20251109,26,Sponsored Products,2920,28,17.18,64.42
12214,20260306,625,Sponsored Products,354,6,6.22,15.02
12215,20240119,137,Sponsored Brands,1406,20,34.33,135.4
12216,20230222,636,Sponsored Display,909,6,9.9,22.37
12217,20230228,29,Sponsored Products,991,18,10.12,39.75
12218,20250930,53,Sponsored Brands,671,2,3.49,6.87
12219,20231110,715,Sponsored Brands,594,7,7.7,34.48
12220,20250907,618,Sponsored Brands,189,2,2.48,8.67
12221,20241004,668,Sponsored Products,108,0,0.0,0.0
12222,20250609,430,Sponsored Products,2100,18,10.54,42.65
12223,20230212,14,Sponsored Products,764,13,11.23,50.31
12224,20250607,303,Sponsored Brands,2568,46,20.85,82.41
12225,20250304,127,Sponsored Products,205,3,3.06,5.8
12226,20250207,458,Sponsored Products,1416,8,13.65,70.31
12227,20231012,251,Sponsored Products,2836,16,24.26,58.6
12228,20240613,86,Sponsored Display,1092,12,10.29,50.68
12229,20241019,658,Sponsored Products,291,2,1.75,9.92
12230,20230213,522,Sponsored Products,1135,17,9.69,59.55
12231,20250816,306,Sponsored Brands,1904,14,8.34,41.14
12232,20240228,737,Sponsored Brands,1154,8,12.31,24.4
12233,20231025,288,Sponsored Products,549,3,2.2,3.75
12234,20260523,745,Sponsored Brands,1115,18,30.2,189.2
12235,20251126,415,DSP,1081,5,8.0,32.87
12236,20230911,723,Sponsored Products,1243,20,10.83,44.32
12237,20250228,434,Sponsored Display,1132,9,9.13,23.59
12238,20230724,274,Sponsored Products,1217,21,26.28,154.17
12239,20231115,106,Sponsored Products,1022,11,16.04,49.42
12240,20240224,344,Sponsored Products,1694,33,13.65,67.7
12241,20260305,26,Sponsored Brands,1375,21,23.61,59.21
12242,20231214,331,Sponsored Brands,1086,12,6.15,11.73
12243,20250505,158,Sponsored Brands,1066,12,11.71,29.27
12244,20260520,120,Sponsored Products,2967,29,42.46,144.47
12245,20250907,246,Sponsored Products,2130,36,33.35,174.41
12246,20260403,182,Sponsored Products,1942,35,53.49,100.89
12247,20240822,746,Sponsored Products,578,8,4.0,19.99
12248,20260323,655,Sponsored Products,2466,25,39.05,126.26
12249,20230111,506,Sponsored Display,802,10,5.98,33.96
12250,20230514,87,Sponsored Products,3072,10,17.44,56.3
12251,20250213,191,Sponsored Display,982,11,6.42,22.16
12252,20230110,562,Sponsored Brands,1348,8,8.48,53.17
12253,20250502,69,DSP,2801,31,29.61,75.13
12254,20241221,575,DSP,2005,25,32.48,175.16
12255,20230221,375,Sponsored Brands,3382,39,36.22,77.0
12256,20230111,763,Sponsored Products,895,9,12.07,36.78
12257,20230317,551,Sponsored Brands,923,17,19.61,95.83
12258,20231124,23,DSP,1650,20,27.73,68.64
12259,20230812,690,Sponsored Products,2033,21,20.36,56.22
12260,20251217,665,Sponsored Display,6553,115,93.38,327.88
12261,20230912,568,Sponsored Display,1150,11,17.4,45.84
12262,20241002,459,Sponsored Products,899,3,1.43,8.81
12263,20260225,222,Sponsored Brands,1651,20,18.92,52.18
12264,20240519,666,DSP,3405,48,28.52,52.81
12265,20240828,799,Sponsored Products,2128,41,60.47,222.06
12266,20260510,776,Sponsored Products,1085,15,9.08,38.72
12267,20260305,769,Sponsored Products,534,7,5.12,10.61
12268,20230418,194,Sponsored Brands,1058,8,6.94,19.88
12269,20240506,73,Sponsored Products,2014,8,12.43,29.06
12270,20240413,253,Sponsored Products,2202,41,45.75,157.54
12271,20241201,765,Sponsored Products,1441,28,25.73,94.87
12272,20240213,529,Sponsored Brands,2389,24,27.99,54.73
12273,20260313,458,DSP,801,15,8.48,16.12
12274,20240404,353,DSP,3609,43,42.41,257.13
12275,20240524,594,Sponsored Products,1183,4,5.45,29.99
12276,20230926,553,Sponsored Brands,705,13,21.14,71.58
12277,20260312,132,Sponsored Brands,2303,31,37.58,109.68
12278,20250830,330,Sponsored Products,3050,12,11.87,41.29
12279,20240821,290,Sponsored Products,1376,26,10.63,27.46
12280,20241017,648,Sponsored Products,2748,48,20.55,93.33
12281,20241015,630,DSP,431,7,2.94,11.21
12282,20241029,582,Sponsored Products,229,2,1.22,4.68
12283,20241203,502,Sponsored Display,1551,8,12.32,64.33
12284,20240304,774,Sponsored Brands,775,14,14.71,26.45
12285,20230123,289,Sponsored Products,847,15,21.68,119.37
12286,20241118,726,Sponsored Products,877,3,1.45,5.47
12287,20231013,624,Sponsored Products,1574,27,33.5,101.58
12288,20250803,522,Sponsored Products,1609,10,14.29,82.27
12289,20240414,250,Sponsored Display,1870,22,16.5,86.28
12290,20250130,569,Sponsored Products,872,9,12.49,76.19
12291,20250713,212,Sponsored Products,1471,28,21.02,55.17
12292,20240629,247,Sponsored Display,2570,33,18.33,39.94
12293,20251109,118,Sponsored Products,440,5,3.38,11.03
12294,20240301,127,Sponsored Products,1494,27,34.21,196.05
12295,20240616,604,Sponsored Products,2445,32,23.17,99.71
12296,20240602,790,Sponsored Products,660,2,2.74,11.08
12297,20231007,118,Sponsored Brands,1725,12,21.57,99.2
12298,20230909,180,Sponsored Brands,2963,24,36.47,202.47
12299,20250420,614,Sponsored Products,4105,68,76.31,157.41
12300,20241208,666,DSP,1106,4,3.61,13.12
12301,20230128,309,Sponsored Display,2314,41,70.88,170.01
12302,20231019,393,DSP,1804,14,18.08,53.39
12303,20250616,26,Sponsored Brands,1424,25,20.53,102.61
12304,20250413,770,Sponsored Products,5542,80,121.43,558.53
12305,20240517,536,Sponsored Brands,1780,12,16.3,101.86
12306,20250125,78,Sponsored Products,2123,39,19.98,36.62
12307,20250903,250,Sponsored Products,1474,8,6.93,39.15
12308,20251229,619,DSP,848,6,2.45,12.02
12309,20230413,549,Sponsored Products,2870,22,10.35,49.04
12310,20240425,622,Sponsored Products,1061,3,4.03,19.94
12311,20230103,582,DSP,2166,29,27.53,143.02
12312,20250619,15,Sponsored Products,743,10,16.76,84.9
12313,20230124,430,Sponsored Brands,1709,17,7.68,31.4
12314,20230807,411,Sponsored Display,5331,77,105.16,614.18
12315,20230801,530,Sponsored Products,1739,12,14.7,83.44
12316,20251127,177,Sponsored Display,3881,13,10.46,64.43
12317,20251215,538,Sponsored Brands,5883,45,67.4,148.68
12318,20250816,731,Sponsored Products,1768,34,39.0,149.36
12319,20260617,301,Sponsored Brands,993,16,23.0,124.41
12320,20240716,599,Sponsored Products,2396,37,53.85,94.21
12321,20241231,775,Sponsored Display,1880,27,38.27,117.69
12322,20250131,309,Sponsored Display,1157,20,20.78,65.8
12323,20230511,664,Sponsored Products,846,12,5.99,33.44
12324,20241216,628,Sponsored Display,9718,85,108.54,536.21
12325,20251115,579,DSP,1314,24,38.97,86.44
12326,20251011,245,Sponsored Display,3585,60,38.19,100.48
12327,20260102,675,Sponsored Brands,2812,37,66.52,329.11
12328,20260318,587,Sponsored Products,885,12,20.03,71.05
12329,20230118,420,Sponsored Products,459,2,2.95,15.15
12330,20250609,167,Sponsored Brands,5987,27,27.38,51.24
12331,20230219,292,Sponsored Products,776,14,24.42,130.95
12332,20250715,421,Sponsored Products,1936,38,28.49,139.99
12333,20240928,219,Sponsored Display,1998,20,25.22,122.95
12334,20250313,398,Sponsored Brands,1905,38,63.3,179.36
12335,20230118,290,Sponsored Products,1290,10,17.61,105.25
12336,20250522,287,Sponsored Display,3659,42,70.0,417.41
12337,20230119,772,Sponsored Display,3502,19,17.05,93.18
12338,20250504,324,DSP,3598,36,20.24,42.39
12339,20230714,517,Sponsored Products,1829,15,16.85,75.7
12340,20250129,198,Sponsored Products,741,9,14.71,46.45
12341,20240502,250,Sponsored Products,1633,23,20.88,95.19
12342,20250122,731,Sponsored Display,654,4,3.16,13.7
12343,20230728,547,Sponsored Brands,1548,25,19.59,107.03
12344,20251023,403,Sponsored Products,2117,11,11.67,61.61
12345,20260418,760,Sponsored Products,6006,83,113.03,681.59
12346,20230501,256,Sponsored Display,449,2,3.17,10.51
12347,20250704,758,Sponsored Products,1791,24,40.73,114.7
12348,20240729,339,Sponsored Products,748,3,4.41,23.84
12349,20230316,44,Sponsored Products,362,3,4.02,20.79
12350,20231123,404,Sponsored Products,2273,15,20.72,118.17
12351,20240528,636,Sponsored Display,1073,12,18.37,111.49
12352,20241027,700,Sponsored Brands,1759,11,5.25,22.07
12353,20260501,406,Sponsored Brands,1804,15,20.74,89.28
12354,20250813,635,Sponsored Products,2128,35,46.59,254.32
12355,20250423,276,Sponsored Products,1622,8,6.76,19.8
12356,20240214,735,Sponsored Display,351,6,8.52,25.35
12357,20240818,719,Sponsored Brands,1155,17,26.53,87.16
12358,20240407,653,Sponsored Brands,1041,3,4.4,15.81
12359,20240620,325,Sponsored Products,2218,36,33.27,213.87
12360,20251205,563,Sponsored Brands,1821,34,29.0,138.32
12361,20240322,309,Sponsored Display,1689,21,23.34,82.26
12362,20241207,483,Sponsored Products,2934,8,3.89,9.08
12363,20250831,492,Sponsored Display,1385,13,14.14,65.08
12364,20260616,599,Sponsored Products,2621,8,14.23,73.99
12365,20240329,745,Sponsored Products,808,3,5.27,30.21
12366,20251102,116,Sponsored Products,511,5,2.63,9.77
12367,20230625,323,Sponsored Products,4285,80,130.25,409.61
12368,20250918,568,DSP,2463,39,60.24,180.6
12369,20260116,18,DSP,4496,28,29.06,136.2
12370,20260301,403,Sponsored Products,2242,24,20.02,128.04
12371,20250615,87,Sponsored Display,1663,33,47.92,196.04
12372,20230422,386,Sponsored Products,2742,14,14.82,71.7
12373,20230121,507,Sponsored Brands,2898,11,10.54,66.39
12374,20230928,638,Sponsored Products,1726,33,20.79,40.5
12375,20260523,127,Sponsored Products,3179,9,8.53,19.65
12376,20230510,518,Sponsored Products,1846,34,33.59,159.99
12377,20230126,764,Sponsored Brands,435,3,1.26,4.79
12378,20260326,220,Sponsored Products,1873,26,41.6,161.86
12379,20230613,240,Sponsored Brands,5458,105,45.76,69.22
12380,20230331,566,Sponsored Brands,225,3,1.43,5.53
12381,20240203,563,Sponsored Display,328,1,0.54,1.77
12382,20231005,77,DSP,1663,10,15.4,86.29
12383,20230425,698,Sponsored Brands,1049,14,10.22,36.53
12384,20250104,271,Sponsored Products,5275,61,56.34,203.11
12385,20230610,525,Sponsored Products,2485,23,23.87,65.54
12386,20251012,490,Sponsored Display,3653,20,17.55,92.61
12387,20251009,368,Sponsored Products,1929,33,51.54,177.38
12388,20231028,257,Sponsored Brands,2820,19,33.42,195.92
12389,20240621,411,Sponsored Products,2074,17,24.65,104.44
12390,20260517,254,Sponsored Brands,5018,69,36.02,92.72
12391,20230309,428,Sponsored Display,1196,21,22.8,97.83
12392,20231223,360,Sponsored Products,6202,24,18.86,107.63
12393,20230627,58,Sponsored Display,2982,12,16.25,79.89
12394,20240307,472,Sponsored Brands,899,13,14.2,61.19
12395,20251102,432,Sponsored Products,1814,25,10.5,41.55
12396,20230208,130,DSP,1011,17,19.66,51.54
12397,20250521,15,Sponsored Display,330,2,3.33,19.74
12398,20250921,521,Sponsored Products,905,12,15.78,95.83
12399,20250128,172,Sponsored Brands,496,3,1.85,3.42
12400,20231101,306,Sponsored Products,631,5,4.94,24.38
12401,20240609,361,Sponsored Brands,2204,30,45.61,245.82
12402,20240525,164,Sponsored Products,2775,10,13.31,69.3
12403,20260529,620,Sponsored Products,947,15,18.66,97.78
12404,20240902,343,Sponsored Brands,1603,11,18.66,110.69
12405,20240615,49,Sponsored Products,804,15,20.43,98.98
12406,20240106,787,Sponsored Products,2924,15,8.6,46.21
12407,20241224,293,Sponsored Products,2248,17,23.95,72.23
12408,20240608,754,DSP,1831,14,15.05,75.45
12409,20250913,86,Sponsored Products,159,1,0.62,3.99
12410,20241202,672,Sponsored Products,1632,28,30.35,48.17
12411,20260122,153,Sponsored Brands,471,6,5.24,16.57
12412,20250215,151,Sponsored Brands,1484,5,3.75,11.97
12413,20250525,9,Sponsored Products,458,6,8.82,37.44
12414,20230428,90,Sponsored Brands,1400,14,14.11,85.47
12415,20260505,657,Sponsored Display,1208,8,7.65,24.82
12416,20250418,663,Sponsored Products,842,12,6.87,13.87
12417,20250803,49,Sponsored Products,1915,26,40.39,240.2
12418,20250415,571,Sponsored Display,1564,19,15.94,36.51
12419,20260511,73,Sponsored Products,1273,24,17.12,109.58
12420,20230426,660,Sponsored Brands,2778,33,21.09,53.2
12421,20240930,537,Sponsored Brands,1446,9,14.16,74.9
12422,20240503,329,Sponsored Products,2557,7,5.23,22.58
12423,20250411,96,Sponsored Brands,136,2,2.92,9.72
12424,20251130,789,Sponsored Brands,12630,212,258.3,1547.16
12425,20260502,531,Sponsored Products,4054,21,17.57,111.49
12426,20260310,529,Sponsored Brands,3728,66,101.96,515.79
12427,20230121,20,Sponsored Products,472,3,3.27,16.11
12428,20240805,191,DSP,953,14,15.44,62.54
12429,20250910,599,Sponsored Brands,687,6,8.82,22.77
12430,20250207,542,Sponsored Display,3139,35,36.83,184.71
12431,20230515,456,Sponsored Brands,717,5,2.52,15.36
12432,20251226,686,Sponsored Brands,432,7,7.09,45.66
12433,20240704,490,Sponsored Products,5979,50,62.38,289.73
12434,20241123,489,Sponsored Products,977,16,25.36,89.89
12435,20240817,380,Sponsored Products,2445,19,11.43,55.37
12436,20250814,238,Sponsored Brands,3504,66,88.12,463.78
12437,20260613,285,Sponsored Brands,157,0,0.0,0.0
12438,20230902,646,Sponsored Products,3196,34,17.78,94.06
12439,20250423,268,Sponsored Products,1591,10,9.38,28.9
12440,20230905,567,Sponsored Products,899,3,3.42,10.9
12441,20250303,734,Sponsored Products,86,0,0.0,0.0
12442,20250923,721,DSP,2110,12,20.39,92.49
12443,20240510,66,Sponsored Brands,2257,37,21.5,135.05
12444,20250412,632,Sponsored Brands,1311,21,13.05,23.57
12445,20250727,466,Sponsored Products,3909,66,71.48,212.25
12446,20260624,636,Sponsored Products,521,8,7.26,15.77
12447,20230807,174,Sponsored Brands,2571,42,38.0,78.0
12448,20250821,620,DSP,2793,13,10.76,64.11
12449,20240309,695,Sponsored Display,4013,26,31.64,195.3
12450,20240808,620,Sponsored Display,127,1,0.44,0.99
12451,20250902,787,Sponsored Products,531,6,4.38,12.95
12452,20250810,227,Sponsored Products,668,11,10.2,29.69
12453,20240314,304,Sponsored Brands,2528,32,40.25,138.88
12454,20240525,509,Sponsored Brands,958,14,21.17,132.39
12455,20260503,640,Sponsored Products,1849,35,29.97,109.55
12456,20230629,397,Sponsored Products,818,6,5.73,9.29
12457,20240109,147,DSP,1451,20,31.91,53.35
12458,20260530,25,DSP,563,8,9.23,48.15
12459,20240716,124,Sponsored Brands,1777,6,6.33,10.43
12460,20260310,41,Sponsored Brands,3796,31,37.07,94.5
12461,20241130,19,Sponsored Brands,11275,148,111.8,371.75
12462,20260412,153,Sponsored Products,3361,31,50.38,142.73
12463,20240401,799,Sponsored Brands,616,9,11.42,27.57
12464,20250915,680,Sponsored Products,959,3,4.89,15.67
12465,20250719,102,Sponsored Display,723,3,2.69,7.12
12466,20240109,181,Sponsored Display,2772,31,48.84,174.61
12467,20231002,235,Sponsored Display,1256,12,18.93,120.61
12468,20241008,102,Sponsored Products,1598,15,25.41,83.49
12469,20240429,189,Sponsored Products,636,7,4.75,10.25
12470,20250313,745,Sponsored Products,1900,14,18.46,45.44
12471,20260625,293,Sponsored Products,627,7,11.82,50.43
12472,20231006,6,Sponsored Brands,433,3,3.5,14.92
12473,20250131,757,Sponsored Display,1908,15,15.06,24.21
12474,20240601,594,Sponsored Display,1373,23,16.97,69.14
12475,20240804,424,Sponsored Products,2104,11,10.15,65.2
12476,20260130,741,Sponsored Brands,3221,13,17.44,78.48
12477,20240408,670,Sponsored Products,3826,39,24.79,38.56
12478,20230126,457,Sponsored Display,141,2,3.25,8.24
12479,20260425,215,Sponsored Products,1194,8,4.23,21.58
12480,20231224,278,Sponsored Brands,5769,90,53.04,252.47
12481,20250714,540,Sponsored Products,549,10,16.06,86.66
12482,20250824,242,DSP,2482,46,65.85,240.66
12483,20250129,233,Sponsored Brands,896,14,12.44,53.92
12484,20251202,255,Sponsored Products,288,3,1.43,6.12
12485,20240912,42,Sponsored Display,2067,30,19.5,67.57
12486,20260315,142,Sponsored Products,2285,30,39.8,97.1
12487,20240208,757,Sponsored Display,3638,45,46.31,253.4
12488,20250807,13,Sponsored Brands,2864,44,57.87,362.6
12489,20230621,422,DSP,583,3,3.47,14.52
12490,20251222,538,Sponsored Products,985,6,5.55,29.49
12491,20230421,98,Sponsored Products,2146,26,44.95,115.22
12492,20250106,490,Sponsored Products,568,6,9.9,22.49
12493,20241107,186,Sponsored Products,3902,32,15.6,50.4
12494,20241105,31,Sponsored Products,3520,57,74.06,463.72
12495,20240307,266,Sponsored Products,931,12,10.2,32.27
12496,20250614,709,Sponsored Brands,1830,24,29.24,50.55
12497,20230502,386,Sponsored Brands,813,2,2.45,15.29
12498,20260521,246,Sponsored Products,931,3,3.61,7.3
12499,20230613,571,Sponsored Brands,748,6,9.76,38.81
12500,20251121,587,DSP,642,12,16.09,84.1
12501,20260519,101,DSP,1817,10,11.77,48.69
12502,20260227,279,Sponsored Products,315,1,0.74,2.77
12503,20240111,205,Sponsored Brands,664,4,4.31,25.09
12504,20240604,770,Sponsored Brands,1489,9,3.86,13.23
12505,20241111,639,Sponsored Display,650,9,15.33,45.02
12506,20250318,135,DSP,1230,5,3.37,9.27
12507,20230426,506,Sponsored Brands,4776,26,36.77,69.32
12508,20260216,667,Sponsored Products,661,13,16.09,88.58
12509,20250512,577,Sponsored Brands,1158,18,31.54,195.58
12510,20241006,334,Sponsored Brands,939,12,17.5,80.09
12511,20260302,484,Sponsored Products,2148,32,38.0,223.31
12512,20231214,759,Sponsored Products,2448,13,15.99,75.99
12513,20260302,272,DSP,524,4,4.83,29.19
12514,20250306,178,Sponsored Brands,3258,48,78.6,503.01
12515,20260212,105,Sponsored Display,1744,5,2.77,14.12
12516,20241028,609,Sponsored Products,1305,13,18.0,109.86
12517,20230726,694,DSP,258,3,5.38,26.78
12518,20240930,420,Sponsored Products,2177,26,14.99,28.18
12519,20240404,263,Sponsored Brands,1235,10,12.63,25.03
12520,20230805,165,Sponsored Brands,932,3,2.83,10.83
12521,20230108,425,Sponsored Brands,2609,42,18.75,84.24
12522,20241221,734,Sponsored Display,2280,26,17.39,86.93
12523,20250526,488,Sponsored Products,153,1,1.07,6.46
12524,20241218,583,Sponsored Display,5561,96,40.81,252.45
12525,20240117,309,Sponsored Brands,1085,5,3.74,22.25
12526,20260629,326,Sponsored Display,971,13,7.46,37.18
12527,20231221,203,DSP,6109,80,39.69,164.49
12528,20260520,119,Sponsored Products,914,9,14.06,32.35
12529,20231230,5,Sponsored Products,1709,17,23.36,86.91
12530,20230820,264,Sponsored Products,2715,40,66.78,124.74
12531,20240407,532,Sponsored Brands,2925,25,12.0,52.56
12532,20241127,348,Sponsored Products,7036,109,163.67,256.73
12533,20260331,623,Sponsored Products,736,13,6.01,27.36
12534,20230424,739,Sponsored Brands,221,4,7.02,29.85
12535,20250614,27,Sponsored Products,3679,34,19.3,94.12
12536,20240408,399,Sponsored Products,189,0,0.0,0.0
12537,20241006,111,DSP,3608,31,29.93,106.42
12538,20260207,269,Sponsored Products,997,3,1.27,2.64
12539,20240112,428,Sponsored Products,444,3,5.34,31.18
12540,20250327,625,Sponsored Brands,1354,24,26.63,71.24
12541,20230418,34,Sponsored Brands,1948,20,34.83,136.6
12542,20240527,247,Sponsored Display,439,1,1.06,5.71
12543,20230815,539,Sponsored Display,2509,29,37.27,58.31
12544,20241121,365,Sponsored Products,1188,8,11.62,52.41
12545,20260510,328,Sponsored Brands,559,9,10.56,48.38
12546,20241112,425,Sponsored Products,3602,38,60.34,309.56
12547,20240207,82,Sponsored Products,2075,33,40.81,261.7
12548,20230220,214,Sponsored Products,980,6,6.03,31.85
12549,20260423,625,Sponsored Products,1960,7,3.27,9.83
12550,20251116,435,Sponsored Products,3046,21,19.18,99.68
12551,20240422,379,Sponsored Brands,1752,31,39.46,189.66
12552,20250205,172,Sponsored Brands,1268,8,13.73,23.25
12553,20250729,767,Sponsored Products,1698,32,55.56,195.04
12554,20241126,478,Sponsored Display,5649,94,71.24,280.92
12555,20230114,709,Sponsored Products,1311,19,13.11,55.3
12556,20260605,383,Sponsored Products,2052,38,31.34,67.79
12557,20260114,77,Sponsored Products,2551,10,14.5,86.0
12558,20250727,675,DSP,1153,21,25.47,85.53
12559,20240928,757,Sponsored Display,1950,35,16.86,103.62
12560,20230711,255,Sponsored Display,3291,61,40.47,202.97
12561,20250722,186,Sponsored Products,721,6,7.7,34.22
12562,20250115,520,Sponsored Brands,534,2,1.27,6.45
12563,20240213,276,Sponsored Brands,1163,3,2.37,13.28
12564,20230526,539,Sponsored Products,2143,15,9.16,24.74
12565,20250912,675,DSP,2437,45,50.72,308.92
12566,20241008,675,Sponsored Brands,774,15,15.23,33.1
12567,20240221,517,Sponsored Products,2385,26,14.7,81.28
12568,20241231,357,Sponsored Products,1362,14,18.99,61.39
12569,20251018,752,Sponsored Brands,307,1,0.94,4.65
12570,20250515,14,Sponsored Products,1593,7,10.03,52.01
12571,20260103,524,Sponsored Products,1587,22,25.08,123.4
12572,20250121,376,Sponsored Brands,201,1,1.67,8.11
12573,20250114,460,Sponsored Products,610,3,5.34,27.55
12574,20230615,769,Sponsored Brands,1134,19,20.96,119.78
12575,20260518,169,Sponsored Brands,1030,15,18.13,37.98
12576,20250520,273,Sponsored Brands,704,8,4.37,12.65
12577,20230530,223,Sponsored Brands,1825,21,32.06,146.48
12578,20230125,414,DSP,2787,21,10.14,51.96
12579,20260624,726,Sponsored Products,1345,5,6.71,28.64
12580,20240619,667,Sponsored Products,3582,44,40.54,237.03
12581,20250103,106,Sponsored Brands,4256,39,63.89,404.09
12582,20231107,58,Sponsored Brands,639,4,5.22,20.74
12583,20231120,227,Sponsored Brands,1363,24,33.02,147.82
12584,20240617,249,DSP,1047,7,7.0,33.26
12585,20231107,148,Sponsored Display,1186,23,22.26,93.24
12586,20230107,448,DSP,880,6,4.7,10.84
12587,20240129,254,Sponsored Products,1021,20,26.68,55.06
12588,20250121,617,Sponsored Products,468,2,1.46,3.72
12589,20241104,652,Sponsored Products,2757,35,15.22,63.11
12590,20241107,433,Sponsored Display,400,3,5.34,24.14
12591,20250326,582,Sponsored Products,1501,10,11.94,73.71
12592,20250610,161,Sponsored Brands,1216,15,19.62,120.67
12593,20230704,428,Sponsored Products,827,6,8.43,44.67
12594,20241127,520,DSP,1012,7,4.45,12.55
12595,20240330,800,Sponsored Products,1586,15,14.4,30.9
12596,20230303,72,Sponsored Products,4223,75,35.61,122.19
12597,20250108,279,Sponsored Display,1625,26,10.94,47.71
12598,20260512,562,DSP,539,2,3.07,13.88
12599,20231027,678,DSP,995,6,3.3,20.55
12600,20240604,150,Sponsored Brands,1199,3,3.49,9.98
12601,20250504,359,Sponsored Display,4367,57,66.85,274.89
12602,20240613,306,Sponsored Brands,1076,3,3.47,21.14
12603,20231027,180,DSP,154,1,1.7,3.15
12604,20250507,403,Sponsored Products,1128,18,29.7,116.15
12605,20241217,338,DSP,2605,18,24.41,126.54
12606,20250817,340,Sponsored Products,1831,19,27.35,80.43
12607,20251028,409,Sponsored Products,395,6,9.84,58.65
12608,20250611,286,Sponsored Products,1107,4,5.17,12.68
12609,20250615,31,Sponsored Products,2961,44,47.45,189.92
12610,20250601,86,Sponsored Display,1488,28,44.91,152.75
12611,20231029,585,Sponsored Brands,3612,13,18.73,90.63
12612,20230801,552,Sponsored Products,1020,9,13.32,23.58
12613,20250408,463,Sponsored Products,2459,20,14.69,43.13
12614,20250708,370,Sponsored Brands,535,4,6.44,23.65
12615,20240122,739,Sponsored Products,1791,32,28.63,80.06
12616,20231021,696,Sponsored Brands,250,3,2.53,12.67
12617,20250629,121,Sponsored Products,1893,5,3.29,9.38
12618,20260218,22,Sponsored Products,4035,21,25.52,101.92
12619,20230208,140,Sponsored Products,837,6,8.41,29.94
12620,20231203,310,Sponsored Products,1576,18,7.5,16.59
12621,20241122,422,Sponsored Products,1947,20,32.54,53.37
12622,20230218,212,Sponsored Products,755,13,21.72,83.79
12623,20250929,458,Sponsored Products,1338,26,11.38,32.62
12624,20230717,338,DSP,1774,20,26.92,112.23
12625,20240529,200,Sponsored Brands,353,5,8.78,35.66
12626,20250322,552,Sponsored Brands,1198,8,13.52,71.68
12627,20260527,423,Sponsored Brands,3281,43,39.38,190.84
12628,20241120,670,Sponsored Products,2467,47,39.29,236.83
12629,20260108,16,Sponsored Products,370,1,1.65,9.0
12630,20260628,275,Sponsored Brands,3376,66,106.0,395.98
12631,20230801,249,Sponsored Products,1378,26,22.34,43.98
12632,20250214,320,Sponsored Products,2945,19,19.08,96.44
12633,20240922,516,Sponsored Products,2095,15,8.63,29.56
12634,20260106,589,Sponsored Products,839,9,8.88,43.97
12635,20250719,419,Sponsored Brands,2532,21,30.39,167.41
12636,20230515,351,Sponsored Products,1377,19,15.31,79.34
12637,20230428,479,Sponsored Brands,1089,7,12.46,52.33
12638,20241227,354,Sponsored Products,1575,7,2.99,6.64
12639,20230323,696,Sponsored Products,2539,50,25.92,105.88
12640,20240704,494,Sponsored Products,363,1,0.76,1.65
12641,20260131,109,Sponsored Display,2847,34,48.85,151.31
12642,20250718,337,Sponsored Products,1856,32,52.0,180.66
12643,20240116,784,Sponsored Products,1722,14,11.13,29.01
12644,20240105,533,Sponsored Products,490,4,3.82,8.73
12645,20230908,150,Sponsored Products,3482,60,65.4,187.24
12646,20240509,469,Sponsored Display,2497,27,27.93,139.01
12647,20250121,613,Sponsored Products,928,11,19.11,120.64
12648,20250724,520,Sponsored Brands,1119,12,20.18,79.69
12649,20230503,340,Sponsored Display,1334,6,10.06,44.39
12650,20230606,45,DSP,507,4,3.88,23.04
12651,20250211,638,Sponsored Products,1527,24,28.76,144.76
12652,20240403,579,DSP,3158,19,30.53,99.93
12653,20250120,642,Sponsored Products,1373,7,12.32,50.3
12654,20231230,533,Sponsored Products,1735,29,16.01,48.52
12655,20230728,499,DSP,1533,26,34.66,99.62
12656,20260118,369,Sponsored Products,615,5,4.78,22.01
12657,20251107,717,Sponsored Products,944,4,5.97,32.91
12658,20250510,542,Sponsored Products,2799,14,15.09,76.64
12659,20230424,219,Sponsored Display,931,13,20.17,53.8
12660,20231204,440,DSP,1214,8,7.05,22.21
12661,20230507,276,Sponsored Products,1201,12,10.09,64.46
12662,20250502,261,Sponsored Display,1688,10,7.3,43.81
12663,20250308,98,Sponsored Products,958,8,3.86,11.17
12664,20250703,565,DSP,695,10,15.33,51.97
12665,20241111,620,Sponsored Products,1238,19,13.09,72.08
12666,20231115,694,Sponsored Brands,473,3,4.96,7.71
12667,20230522,276,Sponsored Products,1472,15,19.48,95.57
12668,20241128,617,Sponsored Products,1430,16,15.93,84.1
12669,20240226,457,Sponsored Display,5439,91,103.28,525.48
12670,20231120,76,Sponsored Products,425,3,1.52,8.23
12671,20240419,670,DSP,411,8,12.73,50.09
12672,20240401,296,Sponsored Brands,740,12,16.44,45.02
12673,20251020,113,Sponsored Brands,758,4,2.24,8.51
12674,20250106,549,Sponsored Products,616,5,6.15,14.15
12675,20251028,224,DSP,2550,45,64.2,391.23
12676,20251219,516,Sponsored Products,4246,20,19.68,110.42
12677,20260604,45,Sponsored Brands,883,13,12.26,52.24
12678,20260120,567,Sponsored Products,485,6,6.19,10.96
12679,20241219,608,Sponsored Display,408,3,2.66,10.28
12680,20230116,635,Sponsored Products,445,6,4.57,19.88
12681,20260407,169,Sponsored Products,543,8,4.46,14.48
12682,20241204,166,DSP,675,2,1.66,4.03
12683,20250307,173,Sponsored Products,792,2,3.26,15.78
12684,20241207,572,Sponsored Products,1464,17,7.76,13.33
12685,20260223,577,Sponsored Display,1741,31,32.51,60.93
12686,20250825,551,Sponsored Products,979,17,25.08,79.3
12687,20230504,42,DSP,332,4,5.66,16.24
12688,20240525,292,Sponsored Products,1497,10,13.99,76.21
12689,20250117,752,DSP,2088,39,54.15,211.33
12690,20231115,493,Sponsored Products,1838,11,9.7,21.93
12691,20250506,516,Sponsored Products,761,10,16.42,87.14
12692,20240912,258,Sponsored Products,759,3,2.42,6.89
12693,20250215,130,Sponsored Brands,1901,21,21.12,102.01
12694,20251127,142,Sponsored Brands,10008,195,259.87,1410.3
12695,20230723,413,Sponsored Display,1275,20,13.72,75.06
12696,20260328,423,Sponsored Products,172,2,0.91,2.37
12697,20241011,356,Sponsored Brands,900,4,4.5,13.31
12698,20260428,203,Sponsored Display,2088,17,24.74,57.26
12699,20240425,76,Sponsored Brands,1905,32,30.62,160.66
12700,20230508,583,Sponsored Brands,1187,13,5.44,8.17
12701,20240613,323,Sponsored Products,2690,52,22.5,83.0
12702,20260520,418,Sponsored Products,438,6,9.55,19.51
12703,20230918,281,Sponsored Products,768,9,6.48,40.38
12704,20230531,245,Sponsored Brands,1630,17,15.9,82.71
12705,20240504,351,Sponsored Display,877,14,22.56,140.56
12706,20240615,133,Sponsored Products,1473,14,21.23,91.63
12707,20260308,645,Sponsored Brands,1211,20,20.94,67.95
12708,20250907,677,DSP,1639,21,37.08,87.85
12709,20240703,175,DSP,2567,40,41.7,189.17
12710,20231008,613,Sponsored Products,4191,44,58.7,280.27
12711,20230921,526,Sponsored Brands,512,3,4.55,27.18
12712,20250313,296,Sponsored Products,949,16,15.6,28.68
12713,20230223,720,Sponsored Products,626,3,1.59,9.7
12714,20231022,410,Sponsored Display,837,14,19.46,121.74
12715,20251022,706,DSP,696,4,4.22,8.17
12716,20240711,706,Sponsored Products,5682,81,125.71,203.62
12717,20231226,477,Sponsored Products,1977,32,55.34,175.63
12718,20231114,102,Sponsored Brands,832,13,21.71,96.84
12719,20230119,109,Sponsored Display,1369,17,11.0,22.48
12720,20231115,324,DSP,2029,7,5.23,32.78
12721,20250607,173,Sponsored Products,1237,20,11.5,61.24
12722,20240111,709,Sponsored Products,796,5,7.49,12.7
12723,20230404,393,Sponsored Brands,2618,27,47.99,162.53
12724,20240211,360,Sponsored Brands,1436,11,12.16,63.65
12725,20251212,424,Sponsored Brands,860,15,17.03,88.24
12726,20230907,256,DSP,972,5,7.45,29.35
12727,20240208,602,Sponsored Brands,1263,13,11.02,39.4
12728,20231030,15,Sponsored Products,1315,19,15.55,95.24
12729,20250412,512,Sponsored Brands,1355,24,17.37,110.02
12730,20240324,268,Sponsored Brands,559,7,9.18,35.61
12731,20240423,764,DSP,1540,12,12.35,76.96
12732,20230217,622,Sponsored Products,503,1,0.67,4.27
12733,20240118,291,Sponsored Products,1293,18,31.13,53.33
12734,20250509,410,Sponsored Products,1443,16,13.06,75.62
12735,20260306,442,Sponsored Products,209,4,4.08,20.41
12736,20250905,279,Sponsored Products,1226,4,3.59,18.57
12737,20260430,224,Sponsored Display,1165,19,23.68,74.4
12738,20251007,99,Sponsored Products,847,4,6.14,15.52
12739,20230603,43,Sponsored Products,1924,21,10.72,20.86
12740,20230329,667,Sponsored Products,15,0,0.0,0.0
12741,20240924,4,Sponsored Display,1461,25,16.56,39.07
12742,20241115,277,Sponsored Brands,2026,31,43.42,132.4
12743,20250624,528,DSP,703,2,1.42,9.2
12744,20231116,263,Sponsored Brands,2761,44,76.69,438.92
12745,20240909,785,Sponsored Products,1324,14,12.99,64.82
12746,20260106,135,Sponsored Display,550,9,4.8,19.6
12747,20230123,386,Sponsored Brands,1677,18,19.29,33.87
12748,20251001,564,Sponsored Products,1393,19,14.07,87.29
12749,20240408,280,Sponsored Products,1773,25,14.97,85.3
12750,20260426,278,DSP,755,5,4.19,11.55
12751,20251224,239,Sponsored Products,4245,23,39.32,63.41
12752,20230202,13,Sponsored Products,2998,30,45.18,76.45
12753,20250125,84,Sponsored Products,570,5,4.72,28.32
12754,20230415,311,Sponsored Display,4968,35,54.74,117.05
12755,20230719,194,Sponsored Display,944,14,6.98,41.93
12756,20231222,328,Sponsored Display,587,2,1.46,4.76
12757,20250908,363,Sponsored Products,3440,11,15.48,51.96
12758,20240404,695,Sponsored Products,469,6,8.31,16.02
12759,20231102,447,Sponsored Brands,2214,25,27.6,148.02
12760,20240727,729,Sponsored Display,999,19,28.71,142.75
12761,20260206,457,Sponsored Products,1414,6,5.48,23.06
12762,20240722,91,Sponsored Brands,2935,54,50.07,294.87
12763,20260122,204,Sponsored Products,1968,17,19.46,55.12
12764,20250330,175,DSP,676,7,8.6,44.62
12765,20241030,6,Sponsored Brands,1091,4,4.91,18.33
12766,20230902,642,Sponsored Brands,2001,36,61.5,368.35
12767,20260120,7,Sponsored Products,926,12,14.68,63.65
12768,20230905,84,DSP,2195,23,12.41,63.37
12769,20260630,137,Sponsored Display,3209,11,8.13,36.91
12770,20250921,777,Sponsored Products,3125,60,38.2,127.04
12771,20250902,33,Sponsored Products,1582,9,14.67,22.1
12772,20260112,302,Sponsored Products,1506,8,13.91,51.18
12773,20230916,540,Sponsored Products,292,5,6.77,17.79
12774,20250817,91,DSP,1716,6,9.17,31.75
12775,20230809,690,Sponsored Products,1056,11,17.7,40.11
12776,20260406,328,DSP,3017,10,10.08,29.58
12777,20250722,430,Sponsored Display,709,4,6.52,20.24
12778,20260516,91,Sponsored Brands,1423,7,12.47,72.42
12779,20231018,448,Sponsored Products,2286,41,50.23,181.25
12780,20250929,104,Sponsored Brands,938,9,12.78,34.16
12781,20240704,148,Sponsored Brands,1946,12,5.33,21.41
12782,20240127,504,Sponsored Products,3321,63,28.15,177.78
12783,20250328,487,Sponsored Products,2482,34,21.87,82.5
12784,20260213,207,Sponsored Display,1033,12,16.75,33.59
12785,20230227,506,Sponsored Products,1384,9,6.01,19.8
12786,20241125,293,Sponsored Display,3399,39,34.59,98.43
12787,20240328,366,Sponsored Products,271,5,7.76,49.69
12788,20241228,764,DSP,1352,19,13.24,34.32
12789,20250723,240,DSP,472,1,0.95,2.05
12790,20230823,790,Sponsored Display,993,15,9.08,44.85
12791,20260111,24,Sponsored Display,871,7,5.14,19.82
12792,20230410,4,Sponsored Products,312,6,9.17,16.93
12793,20260129,51,Sponsored Brands,3372,46,28.17,129.05
12794,20251011,29,Sponsored Products,755,4,3.04,14.51
12795,20260424,372,Sponsored Products,1933,13,15.51,81.01
12796,20230320,638,Sponsored Display,897,11,19.49,74.05
12797,20260605,539,Sponsored Products,262,2,3.19,7.49
12798,20241204,7,Sponsored Display,1201,12,18.26,82.07
12799,20240503,690,Sponsored Products,2738,47,81.63,217.24
12800,20251215,93,Sponsored Products,541,7,5.07,23.01
12801,20230820,223,Sponsored Products,1995,35,18.7,35.0
12802,20230223,659,Sponsored Brands,1059,11,16.02,85.81
12803,20240123,368,Sponsored Products,1445,5,8.3,23.98
12804,20260417,582,Sponsored Products,3704,27,34.51,214.94
12805,20240204,362,Sponsored Products,962,7,8.82,54.25
12806,20241222,14,Sponsored Display,4314,42,43.5,212.54
12807,20230108,141,Sponsored Brands,80,1,1.23,5.59
12808,20240420,659,Sponsored Brands,2870,20,33.29,57.03
12809,20230831,779,Sponsored Products,4485,44,23.18,137.86
12810,20241130,435,Sponsored Products,12470,88,75.7,451.92
12811,20250819,751,Sponsored Products,2685,22,15.09,41.57
12812,20240117,337,Sponsored Display,1633,27,33.31,76.25
12813,20241107,227,Sponsored Products,740,11,10.1,34.3
12814,20251212,698,Sponsored Products,3607,64,48.26,162.05
12815,20230122,204,Sponsored Brands,2104,41,56.06,204.75
12816,20231114,560,Sponsored Brands,1510,9,10.65,27.46
12817,20250629,615,Sponsored Brands,2072,6,5.66,27.76
12818,20260625,69,Sponsored Brands,957,15,17.46,71.4
12819,20260507,433,Sponsored Brands,1053,5,4.11,21.46
12820,20230925,732,Sponsored Products,2806,55,84.98,518.28
12821,20231226,556,Sponsored Display,748,14,22.38,86.12
12822,20250428,312,Sponsored Display,2828,54,57.68,328.03
12823,20230910,578,Sponsored Products,72,0,0.0,0.0
12824,20230105,343,Sponsored Products,411,2,2.54,15.83
12825,20230301,517,Sponsored Products,307,5,2.59,14.61
12826,20241205,224,Sponsored Products,3370,49,60.21,331.89
12827,20240911,339,Sponsored Products,2236,16,15.03,72.61
12828,20230425,457,Sponsored Products,1143,17,7.38,34.57
12829,20230118,68,Sponsored Display,1097,8,8.55,49.38
12830,20240728,421,Sponsored Brands,2316,16,16.23,62.86
12831,20240926,167,Sponsored Brands,725,12,7.64,23.39
12832,20241012,116,Sponsored Brands,1254,6,10.16,32.53
12833,20230126,500,Sponsored Brands,675,9,12.85,19.66
12834,20241107,561,Sponsored Products,1740,15,14.27,85.32
12835,20240823,192,Sponsored Products,478,7,11.46,60.09
12836,20250116,784,Sponsored Display,993,7,4.63,29.92
12837,20230213,542,Sponsored Products,2388,25,39.85,239.87
12838,20241001,231,Sponsored Products,213,3,4.13,6.35
12839,20260326,516,Sponsored Products,2115,40,36.98,197.93
12840,20250202,486,Sponsored Products,471,6,8.51,17.1
12841,20260615,427,Sponsored Display,788,8,4.53,25.13
12842,20230821,705,Sponsored Products,1113,15,17.13,57.16
12843,20250616,91,Sponsored Products,670,10,5.17,16.84
12844,20231020,30,Sponsored Brands,1025,10,4.01,21.62
12845,20250622,63,Sponsored Brands,1722,7,5.91,21.69
12846,20260601,777,Sponsored Products,4519,56,70.06,190.78
12847,20230626,580,Sponsored Brands,439,3,5.0,13.99
12848,20250408,581,Sponsored Products,875,13,21.32,54.69
12849,20250929,89,Sponsored Products,1024,13,12.06,48.16
12850,20251229,614,Sponsored Brands,2001,31,48.01,296.83
12851,20250201,665,Sponsored Brands,1881,8,5.31,24.33
12852,20240515,580,Sponsored Display,2315,37,61.37,344.96
12853,20260412,600,Sponsored Products,318,4,5.99,15.2
12854,20240228,653,Sponsored Products,1734,28,25.03,125.58
12855,20240418,439,Sponsored Products,1444,16,22.11,70.73
12856,20230821,458,Sponsored Products,616,2,2.62,13.49
12857,20250529,652,Sponsored Products,3337,28,32.32,183.75
12858,20250613,542,Sponsored Brands,998,14,11.74,32.84
12859,20260218,404,Sponsored Products,2411,44,66.5,261.27
12860,20250309,726,Sponsored Brands,693,13,10.26,50.13
12861,20251215,684,Sponsored Products,1430,27,40.76,164.22
12862,20250624,438,Sponsored Brands,1895,22,27.74,70.82
12863,20250330,115,Sponsored Brands,2781,20,33.19,170.67
12864,20241213,112,Sponsored Products,1599,21,37.65,78.1
12865,20240320,707,Sponsored Display,94,1,1.76,8.23
12866,20240127,169,Sponsored Brands,1379,10,13.27,46.22
12867,20240822,35,DSP,2110,30,26.72,140.82
12868,20240508,593,DSP,1505,8,10.57,36.29
12869,20260415,502,Sponsored Display,5538,51,83.66,478.73
12870,20250310,243,Sponsored Brands,422,7,4.32,13.68
12871,20251004,276,Sponsored Brands,2007,23,35.02,155.43
12872,20250217,778,Sponsored Display,1551,10,7.67,18.58
12873,20250524,739,DSP,890,14,21.75,139.81
12874,20260619,610,DSP,446,7,6.39,17.47
12875,20251210,727,Sponsored Products,1973,16,11.62,43.91
12876,20240105,554,Sponsored Products,3729,39,61.33,171.25
12877,20240126,418,Sponsored Brands,1569,10,17.7,103.4
12878,20230716,133,Sponsored Products,1210,19,9.3,43.85
12879,20240727,505,Sponsored Products,953,6,7.71,13.39
12880,20240829,413,Sponsored Products,697,5,8.19,21.14
12881,20230705,760,Sponsored Products,1315,24,41.05,217.58
12882,20250807,95,Sponsored Brands,1508,22,27.26,50.18
12883,20250528,718,DSP,3900,48,52.87,261.42
12884,20240305,227,Sponsored Products,1076,14,13.03,61.03
12885,20250306,346,Sponsored Display,4320,57,47.83,171.77
12886,20240609,2,Sponsored Display,2285,9,8.53,34.74
12887,20250729,53,Sponsored Products,676,4,3.22,6.85
12888,20250620,670,Sponsored Brands,2325,23,28.16,144.94
12889,20230901,109,Sponsored Products,2091,26,32.44,184.46
12890,20230712,438,Sponsored Products,4648,38,33.33,181.72
12891,20240303,268,Sponsored Products,497,3,3.83,13.41
12892,20230918,111,Sponsored Products,2724,16,22.42,108.53
12893,20250420,62,DSP,568,10,17.56,83.72
12894,20231110,230,Sponsored Brands,2380,23,20.88,79.05
12895,20240418,325,Sponsored Brands,3826,42,34.03,144.72
12896,20241103,563,Sponsored Products,1222,24,41.63,212.36
12897,20250418,471,Sponsored Products,1171,5,5.15,16.9
12898,20251217,538,Sponsored Products,1498,20,27.35,137.29
12899,20230115,699,Sponsored Brands,1914,28,49.05,117.64
12900,20260629,569,Sponsored Products,449,5,8.62,15.91
12901,20240327,218,Sponsored Brands,542,5,6.86,37.74
12902,20260130,399,Sponsored Products,407,6,7.84,32.1
12903,20250709,528,Sponsored Products,2006,14,5.87,38.13
12904,20230218,634,Sponsored Products,1666,12,19.2,121.7
12905,20250515,612,Sponsored Products,2018,16,20.92,96.43
12906,20241210,606,Sponsored Products,536,7,11.28,64.63
12907,20230509,155,Sponsored Brands,3419,21,30.79,52.15
12908,20241005,680,Sponsored Brands,3023,51,51.15,323.07
12909,20260614,11,Sponsored Display,5720,59,63.58,390.54
12910,20241127,619,Sponsored Display,3070,14,11.32,29.03
12911,20230408,237,Sponsored Products,1171,22,23.01,68.14
12912,20230218,513,Sponsored Brands,675,9,12.24,68.98
12913,20241210,139,Sponsored Brands,923,8,6.48,41.24
12914,20240315,401,Sponsored Products,1566,12,16.11,42.99
12915,20250430,242,Sponsored Brands,1411,8,13.73,83.92
12916,20240607,256,Sponsored Products,661,11,11.01,37.18
12917,20260311,227,Sponsored Brands,7486,139,113.78,517.7
12918,20230927,79,Sponsored Brands,390,1,0.96,4.23
12919,20260109,577,Sponsored Brands,1261,13,12.29,73.71
12920,20250929,334,Sponsored Display,1111,20,17.83,62.35
12921,20240412,212,Sponsored Products,247,3,2.48,4.88
12922,20251124,204,Sponsored Brands,755,8,8.65,17.77
12923,20260414,573,DSP,144,1,1.15,6.9
12924,20230829,771,Sponsored Brands,2039,8,12.44,63.89
12925,20250913,324,Sponsored Products,1997,21,18.56,66.62
12926,20251009,540,Sponsored Brands,914,17,9.8,62.01
12927,20240102,441,Sponsored Display,1640,23,11.46,43.23
12928,20250315,733,Sponsored Products,838,5,5.43,32.89
12929,20250815,202,Sponsored Display,1407,18,7.87,23.38
12930,20240716,546,Sponsored Products,1561,18,10.25,51.61
12931,20241229,352,Sponsored Products,3322,54,81.85,293.19
12932,20240704,520,Sponsored Display,268,3,4.87,28.51
12933,20250825,504,DSP,2573,12,18.95,71.72
12934,20230407,255,Sponsored Products,841,13,9.0,41.24
12935,20230620,627,Sponsored Products,225,2,1.99,9.87
12936,20260227,202,Sponsored Products,1861,25,32.81,146.76
12937,20250223,250,DSP,1206,14,13.02,28.7
12938,20240704,391,Sponsored Products,1055,11,13.25,67.69
12939,20240301,714,Sponsored Display,153,2,3.17,17.88
12940,20241207,582,Sponsored Products,1858,10,9.7,42.35
12941,20260624,435,Sponsored Products,2736,10,8.69,46.15
12942,20260513,436,Sponsored Brands,629,11,8.08,28.73
12943,20240905,89,Sponsored Products,559,3,1.44,3.82
12944,20230613,7,Sponsored Products,686,10,6.18,38.97
12945,20241113,212,Sponsored Brands,1164,20,12.49,52.1
12946,20250618,428,Sponsored Brands,4216,59,36.39,145.57
12947,20230212,182,Sponsored Products,2336,40,60.3,267.23
12948,20250823,216,Sponsored Products,1794,12,14.72,64.86
12949,20250707,246,Sponsored Products,612,6,4.57,20.81
12950,20250914,273,Sponsored Brands,6821,98,148.29,639.52
12951,20230724,710,Sponsored Display,1679,26,20.25,34.94
12952,20230115,412,Sponsored Products,634,8,3.56,8.76
12953,20250306,404,Sponsored Products,498,5,6.85,17.56
12954,20231115,476,Sponsored Brands,730,7,5.77,14.91
12955,20250729,94,Sponsored Products,2871,20,15.92,99.96
12956,20240430,721,DSP,2482,42,27.91,47.38
12957,20230612,425,Sponsored Brands,712,5,4.99,31.48
12958,20241026,632,Sponsored Products,688,7,8.39,39.65
12959,20250503,732,Sponsored Products,5352,43,25.86,93.19
12960,20230321,664,Sponsored Products,204,3,3.41,10.09
12961,20230414,784,Sponsored Products,638,3,5.11,27.73
12962,20240219,339,Sponsored Products,1682,17,19.76,107.64
12963,20250116,264,Sponsored Products,3408,35,34.36,60.56
12964,20241004,302,Sponsored Products,859,8,12.63,72.3
12965,20241011,488,Sponsored Display,1158,17,12.13,29.07
12966,20230916,668,Sponsored Products,1143,11,14.76,28.59
12967,20250217,425,Sponsored Products,1186,21,20.5,75.86
12968,20241207,190,Sponsored Display,439,6,3.35,10.53
12969,20240420,697,Sponsored Products,1633,13,8.15,43.15
12970,20230616,46,Sponsored Products,2152,21,36.87,203.58
12971,20250927,649,DSP,659,6,5.99,36.51
12972,20250510,318,Sponsored Brands,722,5,6.65,18.74
12973,20230829,361,Sponsored Products,1039,3,4.25,25.71
12974,20240706,571,Sponsored Brands,2462,34,58.86,365.61
12975,20230321,195,Sponsored Display,905,12,4.87,9.55
12976,20231227,585,Sponsored Brands,2751,42,72.11,265.14
12977,20250708,699,Sponsored Products,222,1,1.03,4.31
12978,20240114,598,Sponsored Products,2320,41,45.65,263.57
12979,20240407,42,Sponsored Products,2590,44,54.99,347.3
12980,20250522,425,Sponsored Products,384,4,6.5,30.76
12981,20260127,695,Sponsored Display,584,3,2.35,13.7
12982,20231127,342,Sponsored Products,1369,25,28.56,140.14
12983,20251119,589,Sponsored Products,1228,7,9.59,27.38
12984,20240719,669,Sponsored Display,689,10,5.7,9.34
12985,20250320,764,Sponsored Brands,1139,10,7.44,47.22
12986,20251119,402,DSP,1533,18,19.63,94.89
12987,20231026,343,Sponsored Products,265,0,0.0,0.0
12988,20250912,119,Sponsored Products,432,6,6.67,11.34
12989,20260419,104,Sponsored Products,1911,25,33.65,151.51
12990,20240706,412,Sponsored Products,1458,26,41.32,117.36
12991,20240327,569,Sponsored Products,3275,26,26.17,107.84
12992,20251018,436,DSP,2835,54,71.38,456.98
12993,20241208,772,Sponsored Brands,1977,28,17.57,53.24
12994,20260412,85,Sponsored Products,1065,18,25.85,75.85
12995,20251103,617,Sponsored Products,921,5,3.78,23.68
12996,20240322,617,DSP,5580,22,10.37,16.72
12997,20250824,126,Sponsored Display,1366,6,9.21,57.55
12998,20230816,261,Sponsored Products,1177,11,12.68,68.7
12999,20230221,501,Sponsored Products,2603,38,36.06,141.72
13000,20250830,691,Sponsored Products,2409,47,54.11,296.82
13001,20241107,131,Sponsored Products,1441,9,9.94,59.45
13002,20260315,98,DSP,4194,40,36.01,110.11
13003,20250223,480,Sponsored Display,691,8,7.92,39.01
13004,20240709,493,Sponsored Display,3155,43,18.73,61.29
13005,20250411,430,Sponsored Products,587,3,4.76,22.98
13006,20241005,792,Sponsored Products,947,11,17.31,73.05
13007,20251127,530,Sponsored Brands,3216,40,56.43,201.64
13008,20250418,420,Sponsored Brands,136,1,0.78,1.68
13009,20241129,786,DSP,2702,47,48.08,110.12
13010,20240220,251,Sponsored Brands,2387,43,32.67,143.96
13011,20250219,542,Sponsored Products,1604,7,8.45,34.61
13012,20230724,265,Sponsored Products,2529,50,26.68,145.72
13013,20260122,431,Sponsored Products,1045,3,1.34,4.52
13014,20241028,615,Sponsored Products,2404,40,71.72,235.82
13015,20231018,474,Sponsored Products,826,15,20.74,42.28
13016,20240310,769,Sponsored Products,463,2,3.39,7.28
13017,20260606,349,Sponsored Brands,1089,6,6.3,16.32
13018,20240503,97,Sponsored Brands,1417,26,30.86,50.01
13019,20240218,288,Sponsored Brands,1082,7,8.04,12.24
13020,20230414,667,Sponsored Display,431,1,1.55,4.81
13021,20260227,775,Sponsored Products,2009,19,12.28,24.25
13022,20251023,601,Sponsored Display,861,9,14.72,59.42
13023,20230802,89,Sponsored Products,294,5,2.27,6.03
13024,20240220,239,Sponsored Display,7250,141,185.0,759.12
13025,20240613,519,Sponsored Brands,968,10,13.26,44.69
13026,20260108,573,Sponsored Display,1087,17,14.09,36.09
13027,20240303,36,Sponsored Products,761,6,10.16,42.05
13028,20230304,219,Sponsored Products,447,8,10.71,37.27
13029,20230728,464,Sponsored Brands,395,5,3.21,17.29
13030,20231105,556,Sponsored Products,2270,25,21.1,48.68
13031,20231229,329,Sponsored Products,1220,19,13.99,82.94
13032,20230402,146,Sponsored Display,818,5,6.67,32.83
13033,20260213,172,Sponsored Display,3073,10,13.25,66.08
13034,20251116,373,Sponsored Brands,1484,29,38.02,192.07
13035,20230102,591,Sponsored Products,1657,10,11.37,37.54
13036,20240205,518,Sponsored Products,1269,24,23.59,144.66
13037,20231210,725,Sponsored Products,1035,10,17.11,99.39
13038,20230902,376,Sponsored Display,2702,42,62.76,154.37
13039,20250113,134,Sponsored Products,2746,15,13.14,21.28
13040,20251208,400,Sponsored Products,1041,11,17.2,27.9
13041,20260408,150,Sponsored Brands,2394,35,17.74,54.96
13042,20250927,274,Sponsored Products,4102,61,27.83,69.64
13043,20240812,771,DSP,665,5,6.7,22.13
13044,20230312,278,Sponsored Products,4774,29,43.59,121.96
13045,20240522,326,Sponsored Products,1081,7,3.65,7.63
13046,20260501,601,Sponsored Brands,220,2,0.84,5.14
13047,20250216,170,Sponsored Display,439,7,7.56,43.17
13048,20240819,376,Sponsored Products,1551,15,13.01,61.65
13049,20260524,454,Sponsored Products,393,4,2.37,15.29
13050,20240305,313,DSP,1602,7,10.9,43.84
13051,20230828,624,Sponsored Products,2588,34,55.63,219.43
13052,20250404,745,Sponsored Products,868,15,25.81,134.66
13053,20240511,111,DSP,1830,9,6.17,19.11
13054,20251108,745,Sponsored Display,1520,11,9.92,40.0
13055,20260104,535,Sponsored Products,6291,73,113.78,299.89
13056,20231230,314,Sponsored Display,4165,40,60.37,161.23
13057,20230626,581,Sponsored Products,2396,30,36.47,224.27
13058,20241122,668,Sponsored Products,5219,36,53.25,135.0
13059,20250616,419,DSP,287,2,2.62,16.6
13060,20230113,691,Sponsored Products,2821,22,16.47,41.99
13061,20250907,83,Sponsored Display,1882,14,13.72,29.95
13062,20240221,429,Sponsored Brands,1796,17,17.45,26.34
13063,20241230,120,Sponsored Display,331,1,1.62,2.9
13064,20250318,101,DSP,723,5,6.08,30.0
13065,20231202,85,Sponsored Products,1587,24,42.32,115.65
13066,20230702,620,Sponsored Products,2520,27,13.51,76.44
13067,20230730,748,Sponsored Products,468,1,1.75,7.14
13068,20230920,787,Sponsored Products,1665,23,22.07,118.37
13069,20240530,402,Sponsored Products,1543,14,24.88,152.11
13070,20240809,91,DSP,690,7,10.94,53.52
13071,20251114,645,Sponsored Display,2742,13,15.26,59.93
13072,20250522,725,Sponsored Products,1241,9,11.96,45.43
13073,20250718,229,Sponsored Brands,1785,14,16.21,28.16
13074,20230831,729,Sponsored Products,782,10,10.68,41.76
13075,20231028,695,Sponsored Products,3243,38,41.99,151.96
13076,20250612,593,Sponsored Products,1033,11,7.59,15.24
13077,20241201,637,Sponsored Products,488,8,7.68,15.75
13078,20240813,793,Sponsored Display,1092,15,15.69,27.79
13079,20231016,490,DSP,3601,47,70.1,238.27
13080,20230617,218,Sponsored Products,1546,5,6.97,10.48
13081,20230117,593,Sponsored Products,703,4,4.13,24.97
13082,20240624,392,Sponsored Brands,1224,15,21.62,95.66
13083,20250720,355,Sponsored Brands,3251,61,38.78,145.4
13084,20230321,727,Sponsored Brands,954,10,16.13,53.92
13085,20230217,230,Sponsored Products,985,14,14.0,42.48
13086,20251228,119,Sponsored Display,1937,6,10.57,21.66
13087,20241027,86,Sponsored Products,531,2,2.57,11.15
13088,20240522,654,Sponsored Display,813,15,16.42,92.59
13089,20230423,285,Sponsored Products,671,12,16.7,92.42
13090,20240514,213,Sponsored Brands,558,4,7.05,32.74
13091,20241217,720,Sponsored Products,891,11,12.14,72.62
13092,20260207,357,Sponsored Display,1359,11,14.9,38.1
13093,20240228,529,Sponsored Products,667,2,3.27,20.98
13094,20251121,185,Sponsored Display,2756,52,38.34,167.91
13095,20250418,43,Sponsored Brands,380,5,7.48,35.14
13096,20251014,169,Sponsored Products,1232,12,20.35,34.25
13097,20260109,117,DSP,2061,13,13.0,33.69
13098,20231230,103,Sponsored Brands,1671,10,15.81,81.92
13099,20241209,782,Sponsored Brands,1055,15,20.78,103.54
13100,20240530,618,Sponsored Products,1787,23,33.25,166.21
13101,20240907,269,Sponsored Display,1780,22,30.37,118.81
13102,20250909,47,Sponsored Brands,3994,41,64.44,267.66
13103,20251004,99,Sponsored Products,1153,14,17.6,72.75
13104,20250620,389,Sponsored Products,1832,35,42.15,139.21
13105,20250523,445,Sponsored Products,1598,11,13.97,62.29
13106,20251124,546,Sponsored Display,2514,13,12.92,75.56
13107,20250816,539,Sponsored Brands,1109,21,37.74,133.23
13108,20260320,603,Sponsored Products,72,0,0.0,0.0
13109,20250713,21,Sponsored Products,3199,23,24.82,43.87
13110,20240527,126,Sponsored Display,1140,11,4.66,12.07
13111,20230202,130,Sponsored Brands,1593,13,20.95,105.32
13112,20240608,71,Sponsored Brands,621,7,10.4,65.55
13113,20250308,691,Sponsored Brands,2537,35,20.56,39.72
13114,20240410,532,Sponsored Products,1279,11,7.4,11.78
13115,20250127,685,Sponsored Products,1060,14,23.55,39.65
13116,20240708,236,Sponsored Brands,725,5,2.29,9.83
13117,20250725,313,Sponsored Brands,869,5,3.68,7.81
13118,20250608,212,DSP,3193,13,12.26,30.5
13119,20251026,500,Sponsored Products,1427,26,16.59,53.39
13120,20250606,420,DSP,911,17,15.01,49.16
13121,20240920,450,DSP,1358,23,21.48,80.37
13122,20230921,655,Sponsored Display,3308,21,31.05,149.85
13123,20260625,261,Sponsored Display,456,4,7.06,33.91
13124,20241120,253,Sponsored Brands,2830,53,46.64,77.67
13125,20260122,569,Sponsored Brands,2613,10,15.05,43.98
13126,20240703,292,Sponsored Display,2096,34,57.82,182.9
13127,20231026,294,Sponsored Products,735,10,8.6,53.06
13128,20240613,261,Sponsored Products,2627,41,46.22,102.09
13129,20240513,738,Sponsored Brands,2857,35,28.51,93.41
13130,20250705,263,Sponsored Products,1507,22,15.07,31.92
13131,20250402,652,Sponsored Display,3076,52,80.14,493.73
13132,20241018,230,Sponsored Brands,692,9,4.33,13.39
13133,20251016,521,Sponsored Products,684,3,3.0,14.58
13134,20260328,479,Sponsored Products,2742,9,7.35,34.45
13135,20260402,87,Sponsored Products,913,12,11.56,50.82
13136,20260120,329,Sponsored Brands,4749,32,38.94,69.92
13137,20260415,76,Sponsored Products,3591,15,23.86,141.42
13138,20241013,120,Sponsored Brands,1252,9,4.69,11.59
13139,20231202,48,Sponsored Products,1715,15,15.77,90.87
13140,20231217,151,Sponsored Products,1365,13,6.3,12.22
13141,20230606,243,Sponsored Products,110,1,1.57,4.47
13142,20230201,146,Sponsored Products,569,10,16.05,48.92
13143,20260318,730,Sponsored Display,1888,15,9.31,41.36
13144,20240311,684,Sponsored Products,2233,9,3.86,10.85
13145,20250807,9,Sponsored Products,3036,37,21.17,37.46
13146,20230728,79,Sponsored Products,1138,6,6.8,29.36
13147,20230603,382,Sponsored Products,2128,27,43.98,250.24
13148,20260614,105,Sponsored Display,1785,27,31.61,196.78
13149,20250325,481,Sponsored Products,497,4,5.65,23.31
13150,20241030,484,Sponsored Products,3274,60,51.62,113.37
13151,20230704,126,Sponsored Display,1619,24,18.53,50.82
13152,20241214,58,Sponsored Products,1980,18,27.38,91.94
13153,20240317,328,Sponsored Brands,1396,22,35.47,70.99
13154,20250218,366,Sponsored Products,862,9,5.21,14.86
13155,20240210,310,Sponsored Display,4074,33,35.89,102.74
13156,20240415,212,Sponsored Products,2038,11,18.95,108.19
13157,20230616,729,Sponsored Brands,371,1,0.42,2.31
13158,20260425,385,Sponsored Brands,2172,36,53.28,142.53
13159,20260402,261,Sponsored Products,660,6,5.05,27.24
13160,20240830,683,Sponsored Brands,2215,38,65.61,322.17
13161,20241021,779,Sponsored Brands,696,9,14.82,45.75
13162,20250823,141,Sponsored Products,1183,15,18.44,67.27
13163,20240209,310,Sponsored Display,662,11,15.16,93.59
13164,20230314,305,Sponsored Brands,1803,26,42.87,113.29
13165,20250907,85,Sponsored Products,1069,3,1.91,10.82
13166,20230825,666,Sponsored Brands,1210,6,8.34,21.41
13167,20251129,126,Sponsored Products,3559,33,41.45,141.15
13168,20250316,694,DSP,500,2,3.21,6.09
13169,20250718,713,Sponsored Products,3155,18,18.92,35.14
13170,20260618,458,DSP,875,4,2.56,7.01
13171,20240813,574,Sponsored Products,547,3,1.93,8.25
13172,20240719,318,Sponsored Products,901,3,5.25,30.67
13173,20260420,427,Sponsored Products,847,14,21.27,84.66
13174,20230117,158,Sponsored Brands,2773,43,73.05,262.03
13175,20251229,240,Sponsored Brands,2473,31,54.48,235.66
13176,20230408,249,Sponsored Products,2446,24,15.62,38.76
13177,20231016,686,Sponsored Brands,3519,52,46.34,88.48
13178,20230520,260,Sponsored Display,1744,27,16.22,77.3
13179,20230604,154,Sponsored Brands,1911,24,16.94,35.0
13180,20251223,85,Sponsored Products,2922,41,72.25,114.28
13181,20260411,769,Sponsored Display,1921,25,36.02,70.56
13182,20250327,162,Sponsored Brands,2166,21,23.25,60.71
13183,20230103,111,Sponsored Brands,4346,85,134.9,635.3
13184,20230921,767,Sponsored Products,800,12,7.33,22.74
13185,20240815,472,Sponsored Products,332,1,1.16,1.93
13186,20251228,41,Sponsored Products,1614,17,9.91,62.08
13187,20251128,142,Sponsored Products,12392,39,26.89,162.75
13188,20250710,449,Sponsored Display,3187,32,31.23,72.58
13189,20230210,479,Sponsored Display,432,6,7.12,30.86
13190,20251121,799,Sponsored Products,1672,27,32.1,180.73
13191,20240809,738,Sponsored Brands,2281,30,46.29,288.0
13192,20250106,704,Sponsored Products,1631,7,4.65,11.49
13193,20230501,509,Sponsored Products,1194,14,18.54,87.71
13194,20230403,379,Sponsored Products,597,5,6.05,27.69
13195,20240920,558,Sponsored Products,370,3,4.98,13.72
13196,20250718,31,Sponsored Products,3193,27,24.31,148.89
13197,20230527,26,Sponsored Brands,1338,12,10.96,41.61
13198,20230521,372,Sponsored Brands,1914,17,15.34,99.13
13199,20240630,328,Sponsored Products,259,1,0.68,3.53
13200,20240429,382,DSP,824,13,21.97,74.13
13201,20250523,33,Sponsored Brands,3099,43,44.51,265.44
13202,20260612,254,Sponsored Brands,404,3,4.31,11.98
13203,20251026,478,DSP,1033,10,4.78,13.11
13204,20230819,744,Sponsored Products,1548,21,29.22,141.16
13205,20230330,493,Sponsored Display,2437,42,28.31,83.96
13206,20241113,600,Sponsored Display,1245,16,20.75,85.75
13207,20230216,183,Sponsored Products,571,4,4.32,8.9
13208,20230928,166,Sponsored Products,3100,53,71.01,268.38
13209,20230316,258,Sponsored Products,2313,28,46.74,155.34
13210,20251214,201,Sponsored Products,1415,13,7.55,15.93
13211,20250816,519,Sponsored Brands,441,1,0.51,2.73
13212,20231006,481,Sponsored Display,1772,15,10.18,36.38
13213,20260213,756,Sponsored Products,3105,19,13.7,34.06
13214,20260425,236,Sponsored Products,1797,31,22.72,115.58
13215,20260317,36,Sponsored Brands,644,2,2.29,8.0
13216,20260406,392,Sponsored Display,493,5,3.32,7.34
13217,20250728,454,Sponsored Products,2880,40,65.73,214.69
13218,20231201,394,Sponsored Products,894,9,10.56,65.57
13219,20260324,360,Sponsored Products,1507,26,45.83,105.79
13220,20250805,617,Sponsored Products,2745,35,40.53,210.77
13221,20260410,740,Sponsored Products,2532,19,29.93,137.95
13222,20241101,38,Sponsored Products,305,2,3.0,19.34
13223,20250521,174,Sponsored Brands,2453,42,54.78,336.13
13224,20250906,241,Sponsored Products,690,10,7.52,26.04
13225,20230512,223,Sponsored Brands,932,12,4.8,20.37
13226,20230516,339,DSP,2356,38,40.04,228.34
13227,20241029,514,Sponsored Products,2188,11,8.53,19.44
13228,20250531,49,Sponsored Products,1661,27,30.77,143.93
13229,20230127,792,DSP,1962,16,14.19,91.24
13230,20260119,369,Sponsored Products,78,0,0.0,0.0
13231,20260508,650,Sponsored Products,889,8,7.33,36.49
13232,20251113,198,DSP,2012,30,44.32,114.19
13233,20240707,368,Sponsored Products,342,2,3.6,15.08
13234,20230706,571,Sponsored Products,591,5,7.3,39.83
13235,20260306,183,Sponsored Products,3001,32,13.62,82.53
13236,20250816,490,Sponsored Products,913,6,4.13,7.85
13237,20240728,375,Sponsored Products,2400,11,11.81,24.39
13238,20260606,468,Sponsored Products,4226,37,16.36,59.04
13239,20250219,145,Sponsored Brands,2514,43,50.4,114.23
13240,20230219,424,Sponsored Products,206,3,1.68,8.2
13241,20230512,195,Sponsored Products,1855,29,40.59,245.17
13242,20260108,215,Sponsored Products,1015,5,7.23,12.78
13243,20230906,634,Sponsored Brands,557,7,8.12,30.02
13244,20241201,306,Sponsored Brands,941,13,19.09,55.37
13245,20240909,196,DSP,5933,101,96.61,245.35
13246,20250717,663,Sponsored Brands,1140,3,2.85,9.75
13247,20230330,284,Sponsored Products,655,3,2.72,10.59
13248,20240606,401,Sponsored Products,1379,7,9.09,34.82
13249,20250502,546,Sponsored Products,703,7,11.76,40.97
13250,20230204,773,Sponsored Brands,995,19,13.01,41.49
13251,20231122,739,Sponsored Products,4543,87,113.86,425.08
13252,20240503,230,Sponsored Products,807,7,3.42,10.04
13253,20260214,495,Sponsored Brands,816,15,16.33,101.33
13254,20231029,432,Sponsored Brands,1478,20,18.38,95.08
13255,20250810,612,Sponsored Products,1316,7,5.19,15.8
13256,20240424,131,Sponsored Display,1276,13,22.83,110.81
13257,20230111,49,DSP,4573,43,74.32,394.89
13258,20240603,228,Sponsored Brands,1281,15,24.84,130.48
13259,20251101,366,Sponsored Brands,1907,8,11.32,65.19
13260,20260622,737,Sponsored Products,856,11,11.82,52.19
13261,20260131,74,Sponsored Products,606,1,1.55,8.85
13262,20251229,506,Sponsored Brands,2957,56,57.34,130.46
13263,20260226,373,Sponsored Display,894,4,4.5,28.22
13264,20240708,493,Sponsored Brands,1759,18,23.29,78.13
13265,20260614,292,Sponsored Products,1792,35,54.56,336.14
13266,20240714,377,Sponsored Products,1251,14,14.72,26.94
13267,20251208,531,Sponsored Products,404,7,10.53,34.76
13268,20230201,6,Sponsored Brands,2921,36,29.54,86.96
13269,20251224,380,Sponsored Display,1862,11,7.83,15.05
13270,20250405,239,Sponsored Products,3209,39,57.19,272.72
13271,20260523,61,Sponsored Brands,511,1,1.19,2.75
13272,20251212,62,Sponsored Products,191,3,1.44,5.21
13273,20231129,231,Sponsored Products,4675,74,90.82,412.05
13274,20250923,443,Sponsored Brands,3903,67,86.91,191.08
13275,20230930,535,Sponsored Products,1589,7,4.32,15.48
13276,20251026,793,Sponsored Brands,1090,12,17.79,52.02
13277,20251109,58,Sponsored Products,1049,4,3.48,14.16
13278,20260313,11,Sponsored Products,1163,22,35.95,89.01
13279,20230805,42,Sponsored Display,2137,10,12.31,57.42
13280,20241026,239,Sponsored Products,4032,25,21.21,104.95
13281,20240614,342,Sponsored Products,100,0,0.0,0.0
13282,20260618,339,Sponsored Display,1130,13,9.76,31.26
13283,20250224,714,Sponsored Brands,1447,8,11.56,53.07
13284,20231203,631,Sponsored Products,576,6,9.3,31.3
13285,20231116,711,Sponsored Display,3958,73,93.33,505.05
13286,20240309,533,Sponsored Brands,1479,6,5.01,15.42
13287,20260405,470,Sponsored Products,3847,40,41.53,106.45
13288,20231210,417,Sponsored Display,88,0,0.0,0.0
13289,20251002,325,Sponsored Brands,1613,23,11.98,23.02
13290,20250227,269,Sponsored Products,2058,12,9.42,56.27
13291,20231104,642,Sponsored Brands,2943,46,75.85,415.36
13292,20230326,593,Sponsored Brands,1400,15,6.23,38.47
13293,20251001,307,Sponsored Products,2967,54,41.68,218.18
13294,20230730,324,DSP,652,10,8.83,52.74
13295,20230918,341,Sponsored Products,2773,47,19.09,120.76
13296,20260204,302,Sponsored Brands,310,3,1.53,4.99
13297,20260505,215,Sponsored Brands,1947,12,17.03,97.31
13298,20250727,645,Sponsored Products,1086,12,6.54,34.74
13299,20230130,414,Sponsored Products,1989,22,25.62,133.98
13300,20241125,243,Sponsored Products,1121,14,10.12,63.55
13301,20230407,523,Sponsored Brands,960,14,13.51,74.01
13302,20240115,102,Sponsored Products,953,8,10.42,52.38
13303,20241226,610,Sponsored Products,1815,17,15.95,48.91
13304,20250920,272,Sponsored Brands,2061,14,16.31,61.97
13305,20230203,236,Sponsored Products,495,2,1.83,4.24
13306,20240325,249,Sponsored Products,1953,8,6.01,35.87
13307,20230111,557,Sponsored Display,6091,70,47.03,201.12
13308,20240308,701,Sponsored Brands,618,7,7.28,20.48
13309,20230109,490,Sponsored Brands,824,12,12.96,61.83
13310,20251221,51,DSP,2694,47,77.18,124.5
13311,20240205,730,DSP,1688,21,36.34,106.76
13312,20230903,741,Sponsored Products,3777,46,34.72,90.22
13313,20231024,750,Sponsored Products,1053,11,13.67,37.15
13314,20260410,508,Sponsored Display,2886,16,15.15,22.91
13315,20260213,61,Sponsored Products,1881,11,19.73,116.94
13316,20250704,707,Sponsored Products,6107,103,66.63,279.97
13317,20240407,730,Sponsored Display,1935,30,48.18,293.54
13318,20241114,784,Sponsored Products,1532,9,7.58,29.25
13319,20251009,63,Sponsored Brands,1357,22,12.36,28.82
13320,20240811,410,Sponsored Brands,434,6,5.26,14.03
13321,20250614,244,Sponsored Brands,1224,23,35.26,214.15
13322,20260620,421,Sponsored Products,4446,65,104.12,493.51
13323,20251125,672,Sponsored Products,942,18,11.36,45.39
13324,20231226,60,Sponsored Products,1016,5,5.69,13.62
13325,20240829,274,Sponsored Products,465,6,6.4,18.3
13326,20250512,547,Sponsored Display,1673,7,3.89,19.3
13327,20250110,614,Sponsored Products,3977,48,35.02,183.8
13328,20230324,180,DSP,1499,22,29.73,173.23
13329,20230914,615,Sponsored Products,1466,17,27.1,50.56
13330,20251112,777,Sponsored Products,1515,6,3.69,10.77
13331,20250308,603,Sponsored Brands,2215,21,15.96,28.87
13332,20250812,250,Sponsored Products,1098,21,35.77,109.51
13333,20240821,604,Sponsored Brands,1325,11,17.55,76.34
13334,20241104,644,Sponsored Products,369,2,1.21,2.21
13335,20251104,273,Sponsored Products,1231,13,20.87,59.7
13336,20230304,271,Sponsored Products,3582,28,33.11,166.38
13337,20240710,68,Sponsored Products,1160,23,9.99,39.54
13338,20241231,590,Sponsored Products,3137,21,30.36,69.64
13339,20240406,263,Sponsored Brands,1790,25,14.87,89.26
13340,20241207,178,Sponsored Products,1619,22,24.43,38.35
13341,20230124,191,Sponsored Brands,1670,29,19.88,100.83
13342,20240703,712,Sponsored Display,1830,26,39.39,250.86
13343,20250507,584,Sponsored Brands,2465,37,25.83,121.94
13344,20231108,406,Sponsored Brands,964,12,21.19,125.78
13345,20250724,668,Sponsored Products,2187,41,40.4,240.81
13346,20241208,456,Sponsored Brands,782,14,16.36,65.35
13347,20251220,698,Sponsored Products,3889,60,32.82,107.78
13348,20250509,470,DSP,1413,22,12.71,37.28
13349,20241112,29,Sponsored Brands,654,8,3.66,20.81
13350,20230920,229,Sponsored Products,542,6,5.43,19.81
13351,20240929,198,Sponsored Products,1430,6,7.32,24.16
13352,20230127,665,Sponsored Products,2973,25,33.31,119.6
13353,20260523,52,Sponsored Products,2234,18,16.38,53.7
13354,20250305,572,Sponsored Products,1166,5,3.9,9.95
13355,20230212,735,Sponsored Display,1385,13,5.63,27.29
13356,20240218,48,Sponsored Products,2336,40,59.51,320.86
13357,20260220,406,Sponsored Products,1321,14,25.05,95.85
13358,20240505,294,Sponsored Products,1648,20,34.81,200.85
13359,20250925,131,Sponsored Brands,921,4,2.09,5.95
13360,20231024,775,Sponsored Products,3195,58,68.75,163.4
13361,20250308,642,Sponsored Brands,1903,28,18.72,106.18
13362,20260609,469,Sponsored Products,2607,27,45.83,286.61
13363,20260308,89,Sponsored Products,1215,11,5.01,29.39
13364,20250310,448,Sponsored Brands,1170,11,6.13,27.25
13365,20250216,189,Sponsored Products,2190,7,11.21,65.5
13366,20240509,774,Sponsored Brands,238,2,1.95,5.71
13367,20241221,525,Sponsored Products,1710,31,38.83,174.3
13368,20251203,378,Sponsored Display,750,4,2.76,16.81
13369,20260126,302,DSP,1154,7,5.86,34.36
13370,20230205,347,Sponsored Display,499,7,4.98,32.18
13371,20260502,606,Sponsored Products,2029,12,9.65,21.26
13372,20250721,191,Sponsored Products,1574,9,7.49,45.46
13373,20231117,355,Sponsored Products,911,18,14.77,95.68
13374,20230504,263,Sponsored Products,466,3,4.88,30.28
13375,20230111,546,Sponsored Products,690,11,4.49,10.91
13376,20260112,336,Sponsored Display,2174,21,21.04,77.65
13377,20260601,38,Sponsored Brands,1519,28,46.76,231.41
13378,20250725,744,Sponsored Products,2460,43,76.14,249.73
13379,20240611,218,Sponsored Products,955,4,1.83,6.8
13380,20230713,569,Sponsored Display,1227,19,12.21,79.1
13381,20250328,535,Sponsored Products,1015,12,5.79,35.95
13382,20260410,80,Sponsored Products,1898,22,14.87,66.28
13383,20250731,145,Sponsored Brands,1087,11,7.5,27.04
13384,20241003,307,DSP,1820,21,34.63,196.28
13385,20231202,240,Sponsored Products,1845,35,44.68,87.11
13386,20241102,182,Sponsored Products,1026,10,14.97,49.91
13387,20230126,466,Sponsored Products,1811,7,5.71,36.41
13388,20240226,691,Sponsored Products,1261,4,4.51,13.63
13389,20240711,726,Sponsored Products,2200,16,7.72,29.89
13390,20240408,477,Sponsored Products,208,2,1.59,8.47
13391,20240920,709,Sponsored Display,1202,23,28.33,99.14
13392,20230917,454,Sponsored Display,1723,7,3.15,20.13
13393,20230828,548,Sponsored Products,1023,3,1.87,4.82
13394,20230626,458,Sponsored Brands,1063,15,20.85,109.05
13395,20241013,712,Sponsored Products,1193,18,31.25,198.3
13396,20230723,790,Sponsored Products,3560,16,21.57,102.37
13397,20231107,704,Sponsored Brands,459,2,2.84,7.86
13398,20230323,535,Sponsored Brands,816,12,9.07,54.07
13399,20240307,718,Sponsored Display,1937,13,16.54,100.7
13400,20230902,428,Sponsored Products,275,1,1.71,5.99
13401,20230531,111,Sponsored Products,3921,69,90.86,498.69
13402,20241119,683,Sponsored Products,1232,21,30.62,132.71
13403,20230329,260,Sponsored Products,904,4,5.34,28.15
13404,20251225,536,Sponsored Products,2770,37,28.86,102.69
13405,20250916,242,Sponsored Products,1812,14,6.58,37.23
13406,20240304,551,DSP,495,5,4.08,13.79
13407,20250914,168,Sponsored Display,1441,10,8.0,33.08
13408,20240901,234,Sponsored Brands,394,6,4.67,20.39
13409,20240616,317,Sponsored Products,1198,10,9.8,27.99
13410,20240611,700,Sponsored Products,1630,14,20.98,71.94
13411,20230527,401,Sponsored Products,421,4,2.47,7.04
13412,20231210,780,Sponsored Products,1445,9,12.65,52.19
13413,20250627,457,Sponsored Brands,390,3,5.34,25.59
13414,20250822,639,Sponsored Products,3907,75,93.91,188.35
13415,20250226,10,Sponsored Products,3265,31,29.01,169.21
13416,20230127,262,Sponsored Products,1818,33,54.55,316.77
13417,20250613,372,Sponsored Products,695,4,5.37,29.28
13418,20230607,443,Sponsored Products,1520,13,8.76,44.34
13419,20241126,84,Sponsored Brands,377,5,4.14,19.62
13420,20230323,617,Sponsored Products,1692,7,2.88,6.46
13421,20240827,63,Sponsored Brands,2715,8,3.92,19.65
13422,20260211,300,Sponsored Brands,2159,6,3.78,17.94
13423,20250105,793,Sponsored Products,308,3,3.39,9.08
13424,20250215,42,Sponsored Products,1893,30,25.49,164.63
13425,20260620,278,Sponsored Brands,845,13,17.96,73.38
13426,20230115,324,Sponsored Products,3325,26,12.74,19.45
13427,20260530,310,DSP,2548,21,23.59,117.97
13428,20251112,257,Sponsored Brands,1007,13,7.15,26.86
13429,20240226,52,Sponsored Brands,2150,28,20.11,52.94
13430,20260318,348,Sponsored Products,191,1,1.26,5.55
13431,20240623,248,Sponsored Products,1104,15,8.83,46.5
13432,20250324,609,Sponsored Products,1635,18,26.14,149.6
13433,20250823,446,Sponsored Products,652,5,7.78,36.07
13434,20240918,520,Sponsored Products,1357,17,10.84,56.33
13435,20260509,549,Sponsored Products,627,9,8.71,34.3
13436,20240424,782,Sponsored Display,1240,14,6.75,41.12
13437,20240522,706,Sponsored Brands,893,8,13.25,60.49
13438,20241023,24,Sponsored Products,690,3,4.34,25.97
13439,20240317,17,DSP,3497,43,55.51,124.92
13440,20240423,512,Sponsored Products,1409,14,19.88,38.6
13441,20230323,645,Sponsored Products,1493,29,27.45,88.18
13442,20250321,230,Sponsored Products,1123,6,5.73,29.52
13443,20231118,188,DSP,1692,11,12.17,42.73
13444,20230517,348,Sponsored Brands,546,6,5.21,22.98
13445,20250409,607,Sponsored Display,3488,27,28.4,44.66
13446,20240723,457,Sponsored Products,2208,33,24.83,140.4
13447,20230613,241,Sponsored Products,2711,42,19.12,100.1
13448,20240426,115,Sponsored Brands,2228,39,63.77,144.05
13449,20230304,447,Sponsored Brands,2303,30,29.92,77.93
13450,20240104,585,Sponsored Brands,1303,8,5.14,21.83
13451,20240218,787,Sponsored Products,414,2,1.18,3.12
13452,20240130,634,Sponsored Products,1358,16,28.5,101.92
13453,20250912,122,Sponsored Products,2320,36,47.14,143.31
13454,20260225,253,Sponsored Products,2601,21,11.55,66.61
13455,20241208,552,Sponsored Products,857,7,6.15,18.46
13456,20230706,437,DSP,2939,40,68.35,181.5
13457,20240417,257,Sponsored Brands,2993,50,80.01,158.35
13458,20260420,159,Sponsored Products,701,11,12.32,52.41
13459,20230726,460,Sponsored Products,505,2,2.79,6.1
13460,20251004,348,Sponsored Brands,4403,41,65.39,337.43
13461,20250915,738,Sponsored Display,858,14,24.43,137.09
13462,20230326,182,Sponsored Products,1652,11,16.91,60.48
13463,20260424,281,Sponsored Products,2691,51,36.85,188.58
13464,20230407,605,Sponsored Products,4567,73,46.7,140.79
13465,20230923,742,Sponsored Brands,590,2,2.76,4.18
13466,20230822,516,Sponsored Products,1378,22,31.12,105.25
13467,20240815,15,DSP,286,3,3.94,11.71
13468,20240627,787,Sponsored Products,1940,36,21.18,57.8
13469,20240209,271,Sponsored Products,1166,15,23.23,128.01
13470,20251115,658,Sponsored Brands,1021,11,9.83,60.62
13471,20251212,455,Sponsored Products,553,10,10.57,30.05
13472,20240330,557,Sponsored Brands,4234,46,82.24,289.84
13473,20231211,751,Sponsored Products,2116,7,9.55,17.37
13474,20250929,792,Sponsored Products,1017,13,9.9,19.87
13475,20241105,420,Sponsored Display,208,3,2.27,9.46
13476,20240609,348,Sponsored Display,3107,51,35.74,146.49
13477,20230510,320,Sponsored Products,1736,13,14.82,82.32
13478,20250505,788,Sponsored Products,1255,16,27.79,153.85
13479,20240414,642,Sponsored Products,1959,36,18.44,103.89
13480,20230703,453,Sponsored Products,1429,20,33.07,86.65
13481,20250506,34,Sponsored Brands,1217,24,31.97,160.17
13482,20260313,365,Sponsored Display,336,4,3.88,21.52
13483,20230822,786,Sponsored Brands,359,2,0.85,4.15
13484,20250727,575,Sponsored Brands,2459,27,11.68,30.9
13485,20240205,531,DSP,41,0,0.0,0.0
13486,20230517,521,Sponsored Brands,2457,11,12.82,51.29
13487,20260426,479,Sponsored Products,2701,17,10.0,54.57
13488,20240229,741,Sponsored Display,1758,16,23.35,40.33
13489,20240202,179,Sponsored Products,455,6,5.62,20.42
13490,20230825,194,Sponsored Products,1671,24,30.55,48.32
13491,20240328,317,DSP,1571,25,34.73,76.83
13492,20240406,339,Sponsored Brands,1971,38,18.94,87.37
13493,20250102,182,Sponsored Brands,6609,40,29.8,44.86
13494,20230418,627,DSP,2433,27,28.34,64.98
13495,20231230,140,Sponsored Display,2265,28,14.39,42.97
13496,20251219,271,Sponsored Products,2096,23,16.44,82.49
13497,20230917,446,Sponsored Products,1048,17,28.09,174.66
13498,20250705,254,Sponsored Products,2459,16,11.81,72.97
13499,20230117,276,Sponsored Brands,988,6,4.35,19.33
13500,20231112,133,Sponsored Brands,3172,62,42.71,102.52
13501,20260125,716,Sponsored Brands,3087,17,28.23,85.16
13502,20231006,729,Sponsored Brands,2227,20,31.72,190.21
13503,20260428,277,Sponsored Display,628,4,5.42,13.56
13504,20240429,174,Sponsored Brands,3593,21,20.05,77.76
13505,20250703,233,Sponsored Products,1914,28,34.21,131.52
13506,20260120,776,Sponsored Brands,1361,12,5.34,19.58
13507,20240321,540,Sponsored Display,3364,31,50.59,115.42
13508,20230909,777,Sponsored Products,748,11,7.86,15.23
13509,20240704,695,Sponsored Display,4299,60,84.34,420.36
13510,20241202,20,Sponsored Products,506,6,10.3,66.86
13511,20230809,519,Sponsored Products,2805,20,8.11,38.19
13512,20250721,137,Sponsored Products,1198,7,3.98,25.43
13513,20240829,318,Sponsored Products,1617,14,13.26,59.1
13514,20241031,147,Sponsored Products,995,6,8.06,49.84
13515,20241202,418,Sponsored Products,838,6,7.0,23.11
13516,20251122,276,Sponsored Brands,102,0,0.0,0.0
13517,20251006,113,Sponsored Display,72,0,0.0,0.0
13518,20230415,432,Sponsored Products,2327,29,17.39,112.35
13519,20240929,128,Sponsored Brands,749,8,13.21,61.81
13520,20250225,251,Sponsored Products,365,2,3.46,21.52
13521,20251023,329,Sponsored Products,402,2,1.13,3.89
13522,20230216,295,DSP,251,3,2.65,4.8
13523,20251126,315,Sponsored Display,701,9,9.69,26.44
13524,20230822,598,Sponsored Products,2210,42,21.87,49.47
13525,20231016,58,Sponsored Products,523,6,4.97,15.71
13526,20240219,583,Sponsored Display,552,7,3.02,12.1
13527,20250206,799,Sponsored Products,415,3,1.77,3.37
13528,20230115,656,Sponsored Products,1762,6,8.6,36.46
13529,20240804,417,Sponsored Brands,634,5,8.23,25.6
13530,20230613,306,DSP,3197,20,29.75,70.67
13531,20230325,30,Sponsored Brands,478,7,6.47,39.76
13532,20260523,224,Sponsored Products,3291,45,20.39,111.35
13533,20240515,666,Sponsored Display,2019,23,20.52,64.04
13534,20250108,98,DSP,4130,70,110.22,576.88
13535,20231209,245,Sponsored Products,660,2,0.81,3.9
13536,20250606,436,Sponsored Products,1427,26,14.32,76.69
13537,20240728,169,Sponsored Products,593,3,4.93,30.95
13538,20230304,195,Sponsored Products,4845,73,91.16,588.18
13539,20250808,418,Sponsored Products,819,11,7.8,41.17
13540,20230518,113,Sponsored Products,1185,10,8.55,40.32
13541,20231110,168,Sponsored Display,3210,11,14.0,30.11
13542,20251024,108,Sponsored Products,1301,25,13.72,81.09
13543,20240213,59,Sponsored Display,1615,30,28.13,169.03
13544,20240413,329,Sponsored Products,3219,21,12.06,55.25
13545,20250212,291,Sponsored Products,4293,19,29.87,182.86
13546,20240521,409,Sponsored Display,3713,28,48.49,82.7
13547,20241009,145,Sponsored Display,2678,29,17.18,67.08
13548,20251002,38,DSP,2112,35,18.46,45.91
13549,20241027,734,DSP,2902,46,79.76,434.8
13550,20231001,302,Sponsored Display,4358,38,40.62,114.22
13551,20251119,411,Sponsored Brands,345,1,0.91,2.87
13552,20240122,129,Sponsored Brands,2803,50,89.02,452.39
13553,20250505,98,Sponsored Display,1125,19,16.24,92.13
13554,20240622,102,Sponsored Products,474,8,7.46,23.6
13555,20241121,130,DSP,6620,127,146.79,306.59
13556,20230101,761,Sponsored Products,2325,41,18.12,98.18
13557,20240320,749,Sponsored Display,1061,10,14.03,66.29
13558,20240712,605,Sponsored Products,10445,66,115.18,182.04
13559,20260109,500,Sponsored Brands,421,7,11.3,69.98
13560,20230728,491,Sponsored Products,275,2,1.23,4.97
13561,20260614,770,Sponsored Products,2408,41,53.27,249.98
13562,20230115,599,Sponsored Brands,1212,18,25.87,79.88
13563,20250827,179,Sponsored Products,854,7,8.62,35.22
13564,20250115,307,Sponsored Products,4179,49,25.57,132.42
13565,20260116,695,Sponsored Brands,1590,12,20.45,89.14
13566,20260223,409,Sponsored Display,2981,40,42.55,174.85
13567,20250819,12,Sponsored Products,1317,6,3.47,17.6
13568,20251119,291,Sponsored Products,858,5,8.55,52.15
13569,20230204,508,Sponsored Products,467,7,4.73,22.16
13570,20231108,788,Sponsored Products,666,12,11.19,41.47
13571,20250930,557,Sponsored Brands,1808,27,42.86,87.13
13572,20240329,623,Sponsored Brands,511,3,2.08,3.21
13573,20251019,245,Sponsored Display,2560,11,17.69,31.24
13574,20230128,617,Sponsored Brands,370,3,4.98,29.07
13575,20240525,456,DSP,1053,5,2.34,14.86
13576,20231230,450,Sponsored Products,1953,16,17.63,55.44
13577,20251112,200,Sponsored Brands,1027,7,8.94,37.41
13578,20240703,761,Sponsored Brands,1008,10,4.23,15.08
13579,20251010,459,Sponsored Brands,552,2,1.55,9.34
13580,20231223,630,Sponsored Products,2073,40,50.0,217.21
13581,20230221,729,Sponsored Brands,2985,45,56.62,237.24
13582,20250426,734,Sponsored Brands,1517,17,21.08,72.81
13583,20241023,615,Sponsored Brands,730,8,10.09,25.51
13584,20251119,294,Sponsored Products,383,5,6.18,39.34
13585,20250414,512,Sponsored Products,1433,23,36.84,154.9
13586,20251126,771,Sponsored Brands,247,3,3.98,21.11
13587,20230617,4,Sponsored Products,3007,43,50.56,201.77
13588,20260517,574,Sponsored Display,1481,20,23.17,40.62
13589,20231104,196,Sponsored Products,2898,32,24.0,37.11
13590,20260604,339,Sponsored Brands,1119,22,16.69,71.23
13591,20231007,56,Sponsored Brands,3232,11,8.65,13.63
13592,20230518,26,Sponsored Products,353,4,3.73,13.02
13593,20230607,404,DSP,3421,46,38.37,96.39
13594,20240218,597,Sponsored Products,2005,14,10.74,31.01
13595,20240518,566,Sponsored Brands,2330,38,53.18,206.23
13596,20240222,399,Sponsored Products,1045,19,32.99,102.66
13597,20240320,326,Sponsored Brands,2101,12,6.35,25.18
13598,20240303,154,Sponsored Brands,1532,18,26.93,123.56
13599,20240811,716,Sponsored Products,4251,14,15.37,43.25
13600,20250419,616,Sponsored Products,1663,10,16.27,86.88
13601,20230720,323,DSP,1623,19,9.01,31.49
13602,20250101,798,Sponsored Products,4580,29,32.36,205.95
13603,20250430,173,Sponsored Display,1489,26,20.54,61.51
13604,20230730,339,Sponsored Products,3234,52,83.99,382.33
13605,20230530,744,Sponsored Products,2027,11,11.78,26.18
13606,20240615,302,Sponsored Products,261,5,5.04,24.88
13607,20260403,288,Sponsored Brands,443,4,2.45,13.86
13608,20240804,622,Sponsored Products,1667,20,31.74,140.91
13609,20241121,517,Sponsored Products,1092,6,8.95,25.13
13610,20250618,653,Sponsored Products,1879,36,18.54,52.5
13611,20240409,8,Sponsored Display,519,9,3.64,16.84
13612,20240516,494,Sponsored Display,1063,4,6.12,12.88
13613,20260529,143,Sponsored Brands,418,4,3.59,14.66
13614,20230210,566,Sponsored Brands,1242,16,11.78,70.29
13615,20230529,542,Sponsored Brands,1988,35,31.93,189.68
13616,20260128,500,DSP,2878,48,24.55,62.12
13617,20240717,769,Sponsored Products,2125,19,7.87,23.89
13618,20240704,343,Sponsored Brands,1921,34,26.27,126.14
13619,20240921,218,DSP,582,7,5.72,11.05
13620,20251228,308,Sponsored Products,1798,5,2.56,12.27
13621,20250619,772,Sponsored Products,67,1,1.32,8.19
13622,20240909,476,Sponsored Display,2746,50,62.66,402.87
13623,20230722,446,Sponsored Brands,1880,23,32.37,95.53
13624,20240209,560,Sponsored Brands,694,4,1.83,4.05
13625,20230603,66,Sponsored Products,178,1,1.73,6.51
13626,20260509,548,Sponsored Brands,1186,21,12.05,26.53
13627,20240310,431,DSP,2550,25,10.97,28.8
13628,20231025,134,Sponsored Brands,2359,43,42.6,130.62
13629,20260620,81,Sponsored Brands,2384,35,26.86,83.16
13630,20250907,286,Sponsored Products,1813,30,15.16,65.3
13631,20240815,454,Sponsored Brands,103,1,1.48,2.92
13632,20260220,543,Sponsored Products,1185,23,20.14,110.52
13633,20260613,767,DSP,2034,9,15.23,80.02
13634,20250813,246,Sponsored Brands,1475,24,32.47,191.58
13635,20250625,391,Sponsored Products,756,14,25.12,52.3
13636,20230203,715,Sponsored Products,1119,11,12.56,46.52
13637,20240430,295,Sponsored Products,1819,29,29.88,126.16
13638,20250127,436,Sponsored Brands,622,9,4.18,23.65
13639,20230906,427,Sponsored Products,636,7,6.37,30.47
13640,20251022,368,Sponsored Products,480,7,10.25,55.19
13641,20230701,395,Sponsored Products,1808,7,9.57,27.57
13642,20240430,659,Sponsored Products,434,4,5.3,12.9
13643,20251118,273,Sponsored Products,2197,27,33.49,52.93
13644,20260623,272,Sponsored Products,451,7,5.36,30.42
13645,20231215,602,Sponsored Products,1026,6,3.46,14.72
13646,20250107,280,Sponsored Products,1144,8,3.52,12.59
13647,20251101,279,Sponsored Brands,2506,32,19.58,121.03
13648,20240809,92,DSP,831,14,18.57,78.18
13649,20231104,309,Sponsored Products,385,1,0.5,2.33
13650,20250218,154,Sponsored Products,629,8,3.96,10.51
13651,20240811,82,Sponsored Display,2330,35,35.1,113.98
13652,20260528,356,Sponsored Display,936,17,22.04,33.51
13653,20240726,172,DSP,880,4,3.75,15.79
13654,20230430,623,Sponsored Products,1391,14,20.76,58.51
13655,20250207,317,Sponsored Products,853,6,4.6,21.86
13656,20241117,121,Sponsored Products,368,3,4.38,7.68
13657,20240206,16,Sponsored Products,4963,40,52.9,110.65
13658,20240508,209,Sponsored Brands,194,2,1.37,3.08
13659,20240526,772,Sponsored Brands,1093,5,7.84,13.7
13660,20260613,173,Sponsored Display,4256,72,36.93,176.67
13661,20240315,699,Sponsored Products,1438,12,9.39,22.24
13662,20260409,192,Sponsored Products,2662,22,18.19,42.02
13663,20250822,299,Sponsored Products,549,4,3.54,21.64
13664,20260603,450,Sponsored Products,347,2,3.14,13.58
13665,20250502,612,Sponsored Display,1138,20,8.83,15.11
13666,20250618,252,Sponsored Brands,1776,28,44.27,206.59
13667,20240721,96,Sponsored Brands,730,2,2.95,8.85
13668,20230802,263,Sponsored Products,512,6,8.64,39.76
13669,20240416,107,Sponsored Products,608,3,1.49,9.0
13670,20260512,749,Sponsored Products,2807,28,14.65,90.37
13671,20260317,422,Sponsored Display,993,17,11.49,34.22
13672,20240612,183,Sponsored Display,592,2,2.87,9.8
13673,20230313,732,Sponsored Products,222,2,2.66,5.99
13674,20240405,283,Sponsored Brands,2438,16,22.18,77.62
13675,20230120,36,DSP,3151,35,21.84,102.83
13676,20230210,249,Sponsored Display,951,17,28.08,151.45
13677,20250627,599,Sponsored Products,880,9,6.13,37.39
13678,20260314,538,Sponsored Products,2561,10,6.09,16.12
13679,20260129,252,Sponsored Products,1602,10,7.04,44.25
13680,20230317,482,Sponsored Products,852,7,10.22,49.59
13681,20231013,192,Sponsored Display,1799,10,11.25,40.96
13682,20260520,316,Sponsored Products,738,14,9.13,51.82
13683,20230805,411,Sponsored Display,4210,29,39.89,247.53
13684,20260319,174,Sponsored Products,450,3,4.17,8.3
13685,20241009,356,Sponsored Products,1543,16,24.38,96.66
13686,20260331,372,Sponsored Products,437,5,6.19,20.06
13687,20241119,20,DSP,2046,40,21.59,51.25
13688,20241127,170,Sponsored Brands,866,16,13.39,30.59
13689,20231217,361,Sponsored Brands,6105,83,143.9,330.69
13690,20250810,666,Sponsored Products,936,13,17.61,75.81
13691,20230226,377,Sponsored Display,1099,18,22.4,101.59
13692,20230615,182,Sponsored Brands,180,1,1.17,4.77
13693,20260514,273,DSP,1115,10,7.79,23.86
13694,20240713,529,Sponsored Display,1102,5,4.54,17.43
13695,20231104,468,Sponsored Products,3493,13,10.34,51.05
13696,20240502,602,Sponsored Display,667,12,17.51,26.7
13697,20251128,634,Sponsored Products,8120,136,100.09,344.04
13698,20231227,135,Sponsored Display,1883,10,9.15,39.4
13699,20251106,605,Sponsored Products,1351,4,1.98,6.44
13700,20230302,300,Sponsored Brands,476,4,4.94,21.65
13701,20240425,494,Sponsored Products,2428,42,41.53,231.13
13702,20231031,581,Sponsored Products,1413,22,16.66,91.35
13703,20230929,315,Sponsored Brands,2400,34,34.79,148.22
13704,20240917,528,Sponsored Products,2577,39,34.05,109.96
13705,20230524,113,Sponsored Products,513,8,12.94,36.9
13706,20240723,380,DSP,1007,5,2.12,3.62
13707,20230428,14,Sponsored Products,1176,4,4.25,22.21
13708,20240319,440,Sponsored Products,724,8,8.52,37.01
13709,20251108,266,Sponsored Products,911,16,23.49,103.13
13710,20260408,420,Sponsored Display,1801,14,17.27,61.46
13711,20260501,450,Sponsored Products,2779,23,41.18,131.62
13712,20230927,705,DSP,2645,34,19.09,28.89
13713,20260606,646,Sponsored Products,1143,12,5.89,13.94
13714,20230124,201,Sponsored Products,1336,10,4.67,7.04
13715,20240708,305,Sponsored Products,2001,27,33.3,211.47
13716,20250204,193,Sponsored Brands,1104,20,14.84,40.88
13717,20231123,355,Sponsored Products,1721,19,17.83,56.45
13718,20250113,59,Sponsored Products,433,4,2.19,13.75
13719,20250210,561,DSP,525,4,6.15,19.16
13720,20240730,393,DSP,3024,25,27.68,68.52
13721,20240920,597,Sponsored Display,2324,34,45.71,119.57
13722,20250219,155,Sponsored Products,1389,9,6.69,24.96
13723,20250130,97,Sponsored Brands,3813,66,66.8,308.9
13724,20260416,685,Sponsored Products,1312,8,5.42,32.29
13725,20230810,254,Sponsored Products,1961,15,21.72,68.72
13726,20250723,462,Sponsored Products,1774,10,15.22,25.85
13727,20250729,537,Sponsored Brands,1524,18,16.99,64.99
13728,20260613,720,Sponsored Products,2422,47,22.9,38.16
13729,20260608,699,Sponsored Brands,2664,14,24.18,99.77
13730,20250502,618,Sponsored Products,2413,46,47.5,135.69
13731,20240109,563,Sponsored Products,98,1,1.24,7.45
13732,20250825,208,Sponsored Products,2968,29,22.36,137.93
13733,20230307,318,Sponsored Display,2615,13,15.29,43.35
13734,20240728,120,Sponsored Brands,3087,51,21.08,58.51
13735,20241022,468,Sponsored Products,1145,20,22.75,145.99
13736,20230221,354,Sponsored Products,304,3,4.63,8.66
13737,20260621,14,Sponsored Products,1693,32,18.48,49.93
13738,20251008,34,Sponsored Display,1313,6,5.53,28.41
13739,20251128,485,Sponsored Brands,2108,24,39.56,178.55
13740,20230328,597,Sponsored Display,2242,43,73.89,404.97
13741,20260107,694,Sponsored Products,2439,26,15.96,51.11
13742,20250314,557,Sponsored Products,2024,20,15.1,63.75
13743,20230921,527,Sponsored Display,924,17,18.47,42.5
13744,20250426,632,Sponsored Brands,2488,38,38.53,63.36
13745,20241213,743,Sponsored Products,1467,10,7.48,27.89
13746,20240611,418,Sponsored Brands,417,7,8.46,47.55
13747,20250801,137,Sponsored Display,736,12,17.93,52.15
13748,20250928,555,Sponsored Display,1889,24,26.27,163.52
13749,20240225,129,Sponsored Products,2357,28,49.04,140.37
13750,20240826,566,DSP,2080,9,7.01,41.96
13751,20240911,249,DSP,2902,15,10.6,30.97
13752,20240123,368,Sponsored Products,1380,14,13.22,68.55
13753,20230518,564,Sponsored Display,813,4,4.13,12.06
13754,20250503,294,Sponsored Brands,376,1,1.05,4.09
13755,20240105,575,DSP,1465,25,24.56,65.82
13756,20260523,495,Sponsored Brands,497,8,3.73,15.53
13757,20230714,129,Sponsored Products,1225,16,22.54,69.68
13758,20230228,219,Sponsored Brands,2023,32,50.95,78.18
13759,20250312,648,Sponsored Brands,1757,13,8.58,49.32
13760,20240603,403,DSP,3167,17,18.31,39.23
13761,20251108,240,Sponsored Products,3541,12,13.37,71.19
13762,20230322,93,Sponsored Products,3380,63,86.85,391.42
13763,20230116,224,DSP,1686,31,32.64,110.19
13764,20230419,228,Sponsored Display,743,7,10.41,40.36
13765,20250618,247,Sponsored Brands,1847,14,23.11,60.75
13766,20250325,670,Sponsored Display,3412,58,35.76,160.78
13767,20260323,622,Sponsored Brands,2598,25,18.63,54.12
13768,20230420,381,Sponsored Display,539,4,6.17,29.49
13769,20240512,429,Sponsored Display,1407,15,10.06,60.85
13770,20240805,685,Sponsored Brands,2991,37,66.52,304.29
13771,20230716,262,Sponsored Products,1056,5,6.24,11.27
13772,20231216,477,Sponsored Brands,2750,20,35.4,63.84
13773,20240906,472,Sponsored Products,1118,20,16.64,93.18
13774,20230313,652,Sponsored Products,3218,64,53.6,252.6
13775,20231204,457,Sponsored Products,1969,37,49.7,316.11
13776,20260110,502,Sponsored Products,456,1,1.58,7.14
13777,20230404,634,Sponsored Products,2388,39,49.19,232.33
13778,20250818,532,Sponsored Products,1684,9,14.14,54.49
13779,20241220,662,Sponsored Products,1136,11,18.0,70.67
13780,20240924,362,Sponsored Display,2478,19,9.46,20.41
13781,20250710,599,Sponsored Products,2190,6,8.04,35.37
13782,20230116,604,Sponsored Products,1390,14,9.75,59.93
13783,20240213,645,Sponsored Products,635,5,6.12,35.73
13784,20230904,302,Sponsored Products,468,1,1.78,5.86
13785,20260407,516,Sponsored Products,2288,45,46.85,150.39
13786,20230919,738,Sponsored Products,3110,13,11.41,37.2
13787,20260122,266,Sponsored Products,2460,20,8.69,45.82
13788,20250217,669,DSP,739,2,2.27,5.58
13789,20240104,685,Sponsored Brands,5296,32,21.09,66.95
13790,20250313,624,DSP,1518,4,2.43,6.64
13791,20250227,645,Sponsored Products,1077,16,16.99,58.77
13792,20250713,419,Sponsored Brands,2787,18,13.05,30.25
13793,20230908,81,Sponsored Display,1632,32,14.04,85.05
13794,20240803,310,Sponsored Products,4122,32,55.13,296.63
13795,20260228,780,Sponsored Display,2840,13,15.66,29.1
13796,20240426,535,Sponsored Display,711,7,11.25,35.53
13797,20230719,562,Sponsored Display,3457,12,18.65,61.18
13798,20230112,312,Sponsored Display,2113,19,32.49,126.79
13799,20230822,539,Sponsored Products,1499,21,20.73,41.22
13800,20231019,85,Sponsored Products,550,9,5.68,21.38
13801,20240103,556,DSP,4674,85,84.47,230.9
13802,20240102,738,Sponsored Products,992,7,11.18,30.23
13803,20240902,127,Sponsored Products,1144,5,5.61,22.54
13804,20260221,235,Sponsored Products,1942,26,35.24,96.3
13805,20260629,563,Sponsored Products,754,13,16.18,73.85
13806,20241229,360,Sponsored Brands,1166,18,21.41,134.68
13807,20251222,339,Sponsored Brands,4951,28,49.77,193.21
13808,20240416,556,Sponsored Products,798,15,26.06,93.9
13809,20260125,264,Sponsored Display,927,16,6.93,36.1
13810,20230820,325,Sponsored Brands,2222,25,37.14,63.63
13811,20260325,355,Sponsored Products,722,7,7.4,42.78
13812,20230930,436,Sponsored Brands,307,3,3.46,6.92
13813,20250402,678,Sponsored Products,1521,28,35.84,120.32
13814,20240620,656,Sponsored Products,616,9,4.76,25.69
13815,20240814,294,Sponsored Brands,563,8,5.2,11.5
13816,20250329,535,Sponsored Brands,1069,21,33.41,139.47
13817,20241001,20,Sponsored Products,810,6,8.32,40.18
13818,20250331,571,DSP,4301,71,95.75,534.62
13819,20240506,609,Sponsored Brands,5470,100,156.4,596.46
13820,20250428,69,Sponsored Products,1011,15,19.13,89.37
13821,20230803,729,Sponsored Products,1300,7,9.11,21.32
13822,20231222,139,Sponsored Products,4532,73,127.35,512.04
13823,20260220,258,Sponsored Products,1000,18,7.73,15.09
13824,20230922,24,Sponsored Brands,784,10,16.05,67.56
13825,20260612,785,Sponsored Display,785,5,5.41,29.77
13826,20241006,704,Sponsored Products,1073,9,12.2,49.47
13827,20230720,327,Sponsored Brands,1767,16,10.77,35.89
13828,20240209,411,Sponsored Brands,1027,12,16.01,32.64
13829,20240213,290,Sponsored Display,2618,37,49.89,322.63
13830,20241112,762,Sponsored Products,694,2,2.99,13.92
13831,20240915,721,DSP,1871,32,35.9,163.74
13832,20240628,764,Sponsored Products,2386,29,46.49,193.03
13833,20240402,761,Sponsored Products,2683,41,25.73,98.2
13834,20250411,18,Sponsored Products,872,14,15.53,80.86
13835,20230226,14,Sponsored Products,6123,118,115.84,533.06
13836,20231108,770,Sponsored Display,1391,12,18.59,49.53
13837,20241113,741,Sponsored Products,1317,14,24.16,146.51
13838,20250722,287,Sponsored Products,1012,16,18.47,31.81
13839,20230701,491,Sponsored Display,3647,38,67.9,374.44
13840,20230417,431,Sponsored Brands,845,11,15.88,102.23
13841,20241218,418,Sponsored Brands,2938,30,26.3,136.4
13842,20240811,154,Sponsored Products,5038,30,37.8,82.65
13843,20260110,250,Sponsored Display,1626,9,6.59,10.05
13844,20240731,572,Sponsored Products,1659,29,11.73,21.83
13845,20230326,266,Sponsored Products,1225,23,36.65,119.09
13846,20230129,193,Sponsored Products,3599,57,30.58,135.32
13847,20240918,470,Sponsored Products,2521,10,5.72,37.05
13848,20231118,449,Sponsored Products,3538,48,22.58,64.1
13849,20240804,699,Sponsored Products,489,6,5.29,16.82
13850,20230328,445,Sponsored Products,676,5,8.68,49.28
13851,20240614,450,Sponsored Products,2168,12,17.97,114.03
13852,20251205,567,Sponsored Products,936,8,10.76,65.11
13853,20250618,83,Sponsored Products,1727,29,47.71,280.56
13854,20241027,198,Sponsored Display,1706,13,5.4,15.99
13855,20231117,392,Sponsored Products,691,8,10.76,50.82
13856,20241222,486,Sponsored Products,1519,21,31.2,155.57
13857,20240915,426,Sponsored Products,727,10,17.01,77.87
13858,20231128,403,Sponsored Products,4555,28,32.93,194.58
13859,20250611,429,Sponsored Products,1383,21,17.03,98.95
13860,20231004,288,Sponsored Display,786,5,6.86,43.59
13861,20260523,424,Sponsored Products,483,3,4.09,15.67
13862,20231115,305,Sponsored Products,483,5,6.66,30.36
13863,20231227,2,Sponsored Products,1266,23,15.09,68.89
13864,20230603,511,DSP,533,7,11.73,29.39
13865,20260404,458,Sponsored Products,1500,22,30.85,59.45
13866,20250925,652,Sponsored Products,1005,5,6.52,33.55
13867,20250202,593,Sponsored Products,972,8,13.69,80.29
13868,20230215,719,Sponsored Products,1599,30,26.69,56.56
13869,20260106,415,Sponsored Products,101,1,0.42,2.38
13870,20260503,329,Sponsored Display,834,6,4.91,17.82
13871,20260116,428,Sponsored Products,1999,26,37.92,96.65
13872,20250107,467,Sponsored Display,2008,28,31.96,107.11
13873,20230928,40,DSP,1801,11,7.94,25.88
13874,20230918,457,Sponsored Products,1978,10,12.94,61.43
13875,20250424,10,Sponsored Brands,2749,43,52.9,88.15
13876,20250610,369,Sponsored Brands,1268,22,23.48,67.18
13877,20231019,297,Sponsored Products,452,4,3.51,5.7
13878,20260501,343,Sponsored Products,2985,46,61.43,264.3
13879,20231110,716,Sponsored Display,990,19,29.82,49.71
13880,20251211,85,Sponsored Brands,5639,106,48.53,131.87
13881,20231027,569,Sponsored Display,1055,8,12.34,64.29
13882,20250416,29,Sponsored Products,1390,22,24.29,108.08
13883,20230520,633,Sponsored Products,399,3,2.24,14.12
13884,20260518,547,Sponsored Products,1028,17,26.12,126.13
13885,20230419,655,Sponsored Display,2827,34,56.36,92.11
13886,20251204,556,DSP,1119,13,18.81,75.99
13887,20230322,387,Sponsored Brands,636,9,11.3,45.75
13888,20260524,344,Sponsored Products,1781,12,21.16,100.94
13889,20230804,543,Sponsored Products,1074,14,10.57,23.0
13890,20251001,735,Sponsored Display,1930,12,14.88,67.45
13891,20240804,255,DSP,497,2,1.33,7.8
13892,20240714,106,Sponsored Brands,2001,11,7.18,37.4
13893,20230115,386,DSP,373,6,5.28,17.63
13894,20251015,75,DSP,1805,18,10.05,56.99
13895,20251005,746,Sponsored Display,907,8,13.4,42.18
13896,20250430,146,DSP,1122,17,11.23,17.38
13897,20250326,534,Sponsored Brands,881,7,7.3,22.36
13898,20240102,35,Sponsored Products,1049,19,28.75,49.93
13899,20241003,769,Sponsored Products,536,9,14.28,71.0
13900,20240403,25,Sponsored Products,735,14,8.02,51.96
13901,20240329,53,Sponsored Brands,420,7,9.81,52.36
13902,20260530,561,Sponsored Products,1623,6,9.67,35.31
13903,20230413,499,Sponsored Brands,4355,30,49.56,301.79
13904,20230329,429,Sponsored Products,1903,13,7.63,22.92
13905,20231103,272,Sponsored Products,1666,17,18.8,108.83
13906,20250914,97,Sponsored Products,1356,24,26.84,101.81
13907,20251230,607,Sponsored Brands,3809,14,18.44,107.81
13908,20250813,181,Sponsored Brands,943,9,7.08,23.57
13909,20240312,262,Sponsored Products,826,14,12.83,36.73
13910,20240128,637,Sponsored Brands,7820,148,74.11,128.04
13911,20260226,480,Sponsored Brands,2323,45,29.01,96.15
13912,20250622,260,Sponsored Products,1158,20,11.08,19.97
13913,20230709,531,Sponsored Products,1900,8,8.43,34.25
13914,20230227,285,Sponsored Brands,838,6,2.92,9.01
13915,20231111,594,Sponsored Products,2012,30,24.06,120.09
13916,20260506,620,Sponsored Brands,1379,8,4.81,25.44
13917,20241105,209,Sponsored Products,967,5,2.66,6.03
13918,20260426,315,Sponsored Products,3928,40,55.89,156.08
13919,20241109,548,Sponsored Products,3049,36,61.08,151.2
13920,20250721,721,Sponsored Products,2049,35,38.25,240.51
13921,20260612,9,Sponsored Brands,1133,10,14.67,28.17
13922,20230204,615,Sponsored Products,2499,14,9.31,20.78
13923,20230910,265,Sponsored Products,2605,14,9.08,35.9
13924,20251219,645,Sponsored Products,8814,56,50.8,168.78
13925,20240905,347,Sponsored Products,2763,45,77.22,465.43
13926,20241017,399,Sponsored Products,1264,19,27.35,97.15
13927,20241027,337,Sponsored Brands,858,10,16.6,73.83
13928,20230519,571,Sponsored Brands,3006,26,35.58,136.14
13929,20250228,370,Sponsored Products,912,15,16.14,43.96
13930,20230402,769,Sponsored Brands,2970,43,54.62,231.62
13931,20240219,373,Sponsored Products,952,10,14.83,67.8
13932,20260312,207,Sponsored Products,118,0,0.0,0.0
13933,20250815,82,Sponsored Display,3024,22,19.67,52.9
13934,20241121,116,Sponsored Brands,798,12,15.26,89.31
13935,20250324,783,Sponsored Display,1084,20,29.27,137.89
13936,20260603,9,Sponsored Products,2192,32,32.51,103.06
13937,20230321,704,Sponsored Products,623,6,10.6,36.81
13938,20250227,477,Sponsored Products,599,5,6.0,31.57
13939,20230516,432,Sponsored Products,502,5,2.5,5.05
13940,20250705,606,DSP,2847,11,11.97,49.43
13941,20250730,605,Sponsored Products,1767,7,4.65,8.43
13942,20240205,213,Sponsored Products,736,6,10.6,39.42
13943,20251012,41,Sponsored Products,3165,10,12.05,18.35
13944,20240902,22,Sponsored Brands,1156,19,17.0,28.21
13945,20250520,166,Sponsored Products,442,3,5.12,29.86
13946,20241128,15,DSP,1449,11,4.81,10.56
13947,20230919,17,Sponsored Products,227,0,0.0,0.0
13948,20240124,135,Sponsored Products,1522,26,12.92,46.39
13949,20260113,293,Sponsored Brands,1405,4,2.01,11.68
13950,20260118,454,Sponsored Brands,1839,10,5.37,31.28
13951,20250912,458,DSP,866,14,12.63,45.22
13952,20231130,772,Sponsored Brands,8663,117,170.61,277.85
13953,20260602,763,Sponsored Display,587,11,10.0,21.82
13954,20230819,59,Sponsored Products,2828,11,12.61,27.55
13955,20230308,558,DSP,1754,17,28.88,47.12
13956,20250124,379,Sponsored Brands,3042,15,21.94,129.73
13957,20250610,716,Sponsored Brands,307,5,8.87,28.68
13958,20251105,677,Sponsored Brands,1257,4,4.2,7.34
13959,20230814,42,Sponsored Products,314,2,0.95,3.27
13960,20260606,349,Sponsored Products,1214,24,31.98,163.37
13961,20251127,80,DSP,4746,91,120.35,213.5
13962,20230311,653,DSP,238,4,6.67,25.07
13963,20250412,508,DSP,3376,55,69.9,198.25
13964,20251026,517,Sponsored Products,4424,24,35.14,223.08
13965,20230109,564,Sponsored Products,501,6,8.25,39.07
13966,20250922,207,Sponsored Products,1615,17,27.65,65.98
13967,20231118,655,Sponsored Products,267,4,6.02,38.36
13968,20231123,716,Sponsored Products,1887,7,11.64,17.8
13969,20260524,761,Sponsored Brands,2012,23,29.3,99.45
13970,20250108,633,DSP,1088,10,15.06,82.62
13971,20231126,364,Sponsored Brands,3473,39,34.77,112.3
13972,20240829,62,Sponsored Products,415,6,7.97,16.9
13973,20230805,764,Sponsored Products,1505,8,10.84,28.69
13974,20250725,206,Sponsored Display,517,8,7.18,29.59
13975,20230831,760,Sponsored Products,1126,14,6.36,41.16
13976,20240706,81,Sponsored Products,882,3,4.1,19.5
13977,20250804,300,Sponsored Products,2925,46,74.99,228.42
13978,20250420,351,Sponsored Products,2110,38,61.32,390.76
13979,20240922,629,Sponsored Brands,4275,77,123.26,561.24
13980,20240617,621,Sponsored Products,1583,6,5.54,23.64
13981,20240601,738,Sponsored Products,3718,50,28.5,111.23
13982,20250318,685,Sponsored Products,1403,12,11.08,42.28
13983,20250719,215,Sponsored Products,424,5,7.23,43.73
13984,20230808,488,Sponsored Brands,2168,34,38.4,58.06
13985,20250623,216,Sponsored Display,818,3,1.27,5.23
13986,20250228,223,Sponsored Products,1834,10,13.59,65.81
13987,20240329,67,Sponsored Brands,674,7,11.39,45.06
13988,20240314,224,Sponsored Display,656,3,1.86,10.83
13989,20240831,196,Sponsored Products,2768,14,9.72,31.75
13990,20231013,11,Sponsored Products,1528,29,52.16,122.3
13991,20230829,579,Sponsored Brands,872,5,6.87,38.13
13992,20240509,368,Sponsored Products,798,14,15.43,99.58
13993,20260303,507,DSP,1206,11,19.42,96.47
13994,20231120,184,Sponsored Brands,427,3,3.29,16.23
13995,20230822,715,Sponsored Display,2132,15,14.25,45.91
13996,20250506,558,Sponsored Products,1465,28,39.39,143.86
13997,20240418,610,Sponsored Products,1170,6,4.25,18.14
13998,20230418,247,Sponsored Products,1361,5,2.11,4.3
13999,20260421,328,Sponsored Display,2223,27,34.42,147.4
14000,20260605,58,Sponsored Products,571,8,14.17,47.35
14001,20240109,267,Sponsored Products,977,13,19.94,109.07
14002,20250814,13,Sponsored Products,1121,9,7.71,19.39
14003,20230817,505,Sponsored Products,975,14,12.74,47.79
14004,20250428,601,Sponsored Brands,1632,8,6.7,38.21
14005,20240625,127,Sponsored Products,1639,30,47.58,235.89
14006,20260123,653,Sponsored Display,745,14,18.91,111.64
14007,20231103,438,Sponsored Products,2637,29,40.24,195.4
14008,20260307,390,Sponsored Products,978,8,9.79,23.25
14009,20250209,78,Sponsored Products,999,14,24.32,128.86
14010,20250110,380,Sponsored Display,2080,25,23.31,96.17
14011,20251023,119,Sponsored Products,1384,5,8.9,37.06
14012,20231227,207,DSP,1949,23,41.23,105.31
14013,20240811,743,Sponsored Brands,3342,65,80.77,140.38
14014,20240107,552,Sponsored Brands,628,9,15.33,41.79
14015,20250526,244,Sponsored Display,709,9,4.03,14.18
14016,20231218,214,DSP,859,7,8.71,23.18
14017,20250102,327,Sponsored Products,4812,80,58.94,188.64
14018,20240727,253,Sponsored Products,1822,22,11.99,67.95
14019,20250707,227,DSP,559,7,7.43,11.16
14020,20230418,572,Sponsored Brands,858,10,4.92,17.85
14021,20241230,654,Sponsored Brands,775,10,9.6,16.28
14022,20260311,477,Sponsored Brands,1736,28,33.05,80.14
14023,20230211,141,Sponsored Brands,4449,33,51.59,142.99
14024,20230610,388,DSP,1202,3,4.69,20.65
14025,20230103,623,Sponsored Brands,1439,9,8.11,40.67
14026,20240611,484,Sponsored Products,3261,59,65.5,321.97
14027,20230919,457,Sponsored Products,1165,4,7.02,35.05
14028,20240506,730,Sponsored Products,978,10,5.22,16.62
14029,20230428,248,Sponsored Display,967,5,6.23,23.37
14030,20230501,744,Sponsored Brands,2040,15,14.92,45.19
14031,20250113,234,Sponsored Products,1460,28,42.08,65.79
14032,20250218,517,DSP,1208,18,28.6,67.72
14033,20240812,456,Sponsored Products,778,11,15.78,53.86
14034,20250127,229,DSP,814,9,12.79,65.0
14035,20230204,425,DSP,1595,11,8.62,23.02
14036,20231219,51,DSP,449,4,5.79,34.34
14037,20250804,491,Sponsored Display,4017,35,35.18,107.26
14038,20230718,164,Sponsored Display,289,1,1.72,8.17
14039,20240611,768,Sponsored Products,1632,16,16.25,90.07
14040,20240807,101,Sponsored Brands,605,3,1.32,4.9
14041,20250731,260,Sponsored Products,791,13,19.8,44.49
14042,20260316,376,Sponsored Products,1539,27,13.38,51.82
14043,20251207,27,Sponsored Products,1790,7,9.31,53.87
14044,20260414,386,Sponsored Products,1021,19,17.85,111.13
14045,20240330,516,Sponsored Brands,945,18,16.12,47.66
14046,20241016,51,Sponsored Products,1017,3,4.4,16.15
14047,20250524,601,Sponsored Products,960,17,30.42,165.01
14048,20230920,11,Sponsored Products,261,4,6.33,28.8
14049,20230331,34,Sponsored Products,2616,42,70.24,455.11
14050,20260627,379,Sponsored Products,3422,38,17.13,76.78
14051,20230119,72,Sponsored Brands,742,3,2.16,3.57
14052,20230703,201,Sponsored Display,1671,31,20.07,103.92
14053,20260405,726,DSP,3936,70,39.51,102.49
14054,20250315,728,DSP,519,7,12.49,40.25
14055,20250830,536,Sponsored Products,734,14,12.21,21.71
14056,20231201,774,DSP,1201,21,19.1,51.71
14057,20230430,347,Sponsored Products,1778,33,42.66,94.45
14058,20251030,310,Sponsored Brands,2838,14,10.87,35.68
14059,20260509,495,Sponsored Products,1179,17,20.52,93.01
14060,20240711,113,Sponsored Products,2870,38,44.22,274.42
14061,20250928,293,Sponsored Products,2060,21,15.3,37.91
14062,20251116,617,Sponsored Brands,1073,17,12.43,43.81
14063,20240325,777,Sponsored Brands,1037,8,13.86,60.39
14064,20230906,375,Sponsored Products,2669,19,22.76,35.45
14065,20241104,633,Sponsored Products,579,11,18.48,114.63
14066,20260217,418,DSP,3097,28,32.08,105.76
14067,20250525,242,Sponsored Products,780,8,11.85,28.6
14068,20260131,790,DSP,1237,15,17.21,101.7
14069,20230201,647,Sponsored Brands,2103,6,2.81,14.13
14070,20250309,393,Sponsored Brands,1770,22,20.06,101.68
14071,20260124,359,Sponsored Products,810,5,8.22,29.95
14072,20240904,198,Sponsored Display,1594,4,6.55,39.91
14073,20260527,734,Sponsored Brands,2299,22,14.49,22.94
14074,20231117,100,Sponsored Brands,776,8,5.27,20.31
14075,20230724,195,Sponsored Products,2741,31,46.35,70.73
14076,20251007,47,Sponsored Products,2970,57,29.41,117.22
14077,20240523,484,DSP,2822,10,8.53,29.98
14078,20250930,411,Sponsored Products,2133,41,69.96,401.88
14079,20230921,560,Sponsored Display,2538,8,6.64,17.27
14080,20230629,776,Sponsored Brands,1049,12,5.89,32.4
14081,20230123,405,Sponsored Display,1327,11,15.48,93.95
14082,20251011,250,Sponsored Products,3189,33,39.63,243.23
14083,20230320,684,Sponsored Display,652,5,7.96,49.98
14084,20240219,592,Sponsored Products,572,3,4.38,9.1
14085,20260117,734,Sponsored Products,3988,23,14.82,57.79
14086,20251019,702,Sponsored Brands,2451,26,23.32,119.9
14087,20250720,23,Sponsored Products,3013,13,15.37,88.44
14088,20231102,638,Sponsored Brands,66,0,0.0,0.0
14089,20250524,106,Sponsored Brands,2130,28,24.78,84.23
14090,20250813,334,Sponsored Display,755,3,2.8,6.43
14091,20230904,324,Sponsored Products,1890,29,49.81,309.2
14092,20260511,707,Sponsored Products,249,4,6.41,15.22
14093,20230624,243,Sponsored Products,5567,41,42.86,269.31
14094,20230630,574,Sponsored Products,1330,21,30.36,190.92
14095,20230207,277,Sponsored Brands,1255,18,21.58,135.11
14096,20260305,632,Sponsored Display,711,10,12.17,76.22
14097,20240314,518,Sponsored Brands,2707,45,19.4,125.89
14098,20260318,754,Sponsored Products,369,1,1.37,7.19
14099,20230730,717,Sponsored Products,1934,34,29.75,81.19
14100,20250405,395,Sponsored Brands,581,10,10.68,25.47
14101,20260217,419,Sponsored Brands,709,8,3.86,12.99
14102,20250903,680,Sponsored Brands,1491,22,26.38,52.98
14103,20250419,377,Sponsored Brands,1806,30,41.41,75.64
14104,20260307,236,DSP,1442,24,21.73,109.72
14105,20250104,657,Sponsored Display,4645,92,150.02,821.29
14106,20240121,403,Sponsored Products,650,3,1.7,8.19
14107,20230102,700,DSP,1506,20,35.82,69.9
14108,20260422,337,Sponsored Products,1284,9,15.37,76.22
14109,20260503,699,Sponsored Products,1413,12,20.09,36.76
14110,20260403,744,Sponsored Brands,1455,16,27.62,130.35
14111,20240819,783,Sponsored Products,78,0,0.0,0.0
14112,20230811,635,Sponsored Products,201,2,2.0,12.48
14113,20231210,474,Sponsored Display,257,5,4.59,12.94
14114,20250718,354,Sponsored Brands,165,1,0.96,3.1
14115,20230331,416,Sponsored Products,665,11,14.88,52.99
14116,20240805,190,Sponsored Products,832,4,1.96,10.52
14117,20230817,512,Sponsored Products,2296,35,49.85,159.04
14118,20250524,438,Sponsored Display,1793,16,18.96,47.75
14119,20240907,196,Sponsored Products,1174,8,9.62,14.55
14120,20240329,560,Sponsored Brands,1341,26,44.41,263.08
14121,20250109,71,Sponsored Brands,2849,30,49.81,248.7
14122,20230304,320,DSP,1155,8,3.67,6.27
14123,20251015,526,Sponsored Brands,944,8,10.31,31.72
14124,20251225,187,Sponsored Products,723,7,3.91,20.4
14125,20240804,435,Sponsored Brands,2755,32,47.86,279.66
14126,20250507,237,Sponsored Display,292,3,1.52,5.58
14127,20230827,528,Sponsored Display,2221,16,20.87,123.76
14128,20250421,204,Sponsored Products,3485,61,100.67,224.82
14129,20230125,427,Sponsored Products,1467,20,31.56,76.74
14130,20240304,708,Sponsored Brands,800,9,10.52,36.93
14131,20251016,301,DSP,3826,45,77.99,454.89
14132,20240526,50,DSP,2685,45,37.74,97.42
14133,20251030,344,Sponsored Display,1212,21,18.91,39.87
14134,20230509,276,Sponsored Display,107,0,0.0,0.0
14135,20241126,506,Sponsored Brands,3343,47,84.24,545.68
14136,20230108,545,Sponsored Products,5310,77,55.96,270.69
14137,20250712,652,Sponsored Products,1842,24,10.35,44.53
14138,20240417,752,Sponsored Products,1613,27,23.76,93.48
14139,20240807,601,Sponsored Brands,158,0,0.0,0.0
14140,20230612,260,Sponsored Products,1229,15,21.9,137.03
14141,20231122,424,Sponsored Products,286,2,3.49,20.78
14142,20250426,331,Sponsored Products,2516,27,31.56,172.35
14143,20250913,376,Sponsored Products,2892,10,4.1,15.33
14144,20231128,495,Sponsored Brands,2891,23,33.15,134.66
14145,20250326,373,Sponsored Brands,2409,8,7.59,18.68
14146,20250417,44,Sponsored Display,3107,51,52.29,101.94
14147,20250324,792,Sponsored Display,2122,10,7.58,12.7
14148,20250517,400,Sponsored Products,385,4,5.87,24.62
14149,20230420,275,DSP,2456,45,38.79,205.62
14150,20250318,776,Sponsored Products,228,1,1.1,6.7
14151,20260323,494,Sponsored Display,102,0,0.0,0.0
14152,20250216,312,Sponsored Brands,2819,53,66.09,165.84
14153,20250315,597,Sponsored Products,3293,44,41.99,181.98
14154,20250415,77,Sponsored Brands,280,4,4.42,7.45
14155,20240402,352,Sponsored Products,1144,12,16.67,85.49
14156,20250829,361,Sponsored Products,1946,16,15.45,51.56
14157,20240615,637,Sponsored Products,3002,31,17.27,28.51
14158,20231210,329,Sponsored Products,1347,20,16.03,29.23
14159,20260114,673,Sponsored Products,1295,7,8.81,53.16
14160,20230830,706,Sponsored Products,1590,13,8.75,31.62
14161,20260521,233,Sponsored Products,515,7,6.71,25.0
14162,20230617,175,Sponsored Products,1588,16,20.23,98.29
14163,20230302,468,Sponsored Products,2284,22,32.92,132.46
14164,20260629,135,Sponsored Products,1258,15,21.67,95.69
14165,20240609,497,Sponsored Products,1453,28,50.29,313.94
14166,20230112,551,Sponsored Display,892,5,4.96,29.69
14167,20250416,642,Sponsored Display,1405,18,28.48,68.78
14168,20260102,132,Sponsored Brands,3466,68,61.54,397.46
14169,20250927,128,DSP,3084,32,54.27,295.57
14170,20251025,292,Sponsored Display,1964,35,51.79,167.12
14171,20250506,602,Sponsored Brands,1685,30,39.55,65.59
14172,20230926,740,Sponsored Products,3858,32,27.9,123.38
14173,20250106,484,Sponsored Display,958,12,13.68,24.22
14174,20230508,92,DSP,1081,15,17.37,100.42
14175,20230227,701,Sponsored Products,2528,9,12.03,32.39
14176,20250720,126,Sponsored Brands,2243,30,49.8,239.65
14177,20241203,492,Sponsored Products,792,7,11.84,37.12
14178,20260629,793,Sponsored Products,2749,25,39.39,137.52
14179,20240519,79,Sponsored Brands,1062,12,13.65,25.43
14180,20251014,503,Sponsored Brands,2570,19,12.3,59.73
14181,20230814,284,Sponsored Products,720,8,9.79,62.39
14182,20240813,516,Sponsored Products,1663,18,27.05,148.34
14183,20240903,484,Sponsored Brands,311,4,3.0,15.49
14184,20240116,45,Sponsored Brands,37,0,0.0,0.0
14185,20260527,332,Sponsored Products,614,6,4.22,27.14
14186,20250421,493,Sponsored Products,2926,20,27.41,124.95
14187,20260315,680,Sponsored Brands,887,11,9.32,21.44
14188,20260408,361,Sponsored Products,271,0,0.0,0.0
14189,20250418,161,Sponsored Display,2074,17,13.0,76.61
14190,20260203,628,Sponsored Products,3943,44,52.0,125.28
14191,20230605,270,Sponsored Products,1196,21,21.72,70.77
14192,20250116,415,Sponsored Products,232,0,0.0,0.0
14193,20251016,24,Sponsored Products,830,4,3.0,15.74
14194,20260327,549,DSP,1256,6,6.61,15.68
14195,20231223,148,Sponsored Products,8169,134,157.5,998.61
14196,20230806,307,Sponsored Display,1433,8,10.5,66.66
14197,20231010,284,DSP,310,5,8.32,19.12
14198,20250801,730,Sponsored Products,1173,10,17.47,72.8
14199,20241107,164,DSP,1958,20,23.51,45.47
14200,20240425,233,Sponsored Display,802,9,5.55,13.86
14201,20241226,435,Sponsored Products,5654,35,52.82,188.48
14202,20230302,169,Sponsored Display,559,5,8.41,52.7
14203,20240829,740,Sponsored Products,1585,21,24.32,128.84
14204,20250128,241,Sponsored Display,258,4,5.24,14.35
14205,20231019,569,Sponsored Display,2996,12,13.74,39.22
14206,20260418,622,Sponsored Display,2585,13,14.69,83.28
14207,20230819,606,Sponsored Products,63,0,0.0,0.0
14208,20231201,716,Sponsored Products,1555,7,11.97,44.25
14209,20230330,172,Sponsored Products,408,6,3.74,22.12
14210,20230726,378,Sponsored Products,1931,38,22.42,51.05
14211,20230216,90,Sponsored Products,1691,28,18.34,101.48
14212,20241031,364,Sponsored Display,1759,5,8.98,36.81
14213,20250630,366,Sponsored Products,1494,12,10.1,58.55
14214,20260228,310,Sponsored Products,651,3,4.31,19.49
14215,20250104,333,Sponsored Brands,1178,16,14.94,86.21
14216,20250104,701,DSP,3762,31,34.56,157.73
14217,20250915,31,Sponsored Products,2257,27,35.66,173.7
14218,20230918,508,Sponsored Brands,1374,5,6.23,20.2
14219,20260615,30,Sponsored Products,1127,20,28.25,175.66
14220,20230816,186,Sponsored Display,302,5,2.98,12.74
14221,20230210,417,Sponsored Products,434,2,2.28,5.9
14222,20240723,773,Sponsored Brands,711,9,9.19,41.99
14223,20250813,720,Sponsored Display,593,5,7.94,30.5
14224,20241028,57,DSP,825,11,16.27,49.64
14225,20260619,554,Sponsored Display,1129,15,24.21,84.93
14226,20240524,711,Sponsored Products,999,8,13.79,86.78
14227,20250505,276,DSP,3238,21,34.55,112.6
14228,20250516,207,Sponsored Products,361,3,5.31,17.89
14229,20231023,168,Sponsored Display,1478,22,12.26,55.32
14230,20250223,644,Sponsored Display,1765,15,26.44,154.81
14231,20230920,117,Sponsored Display,1700,26,18.48,72.98
14232,20240915,73,Sponsored Brands,2565,30,43.25,211.4
14233,20230325,513,Sponsored Products,316,1,1.53,8.97
14234,20241021,771,DSP,1953,8,3.36,13.97
14235,20250529,435,Sponsored Products,1595,11,9.26,16.57
14236,20260425,622,Sponsored Products,1524,29,36.8,234.83
14237,20230802,446,DSP,1002,14,21.88,49.58
14238,20230925,386,Sponsored Products,2391,23,24.45,90.53
14239,20240401,316,Sponsored Brands,8,0,0.0,0.0
14240,20231021,230,DSP,420,7,9.52,30.38
14241,20250824,515,Sponsored Products,1550,15,12.05,60.33
14242,20251202,248,Sponsored Products,3341,63,112.38,544.72
14243,20251121,30,Sponsored Display,1420,8,8.67,39.2
14244,20230808,26,Sponsored Display,374,1,1.22,3.23
14245,20250802,573,Sponsored Products,54,0,0.0,0.0
14246,20260311,395,Sponsored Products,940,11,16.22,56.28
14247,20251018,410,Sponsored Products,39,0,0.0,0.0
14248,20250527,709,Sponsored Products,4423,20,16.4,84.54
14249,20230629,790,Sponsored Brands,576,3,2.74,8.01
14250,20230125,184,Sponsored Products,578,9,15.3,86.49
14251,20230801,673,Sponsored Products,1924,8,8.26,50.04
14252,20260424,789,Sponsored Products,698,9,6.1,11.99
14253,20240712,6,Sponsored Brands,881,9,15.46,99.7
14254,20240811,369,Sponsored Products,3262,42,46.71,159.76
14255,20230602,57,Sponsored Products,633,5,6.18,38.43
14256,20260529,147,Sponsored Display,2101,13,12.95,42.64
14257,20250905,650,Sponsored Products,2052,38,66.93,425.67
14258,20250706,245,DSP,2985,26,41.74,172.16
14259,20230220,593,Sponsored Brands,740,5,3.5,17.41
14260,20230517,67,Sponsored Brands,1282,15,26.36,127.22
14261,20240612,5,Sponsored Brands,712,10,4.61,23.68
14262,20251001,638,Sponsored Products,217,2,2.61,4.3
14263,20250825,694,Sponsored Brands,1459,6,7.99,32.55
14264,20250223,287,Sponsored Products,2135,29,51.42,98.08
14265,20240625,258,Sponsored Display,4017,21,15.47,52.35
14266,20240301,773,Sponsored Products,1530,19,13.43,79.27
14267,20230924,756,Sponsored Products,1925,10,10.27,45.6
14268,20240622,110,Sponsored Brands,4944,94,125.83,662.73
14269,20251012,24,DSP,2412,8,5.73,20.52
14270,20230712,339,Sponsored Brands,5569,57,36.22,133.21
14271,20230518,729,Sponsored Products,975,18,24.86,70.18
14272,20251002,157,Sponsored Brands,1224,20,25.77,157.88
14273,20230322,498,Sponsored Products,2223,14,20.93,105.11
14274,20250916,545,Sponsored Products,2274,44,58.5,173.16
14275,20250824,740,Sponsored Brands,1020,17,15.28,85.55
14276,20260419,775,Sponsored Brands,5175,66,74.29,471.99
14277,20260612,220,Sponsored Display,1607,17,9.76,22.56
14278,20230620,159,Sponsored Brands,1403,13,19.64,36.67
14279,20241028,660,Sponsored Products,2034,30,27.54,148.62
14280,20260425,381,Sponsored Brands,1875,17,26.06,143.39
14281,20260518,220,Sponsored Brands,1709,17,24.84,103.23
14282,20230312,363,Sponsored Products,1155,4,4.29,25.16
14283,20230428,415,Sponsored Brands,1405,18,20.43,68.62
14284,20230930,21,Sponsored Products,1848,29,27.67,173.89
14285,20230303,717,Sponsored Brands,2240,41,50.2,312.49
14286,20241019,184,Sponsored Brands,1712,26,42.01,77.79
14287,20241103,99,Sponsored Products,3468,61,37.03,235.02
14288,20250822,528,Sponsored Products,844,16,14.97,88.9
14289,20250424,368,Sponsored Display,584,7,5.18,27.86
14290,20240527,128,Sponsored Brands,920,16,10.95,63.63
14291,20250111,243,Sponsored Products,1413,26,17.45,46.73
14292,20230514,186,Sponsored Brands,1491,28,23.22,124.51
14293,20231112,174,Sponsored Products,721,8,12.38,76.58
14294,20250908,394,Sponsored Brands,3327,23,15.77,27.63
14295,20240617,140,Sponsored Products,1551,26,40.8,195.31
14296,20260123,428,Sponsored Brands,221,1,1.69,8.35
14297,20230517,354,DSP,1714,20,9.76,51.5
14298,20230525,247,Sponsored Products,3551,33,15.92,52.5
14299,20251209,447,Sponsored Display,2358,45,34.76,94.95
14300,20231227,22,Sponsored Products,2162,7,7.89,33.15
14301,20250930,139,Sponsored Brands,466,2,3.49,17.32
14302,20250927,707,Sponsored Brands,2804,43,37.34,133.2
14303,20260626,36,Sponsored Products,3517,36,54.54,299.6
14304,20251231,401,Sponsored Products,3874,19,19.57,30.16
14305,20250830,144,Sponsored Brands,1956,20,8.34,24.97
14306,20231102,25,Sponsored Brands,1172,4,4.47,27.48
14307,20230312,13,Sponsored Brands,698,10,15.19,94.74
14308,20230523,665,Sponsored Display,1019,11,8.57,51.25
14309,20240218,384,Sponsored Products,411,5,2.34,5.7
14310,20250223,513,Sponsored Display,3450,63,94.87,596.95
14311,20230825,145,Sponsored Products,2994,12,12.94,72.86
14312,20250126,564,DSP,1049,11,5.53,22.23
14313,20260430,719,Sponsored Brands,326,5,5.12,27.96
14314,20260426,393,Sponsored Products,3479,47,28.75,184.58
14315,20260622,525,Sponsored Products,2234,41,35.53,169.52
14316,20250223,411,Sponsored Products,1394,24,23.54,82.7
14317,20240530,533,Sponsored Products,1138,18,8.4,20.07
14318,20240209,243,Sponsored Products,3483,52,51.15,204.69
14319,20231102,80,Sponsored Products,1722,22,12.68,62.87
14320,20260318,206,Sponsored Display,66,0,0.0,0.0
14321,20260321,608,Sponsored Products,951,9,16.01,53.48
14322,20230820,454,Sponsored Brands,1494,14,8.57,52.97
14323,20251116,621,Sponsored Display,1626,19,25.8,142.9
14324,20250905,331,Sponsored Products,2257,10,11.84,52.96
14325,20260609,370,DSP,1225,6,6.72,18.87
14326,20230721,146,Sponsored Products,323,2,2.04,3.31
14327,20230218,786,DSP,1054,9,15.17,54.75
14328,20240101,750,Sponsored Products,512,5,3.66,8.39
14329,20231011,770,DSP,2219,9,6.22,27.91
14330,20230904,738,Sponsored Products,3580,70,97.73,340.91
14331,20260425,477,Sponsored Brands,2534,16,10.21,64.87
14332,20250315,786,Sponsored Products,1238,16,27.84,68.55
14333,20230318,45,Sponsored Products,2966,59,60.37,276.72
14334,20250827,352,Sponsored Products,49,0,0.0,0.0
14335,20250929,699,Sponsored Products,2506,45,43.7,271.66
14336,20250904,320,Sponsored Brands,235,0,0.0,0.0
14337,20230905,39,Sponsored Products,859,3,3.83,12.71
14338,20250528,142,Sponsored Products,3209,40,42.44,187.83
14339,20251128,763,Sponsored Products,5171,17,29.87,104.95
14340,20240304,338,Sponsored Display,1536,27,24.13,133.5
14341,20240630,292,Sponsored Products,1661,13,11.2,45.91
14342,20231130,521,DSP,3120,38,25.04,97.98
14343,20251118,580,DSP,1096,5,2.11,5.68
14344,20240627,365,Sponsored Products,1346,13,19.93,84.89
14345,20260120,95,Sponsored Display,2561,38,48.34,217.56
14346,20250530,165,Sponsored Display,934,15,23.42,91.56
14347,20250706,615,Sponsored Products,91,1,1.03,6.68
14348,20260609,330,Sponsored Brands,698,7,3.5,18.18
14349,20260609,738,Sponsored Display,281,2,3.51,18.96
14350,20230725,1,Sponsored Products,910,3,2.54,13.71
14351,20240317,388,Sponsored Brands,1496,15,17.73,105.25
14352,20250729,393,Sponsored Products,1540,21,24.4,40.6
14353,20230125,76,DSP,753,14,22.71,51.94
14354,20250816,134,Sponsored Products,6447,93,58.05,249.65
14355,20260403,155,Sponsored Products,846,8,6.82,34.17
14356,20240903,530,Sponsored Products,3637,35,56.96,152.26
14357,20240606,488,Sponsored Products,1715,21,37.31,234.83
14358,20241212,654,DSP,3353,17,19.52,45.73
14359,20240725,348,DSP,1858,6,3.39,20.56
14360,20240818,127,Sponsored Products,419,1,0.75,3.41
14361,20231202,728,Sponsored Products,379,3,3.96,23.91
14362,20240720,323,Sponsored Products,303,3,3.4,10.7
14363,20260311,742,Sponsored Products,2281,13,20.29,87.43
14364,20250128,516,Sponsored Products,1450,22,32.1,50.46
14365,20231021,161,Sponsored Products,3767,17,20.89,46.1
14366,20230706,10,Sponsored Products,1147,20,15.99,40.92
14367,20250722,772,Sponsored Display,2797,28,18.1,50.56
14368,20250709,467,Sponsored Display,2562,19,33.71,211.64
14369,20240512,397,Sponsored Display,1500,12,13.57,36.37
14370,20260405,372,Sponsored Products,624,3,1.55,8.87
14371,20240131,397,Sponsored Products,1365,22,12.7,39.01
14372,20230612,715,Sponsored Brands,1228,16,22.08,121.14
14373,20240201,151,Sponsored Products,1822,23,40.98,139.17
14374,20230608,15,Sponsored Products,824,8,6.06,28.27
14375,20240730,798,Sponsored Products,2474,38,41.72,142.22
14376,20230501,293,Sponsored Display,1276,15,9.09,49.17
14377,20251205,165,Sponsored Display,416,2,1.54,5.38
14378,20240430,383,Sponsored Brands,1521,25,35.39,189.36
14379,20250808,634,Sponsored Products,2337,17,14.2,28.2
14380,20241022,143,Sponsored Products,1090,6,9.77,18.4
14381,20250918,613,Sponsored Display,394,5,8.51,26.5
14382,20230901,760,Sponsored Products,446,7,11.7,49.26
14383,20250524,651,Sponsored Display,1240,23,38.47,155.52
14384,20240329,484,Sponsored Brands,389,6,5.52,19.0
14385,20230627,67,Sponsored Display,1771,10,5.92,20.54
14386,20240512,245,Sponsored Products,2118,9,14.9,58.89
14387,20240320,680,Sponsored Display,804,12,20.39,111.34
14388,20240922,598,Sponsored Display,3673,20,27.82,68.02
14389,20241213,220,Sponsored Brands,376,5,7.06,29.46
14390,20260501,341,Sponsored Products,1178,14,18.91,75.82
14391,20260518,649,Sponsored Products,441,2,2.73,15.01
14392,20231206,444,Sponsored Brands,1256,21,27.88,53.39
14393,20251012,187,Sponsored Products,952,16,14.4,40.24
14394,20250221,346,Sponsored Products,2279,14,23.34,110.08
14395,20240220,396,Sponsored Brands,862,5,4.97,13.95
14396,20251111,273,Sponsored Display,2067,23,15.86,55.23
14397,20260601,799,Sponsored Products,761,13,14.42,34.75
14398,20240115,138,Sponsored Products,1664,13,9.39,41.77
14399,20231205,657,Sponsored Display,2538,24,13.15,76.62
14400,20230910,336,Sponsored Products,5141,15,15.22,95.65
14401,20250117,756,Sponsored Display,4309,22,31.02,98.54
14402,20241010,552,Sponsored Products,1742,29,26.61,62.22
14403,20240508,116,Sponsored Brands,2907,51,57.19,275.87
14404,20250505,117,Sponsored Display,1055,18,28.77,173.13
14405,20240527,715,Sponsored Products,1111,4,4.59,19.04
14406,20240420,391,Sponsored Products,2103,11,17.24,95.48
14407,20231111,602,Sponsored Display,2266,34,39.64,129.58
14408,20241007,453,Sponsored Products,1517,29,36.44,192.3
14409,20230410,307,Sponsored Brands,3459,62,38.06,77.34
14410,20240814,349,Sponsored Brands,1790,32,23.34,41.24
14411,20251221,2,Sponsored Products,7757,146,226.59,869.24
14412,20230320,789,Sponsored Brands,745,4,7.03,26.95
14413,20231116,399,Sponsored Display,2301,29,18.73,62.0
14414,20250216,337,Sponsored Products,436,7,4.72,15.0
14415,20250529,585,Sponsored Brands,547,3,3.25,21.09
14416,20230108,685,DSP,1139,9,4.65,15.31
14417,20230919,705,Sponsored Products,556,6,10.4,60.83
14418,20260323,516,Sponsored Brands,788,10,4.29,25.53
14419,20251007,292,Sponsored Display,3236,9,11.94,75.73
14420,20230119,667,Sponsored Brands,1771,19,31.44,193.93
14421,20240610,178,Sponsored Brands,1752,8,7.01,24.72
14422,20251218,554,Sponsored Display,2283,26,30.88,101.22
14423,20230103,246,Sponsored Products,3191,50,67.87,388.93
14424,20240720,389,Sponsored Products,5597,21,10.34,46.65
14425,20250330,636,Sponsored Products,540,4,5.88,19.35
14426,20241224,266,DSP,1123,11,4.76,11.27
14427,20251228,44,Sponsored Products,298,2,2.88,4.36
14428,20250809,789,Sponsored Products,1737,22,36.77,97.45
14429,20250728,411,Sponsored Products,3987,20,33.97,84.35
14430,20250729,793,Sponsored Brands,698,3,3.05,14.56
14431,20231206,379,Sponsored Display,2869,43,41.73,159.4
14432,20250606,741,Sponsored Brands,503,4,6.94,20.74
14433,20230429,621,Sponsored Products,789,5,8.38,13.71
14434,20260402,629,Sponsored Brands,606,9,12.62,27.08
14435,20230605,313,Sponsored Display,913,11,5.36,18.69
14436,20250827,656,Sponsored Brands,1338,12,13.45,86.64
14437,20230314,200,Sponsored Products,746,5,3.53,21.24
14438,20250921,748,DSP,885,5,5.06,20.42
14439,20230128,380,Sponsored Products,671,3,4.99,23.23
14440,20250819,265,Sponsored Brands,857,13,21.14,52.0
14441,20230409,548,Sponsored Products,793,5,5.68,30.06
14442,20240404,761,Sponsored Products,1035,4,6.89,37.24
14443,20250901,8,Sponsored Brands,1366,16,26.17,155.24
14444,20260316,64,DSP,2584,12,12.07,32.58
14445,20251201,664,DSP,1999,39,18.3,93.41
14446,20260317,96,Sponsored Display,1152,22,20.95,60.66
14447,20251009,653,Sponsored Products,788,9,3.87,19.42
14448,20240511,205,Sponsored Brands,3969,19,23.6,121.43
14449,20231126,426,Sponsored Products,3453,49,30.44,157.77
14450,20250129,169,Sponsored Brands,2982,40,42.09,203.81
14451,20250813,216,Sponsored Brands,2806,35,15.37,43.58
14452,20250430,427,Sponsored Products,160,2,2.72,15.57
14453,20240330,178,Sponsored Products,481,6,9.68,53.61
14454,20230130,463,Sponsored Products,1830,17,11.96,73.68
14455,20231016,302,Sponsored Products,2696,16,10.7,26.37
14456,20251130,769,Sponsored Brands,1707,6,9.78,38.32
14457,20230121,406,Sponsored Products,653,2,2.49,14.05
14458,20260129,631,Sponsored Brands,318,4,6.74,38.61
14459,20250702,792,Sponsored Display,1527,8,6.35,22.47
14460,20260210,46,DSP,1301,22,16.44,100.26
14461,20250928,110,Sponsored Products,1137,12,8.48,53.52
14462,20240925,753,Sponsored Products,1810,29,26.74,111.17
14463,20230123,767,Sponsored Products,1472,21,16.01,34.15
14464,20241026,407,Sponsored Products,1856,28,33.96,176.36
14465,20231117,635,Sponsored Display,3181,29,37.38,242.25
14466,20251207,394,Sponsored Brands,758,5,3.79,7.27
14467,20230818,396,Sponsored Display,301,5,8.89,38.68
14468,20240411,425,Sponsored Brands,1666,30,51.02,159.02
14469,20260611,759,Sponsored Products,459,7,6.42,18.52
14470,20230209,799,Sponsored Brands,1991,24,14.17,88.23
14471,20240322,122,Sponsored Brands,1884,28,25.17,126.21
14472,20230116,213,Sponsored Display,1103,17,15.78,66.93
14473,20240428,543,Sponsored Products,2705,39,63.36,292.33
14474,20240915,127,Sponsored Display,2949,22,10.31,63.49
14475,20251122,757,Sponsored Brands,1185,10,12.93,77.16
14476,20231004,546,DSP,892,17,27.07,128.8
14477,20240820,313,Sponsored Display,159,2,1.81,5.01
14478,20260422,26,Sponsored Products,727,10,13.1,63.87
14479,20241009,321,DSP,3109,20,9.15,33.44
14480,20240901,551,Sponsored Products,4662,58,44.89,157.59
14481,20250614,187,Sponsored Display,6241,70,55.02,349.53
14482,20260621,667,Sponsored Products,1321,25,33.31,62.56
14483,20240712,317,Sponsored Products,7143,123,162.3,396.03
14484,20241015,717,Sponsored Products,1472,6,9.7,55.3
14485,20251012,294,DSP,590,7,10.4,34.91
14486,20260115,213,Sponsored Products,474,3,4.95,28.46
14487,20230106,630,Sponsored Products,883,12,16.79,80.64
14488,20240205,59,Sponsored Products,6186,114,65.35,423.48
14489,20230104,30,Sponsored Display,3232,34,42.9,81.47
14490,20231125,363,Sponsored Products,1770,25,30.97,82.8
14491,20240611,198,Sponsored Display,969,5,2.44,9.23
14492,20240526,72,Sponsored Products,799,5,2.49,12.7
14493,20260303,20,Sponsored Display,679,7,9.65,29.09
14494,20240505,145,Sponsored Products,1329,9,12.42,53.45
14495,20240204,620,Sponsored Products,1098,19,23.52,114.89
14496,20230211,567,Sponsored Brands,2602,30,18.53,60.57
14497,20260606,602,Sponsored Brands,1620,9,4.48,21.62
14498,20250818,237,Sponsored Products,1265,12,12.13,72.77
14499,20231122,720,Sponsored Products,690,6,9.99,40.0
14500,20260227,278,Sponsored Products,977,14,22.1,102.64
14501,20250101,366,Sponsored Products,5651,79,98.9,525.92
14502,20250914,486,Sponsored Display,1333,14,14.29,25.39
14503,20231121,604,Sponsored Products,535,3,4.49,14.15
14504,20230722,216,DSP,680,11,16.9,99.18
14505,20230612,516,Sponsored Products,470,8,4.38,21.33
14506,20250826,699,Sponsored Products,2854,51,33.88,96.57
14507,20230913,408,Sponsored Products,3035,54,89.48,329.03
14508,20250530,492,DSP,2524,12,14.3,36.03
14509,20251113,237,Sponsored Products,348,3,1.34,4.1
14510,20230527,359,Sponsored Products,2000,18,27.72,53.46
14511,20250213,407,Sponsored Brands,437,5,3.66,12.63
14512,20260319,105,Sponsored Products,3363,27,30.29,157.87
14513,20231018,294,Sponsored Products,953,10,15.26,56.51
14514,20241217,177,Sponsored Products,5935,96,128.17,350.38
14515,20241208,577,Sponsored Brands,217,4,6.78,28.78
14516,20251015,361,DSP,1626,25,29.03,137.08
14517,20250225,435,Sponsored Products,143,0,0.0,0.0
14518,20231008,585,Sponsored Products,1975,12,5.38,14.8
14519,20240526,548,Sponsored Products,4253,25,21.21,122.49
14520,20251013,531,Sponsored Brands,593,10,9.39,28.72
14521,20260317,213,Sponsored Products,1556,25,28.28,178.7
14522,20240222,665,Sponsored Brands,3763,64,86.11,280.06
14523,20230602,732,Sponsored Display,172,0,0.0,0.0
14524,20260128,779,Sponsored Brands,1171,7,6.76,27.33
14525,20230521,325,Sponsored Display,2065,38,53.9,186.69
14526,20260205,774,Sponsored Display,1448,10,7.19,22.76
14527,20260313,740,Sponsored Brands,5093,82,129.67,726.24
14528,20241125,177,Sponsored Brands,1143,22,26.77,48.17
14529,20230107,624,Sponsored Products,3007,17,21.59,57.81
14530,20240301,258,DSP,2070,33,46.12,208.41
14531,20241017,434,Sponsored Display,3798,63,85.85,339.45
14532,20260211,400,Sponsored Products,697,3,3.21,11.95
14533,20260223,432,Sponsored Brands,3713,42,20.99,94.69
14534,20230104,186,Sponsored Brands,1660,22,29.61,54.48
14535,20240802,390,Sponsored Brands,108,0,0.0,0.0
14536,20250417,524,Sponsored Products,1567,15,25.77,113.96
14537,20251116,784,Sponsored Display,3865,21,37.67,104.2
14538,20251025,283,Sponsored Brands,1695,27,43.15,79.83
14539,20241204,27,Sponsored Brands,1877,35,47.78,154.08
14540,20250830,607,Sponsored Brands,1523,27,21.44,77.62
14541,20250620,791,Sponsored Brands,2056,19,20.47,127.64
14542,20260527,606,Sponsored Products,477,9,8.06,45.41
14543,20250302,147,Sponsored Products,1719,11,8.28,25.23
14544,20230911,184,Sponsored Products,2667,17,13.47,38.91
14545,20240403,768,Sponsored Display,1418,12,17.45,104.33
14546,20250109,425,Sponsored Products,1726,34,50.71,121.47
14547,20260311,317,Sponsored Brands,1276,7,4.42,17.42
14548,20250108,529,Sponsored Products,2996,47,77.95,402.03
14549,20250826,314,Sponsored Products,1287,19,13.79,88.21
14550,20240414,728,Sponsored Brands,2690,27,24.7,146.48
14551,20230514,431,Sponsored Products,553,8,9.96,48.65
14552,20260130,248,Sponsored Products,711,9,6.88,16.59
14553,20251005,52,Sponsored Display,1357,25,29.14,87.28
14554,20250805,270,Sponsored Products,1712,21,21.43,63.01
14555,20230211,691,Sponsored Products,350,4,3.03,10.66
14556,20241125,29,Sponsored Products,2261,13,22.66,108.95
14557,20240424,13,Sponsored Brands,906,13,22.85,147.22
14558,20240102,34,Sponsored Brands,7285,98,43.03,179.56
14559,20250404,33,DSP,424,3,3.3,17.7
14560,20251222,492,Sponsored Display,2353,13,21.33,53.89
14561,20240522,16,Sponsored Products,5855,47,25.71,100.92
14562,20250305,756,Sponsored Display,5437,77,122.91,400.2
14563,20250227,490,Sponsored Products,1691,19,23.43,71.67
14564,20230505,15,Sponsored Brands,1693,20,9.83,24.43
14565,20260324,554,Sponsored Products,1566,29,33.66,196.05
14566,20240708,168,Sponsored Brands,1637,18,30.01,90.08
14567,20250917,406,Sponsored Brands,1185,13,9.23,58.29
14568,20251015,431,Sponsored Products,457,5,2.18,9.59
14569,20251125,455,DSP,1312,14,14.27,31.91
14570,20250416,249,Sponsored Display,3762,35,49.89,306.8
14571,20231117,380,Sponsored Products,4036,43,52.42,323.52
14572,20240416,135,Sponsored Products,1137,9,6.34,35.29
14573,20240111,356,DSP,6513,88,155.43,610.24
14574,20230218,27,Sponsored Brands,339,5,3.01,12.99
14575,20240529,268,DSP,1463,21,27.9,155.99
14576,20250222,265,Sponsored Products,1270,15,16.4,96.72
14577,20260528,702,Sponsored Products,1253,7,8.68,32.38
14578,20240510,135,Sponsored Products,1244,21,35.3,191.01
14579,20240423,189,Sponsored Brands,1571,28,19.5,53.69
14580,20241103,68,Sponsored Brands,938,7,12.07,40.6
14581,20240609,277,Sponsored Products,1905,18,22.73,118.96
14582,20230201,179,DSP,3661,13,11.8,49.24
14583,20230210,345,Sponsored Products,180,3,2.35,4.86
14584,20230518,374,Sponsored Products,661,11,6.9,15.55
14585,20250726,447,Sponsored Brands,1462,15,24.88,92.73
14586,20240820,326,Sponsored Brands,949,9,7.23,20.59
14587,20251022,133,Sponsored Display,653,11,12.84,32.86
14588,20250304,745,DSP,291,1,0.76,3.65
14589,20240424,110,Sponsored Brands,328,5,6.03,36.32
14590,20260630,629,DSP,846,5,4.9,12.48
14591,20230306,380,Sponsored Products,191,0,0.0,0.0
14592,20230730,593,Sponsored Brands,511,2,2.72,13.58
14593,20230712,173,Sponsored Brands,7126,116,62.99,161.83
14594,20240808,649,Sponsored Products,1868,17,29.02,140.95
14595,20230702,9,Sponsored Products,1019,19,32.33,144.69
14596,20250203,501,DSP,990,9,7.01,42.99
14597,20250905,446,DSP,1495,10,4.9,15.4
14598,20230304,23,Sponsored Brands,1433,27,27.38,160.83
14599,20251104,296,Sponsored Brands,428,7,8.04,22.73
14600,20231111,27,Sponsored Products,187,1,0.79,3.37
14601,20260506,466,Sponsored Display,173,3,4.04,24.67
14602,20240804,490,DSP,843,4,2.07,12.1
14603,20240217,226,Sponsored Brands,883,10,11.76,66.99
14604,20230309,396,Sponsored Brands,768,5,4.46,14.11
14605,20240826,746,Sponsored Products,1316,24,17.42,96.45
14606,20230201,58,Sponsored Products,139,2,2.4,4.85
14607,20230307,663,Sponsored Brands,483,5,7.43,28.12
14608,20240315,132,DSP,781,8,7.07,25.68
14609,20250428,691,DSP,101,1,1.32,2.57
14610,20230807,317,Sponsored Products,1976,9,6.8,14.48
14611,20251229,609,Sponsored Products,1606,30,17.55,89.05
14612,20241229,684,Sponsored Display,997,11,6.66,29.43
14613,20260203,92,DSP,1420,14,13.87,38.72
14614,20230522,231,Sponsored Products,1134,20,23.68,62.47
14615,20250506,394,Sponsored Brands,1008,14,21.62,115.45
14616,20250526,340,Sponsored Display,2153,41,56.23,182.92
14617,20241118,71,Sponsored Display,1320,11,15.07,40.95
14618,20230715,493,Sponsored Display,2408,9,8.79,21.72
14619,20230717,411,DSP,202,3,4.4,16.3
14620,20250910,117,Sponsored Products,2804,36,30.31,115.62
14621,20251125,145,Sponsored Brands,1197,16,23.44,39.97
14622,20250303,7,Sponsored Brands,3093,50,88.06,237.11
14623,20250427,330,Sponsored Brands,1248,23,38.4,188.5
14624,20241126,783,Sponsored Products,1081,8,6.48,33.0
14625,20240518,715,Sponsored Brands,1184,15,26.85,122.8
14626,20241217,168,Sponsored Brands,1617,30,20.39,108.91
14627,20260213,731,Sponsored Products,677,12,20.79,68.36
14628,20250325,193,Sponsored Products,1546,26,13.18,28.09
14629,20230224,583,Sponsored Display,1105,19,24.96,63.67
14630,20250712,142,Sponsored Products,11457,48,64.99,212.93
14631,20230705,620,Sponsored Display,2977,36,24.2,96.79
14632,20240914,167,Sponsored Brands,1495,19,28.07,72.21
14633,20250902,459,Sponsored Products,2537,11,18.39,43.76
14634,20240213,542,Sponsored Products,848,11,15.9,67.95
14635,20260110,145,Sponsored Products,1860,8,10.1,39.01
14636,20230602,577,Sponsored Display,123,1,1.53,3.67
14637,20250529,72,Sponsored Display,1887,24,19.53,48.99
14638,20230316,408,Sponsored Products,1627,16,8.37,13.44
14639,20260630,57,Sponsored Products,429,6,9.33,43.12
14640,20241220,449,Sponsored Display,1681,12,9.09,22.8
14641,20230710,528,Sponsored Display,886,14,14.72,82.13
14642,20240707,172,Sponsored Display,563,9,9.22,40.62
14643,20241218,161,Sponsored Products,2911,48,74.14,454.53
14644,20250117,325,Sponsored Products,1278,10,6.62,35.17
14645,20250308,113,Sponsored Products,1023,12,7.31,17.86
14646,20260601,752,Sponsored Products,845,12,20.81,76.14
14647,20231201,673,Sponsored Products,1012,4,6.8,19.43
14648,20230415,593,Sponsored Display,739,3,4.27,25.14
14649,20240315,528,Sponsored Brands,1965,30,39.47,252.02
14650,20250711,391,Sponsored Display,5561,83,137.52,864.89
14651,20260513,5,Sponsored Display,896,9,12.02,34.81
14652,20230630,734,Sponsored Products,2279,14,6.09,34.32
14653,20260405,782,Sponsored Display,2650,51,71.09,376.13
14654,20230712,320,Sponsored Display,8383,135,195.23,850.32
14655,20250729,329,Sponsored Products,1036,8,6.37,32.97
14656,20260412,179,Sponsored Products,2742,47,48.45,146.07
14657,20251128,628,Sponsored Brands,8044,159,232.2,1261.89
14658,20230511,340,Sponsored Brands,5227,93,151.13,802.65
14659,20230328,119,Sponsored Products,1189,19,31.62,109.86
14660,20230324,92,Sponsored Brands,723,10,11.81,19.47
14661,20240522,1,Sponsored Products,431,4,4.31,24.61
14662,20241122,393,Sponsored Products,580,1,0.73,3.84
14663,20260331,633,Sponsored Products,1984,11,7.51,40.99
14664,20260414,763,Sponsored Brands,538,7,3.87,20.31
14665,20251004,14,Sponsored Display,2155,9,3.99,17.45
14666,20260405,100,Sponsored Products,3362,62,67.33,116.61
14667,20230709,90,Sponsored Products,2333,43,37.72,79.73
14668,20250510,733,Sponsored Products,253,4,2.08,12.19
14669,20230627,246,Sponsored Products,1029,12,18.42,36.69
14670,20240527,326,Sponsored Products,5588,27,16.35,74.22
14671,20250723,208,Sponsored Brands,2672,22,15.99,41.23
14672,20241210,326,Sponsored Products,758,9,13.02,28.37
14673,20240515,336,DSP,1256,23,41.09,239.0
14674,20231004,320,Sponsored Display,2776,21,12.07,54.09
14675,20241028,672,DSP,1242,14,20.12,58.91
14676,20240215,645,Sponsored Products,390,3,3.74,11.99
14677,20241227,26,Sponsored Display,736,8,11.38,47.73
14678,20251006,229,DSP,1790,12,17.45,73.09
14679,20241013,107,Sponsored Products,3810,63,64.87,393.08
14680,20251013,383,Sponsored Display,1576,6,9.89,61.78
14681,20231107,227,Sponsored Products,2606,40,36.57,196.98
14682,20250121,380,Sponsored Products,887,7,11.86,49.87
14683,20230621,257,Sponsored Products,1510,20,13.35,55.64
14684,20231230,528,Sponsored Brands,1667,13,5.8,37.61
14685,20251003,66,Sponsored Products,710,2,0.9,4.73
14686,20251222,447,Sponsored Products,7227,93,122.51,426.87
14687,20250529,784,DSP,749,8,6.89,28.75
14688,20230809,247,Sponsored Display,5036,87,66.7,231.66
14689,20241102,410,Sponsored Brands,1961,20,24.44,65.32
14690,20250119,726,Sponsored Display,1417,4,2.07,10.7
14691,20250518,56,Sponsored Products,1837,36,19.54,64.48
14692,20240606,469,Sponsored Brands,1358,15,12.75,73.34
14693,20250307,342,Sponsored Products,1125,7,9.6,39.54
14694,20250911,614,Sponsored Products,2104,12,11.26,32.1
14695,20250111,592,Sponsored Products,3623,71,64.81,367.43
14696,20241020,145,Sponsored Products,801,9,5.7,22.02
14697,20260511,389,Sponsored Brands,3680,12,20.27,74.3
14698,20240830,515,Sponsored Brands,698,11,6.86,15.06
14699,20230920,74,DSP,1738,22,33.4,52.35
14700,20240401,651,Sponsored Products,1247,8,7.61,27.39
14701,20250206,466,Sponsored Brands,4428,62,79.72,137.6
14702,20230630,377,Sponsored Products,1123,15,8.87,43.34
14703,20240119,509,Sponsored Display,885,7,4.36,24.61
14704,20230425,276,Sponsored Brands,611,8,4.34,26.37
14705,20230921,321,Sponsored Brands,1168,5,4.96,31.06
14706,20230520,717,Sponsored Products,7149,137,58.63,243.04
14707,20240526,694,Sponsored Products,704,8,10.28,48.75
14708,20260515,513,Sponsored Brands,1486,8,8.81,48.32
14709,20260315,593,Sponsored Products,3026,27,24.84,46.84
14710,20240408,248,Sponsored Brands,1327,15,19.08,84.9
14711,20230313,143,DSP,1780,25,31.9,131.89
14712,20231105,698,Sponsored Brands,1998,8,11.04,67.35
14713,20230810,379,Sponsored Brands,2407,22,19.14,91.31
14714,20241104,8,Sponsored Display,918,14,24.75,157.26
14715,20250403,605,Sponsored Brands,1124,5,7.1,16.65
14716,20230110,773,Sponsored Products,916,14,12.58,54.88
14717,20250828,799,Sponsored Products,1788,25,14.48,65.46
14718,20231127,378,Sponsored Brands,1982,21,33.14,136.45
14719,20240118,500,Sponsored Display,1052,18,22.54,121.9
14720,20250315,233,Sponsored Products,2471,26,13.71,50.66
14721,20250114,622,Sponsored Products,1232,11,16.99,93.53
14722,20250104,158,Sponsored Products,934,3,4.35,11.64
14723,20251010,380,Sponsored Products,2599,23,38.98,118.98
14724,20240926,137,Sponsored Brands,1882,27,42.54,206.08
14725,20240203,788,Sponsored Brands,1152,11,7.75,47.94
14726,20230913,466,DSP,426,4,3.24,19.25
14727,20250328,349,Sponsored Products,700,6,6.06,10.19
14728,20230723,617,Sponsored Products,1209,19,22.36,39.29
14729,20240504,346,Sponsored Display,481,4,3.62,18.22
14730,20250418,23,Sponsored Brands,1280,24,15.3,80.22
14731,20250419,660,DSP,3709,31,51.39,96.38
14732,20250418,709,Sponsored Products,2197,38,39.8,254.23
14733,20260201,143,Sponsored Brands,1363,16,18.91,33.27
14734,20241010,94,Sponsored Display,369,3,4.68,24.89
14735,20240221,564,Sponsored Products,874,14,16.35,54.81
14736,20230913,381,Sponsored Brands,1605,20,32.82,111.29
14737,20251022,798,Sponsored Products,2473,44,44.15,207.17
14738,20240724,752,Sponsored Display,3822,75,73.55,337.31
14739,20250417,316,Sponsored Products,2900,40,39.04,73.01
14740,20230904,486,DSP,1033,12,9.61,55.89
14741,20230410,385,Sponsored Brands,2084,13,14.33,71.77
14742,20240707,148,Sponsored Products,950,7,3.16,18.76
14743,20240901,719,Sponsored Products,982,8,11.34,46.78
14744,20251115,362,Sponsored Products,643,4,6.81,32.75
14745,20230403,269,Sponsored Products,2872,34,23.46,150.95
14746,20240512,772,DSP,1918,24,20.06,67.65
14747,20240419,655,DSP,2411,32,22.91,46.37
14748,20230211,377,DSP,1960,33,32.04,56.3
14749,20250926,98,Sponsored Brands,2726,42,57.32,151.06
14750,20250709,536,Sponsored Products,1407,10,14.56,94.37
14751,20241230,122,Sponsored Display,1251,17,8.43,15.85
14752,20240515,505,Sponsored Products,701,3,4.45,23.59
14753,20260330,609,Sponsored Products,2257,10,14.42,22.61
14754,20230221,372,Sponsored Display,2168,20,30.4,100.08
14755,20240126,414,Sponsored Products,2677,27,47.57,232.02
14756,20231213,300,Sponsored Display,2257,28,24.69,67.49
14757,20230106,333,Sponsored Brands,777,11,13.6,67.23
14758,20250625,95,Sponsored Display,1037,19,20.55,61.61
14759,20230730,621,Sponsored Products,1185,23,14.53,41.41
14760,20260503,611,DSP,1316,13,21.19,118.27
14761,20230323,355,Sponsored Products,2334,9,13.09,47.19
14762,20230928,109,Sponsored Products,2708,25,25.43,136.43
14763,20240926,23,Sponsored Products,233,0,0.0,0.0
14764,20260126,128,DSP,1797,10,15.63,23.76
14765,20230803,62,Sponsored Products,740,3,3.93,11.29
14766,20230717,193,Sponsored Products,4278,34,52.66,170.47
14767,20250728,485,Sponsored Display,237,4,3.47,17.22
14768,20251227,705,Sponsored Display,1554,17,27.0,61.65
14769,20230101,729,Sponsored Brands,947,18,12.66,49.12
14770,20230521,555,Sponsored Products,493,4,1.62,10.23
14771,20250710,106,Sponsored Brands,1564,25,13.17,69.81
14772,20230307,766,Sponsored Products,414,7,11.71,37.91
14773,20240806,382,Sponsored Brands,971,5,3.81,17.68
14774,20231207,670,Sponsored Products,4405,74,60.74,378.38
14775,20240405,130,Sponsored Products,344,4,5.44,10.26
14776,20240502,44,Sponsored Products,196,1,1.19,7.05
14777,20251101,719,Sponsored Brands,2921,33,21.09,99.73
14778,20230922,150,Sponsored Products,1341,4,6.27,35.19
14779,20240617,436,Sponsored Brands,917,11,15.24,74.11
14780,20260528,735,Sponsored Display,1077,20,26.45,71.86
14781,20250808,295,Sponsored Brands,470,6,8.84,20.06
14782,20250128,223,Sponsored Brands,559,7,3.52,12.57
14783,20260510,424,Sponsored Products,1347,12,10.5,28.55
14784,20260601,198,DSP,1846,23,9.92,60.15
14785,20251129,443,Sponsored Products,4596,52,25.79,92.8
14786,20250511,727,Sponsored Brands,1377,9,9.05,53.12
14787,20250903,293,DSP,1786,24,16.46,106.57
14788,20241111,91,Sponsored Products,933,7,11.36,60.32
14789,20241211,44,DSP,2097,33,26.18,53.82
14790,20230126,51,Sponsored Products,787,8,10.46,52.95
14791,20240311,618,Sponsored Products,664,10,6.79,24.99
14792,20240418,67,Sponsored Products,1239,20,17.32,43.89
14793,20240731,36,Sponsored Products,182,2,1.43,6.25
14794,20250724,99,Sponsored Brands,953,13,10.9,30.93
14795,20260209,244,Sponsored Products,1894,36,56.43,212.32
14796,20241227,16,Sponsored Products,1949,16,18.21,47.71
14797,20260101,2,Sponsored Brands,3885,17,14.89,37.96
14798,20250706,435,Sponsored Products,2751,35,61.03,380.28
14799,20230227,252,Sponsored Products,1018,8,8.69,30.05
14800,20241121,610,Sponsored Products,1909,20,19.36,81.06
14801,20241015,4,DSP,2286,31,33.45,182.81
14802,20250310,357,Sponsored Brands,1062,16,17.06,94.69
14803,20251118,386,Sponsored Brands,1113,3,2.73,11.89
14804,20260628,624,Sponsored Display,1147,18,10.88,65.38
14805,20230319,72,Sponsored Products,919,6,10.58,49.04
14806,20230922,256,Sponsored Products,1032,18,29.51,72.13
14807,20260326,333,Sponsored Products,428,2,2.78,4.74
14808,20240823,508,Sponsored Products,3379,60,26.0,83.81
14809,20230424,268,Sponsored Brands,2145,8,12.0,21.27
14810,20230628,561,Sponsored Products,1135,7,5.71,24.37
14811,20240308,180,Sponsored Products,1001,19,14.76,26.57
14812,20240816,609,Sponsored Products,615,5,7.71,15.68
14813,20251213,378,Sponsored Brands,1668,14,9.88,53.79
14814,20240101,190,Sponsored Brands,2196,31,47.79,94.32
14815,20240105,697,Sponsored Display,3012,48,51.77,163.23
14816,20260616,373,Sponsored Products,1527,29,24.09,86.88
14817,20241008,324,Sponsored Display,1804,26,23.77,71.67
14818,20240818,385,Sponsored Products,1791,10,4.1,8.24
14819,20250728,417,Sponsored Display,587,5,7.38,41.3
14820,20231116,159,Sponsored Brands,845,14,20.15,105.48
14821,20260104,230,Sponsored Display,2795,38,23.81,113.83
14822,20230929,108,Sponsored Products,1667,18,13.01,33.08
14823,20230215,138,Sponsored Products,1192,12,8.96,27.48
14824,20251210,445,Sponsored Brands,1337,15,23.39,131.56
14825,20260212,212,Sponsored Products,2208,7,9.79,24.69
14826,20230126,291,Sponsored Brands,1182,21,20.55,59.83
14827,20240203,756,Sponsored Brands,1154,8,8.0,23.26
14828,20240412,483,Sponsored Brands,1355,12,11.74,35.43
14829,20250602,392,Sponsored Products,1145,6,6.03,13.79
14830,20251202,439,Sponsored Products,881,15,11.51,25.72
14831,20250806,419,Sponsored Brands,1296,11,7.67,46.01
14832,20250903,683,Sponsored Products,4040,56,28.59,68.34
14833,20240315,551,Sponsored Display,142,0,0.0,0.0
14834,20240928,354,Sponsored Products,1002,12,14.4,31.86
14835,20240703,683,DSP,3198,25,26.45,52.67
14836,20260413,456,Sponsored Brands,489,2,1.35,5.9
14837,20260411,176,Sponsored Display,2870,30,15.6,73.18
14838,20240623,63,Sponsored Products,575,11,7.98,48.85
14839,20240310,629,Sponsored Brands,2169,22,35.44,83.86
14840,20230115,248,Sponsored Products,1041,9,11.57,24.86
14841,20241109,597,Sponsored Products,1330,6,3.15,5.1
14842,20260314,86,Sponsored Products,1460,11,14.89,94.73
14843,20241213,511,DSP,2726,34,59.69,305.54
14844,20260116,137,Sponsored Display,1264,19,15.23,97.93
14845,20240804,731,Sponsored Products,1489,11,8.52,43.31
14846,20240512,631,Sponsored Products,1325,10,11.51,19.48
14847,20250929,482,Sponsored Display,239,4,6.21,33.9
14848,20251121,108,DSP,385,5,4.96,14.04
14849,20250328,389,Sponsored Products,1239,10,14.73,76.86
14850,20231017,751,Sponsored Products,2019,38,25.78,108.3
14851,20250927,408,Sponsored Brands,671,5,6.2,36.22
14852,20241217,571,Sponsored Brands,8212,68,82.06,192.94
14853,20240424,599,Sponsored Brands,1655,27,17.53,86.45
14854,20250813,672,Sponsored Brands,1165,17,29.86,127.75
14855,20251227,158,Sponsored Products,1079,18,21.06,71.58
14856,20230118,173,Sponsored Products,563,10,10.88,23.42
14857,20260330,350,Sponsored Products,1852,28,45.37,219.56
14858,20240415,526,Sponsored Products,1834,30,15.96,63.12
14859,20240331,410,Sponsored Products,4201,62,63.6,206.28
14860,20240919,759,Sponsored Display,2468,26,27.94,68.4
14861,20230320,176,Sponsored Products,1567,14,17.97,115.46
14862,20241230,340,Sponsored Brands,896,14,20.22,68.15
14863,20241022,657,Sponsored Display,812,15,24.59,155.46
14864,20241216,399,Sponsored Display,405,7,11.45,35.23
14865,20240407,98,Sponsored Brands,2228,39,50.7,303.03
14866,20230416,342,Sponsored Display,4465,35,29.99,70.08
14867,20260629,58,Sponsored Products,1653,20,26.49,84.37
14868,20250614,123,Sponsored Display,1218,6,4.1,17.05
14869,20240820,18,Sponsored Products,1507,20,29.58,153.96
14870,20260325,584,Sponsored Products,337,2,3.0,12.27
14871,20230831,568,Sponsored Brands,1107,9,7.97,12.55
14872,20260331,246,Sponsored Display,261,3,3.36,14.09
14873,20241130,399,Sponsored Display,2167,11,5.76,17.42
14874,20230525,67,DSP,832,16,19.28,116.25
14875,20240626,251,Sponsored Brands,2511,18,20.84,83.76
14876,20251228,177,DSP,1333,15,9.35,42.02
14877,20241108,634,Sponsored Products,534,8,12.8,58.63
14878,20230307,617,Sponsored Products,1408,23,28.69,49.67
14879,20240208,730,Sponsored Brands,278,0,0.0,0.0
14880,20260126,625,Sponsored Products,1475,21,22.26,110.4
14881,20231208,600,Sponsored Products,1901,33,18.56,102.52
14882,20250915,564,Sponsored Display,3183,16,6.51,10.14
14883,20230620,124,Sponsored Products,423,4,5.98,11.69
14884,20240916,51,DSP,1132,4,4.6,27.95
14885,20250128,257,Sponsored Products,159,2,2.44,10.22
14886,20240122,256,Sponsored Display,1571,20,15.12,86.35
14887,20260226,140,Sponsored Products,1144,13,11.64,54.74
14888,20240613,793,Sponsored Display,1962,15,23.35,82.38
14889,20240403,314,Sponsored Products,1019,4,2.42,4.91
14890,20250603,86,Sponsored Brands,1141,17,14.57,23.53
14891,20230429,228,Sponsored Products,1516,8,9.88,20.57
14892,20251128,232,Sponsored Products,15204,61,63.29,106.48
14893,20250711,291,Sponsored Products,12035,72,29.09,129.08
14894,20260302,648,Sponsored Products,1997,33,56.25,229.2
14895,20240111,584,Sponsored Display,1680,10,16.41,82.81
14896,20250112,266,Sponsored Products,2145,19,32.43,145.37
14897,20260506,648,Sponsored Brands,1497,27,26.95,152.1
14898,20231110,618,Sponsored Products,3602,27,25.01,110.35
14899,20230823,768,Sponsored Products,801,6,3.81,10.51
14900,20241226,760,Sponsored Products,4223,46,55.46,138.77
14901,20231014,364,Sponsored Products,3996,36,63.14,350.6
14902,20240413,487,Sponsored Products,4162,66,93.12,567.89
14903,20240228,212,Sponsored Brands,1108,21,12.01,74.59
14904,20230301,575,Sponsored Products,1051,16,12.64,61.69
14905,20230820,602,Sponsored Products,3271,46,19.81,84.76
14906,20250902,542,Sponsored Products,883,3,1.71,10.3
14907,20250722,360,Sponsored Products,1472,18,25.59,42.66
14908,20251207,587,Sponsored Brands,1193,10,10.82,69.14
14909,20231114,634,Sponsored Products,1247,11,6.87,19.32
14910,20240619,556,Sponsored Products,608,11,4.96,20.85
14911,20240319,83,Sponsored Display,1531,19,24.41,70.58
14912,20240928,710,Sponsored Brands,964,5,2.77,10.94
14913,20240825,754,Sponsored Brands,6034,51,43.95,261.5
14914,20230227,7,DSP,235,1,0.98,2.18
14915,20250907,434,Sponsored Products,448,6,7.64,37.59
14916,20240130,384,Sponsored Products,1416,8,9.71,46.41
14917,20230330,254,Sponsored Products,3553,67,112.62,447.53
14918,20250414,532,DSP,464,3,1.93,5.08
14919,20250531,506,DSP,495,6,8.76,43.95
14920,20251229,462,Sponsored Display,3341,24,26.05,163.2
14921,20230103,344,Sponsored Products,2358,17,20.8,81.83
14922,20250529,364,Sponsored Display,1309,21,22.66,79.58
14923,20230629,551,Sponsored Products,639,10,9.46,48.39
14924,20250103,581,Sponsored Products,942,14,17.64,54.11
14925,20260607,724,Sponsored Brands,1211,20,14.72,83.44
14926,20260303,799,Sponsored Display,241,2,3.06,12.25
14927,20230113,749,Sponsored Products,230,4,3.81,23.72
14928,20260405,409,Sponsored Products,1928,30,15.89,60.46
14929,20230701,109,DSP,3349,36,58.49,136.31
14930,20240623,500,Sponsored Products,2318,18,14.04,22.24
14931,20260228,431,Sponsored Brands,1100,20,17.67,66.16
14932,20250527,511,Sponsored Display,1758,12,7.02,27.46
14933,20260220,16,Sponsored Display,326,1,1.34,5.98
14934,20250204,477,Sponsored Products,3712,38,42.52,121.14
14935,20260216,68,Sponsored Products,2534,36,44.28,132.63
14936,20230914,60,Sponsored Products,1263,19,11.37,22.69
14937,20231021,94,Sponsored Display,1186,11,17.41,28.35
14938,20240320,415,Sponsored Brands,501,5,8.55,39.09
14939,20250531,379,Sponsored Products,3306,17,23.31,127.87
14940,20250205,608,Sponsored Brands,1536,29,14.94,89.05
14941,20251119,178,Sponsored Products,570,7,7.65,48.78
14942,20250119,647,Sponsored Display,336,3,1.89,10.19
14943,20260107,39,Sponsored Display,2358,36,63.22,263.94
14944,20250625,248,Sponsored Display,2010,10,17.0,25.61
14945,20240802,627,DSP,527,9,14.49,57.8
14946,20240201,606,Sponsored Brands,966,7,9.3,30.47
14947,20250904,769,Sponsored Products,1606,13,17.66,89.66
14948,20240922,720,Sponsored Products,2014,22,14.76,42.8
14949,20250218,392,Sponsored Products,1399,17,16.74,94.81
14950,20251213,450,DSP,1735,18,15.69,67.44
14951,20240128,75,DSP,2628,20,11.91,68.29
14952,20230629,685,Sponsored Products,162,1,0.56,3.62
14953,20251113,649,Sponsored Products,2240,11,15.28,22.97
14954,20240629,617,Sponsored Display,2393,41,29.17,128.98
14955,20260225,560,Sponsored Products,552,7,5.15,25.7
14956,20241211,252,Sponsored Brands,652,6,9.46,40.94
14957,20250108,346,Sponsored Brands,1431,22,12.56,26.76
14958,20250108,164,DSP,4815,79,118.07,406.67
14959,20240131,368,Sponsored Brands,2932,17,16.17,79.57
14960,20250314,614,Sponsored Display,1776,24,23.16,75.06
14961,20240521,393,Sponsored Brands,808,12,21.55,62.29
14962,20230805,118,Sponsored Display,2539,45,55.98,216.43
14963,20260423,68,DSP,407,1,0.83,2.03
14964,20240525,618,Sponsored Display,2261,31,34.21,177.7
14965,20230218,685,Sponsored Products,1188,17,16.75,65.35
14966,20260124,415,Sponsored Products,6409,67,29.18,154.79
14967,20240208,689,Sponsored Brands,1202,6,9.74,19.22
14968,20230930,303,Sponsored Products,2513,24,41.14,267.0
14969,20250407,408,DSP,695,8,13.5,30.89
14970,20250907,753,DSP,1014,18,12.06,20.68
14971,20241230,663,Sponsored Display,1089,16,15.82,46.44
14972,20250805,194,Sponsored Brands,2194,41,40.26,214.41
14973,20240609,138,Sponsored Products,743,5,5.27,13.37
14974,20230404,746,Sponsored Products,2670,35,30.14,118.83
14975,20231028,146,Sponsored Brands,1109,5,3.91,18.84
14976,20250223,556,Sponsored Brands,1685,27,31.81,52.16
14977,20231209,723,Sponsored Products,658,7,11.85,65.99
14978,20230331,92,Sponsored Display,3912,50,45.13,279.73
14979,20250129,662,Sponsored Display,782,14,17.23,104.17
14980,20241113,21,DSP,1947,12,9.02,22.89
14981,20230210,443,Sponsored Products,2068,30,15.72,51.92
14982,20251112,600,DSP,1571,29,29.09,90.17
14983,20250217,129,Sponsored Products,1885,15,23.83,117.33
14984,20231229,159,Sponsored Products,1158,5,8.82,44.9
14985,20260326,351,Sponsored Products,1792,12,10.1,27.78
14986,20250820,146,Sponsored Display,223,3,1.42,4.74
14987,20250422,408,Sponsored Display,1375,18,26.39,135.21
14988,20240520,135,Sponsored Products,475,2,2.86,15.26
14989,20230527,500,Sponsored Products,870,12,5.33,18.89
14990,20231130,689,Sponsored Brands,4382,26,23.2,87.95
14991,20240310,571,Sponsored Display,959,7,9.57,57.03
14992,20241117,522,Sponsored Brands,1137,19,12.94,24.99
14993,20240827,339,Sponsored Brands,1453,11,14.7,37.0
14994,20231026,230,Sponsored Products,2225,39,27.71,167.81
14995,20230223,320,Sponsored Products,1172,10,17.06,67.98
14996,20251002,433,DSP,2041,14,20.79,36.32
14997,20260209,25,Sponsored Products,397,4,2.46,10.73
14998,20240219,95,Sponsored Brands,2455,44,58.24,135.68
14999,20240610,157,DSP,4261,42,52.2,275.77
15000,20240905,539,Sponsored Products,1112,7,4.67,29.99
15001,20260204,236,Sponsored Products,2356,42,37.85,173.2
15002,20241127,42,Sponsored Products,2990,14,8.28,37.73
15003,20250428,726,Sponsored Brands,768,6,4.52,16.59
15004,20250907,297,DSP,1220,19,33.41,67.58
15005,20231101,590,Sponsored Products,494,2,2.06,13.24
15006,20260206,723,Sponsored Brands,1950,10,8.53,51.78
15007,20250127,288,Sponsored Brands,3366,50,47.35,131.38
15008,20250301,386,Sponsored Brands,1756,32,57.55,138.22
15009,20240903,696,Sponsored Products,2739,35,47.99,150.24
15010,20250502,600,Sponsored Brands,1073,10,6.46,35.1
15011,20231207,265,Sponsored Display,1413,4,5.76,20.46
15012,20260417,599,Sponsored Products,1567,5,8.4,43.84
15013,20241227,640,Sponsored Products,1580,9,7.69,26.09
15014,20230410,645,Sponsored Display,1429,9,15.67,51.84
15015,20260318,724,DSP,2653,11,6.38,24.23
15016,20240702,278,Sponsored Brands,555,8,14.32,33.11
15017,20240804,771,Sponsored Display,810,14,18.86,98.11
15018,20250323,258,Sponsored Products,1825,9,8.65,32.77
15019,20240420,245,Sponsored Products,394,7,4.83,20.76
15020,20250207,785,Sponsored Products,1470,6,4.26,23.15
15021,20230326,764,Sponsored Products,5719,20,29.01,102.64
15022,20240116,266,Sponsored Products,938,12,7.52,16.88
15023,20250108,406,Sponsored Products,2750,15,22.99,60.31
15024,20241209,192,Sponsored Brands,3584,63,71.8,461.8
15025,20241231,487,Sponsored Brands,1366,26,35.41,69.38
15026,20240309,227,Sponsored Brands,1778,25,31.69,166.82
15027,20240202,767,Sponsored Products,3350,38,31.87,179.97
15028,20251001,549,Sponsored Products,779,7,10.6,28.9
15029,20230126,454,Sponsored Products,610,3,5.38,11.93
15030,20250915,227,Sponsored Display,192,2,3.48,14.29
15031,20230417,447,Sponsored Products,946,4,5.34,15.21
15032,20240327,29,DSP,2702,34,28.83,165.41
15033,20250114,51,Sponsored Products,3340,54,83.17,217.18
15034,20241102,463,DSP,631,6,5.72,13.96
15035,20240407,413,Sponsored Products,2050,10,4.74,25.13
15036,20230802,230,DSP,1294,23,31.15,142.84
15037,20250419,66,Sponsored Products,5354,61,31.03,127.46
15038,20260402,378,Sponsored Display,836,15,23.31,60.26
15039,20250727,574,Sponsored Products,456,2,1.48,4.74
15040,20250212,256,Sponsored Products,1418,15,21.4,74.13
15041,20260620,72,Sponsored Products,73,0,0.0,0.0
15042,20251101,416,Sponsored Display,2725,39,63.09,194.23
15043,20231002,405,Sponsored Display,2712,29,35.76,211.22
15044,20240212,788,Sponsored Brands,753,4,3.76,15.1
15045,20230405,59,Sponsored Brands,1421,24,36.85,91.88
15046,20250702,135,Sponsored Products,1874,36,39.27,242.14
15047,20240308,186,Sponsored Brands,3220,32,39.48,120.3
15048,20240626,605,Sponsored Display,1032,13,12.84,61.4
15049,20241118,568,Sponsored Products,1192,8,8.48,21.66
15050,20250606,458,Sponsored Products,775,12,20.48,51.01
15051,20240810,637,Sponsored Products,2990,11,13.66,80.92
15052,20240130,709,Sponsored Products,1876,15,14.15,31.94
15053,20230828,365,Sponsored Brands,1105,15,21.03,122.82
15054,20240904,213,Sponsored Products,2617,20,35.35,122.8
15055,20250513,730,Sponsored Products,838,10,5.19,17.37
15056,20241206,312,Sponsored Brands,891,16,23.87,87.67
15057,20260413,443,Sponsored Products,2967,54,60.65,218.14
15058,20260313,324,Sponsored Products,1537,5,8.83,32.79
15059,20231009,175,Sponsored Display,453,2,1.62,3.64
15060,20230602,306,Sponsored Products,929,11,9.99,41.89
15061,20240916,605,Sponsored Brands,2215,37,28.71,48.26
15062,20240707,418,Sponsored Products,2004,18,20.22,43.22
15063,20260131,380,Sponsored Products,932,11,7.7,41.41
15064,20231005,213,Sponsored Products,1365,7,6.35,10.33
15065,20230122,776,DSP,965,6,6.34,16.92
15066,20230616,9,Sponsored Products,986,6,7.73,32.21
15067,20240821,696,Sponsored Products,909,11,8.14,27.33
15068,20251101,617,Sponsored Products,589,5,2.86,18.48
15069,20241027,73,Sponsored Products,334,6,6.63,29.33
15070,20230930,793,DSP,1506,18,17.23,105.79
15071,20230206,492,Sponsored Products,1555,23,40.87,172.35
15072,20251115,689,Sponsored Brands,2006,11,5.73,22.61
15073,20240806,376,DSP,1585,29,13.92,27.42
15074,20241207,275,Sponsored Products,208,2,0.92,5.01
15075,20240105,45,Sponsored Products,2932,35,52.49,168.82
15076,20231007,124,Sponsored Products,2115,21,10.14,52.17
15077,20250918,15,Sponsored Products,953,17,29.75,57.34
15078,20260508,146,Sponsored Products,1869,26,26.98,125.11
15079,20230324,450,Sponsored Products,2916,17,8.07,30.3
15080,20250529,260,Sponsored Products,255,2,3.37,13.52
15081,20230915,25,Sponsored Brands,1546,19,33.53,115.71
15082,20230224,309,Sponsored Products,2262,16,20.64,103.19
15083,20240321,180,Sponsored Products,1832,15,17.57,55.29
15084,20230212,120,Sponsored Brands,2407,16,9.32,17.73
15085,20241013,659,Sponsored Products,1640,28,41.74,153.68
15086,20250302,615,Sponsored Products,1964,33,45.73,80.17
15087,20231106,236,Sponsored Products,2224,10,7.42,12.19
15088,20240827,327,Sponsored Products,4008,57,51.78,105.21
15089,20241105,43,Sponsored Display,1555,18,24.63,91.58
15090,20231220,385,Sponsored Display,12986,79,100.76,184.62
15091,20230831,234,Sponsored Products,421,1,0.93,4.34
15092,20250924,786,Sponsored Products,1885,32,22.13,45.85
15093,20240203,197,Sponsored Products,860,3,3.82,12.53
15094,20240331,434,Sponsored Products,1828,30,46.66,85.89
15095,20231010,706,Sponsored Products,806,15,18.05,71.45
15096,20250305,134,DSP,1919,17,13.09,55.09
15097,20251013,717,Sponsored Display,1701,28,24.96,143.05
15098,20240127,590,Sponsored Display,724,10,7.35,25.96
15099,20250611,548,Sponsored Brands,3054,40,24.93,142.51
15100,20260520,101,Sponsored Products,60,0,0.0,0.0
15101,20231009,784,Sponsored Products,1313,22,38.25,191.71
15102,20240119,421,Sponsored Products,1480,25,38.42,186.41
15103,20240221,345,Sponsored Brands,1454,23,23.87,77.45
15104,20230617,308,Sponsored Products,301,3,2.45,7.49
15105,20260526,62,Sponsored Products,1491,28,48.57,73.61
15106,20230923,223,Sponsored Products,630,2,3.3,7.05
15107,20241124,523,Sponsored Brands,274,5,3.8,6.12
15108,20230205,762,Sponsored Products,1380,20,11.31,37.54
15109,20240310,553,Sponsored Products,1180,20,11.37,18.11
15110,20240413,151,Sponsored Brands,1579,8,5.14,11.41
15111,20260411,565,Sponsored Products,1803,24,33.21,98.04
15112,20230324,427,Sponsored Products,673,9,13.54,73.4
15113,20251029,488,Sponsored Display,1372,18,11.1,28.39
15114,20230711,344,Sponsored Products,6537,32,27.51,175.52
15115,20250926,331,Sponsored Brands,817,8,3.29,20.52
15116,20250827,316,Sponsored Brands,3653,16,23.04,43.52
15117,20260501,417,DSP,3001,35,34.86,221.27
15118,20250919,786,DSP,369,3,3.23,17.75
15119,20230616,714,Sponsored Brands,2954,30,48.3,87.96
15120,20250922,381,Sponsored Products,1612,17,9.11,33.02
15121,20240323,728,Sponsored Products,1003,9,10.5,36.44
15122,20260306,492,Sponsored Products,1642,27,10.92,42.97
15123,20250428,745,DSP,1671,26,37.58,108.63
15124,20240903,504,Sponsored Products,354,4,5.73,30.86
15125,20250201,117,Sponsored Brands,1899,15,24.51,86.19
15126,20240320,182,Sponsored Brands,2262,19,32.44,102.08
15127,20250828,349,Sponsored Display,4706,69,93.27,574.27
15128,20231011,458,Sponsored Products,885,12,8.65,54.75
15129,20230323,164,Sponsored Products,1106,17,26.91,123.97
15130,20240424,597,Sponsored Brands,936,14,22.35,123.45
15131,20230627,771,Sponsored Products,594,6,9.36,48.23
15132,20250624,524,Sponsored Brands,1688,21,23.6,59.86
15133,20250519,568,DSP,1631,8,11.18,54.05
15134,20250224,501,Sponsored Products,2972,40,45.12,181.59
15135,20230429,39,Sponsored Products,1845,13,5.21,14.67
15136,20251016,487,Sponsored Brands,1208,9,10.41,66.46
15137,20230527,272,Sponsored Products,1435,19,30.4,115.69
15138,20251202,436,Sponsored Display,838,9,14.13,83.59
15139,20230524,442,Sponsored Products,913,17,25.18,81.92
15140,20231005,179,Sponsored Products,1978,8,7.22,21.71
15141,20241124,181,Sponsored Products,814,8,13.03,70.12
15142,20260323,295,Sponsored Products,2643,19,30.37,55.52
15143,20240830,215,Sponsored Products,887,8,11.33,48.52
15144,20250110,717,Sponsored Products,1730,9,11.67,21.24
15145,20251129,416,Sponsored Brands,4727,89,132.85,234.24
15146,20230420,383,Sponsored Brands,769,12,17.4,109.43
15147,20240927,354,Sponsored Products,126,1,0.8,1.26
15148,20251017,233,Sponsored Products,1707,20,10.49,64.8
15149,20241013,187,Sponsored Products,8431,133,189.84,969.31
15150,20250823,757,Sponsored Products,983,17,12.12,29.1
15151,20250410,619,Sponsored Products,1407,13,18.73,61.61
15152,20250422,790,Sponsored Display,1198,11,15.03,43.85
15153,20241226,645,Sponsored Brands,649,4,6.25,18.76
15154,20240720,463,Sponsored Products,1510,24,22.28,114.81
15155,20260110,520,Sponsored Products,784,11,12.07,21.56
15156,20250718,450,Sponsored Products,2033,12,17.7,41.29
15157,20250108,771,DSP,4792,48,33.32,210.06
15158,20240928,128,Sponsored Brands,1265,6,7.26,16.76
15159,20241206,799,Sponsored Products,743,8,5.54,8.45
15160,20241115,599,DSP,495,7,6.67,10.38
15161,20240213,416,Sponsored Products,221,2,3.58,17.48
15162,20240208,561,Sponsored Products,358,6,7.63,41.89
15163,20250723,126,Sponsored Products,2082,19,22.6,143.29
15164,20260520,766,Sponsored Brands,1198,20,35.28,99.87
15165,20240818,170,Sponsored Products,3736,70,75.16,365.64
15166,20251208,482,Sponsored Brands,3232,55,82.0,383.46
15167,20230616,167,Sponsored Brands,988,7,12.34,26.18
15168,20260118,247,Sponsored Products,1567,31,17.17,96.89
15169,20231024,773,Sponsored Display,729,6,8.91,17.53
15170,20260512,702,Sponsored Products,3582,64,80.98,468.47
15171,20231222,99,Sponsored Products,4916,70,65.23,196.06
15172,20250616,612,Sponsored Display,539,2,3.31,10.81
15173,20240219,354,Sponsored Products,2790,10,11.17,68.98
15174,20230722,360,DSP,1827,29,24.36,73.24
15175,20250730,469,Sponsored Products,1566,16,20.62,39.59
15176,20240209,536,Sponsored Brands,706,3,1.68,10.76
15177,20240616,708,Sponsored Products,2948,11,19.61,39.04
15178,20231112,600,Sponsored Brands,1731,14,16.44,39.63
15179,20240724,193,Sponsored Products,456,4,4.53,15.25
15180,20240122,250,Sponsored Brands,1693,26,33.16,210.17
15181,20260115,691,Sponsored Brands,796,7,3.73,20.13
15182,20240531,96,Sponsored Products,689,11,12.82,62.35
15183,20230201,704,Sponsored Products,1011,16,16.67,49.92
15184,20241121,36,Sponsored Display,2219,16,12.59,39.65
15185,20230413,254,Sponsored Brands,855,12,19.9,67.0
15186,20240222,656,DSP,2446,19,29.9,45.41
15187,20240702,598,Sponsored Products,1140,11,12.08,20.06
15188,20240226,635,Sponsored Products,798,10,17.42,57.59
15189,20231002,558,Sponsored Brands,930,8,3.41,18.1
15190,20230629,540,Sponsored Products,3245,18,18.19,42.66
15191,20250611,606,Sponsored Display,497,3,4.85,26.79
15192,20240717,250,Sponsored Products,1274,19,21.95,69.73
15193,20231203,520,Sponsored Brands,465,7,10.86,61.44
15194,20260613,21,Sponsored Products,2422,36,48.59,262.06
15195,20251002,21,Sponsored Products,4376,56,65.43,367.79
15196,20240320,739,Sponsored Products,321,1,0.71,3.75
15197,20240317,689,Sponsored Products,6275,85,96.42,216.14
15198,20230112,660,Sponsored Products,1445,27,44.96,96.11
15199,20240512,648,Sponsored Products,4810,30,51.31,232.04
15200,20260401,654,Sponsored Display,1855,7,7.09,28.84
15201,20260218,607,Sponsored Brands,982,13,10.62,29.13
15202,20251228,522,Sponsored Products,855,13,15.33,74.17
15203,20250611,611,Sponsored Display,246,1,1.43,8.88
15204,20250108,299,Sponsored Display,405,3,5.27,10.42
15205,20260518,502,Sponsored Brands,879,13,15.35,41.19
15206,20260520,109,Sponsored Brands,881,5,8.83,28.91
15207,20260107,783,DSP,660,3,4.63,14.01
15208,20240526,39,Sponsored Brands,628,12,7.25,25.29
15209,20231001,517,Sponsored Products,1237,3,5.15,30.45
15210,20250330,213,Sponsored Products,2052,34,37.77,214.1
15211,20230503,678,Sponsored Products,666,5,8.32,35.87
15212,20230712,698,Sponsored Products,3513,64,91.29,198.8
15213,20260324,660,Sponsored Products,1221,18,12.76,19.43
15214,20240606,90,Sponsored Products,737,2,0.88,5.15
15215,20230120,780,Sponsored Products,2635,20,19.28,53.95
15216,20230320,784,Sponsored Display,3309,40,38.83,182.01
15217,20240422,567,Sponsored Products,1684,22,24.67,59.91
15218,20250924,198,DSP,114,2,1.89,3.76
15219,20230726,713,Sponsored Brands,564,5,8.45,16.21
15220,20250622,131,Sponsored Display,1489,9,5.67,31.72
15221,20230702,323,Sponsored Display,2237,42,55.34,159.44
15222,20250921,758,Sponsored Products,1416,8,3.81,21.8
15223,20241028,56,Sponsored Display,1343,17,23.56,108.62
15224,20240326,639,Sponsored Products,856,13,9.11,51.08
15225,20240211,378,Sponsored Display,343,4,2.2,3.96
15226,20230307,429,Sponsored Products,2098,40,44.74,86.79
15227,20250623,633,Sponsored Brands,228,1,0.61,2.94
15228,20250516,165,Sponsored Display,1168,9,8.04,25.99
15229,20250515,388,Sponsored Products,533,6,7.91,31.95
15230,20230215,602,Sponsored Brands,3419,49,73.27,439.35
15231,20250222,458,Sponsored Brands,1042,9,13.01,38.56
15232,20251127,268,Sponsored Products,3196,31,53.22,118.59
15233,20260427,578,Sponsored Brands,426,8,5.21,25.81
15234,20250816,783,DSP,544,7,9.78,60.31
15235,20230722,7,Sponsored Products,2672,24,34.44,152.78
15236,20240125,800,Sponsored Brands,3073,53,83.6,268.01
15237,20240323,695,Sponsored Products,620,11,15.15,36.59
15238,20260227,632,Sponsored Products,1366,16,28.47,134.25
15239,20250328,45,DSP,1728,10,4.82,29.41
15240,20260514,90,Sponsored Brands,1613,17,8.2,24.32
15241,20240312,111,Sponsored Products,869,3,3.56,16.14
15242,20240706,278,Sponsored Products,809,14,7.86,34.58
15243,20230304,456,Sponsored Products,3708,57,58.28,171.24
15244,20241224,258,Sponsored Brands,438,1,1.19,2.52
15245,20240804,549,Sponsored Products,965,8,8.27,22.41
15246,20241108,713,Sponsored Products,1072,19,25.24,60.74
15247,20231017,27,Sponsored Products,980,12,13.27,32.66
15248,20250701,260,Sponsored Products,1955,26,17.39,69.17
15249,20231007,780,DSP,2309,29,41.02,201.28
15250,20250423,662,Sponsored Brands,737,11,13.58,53.82
15251,20240730,560,Sponsored Products,2709,46,27.94,149.85
15252,20240430,466,Sponsored Brands,2119,16,9.31,21.56
15253,20230606,11,Sponsored Display,3255,38,16.89,44.64
15254,20250516,94,Sponsored Display,727,8,9.07,15.66
15255,20230329,593,Sponsored Products,2919,28,41.63,270.28
15256,20250402,188,Sponsored Display,1955,14,7.05,41.65
15257,20230421,48,Sponsored Products,671,6,9.24,17.69
15258,20250214,6,DSP,1552,21,24.81,73.59
15259,20251221,514,DSP,1681,7,10.71,55.94
15260,20250227,636,DSP,2711,52,26.19,83.41
15261,20250103,86,Sponsored Brands,2927,16,25.88,80.57
15262,20250306,15,Sponsored Display,1138,17,16.94,69.03
15263,20260414,296,Sponsored Products,541,6,3.2,19.86
15264,20240307,17,Sponsored Products,2774,19,7.69,30.77
15265,20240827,102,DSP,2957,41,27.79,97.75
15266,20260119,168,Sponsored Products,3157,26,15.62,94.65
15267,20260131,228,Sponsored Products,1707,11,18.22,75.81
15268,20251109,365,Sponsored Products,2790,15,22.26,83.49
15269,20231226,332,Sponsored Products,813,13,21.32,54.36
15270,20240616,284,Sponsored Products,1407,23,17.85,107.6
15271,20230630,103,Sponsored Products,1771,31,47.63,285.67
15272,20260624,410,Sponsored Products,279,1,0.83,1.49
15273,20250216,630,Sponsored Products,507,2,2.71,15.15
15274,20240131,368,Sponsored Products,1685,13,17.66,29.75
15275,20250807,228,Sponsored Display,253,1,1.41,8.06
15276,20230317,357,Sponsored Brands,993,18,23.38,61.3
15277,20250103,553,Sponsored Brands,1837,5,3.7,5.94
15278,20240803,489,Sponsored Products,1672,32,24.81,83.97
15279,20251209,66,Sponsored Products,2001,29,45.86,245.5
15280,20250213,393,Sponsored Products,1435,4,2.44,13.97
15281,20231212,500,Sponsored Brands,804,14,13.74,24.68
15282,20231121,343,Sponsored Brands,1212,12,20.41,66.45
15283,20230519,83,Sponsored Brands,1678,22,27.31,123.92
15284,20260427,615,Sponsored Products,1036,13,5.74,10.35
15285,20230405,287,DSP,230,0,0.0,0.0
15286,20250514,581,Sponsored Products,313,6,9.72,19.71
15287,20240803,245,Sponsored Products,1262,23,38.57,96.87
15288,20250731,551,Sponsored Products,376,6,8.29,42.63
15289,20231005,615,DSP,1784,24,28.53,148.25
15290,20250715,215,Sponsored Products,2702,8,8.45,32.96
15291,20240602,433,Sponsored Brands,1228,5,2.12,11.18
15292,20230514,749,Sponsored Products,584,5,3.61,7.48
15293,20251128,566,Sponsored Brands,9788,155,87.67,564.13
15294,20240430,262,Sponsored Brands,406,1,1.22,6.46
15295,20230416,457,Sponsored Products,4163,44,54.88,288.9
15296,20230911,67,Sponsored Products,891,8,5.32,9.58
15297,20230630,189,Sponsored Products,628,11,17.93,27.44
15298,20241111,118,Sponsored Brands,139,1,0.87,5.57
15299,20230330,350,Sponsored Display,2097,21,8.65,17.02
15300,20240102,104,Sponsored Products,1307,5,8.33,18.9
15301,20240810,432,Sponsored Products,1959,17,11.49,35.19
15302,20241028,200,Sponsored Brands,2848,55,26.75,159.38
15303,20251008,338,Sponsored Display,959,17,23.38,54.2
15304,20251018,592,DSP,2290,29,18.83,99.42
15305,20250607,98,Sponsored Products,397,4,6.13,34.68
15306,20230910,786,Sponsored Display,3279,41,65.36,365.58
15307,20251205,602,Sponsored Display,374,1,1.04,5.42
15308,20250528,746,Sponsored Brands,1601,23,19.33,78.75
15309,20230617,607,Sponsored Brands,745,11,19.13,78.19
15310,20250108,265,Sponsored Products,888,14,22.8,143.06
15311,20240812,444,Sponsored Brands,3046,42,44.0,82.01
15312,20260408,242,Sponsored Products,2294,16,7.55,29.56
15313,20241204,77,Sponsored Display,1331,15,18.76,114.58
15314,20240318,784,Sponsored Brands,645,9,4.43,23.37
15315,20241121,709,Sponsored Products,613,9,9.73,50.34
15316,20260623,696,Sponsored Display,1633,13,20.34,54.92
15317,20250420,442,Sponsored Products,2063,32,37.27,155.04
15318,20260105,548,Sponsored Products,2536,39,45.05,100.67
15319,20260505,314,Sponsored Products,1196,7,8.37,35.48
15320,20230514,477,Sponsored Brands,454,6,3.36,18.01
15321,20251028,158,Sponsored Brands,4052,65,39.52,248.01
15322,20240331,19,Sponsored Brands,4638,46,65.11,225.8
15323,20250215,763,Sponsored Products,1828,18,31.77,174.69
15324,20230221,527,Sponsored Display,372,4,2.28,5.53
15325,20240731,504,Sponsored Brands,688,2,2.33,13.36
15326,20251023,528,Sponsored Brands,401,6,10.04,18.66
15327,20230221,441,DSP,781,7,6.27,32.0
15328,20250316,644,DSP,1288,3,4.47,18.72
15329,20230813,106,Sponsored Brands,2264,44,43.05,170.51
15330,20250501,66,Sponsored Products,1311,22,19.82,91.84
15331,20251114,129,Sponsored Brands,2148,16,7.05,40.88
15332,20260331,751,Sponsored Brands,340,1,0.45,1.26
15333,20240715,472,Sponsored Products,2444,43,40.92,183.36
15334,20241012,98,Sponsored Products,1771,32,26.75,145.98
15335,20231013,650,Sponsored Products,562,7,11.78,21.59
15336,20250715,270,DSP,1902,37,57.81,193.49
15337,20240517,139,Sponsored Products,1505,8,5.2,24.99
15338,20240201,101,Sponsored Brands,6072,93,102.49,433.76
15339,20241019,34,Sponsored Products,1316,24,26.62,167.83
15340,20231218,362,DSP,838,7,4.27,16.56
15341,20260131,178,Sponsored Products,1244,7,8.86,48.72
15342,20230627,378,Sponsored Products,1421,18,13.91,77.63
15343,20240116,689,Sponsored Products,740,10,4.93,21.01
15344,20260616,354,Sponsored Display,1762,34,35.24,172.33
15345,20231026,399,Sponsored Products,765,12,8.0,34.15
15346,20251014,332,Sponsored Products,4125,28,15.89,38.1
15347,20251005,306,DSP,2247,28,37.93,191.46
15348,20251128,567,Sponsored Display,4843,25,18.97,57.97
15349,20240515,151,Sponsored Products,1298,4,5.22,15.54
15350,20240702,748,Sponsored Brands,266,3,4.82,25.58
15351,20230730,535,Sponsored Products,904,4,3.33,16.55
15352,20250702,363,Sponsored Products,4456,83,114.49,183.58
15353,20231201,407,DSP,1519,17,15.62,80.63
15354,20260521,391,Sponsored Display,628,4,5.69,27.96
15355,20230924,43,Sponsored Brands,160,2,1.94,6.14
15356,20240409,437,Sponsored Products,3635,51,43.33,221.66
15357,20250415,580,Sponsored Brands,881,7,5.33,12.11
15358,20230927,515,Sponsored Brands,580,9,12.12,75.43
15359,20230407,344,Sponsored Brands,2633,32,55.55,241.52
15360,20250126,241,Sponsored Display,2942,51,25.96,162.56
15361,20240629,610,Sponsored Products,1247,16,7.29,30.6
15362,20260419,481,Sponsored Products,968,18,9.6,30.35
15363,20230807,44,Sponsored Display,881,7,5.34,14.95
15364,20240805,60,Sponsored Brands,852,9,15.69,43.9
15365,20250425,309,Sponsored Products,3256,50,33.28,91.54
15366,20240303,241,Sponsored Products,89,0,0.0,0.0
15367,20240620,460,Sponsored Products,2402,15,20.56,95.35
15368,20240821,398,Sponsored Brands,1980,23,17.12,80.29
15369,20230211,269,Sponsored Products,1510,28,14.92,25.54
15370,20240212,665,DSP,2464,47,26.9,80.98
15371,20240928,255,Sponsored Display,1774,28,45.24,94.24
15372,20250110,396,Sponsored Brands,240,3,3.45,15.87
15373,20240212,657,Sponsored Products,6684,69,86.39,157.04
15374,20240227,145,Sponsored Products,1539,24,39.57,180.34
15375,20240316,416,Sponsored Products,2903,14,18.54,53.0
15376,20231105,277,Sponsored Brands,1051,12,14.93,27.62
15377,20231117,69,Sponsored Products,1265,15,7.6,40.42
15378,20241116,521,Sponsored Products,1549,13,7.51,22.13
15379,20230914,36,Sponsored Brands,348,1,1.25,2.01
15380,20251203,627,Sponsored Products,2338,23,41.3,72.13
15381,20240126,426,Sponsored Products,1008,4,3.48,6.18
15382,20231117,701,Sponsored Products,1106,12,19.81,57.02
15383,20260602,446,Sponsored Products,1738,27,18.99,41.83
15384,20260210,92,Sponsored Brands,361,1,1.02,3.2
15385,20250908,729,Sponsored Brands,3399,16,20.71,68.3
15386,20251022,378,Sponsored Products,4419,27,21.03,31.94
15387,20250108,43,Sponsored Products,116,1,1.47,8.28
15388,20230214,506,Sponsored Display,849,10,17.31,82.15
15389,20240522,560,Sponsored Products,1010,20,35.3,73.67
15390,20240802,339,Sponsored Brands,1915,27,13.99,37.03
15391,20260619,68,Sponsored Products,224,1,1.12,5.19
15392,20260104,314,Sponsored Products,3776,71,60.76,278.62
15393,20240217,216,Sponsored Display,395,2,0.97,5.69
15394,20250622,509,Sponsored Products,641,9,9.14,53.09
15395,20240621,407,Sponsored Brands,2243,37,48.54,84.52
15396,20250123,542,Sponsored Products,736,3,5.1,15.33
15397,20240703,724,Sponsored Display,713,10,4.34,15.09
15398,20240619,527,Sponsored Products,2050,30,19.97,79.33
15399,20230131,357,Sponsored Display,435,5,7.8,14.66
15400,20250731,15,Sponsored Products,2654,24,11.86,69.39
15401,20230909,36,Sponsored Brands,1761,32,24.98,140.4
15402,20240309,383,Sponsored Products,2530,47,59.78,217.92
15403,20240725,665,DSP,2556,32,26.18,125.9
15404,20250930,69,Sponsored Brands,992,12,6.03,10.45
15405,20250324,133,DSP,257,4,4.71,16.79
15406,20230721,39,Sponsored Products,1430,8,5.48,25.05
15407,20241114,694,Sponsored Products,573,3,1.62,4.44
15408,20240320,266,Sponsored Products,580,9,15.69,65.35
15409,20240610,723,Sponsored Products,325,2,3.53,15.3
15410,20240412,246,Sponsored Brands,3051,22,24.65,103.4
15411,20250708,34,Sponsored Products,284,0,0.0,0.0
15412,20231115,678,Sponsored Products,1411,5,5.7,13.66
15413,20260114,356,Sponsored Products,2906,34,40.58,104.99
15414,20231201,345,Sponsored Products,1820,13,5.95,38.46
15415,20240220,550,DSP,623,7,9.64,58.82
15416,20241010,433,Sponsored Brands,4791,89,83.56,373.15
15417,20250628,390,DSP,214,3,3.85,17.11
15418,20260613,167,Sponsored Products,391,7,12.39,74.7
15419,20240629,231,Sponsored Products,276,3,4.96,10.1
15420,20260105,296,Sponsored Brands,1255,4,4.94,26.43
15421,20241001,188,Sponsored Brands,2552,7,7.01,31.09
15422,20250625,91,DSP,933,7,10.67,62.04
15423,20250803,208,Sponsored Display,559,5,6.28,21.35
15424,20250517,425,Sponsored Brands,3040,40,33.88,137.58
15425,20250909,522,Sponsored Brands,654,12,8.44,19.29
15426,20230730,135,Sponsored Brands,4573,62,100.52,363.19
15427,20230204,397,Sponsored Brands,1973,24,22.28,104.28
15428,20260203,355,Sponsored Brands,158,0,0.0,0.0
15429,20251114,645,Sponsored Products,335,3,1.48,7.19
15430,20250722,16,Sponsored Products,629,11,8.76,28.08
15431,20260520,60,Sponsored Brands,402,5,4.96,24.66
15432,20240701,647,Sponsored Products,1097,17,13.24,31.64
15433,20240502,293,Sponsored Products,2003,24,12.45,57.06
15434,20230719,337,Sponsored Brands,2850,55,60.45,263.32
15435,20240305,330,Sponsored Brands,1144,9,5.52,18.71
15436,20241115,292,Sponsored Brands,1523,17,7.61,43.02
15437,20240714,301,Sponsored Brands,560,4,7.07,12.78
15438,20250413,165,DSP,1648,10,14.26,28.87
15439,20241124,734,Sponsored Products,2682,44,57.92,330.13
15440,20240522,237,Sponsored Brands,1135,22,16.15,56.6
15441,20260131,390,Sponsored Products,3125,11,12.05,67.63
15442,20250629,769,Sponsored Products,4144,63,94.6,548.18
15443,20250824,339,DSP,1712,11,18.05,89.51
15444,20250930,719,Sponsored Display,1964,6,9.93,60.19
15445,20250914,376,Sponsored Display,2573,11,15.74,100.77
15446,20240122,345,Sponsored Products,1528,25,35.23,149.09
15447,20250102,105,Sponsored Products,1113,20,28.33,48.63
15448,20250825,429,Sponsored Products,2572,40,56.25,327.38
15449,20230531,675,Sponsored Products,2963,46,50.38,300.71
15450,20240807,345,Sponsored Display,6298,26,18.71,64.01
15451,20251214,86,Sponsored Brands,219,3,2.5,10.97
15452,20240108,795,Sponsored Brands,1996,36,53.64,201.69
15453,20260527,778,Sponsored Products,3493,41,39.9,248.05
15454,20240803,195,Sponsored Products,5294,98,161.99,786.53
15455,20240514,202,Sponsored Products,718,3,3.21,8.66
15456,20251011,135,Sponsored Products,964,5,8.87,37.54
15457,20250626,533,Sponsored Brands,4326,28,25.46,128.89
15458,20231229,726,Sponsored Brands,1425,5,3.97,11.11
15459,20260529,675,Sponsored Products,2228,33,43.75,258.68
15460,20241202,12,Sponsored Brands,3619,45,22.33,51.7
15461,20240224,434,Sponsored Brands,1525,29,46.9,266.16
15462,20250511,240,Sponsored Display,2981,50,66.55,299.6
15463,20230101,447,Sponsored Products,1002,4,4.23,15.96
15464,20230714,578,Sponsored Products,5870,80,48.14,108.2
15465,20240917,714,Sponsored Products,3016,23,32.95,91.07
15466,20240830,700,Sponsored Display,1259,19,8.67,55.63
15467,20230130,786,Sponsored Products,3087,59,58.25,256.38
15468,20240911,181,Sponsored Display,1931,35,15.0,26.85
15469,20240525,164,Sponsored Products,646,4,3.73,17.29
15470,20240707,528,Sponsored Products,537,6,5.7,12.26
15471,20240621,744,Sponsored Products,1291,18,11.01,47.4
15472,20231106,571,Sponsored Products,2801,32,52.41,129.2
15473,20240625,448,Sponsored Products,1426,16,28.11,117.11
15474,20260209,252,Sponsored Products,2317,21,29.64,54.35
15475,20260222,283,Sponsored Display,1092,14,10.08,33.86
15476,20250629,707,Sponsored Products,595,5,3.31,11.48
15477,20250531,106,Sponsored Products,277,0,0.0,0.0
15478,20250331,515,Sponsored Products,2877,8,8.08,38.17
15479,20260505,53,Sponsored Display,2261,35,40.18,109.19
15480,20230427,765,Sponsored Products,3125,59,55.23,165.47
15481,20230325,583,Sponsored Display,1829,20,16.23,52.24
15482,20230131,445,Sponsored Display,730,10,6.36,24.8
15483,20230801,506,Sponsored Products,747,14,11.58,29.44
15484,20230722,635,Sponsored Products,1695,17,21.66,58.33
15485,20230825,84,Sponsored Brands,3648,20,12.62,41.55
15486,20240729,71,Sponsored Display,1155,11,18.61,120.14
15487,20251115,60,Sponsored Products,1370,15,9.64,31.68
15488,20251014,141,Sponsored Products,1940,16,12.06,38.47
15489,20230318,250,Sponsored Products,2708,12,8.64,32.48
15490,20230110,340,Sponsored Products,442,7,9.5,43.8
15491,20231215,777,Sponsored Products,1997,16,6.84,32.14
15492,20230414,575,DSP,617,4,5.26,19.55
15493,20230128,698,Sponsored Products,1055,18,24.38,82.15
15494,20241224,314,Sponsored Brands,1774,23,12.12,18.87
15495,20250129,378,Sponsored Products,651,5,4.5,25.16
15496,20230811,513,Sponsored Brands,649,4,2.53,15.31
15497,20230210,48,Sponsored Products,1046,5,4.38,14.14
15498,20231103,241,Sponsored Display,1206,4,3.01,15.66
15499,20230408,635,Sponsored Products,2411,24,26.17,120.52
15500,20260314,402,DSP,1624,13,18.71,116.73
15501,20251228,714,DSP,488,5,4.23,7.09
15502,20230204,495,DSP,507,9,11.26,30.9
15503,20250514,340,Sponsored Products,882,5,7.23,20.56
15504,20260419,37,Sponsored Products,1081,11,16.52,25.41
15505,20260602,364,Sponsored Products,616,9,5.52,23.94
15506,20260402,508,Sponsored Products,1429,22,26.27,106.71
15507,20241116,573,Sponsored Brands,905,2,3.2,17.17
15508,20230128,50,DSP,832,15,19.64,109.29
15509,20240303,87,DSP,1626,11,18.37,64.72
15510,20260521,374,Sponsored Brands,510,1,1.63,9.57
15511,20230214,556,Sponsored Brands,237,2,3.12,15.27
15512,20240316,389,Sponsored Brands,833,7,11.68,65.51
15513,20230424,307,Sponsored Display,619,10,5.16,8.37
15514,20230121,69,Sponsored Products,352,5,3.72,16.31
15515,20240112,368,Sponsored Brands,1605,5,2.66,15.47
15516,20260412,651,Sponsored Products,1018,7,4.27,10.9
15517,20250423,341,Sponsored Display,1030,14,13.52,79.92
15518,20241214,699,Sponsored Brands,610,2,2.15,9.09
15519,20260202,191,Sponsored Products,4149,34,35.55,152.98
15520,20230908,484,Sponsored Brands,1511,30,36.41,161.09
15521,20260606,50,DSP,650,6,9.63,27.84
15522,20230712,204,Sponsored Products,24721,436,271.8,649.96
15523,20241130,212,Sponsored Brands,20878,77,100.35,454.1
15524,20231122,469,Sponsored Products,883,16,24.59,43.35
15525,20230505,793,Sponsored Brands,1266,4,6.46,14.04
15526,20240807,196,DSP,482,9,13.89,31.57
15527,20230118,653,Sponsored Display,4261,68,121.61,355.72
15528,20230218,575,Sponsored Products,2093,28,42.65,245.43
15529,20230410,176,Sponsored Display,1486,23,27.86,67.46
15530,20240809,788,Sponsored Brands,2079,16,19.34,88.29
15531,20260609,279,Sponsored Brands,1349,15,12.85,82.19
15532,20240610,533,Sponsored Brands,939,18,11.41,22.26
15533,20250610,279,Sponsored Products,2067,33,21.77,102.8
15534,20251028,518,Sponsored Products,1497,4,6.53,28.19
15535,20230103,583,Sponsored Products,1773,26,25.12,70.43
15536,20240511,209,Sponsored Products,1229,15,15.12,77.74
15537,20260613,321,Sponsored Products,2696,50,59.93,333.06
15538,20260613,17,Sponsored Display,652,8,4.65,16.85
15539,20250917,686,Sponsored Brands,610,3,4.32,7.02
15540,20241021,490,Sponsored Display,1558,14,23.41,136.04
15541,20260626,36,Sponsored Display,1819,14,19.39,52.94
15542,20240419,269,Sponsored Products,1688,18,27.51,47.74
15543,20260502,665,Sponsored Brands,1132,13,19.85,122.99
15544,20230326,655,DSP,4357,34,48.83,241.3
15545,20230215,699,Sponsored Products,237,2,2.57,12.82
15546,20230201,798,Sponsored Products,1754,33,33.24,197.55
15547,20260427,558,Sponsored Brands,1165,12,11.89,56.51
15548,20240519,82,Sponsored Products,321,6,6.06,22.64
15549,20250202,525,Sponsored Display,3000,9,11.81,29.42
15550,20230530,723,DSP,622,8,5.65,34.02
15551,20240602,162,Sponsored Brands,1961,32,40.63,244.76
15552,20230718,438,Sponsored Products,1395,20,16.85,97.94
15553,20251123,122,Sponsored Products,2507,10,14.83,61.44
15554,20240430,600,Sponsored Brands,2115,30,25.07,127.5
15555,20250108,257,Sponsored Products,1485,22,36.29,76.33
15556,20230103,593,Sponsored Brands,1949,27,17.0,32.97
15557,20231109,107,Sponsored Display,834,6,7.99,20.4
15558,20250828,243,Sponsored Brands,2713,34,28.82,64.03
15559,20230402,131,Sponsored Products,626,10,6.33,27.41
15560,20230520,562,Sponsored Products,3135,26,43.38,68.72
15561,20260209,430,Sponsored Display,1624,10,14.55,89.81
15562,20251214,340,Sponsored Products,1057,21,33.34,179.52
15563,20260607,560,Sponsored Products,2416,12,17.63,49.5
15564,20230529,40,Sponsored Products,923,13,19.96,119.41
15565,20250205,38,Sponsored Display,1830,5,5.71,15.19
15566,20230628,719,Sponsored Products,5360,29,35.34,118.1
15567,20240803,592,Sponsored Brands,12117,154,276.19,727.68
15568,20230806,361,Sponsored Brands,471,1,1.52,9.56
15569,20250610,472,Sponsored Products,527,7,7.17,41.07
15570,20260520,534,Sponsored Products,610,2,2.73,15.25
15571,20250501,741,Sponsored Products,2690,37,35.69,74.52
15572,20260101,573,Sponsored Products,2028,17,19.61,40.4
15573,20231212,23,Sponsored Products,4431,49,27.78,160.75
15574,20260518,410,Sponsored Display,1428,13,15.51,48.8
15575,20250510,733,Sponsored Display,3758,49,30.63,170.93
15576,20230101,556,Sponsored Products,199,2,1.64,6.08
15577,20251216,170,Sponsored Brands,5930,79,100.56,575.9
15578,20230112,303,Sponsored Products,2189,13,22.62,50.92
15579,20250501,515,Sponsored Display,706,4,2.41,12.85
15580,20240216,540,Sponsored Brands,1872,36,53.16,162.46
15581,20240221,359,DSP,1180,11,8.79,21.02
15582,20240719,754,Sponsored Display,814,15,11.41,60.99
15583,20230726,314,Sponsored Display,481,6,6.83,27.73
15584,20241228,602,DSP,2200,14,20.08,66.52
15585,20231110,232,Sponsored Products,722,9,14.19,64.21
15586,20260618,584,Sponsored Products,347,5,5.41,24.01
15587,20240721,521,Sponsored Display,737,3,5.3,14.21
15588,20231105,299,Sponsored Display,1592,10,16.12,94.92
15589,20230725,64,Sponsored Display,1488,8,13.18,59.78
15590,20250324,102,Sponsored Products,1425,17,23.57,144.0
15591,20241104,447,Sponsored Products,1158,17,25.11,123.92
15592,20260223,130,DSP,1099,16,21.76,98.26
15593,20230803,102,Sponsored Brands,3189,23,41.21,245.49
15594,20260423,200,Sponsored Products,206,2,2.34,10.36
15595,20231113,241,DSP,4236,24,38.21,109.59
15596,20230208,511,DSP,1083,19,13.1,50.12
15597,20240404,407,DSP,2602,46,76.69,228.57
15598,20230815,577,Sponsored Products,1803,7,3.66,16.89
15599,20260523,191,Sponsored Brands,2412,25,29.26,67.48
15600,20251017,444,Sponsored Brands,1989,14,21.53,103.15
15601,20250303,94,Sponsored Display,3503,53,88.55,568.81
15602,20260529,646,Sponsored Brands,5193,29,20.45,36.92
15603,20260628,749,Sponsored Products,620,2,2.05,11.98
15604,20260215,237,Sponsored Brands,3540,30,36.0,212.91
15605,20230501,516,Sponsored Brands,493,1,1.7,4.43
15606,20240703,260,Sponsored Products,854,16,8.32,31.56
15607,20251001,261,Sponsored Products,1564,13,21.08,128.19
15608,20240103,663,Sponsored Brands,2709,38,53.21,179.69
15609,20240710,75,Sponsored Products,1326,12,20.52,113.11
15610,20230727,479,Sponsored Products,2502,47,53.23,141.26
15611,20250925,444,Sponsored Brands,4066,72,121.05,590.57
15612,20240821,362,DSP,1593,22,10.89,67.63
15613,20250728,260,Sponsored Brands,3369,34,17.86,31.18
15614,20241211,589,Sponsored Display,1514,30,41.16,214.29
15615,20230413,482,DSP,1017,16,8.96,37.49
15616,20240722,598,DSP,656,7,5.41,16.41
15617,20240831,558,Sponsored Display,1098,15,26.43,126.45
15618,20250204,252,DSP,2755,32,44.45,133.16
15619,20250412,493,Sponsored Brands,1254,20,34.38,111.63
15620,20231125,180,Sponsored Products,2182,16,8.94,22.18
15621,20241214,233,Sponsored Products,1734,16,22.06,68.73
15622,20260621,169,Sponsored Brands,1272,18,17.98,91.11
15623,20260419,585,Sponsored Products,1289,5,8.29,29.59
15624,20240713,105,Sponsored Products,3421,43,69.22,412.13
15625,20250301,271,DSP,2775,21,36.41,112.87
15626,20230521,648,Sponsored Brands,719,6,3.09,5.65
15627,20250525,635,Sponsored Products,628,6,4.96,21.96
15628,20250319,558,Sponsored Display,286,4,6.26,21.24
15629,20240503,297,Sponsored Products,2672,48,34.57,122.28
15630,20250327,556,Sponsored Brands,1196,17,13.5,49.07
15631,20260228,710,Sponsored Products,807,8,5.35,25.65
15632,20250720,690,Sponsored Products,376,2,3.1,14.62
15633,20240301,236,Sponsored Products,3316,27,44.74,204.77
15634,20230627,262,Sponsored Brands,134,2,2.61,11.01
15635,20231025,216,Sponsored Products,2653,44,22.58,35.78
15636,20231221,724,Sponsored Products,1452,9,5.67,16.57
15637,20250304,691,Sponsored Products,1452,20,18.49,63.54
15638,20240712,749,Sponsored Brands,1836,24,24.38,82.72
15639,20250706,531,DSP,842,10,14.14,78.39
15640,20240214,178,DSP,232,3,4.83,22.2
15641,20230521,711,Sponsored Display,299,4,6.23,27.43
15642,20230724,669,Sponsored Products,2661,9,12.95,63.88
15643,20250516,67,Sponsored Products,3414,11,9.11,47.77
15644,20251127,648,Sponsored Brands,2314,11,16.19,90.01
15645,20240528,291,Sponsored Products,684,4,5.65,34.33
15646,20230812,340,Sponsored Brands,1723,21,32.64,54.14
15647,20230512,547,Sponsored Products,326,6,9.77,30.82
15648,20230401,195,Sponsored Products,1755,30,27.99,89.01
15649,20230530,360,Sponsored Products,2893,48,32.67,135.11
15650,20230430,685,Sponsored Products,2779,49,67.03,357.76
15651,20260404,618,Sponsored Brands,896,17,17.11,73.61
15652,20240526,157,DSP,1659,19,9.59,19.89
15653,20250728,110,DSP,1468,9,4.7,16.36
15654,20250919,36,Sponsored Display,1150,8,10.16,25.4
15655,20240501,642,Sponsored Products,845,5,2.32,9.07
15656,20260125,443,Sponsored Products,1079,13,17.57,38.27
15657,20240929,292,Sponsored Display,1965,25,28.24,71.03
15658,20240313,558,Sponsored Display,1107,13,22.4,100.74
15659,20241018,321,Sponsored Products,728,8,11.11,66.39
15660,20250106,398,Sponsored Brands,559,4,4.82,7.33
15661,20250903,537,Sponsored Products,255,1,1.09,3.42
15662,20260622,195,Sponsored Display,1098,12,14.57,39.48
15663,20230710,424,Sponsored Products,683,2,3.31,20.6
15664,20241106,528,Sponsored Products,1656,27,20.11,99.0
15665,20230430,302,Sponsored Brands,1203,23,24.94,111.62
15666,20230101,94,Sponsored Products,6191,34,23.48,132.43
15667,20240306,400,Sponsored Brands,899,14,23.34,93.05
15668,20240627,718,Sponsored Products,1664,19,8.71,56.38
15669,20260224,46,Sponsored Products,457,5,4.71,29.31
15670,20240714,774,DSP,2696,39,54.87,198.99
15671,20241208,700,Sponsored Products,839,4,1.92,7.82
15672,20260322,1,Sponsored Brands,3955,70,49.09,118.23
15673,20241207,714,Sponsored Products,2281,14,15.14,27.92
15674,20250309,13,Sponsored Products,2248,33,16.66,63.38
15675,20240118,353,Sponsored Products,2789,32,52.05,284.12
15676,20231119,15,Sponsored Brands,528,5,5.81,15.2
15677,20250726,387,Sponsored Products,2562,8,6.74,14.39
15678,20240105,134,DSP,3399,24,36.02,140.55
15679,20251223,513,Sponsored Products,465,2,2.36,11.88
15680,20260517,745,Sponsored Brands,1397,25,13.1,61.01
15681,20231014,353,Sponsored Products,3451,67,28.42,65.09
15682,20250714,195,Sponsored Display,3294,35,49.03,107.32
15683,20230906,639,DSP,615,6,8.36,39.25
15684,20240603,548,Sponsored Brands,721,4,4.13,16.01
15685,20230219,216,Sponsored Products,1285,21,16.53,82.81
15686,20230828,183,Sponsored Products,477,7,11.54,45.42
15687,20250331,166,Sponsored Display,860,12,21.17,134.39
15688,20231023,188,Sponsored Products,3008,56,53.13,107.08
15689,20230119,2,Sponsored Products,880,15,23.9,122.54
15690,20250701,517,Sponsored Display,3402,43,58.46,189.98
15691,20231117,732,Sponsored Brands,1073,12,15.7,53.13
15692,20251002,505,Sponsored Brands,1824,12,13.75,58.84
15693,20251220,417,Sponsored Brands,1841,24,17.76,83.38
15694,20250317,655,Sponsored Brands,1467,17,14.82,55.5
15695,20250222,647,Sponsored Products,2077,34,50.94,165.76
15696,20240213,197,Sponsored Products,942,6,2.41,13.19
15697,20241218,707,Sponsored Brands,3496,51,72.82,315.07
15698,20251210,47,Sponsored Products,158,1,0.52,1.4
15699,20260226,284,Sponsored Display,574,1,1.01,3.02
15700,20240318,100,Sponsored Display,288,5,5.29,18.79
15701,20240725,489,Sponsored Products,265,1,1.47,6.56
15702,20241123,261,Sponsored Products,1513,18,13.29,31.05
15703,20251028,331,Sponsored Products,645,9,4.49,24.73
15704,20230826,195,Sponsored Brands,497,7,7.16,44.16
15705,20241012,434,Sponsored Products,546,3,3.52,14.01
15706,20231025,632,Sponsored Display,2746,28,24.96,102.22
15707,20230909,547,Sponsored Products,1581,20,24.97,156.23
15708,20250328,680,Sponsored Brands,2359,18,10.45,21.38
15709,20240717,112,Sponsored Products,1207,10,12.33,25.6
15710,20240814,84,Sponsored Products,1510,21,37.34,139.58
15711,20260409,268,Sponsored Products,1873,35,56.15,317.45
15712,20241123,336,Sponsored Products,5098,51,53.79,261.36
15713,20231002,585,Sponsored Brands,5608,94,152.22,378.28
15714,20230803,82,Sponsored Display,1834,23,10.45,50.61
15715,20250527,169,Sponsored Products,3622,27,22.29,48.15
15716,20230521,89,DSP,3162,24,43.07,221.91
15717,20251018,709,Sponsored Products,966,4,5.34,22.11
15718,20250219,247,Sponsored Products,4214,62,96.65,484.65
15719,20241117,655,Sponsored Products,4561,37,55.95,313.66
15720,20230325,751,DSP,485,6,10.17,32.71
15721,20241218,281,Sponsored Products,2006,15,16.27,101.06
15722,20240811,268,Sponsored Products,1267,20,18.4,47.22
15723,20230209,299,Sponsored Products,1339,25,15.94,95.78
15724,20260114,600,Sponsored Products,659,12,9.41,32.78
15725,20231227,430,Sponsored Products,381,6,3.0,12.14
15726,20231220,237,Sponsored Products,16392,170,76.89,133.64
15727,20260606,300,Sponsored Products,4636,62,83.86,446.88
15728,20251124,314,Sponsored Brands,780,10,5.57,10.01
15729,20251124,108,Sponsored Products,539,7,10.71,55.4
15730,20230926,251,Sponsored Display,545,5,2.89,13.29
15731,20250125,658,Sponsored Display,1687,21,22.92,98.2
15732,20250505,214,Sponsored Products,4198,46,37.61,222.97
15733,20240914,373,Sponsored Products,644,4,6.42,41.35
15734,20250627,597,Sponsored Products,102,1,1.52,4.81
15735,20230623,269,Sponsored Products,1059,18,20.07,62.63
15736,20260221,479,Sponsored Products,3190,18,21.23,130.11
15737,20250301,617,Sponsored Products,3660,55,98.57,190.91
15738,20230408,423,DSP,1082,14,10.54,23.82
15739,20250919,390,Sponsored Display,368,6,4.23,7.87
15740,20250121,493,Sponsored Brands,1019,13,13.62,78.18
15741,20230630,453,Sponsored Display,2692,20,23.45,134.06
15742,20241018,296,Sponsored Products,761,7,3.25,5.57
15743,20251201,390,Sponsored Products,1378,26,11.96,72.64
15744,20230924,368,Sponsored Products,621,4,4.54,26.84
15745,20241013,491,Sponsored Products,1281,5,8.34,33.47
15746,20240215,410,Sponsored Products,6484,125,63.41,178.2
15747,20241130,567,Sponsored Products,1080,7,11.0,56.14
15748,20250201,45,Sponsored Products,2986,20,15.19,24.8
15749,20231106,379,Sponsored Products,181,3,5.34,26.81
15750,20230307,663,Sponsored Brands,2433,7,9.73,60.13
15751,20250917,781,DSP,1430,14,10.25,30.73
15752,20241114,651,Sponsored Products,2528,42,61.65,313.57
15753,20230210,433,Sponsored Products,3889,76,100.52,322.29
15754,20231017,678,Sponsored Products,1547,6,9.52,60.11
15755,20250901,608,Sponsored Products,1487,18,27.7,137.35
15756,20250730,111,Sponsored Products,1932,35,38.23,57.55
15757,20250124,82,Sponsored Display,1742,14,5.74,32.9
15758,20230926,410,DSP,2914,11,5.19,28.43
15759,20240525,82,Sponsored Products,1910,27,32.88,105.88
15760,20230415,489,Sponsored Brands,1902,6,5.4,28.5
15761,20260303,350,Sponsored Display,798,3,3.07,18.78
15762,20250717,616,Sponsored Products,493,6,8.08,21.32
15763,20240520,727,Sponsored Products,417,4,2.34,5.51
15764,20240108,543,Sponsored Brands,1440,11,12.83,68.3
15765,20230916,229,DSP,1915,9,4.46,20.12
15766,20260220,276,Sponsored Display,517,4,6.75,13.98
15767,20241024,148,DSP,904,13,16.88,36.45
15768,20250126,450,Sponsored Products,533,3,4.16,16.23
15769,20230511,405,Sponsored Display,2357,9,8.09,12.59
15770,20250824,505,Sponsored Display,1423,16,24.72,74.38
15771,20250801,98,Sponsored Products,597,9,13.29,79.61
15772,20260614,487,Sponsored Products,522,9,15.18,81.95
15773,20230220,62,Sponsored Brands,3692,35,60.54,225.22
15774,20260319,31,Sponsored Brands,1607,14,24.14,139.62
15775,20240308,103,Sponsored Brands,229,3,5.03,21.79
15776,20251209,638,Sponsored Display,2894,24,19.6,48.28
15777,20251005,307,Sponsored Display,196,0,0.0,0.0
15778,20240414,253,Sponsored Brands,526,8,10.08,52.74
15779,20231103,469,Sponsored Display,2361,36,54.45,248.47
15780,20240110,353,Sponsored Brands,1781,20,34.94,197.52
15781,20251005,214,Sponsored Brands,1288,14,11.4,40.47
15782,20260613,179,DSP,451,3,5.11,14.3
15783,20230520,657,DSP,923,3,2.3,5.37
15784,20240411,213,Sponsored Products,2307,12,17.73,50.07
15785,20230216,203,Sponsored Display,1302,17,12.61,77.5
15786,20231206,665,Sponsored Products,1911,21,24.01,112.8
15787,20230822,597,Sponsored Products,901,5,8.29,45.36
15788,20250105,115,Sponsored Display,2609,15,6.39,15.75
15789,20240112,115,Sponsored Brands,721,7,5.1,25.32
15790,20260605,534,Sponsored Products,980,12,6.47,36.95
15791,20240318,10,Sponsored Display,423,7,3.28,12.64
15792,20230902,568,Sponsored Display,5629,24,32.77,78.15
15793,20250205,791,Sponsored Products,1217,21,18.11,28.0
15794,20250325,164,DSP,626,8,10.83,36.36
15795,20250412,477,Sponsored Brands,4512,34,41.15,176.27
15796,20230121,658,Sponsored Products,1471,19,20.11,129.94
15797,20260223,207,Sponsored Products,1350,6,5.45,29.08
15798,20240821,279,Sponsored Products,369,4,5.03,10.27
15799,20250701,374,Sponsored Products,474,3,4.86,13.19
15800,20260409,198,DSP,828,13,6.18,33.69
15801,20240101,636,Sponsored Products,432,4,3.71,21.61
15802,20230630,656,Sponsored Brands,263,2,1.68,7.34
15803,20230719,573,Sponsored Products,588,9,15.42,23.2
15804,20241229,589,Sponsored Products,2133,27,31.79,82.93
15805,20240201,395,Sponsored Products,2370,47,66.97,247.12
15806,20250807,605,Sponsored Products,1731,12,17.77,29.77
15807,20250806,99,Sponsored Products,1824,24,36.79,142.71
15808,20230403,306,Sponsored Products,472,4,4.01,19.31
15809,20240629,183,Sponsored Display,4525,53,64.67,385.04
15810,20260318,57,Sponsored Products,1690,16,12.53,19.17
15811,20260513,662,Sponsored Products,1060,6,7.18,41.28
15812,20230729,83,Sponsored Brands,3829,61,33.08,157.52
15813,20260111,680,Sponsored Products,861,10,7.36,45.52
15814,20230409,359,Sponsored Display,2246,28,35.26,70.93
15815,20231225,423,Sponsored Products,3921,18,31.4,70.53
15816,20230606,792,Sponsored Brands,962,8,9.27,55.27
15817,20251031,776,Sponsored Products,1432,8,7.14,39.54
15818,20250415,375,Sponsored Display,664,7,7.07,24.42
15819,20250710,45,Sponsored Brands,802,4,4.39,6.98
15820,20250624,466,Sponsored Products,366,6,5.2,10.46
15821,20251107,17,DSP,644,3,3.6,12.6
15822,20260331,493,Sponsored Products,1092,14,23.86,111.42
15823,20241121,316,Sponsored Products,1039,7,11.39,46.05
15824,20250409,548,Sponsored Products,1952,10,12.72,28.09
15825,20240722,199,Sponsored Products,951,6,6.69,27.84
15826,20241229,490,Sponsored Display,758,14,8.44,28.42
15827,20250111,42,Sponsored Products,2892,51,34.37,171.23
15828,20240620,321,Sponsored Products,2892,29,37.11,186.83
15829,20260110,154,Sponsored Brands,1773,6,10.4,31.86
15830,20240304,549,Sponsored Products,959,16,9.16,34.4
15831,20250106,315,Sponsored Products,3243,61,32.75,149.0
15832,20230210,640,Sponsored Display,2468,48,67.2,327.78
15833,20251025,638,Sponsored Products,244,2,1.31,2.7
15834,20240809,5,Sponsored Brands,950,8,6.62,11.44
15835,20260227,212,Sponsored Products,3588,41,34.39,219.32
15836,20240426,784,Sponsored Brands,1306,8,4.02,11.76
15837,20250921,265,Sponsored Brands,2307,29,25.96,163.75
15838,20240408,768,Sponsored Brands,1660,32,47.15,102.85
15839,20230804,292,Sponsored Brands,325,2,2.5,13.35
15840,20241004,522,Sponsored Brands,3726,20,8.11,39.16
15841,20241029,122,Sponsored Products,2543,26,13.25,58.66
15842,20241130,530,Sponsored Brands,2896,25,41.73,198.26
15843,20250514,664,Sponsored Display,1025,9,15.37,30.62
15844,20240210,24,Sponsored Products,3078,21,20.51,114.52
15845,20250509,675,Sponsored Brands,1092,11,11.86,64.32
15846,20231012,685,Sponsored Products,1109,14,7.36,19.56
15847,20230704,585,Sponsored Products,802,2,2.31,10.28
15848,20230508,523,DSP,976,14,24.21,65.82
15849,20231013,272,Sponsored Display,1317,8,9.87,45.64
15850,20260309,677,Sponsored Products,3428,21,15.94,75.84
15851,20251004,560,Sponsored Brands,5212,32,32.58,207.93
15852,20230402,9,DSP,2668,20,11.12,19.61
15853,20241027,593,Sponsored Products,1274,14,20.44,109.45
15854,20230810,337,Sponsored Display,2687,16,9.97,55.18
15855,20230404,733,Sponsored Products,3864,34,45.86,165.0
15856,20250325,629,Sponsored Products,699,4,2.49,15.52
15857,20230531,389,DSP,1987,12,18.49,115.55
15858,20240808,74,Sponsored Products,1489,25,10.44,64.45
15859,20260322,551,DSP,247,4,5.26,27.62
15860,20251126,582,Sponsored Display,1920,21,34.12,122.22
15861,20251121,635,Sponsored Display,1831,29,40.5,126.54
15862,20250620,40,Sponsored Brands,4402,57,66.13,404.31
15863,20250731,289,Sponsored Display,511,8,5.34,15.69
15864,20250312,374,Sponsored Brands,1772,28,19.65,54.49
15865,20240819,109,Sponsored Brands,2878,51,87.7,252.39
15866,20251003,759,Sponsored Brands,542,1,0.44,2.04
15867,20240104,278,Sponsored Products,2580,42,23.05,54.23
15868,20240418,628,DSP,1750,14,24.82,44.89
15869,20240731,405,Sponsored Brands,1124,14,23.57,144.8
15870,20230625,565,Sponsored Brands,1081,6,4.51,7.59
15871,20250430,551,Sponsored Products,1329,15,21.12,112.67
15872,20241001,238,Sponsored Products,1074,19,15.56,79.47
15873,20250809,361,Sponsored Brands,288,3,3.9,13.28
15874,20251222,230,Sponsored Display,6907,93,50.74,325.49
15875,20240522,499,Sponsored Brands,1491,4,4.22,6.34
15876,20230607,430,Sponsored Products,596,7,9.46,31.28
15877,20241211,231,Sponsored Brands,2729,25,14.85,46.6
15878,20250925,253,DSP,839,16,14.27,91.5
15879,20230111,93,Sponsored Brands,1123,18,26.27,63.52
15880,20250622,416,Sponsored Brands,1737,15,8.97,28.48
15881,20251214,16,Sponsored Products,2385,24,42.72,151.39
15882,20240301,36,Sponsored Products,883,17,9.51,16.38
15883,20230530,500,Sponsored Products,768,7,6.52,34.08
15884,20240712,648,Sponsored Display,3301,52,45.81,134.53
15885,20260415,120,Sponsored Display,2048,30,33.23,214.5
15886,20260114,648,Sponsored Products,4019,67,28.78,115.33
15887,20260320,395,Sponsored Brands,2145,36,35.89,81.53
15888,20250516,664,Sponsored Display,1609,5,4.27,18.55
15889,20230412,419,Sponsored Products,1152,22,22.37,82.43
15890,20260309,563,Sponsored Products,2602,14,23.62,81.56
15891,20260507,555,Sponsored Display,799,14,10.0,42.15
15892,20230801,387,DSP,888,4,5.1,9.89
15893,20260221,291,Sponsored Brands,776,14,18.55,30.42
15894,20260111,411,Sponsored Brands,1322,5,2.91,9.35
15895,20251026,502,Sponsored Brands,1550,24,25.23,73.2
15896,20240327,299,DSP,719,2,3.59,11.6
15897,20250208,414,Sponsored Display,3803,15,8.54,18.6
15898,20251025,791,Sponsored Display,979,11,12.82,24.17
15899,20250324,341,Sponsored Products,1213,10,14.61,30.44
15900,20260223,732,Sponsored Brands,1690,14,22.39,37.42
15901,20260606,167,Sponsored Brands,2395,27,28.62,76.81
15902,20260509,577,Sponsored Products,1059,12,19.47,80.2
15903,20240411,194,Sponsored Brands,2053,36,54.12,273.47
15904,20250208,557,Sponsored Products,1846,28,24.9,78.83
15905,20241217,771,Sponsored Display,8607,93,49.78,132.24
15906,20241210,273,Sponsored Products,561,8,11.79,35.06
15907,20230306,192,Sponsored Brands,1297,4,6.45,29.17
15908,20250309,431,Sponsored Products,615,10,4.67,22.0
15909,20250627,176,Sponsored Brands,1941,20,24.69,49.5
15910,20260106,270,Sponsored Brands,349,2,1.3,2.41
15911,20260114,251,Sponsored Products,5849,55,85.33,351.68
15912,20250318,463,DSP,1567,9,4.26,20.85
15913,20230420,138,Sponsored Products,318,5,6.6,27.55
15914,20250306,653,Sponsored Brands,1463,10,17.74,89.11
15915,20230902,302,Sponsored Products,2686,53,92.58,211.12
15916,20240129,613,Sponsored Brands,2563,44,34.06,58.27
15917,20250425,379,Sponsored Products,230,3,2.32,9.12
15918,20250123,519,Sponsored Display,2033,22,21.37,90.3
15919,20230203,563,Sponsored Products,2252,39,61.62,247.68
15920,20260124,654,Sponsored Display,2721,12,12.86,43.92
15921,20250816,99,Sponsored Display,5697,35,58.45,100.83
15922,20230126,162,DSP,460,5,7.77,18.55
15923,20260319,668,Sponsored Brands,1211,15,26.07,48.79
15924,20241007,477,Sponsored Products,959,4,7.16,16.19
15925,20230113,746,Sponsored Brands,1143,16,8.75,50.69
15926,20230604,771,Sponsored Display,1222,11,14.12,59.79
15927,20260307,123,Sponsored Products,68,0,0.0,0.0
15928,20260310,486,Sponsored Products,200,3,3.04,5.23
15929,20250416,195,DSP,1822,36,44.28,241.43
15930,20230325,403,DSP,151,0,0.0,0.0
15931,20230120,127,DSP,2436,11,15.06,82.98
15932,20230409,297,Sponsored Products,475,4,6.24,16.6
15933,20260504,539,DSP,1292,20,8.4,34.28
15934,20231011,462,Sponsored Display,1244,19,9.5,14.44
15935,20230326,117,Sponsored Products,5632,86,88.67,189.86
15936,20240501,96,DSP,125,0,0.0,0.0
15937,20231106,769,DSP,819,6,4.44,14.8
15938,20240506,334,Sponsored Display,372,7,11.93,58.45
15939,20240612,109,Sponsored Brands,1978,11,7.68,34.46
15940,20251013,574,Sponsored Products,1362,23,18.12,38.61
15941,20260610,146,Sponsored Display,952,7,6.78,26.02
15942,20241218,779,Sponsored Display,5146,96,135.55,258.61
15943,20240425,123,Sponsored Products,2869,51,52.93,317.85
15944,20250421,352,Sponsored Brands,1936,23,19.94,104.84
15945,20231231,297,Sponsored Products,439,5,4.01,17.07
15946,20230122,98,Sponsored Products,2119,15,12.74,43.15
15947,20260126,505,Sponsored Brands,1590,30,22.26,83.33
15948,20250504,198,Sponsored Brands,1345,23,19.44,65.65
15949,20260419,202,Sponsored Display,1713,25,42.02,185.18
15950,20241221,785,Sponsored Products,3852,18,17.89,79.17
15951,20260505,374,Sponsored Products,1136,12,13.2,21.08
15952,20241025,236,Sponsored Products,1038,8,8.62,16.0
15953,20250514,580,Sponsored Products,3148,57,38.01,234.17
15954,20260401,163,Sponsored Products,1431,19,24.64,52.16
15955,20240219,504,Sponsored Brands,2751,35,16.39,31.95
15956,20250515,184,Sponsored Display,1793,34,30.58,130.17
15957,20230131,784,Sponsored Products,825,16,26.38,53.08
15958,20250226,85,Sponsored Brands,1844,20,15.89,30.18
15959,20230908,574,Sponsored Products,1438,9,12.28,75.39
15960,20240530,202,Sponsored Brands,1549,22,10.46,35.19
15961,20240413,104,Sponsored Products,554,5,4.22,17.72
15962,20240708,265,Sponsored Display,1311,8,4.17,9.63
15963,20230212,309,Sponsored Products,168,1,1.35,3.1
15964,20240125,686,Sponsored Display,1611,25,29.39,81.07
15965,20231111,416,Sponsored Brands,3174,21,24.79,145.39
15966,20231120,639,Sponsored Products,2410,42,62.14,305.96
15967,20251005,240,Sponsored Products,4901,93,41.39,166.27
15968,20241210,710,Sponsored Products,1109,19,10.17,51.41
15969,20250607,369,Sponsored Brands,1414,7,5.15,12.76
15970,20230919,302,Sponsored Brands,1247,11,12.29,79.51
15971,20230322,240,Sponsored Products,2295,44,59.17,383.97
15972,20241104,449,Sponsored Products,595,3,5.11,26.53
15973,20260424,325,Sponsored Display,3037,23,17.4,43.97
15974,20251017,175,Sponsored Brands,2762,47,47.56,222.66
15975,20250807,220,Sponsored Products,614,4,3.09,11.6
15976,20230413,107,Sponsored Products,1325,13,16.41,63.51
15977,20250325,234,Sponsored Products,747,12,20.86,111.04
15978,20250820,301,Sponsored Products,7758,73,123.46,750.46
15979,20260228,144,Sponsored Brands,623,2,1.29,6.48
15980,20230706,110,Sponsored Products,836,9,8.75,54.85
15981,20250609,454,Sponsored Products,1317,26,41.02,214.35
15982,20230405,151,Sponsored Products,470,4,1.7,3.32
15983,20250309,469,Sponsored Brands,2557,10,4.32,13.53
15984,20230324,506,Sponsored Products,5090,55,50.14,272.66
15985,20240505,792,Sponsored Products,1047,18,20.47,43.31
15986,20250826,732,DSP,1374,16,16.13,56.22
15987,20241022,373,DSP,1658,21,27.71,125.65
15988,20240604,652,Sponsored Products,966,15,10.08,59.4
15989,20240929,61,Sponsored Products,2840,48,26.41,166.97
15990,20230418,334,Sponsored Products,3406,62,58.6,369.15
15991,20230816,407,Sponsored Display,1156,12,5.35,31.29
15992,20251014,255,Sponsored Products,1828,15,15.77,93.79
15993,20260616,315,Sponsored Products,1416,25,19.24,79.94
15994,20240521,15,Sponsored Brands,2264,36,23.69,90.89
15995,20251219,472,Sponsored Brands,724,4,2.47,4.37
15996,20230221,702,Sponsored Products,2060,6,8.99,48.36
15997,20250122,158,Sponsored Products,704,13,9.65,41.19
15998,20260322,490,DSP,486,5,2.12,12.6
15999,20260502,77,Sponsored Brands,4848,23,22.78,83.84
16000,20240327,320,Sponsored Display,1071,4,7.13,37.87
16001,20230928,147,Sponsored Products,1865,25,34.17,133.74
16002,20250923,297,Sponsored Display,2874,9,14.38,63.81
16003,20240409,533,Sponsored Products,1511,18,18.65,48.95
16004,20240505,7,Sponsored Brands,2534,11,8.99,46.67
16005,20240520,650,Sponsored Products,460,8,14.3,24.19
16006,20240427,377,Sponsored Brands,2645,34,30.57,136.51
16007,20240413,459,Sponsored Brands,1520,9,6.35,18.78
16008,20231220,204,Sponsored Brands,2917,26,17.22,74.27
16009,20250628,597,Sponsored Display,935,14,7.22,40.6
16010,20240904,273,Sponsored Display,346,6,4.87,9.92
16011,20240205,495,Sponsored Products,1416,20,21.83,54.81
16012,20231207,191,Sponsored Products,309,2,1.72,11.16
16013,20240822,134,Sponsored Brands,630,11,6.3,25.46
16014,20231020,270,Sponsored Brands,3047,43,52.48,277.81
16015,20240509,490,Sponsored Brands,725,9,8.53,19.53
16016,20251006,82,Sponsored Products,1212,12,15.97,63.94
16017,20251208,51,Sponsored Products,1939,37,65.04,246.47
16018,20240828,127,Sponsored Products,1330,13,11.71,73.95
16019,20250728,325,Sponsored Products,353,4,7.19,17.57
16020,20230321,518,Sponsored Products,1507,14,16.43,62.33
16021,20260422,94,Sponsored Brands,1080,8,9.96,36.3
16022,20260405,40,DSP,2729,36,45.11,269.52
16023,20260518,612,Sponsored Products,1827,9,9.83,36.74
16024,20240510,252,Sponsored Products,983,14,7.42,20.2
16025,20240215,791,Sponsored Display,721,7,6.75,22.47
16026,20260107,773,Sponsored Products,5508,52,51.63,172.52
16027,20240117,564,DSP,1274,13,15.6,62.91
16028,20250407,43,Sponsored Products,1972,34,27.98,148.5
16029,20250118,267,Sponsored Display,1894,15,18.14,61.04
16030,20250212,150,Sponsored Display,1740,21,33.95,125.45
16031,20240314,116,Sponsored Brands,941,10,4.08,8.94
16032,20230516,637,Sponsored Products,391,7,9.73,18.66
16033,20231011,638,Sponsored Display,2530,14,20.27,82.24
16034,20240813,107,Sponsored Products,1486,14,13.49,27.36
16035,20251002,750,Sponsored Brands,1393,16,18.98,103.57
16036,20231222,397,Sponsored Products,1452,12,15.15,35.56
16037,20230903,743,Sponsored Brands,1091,8,9.97,44.13
16038,20240518,141,Sponsored Display,4875,25,24.92,96.37
16039,20240406,93,DSP,951,14,21.98,41.93
16040,20240708,391,Sponsored Products,1324,16,16.52,95.92
16041,20260225,89,Sponsored Display,250,3,3.89,19.26
16042,20240718,249,Sponsored Display,2049,6,3.96,11.43
16043,20230708,17,Sponsored Display,924,5,3.05,4.72
16044,20250306,25,Sponsored Products,634,12,10.17,47.65
16045,20240711,161,Sponsored Display,4956,71,108.33,306.96
16046,20251118,397,Sponsored Brands,1388,7,7.17,23.03
16047,20231025,387,Sponsored Products,680,11,16.53,78.8
16048,20230121,188,Sponsored Brands,460,2,2.89,17.75
16049,20231031,493,Sponsored Brands,1030,14,18.02,97.23
16050,20241008,89,Sponsored Products,1086,5,3.17,10.92
16051,20230519,336,Sponsored Brands,2762,20,35.57,100.03
16052,20250316,519,Sponsored Products,553,1,1.62,3.81
16053,20250703,791,Sponsored Products,691,13,17.95,75.87
16054,20240830,339,Sponsored Products,930,2,1.22,4.17
16055,20260218,260,Sponsored Products,665,4,5.57,17.4
16056,20260505,709,Sponsored Products,2635,20,8.12,36.38
16057,20240709,325,Sponsored Products,366,4,2.92,7.82
16058,20240213,633,Sponsored Products,882,4,7.16,11.73
16059,20240424,651,Sponsored Products,2645,45,45.65,151.34
16060,20240415,720,Sponsored Products,2088,34,18.99,93.19
16061,20240217,334,DSP,2497,34,19.44,120.88
16062,20230712,355,Sponsored Brands,418,7,12.52,55.81
16063,20231120,655,Sponsored Products,1806,18,20.49,79.45
16064,20240209,62,Sponsored Display,464,2,2.85,9.48
16065,20260624,168,DSP,296,5,4.23,14.31
16066,20231121,252,Sponsored Products,1251,16,12.8,61.57
16067,20260623,170,Sponsored Brands,1144,18,14.27,72.78
16068,20250610,665,Sponsored Display,753,5,6.3,23.22
16069,20250928,57,Sponsored Display,584,9,4.46,15.73
16070,20231105,200,Sponsored Brands,963,5,2.31,12.65
16071,20240731,450,DSP,2790,15,17.63,96.96
16072,20240301,190,Sponsored Brands,607,6,3.77,16.89
16073,20240920,319,Sponsored Brands,2014,15,15.97,88.58
16074,20230201,750,Sponsored Products,678,5,6.68,23.39
16075,20251220,477,Sponsored Display,4741,56,31.53,101.27
16076,20240119,379,DSP,637,9,14.47,67.3
16077,20240909,719,DSP,1159,12,5.6,10.62
16078,20251118,354,Sponsored Products,2153,17,29.96,92.47
16079,20241121,137,Sponsored Brands,1249,16,23.17,126.89
16080,20230511,200,Sponsored Display,3481,61,104.29,500.84
16081,20231202,635,Sponsored Display,1629,13,22.77,67.39
16082,20250212,546,Sponsored Products,1965,24,39.69,213.53
16083,20241010,772,Sponsored Products,772,6,3.65,5.68
16084,20231015,129,Sponsored Products,2121,41,55.72,108.79
16085,20260311,756,Sponsored Products,762,6,9.03,43.67
16086,20230609,717,Sponsored Products,2468,38,15.49,68.78
16087,20260312,368,Sponsored Brands,2996,25,14.66,28.86
16088,20250823,343,Sponsored Products,2193,43,24.57,72.82
16089,20250610,317,Sponsored Brands,145,2,3.2,6.65
16090,20230205,75,Sponsored Products,2320,39,37.2,107.26
16091,20240916,525,Sponsored Products,641,4,2.62,16.19
16092,20250313,402,Sponsored Products,1602,18,12.24,74.91
16093,20231206,21,Sponsored Brands,1790,12,21.56,49.92
16094,20240208,183,DSP,772,4,2.27,14.24
16095,20240919,50,Sponsored Products,1121,3,3.11,15.84
16096,20250810,275,Sponsored Products,3121,61,45.9,280.48
16097,20230824,380,Sponsored Brands,1679,9,7.9,24.06
16098,20260119,608,Sponsored Products,1538,10,6.91,16.14
16099,20250720,450,Sponsored Products,2437,34,15.58,68.71
16100,20230309,102,DSP,422,2,2.56,14.33
16101,20250827,314,DSP,556,1,1.2,2.67
16102,20240104,773,Sponsored Display,3599,28,32.4,188.33
16103,20231107,658,Sponsored Products,928,2,0.95,6.11
16104,20260520,606,Sponsored Display,701,2,2.41,5.12
16105,20250903,569,Sponsored Brands,2925,49,64.72,292.06
16106,20241115,785,Sponsored Brands,766,8,10.93,43.09
16107,20231227,470,Sponsored Display,2229,8,10.69,57.96
16108,20240909,488,Sponsored Products,488,4,3.16,16.21
16109,20230529,495,Sponsored Products,1026,17,20.05,99.64
16110,20231017,93,Sponsored Products,2137,31,31.43,50.49
16111,20251102,8,DSP,1995,14,20.68,102.91
16112,20240824,590,Sponsored Products,1359,18,14.11,62.43
16113,20250617,498,Sponsored Products,1855,26,41.64,200.15
16114,20260128,631,Sponsored Products,1297,9,5.6,16.32
16115,20230924,266,Sponsored Products,2842,38,37.86,65.9
16116,20230913,669,Sponsored Brands,2139,40,40.09,153.71
16117,20260422,754,Sponsored Brands,4734,14,11.12,36.28
16118,20250125,338,Sponsored Products,3760,73,85.01,308.86
16119,20230306,243,Sponsored Brands,358,4,2.54,7.33
16120,20241226,689,Sponsored Display,4372,68,73.61,139.73
16121,20241030,788,Sponsored Brands,1109,5,3.93,7.75
16122,20250314,359,DSP,1905,5,5.05,31.77
16123,20260617,340,Sponsored Products,2442,23,11.64,50.75
16124,20251218,624,Sponsored Brands,3985,36,22.85,95.14
16125,20250614,741,Sponsored Products,1544,6,5.78,17.03
16126,20251017,350,Sponsored Brands,942,4,6.52,26.96
16127,20231015,241,Sponsored Brands,2017,7,12.32,54.33
16128,20240304,375,Sponsored Products,4006,41,63.38,311.36
16129,20251123,292,Sponsored Display,733,3,3.14,9.95
16130,20260519,75,Sponsored Products,2116,42,49.4,112.09
16131,20250620,450,Sponsored Brands,1749,32,16.41,98.19
16132,20250423,474,Sponsored Brands,3658,34,41.67,224.42
16133,20230504,301,Sponsored Display,2385,42,50.53,229.45
16134,20240302,296,Sponsored Products,2934,36,63.79,405.64
16135,20230120,598,Sponsored Brands,2132,12,20.34,47.62
16136,20230704,526,Sponsored Products,2468,9,8.7,41.25
16137,20260310,2,Sponsored Brands,380,6,3.99,20.42
16138,20250220,450,Sponsored Brands,500,6,3.09,7.5
16139,20250327,738,Sponsored Brands,1165,13,17.79,77.23
16140,20231116,423,Sponsored Display,2589,10,8.7,43.88
16141,20251214,633,Sponsored Products,325,4,4.72,14.83
16142,20230401,366,Sponsored Display,952,14,7.23,25.4
16143,20250430,109,DSP,321,4,5.99,23.39
16144,20240112,397,Sponsored Products,947,18,26.57,119.94
16145,20240513,472,Sponsored Brands,1562,11,9.01,34.55
16146,20230503,691,Sponsored Products,637,3,5.14,31.82
16147,20251014,374,Sponsored Products,2848,44,67.91,426.61
16148,20251205,689,Sponsored Products,2471,11,15.97,38.73
16149,20231216,8,Sponsored Products,6547,124,186.33,867.86
16150,20260106,258,Sponsored Products,3400,32,32.55,195.46
16151,20250720,122,Sponsored Brands,535,7,11.25,30.54
16152,20260323,299,Sponsored Products,1023,11,8.45,27.09
16153,20230511,353,Sponsored Display,1858,20,22.53,43.11
16154,20240908,177,Sponsored Products,3556,63,93.43,331.48
16155,20250812,238,Sponsored Display,1304,18,13.83,63.65
16156,20230426,607,Sponsored Brands,2064,12,17.55,61.15
16157,20240701,532,Sponsored Display,408,7,5.76,29.01
16158,20260206,799,Sponsored Display,1584,9,12.4,47.37
16159,20250709,214,Sponsored Display,1635,22,28.56,113.22
16160,20260503,565,Sponsored Brands,1158,21,27.25,85.77
16161,20240721,79,Sponsored Brands,3053,41,57.78,312.53
16162,20230123,264,Sponsored Products,302,2,3.56,21.64
16163,20251124,82,Sponsored Display,853,15,8.03,14.91
16164,20260526,633,Sponsored Brands,1622,7,4.28,18.68
16165,20250325,715,Sponsored Brands,1218,21,23.77,148.35
16166,20250920,67,Sponsored Products,96,1,0.41,1.69
16167,20250830,697,DSP,1544,9,15.17,54.09
16168,20250608,95,Sponsored Display,2152,8,4.68,10.71
16169,20251020,760,Sponsored Products,783,10,10.77,16.84
16170,20230610,470,Sponsored Display,2951,51,87.96,170.37
16171,20250217,519,DSP,1551,20,24.81,87.86
16172,20240719,278,Sponsored Products,1028,8,9.82,28.71
16173,20230509,710,Sponsored Products,2095,10,7.48,31.21
16174,20230625,86,Sponsored Brands,2570,24,35.37,126.67
16175,20230204,87,Sponsored Products,2549,17,18.91,96.09
16176,20231006,624,Sponsored Products,1435,25,15.72,88.98
16177,20250919,238,Sponsored Display,561,10,12.93,66.6
16178,20251107,167,DSP,1377,19,25.58,50.58
16179,20230723,603,Sponsored Brands,2042,30,14.17,31.3
16180,20251213,113,Sponsored Products,806,5,8.95,52.54
16181,20231212,252,Sponsored Products,1246,24,17.48,45.53
16182,20231027,395,Sponsored Brands,1140,15,14.77,57.33
16183,20240327,779,DSP,777,3,5.24,19.69
16184,20240804,640,Sponsored Products,1055,12,17.06,39.22
16185,20240617,98,Sponsored Display,2296,18,27.56,172.85
16186,20230928,247,Sponsored Products,3428,67,27.9,80.67
16187,20250911,493,DSP,805,7,11.1,21.77
16188,20250323,69,Sponsored Brands,647,2,1.86,11.52
16189,20240529,663,Sponsored Display,517,5,4.85,27.56
16190,20240419,637,Sponsored Products,2681,17,27.83,81.08
16191,20230725,309,Sponsored Products,1081,12,14.88,45.05
16192,20251218,392,Sponsored Products,4016,17,15.18,41.59
16193,20251029,124,Sponsored Brands,1989,8,12.22,63.83
16194,20240808,368,Sponsored Products,2280,29,43.19,110.84
16195,20260511,77,Sponsored Products,2012,30,23.31,64.29
16196,20240308,222,Sponsored Brands,2427,41,40.51,222.62
16197,20230517,265,Sponsored Brands,547,5,4.23,27.14
16198,20240802,599,Sponsored Display,184,1,0.86,1.8
16199,20250124,760,DSP,762,7,5.97,23.51
16200,20250223,20,Sponsored Brands,1018,10,15.24,51.92
16201,20240609,791,Sponsored Brands,1818,34,44.82,230.2
16202,20260223,12,Sponsored Display,301,1,0.55,1.65
16203,20230715,517,Sponsored Products,1502,6,5.66,21.96
16204,20260601,460,Sponsored Products,1567,30,39.86,224.07
16205,20250911,651,Sponsored Brands,582,10,8.49,51.06
16206,20240807,485,Sponsored Products,1071,11,16.95,87.37
16207,20240607,74,Sponsored Brands,1656,11,7.97,42.57
16208,20231004,303,DSP,2161,15,15.16,75.71
16209,20230719,194,Sponsored Brands,400,3,2.14,3.62
16210,20241230,730,Sponsored Products,627,4,2.74,4.55
16211,20250520,143,DSP,806,15,23.16,46.54
16212,20250506,455,Sponsored Products,565,8,3.44,18.63
16213,20250518,614,Sponsored Products,1043,19,18.07,43.83
16214,20251220,439,Sponsored Brands,2013,38,22.57,80.47
16215,20240530,756,Sponsored Products,1543,13,6.02,11.7
16216,20240121,642,DSP,665,12,9.47,26.66
16217,20231014,490,Sponsored Products,5595,81,106.87,238.49
16218,20260331,735,Sponsored Brands,410,2,2.42,10.03
16219,20230328,320,Sponsored Brands,5246,68,91.87,383.77
16220,20250301,532,Sponsored Brands,411,6,8.92,36.49
16221,20260212,46,Sponsored Display,108,1,0.84,3.68
16222,20240906,444,Sponsored Display,3552,13,15.46,80.72
16223,20260505,191,Sponsored Products,1651,22,25.14,137.02
16224,20240316,742,Sponsored Products,1846,25,32.65,122.84
16225,20240104,34,Sponsored Products,3115,41,63.29,160.05
16226,20240827,517,DSP,1496,22,24.86,122.71
16227,20230928,587,Sponsored Products,2087,38,26.77,63.7
16228,20250719,497,Sponsored Products,1441,28,34.17,148.25
16229,20231207,153,Sponsored Products,963,4,6.4,15.61
16230,20240409,691,Sponsored Products,959,12,8.21,14.98
16231,20250331,262,Sponsored Brands,104,1,0.84,2.3
16232,20240912,425,DSP,2056,12,19.59,122.53
16233,20230101,412,Sponsored Brands,4854,48,21.09,122.1
16234,20240504,386,Sponsored Products,739,12,5.47,8.97
16235,20260409,372,Sponsored Brands,372,3,4.11,6.81
16236,20251118,518,Sponsored Products,1293,9,14.72,31.0
16237,20230630,751,Sponsored Brands,623,11,15.57,50.74
16238,20240818,245,Sponsored Display,933,9,9.55,32.17
16239,20240404,401,Sponsored Brands,3201,32,30.48,85.59
16240,20230624,179,Sponsored Brands,409,4,4.47,24.1
16241,20231006,81,Sponsored Brands,2081,25,32.57,131.07
16242,20250509,337,Sponsored Products,1576,24,39.87,254.99
16243,20260210,610,Sponsored Products,845,9,3.66,14.31
16244,20240212,198,Sponsored Products,1552,21,17.14,29.41
16245,20240705,514,Sponsored Products,309,5,3.77,7.54
16246,20260107,243,Sponsored Products,1276,9,14.33,25.98
16247,20231112,251,Sponsored Products,3450,27,46.26,124.75
16248,20250327,166,Sponsored Products,2150,9,6.32,10.81
16249,20240105,104,Sponsored Brands,7037,123,135.2,443.91
16250,20230211,398,Sponsored Display,1413,27,18.26,96.38
16251,20230413,165,Sponsored Products,1942,24,35.28,71.71
16252,20260303,471,Sponsored Brands,475,2,1.88,6.72
16253,20260410,245,Sponsored Products,962,4,6.33,29.69
16254,20230714,284,Sponsored Brands,2540,15,8.17,39.18
16255,20230303,40,Sponsored Products,508,7,6.28,33.64
16256,20251006,158,Sponsored Products,2341,20,11.59,68.98
16257,20250603,205,Sponsored Products,2155,8,3.62,8.03
16258,20231210,464,Sponsored Products,4637,70,123.85,363.93
16259,20260509,294,Sponsored Brands,2631,32,27.91,121.55
16260,20251006,51,Sponsored Products,209,2,2.69,12.77
16261,20260421,72,Sponsored Products,858,3,4.24,21.35
16262,20250802,255,Sponsored Brands,3002,44,67.17,211.31
16263,20250813,443,Sponsored Brands,4024,46,66.61,352.44
16264,20230501,219,DSP,2446,26,24.1,70.03
16265,20230620,81,Sponsored Brands,1530,20,17.84,110.31
16266,20230705,668,Sponsored Products,1138,14,16.85,83.68
16267,20250624,297,DSP,2906,29,29.14,114.62
16268,20251216,729,Sponsored Brands,3137,25,17.07,26.25
16269,20240520,728,DSP,1512,26,40.9,206.81
16270,20230424,303,Sponsored Brands,1388,23,33.6,173.62
16271,20230903,479,DSP,2535,35,55.0,224.64
16272,20240301,775,DSP,307,1,1.56,3.45
16273,20241230,41,Sponsored Products,2589,15,24.14,51.29
16274,20240608,261,Sponsored Products,3257,43,22.61,110.02
16275,20230921,430,Sponsored Display,2579,34,15.38,81.28
16276,20250923,551,Sponsored Brands,1160,5,5.69,9.91
16277,20250323,607,Sponsored Products,511,7,6.82,42.28
16278,20240405,208,Sponsored Products,1623,31,13.78,86.58
16279,20230626,276,Sponsored Brands,2959,30,15.36,99.07
16280,20250904,425,Sponsored Products,1279,5,8.1,23.37
16281,20260225,769,Sponsored Products,2637,12,13.88,82.62
16282,20240612,781,Sponsored Products,2650,11,15.6,95.63
16283,20230525,232,Sponsored Products,199,3,5.16,12.46
16284,20240422,240,Sponsored Products,1636,27,19.88,113.28
16285,20230820,795,Sponsored Products,1069,3,4.52,24.46
16286,20250604,462,Sponsored Products,39,0,0.0,0.0
16287,20240118,759,Sponsored Products,605,5,7.59,39.3
16288,20260531,121,Sponsored Brands,626,11,5.69,36.08
16289,20250829,261,Sponsored Display,1228,4,5.26,33.45
16290,20230707,289,Sponsored Products,5753,21,34.86,91.97
16291,20250921,253,Sponsored Brands,1810,31,29.27,160.18
16292,20251201,163,Sponsored Display,2227,27,41.61,183.27
16293,20240108,740,Sponsored Display,1090,18,20.8,48.95
16294,20251016,572,Sponsored Brands,7046,90,106.22,543.39
16295,20241008,798,Sponsored Products,1995,30,44.73,186.47
16296,20231231,407,Sponsored Products,2233,42,22.36,64.21
16297,20250211,619,Sponsored Products,556,9,10.51,59.02
16298,20250815,117,DSP,585,5,3.85,24.71
16299,20251107,181,Sponsored Brands,1160,12,10.86,21.79
16300,20231015,365,Sponsored Products,1260,5,4.21,14.48
16301,20250807,98,DSP,2137,34,45.89,246.79
16302,20231003,42,Sponsored Display,773,2,3.09,6.32
16303,20240820,310,Sponsored Brands,968,7,4.15,25.06
16304,20250218,34,Sponsored Display,991,5,7.34,18.72
16305,20241212,419,Sponsored Products,784,11,7.49,17.63
16306,20231130,420,Sponsored Display,7797,146,66.1,120.06
16307,20260508,521,DSP,1616,31,51.8,239.22
16308,20250715,39,Sponsored Brands,1383,19,30.91,131.8
16309,20240822,168,Sponsored Display,1786,28,13.29,68.29
16310,20260428,334,Sponsored Products,602,4,4.9,13.11
16311,20241230,680,Sponsored Brands,171,1,1.43,8.01
16312,20240329,694,Sponsored Products,1333,15,15.01,92.5
16313,20240725,113,Sponsored Products,1268,11,10.89,70.52
16314,20250122,667,Sponsored Brands,2098,19,12.14,74.99
16315,20240507,21,Sponsored Products,930,5,4.61,13.86
16316,20251003,466,Sponsored Products,1711,11,9.85,26.19
16317,20250205,173,Sponsored Products,545,8,13.9,51.83
16318,20240523,113,Sponsored Products,2573,17,13.54,39.54
16319,20250128,121,Sponsored Products,951,6,3.35,11.14
16320,20240514,642,Sponsored Products,1173,3,4.61,24.74
16321,20231116,621,Sponsored Products,824,2,1.38,8.29
16322,20240617,319,Sponsored Products,2190,32,44.68,209.5
16323,20231005,252,Sponsored Products,3451,28,48.19,192.66
16324,20241005,249,Sponsored Brands,2266,13,14.1,28.13
16325,20260406,581,Sponsored Products,114,1,1.34,7.02
16326,20250704,746,Sponsored Brands,444,2,3.26,11.04
16327,20260218,320,Sponsored Brands,1432,11,16.03,96.57
16328,20240724,469,Sponsored Products,1762,34,54.51,219.24
16329,20240319,648,Sponsored Brands,1155,6,9.07,26.23
16330,20260617,19,Sponsored Brands,2293,43,30.16,153.71
16331,20230727,48,Sponsored Display,1668,16,24.92,82.95
16332,20260503,115,Sponsored Products,529,4,2.22,6.89
16333,20251027,603,Sponsored Products,1786,19,26.39,102.83
16334,20251120,437,Sponsored Brands,1609,5,4.67,19.12
16335,20250406,645,Sponsored Products,849,15,10.44,62.98
16336,20250602,699,Sponsored Products,1855,31,52.02,323.61
16337,20250706,795,Sponsored Products,734,11,10.86,41.62
16338,20240604,329,Sponsored Brands,1684,9,7.07,38.54
16339,20241116,738,Sponsored Products,3141,35,20.8,76.44
16340,20250823,431,Sponsored Display,1298,11,5.99,10.79
16341,20231120,428,Sponsored Brands,1876,33,45.21,122.41
16342,20251223,706,DSP,288,0,0.0,0.0
16343,20230813,457,Sponsored Brands,1150,21,10.33,64.86
16344,20230605,410,Sponsored Brands,596,9,14.13,55.16
16345,20251109,95,Sponsored Products,1171,10,7.48,47.77
16346,20250606,166,Sponsored Products,2031,12,12.02,65.44
16347,20260310,120,Sponsored Products,1490,7,9.12,27.14
16348,20240226,187,DSP,1028,8,3.92,25.14
16349,20250930,559,Sponsored Display,521,9,5.16,12.07
16350,20241126,167,Sponsored Products,4227,33,46.27,88.72
16351,20250320,397,Sponsored Brands,3517,42,39.81,197.3
16352,20240921,113,Sponsored Brands,2163,15,8.74,31.27
16353,20251220,428,Sponsored Products,3711,72,59.59,163.09
16354,20260402,84,Sponsored Brands,608,2,2.38,12.24
16355,20240712,672,Sponsored Products,3401,11,14.28,40.87
16356,20230927,307,Sponsored Products,1170,13,8.64,13.01
16357,20230126,691,Sponsored Products,1021,9,14.54,58.8
16358,20251030,242,Sponsored Display,1035,14,15.37,57.52
16359,20240321,727,Sponsored Brands,687,5,2.61,11.28
16360,20240503,52,Sponsored Brands,3729,20,16.17,87.97
16361,20230125,425,Sponsored Products,2101,6,6.04,27.83
16362,20230704,131,Sponsored Brands,1508,19,27.74,78.39
16363,20250927,657,Sponsored Products,1785,34,36.31,120.75
16364,20230430,447,Sponsored Display,1204,20,23.28,88.94
16365,20240827,525,Sponsored Display,726,6,7.54,30.13
16366,20240205,675,Sponsored Products,278,4,5.76,15.93
16367,20250520,415,Sponsored Brands,333,3,1.56,3.27
16368,20240105,637,Sponsored Brands,2910,40,17.0,77.67
16369,20230719,578,Sponsored Products,1559,10,6.42,35.88
16370,20250221,435,DSP,317,6,5.33,8.96
16371,20250105,673,Sponsored Products,4416,25,15.01,48.64
16372,20230401,537,Sponsored Products,1691,15,22.84,72.72
16373,20230609,772,Sponsored Products,1008,9,13.1,20.52
16374,20250430,253,Sponsored Products,3885,44,73.13,184.65
16375,20230119,80,Sponsored Brands,260,2,0.92,3.77
16376,20260418,446,Sponsored Products,525,5,8.26,36.13
16377,20250223,327,Sponsored Products,1278,20,25.12,41.52
16378,20250323,531,Sponsored Products,4327,40,46.73,73.08
16379,20230324,657,Sponsored Brands,229,1,1.41,2.86
16380,20240119,363,Sponsored Products,204,0,0.0,0.0
16381,20240808,130,Sponsored Products,3006,58,26.33,98.13
16382,20240308,619,Sponsored Products,1161,5,5.26,11.05
16383,20250614,628,Sponsored Products,1572,30,53.1,181.87
16384,20251028,622,Sponsored Brands,644,9,10.93,43.78
16385,20241004,775,Sponsored Brands,2327,28,22.6,132.63
16386,20241018,597,Sponsored Products,64,0,0.0,0.0
16387,20260130,792,Sponsored Products,1644,13,7.22,25.16
16388,20230320,419,Sponsored Products,990,10,10.74,27.56
16389,20260113,161,Sponsored Brands,1130,7,7.66,16.31
16390,20240217,189,Sponsored Products,621,2,1.45,8.28
16391,20231022,448,Sponsored Products,1470,22,31.19,61.58
16392,20260508,508,Sponsored Display,3893,57,34.25,55.94
16393,20240725,712,Sponsored Brands,1134,14,23.61,58.09
16394,20250116,436,DSP,1141,11,12.82,71.21
16395,20240708,416,Sponsored Products,264,4,4.27,26.73
16396,20230404,707,Sponsored Products,1318,17,9.28,57.18
16397,20231115,774,Sponsored Brands,807,14,9.29,32.51
16398,20230809,597,Sponsored Display,954,7,6.19,14.23
16399,20250504,616,Sponsored Display,561,3,1.59,8.79
16400,20230112,589,Sponsored Products,2567,40,39.63,82.28
16401,20240704,271,Sponsored Products,1905,17,29.07,76.55
16402,20250808,115,Sponsored Display,1224,6,7.62,17.25
16403,20240828,670,Sponsored Products,446,5,8.69,19.43
16404,20240613,157,Sponsored Products,759,5,5.33,28.48
16405,20250919,18,Sponsored Brands,903,15,9.38,46.85
16406,20231102,332,Sponsored Products,883,17,15.69,46.75
16407,20230711,738,Sponsored Brands,18686,132,87.89,257.35
16408,20230209,454,Sponsored Products,1726,24,16.46,32.85
16409,20250905,205,Sponsored Products,1810,29,12.59,37.09
16410,20240612,197,Sponsored Brands,1302,18,11.16,44.29
16411,20230922,182,Sponsored Display,4204,23,23.85,131.96
16412,20230630,110,Sponsored Products,734,9,8.75,38.81
16413,20250916,645,Sponsored Products,2847,33,22.43,78.53
16414,20260616,86,Sponsored Brands,2054,38,41.71,200.2
16415,20231007,774,Sponsored Products,497,2,1.8,5.26
16416,20240331,726,Sponsored Display,848,4,6.25,11.64
16417,20250317,680,Sponsored Display,785,7,5.46,29.23
16418,20260331,165,Sponsored Display,276,2,1.33,7.91
16419,20240423,636,Sponsored Brands,1616,7,6.42,31.16
16420,20240920,317,Sponsored Products,4071,61,67.46,176.3
16421,20241228,519,Sponsored Products,1332,19,30.1,107.04
16422,20250124,268,Sponsored Products,1414,24,36.31,170.14
16423,20250625,328,Sponsored Brands,461,6,10.75,58.37
16424,20250811,550,Sponsored Products,780,11,8.65,19.68
16425,20230512,177,DSP,1301,15,9.16,25.18
16426,20251128,574,Sponsored Products,5908,48,49.51,123.83
16427,20230707,631,Sponsored Products,1692,28,19.14,33.43
16428,20241208,619,Sponsored Products,827,12,10.32,23.43
16429,20231213,561,DSP,879,17,15.43,85.06
16430,20240730,753,Sponsored Products,2598,20,34.97,66.7
16431,20250731,526,DSP,3203,58,98.38,321.73
16432,20260630,39,Sponsored Products,325,6,7.99,41.39
16433,20250920,24,DSP,781,7,6.87,18.91
16434,20250908,35,Sponsored Products,1496,17,30.53,162.02
16435,20260505,592,Sponsored Products,533,7,11.85,54.49
16436,20260627,422,Sponsored Products,1830,14,14.47,88.14
16437,20230821,652,Sponsored Brands,1949,19,21.44,47.47
16438,20260207,182,Sponsored Brands,4320,30,48.61,120.95
16439,20230114,779,Sponsored Display,5512,69,43.12,83.68
16440,20250222,128,Sponsored Products,1131,17,24.15,119.58
16441,20240108,684,Sponsored Products,1674,33,22.32,115.69
16442,20250514,585,Sponsored Display,2207,35,48.67,225.94
16443,20230318,490,Sponsored Products,7140,111,73.04,235.66
16444,20260313,762,Sponsored Brands,2252,11,14.13,21.86
16445,20230106,304,Sponsored Brands,213,2,3.39,16.04
16446,20260106,398,Sponsored Products,890,4,4.01,14.42
16447,20230426,656,Sponsored Products,852,6,8.85,21.12
16448,20240617,792,Sponsored Display,1087,9,3.78,16.14
16449,20230215,333,Sponsored Display,2163,41,30.08,167.73
16450,20251020,89,DSP,709,6,2.7,8.04
16451,20230622,763,Sponsored Products,455,4,5.19,14.72
16452,20240506,35,DSP,225,1,1.6,5.75
16453,20260612,598,Sponsored Display,684,11,18.6,52.81
16454,20230408,573,Sponsored Products,728,9,14.95,49.7
16455,20240518,726,Sponsored Brands,1029,7,8.29,40.81
16456,20240417,274,Sponsored Products,2226,30,27.73,42.78
16457,20260427,154,Sponsored Products,1527,22,13.55,48.32
16458,20240911,652,Sponsored Brands,3719,65,81.88,391.34
16459,20251009,183,Sponsored Brands,838,11,8.96,20.72
16460,20230114,26,Sponsored Display,1233,20,31.5,150.79
16461,20250909,463,Sponsored Products,827,8,11.33,29.49
16462,20240330,290,Sponsored Products,2909,53,66.37,270.91
16463,20260608,789,Sponsored Display,161,2,2.34,6.45
16464,20230827,51,Sponsored Products,1662,20,24.94,87.8
16465,20240403,583,Sponsored Display,321,6,3.06,9.27
16466,20260213,26,Sponsored Products,883,16,15.95,76.46
16467,20231208,741,Sponsored Products,1624,24,13.04,39.47
16468,20251124,615,Sponsored Brands,1115,17,22.15,136.92
16469,20231205,302,Sponsored Products,91,0,0.0,0.0
16470,20230929,244,Sponsored Display,653,8,13.11,62.83
16471,20250324,33,Sponsored Products,3745,44,44.08,142.85
16472,20240914,154,DSP,2193,15,25.65,114.36
16473,20240413,605,Sponsored Products,3491,12,7.17,36.1
16474,20240305,300,Sponsored Products,452,3,2.59,15.54
16475,20250507,355,Sponsored Products,1664,25,17.98,79.38
16476,20230614,426,Sponsored Products,699,7,4.86,11.35
16477,20230131,484,Sponsored Products,2344,18,24.38,52.38
16478,20240818,423,Sponsored Products,2264,9,13.89,81.91
16479,20230114,770,Sponsored Brands,1171,10,15.14,47.66
16480,20251223,471,Sponsored Products,2269,32,19.42,103.46
16481,20250208,667,DSP,2849,40,23.15,45.72
16482,20230527,729,DSP,1533,26,13.69,39.79
16483,20241225,454,Sponsored Products,1548,16,21.01,51.91
16484,20230901,118,Sponsored Products,2197,16,20.46,100.5
16485,20240611,79,Sponsored Display,2260,15,15.56,69.15
16486,20240303,765,Sponsored Brands,3675,25,27.64,133.03
16487,20250620,78,Sponsored Products,2009,22,19.93,91.98
16488,20251103,357,Sponsored Products,574,10,5.38,30.18
16489,20240713,187,Sponsored Products,1559,26,36.73,121.57
16490,20250813,672,Sponsored Products,554,9,10.43,65.46
16491,20230729,239,DSP,4084,49,64.43,169.03
16492,20250428,359,Sponsored Products,1549,21,10.18,38.52
16493,20260226,599,Sponsored Products,1345,26,37.59,210.24
16494,20240713,710,Sponsored Products,2409,42,38.45,116.14
16495,20241009,20,Sponsored Brands,860,14,19.52,94.96
16496,20250331,345,Sponsored Brands,1677,9,10.44,22.03
16497,20250102,325,Sponsored Display,1239,3,4.11,20.57
16498,20260515,514,Sponsored Products,397,4,3.52,18.38
16499,20260205,300,Sponsored Products,629,4,7.2,37.76
16500,20230712,254,DSP,6843,30,32.49,74.73
16501,20240523,345,Sponsored Products,369,2,2.37,15.19
16502,20231113,190,Sponsored Brands,3413,55,31.88,125.19
16503,20250512,199,Sponsored Products,912,8,9.22,33.48
16504,20250801,378,DSP,2224,38,66.88,191.97
16505,20250327,54,Sponsored Display,3381,57,39.96,152.63
16506,20240416,706,Sponsored Products,808,15,16.01,40.31
16507,20250508,723,Sponsored Display,550,7,4.67,18.07
16508,20230718,456,Sponsored Products,1452,18,30.36,123.07
16509,20250725,638,Sponsored Display,1492,7,11.8,48.89
16510,20250419,38,Sponsored Brands,1599,27,17.2,71.91
16511,20250102,504,Sponsored Brands,1762,10,15.42,34.74
16512,20260328,741,Sponsored Display,3541,16,7.84,48.26
16513,20250426,534,Sponsored Display,4145,12,18.14,34.71
16514,20240930,743,Sponsored Display,1770,19,18.33,108.25
16515,20250508,205,Sponsored Products,2906,40,38.81,120.93
16516,20250809,426,Sponsored Brands,816,5,7.33,45.22
16517,20230221,601,Sponsored Brands,499,4,2.95,6.06
16518,20230512,488,Sponsored Brands,775,6,7.85,18.08
16519,20260505,599,Sponsored Brands,400,5,2.88,14.4
16520,20240716,85,Sponsored Display,1977,7,5.34,21.29
16521,20250810,516,Sponsored Products,4128,36,23.37,81.51
16522,20231225,178,Sponsored Products,1255,12,21.05,125.72
16523,20241008,690,Sponsored Products,1878,24,19.67,80.15
16524,20230102,215,Sponsored Products,384,7,3.5,18.4
16525,20250224,263,Sponsored Products,336,6,4.89,13.78
16526,20260410,306,Sponsored Brands,2307,28,16.5,27.98
16527,20251010,180,Sponsored Brands,1591,6,4.72,14.12
16528,20240304,350,Sponsored Brands,638,9,14.22,62.74
16529,20250912,337,Sponsored Products,851,3,2.96,8.03
16530,20230119,625,Sponsored Brands,1512,26,28.8,49.64
16531,20230309,390,Sponsored Products,4401,43,72.26,180.33
16532,20240821,269,Sponsored Products,387,2,3.42,11.33
16533,20250125,353,Sponsored Products,5661,35,58.97,214.58
16534,20240227,315,Sponsored Products,2291,23,18.73,82.45
16535,20250225,100,Sponsored Brands,1434,24,37.04,184.64
16536,20231103,36,Sponsored Brands,992,7,8.04,33.35
16537,20250629,283,Sponsored Products,491,8,12.37,26.73
16538,20230417,245,Sponsored Brands,3135,57,46.33,236.34
16539,20230706,247,Sponsored Products,1027,6,8.88,39.43
16540,20250619,685,Sponsored Products,1530,10,11.96,19.75
16541,20231114,2,Sponsored Display,844,10,17.17,82.17
16542,20241019,224,Sponsored Brands,1479,29,37.93,120.91
16543,20260106,227,Sponsored Products,874,13,14.04,24.5
16544,20250511,81,Sponsored Brands,2231,28,11.42,29.26
16545,20240122,598,Sponsored Products,2917,41,33.93,208.99
16546,20260429,71,Sponsored Display,1407,22,24.16,80.48
16547,20260630,508,DSP,591,3,1.29,6.58
16548,20230830,338,Sponsored Products,1162,5,2.38,7.49
16549,20250930,500,Sponsored Products,2139,10,10.09,32.72
16550,20230818,91,Sponsored Products,448,7,3.98,13.02
16551,20240610,60,Sponsored Products,1833,17,20.37,42.64
16552,20231231,784,Sponsored Products,146,0,0.0,0.0
16553,20250708,715,Sponsored Products,4193,67,76.32,479.58
16554,20260605,627,DSP,2485,27,15.93,45.69
16555,20230614,680,Sponsored Display,545,3,1.88,5.94
16556,20250818,390,Sponsored Brands,574,2,0.97,6.2
16557,20240805,651,Sponsored Products,446,4,3.02,5.72
16558,20240827,716,Sponsored Brands,2050,17,26.45,51.65
16559,20240124,481,Sponsored Products,566,9,14.25,79.28
16560,20231002,34,Sponsored Products,232,2,2.82,15.72
16561,20240627,246,Sponsored Products,2776,52,58.45,353.76
16562,20250816,660,Sponsored Products,2020,19,30.24,123.56
16563,20240419,708,Sponsored Products,1550,24,33.85,123.49
16564,20241101,773,Sponsored Products,1426,19,21.87,37.31
16565,20250625,285,DSP,1234,16,11.44,42.19
16566,20250108,770,Sponsored Products,2098,32,16.14,29.33
16567,20250402,524,Sponsored Products,1577,22,12.92,63.51
16568,20250327,279,Sponsored Display,1091,5,4.51,28.01
16569,20240419,764,DSP,361,5,7.1,30.69
16570,20230121,132,Sponsored Display,1298,23,10.03,32.69
16571,20240409,71,Sponsored Products,640,4,3.37,8.07
16572,20240221,320,Sponsored Products,1879,27,25.62,114.36
16573,20250211,189,Sponsored Brands,3696,31,51.39,265.33
16574,20240112,727,Sponsored Brands,1146,22,13.18,25.58
16575,20230313,729,Sponsored Brands,895,7,7.17,28.84
16576,20260526,746,Sponsored Brands,1907,32,25.93,79.08
16577,20250504,571,Sponsored Products,5294,82,49.63,255.35
16578,20240805,164,Sponsored Display,1501,25,35.59,133.73
16579,20260406,639,Sponsored Brands,620,6,3.77,13.16
16580,20231120,518,Sponsored Products,5163,36,58.41,190.8
16581,20241228,212,Sponsored Products,2136,14,16.36,99.15
16582,20231021,628,Sponsored Products,3878,74,80.69,241.2
16583,20251219,497,Sponsored Brands,1935,30,20.87,81.32
16584,20241104,607,Sponsored Products,2283,33,21.44,118.71
16585,20240113,607,DSP,2420,12,13.61,82.73
16586,20251128,250,Sponsored Display,14086,215,382.26,2012.26
16587,20250817,737,Sponsored Brands,1104,8,12.78,21.31
16588,20251002,721,Sponsored Display,2738,45,45.13,234.25
16589,20230119,352,Sponsored Products,2329,45,63.9,401.46
16590,20260607,672,Sponsored Brands,2819,39,23.99,87.99
16591,20250702,398,Sponsored Products,938,13,21.72,58.89
16592,20241003,22,Sponsored Products,593,10,14.06,73.08
16593,20240307,411,Sponsored Display,1237,20,28.23,55.48
16594,20250730,637,Sponsored Products,1303,21,36.09,84.31
16595,20240831,543,Sponsored Products,2270,25,43.22,144.94
16596,20250920,744,Sponsored Products,6283,40,56.75,110.4
16597,20230529,432,Sponsored Products,356,4,5.5,14.26
16598,20230514,195,Sponsored Display,2138,27,27.33,139.18
16599,20230719,720,Sponsored Brands,1745,9,14.61,89.43
16600,20240505,394,Sponsored Products,1873,32,30.16,164.86
16601,20230719,523,Sponsored Products,2405,35,22.55,140.14
16602,20251008,395,Sponsored Products,2649,13,14.95,88.57
16603,20230413,609,DSP,310,1,1.43,7.06
16604,20241121,172,Sponsored Products,2808,15,13.24,51.47
16605,20250909,366,Sponsored Products,5687,97,120.21,566.64
16606,20250623,38,Sponsored Products,141,2,1.01,2.51
16607,20241216,524,Sponsored Display,4248,64,110.34,417.76
16608,20250906,785,Sponsored Display,1020,3,2.05,10.12
16609,20240403,381,Sponsored Brands,1472,11,13.45,63.54
16610,20260326,453,Sponsored Products,2602,41,53.63,239.35
16611,20250722,143,Sponsored Products,1097,8,11.48,68.59
16612,20260328,593,Sponsored Brands,1807,13,17.16,100.81
16613,20250315,265,Sponsored Brands,3030,46,19.55,126.08
16614,20250722,172,Sponsored Display,4100,70,38.67,173.96
16615,20230921,268,Sponsored Products,581,3,5.35,12.58
16616,20250921,581,Sponsored Products,1274,11,16.4,41.2
16617,20251003,610,DSP,4357,33,57.71,197.55
16618,20230619,788,Sponsored Brands,299,2,2.73,12.14
16619,20250330,569,Sponsored Products,1441,16,25.76,128.44
16620,20240120,263,Sponsored Products,4927,28,22.54,114.34
16621,20260221,263,Sponsored Brands,1573,18,15.79,71.81
16622,20241220,635,Sponsored Display,5693,32,29.42,95.98
16623,20230604,119,Sponsored Products,731,5,5.15,22.36
16624,20230115,476,DSP,1149,18,8.54,39.61
16625,20241003,395,Sponsored Display,129,2,2.44,6.41
16626,20240916,621,Sponsored Products,917,7,11.46,30.91
16627,20251119,21,Sponsored Brands,843,14,18.78,112.27
16628,20230212,720,Sponsored Brands,2768,44,62.99,327.19
16629,20240628,776,Sponsored Brands,4379,16,10.94,27.52
16630,20241121,634,DSP,593,11,19.21,92.67
16631,20231013,653,Sponsored Display,2316,33,22.06,96.86
16632,20260421,59,DSP,1114,21,8.91,38.17
16633,20230801,419,Sponsored Products,533,2,2.94,6.92
16634,20240215,434,Sponsored Products,418,2,3.44,18.58
16635,20230223,306,Sponsored Brands,1207,19,9.0,47.66
16636,20250619,190,Sponsored Brands,431,1,1.04,2.14
16637,20260619,317,DSP,2573,16,27.01,121.76
16638,20241029,202,Sponsored Brands,343,6,4.05,14.83
16639,20230510,633,Sponsored Brands,670,12,17.94,27.58
16640,20250616,706,Sponsored Products,805,5,6.09,32.45
16641,20250824,785,Sponsored Products,553,7,9.42,23.87
16642,20230203,790,DSP,835,9,15.77,82.32
16643,20230713,16,Sponsored Brands,2162,27,26.08,87.78
16644,20241003,565,Sponsored Brands,687,8,7.65,21.0
16645,20250805,469,Sponsored Products,1086,9,12.42,56.18
16646,20241210,564,Sponsored Brands,1562,24,13.4,34.17
16647,20250218,384,Sponsored Display,2248,8,13.77,41.83
16648,20230630,285,Sponsored Products,2692,35,36.09,81.78
16649,20260619,650,Sponsored Display,2016,22,16.89,52.21
16650,20230807,342,Sponsored Brands,3842,51,68.84,205.92
16651,20260525,403,Sponsored Products,2465,8,4.22,15.13
16652,20260505,426,Sponsored Display,2441,24,36.11,177.11
16653,20241019,479,Sponsored Display,2146,23,27.68,91.34
16654,20260427,456,Sponsored Brands,1861,8,12.9,39.95
16655,20230609,62,DSP,134,0,0.0,0.0
16656,20240106,640,Sponsored Products,1489,14,8.91,18.43
16657,20240522,592,Sponsored Products,99,1,1.39,7.63
16658,20241013,749,Sponsored Brands,3353,39,21.49,46.38
16659,20230302,98,Sponsored Display,3269,25,12.69,59.27
16660,20231021,145,Sponsored Products,1228,4,3.87,10.71
16661,20231210,30,Sponsored Products,1741,19,12.39,38.02
16662,20250201,431,Sponsored Display,2052,7,6.3,16.09
16663,20240206,262,Sponsored Products,1271,19,11.17,42.06
16664,20230806,379,DSP,2942,9,4.11,14.46
16665,20230328,91,DSP,1301,16,16.78,94.93
16666,20241124,291,Sponsored Display,2291,23,16.26,33.91
16667,20260219,323,Sponsored Products,332,5,3.63,14.16
16668,20260626,131,Sponsored Brands,2112,12,19.9,77.12
16669,20250217,205,Sponsored Brands,2209,29,52.08,165.22
16670,20241019,99,Sponsored Products,1514,19,9.17,39.56
16671,20260509,237,Sponsored Display,3523,18,25.28,143.93
16672,20250619,569,Sponsored Products,3879,67,89.77,570.09
16673,20250408,785,Sponsored Products,1022,11,13.25,63.53
16674,20230201,124,Sponsored Brands,1871,30,44.38,276.94
16675,20260216,97,Sponsored Brands,647,2,3.21,17.12
16676,20250619,61,Sponsored Brands,2105,35,25.52,91.0
16677,20250903,318,Sponsored Brands,1262,6,8.19,14.29
16678,20240317,490,Sponsored Products,748,4,6.33,30.72
16679,20260130,38,Sponsored Brands,298,4,5.44,8.81
16680,20260408,540,Sponsored Products,1477,18,8.82,42.26
16681,20231231,132,Sponsored Products,1667,6,8.38,40.46
16682,20250623,706,Sponsored Products,2538,40,31.98,174.91
16683,20231202,387,Sponsored Products,954,14,18.66,77.07
16684,20251122,776,Sponsored Display,661,2,3.45,16.96
16685,20231212,209,Sponsored Products,1636,12,19.34,123.86
16686,20251130,184,DSP,2742,10,11.31,22.03
16687,20240906,670,Sponsored Products,2153,37,62.44,307.29
16688,20231111,284,Sponsored Products,727,2,3.47,5.59
16689,20230826,580,Sponsored Products,1464,19,27.78,154.67
16690,20230803,283,Sponsored Products,2714,38,43.62,129.98
16691,20230526,480,Sponsored Display,2007,35,24.11,65.0
16692,20250513,507,Sponsored Products,1028,20,8.15,24.68
16693,20241130,521,Sponsored Products,7324,66,36.02,210.25
16694,20231006,469,Sponsored Products,1693,28,49.49,175.02
16695,20250701,178,Sponsored Products,1528,28,15.72,68.59
16696,20260611,260,Sponsored Products,254,1,1.07,5.18
16697,20231015,203,Sponsored Brands,3745,34,31.37,116.87
16698,20240722,571,Sponsored Display,1019,9,7.36,39.67
16699,20230126,555,Sponsored Brands,238,4,2.72,15.11
16700,20241103,709,DSP,1863,13,15.71,45.34
16701,20260126,694,Sponsored Display,1567,20,13.59,36.24
16702,20260602,201,Sponsored Display,1054,19,7.97,34.24
16703,20260206,493,DSP,672,7,7.25,39.3
16704,20230309,17,Sponsored Brands,1005,10,9.62,40.55
16705,20240906,537,Sponsored Products,982,6,3.42,18.43
16706,20250310,711,Sponsored Display,1492,28,13.29,76.86
16707,20240116,6,DSP,1761,7,4.29,25.69
16708,20250401,559,Sponsored Products,2003,39,69.77,136.45
16709,20241109,507,Sponsored Products,1317,22,25.33,96.5
16710,20230520,603,Sponsored Brands,450,7,5.23,24.69
16711,20230901,94,Sponsored Products,2248,39,24.1,148.98
16712,20251218,392,Sponsored Brands,2263,32,46.78,262.73
16713,20241017,37,Sponsored Products,1844,19,25.38,113.05
16714,20241214,724,Sponsored Products,1463,27,27.21,62.52
16715,20241105,773,Sponsored Products,2710,11,5.37,11.96
16716,20250519,468,Sponsored Display,1642,5,8.87,41.61
16717,20230415,107,Sponsored Products,298,1,1.39,4.62
16718,20240318,22,Sponsored Brands,565,7,6.27,18.85
16719,20251202,546,Sponsored Products,2954,43,77.02,463.7
16720,20250705,220,Sponsored Products,552,2,0.98,3.96
16721,20250525,83,Sponsored Products,3070,21,34.4,115.97
16722,20240502,675,Sponsored Brands,842,14,21.96,110.55
16723,20250617,591,Sponsored Brands,4793,48,57.66,135.61
16724,20240601,118,DSP,636,7,8.17,20.48
16725,20231202,339,Sponsored Products,3542,60,64.02,260.41
16726,20250511,717,DSP,1167,16,16.08,99.47
16727,20250613,554,Sponsored Brands,1179,22,8.98,41.76
16728,20250726,615,DSP,2578,47,38.66,183.12
16729,20230715,530,Sponsored Products,2490,28,22.84,39.49
16730,20230207,190,Sponsored Brands,580,9,6.4,37.66
16731,20240526,328,Sponsored Products,2034,23,34.71,76.11
16732,20250927,255,Sponsored Display,1307,10,14.41,56.45
16733,20230518,320,Sponsored Products,1896,35,19.47,56.87
16734,20240425,529,Sponsored Display,1088,10,9.66,41.3
16735,20230803,752,Sponsored Brands,624,3,1.91,5.68
16736,20230308,785,Sponsored Products,880,14,12.11,32.82
16737,20230124,304,Sponsored Display,739,6,7.39,22.04
16738,20250606,18,Sponsored Products,1159,12,9.74,46.51
16739,20250217,735,Sponsored Brands,747,13,7.28,14.83
16740,20231016,455,Sponsored Display,706,6,4.13,14.25
16741,20250808,457,Sponsored Products,3331,13,16.44,50.48
16742,20230303,252,Sponsored Products,263,1,0.72,3.03
16743,20241025,291,Sponsored Display,586,5,6.88,15.65
16744,20230302,256,Sponsored Products,4288,66,81.86,139.79
16745,20240727,758,Sponsored Products,3326,23,36.17,142.45
16746,20250728,480,Sponsored Brands,1057,4,3.38,15.66
16747,20240818,382,Sponsored Brands,2418,9,13.38,57.69
16748,20251117,422,DSP,3050,59,32.06,96.98
16749,20231213,400,Sponsored Display,2475,26,19.95,59.2
16750,20250209,509,Sponsored Products,1507,29,23.92,82.71
16751,20260208,660,Sponsored Products,2224,39,58.4,289.6
16752,20240706,59,Sponsored Products,1867,6,7.33,14.47
16753,20250331,200,Sponsored Products,2930,14,5.87,33.06
16754,20250513,23,DSP,1025,19,26.06,77.1
16755,20240229,75,Sponsored Products,142,2,2.8,5.97
16756,20230906,372,Sponsored Products,2354,44,25.97,94.25
16757,20240403,172,Sponsored Products,171,1,1.49,9.09
16758,20250625,413,Sponsored Products,495,2,3.36,16.31
16759,20241120,4,DSP,1621,14,13.57,27.48
16760,20250619,356,Sponsored Products,1617,11,16.04,32.79
16761,20251012,760,Sponsored Brands,2713,48,47.23,87.92
16762,20230831,716,Sponsored Products,678,8,4.3,17.41
16763,20240913,658,Sponsored Brands,803,4,2.01,4.25
16764,20230816,419,Sponsored Brands,901,16,22.23,80.26
16765,20240615,18,Sponsored Products,2479,15,11.69,22.82
16766,20240106,422,Sponsored Products,1254,12,7.24,12.61
16767,20260410,383,Sponsored Brands,267,2,2.43,9.01
16768,20230323,398,Sponsored Products,2421,26,19.13,32.68
16769,20240625,543,Sponsored Display,437,2,3.53,6.01
16770,20230813,487,Sponsored Brands,1201,14,15.83,99.17
16771,20240412,386,Sponsored Brands,2186,8,12.52,60.9
16772,20230309,457,Sponsored Products,1938,28,11.74,65.25
16773,20230104,1,DSP,1595,18,25.25,138.53
16774,20250607,396,Sponsored Products,3415,53,86.46,307.81
16775,20250510,422,Sponsored Products,858,9,4.8,27.68
16776,20251226,403,Sponsored Products,3423,60,32.54,157.06
16777,20260527,636,Sponsored Products,629,10,12.49,55.19
16778,20260627,798,DSP,3334,32,56.31,337.86
16779,20230409,468,DSP,2481,31,49.16,172.74
16780,20250504,471,Sponsored Brands,721,3,4.5,6.8
16781,20240708,247,Sponsored Brands,1563,19,20.06,52.58
16782,20260522,752,Sponsored Brands,1374,8,6.46,17.7
16783,20240430,300,Sponsored Products,2182,22,39.13,101.05
16784,20251122,24,Sponsored Brands,533,6,9.02,53.54
16785,20250811,57,Sponsored Products,2075,33,18.29,34.83
16786,20230513,250,Sponsored Brands,4148,39,61.48,280.47
16787,20230628,665,Sponsored Products,945,16,23.98,143.94
16788,20250408,734,Sponsored Products,1782,10,9.4,35.62
16789,20241213,42,DSP,1091,13,11.35,60.53
16790,20240123,387,Sponsored Products,3587,41,23.41,122.12
16791,20240822,559,Sponsored Products,4423,57,26.64,146.17
16792,20240311,372,Sponsored Products,2165,28,31.51,137.3
16793,20240712,104,Sponsored Brands,2649,40,49.62,286.2
16794,20231222,560,Sponsored Brands,1399,12,7.63,15.93
16795,20250225,666,Sponsored Products,1343,24,19.23,89.04
16796,20250913,102,Sponsored Brands,1552,27,28.82,158.93
16797,20240602,744,Sponsored Products,724,5,6.14,38.85
16798,20250923,650,Sponsored Products,604,9,15.54,85.38
16799,20250512,316,Sponsored Brands,221,2,2.46,6.58
16800,20251107,121,DSP,644,11,6.39,23.87
16801,20260309,192,DSP,2261,28,45.26,221.72
16802,20241022,94,Sponsored Brands,914,2,2.1,8.95
16803,20230713,690,Sponsored Products,588,5,3.13,7.02
16804,20240915,243,Sponsored Products,1839,10,17.72,110.3
16805,20230126,329,Sponsored Products,589,10,6.34,26.38
16806,20250109,635,Sponsored Products,1546,18,21.71,43.74
16807,20230111,460,Sponsored Brands,628,6,9.08,18.28
16808,20231011,708,Sponsored Products,871,11,13.02,38.21
16809,20240908,543,Sponsored Products,2258,8,4.0,20.97
16810,20250511,26,Sponsored Products,4805,59,34.74,82.98
16811,20240514,514,Sponsored Products,1692,33,21.75,46.08
16812,20241002,562,Sponsored Products,1242,17,11.37,71.15
16813,20260610,124,Sponsored Products,415,7,5.44,20.05
16814,20250213,161,Sponsored Products,921,3,1.6,7.26
16815,20240528,424,Sponsored Products,1514,13,11.29,47.84
16816,20230612,347,Sponsored Products,1663,5,7.99,31.93
16817,20230716,248,Sponsored Products,2510,11,18.81,34.4
16818,20251224,319,Sponsored Products,2061,8,6.48,13.49
16819,20260527,327,Sponsored Products,2384,43,67.17,122.09
16820,20240513,318,DSP,2252,43,73.3,115.71
16821,20250516,40,Sponsored Brands,1726,20,22.93,96.62
16822,20250410,212,Sponsored Products,3693,12,8.0,29.57
16823,20240903,732,Sponsored Products,1725,23,16.8,107.25
16824,20240825,649,Sponsored Products,1667,11,9.37,38.42
16825,20250331,529,Sponsored Products,954,14,22.46,111.31
16826,20250220,742,Sponsored Brands,741,9,4.86,21.17
16827,20260621,787,Sponsored Brands,785,11,7.33,12.55
16828,20240502,169,Sponsored Brands,2397,46,36.36,60.94
16829,20240510,609,Sponsored Products,1299,8,4.58,28.99
16830,20230920,493,Sponsored Display,1711,15,9.62,55.53
16831,20251211,13,Sponsored Products,3711,52,57.85,135.57
16832,20230209,122,Sponsored Products,1215,16,27.94,85.47
16833,20251216,448,Sponsored Products,3621,16,19.82,47.22
16834,20240928,215,Sponsored Brands,2757,39,47.89,152.18
16835,20260321,414,Sponsored Brands,1024,9,11.73,60.04
16836,20240310,483,Sponsored Products,274,5,7.72,37.58
16837,20251226,673,Sponsored Display,264,1,0.67,1.55
16838,20230731,168,Sponsored Products,491,6,9.12,25.72
16839,20240521,629,Sponsored Products,380,3,3.22,8.02
16840,20241127,101,Sponsored Brands,5892,32,45.41,73.24
16841,20240416,333,Sponsored Brands,657,3,3.24,15.02
16842,20230505,536,Sponsored Products,2799,31,33.2,171.61
16843,20230711,150,Sponsored Products,8396,64,91.99,294.74
16844,20240624,26,Sponsored Brands,695,5,8.94,34.16
16845,20230511,47,Sponsored Display,1274,16,18.75,119.75
16846,20260623,105,Sponsored Products,299,1,1.45,6.23
16847,20241017,534,Sponsored Products,494,2,2.74,7.25
16848,20260105,219,Sponsored Display,3111,39,24.22,36.88
16849,20230403,24,DSP,746,3,3.37,11.86
16850,20251220,379,DSP,887,10,14.91,32.65
16851,20241209,406,Sponsored Products,637,11,13.24,73.91
16852,20230621,691,DSP,3566,29,29.61,166.4
16853,20240115,4,Sponsored Display,3201,27,42.61,184.03
16854,20230203,636,Sponsored Products,1406,21,18.31,115.33
16855,20251031,216,Sponsored Brands,564,10,12.0,50.31
16856,20230826,670,Sponsored Display,1122,20,23.27,75.02
16857,20230621,464,Sponsored Display,2129,27,36.62,207.86
16858,20230624,599,Sponsored Products,1422,17,7.13,27.57
16859,20250218,273,Sponsored Brands,1764,14,18.54,33.96
16860,20240520,573,Sponsored Brands,686,11,4.68,9.79
16861,20240421,702,Sponsored Products,2265,35,17.79,28.81
16862,20241102,11,Sponsored Display,1974,28,32.37,189.73
16863,20230304,258,DSP,3687,20,27.88,87.46
16864,20231022,492,DSP,349,1,1.2,4.07
16865,20250522,399,Sponsored Products,2195,9,9.34,33.53
16866,20240530,550,Sponsored Brands,3382,54,71.49,314.21
16867,20240211,758,Sponsored Products,3564,44,22.25,112.31
16868,20260119,44,Sponsored Brands,2386,12,17.39,45.29
16869,20230307,369,Sponsored Products,1383,20,13.04,42.47
16870,20240102,458,Sponsored Brands,5422,63,102.42,211.03
16871,20230306,366,Sponsored Products,970,3,2.34,4.57
16872,20260130,144,Sponsored Brands,2048,27,11.98,51.55
16873,20260415,167,Sponsored Products,985,10,7.93,32.89
16874,20240805,82,Sponsored Display,315,4,6.75,32.77
16875,20231203,616,DSP,1056,13,15.59,70.58
16876,20250103,45,DSP,3120,22,32.5,196.46
16877,20240924,244,Sponsored Products,834,15,6.03,17.61
16878,20230418,46,Sponsored Brands,1744,19,15.63,56.11
16879,20251213,325,Sponsored Brands,1938,25,39.53,137.44
16880,20260207,267,Sponsored Products,250,1,1.35,5.13
16881,20240510,540,DSP,3277,35,49.01,122.54
16882,20240802,255,Sponsored Products,1047,16,28.37,103.48
16883,20240222,513,DSP,313,5,3.6,6.16
16884,20250720,545,Sponsored Products,1302,10,7.63,33.34
16885,20230503,223,Sponsored Display,2968,47,51.1,274.11
16886,20231229,373,Sponsored Brands,368,2,2.15,8.99
16887,20240314,363,DSP,2664,47,56.49,230.39
16888,20260304,606,Sponsored Products,1205,19,18.11,85.35
16889,20231122,168,Sponsored Products,680,11,7.67,41.95
16890,20260206,11,Sponsored Display,1110,11,16.24,28.97
16891,20240302,401,Sponsored Brands,1773,31,28.57,68.07
16892,20241222,655,Sponsored Products,4729,78,37.84,135.75
16893,20260307,684,Sponsored Products,1550,16,21.05,126.33
16894,20230206,80,Sponsored Products,480,9,15.84,40.25
16895,20230203,761,Sponsored Products,381,5,3.49,19.35
16896,20251106,758,Sponsored Brands,4491,19,18.45,72.79
16897,20230713,612,Sponsored Brands,1714,32,31.73,111.4
16898,20230526,64,Sponsored Brands,1586,28,13.7,84.86
16899,20240208,725,DSP,973,6,3.04,4.63
16900,20260522,563,Sponsored Display,742,11,13.96,55.8
16901,20251101,434,Sponsored Products,1994,21,32.41,156.68
16902,20230225,593,Sponsored Products,1156,18,24.96,42.84
16903,20230509,83,Sponsored Products,1479,16,28.6,111.06
16904,20240305,120,Sponsored Brands,2681,47,40.76,231.04
16905,20240604,388,Sponsored Brands,3466,50,61.17,124.8
16906,20230127,197,Sponsored Products,3879,31,50.91,328.57
16907,20250127,663,Sponsored Brands,1547,19,8.17,23.72
16908,20250815,379,Sponsored Products,426,7,6.57,12.08
16909,20240916,446,Sponsored Products,1832,32,19.39,107.83
16910,20240917,476,Sponsored Products,1112,17,16.39,47.03
16911,20260609,427,DSP,473,7,6.02,27.29
16912,20250121,366,Sponsored Products,887,7,10.94,37.5
16913,20230606,379,Sponsored Brands,2004,23,28.31,81.88
16914,20230415,478,Sponsored Brands,982,18,10.29,43.83
16915,20230715,58,Sponsored Brands,1161,10,5.05,10.38
16916,20250724,531,Sponsored Products,2722,26,21.75,79.8
16917,20230511,553,Sponsored Brands,1292,21,34.44,102.24
16918,20251109,392,Sponsored Display,4816,81,63.38,291.11
16919,20250321,351,Sponsored Products,2102,15,24.74,49.31
16920,20250124,413,Sponsored Display,118,1,1.43,8.37
16921,20251123,38,Sponsored Brands,1422,14,8.72,16.66
16922,20230612,137,Sponsored Products,1895,12,12.22,39.85
16923,20230812,498,Sponsored Products,2475,22,14.4,41.1
16924,20250122,71,Sponsored Products,436,8,7.65,47.72
16925,20250730,401,Sponsored Brands,1123,20,24.85,86.06
16926,20250722,179,Sponsored Brands,2134,28,33.74,106.43
16927,20240915,238,Sponsored Display,1638,20,23.85,121.52
16928,20240528,664,Sponsored Products,2955,11,16.56,30.86
16929,20230208,101,Sponsored Products,2514,43,18.49,49.28
16930,20240108,698,Sponsored Brands,1732,12,14.81,82.68
16931,20241205,283,Sponsored Brands,555,4,5.9,15.9
16932,20230828,503,Sponsored Products,2606,25,33.32,88.38
16933,20230815,672,Sponsored Brands,2156,23,14.03,48.11
16934,20240514,487,Sponsored Products,538,5,7.35,38.43
16935,20230801,409,DSP,3771,15,16.13,76.94
16936,20260316,338,Sponsored Brands,1272,20,14.9,24.11
16937,20230311,187,Sponsored Products,1395,14,12.64,53.83
16938,20230811,533,Sponsored Display,1368,26,46.59,206.5
16939,20241021,176,Sponsored Brands,1622,5,3.82,22.63
16940,20240925,413,Sponsored Products,813,15,18.38,58.03
16941,20230404,141,Sponsored Products,900,10,8.84,20.21
16942,20250223,290,Sponsored Brands,1576,17,12.79,72.07
16943,20230314,112,Sponsored Brands,2599,44,25.36,127.14
16944,20240118,380,Sponsored Brands,1022,10,15.81,60.51
16945,20251022,303,Sponsored Products,3079,16,13.58,78.47
16946,20250803,759,Sponsored Brands,214,3,3.44,19.42
16947,20260613,667,Sponsored Brands,2640,12,19.59,104.41
16948,20230520,11,Sponsored Brands,2596,30,22.72,66.5
16949,20250330,497,Sponsored Display,1040,13,22.26,98.01
16950,20240104,54,Sponsored Products,1631,28,30.31,114.7
16951,20231009,665,Sponsored Brands,677,7,3.76,9.04
16952,20230121,64,Sponsored Products,951,15,13.47,74.5
16953,20250420,204,DSP,959,16,9.9,51.99
16954,20240605,523,Sponsored Products,169,1,1.12,3.04
16955,20250331,312,Sponsored Display,2143,40,21.25,97.94
16956,20240918,430,Sponsored Products,573,9,12.64,72.76
16957,20230602,25,Sponsored Products,1687,27,21.51,127.6
16958,20250617,299,Sponsored Products,461,6,8.92,34.89
16959,20251020,610,Sponsored Products,950,8,13.36,69.48
16960,20231020,709,Sponsored Brands,970,3,4.22,7.68
16961,20231026,266,Sponsored Products,449,7,8.04,14.79
16962,20240228,662,Sponsored Products,4041,71,100.6,217.7
16963,20230409,614,Sponsored Display,3100,28,49.46,228.6
16964,20250310,303,Sponsored Products,1011,6,7.14,37.58
16965,20250114,719,Sponsored Brands,3028,45,69.63,127.72
16966,20240423,204,Sponsored Brands,1289,3,2.22,3.9
16967,20231124,253,Sponsored Products,17869,272,468.02,2273.7
16968,20241107,87,Sponsored Display,1438,26,40.63,182.01
16969,20250612,5,Sponsored Display,1476,27,13.99,63.96
16970,20251009,262,Sponsored Products,408,7,11.83,49.15
16971,20230911,426,DSP,603,11,12.61,19.32
16972,20240229,439,Sponsored Display,487,7,4.23,6.46
16973,20241009,313,Sponsored Products,940,9,8.68,26.27
16974,20250226,592,Sponsored Display,286,4,1.82,6.37
16975,20250408,422,Sponsored Products,2518,34,36.99,199.76
16976,20240522,549,Sponsored Products,905,10,4.09,16.63
16977,20250530,515,Sponsored Display,666,6,4.76,18.39
16978,20230322,187,Sponsored Products,567,8,13.1,51.26
16979,20230703,721,Sponsored Products,2753,18,25.59,137.65
16980,20230331,633,Sponsored Products,1161,11,9.03,26.92
16981,20260512,173,Sponsored Brands,274,3,1.84,6.83
16982,20240714,636,DSP,478,3,3.82,9.0
16983,20230617,270,Sponsored Products,760,4,4.49,28.57
16984,20250611,75,Sponsored Brands,4598,89,74.97,316.23
16985,20251206,142,Sponsored Display,2560,16,25.37,111.64
16986,20230721,630,Sponsored Display,2518,11,19.66,66.59
16987,20250202,409,Sponsored Products,2183,36,21.95,69.23
16988,20260506,153,Sponsored Products,3311,32,22.29,70.16
16989,20251105,724,Sponsored Products,931,15,15.8,101.65
16990,20250530,184,Sponsored Products,736,3,1.59,5.32
16991,20240127,529,Sponsored Products,1338,17,24.78,61.78
16992,20240517,415,Sponsored Products,719,10,14.78,78.11
16993,20250927,620,Sponsored Products,2286,33,25.05,157.0
16994,20240720,734,Sponsored Display,1990,13,17.03,32.4
16995,20250703,402,Sponsored Brands,1594,13,14.92,34.04
16996,20240505,95,Sponsored Brands,692,3,2.53,16.4
16997,20230122,559,Sponsored Products,6305,93,91.22,563.19
16998,20240920,542,Sponsored Brands,1665,33,26.74,55.46
16999,20230904,594,Sponsored Products,224,0,0.0,0.0
17000,20230107,582,DSP,1508,5,5.36,22.93
17001,20240415,339,Sponsored Products,181,3,4.0,11.9
17002,20240818,471,Sponsored Brands,593,8,13.18,62.32
17003,20250114,551,Sponsored Brands,869,5,2.7,15.07
17004,20230618,415,Sponsored Products,3942,65,113.06,550.85
17005,20240128,269,Sponsored Display,349,5,8.68,32.86
17006,20240916,87,Sponsored Products,3199,54,58.33,221.93
17007,20250603,359,Sponsored Brands,3314,57,57.76,206.51
17008,20241027,445,Sponsored Products,6425,48,38.45,176.36
17009,20251127,219,Sponsored Products,5982,40,71.47,307.27
17010,20260531,130,Sponsored Brands,2093,6,6.74,33.34
17011,20230219,175,Sponsored Products,1626,31,28.62,113.76
17012,20251224,438,Sponsored Display,989,6,9.0,19.57
17013,20231212,425,Sponsored Display,966,16,16.43,53.77
17014,20240206,126,Sponsored Products,995,13,23.0,117.12
17015,20241218,555,Sponsored Products,866,5,2.86,8.34
17016,20230401,306,Sponsored Products,4905,39,66.35,387.08
17017,20260510,283,Sponsored Products,1104,17,13.68,83.89
17018,20250713,712,Sponsored Brands,3055,33,46.5,237.56
17019,20250124,64,Sponsored Products,509,9,5.15,27.52
17020,20230823,241,Sponsored Brands,1426,12,17.24,79.35
17021,20251202,599,Sponsored Brands,810,15,13.43,80.37
17022,20250812,571,Sponsored Products,1745,24,14.44,90.25
17023,20251225,105,Sponsored Brands,1263,23,37.25,191.75
17024,20250116,263,Sponsored Products,6246,58,44.45,272.91
17025,20240211,582,DSP,1098,15,18.73,78.05
17026,20230807,427,Sponsored Display,1433,5,6.02,14.64
17027,20241219,186,Sponsored Display,2561,20,32.69,67.23
17028,20260228,339,Sponsored Products,2128,38,46.83,214.52
17029,20250125,107,Sponsored Brands,2747,45,18.21,44.5
17030,20240816,279,Sponsored Products,784,5,4.0,16.4
17031,20250725,391,Sponsored Products,591,8,14.32,64.25
17032,20240306,59,Sponsored Products,486,9,14.78,38.51
17033,20240520,361,Sponsored Brands,812,10,9.67,45.0
17034,20240501,178,Sponsored Brands,1265,10,5.22,31.42
17035,20230215,102,Sponsored Products,1274,23,15.53,78.58
17036,20240724,68,Sponsored Display,783,12,7.5,22.6
17037,20260215,128,Sponsored Products,656,9,14.18,28.55
17038,20231016,776,Sponsored Products,523,9,5.78,32.35
17039,20230224,650,Sponsored Products,310,3,3.05,11.17
17040,20240817,424,DSP,884,14,14.08,82.52
17041,20230318,528,Sponsored Brands,2022,38,64.85,279.09
17042,20250129,52,Sponsored Display,924,16,24.41,144.67
17043,20240121,300,Sponsored Display,1913,10,12.86,25.45
17044,20250919,468,Sponsored Display,740,10,6.19,13.03
17045,20230716,91,Sponsored Products,3114,21,26.21,55.17
17046,20260211,512,Sponsored Products,1001,14,12.99,84.08
17047,20240826,792,Sponsored Products,1817,7,3.23,6.21
17048,20260114,357,Sponsored Products,2312,17,7.88,20.15
17049,20260526,401,Sponsored Products,1694,19,29.63,78.03
17050,20250131,99,DSP,292,2,2.39,10.73
17051,20250218,408,DSP,3439,53,64.4,351.68
17052,20250105,611,DSP,2238,33,30.98,195.23
17053,20251113,58,DSP,548,7,6.18,11.65
17054,20231124,407,DSP,6383,96,127.94,332.69
17055,20250526,15,Sponsored Display,1526,14,19.65,52.3
17056,20230719,423,Sponsored Brands,1549,21,25.86,141.58
17057,20230813,435,Sponsored Products,1033,13,11.05,16.7
17058,20250217,569,Sponsored Brands,896,16,14.74,58.94
17059,20250216,305,Sponsored Products,2742,30,26.17,113.47
17060,20240125,633,Sponsored Display,1592,15,14.48,28.6
17061,20240322,604,Sponsored Products,674,8,11.38,28.98
17062,20230916,275,Sponsored Products,3575,69,56.37,111.64
17063,20240323,104,Sponsored Brands,2792,45,66.79,110.69
17064,20251128,397,Sponsored Brands,7125,141,105.25,274.57
17065,20250204,537,DSP,550,5,3.54,16.44
17066,20241028,315,Sponsored Brands,906,4,2.07,4.97
17067,20250908,332,Sponsored Products,1267,23,13.01,43.52
17068,20250604,147,Sponsored Brands,2622,27,40.99,129.76
17069,20231010,45,Sponsored Brands,812,6,5.67,11.32
17070,20250727,680,DSP,719,12,10.14,28.44
17071,20230330,69,DSP,1528,7,10.23,60.86
17072,20241117,243,Sponsored Brands,1786,20,10.62,27.17
17073,20241006,284,Sponsored Display,1116,12,11.23,55.6
17074,20250925,382,Sponsored Display,958,9,10.87,39.56
17075,20241023,134,Sponsored Products,4684,88,111.02,459.97
17076,20260130,180,Sponsored Products,1697,16,14.57,62.56
17077,20231101,729,Sponsored Display,1484,17,14.62,42.96
17078,20230628,508,Sponsored Products,1539,9,5.53,15.17
17079,20230817,241,Sponsored Products,962,15,14.93,62.11
17080,20240617,711,DSP,3383,48,30.99,117.93
17081,20230527,690,Sponsored Brands,672,2,1.51,8.07
17082,20240618,100,Sponsored Brands,1172,15,25.17,59.04
17083,20240101,66,Sponsored Products,1109,7,7.24,19.95
17084,20250822,169,Sponsored Brands,1456,21,32.34,128.62
17085,20260408,82,Sponsored Products,1241,12,17.72,61.81
17086,20230503,557,Sponsored Products,1314,12,21.27,117.64
17087,20230417,450,Sponsored Brands,1528,25,27.4,136.04
17088,20250710,251,Sponsored Display,4509,29,13.45,72.37
17089,20231028,380,Sponsored Brands,2422,23,34.14,207.07
17090,20250514,765,Sponsored Brands,2135,17,22.16,37.16
17091,20240129,699,Sponsored Products,4132,34,54.75,270.62
17092,20240215,240,DSP,362,1,1.57,9.17
17093,20230615,562,Sponsored Brands,304,3,4.38,15.37
17094,20231024,422,DSP,1779,22,26.52,164.5
17095,20240419,488,Sponsored Brands,1035,10,6.71,38.24
17096,20251103,612,Sponsored Products,1606,8,5.92,25.45
17097,20241025,427,Sponsored Products,3670,41,34.79,190.73
17098,20230630,252,Sponsored Brands,2547,28,21.86,93.91
17099,20250620,204,Sponsored Products,2206,13,19.22,65.78
17100,20260214,266,Sponsored Products,3068,17,12.01,34.66
17101,20251002,4,Sponsored Products,4029,53,68.04,301.37
17102,20230127,492,Sponsored Brands,1280,9,13.62,23.05
17103,20250714,689,Sponsored Display,4039,23,29.77,166.11
17104,20250312,727,DSP,1572,12,21.31,55.49
17105,20260628,702,Sponsored Brands,1565,31,25.58,121.26
17106,20230327,67,Sponsored Brands,677,9,11.07,42.81
17107,20260112,319,Sponsored Products,363,1,0.7,1.65
17108,20230109,448,Sponsored Products,3576,49,86.77,323.56
17109,20240510,696,DSP,537,4,2.1,6.76
17110,20241016,249,Sponsored Brands,955,17,18.77,107.06
17111,20260303,592,Sponsored Products,1415,10,7.68,21.31
17112,20240930,739,Sponsored Products,568,9,4.28,20.91
17113,20260302,754,Sponsored Products,1608,21,31.64,107.29
17114,20230130,31,Sponsored Products,1321,13,11.77,38.93
17115,20230629,783,Sponsored Brands,1661,30,21.98,63.59
17116,20260101,139,DSP,4480,71,112.35,294.57
17117,20251230,153,DSP,1642,19,15.09,35.09
17118,20240130,706,Sponsored Brands,263,1,1.29,6.01
17119,20230628,557,Sponsored Display,1493,8,9.05,20.86
17120,20240501,66,Sponsored Display,2547,12,5.05,27.77
17121,20240727,436,Sponsored Products,1478,28,26.75,123.96
17122,20260130,753,Sponsored Products,1777,17,23.31,107.81
17123,20230311,345,Sponsored Products,730,11,7.1,35.52
17124,20240109,127,Sponsored Brands,2083,14,7.52,45.92
17125,20260604,552,DSP,606,8,8.31,31.36
17126,20230221,321,Sponsored Brands,2524,46,65.05,402.78
17127,20250915,218,Sponsored Products,558,7,12.23,34.39
17128,20251219,51,Sponsored Products,6916,97,135.82,280.05
17129,20241222,694,Sponsored Products,1670,11,6.53,23.52
17130,20241117,54,Sponsored Brands,1092,14,24.82,128.85
17131,20250521,47,Sponsored Brands,504,2,2.1,13.6
17132,20231105,429,Sponsored Products,1853,27,29.2,115.76
17133,20241213,497,Sponsored Products,302,1,1.25,2.14
17134,20251126,264,Sponsored Display,457,6,3.85,13.8
17135,20240913,443,Sponsored Display,641,12,17.32,104.01
17136,20241031,33,Sponsored Products,1225,14,5.76,34.63
17137,20260513,789,Sponsored Products,1015,16,9.95,40.73
17138,20260524,158,Sponsored Products,1846,9,10.04,43.51
17139,20230907,627,Sponsored Brands,662,11,15.08,51.27
17140,20241229,119,Sponsored Display,1386,15,20.31,74.82
17141,20250507,768,Sponsored Brands,852,7,3.75,17.73
17142,20231206,756,Sponsored Products,986,11,17.2,78.65
17143,20260614,52,Sponsored Products,1506,6,8.85,47.31
17144,20260121,482,Sponsored Brands,1202,12,10.88,44.44
17145,20230112,632,Sponsored Brands,515,3,2.26,9.43
17146,20240720,145,Sponsored Display,3334,46,50.08,233.77
17147,20250915,482,Sponsored Products,2189,34,34.93,103.08
17148,20260509,342,Sponsored Brands,2040,33,14.96,38.41
17149,20250210,17,Sponsored Products,2342,11,11.04,48.0
17150,20230206,702,Sponsored Brands,1003,15,7.66,37.93
17151,20260626,71,Sponsored Display,853,6,7.98,51.66
17152,20260503,100,Sponsored Products,2160,37,18.9,69.73
17153,20250619,77,DSP,3231,12,11.31,26.88
17154,20230714,96,DSP,1961,16,24.52,80.19
17155,20241222,792,Sponsored Products,215,3,2.29,5.81
17156,20230419,128,Sponsored Products,1123,17,24.77,70.42
17157,20241001,685,Sponsored Brands,5582,92,55.55,350.51
17158,20240409,507,Sponsored Products,985,13,11.56,24.39
17159,20240602,657,Sponsored Display,971,11,17.51,98.79
17160,20230719,119,Sponsored Products,1417,12,18.33,70.82
17161,20240828,357,Sponsored Products,208,3,2.12,7.63
17162,20250405,43,Sponsored Products,1791,8,6.65,28.17
17163,20251022,11,Sponsored Brands,285,1,0.5,1.48
17164,20250809,712,Sponsored Brands,2047,24,29.81,118.38
17165,20230122,226,Sponsored Products,3280,52,25.23,84.9
17166,20251121,615,Sponsored Products,585,8,3.85,17.49
17167,20230307,649,Sponsored Brands,1854,8,10.2,28.45
17168,20260302,532,Sponsored Brands,2312,36,38.56,119.09
17169,20250701,257,Sponsored Products,848,7,3.59,10.57
17170,20250815,101,DSP,641,5,5.04,15.4
17171,20250205,503,Sponsored Display,1914,7,3.65,22.33
17172,20240117,243,Sponsored Brands,2729,32,27.17,80.17
17173,20250906,619,DSP,759,8,11.73,48.42
17174,20240722,215,Sponsored Brands,609,7,3.25,5.95
17175,20240522,667,Sponsored Products,1871,15,6.44,24.46
17176,20260517,540,Sponsored Display,864,14,17.2,42.13
17177,20250417,592,Sponsored Display,1320,13,6.6,30.11
17178,20240908,623,Sponsored Products,2416,12,17.6,48.68
17179,20250412,380,Sponsored Brands,881,8,11.08,45.87
17180,20241221,111,Sponsored Products,4032,32,31.64,135.51
17181,20231129,167,Sponsored Products,3774,35,32.84,165.85
17182,20230205,483,Sponsored Products,1186,15,9.74,30.85
17183,20231025,605,Sponsored Brands,2491,35,15.59,53.21
17184,20230620,615,Sponsored Brands,1003,16,9.69,39.42
17185,20251231,472,Sponsored Products,1714,9,11.32,51.15
17186,20240430,325,Sponsored Brands,651,2,2.48,14.67
17187,20250428,21,Sponsored Products,665,12,6.64,18.28
17188,20231009,665,Sponsored Products,1385,8,7.0,11.13
17189,20260421,482,Sponsored Products,124,1,1.43,6.6
17190,20230226,800,Sponsored Brands,1584,15,9.47,52.81
17191,20260304,612,Sponsored Display,63,0,0.0,0.0
17192,20250827,453,Sponsored Products,627,6,7.92,27.44
17193,20230911,343,Sponsored Display,2219,36,46.6,145.47
17194,20230520,334,Sponsored Brands,920,8,10.48,22.58
17195,20260312,382,Sponsored Display,381,4,6.16,26.53
17196,20230903,344,Sponsored Products,2377,26,42.12,198.03
17197,20231109,200,Sponsored Brands,2837,21,15.42,84.14
17198,20240212,83,Sponsored Products,1643,25,28.1,111.57
17199,20260531,721,Sponsored Brands,2231,31,20.99,80.25
17200,20240322,375,Sponsored Products,492,9,12.29,61.65
17201,20250511,743,Sponsored Display,125,2,2.49,7.82
17202,20230509,120,Sponsored Display,468,5,6.64,17.64
17203,20260111,601,Sponsored Brands,2446,21,14.24,84.61
17204,20240618,618,Sponsored Brands,1871,8,4.26,16.26
17205,20250622,383,Sponsored Products,1810,24,10.37,23.24
17206,20250116,744,Sponsored Products,2693,40,40.22,211.84
17207,20240418,698,Sponsored Brands,6228,117,191.98,865.87
17208,20251213,608,Sponsored Display,238,1,1.09,5.7
17209,20240621,695,Sponsored Products,1706,19,17.75,54.52
17210,20260522,778,Sponsored Brands,247,4,5.1,32.93
17211,20230827,76,Sponsored Products,4030,67,38.57,82.09
17212,20241201,144,Sponsored Display,2588,30,47.62,112.71
17213,20250527,243,Sponsored Display,2196,35,41.54,118.42
17214,20251017,533,Sponsored Brands,2661,51,75.21,446.27
17215,20231113,704,Sponsored Display,1455,26,45.3,126.04
17216,20230907,417,Sponsored Products,699,5,3.11,19.69
17217,20230809,571,Sponsored Display,641,7,8.28,47.26
17218,20260204,46,Sponsored Brands,3306,24,28.68,155.9
17219,20230711,250,DSP,16175,75,129.53,532.99
17220,20240508,404,Sponsored Display,3253,10,13.73,45.13
17221,20251023,122,Sponsored Products,1459,14,20.47,44.31
17222,20241014,69,DSP,212,1,0.62,2.26
17223,20251210,37,DSP,2411,29,27.84,108.6
17224,20240815,206,Sponsored Display,698,6,9.63,18.8
17225,20230527,410,Sponsored Brands,2694,44,74.55,317.78
17226,20250709,85,Sponsored Products,3742,61,79.53,401.18
17227,20230721,667,Sponsored Products,693,9,7.49,17.62
17228,20260125,252,Sponsored Brands,517,10,15.55,69.54
17229,20251025,798,Sponsored Display,1144,9,15.88,68.82
17230,20250717,480,Sponsored Products,606,8,13.99,47.45
17231,20240423,434,Sponsored Display,680,3,2.42,10.1
17232,20250209,654,Sponsored Brands,1070,11,18.41,77.1
17233,20230704,176,Sponsored Products,4055,77,52.39,123.94
17234,20260508,179,Sponsored Products,884,3,3.45,12.74
17235,20241207,2,Sponsored Products,3807,41,65.12,415.68
17236,20241224,645,Sponsored Products,7644,103,107.89,599.43
17237,20230617,415,Sponsored Brands,970,16,27.81,162.44
17238,20250115,459,Sponsored Display,874,7,12.24,47.44
17239,20260106,332,Sponsored Products,589,3,2.41,15.63
17240,20240114,81,Sponsored Products,667,4,4.75,15.28
17241,20241215,790,Sponsored Brands,3450,27,36.42,77.69
17242,20231125,203,Sponsored Brands,497,5,4.56,24.38
17243,20240513,364,Sponsored Products,1849,26,42.18,186.66
17244,20260128,409,Sponsored Products,3499,66,76.58,208.54
17245,20231022,419,Sponsored Brands,580,2,2.46,13.6
17246,20240910,167,Sponsored Products,3403,54,36.3,156.97
17247,20230723,44,Sponsored Products,1385,25,15.56,54.36
17248,20230203,580,Sponsored Products,249,1,1.72,6.07
17249,20230729,184,Sponsored Brands,1454,16,16.5,62.68
17250,20240227,672,DSP,2205,33,17.48,83.66
17251,20230728,154,Sponsored Display,3405,14,12.54,39.39
17252,20230515,203,Sponsored Brands,1023,20,28.29,94.49
17253,20251118,187,Sponsored Products,3147,30,27.87,97.93
17254,20250527,191,Sponsored Products,2361,13,5.93,20.1
17255,20240802,351,Sponsored Brands,428,7,9.75,42.96
17256,20250305,457,Sponsored Products,2351,20,16.47,39.17
17257,20251129,378,Sponsored Display,7855,26,15.41,70.17
17258,20250910,419,Sponsored Display,1104,16,18.6,96.41
17259,20240813,779,Sponsored Products,2866,12,16.73,102.78
17260,20250709,613,Sponsored Brands,252,4,5.14,10.27
17261,20231125,476,Sponsored Brands,1194,15,25.08,148.1
17262,20251125,41,Sponsored Products,874,2,3.39,5.22
17263,20230212,734,Sponsored Display,4395,14,19.1,113.37
17264,20240307,623,Sponsored Products,2399,46,36.95,152.87
17265,20250924,347,Sponsored Products,894,15,20.75,46.14
17266,20240323,474,Sponsored Brands,4054,18,16.32,66.91
17267,20230604,612,Sponsored Display,2410,14,21.83,108.76
17268,20251117,466,Sponsored Brands,3803,22,11.36,61.24
17269,20251201,436,Sponsored Brands,687,3,4.04,6.69
17270,20251117,599,Sponsored Brands,1139,15,7.11,29.55
17271,20250905,377,Sponsored Products,1578,15,25.4,153.04
17272,20250127,14,Sponsored Products,1703,14,20.78,103.01
17273,20230618,540,Sponsored Brands,1240,23,21.49,127.41
17274,20240707,779,Sponsored Products,858,10,14.43,85.21
17275,20240730,720,Sponsored Products,1023,14,19.68,53.48
17276,20240516,75,Sponsored Display,4487,42,51.78,299.3
17277,20241107,457,DSP,1932,23,35.2,150.88
17278,20260411,629,DSP,2499,39,60.16,147.64
17279,20240121,500,Sponsored Display,1613,25,27.99,138.78
17280,20240502,800,Sponsored Brands,504,9,11.25,22.07
17281,20250530,644,Sponsored Display,601,10,11.02,59.62
17282,20250209,52,Sponsored Products,2099,10,13.44,70.18
17283,20251209,456,Sponsored Products,1026,10,9.57,38.24
17284,20230620,396,Sponsored Products,2563,25,16.35,98.08
17285,20250526,56,Sponsored Products,1320,9,5.92,36.22
17286,20240825,105,Sponsored Brands,1733,20,23.36,142.19
17287,20240317,9,Sponsored Products,3117,43,58.12,339.95
17288,20240209,19,DSP,468,3,4.04,17.55
17289,20230404,301,Sponsored Display,3304,44,37.3,160.84
17290,20240827,158,Sponsored Products,1057,9,9.87,52.16
17291,20251211,167,Sponsored Products,2377,43,21.92,83.88
17292,20250307,374,Sponsored Brands,4843,52,35.6,79.23
17293,20230520,663,Sponsored Products,905,6,2.82,13.24
17294,20250826,215,Sponsored Products,788,10,17.19,100.19
17295,20240715,712,Sponsored Products,483,7,3.97,13.27
17296,20230619,474,Sponsored Products,1469,13,7.63,24.83
17297,20250202,507,Sponsored Products,556,3,5.29,29.58
17298,20230602,458,Sponsored Products,814,4,4.46,11.49
17299,20241208,104,Sponsored Brands,5103,78,69.04,377.3
17300,20250415,393,Sponsored Products,255,4,1.84,3.2
17301,20250415,410,Sponsored Display,1751,10,16.61,38.74
17302,20260616,234,Sponsored Display,419,2,1.43,6.64
17303,20231207,434,Sponsored Products,1944,13,17.24,39.4
17304,20250919,577,Sponsored Products,351,4,5.96,18.19
17305,20230805,762,Sponsored Display,2625,12,13.63,83.87
17306,20250819,537,Sponsored Products,706,5,4.31,12.01
17307,20230216,631,Sponsored Brands,1308,10,10.49,29.96
17308,20250117,562,Sponsored Products,510,6,4.4,23.61
17309,20240127,143,Sponsored Display,466,7,9.52,41.7
17310,20230410,80,Sponsored Display,1650,5,6.82,14.33
17311,20250719,419,Sponsored Display,696,5,2.63,13.0
17312,20240113,159,Sponsored Display,1302,10,9.57,54.66
17313,20230125,470,Sponsored Products,1123,19,12.65,68.62
17314,20260508,258,Sponsored Brands,607,2,1.72,3.2
17315,20240119,677,Sponsored Display,528,10,5.0,30.49
17316,20251019,663,Sponsored Display,2234,27,22.11,34.2
17317,20230324,278,Sponsored Products,1695,16,6.83,25.03
17318,20250327,751,DSP,1603,30,12.17,29.54
17319,20230812,366,DSP,5430,92,83.32,153.67
17320,20240706,683,Sponsored Products,2907,44,62.65,261.02
17321,20230131,89,Sponsored Brands,1376,21,35.03,152.87
17322,20240907,161,Sponsored Display,3340,30,26.03,140.13
17323,20241222,14,Sponsored Products,1853,11,16.12,24.89
17324,20251214,393,Sponsored Products,3366,45,48.77,174.43
17325,20250828,181,Sponsored Products,1184,23,33.11,155.07
17326,20251102,303,DSP,1620,23,39.97,160.86
17327,20241006,504,DSP,1420,24,31.84,60.71
17328,20250307,531,DSP,1049,10,16.56,103.91
17329,20241119,680,Sponsored Products,1530,24,20.23,95.31
17330,20240818,422,Sponsored Products,3645,58,62.5,333.89
17331,20230604,365,Sponsored Brands,2483,42,67.37,275.69
17332,20241120,472,Sponsored Products,1861,31,30.35,80.87
17333,20251015,224,Sponsored Display,117,1,1.03,2.18
17334,20260126,787,Sponsored Products,1386,15,18.73,59.66
17335,20241229,109,Sponsored Products,2085,28,27.99,45.38
17336,20250313,209,Sponsored Products,798,14,23.51,151.79
17337,20260320,556,Sponsored Products,477,7,4.44,20.83
17338,20260410,7,Sponsored Products,4823,60,77.11,492.26
17339,20260409,344,Sponsored Display,2091,27,21.56,65.38
17340,20250405,495,Sponsored Brands,867,12,16.06,25.21
17341,20231016,775,Sponsored Products,1396,5,6.44,27.3
17342,20250306,103,Sponsored Display,412,5,5.01,14.49
17343,20230730,627,Sponsored Brands,2039,33,41.46,107.93
17344,20250817,385,Sponsored Brands,2973,35,26.92,114.41
17345,20260105,383,Sponsored Products,2758,13,23.09,121.66
17346,20250410,619,Sponsored Brands,1546,30,24.12,52.36
17347,20260123,645,DSP,2189,32,43.68,81.49
17348,20230427,30,Sponsored Products,3829,38,59.28,263.31
17349,20260415,792,Sponsored Brands,1658,32,43.53,173.32
17350,20250405,523,Sponsored Brands,2041,20,18.37,104.16
17351,20251109,27,Sponsored Products,1267,22,39.29,205.72
17352,20230322,471,Sponsored Display,1153,4,6.5,12.56
17353,20240423,549,Sponsored Products,2119,25,42.23,235.12
17354,20231008,277,Sponsored Brands,1816,30,47.65,265.63
17355,20240402,401,Sponsored Display,669,5,3.56,14.56
17356,20260618,481,Sponsored Products,194,1,1.51,9.55
17357,20230410,605,Sponsored Products,2809,31,40.14,151.0
17358,20250121,672,Sponsored Brands,3013,54,71.77,361.43
17359,20250410,628,Sponsored Display,1512,23,31.9,56.69
17360,20260316,415,Sponsored Display,1353,12,8.13,12.53
17361,20230806,31,Sponsored Products,2064,9,15.39,87.51
17362,20240430,361,DSP,1441,8,12.43,52.53
17363,20231111,302,Sponsored Brands,330,5,4.38,27.41
17364,20241101,27,Sponsored Display,234,0,0.0,0.0
17365,20230721,658,Sponsored Products,1354,6,9.38,47.63
17366,20230602,441,Sponsored Products,2054,11,13.38,66.65
17367,20230314,328,Sponsored Products,1364,20,19.62,97.41
17368,20260124,268,Sponsored Brands,2745,50,69.19,251.45
17369,20230115,300,Sponsored Products,4383,44,47.86,110.24
17370,20240322,744,Sponsored Products,866,11,17.28,109.16
17371,20240427,378,Sponsored Products,3026,53,32.66,204.76
17372,20250126,40,Sponsored Display,1090,14,21.92,45.26
17373,20240804,405,Sponsored Products,579,7,7.25,25.34
17374,20260221,132,Sponsored Brands,1005,10,8.97,49.63
17375,20230321,519,Sponsored Products,290,3,2.94,4.88
17376,20251118,127,Sponsored Products,8967,150,125.39,433.83
17377,20250625,525,DSP,2642,17,15.91,57.05
17378,20241005,509,Sponsored Products,3655,44,67.65,137.25
17379,20250214,735,DSP,2748,45,60.42,316.55
17380,20230718,123,Sponsored Display,2711,32,24.88,102.26
17381,20250401,696,Sponsored Products,127,2,1.65,6.51
17382,20240503,93,Sponsored Brands,642,12,21.26,76.81
17383,20250223,659,Sponsored Display,1940,38,50.09,316.05
17384,20241113,275,Sponsored Brands,4106,26,44.61,156.46
17385,20260406,612,Sponsored Products,1612,10,10.45,56.69
17386,20231106,460,Sponsored Products,1554,22,12.47,41.3
17387,20250407,757,Sponsored Products,3005,50,29.1,84.02
17388,20240419,471,Sponsored Products,632,7,10.64,21.75
17389,20231128,740,Sponsored Brands,1679,19,29.34,127.41
17390,20251110,340,Sponsored Brands,643,6,5.34,34.66
17391,20240116,489,Sponsored Products,217,3,3.8,16.87
17392,20240131,382,Sponsored Display,1884,25,22.6,118.04
17393,20230609,189,Sponsored Brands,922,4,7.19,41.17
17394,20231216,26,Sponsored Products,4320,44,34.98,224.83
17395,20251226,432,Sponsored Products,5420,83,135.18,817.06
17396,20230915,457,Sponsored Products,1805,25,34.72,97.66
17397,20260119,629,Sponsored Products,458,6,7.38,43.92
17398,20251018,700,DSP,3076,16,11.56,68.74
17399,20250518,555,Sponsored Brands,4115,52,58.32,316.65
17400,20230603,302,Sponsored Brands,557,9,13.42,81.26
17401,20230514,126,DSP,1769,22,29.55,179.22
17402,20240228,161,Sponsored Products,739,12,6.73,18.21
17403,20231119,624,Sponsored Products,2033,11,4.62,19.2
17404,20251007,607,Sponsored Products,457,2,1.84,3.67
17405,20240414,793,Sponsored Products,115,1,1.62,5.2
17406,20250611,479,DSP,1169,6,7.78,27.2
17407,20230210,309,Sponsored Display,1859,13,7.78,49.69
17408,20250525,336,Sponsored Brands,1580,19,26.22,57.52
17409,20240908,686,Sponsored Products,6582,46,71.28,233.52
17410,20250819,540,Sponsored Products,2916,47,38.52,166.71
17411,20230917,514,Sponsored Products,2878,52,84.97,539.18
17412,20230403,652,DSP,2125,6,5.58,10.32
17413,20240501,40,Sponsored Products,1829,33,17.43,32.76
17414,20240518,434,Sponsored Products,516,2,1.76,8.73
17415,20240616,791,Sponsored Products,1951,25,17.86,104.45
17416,20230331,72,Sponsored Products,1367,24,30.74,129.22
17417,20231005,243,Sponsored Products,1899,36,23.55,94.93
17418,20250814,336,Sponsored Brands,850,9,8.63,33.23
17419,20241108,307,Sponsored Display,973,11,16.48,92.67
17420,20230615,25,Sponsored Products,2630,23,13.29,48.82
17421,20260326,19,Sponsored Brands,3219,24,12.0,20.89
17422,20241007,273,Sponsored Brands,1731,15,14.97,43.98
17423,20240823,85,Sponsored Brands,423,2,1.49,7.49
17424,20260414,369,Sponsored Products,506,4,2.45,7.48
17425,20231030,655,Sponsored Display,1216,13,19.65,89.97
17426,20230509,751,DSP,2395,33,40.64,89.56
17427,20230605,529,Sponsored Display,619,7,4.6,17.08
17428,20230706,778,Sponsored Brands,2672,50,36.98,84.88
17429,20230122,99,Sponsored Brands,8650,55,96.61,468.92
17430,20240911,737,Sponsored Products,2155,26,37.82,157.36
17431,20251105,424,Sponsored Display,633,1,1.29,6.25
17432,20250828,633,Sponsored Products,1128,9,10.98,32.66
17433,20231004,704,Sponsored Products,3315,15,11.36,72.68
17434,20240728,106,Sponsored Brands,751,2,1.51,8.93
17435,20250703,361,Sponsored Brands,1556,18,8.84,46.41
17436,20260208,116,Sponsored Products,494,3,4.21,9.3
17437,20250522,543,Sponsored Brands,2415,43,37.43,201.5
17438,20241227,721,Sponsored Products,432,4,1.94,4.98
17439,20230429,500,Sponsored Products,2666,44,26.07,79.62
17440,20250815,40,Sponsored Products,427,8,5.97,18.21
17441,20251116,566,DSP,1139,17,10.34,61.79
17442,20250907,263,DSP,2575,44,41.43,228.7
17443,20250716,672,Sponsored Products,2016,21,11.1,27.63
17444,20231113,756,DSP,494,5,6.45,28.9
17445,20250714,512,Sponsored Display,2085,20,11.04,35.56
17446,20250725,154,Sponsored Display,2305,45,33.38,198.11
17447,20241207,288,Sponsored Display,1022,5,4.07,24.77
17448,20250728,191,Sponsored Products,1155,13,9.28,41.9
17449,20260302,630,Sponsored Products,1098,19,32.83,205.24
17450,20260124,577,Sponsored Products,2093,14,11.18,21.57
17451,20241214,272,Sponsored Products,2468,44,32.79,200.94
17452,20240224,348,Sponsored Products,965,14,16.24,26.65
17453,20260104,418,Sponsored Products,2499,22,28.96,62.79
17454,20240603,593,DSP,1636,16,9.9,32.03
17455,20230411,39,Sponsored Brands,612,9,13.75,28.99
17456,20240810,251,Sponsored Brands,1214,18,23.01,122.68
17457,20241104,770,Sponsored Display,482,5,8.61,53.74
17458,20250111,716,Sponsored Brands,2829,49,82.13,478.77
17459,20260201,360,Sponsored Products,4828,65,39.2,66.32
17460,20240129,553,Sponsored Brands,1909,6,7.12,18.73
17461,20230522,54,Sponsored Products,2476,40,63.5,380.7
17462,20251001,354,Sponsored Products,1759,30,15.18,88.69
17463,20250323,334,Sponsored Brands,1671,11,19.64,53.64
17464,20240722,711,Sponsored Display,381,4,5.67,30.34
17465,20241104,484,Sponsored Products,1544,10,17.9,106.57
17466,20230616,231,Sponsored Display,699,4,5.92,23.15
17467,20240106,562,Sponsored Products,1354,19,25.67,78.84
17468,20250516,665,Sponsored Products,1763,5,2.03,9.51
17469,20240919,573,Sponsored Products,2188,13,21.11,63.29
17470,20230104,188,Sponsored Products,1995,38,49.62,235.37
17471,20260301,791,Sponsored Products,2020,7,4.0,23.51
17472,20240427,304,Sponsored Brands,3273,60,61.15,93.41
17473,20240221,257,Sponsored Brands,1679,31,17.12,84.88
17474,20260519,768,Sponsored Brands,1486,21,27.64,60.13
17475,20230604,598,Sponsored Products,1557,13,9.12,28.62
17476,20241107,418,Sponsored Products,623,2,3.01,10.52
17477,20250616,133,DSP,1005,12,13.73,36.86
17478,20241108,627,DSP,1061,7,5.8,25.16
17479,20260302,137,Sponsored Brands,1998,11,10.49,53.81
17480,20260324,460,Sponsored Products,563,5,2.94,7.79
17481,20250814,549,Sponsored Products,1970,28,40.6,125.97
17482,20260624,261,Sponsored Brands,1327,9,3.83,10.21
17483,20250919,512,Sponsored Brands,1652,19,24.61,57.2
17484,20260211,771,Sponsored Display,1614,17,24.81,95.42
17485,20250506,190,Sponsored Brands,986,4,6.63,14.59
17486,20230216,155,DSP,2033,10,5.74,16.14
17487,20230413,633,Sponsored Display,7089,97,102.78,268.09
17488,20240401,104,Sponsored Products,3070,37,61.75,120.21
17489,20250704,314,Sponsored Display,1167,12,7.98,48.17
17490,20250609,603,Sponsored Products,691,4,5.51,33.18
17491,20250107,373,Sponsored Products,819,6,4.1,6.17
17492,20240201,700,Sponsored Products,1702,12,13.16,39.45
17493,20260316,44,Sponsored Display,778,7,12.51,39.37
17494,20230116,430,Sponsored Products,339,6,7.55,26.79
17495,20260302,189,Sponsored Products,1267,7,11.78,39.57
17496,20231014,716,Sponsored Products,722,10,10.88,50.74
17497,20251201,247,Sponsored Brands,665,12,10.42,36.48
17498,20260528,784,Sponsored Products,999,19,15.67,35.55
17499,20230428,45,Sponsored Products,151,1,0.8,2.05
17500,20251022,176,Sponsored Products,373,2,1.16,7.11
17501,20260117,219,Sponsored Products,946,5,3.49,20.93
17502,20251003,401,Sponsored Products,3018,24,10.76,42.47
17503,20231028,229,Sponsored Display,2712,22,11.33,39.22
17504,20230204,63,Sponsored Products,2266,40,71.93,239.95
17505,20251221,177,Sponsored Display,3168,53,30.88,144.87
17506,20250113,118,Sponsored Products,1256,14,16.44,76.99
17507,20230204,120,Sponsored Products,586,6,3.7,22.55
17508,20250130,775,Sponsored Products,1100,21,11.95,33.23
17509,20240428,182,Sponsored Brands,694,7,5.68,18.84
17510,20250201,59,Sponsored Brands,2252,23,10.68,39.48
17511,20240906,180,Sponsored Products,136,2,1.28,8.2
17512,20230203,265,Sponsored Brands,3176,61,105.8,212.83
17513,20260508,102,Sponsored Brands,1981,38,57.21,261.61
17514,20240429,223,Sponsored Products,2956,56,44.14,283.11
17515,20240916,375,Sponsored Brands,3399,65,52.9,319.17
17516,20230208,675,Sponsored Products,507,9,6.93,10.63
17517,20241120,370,Sponsored Products,761,4,5.54,29.84
17518,20241013,289,Sponsored Display,3983,23,9.64,42.38
17519,20260131,707,Sponsored Products,724,8,10.36,18.13
17520,20241108,179,Sponsored Products,111,1,1.17,5.67
17521,20240702,257,Sponsored Products,3576,55,62.05,169.44
17522,20250315,770,Sponsored Products,2500,7,3.9,13.01
17523,20230518,39,Sponsored Display,1550,23,26.76,129.79
17524,20230704,613,Sponsored Brands,1066,6,9.12,58.47
17525,20250914,374,DSP,2411,46,31.79,181.82
17526,20230711,356,Sponsored Products,2048,30,51.39,126.45
17527,20230622,231,Sponsored Products,2330,15,21.09,61.14
17528,20250512,662,DSP,1228,13,13.0,82.13
17529,20240303,305,Sponsored Products,504,3,2.8,9.45
17530,20230719,592,Sponsored Display,738,5,2.25,10.91
17531,20240730,647,Sponsored Products,1775,25,41.41,86.45
17532,20260319,798,Sponsored Brands,1655,14,23.11,73.93
17533,20240518,604,Sponsored Display,2333,23,24.89,129.01
17534,20230620,504,Sponsored Products,2185,13,15.19,43.39
17535,20231115,455,Sponsored Products,883,14,12.79,78.41
17536,20240710,575,Sponsored Brands,1167,9,13.84,46.83
17537,20260428,717,Sponsored Products,2316,35,20.69,118.26
17538,20230415,783,Sponsored Products,584,7,5.79,24.29
17539,20241119,466,Sponsored Brands,2017,13,15.4,62.72
17540,20250716,47,Sponsored Products,1571,8,10.55,29.98
17541,20241209,312,Sponsored Brands,294,1,0.57,1.6
17542,20241126,33,Sponsored Brands,680,10,10.01,28.64
17543,20260225,555,Sponsored Products,720,6,9.67,26.49
17544,20230105,571,Sponsored Products,821,6,8.34,27.8
17545,20240113,733,Sponsored Brands,1757,34,47.71,294.26
17546,20231005,102,Sponsored Products,1670,31,35.69,123.86
17547,20240526,188,Sponsored Products,1899,20,12.42,68.53
17548,20251228,54,Sponsored Brands,1471,18,21.18,85.84
17549,20251103,585,Sponsored Display,3186,36,17.45,45.22
17550,20230226,301,Sponsored Display,261,1,1.13,4.47
17551,20240613,13,Sponsored Products,1518,7,2.82,10.79
17552,20231110,619,Sponsored Display,642,12,19.9,122.97
17553,20260107,719,Sponsored Products,3486,18,25.89,155.15
17554,20260216,87,Sponsored Brands,588,10,11.26,44.61
17555,20240520,240,Sponsored Products,168,0,0.0,0.0
17556,20230327,48,Sponsored Products,2303,33,31.75,48.78
17557,20251009,446,Sponsored Display,2316,28,17.67,49.74
17558,20260415,82,Sponsored Brands,1300,19,17.0,89.02
17559,20250613,628,Sponsored Brands,4042,37,49.51,179.59
17560,20230320,700,Sponsored Brands,534,9,7.66,27.09
17561,20251020,613,Sponsored Brands,2034,36,49.23,100.99
17562,20230324,392,Sponsored Products,1064,6,8.26,27.71
17563,20230821,577,Sponsored Display,803,10,9.79,29.63
17564,20230912,199,Sponsored Brands,292,2,2.94,9.83
17565,20230911,155,Sponsored Products,387,5,4.19,23.37
17566,20240301,775,Sponsored Products,1895,9,4.0,6.04
17567,20251122,288,Sponsored Products,1668,7,12.38,29.61
17568,20231006,609,Sponsored Products,1715,19,8.56,29.3
17569,20251104,494,Sponsored Display,823,13,5.23,27.22
17570,20250110,285,Sponsored Products,3033,23,21.85,51.91
17571,20250724,354,DSP,579,2,1.72,5.23
17572,20260415,746,Sponsored Products,106,1,0.91,2.05
17573,20240601,623,Sponsored Products,5121,36,23.19,44.47
17574,20240625,788,Sponsored Products,1033,10,4.13,25.09
17575,20240625,239,Sponsored Brands,1118,20,25.59,46.43
17576,20251228,31,Sponsored Brands,2406,32,49.47,77.17
17577,20260218,86,Sponsored Products,1061,7,8.46,30.15
17578,20250709,752,Sponsored Products,1253,13,8.57,43.63
17579,20230328,599,Sponsored Products,1285,23,27.56,136.56
17580,20260218,98,Sponsored Products,898,4,3.75,16.37
17581,20260316,280,Sponsored Products,1302,22,38.2,86.16
17582,20231009,431,Sponsored Brands,1082,5,5.22,20.16
17583,20250729,310,Sponsored Brands,376,2,0.97,3.27
17584,20240212,351,Sponsored Products,257,2,3.1,17.14
17585,20231210,770,Sponsored Brands,728,9,15.15,83.5
17586,20230809,464,DSP,591,5,7.14,34.91
17587,20230704,344,Sponsored Brands,291,2,2.27,6.29
17588,20230121,86,Sponsored Products,881,4,3.59,16.26
17589,20250623,561,Sponsored Products,2171,24,20.83,131.6
17590,20260517,206,Sponsored Products,1077,15,17.54,39.56
17591,20230720,414,Sponsored Products,1766,34,51.48,323.98
17592,20250317,232,Sponsored Products,2156,26,40.91,258.29
17593,20251227,312,DSP,3589,49,37.22,67.13
17594,20260208,288,Sponsored Products,2844,49,30.17,139.06
17595,20230520,391,Sponsored Products,2224,37,58.81,144.74
17596,20260608,613,DSP,1045,10,14.62,52.24
17597,20260302,484,Sponsored Display,1949,15,24.69,84.76
17598,20240824,675,Sponsored Products,3224,11,19.5,124.48
17599,20250419,41,Sponsored Products,1294,16,9.67,29.17
17600,20240630,82,Sponsored Products,690,8,11.96,21.3
17601,20240108,485,Sponsored Products,1569,21,31.77,192.78
17602,20241118,74,Sponsored Products,1458,22,14.02,87.2
17603,20241119,494,DSP,599,8,11.95,45.84
17604,20230717,560,Sponsored Brands,732,3,3.17,18.51
17605,20240218,135,Sponsored Products,1414,14,18.86,30.34
17606,20230201,529,Sponsored Products,1012,11,15.12,28.32
17607,20230124,93,Sponsored Products,893,2,1.67,8.26
17608,20230422,58,Sponsored Brands,795,6,10.0,33.23
17609,20251111,700,DSP,786,6,9.9,20.86
17610,20240509,15,Sponsored Brands,3300,43,76.17,461.18
17611,20250607,374,Sponsored Products,2951,16,14.12,31.08
17612,20240228,145,Sponsored Products,1471,25,42.9,139.76
17613,20230808,557,DSP,684,8,5.77,11.77
17614,20251121,218,Sponsored Brands,419,7,7.04,22.33
17615,20230530,470,Sponsored Brands,6068,59,28.04,88.21
17616,20250223,26,Sponsored Brands,683,9,4.98,23.32
17617,20240410,196,DSP,1296,7,12.43,36.53
17618,20231229,273,Sponsored Products,3516,64,64.69,144.89
17619,20241102,409,DSP,1151,6,8.29,52.24
17620,20231106,173,Sponsored Products,1698,23,35.52,189.86
17621,20260404,393,DSP,2158,31,50.13,238.17
17622,20230808,745,Sponsored Products,3551,63,72.67,177.57
17623,20251201,509,DSP,1473,28,27.77,157.17
17624,20251202,178,Sponsored Brands,464,4,5.66,10.33
17625,20230105,336,Sponsored Brands,2353,11,12.21,41.98
17626,20240720,689,Sponsored Brands,1271,15,22.85,124.8
17627,20250329,99,Sponsored Products,3490,26,21.87,56.65
17628,20240615,798,Sponsored Display,1154,4,2.39,9.0
17629,20250706,27,Sponsored Brands,3821,55,78.93,230.47
17630,20240109,697,Sponsored Brands,4258,20,28.12,101.35
17631,20240410,133,Sponsored Brands,2606,31,24.27,64.19
17632,20250113,317,Sponsored Products,2654,28,21.53,37.16
17633,20250920,216,Sponsored Products,2590,24,37.77,63.82
17634,20260205,361,Sponsored Products,2177,20,33.44,78.08
17635,20250722,200,DSP,1328,23,17.72,71.44
17636,20250914,742,Sponsored Products,875,4,1.89,11.6
17637,20251212,102,Sponsored Products,1630,6,6.43,17.3
17638,20251116,202,Sponsored Brands,862,7,10.24,16.98
17639,20250424,507,Sponsored Brands,1611,24,11.9,26.81
17640,20240216,261,Sponsored Display,630,10,5.29,16.57
17641,20230619,557,Sponsored Products,1874,9,12.06,43.33
17642,20240204,290,Sponsored Products,478,8,13.95,87.7
17643,20250820,705,Sponsored Brands,1286,5,8.36,13.35
17644,20230404,123,Sponsored Display,2081,20,32.11,96.61
17645,20240227,265,Sponsored Brands,1289,18,13.93,44.39
17646,20230516,459,Sponsored Products,1240,11,16.23,78.47
17647,20231024,471,Sponsored Brands,115,2,2.62,9.3
17648,20231107,414,Sponsored Products,2004,9,7.49,44.52
17649,20251007,622,Sponsored Products,292,3,3.31,20.87
17650,20260209,511,DSP,43,0,0.0,0.0
17651,20250921,131,Sponsored Brands,814,14,21.01,91.87
17652,20231207,577,Sponsored Products,1240,11,5.59,9.92
17653,20230411,738,Sponsored Products,1295,25,27.2,76.68
17654,20230123,543,Sponsored Brands,258,3,4.19,10.83
17655,20260622,216,Sponsored Products,367,3,3.33,17.01
17656,20260506,612,Sponsored Products,2796,48,50.53,247.78
17657,20230703,213,Sponsored Brands,717,3,3.72,18.01
17658,20240508,391,Sponsored Products,3554,28,38.15,101.55
17659,20240904,639,Sponsored Products,255,2,2.14,13.58
17660,20250830,711,Sponsored Brands,1252,16,21.0,59.42
17661,20250824,433,Sponsored Display,3708,58,50.93,147.32
17662,20230222,651,DSP,547,3,1.78,4.25
17663,20230313,757,Sponsored Products,402,5,8.42,24.61
17664,20240412,670,Sponsored Products,2060,36,62.18,280.3
17665,20241026,462,Sponsored Brands,575,2,3.02,14.01
17666,20240113,73,Sponsored Products,4634,80,79.52,368.63
17667,20251011,89,Sponsored Products,891,3,3.98,8.0
17668,20230503,241,Sponsored Brands,947,10,10.6,44.88
17669,20251118,312,Sponsored Products,511,5,3.13,16.94
17670,20240714,218,DSP,1934,9,4.31,7.88
17671,20241008,288,DSP,1305,7,4.57,17.87
17672,20250411,707,Sponsored Display,1887,32,22.82,60.99
17673,20250406,737,DSP,672,4,2.08,6.26
17674,20241019,208,Sponsored Brands,1819,31,21.7,105.24
17675,20260307,123,Sponsored Products,590,2,2.05,3.52
17676,20230503,413,Sponsored Brands,1481,22,16.72,73.5
17677,20240226,7,Sponsored Products,1725,14,8.14,17.32
17678,20241030,23,Sponsored Brands,1519,27,19.1,122.94
17679,20240325,698,Sponsored Brands,1331,6,5.58,17.82
17680,20251118,61,DSP,1883,34,48.49,95.86
17681,20230307,127,Sponsored Brands,5213,65,65.7,386.55
17682,20241125,707,Sponsored Products,2116,38,41.21,254.29
17683,20240113,355,Sponsored Products,3818,26,18.81,48.34
17684,20240726,244,DSP,3083,38,60.53,361.68
17685,20260414,317,Sponsored Products,1175,21,33.99,167.42
17686,20250513,729,Sponsored Products,4558,17,26.08,58.04
17687,20260108,208,Sponsored Products,790,2,2.04,9.18
17688,20260504,594,Sponsored Products,320,1,0.71,1.18
17689,20230714,554,Sponsored Products,1130,21,11.64,20.26
17690,20230608,246,Sponsored Display,3354,43,40.09,121.73
17691,20260424,653,Sponsored Products,1027,3,4.45,12.19
17692,20251027,124,Sponsored Products,561,10,16.11,33.17
17693,20230228,283,Sponsored Products,424,6,2.42,10.99
17694,20260214,672,Sponsored Brands,1088,10,11.63,19.74
17695,20250520,795,Sponsored Products,867,7,11.6,52.94
17696,20250222,213,Sponsored Brands,598,3,5.24,17.97
17697,20240210,649,Sponsored Brands,2663,47,79.53,360.2
17698,20230303,355,Sponsored Products,1050,4,3.86,10.77
17699,20260131,701,Sponsored Brands,2285,15,13.34,45.54
17700,20240129,148,DSP,3797,63,73.73,159.05
17701,20251024,181,Sponsored Brands,2556,32,29.73,87.25
17702,20240412,464,Sponsored Display,437,3,1.38,3.4
17703,20240828,76,Sponsored Brands,1442,11,19.5,112.54
17704,20250412,7,Sponsored Brands,1474,12,7.63,40.5
17705,20260214,744,Sponsored Products,1785,12,14.55,47.02
17706,20250303,135,Sponsored Brands,540,4,5.1,8.03
17707,20230220,591,Sponsored Brands,564,5,7.9,12.55
17708,20240730,416,Sponsored Brands,700,6,10.06,28.23
17709,20240203,208,Sponsored Display,1191,8,7.32,37.11
17710,20260404,178,Sponsored Display,3848,30,49.45,296.64
17711,20250626,244,Sponsored Products,5115,72,70.63,340.93
17712,20230130,198,Sponsored Products,204,2,2.6,8.18
17713,20230430,98,DSP,497,8,6.67,24.67
17714,20260413,632,Sponsored Products,544,5,3.43,17.08
17715,20250904,741,Sponsored Products,3706,25,19.6,74.41
17716,20231024,95,DSP,1118,10,9.06,46.65
17717,20250608,648,Sponsored Display,581,9,8.61,37.96
17718,20240819,174,Sponsored Brands,806,3,3.71,23.11
17719,20251222,701,Sponsored Brands,3647,42,25.44,95.63
17720,20240311,306,Sponsored Products,2268,28,22.66,132.92
17721,20250225,342,Sponsored Products,185,1,1.21,7.69
17722,20230626,657,Sponsored Products,662,8,12.6,80.17
17723,20230706,691,DSP,1568,5,8.33,40.48
17724,20251120,618,Sponsored Brands,948,3,1.97,11.51
17725,20250128,727,Sponsored Products,562,4,7.19,35.57
17726,20260323,501,Sponsored Products,2220,30,16.23,89.41
17727,20241018,443,Sponsored Brands,947,11,11.71,21.76
17728,20230808,782,Sponsored Brands,2285,42,33.6,202.19
17729,20240415,305,Sponsored Products,1187,16,7.94,13.82
17730,20230324,380,Sponsored Display,2111,20,26.61,155.24
17731,20230319,290,Sponsored Products,653,7,12.56,24.38
17732,20230714,361,Sponsored Display,1152,14,14.5,44.7
17733,20250606,499,Sponsored Products,1630,28,44.98,225.46
17734,20230910,485,Sponsored Brands,2997,52,26.37,136.53
17735,20241109,783,Sponsored Products,734,7,9.35,52.99
17736,20240902,36,Sponsored Display,2447,30,17.19,106.87
17737,20251214,776,Sponsored Products,2712,45,20.14,65.29
17738,20230511,480,Sponsored Brands,1245,6,10.16,38.69
17739,20260418,494,Sponsored Products,1556,17,8.51,22.05
17740,20251115,683,Sponsored Products,2721,14,16.47,70.44
17741,20250714,165,Sponsored Brands,2185,12,15.05,68.99
17742,20240110,724,Sponsored Products,444,4,6.13,27.44
17743,20241114,418,Sponsored Products,824,15,12.66,28.5
17744,20240427,66,Sponsored Brands,1314,4,5.05,14.62
17745,20251201,623,Sponsored Products,1124,19,32.26,110.74
17746,20231028,398,Sponsored Products,3553,51,52.21,273.94
17747,20251102,12,Sponsored Products,1864,33,27.47,92.62
17748,20230921,726,Sponsored Products,2768,15,19.66,114.06
17749,20260610,16,Sponsored Brands,1489,25,38.22,144.34
17750,20241114,601,Sponsored Brands,1056,18,10.92,26.47
17751,20250813,731,Sponsored Display,478,2,3.49,17.71
17752,20240425,6,Sponsored Products,694,4,4.44,17.84
17753,20240206,25,Sponsored Products,4062,70,69.67,315.79
17754,20240519,791,Sponsored Display,502,2,3.29,16.92
17755,20230216,296,Sponsored Products,488,8,11.71,70.97
17756,20250606,362,Sponsored Products,859,8,3.57,12.22
17757,20240329,275,DSP,269,3,4.06,12.34
17758,20230706,392,Sponsored Brands,2692,47,65.13,176.13
17759,20260419,651,Sponsored Products,3920,25,23.88,66.44
17760,20260617,456,DSP,168,2,3.3,5.45
17761,20240402,138,Sponsored Products,1556,23,30.91,147.16
17762,20251006,482,Sponsored Brands,141,0,0.0,0.0
17763,20231110,516,Sponsored Products,1502,14,13.7,56.84
17764,20250513,665,Sponsored Products,841,3,5.37,11.12
17765,20241106,189,Sponsored Products,1106,11,19.38,75.72
17766,20240727,315,Sponsored Display,2307,14,16.69,70.97
17767,20240114,561,Sponsored Products,3323,55,32.19,153.34
17768,20230919,658,Sponsored Products,1390,24,24.23,48.83
17769,20250523,23,Sponsored Products,2554,40,33.81,151.16
17770,20230109,188,DSP,1834,11,8.7,49.87
17771,20241218,311,Sponsored Products,5039,84,81.07,380.84
17772,20230602,760,Sponsored Brands,426,5,2.98,10.64
17773,20231014,507,Sponsored Display,744,14,11.19,44.89
17774,20240315,406,Sponsored Products,1690,30,53.55,160.87
17775,20260315,608,Sponsored Products,871,9,8.39,46.46
17776,20240409,773,Sponsored Products,3186,61,88.63,341.49
17777,20251006,425,Sponsored Products,777,4,3.81,7.48
17778,20240227,362,Sponsored Brands,283,4,4.92,9.28
17779,20250716,352,Sponsored Products,832,5,5.78,23.43
17780,20251130,129,Sponsored Products,6457,60,68.35,256.69
17781,20260515,173,Sponsored Brands,847,2,1.42,5.96
17782,20250822,127,Sponsored Products,1478,12,13.06,81.04
17783,20230225,799,Sponsored Brands,4321,84,97.6,616.85
17784,20240402,424,Sponsored Display,1481,17,14.07,82.02
17785,20240610,31,Sponsored Brands,769,8,9.71,17.47
17786,20240603,337,Sponsored Products,1052,14,11.22,25.14
17787,20240321,333,Sponsored Products,777,7,9.18,28.21
17788,20230523,426,Sponsored Products,2351,30,24.12,118.89
17789,20250116,522,Sponsored Products,942,7,12.22,47.83
17790,20230831,63,DSP,2369,7,8.1,15.51
17791,20230805,640,Sponsored Products,1261,5,2.13,11.51
17792,20240829,800,Sponsored Brands,928,17,7.62,47.48
17793,20240518,296,Sponsored Products,1494,18,7.53,22.19
17794,20250203,116,Sponsored Products,3497,50,32.5,197.33
17795,20240809,617,Sponsored Brands,605,9,10.66,56.93
17796,20240430,717,Sponsored Display,703,8,11.23,35.74
17797,20250817,115,Sponsored Products,1505,13,13.81,51.04
17798,20240406,614,DSP,1516,5,4.16,9.4
17799,20250815,487,Sponsored Products,1471,26,46.5,154.77
17800,20240311,216,Sponsored Products,993,5,6.79,28.95
17801,20230311,81,DSP,541,8,12.91,34.92
17802,20230331,413,Sponsored Products,1936,32,57.34,332.3
17803,20260514,440,Sponsored Products,863,15,6.7,16.92
17804,20240210,428,Sponsored Brands,270,1,1.3,2.34
17805,20250209,582,DSP,1404,26,41.41,211.28
17806,20231016,148,Sponsored Products,3015,31,27.65,91.12
17807,20251017,702,Sponsored Products,863,7,7.57,42.3
17808,20250614,145,DSP,4668,24,37.02,203.99
17809,20241112,127,Sponsored Products,857,10,14.85,70.54
17810,20230801,30,Sponsored Display,540,1,1.45,2.47
17811,20240425,144,Sponsored Products,901,14,16.18,102.29
17812,20260521,349,Sponsored Products,1172,14,15.54,53.13
17813,20240305,273,Sponsored Products,2032,20,33.29,129.64
17814,20250426,135,Sponsored Products,413,6,2.83,16.67
17815,20251115,148,Sponsored Products,2625,28,31.74,77.03
17816,20250713,401,DSP,1656,7,10.74,44.97
17817,20260604,343,Sponsored Products,247,3,4.69,18.81
17818,20250211,618,Sponsored Display,1354,19,29.53,58.93
17819,20241026,91,Sponsored Products,1214,4,1.9,7.09
17820,20230222,266,Sponsored Display,760,3,2.29,3.73
17821,20250830,438,Sponsored Display,403,2,2.69,10.53
17822,20240723,591,Sponsored Brands,504,5,3.83,13.95
17823,20250304,464,Sponsored Products,964,11,19.54,35.58
17824,20230222,82,Sponsored Products,1298,13,20.39,62.3
17825,20260519,704,DSP,2506,42,38.68,231.05
17826,20241204,116,Sponsored Brands,1250,18,24.11,121.89
17827,20240716,744,Sponsored Products,249,3,1.79,6.1
17828,20240130,246,Sponsored Brands,1378,12,5.01,30.91
17829,20240929,41,Sponsored Display,1593,23,34.48,125.62
17830,20250426,460,Sponsored Products,3465,69,66.4,140.47
17831,20240621,277,Sponsored Products,1040,4,6.26,23.25
17832,20241004,660,DSP,1086,13,12.8,59.62
17833,20260201,581,Sponsored Display,179,0,0.0,0.0
17834,20260622,776,Sponsored Brands,666,10,15.61,37.52
17835,20231026,506,Sponsored Display,1739,14,16.45,36.72
17836,20250806,720,Sponsored Products,477,6,8.74,54.79
17837,20230322,720,Sponsored Products,1172,13,16.14,68.15
17838,20260513,163,Sponsored Products,385,4,5.04,18.67
17839,20240306,287,Sponsored Products,253,3,3.9,12.22
17840,20250107,143,Sponsored Products,1601,8,6.42,37.92
17841,20230319,27,Sponsored Products,2628,7,7.41,17.67
17842,20251016,325,Sponsored Display,511,1,1.0,3.96
17843,20230503,374,Sponsored Products,395,6,8.61,22.44
17844,20240120,365,Sponsored Brands,1531,26,19.47,55.17
17845,20230318,212,Sponsored Brands,4263,74,79.86,240.56
17846,20260205,19,Sponsored Products,1018,11,7.82,29.59
17847,20260302,368,Sponsored Display,1356,21,17.85,40.05
17848,20260114,537,Sponsored Products,366,4,7.15,40.17
17849,20250617,479,Sponsored Brands,2726,45,23.26,104.86
17850,20260505,466,Sponsored Products,242,2,1.94,10.52
17851,20250222,402,Sponsored Products,731,14,14.86,94.37
17852,20250612,280,DSP,2111,40,54.58,327.54
17853,20250921,27,Sponsored Display,3433,16,14.87,88.16
17854,20230325,506,Sponsored Products,1936,23,28.29,163.46
17855,20241223,471,DSP,1554,21,31.33,117.8
17856,20250529,68,Sponsored Products,1123,19,19.32,113.23
17857,20250517,249,Sponsored Display,1215,4,4.96,7.62
17858,20230730,83,Sponsored Products,1182,16,17.43,75.54
17859,20230815,514,Sponsored Display,2283,11,8.55,53.2
17860,20241027,546,Sponsored Products,2512,19,23.81,91.41
17861,20260523,11,Sponsored Products,238,3,3.78,6.3
17862,20240622,662,Sponsored Display,524,4,2.13,12.44
17863,20230206,629,Sponsored Products,737,12,17.06,94.35
17864,20260131,175,Sponsored Brands,2288,29,43.54,134.62
17865,20240621,352,Sponsored Display,2061,16,20.54,102.28
17866,20230712,468,DSP,498,1,1.39,4.32
17867,20230508,619,Sponsored Products,716,13,11.92,71.64
17868,20230314,255,Sponsored Brands,926,10,8.57,32.73
17869,20250427,150,Sponsored Products,3862,25,44.71,76.89
17870,20260513,148,Sponsored Brands,2374,7,10.43,53.79
17871,20230726,613,Sponsored Brands,615,8,3.51,15.99
17872,20250415,41,Sponsored Products,1768,11,17.29,33.59
17873,20251003,536,Sponsored Products,1797,20,15.33,38.41
17874,20240906,235,Sponsored Display,923,15,10.28,19.47
17875,20230622,87,Sponsored Products,1084,11,9.82,15.29
17876,20230110,800,Sponsored Brands,3474,27,30.62,138.9
17877,20260109,132,Sponsored Products,852,5,2.7,5.49
17878,20230225,68,Sponsored Products,700,9,13.65,75.6
17879,20241223,204,Sponsored Products,1319,24,12.32,51.38
17880,20250509,497,Sponsored Brands,1272,5,4.65,10.09
17881,20260421,158,Sponsored Products,1199,23,25.76,149.76
17882,20241221,228,Sponsored Brands,5366,18,17.7,38.22
17883,20251229,672,Sponsored Products,1414,15,16.07,100.79
17884,20240421,185,DSP,1485,10,17.23,80.03
17885,20260531,573,Sponsored Products,1050,5,2.39,14.23
17886,20260313,589,Sponsored Products,412,6,10.02,42.61
17887,20240908,718,Sponsored Products,1169,18,27.74,104.12
17888,20250201,553,Sponsored Brands,1894,13,15.18,61.26
17889,20240922,280,Sponsored Products,1808,23,22.37,59.01
17890,20241109,763,Sponsored Products,395,2,1.74,8.73
17891,20240512,663,Sponsored Products,3366,54,24.7,104.9
17892,20260119,90,Sponsored Products,2306,8,12.83,43.45
17893,20240922,43,Sponsored Display,1368,18,30.42,139.65
17894,20231028,408,Sponsored Products,6037,31,45.91,180.74
17895,20231203,520,Sponsored Products,788,7,8.18,19.04
17896,20260101,21,Sponsored Products,3238,54,43.34,219.95
17897,20240731,655,Sponsored Brands,1809,9,12.6,58.97
17898,20230807,464,Sponsored Products,1653,28,37.31,191.73
17899,20250213,726,Sponsored Products,380,6,3.59,15.7
17900,20260207,36,DSP,968,13,19.49,112.05
17901,20250628,566,Sponsored Brands,4022,41,42.96,253.93
17902,20260618,668,Sponsored Products,2831,25,28.67,161.19
17903,20230721,483,Sponsored Products,1155,8,4.46,9.84
17904,20250708,390,Sponsored Display,3379,45,24.39,154.68
17905,20250526,441,Sponsored Products,2603,41,65.77,378.5
17906,20231101,494,Sponsored Brands,401,7,8.31,32.4
17907,20260112,685,Sponsored Products,1270,10,7.77,39.92
17908,20240521,677,Sponsored Brands,2978,13,18.53,97.52
17909,20241105,178,Sponsored Products,2172,33,27.42,62.75
17910,20260309,376,Sponsored Products,3224,49,84.9,526.41
17911,20260318,610,DSP,3601,15,9.74,31.51
17912,20250421,62,Sponsored Display,1401,15,21.48,132.61
17913,20241207,638,Sponsored Brands,475,3,3.87,21.2
17914,20260110,341,Sponsored Brands,1030,15,21.09,43.08
17915,20250211,726,Sponsored Brands,1663,9,12.46,71.4
17916,20241210,776,DSP,1699,26,34.98,72.87
17917,20240603,270,Sponsored Products,728,13,5.29,34.15
17918,20231009,694,Sponsored Products,388,4,5.66,11.11
17919,20240606,763,Sponsored Brands,2146,8,12.47,45.61
17920,20250901,174,Sponsored Products,1419,8,9.42,47.47
17921,20250831,771,Sponsored Display,2025,27,13.83,49.69
17922,20251103,651,Sponsored Brands,2336,28,34.13,150.04
17923,20240411,424,DSP,2045,29,47.63,233.0
17924,20240707,616,Sponsored Products,1903,32,19.15,112.28
17925,20231221,153,Sponsored Display,1583,21,36.37,67.47
17926,20231109,457,Sponsored Display,1466,6,5.33,29.97
17927,20240415,662,Sponsored Brands,1290,24,40.78,183.91
17928,20231126,509,Sponsored Display,1208,23,26.95,47.94
17929,20240104,617,Sponsored Products,2516,11,17.5,60.09
17930,20260430,563,Sponsored Brands,1084,19,31.56,167.78
17931,20230920,653,Sponsored Products,813,13,19.39,82.41
17932,20231122,460,Sponsored Products,3369,20,30.37,127.14
17933,20240409,748,Sponsored Display,3701,62,70.29,441.44
17934,20240514,589,Sponsored Display,741,9,6.5,10.43
17935,20231223,788,Sponsored Brands,2259,9,5.51,27.25
17936,20230706,27,Sponsored Products,3924,43,29.48,152.75
17937,20230105,68,Sponsored Products,1713,5,2.1,6.88
17938,20231122,589,Sponsored Products,424,1,0.51,1.56
17939,20230618,203,Sponsored Display,1235,18,13.8,62.59
17940,20230415,146,Sponsored Brands,3393,57,50.86,206.37
17941,20250107,400,Sponsored Products,1980,33,39.69,184.08
17942,20250208,474,DSP,5595,18,29.63,100.34
17943,20260506,18,Sponsored Display,479,3,3.54,14.32
17944,20230427,731,Sponsored Products,473,7,9.05,34.94
17945,20230417,683,Sponsored Products,3703,31,38.78,63.76
17946,20241026,648,Sponsored Products,3794,60,95.47,391.96
17947,20240109,179,Sponsored Brands,1123,6,10.56,63.86
17948,20251126,502,Sponsored Products,2459,7,8.33,42.66
17949,20231120,159,Sponsored Products,2575,23,22.63,115.42
17950,20250928,751,Sponsored Products,618,11,9.1,40.98
17951,20230906,29,Sponsored Brands,506,6,8.3,27.29
17952,20250426,247,DSP,1252,6,7.89,21.82
17953,20250720,313,Sponsored Products,944,8,7.92,38.36
17954,20241005,387,Sponsored Products,148,2,1.38,6.01
17955,20230730,414,Sponsored Display,1785,7,3.3,5.04
17956,20230721,480,DSP,1865,29,39.13,126.01
17957,20230209,564,Sponsored Products,1984,16,18.12,108.45
17958,20241225,658,Sponsored Brands,1354,25,22.57,136.15
17959,20260618,721,Sponsored Display,2409,41,28.93,67.93
17960,20260222,654,Sponsored Display,4153,33,43.95,203.7
17961,20260202,251,Sponsored Brands,270,4,5.88,35.69
17962,20230531,399,Sponsored Brands,2507,21,17.66,47.0
17963,20231222,799,DSP,1889,29,30.1,154.57
17964,20260508,262,Sponsored Products,1877,24,18.84,72.17
17965,20250522,768,Sponsored Display,384,2,2.2,11.35
17966,20260502,275,Sponsored Display,3418,11,11.88,24.31
17967,20240630,57,DSP,2231,41,72.6,400.17
17968,20240801,255,Sponsored Display,637,7,6.54,41.28
17969,20241228,118,Sponsored Products,1492,28,49.02,112.53
17970,20250822,505,Sponsored Display,279,1,1.02,6.4
17971,20260618,252,Sponsored Products,1338,18,31.55,146.23
17972,20230627,54,Sponsored Brands,1424,11,11.01,19.6
17973,20250504,138,Sponsored Products,1286,16,7.54,21.04
17974,20260527,547,Sponsored Brands,1261,9,10.38,62.97
17975,20230622,769,Sponsored Products,3948,66,57.73,366.3
17976,20260430,494,Sponsored Brands,1521,18,10.41,37.62
17977,20230329,416,Sponsored Brands,2647,45,21.24,51.1
17978,20251208,418,Sponsored Brands,2169,18,25.86,47.19
17979,20230429,16,Sponsored Products,336,3,4.31,12.01
17980,20231203,60,Sponsored Products,7449,63,112.42,329.36
17981,20250413,696,Sponsored Products,774,12,10.19,30.73
17982,20260629,150,Sponsored Products,921,13,18.11,66.08
17983,20260602,198,Sponsored Display,889,7,9.41,37.38
17984,20240526,68,Sponsored Brands,2564,23,40.17,240.37
17985,20251105,665,DSP,1416,15,14.28,50.96
17986,20250614,117,Sponsored Brands,2945,25,18.44,107.04
17987,20250813,71,DSP,1373,19,10.3,18.2
17988,20240331,624,Sponsored Products,2025,26,21.27,71.56
17989,20240531,573,DSP,1418,10,12.87,55.51
17990,20231004,601,Sponsored Brands,669,9,9.87,45.81
17991,20260528,552,DSP,95,0,0.0,0.0
17992,20240703,538,Sponsored Brands,741,9,13.03,66.08
17993,20230727,27,Sponsored Brands,936,7,7.9,27.21
17994,20241114,507,Sponsored Display,327,3,1.32,5.61
17995,20230130,454,Sponsored Products,968,19,13.62,51.51
17996,20241112,186,Sponsored Products,1389,14,10.14,29.47
17997,20230902,62,Sponsored Products,730,10,5.4,29.63
17998,20251011,788,Sponsored Display,621,8,9.32,27.64
17999,20241031,106,Sponsored Brands,5430,60,56.37,270.36
18000,20260620,355,Sponsored Products,456,3,1.9,3.71
