ReturnKey,DateKey,ProductKey,ReturnReason,ReturnUnits,ReturnValue
1,20251216,227,Changed Mind,4,1170.48
2,20231027,765,Not as Described,2,62.02
3,20230726,128,Not as Described,3,125.28
4,20230902,429,Wrong Item Sent,2,390.42
5,20230422,80,Wrong Item Sent,1,237.98
6,20231113,10,Defective/Not Working,4,210.68
7,20240407,440,Wrong Item Sent,1,113.85
8,20240621,675,Better Price Found,1,310.72
9,20260314,731,Wrong Item Sent,2,850.92
10,20250513,784,Defective/Not Working,1,112.95
11,20260509,558,Changed Mind,2,482.8
12,20250208,224,Defective/Not Working,3,615.36
13,20240718,122,Better Price Found,1,193.32
14,20240806,470,No Longer Needed,2,372.46
15,20240211,87,Defective/Not Working,4,816.6
16,20250717,30,Late Delivery,1,325.32
17,20241224,48,Not as Described,4,307.6
18,20250907,226,No Longer Needed,2,501.3
19,20230620,779,Better Price Found,2,269.94
20,20240421,72,Not as Described,4,478.88
21,20230308,463,Defective/Not Working,3,610.2
22,20260209,583,Not as Described,4,730.96
23,20240211,94,Better Price Found,3,35.37
24,20240210,696,Better Price Found,2,362.38
25,20260506,161,Late Delivery,3,607.56
26,20250318,276,Defective/Not Working,2,133.4
27,20230808,406,No Longer Needed,4,706.56
28,20240420,709,No Longer Needed,3,107.04
29,20251113,391,Changed Mind,1,64.13
30,20230613,45,Better Price Found,2,539.48
31,20230709,481,Not as Described,3,803.91
32,20260101,231,Late Delivery,3,571.17
33,20231130,111,Late Delivery,3,931.77
34,20240617,158,Not as Described,4,325.08
35,20240923,7,Defective/Not Working,4,677.72
36,20250610,119,Changed Mind,3,1001.61
37,20240609,738,Changed Mind,2,447.7
38,20241129,754,Not as Described,4,1634.32
39,20250323,580,Changed Mind,1,282.51
40,20230801,350,Better Price Found,3,585.84
41,20230507,318,Wrong Item Sent,2,82.18
42,20231112,113,No Longer Needed,4,476.4
43,20250526,162,Not as Described,3,130.83
44,20250114,297,Changed Mind,2,406.62
45,20230605,267,Defective/Not Working,1,142.28
46,20241209,146,Not as Described,2,376.06
47,20230828,393,Wrong Item Sent,1,22.43
48,20241025,670,Not as Described,4,914.4
49,20250831,731,Wrong Item Sent,4,1701.84
50,20250805,206,Better Price Found,3,108.66
51,20260121,528,Late Delivery,1,365.56
52,20251011,409,Not as Described,3,659.46
53,20230215,484,Changed Mind,4,61.64
54,20250113,199,Not as Described,4,508.72
55,20241204,416,Wrong Item Sent,2,257.36
56,20260224,651,Not as Described,2,136.56
57,20260509,85,Defective/Not Working,4,211.72
58,20241115,793,Defective/Not Working,1,136.99
59,20240720,420,Wrong Item Sent,3,368.34
60,20260502,567,Defective/Not Working,3,671.76
61,20230130,102,Changed Mind,4,1034.88
62,20250909,16,Not as Described,3,365.76
63,20250305,288,Not as Described,1,29.26
64,20250531,593,Better Price Found,3,1045.5
65,20231205,158,Changed Mind,1,81.27
66,20260118,418,Not as Described,1,235.9
67,20260528,447,No Longer Needed,3,179.28
68,20250515,748,Better Price Found,4,965.88
69,20231004,763,Not as Described,1,348.36
70,20250710,437,Late Delivery,3,285.84
71,20251216,426,Better Price Found,3,247.68
72,20250524,403,Defective/Not Working,4,842.16
73,20240831,256,Defective/Not Working,2,216.54
74,20251015,35,Wrong Item Sent,4,64.88
75,20241112,36,Not as Described,3,643.92
76,20240206,359,Defective/Not Working,2,313.52
77,20260315,188,Wrong Item Sent,2,553.0
78,20241118,427,Not as Described,1,416.06
79,20260402,191,Better Price Found,2,661.02
80,20231025,102,Defective/Not Working,1,258.72
81,20260611,146,Not as Described,1,188.03
82,20260421,235,No Longer Needed,4,1407.2
83,20260526,567,Not as Described,1,223.92
84,20260318,71,Defective/Not Working,4,325.8
85,20260110,287,Wrong Item Sent,1,248.3
86,20231009,511,Late Delivery,3,344.1
87,20240417,48,Defective/Not Working,2,153.8
88,20230410,697,Defective/Not Working,1,203.47
89,20250120,739,Late Delivery,3,746.16
90,20250618,102,Changed Mind,2,517.44
91,20260207,494,Defective/Not Working,4,1522.0
92,20260327,196,Not as Described,2,159.32
93,20260410,786,Defective/Not Working,1,127.42
94,20231017,764,Changed Mind,3,114.51
95,20251227,33,Defective/Not Working,4,590.72
96,20250621,237,Changed Mind,3,1018.35
97,20240801,689,Not as Described,2,205.24
98,20251220,246,Late Delivery,2,579.66
99,20240616,513,Not as Described,4,1020.92
100,20241022,783,Wrong Item Sent,3,762.03
101,20240128,590,Changed Mind,1,66.24
102,20260426,300,Not as Described,2,188.4
103,20250713,193,Defective/Not Working,1,171.68
104,20230421,550,Defective/Not Working,4,812.68
105,20251201,630,Late Delivery,3,1019.37
106,20231008,733,Better Price Found,3,654.9
107,20251115,231,Wrong Item Sent,4,761.56
108,20251028,15,Not as Described,2,359.96
109,20251205,241,Defective/Not Working,4,1246.12
110,20230604,546,Not as Described,4,261.44
111,20260209,161,Not as Described,4,810.08
112,20240713,333,Not as Described,2,631.6
113,20230915,364,Changed Mind,1,58.02
114,20251028,24,Changed Mind,1,126.6
115,20260324,401,Not as Described,2,377.94
116,20231012,283,Defective/Not Working,1,273.75
117,20240122,90,Changed Mind,1,228.46
118,20230404,265,Late Delivery,2,498.62
119,20230323,40,Better Price Found,3,739.14
120,20251022,185,Defective/Not Working,3,414.72
121,20250903,300,Better Price Found,2,188.4
122,20251205,176,Defective/Not Working,1,155.18
123,20241114,584,Wrong Item Sent,3,910.35
124,20250809,294,Not as Described,1,364.34
125,20240427,574,Defective/Not Working,1,292.71
126,20241005,77,No Longer Needed,3,656.07
127,20251117,422,Defective/Not Working,2,102.62
128,20240516,69,Better Price Found,1,201.68
129,20260614,654,Not as Described,3,671.01
130,20260301,293,Not as Described,2,847.52
131,20240521,770,Defective/Not Working,1,92.3
132,20250803,407,No Longer Needed,3,563.19
133,20240608,614,Better Price Found,3,32.52
134,20241006,719,Changed Mind,3,220.11
135,20250423,559,Wrong Item Sent,3,165.36
136,20250208,147,Late Delivery,2,107.96
137,20260509,690,Not as Described,1,128.51
138,20230811,490,No Longer Needed,2,168.12
139,20241029,720,Wrong Item Sent,1,410.49
140,20250703,776,Defective/Not Working,3,280.95
141,20240812,222,Changed Mind,2,398.24
142,20251225,219,Wrong Item Sent,4,86.24
143,20231121,733,Defective/Not Working,4,873.2
144,20260511,715,Defective/Not Working,4,681.56
145,20230824,119,Late Delivery,4,1335.48
146,20230304,488,Wrong Item Sent,4,951.76
147,20230710,590,Changed Mind,3,198.72
148,20240925,766,No Longer Needed,3,630.51
149,20260429,528,Changed Mind,4,1462.24
150,20240113,187,Changed Mind,1,256.66
151,20241218,108,Wrong Item Sent,3,73.47
152,20251223,141,Better Price Found,4,896.36
153,20231113,534,Defective/Not Working,1,111.77
154,20230919,769,Not as Described,1,93.19
155,20250521,748,Defective/Not Working,1,241.47
156,20240703,791,Defective/Not Working,3,685.11
157,20240324,277,Better Price Found,1,308.04
158,20250219,279,Wrong Item Sent,4,1187.96
159,20230521,753,Defective/Not Working,3,918.54
160,20231210,646,Changed Mind,3,607.56
161,20250331,571,Not as Described,4,1278.84
162,20231214,611,Not as Described,1,119.6
163,20240803,768,Better Price Found,1,253.35
164,20251130,84,Not as Described,4,295.84
165,20260514,631,Late Delivery,3,800.46
166,20250613,288,Late Delivery,2,58.52
167,20240122,346,Wrong Item Sent,3,839.52
168,20250202,665,Late Delivery,1,406.18
169,20240814,436,Not as Described,4,1253.56
170,20240324,183,Not as Described,2,52.16
171,20250929,772,No Longer Needed,2,545.78
172,20240215,501,Late Delivery,4,669.12
173,20251218,99,Changed Mind,4,1455.24
174,20250128,591,Better Price Found,1,113.73
175,20250520,123,Defective/Not Working,3,368.94
176,20250404,95,Changed Mind,3,229.29
177,20240215,76,Defective/Not Working,1,227.03
178,20240910,274,Late Delivery,4,741.4
179,20251216,314,Changed Mind,2,482.0
180,20240117,34,Not as Described,4,874.68
181,20260113,635,Defective/Not Working,4,213.96
182,20251215,657,Defective/Not Working,2,415.92
183,20260304,33,No Longer Needed,3,443.04
184,20260506,90,Not as Described,3,685.38
185,20250624,22,Wrong Item Sent,2,210.92
186,20251105,254,Defective/Not Working,3,273.03
187,20250810,699,Changed Mind,1,65.91
188,20230429,677,Defective/Not Working,1,101.31
189,20251023,227,Defective/Not Working,4,1170.48
190,20230613,468,Not as Described,3,1062.87
191,20251205,443,Defective/Not Working,3,1128.69
192,20250123,81,Late Delivery,2,549.88
193,20250915,488,Changed Mind,2,475.88
194,20230407,362,No Longer Needed,2,685.4
195,20250608,197,Late Delivery,3,452.91
196,20260410,432,Not as Described,3,807.06
197,20241022,462,Better Price Found,2,441.24
198,20231116,169,Defective/Not Working,3,242.52
199,20250525,645,No Longer Needed,3,778.71
200,20250512,238,Better Price Found,1,232.61
201,20240725,614,Better Price Found,2,21.68
202,20241218,250,Changed Mind,3,670.86
203,20250909,430,Wrong Item Sent,2,193.84
204,20260207,122,Not as Described,1,193.32
205,20260427,208,No Longer Needed,1,194.43
206,20250221,441,Not as Described,1,334.72
207,20240919,155,Defective/Not Working,3,504.03
208,20260127,208,Defective/Not Working,2,388.86
209,20230316,311,Changed Mind,3,1081.5
210,20250624,189,No Longer Needed,1,205.54
211,20260426,705,No Longer Needed,2,479.38
212,20260305,439,No Longer Needed,2,701.68
213,20230618,232,No Longer Needed,4,1135.16
214,20241007,308,Changed Mind,2,554.7
215,20240723,494,No Longer Needed,4,1522.0
216,20260306,590,Wrong Item Sent,3,198.72
217,20230313,533,Defective/Not Working,1,169.61
218,20260517,575,Changed Mind,1,196.28
219,20230302,103,Wrong Item Sent,3,508.2
220,20240130,4,Better Price Found,3,838.62
221,20230626,611,Defective/Not Working,4,478.4
222,20260612,740,Better Price Found,1,239.3
223,20230727,431,No Longer Needed,3,81.57
224,20260131,396,Changed Mind,3,502.11
225,20251212,208,Wrong Item Sent,3,583.29
226,20230328,409,Wrong Item Sent,1,219.82
227,20241201,404,Defective/Not Working,1,249.7
228,20240804,592,Defective/Not Working,4,714.84
229,20231003,2,Not as Described,3,326.37
230,20251107,443,Defective/Not Working,1,376.23
231,20251014,99,Changed Mind,2,727.62
232,20250429,732,Not as Described,1,90.88
233,20230514,653,Wrong Item Sent,2,420.1
234,20240722,273,Defective/Not Working,1,176.31
235,20241023,286,Better Price Found,4,1270.68
236,20231027,315,Wrong Item Sent,3,888.63
237,20241218,422,Not as Described,1,51.31
238,20250222,286,Late Delivery,1,317.67
239,20240128,509,Late Delivery,3,270.57
240,20250121,524,Changed Mind,3,392.64
241,20250521,611,Wrong Item Sent,2,239.2
242,20260112,444,Changed Mind,1,271.47
243,20231217,110,Changed Mind,1,284.95
244,20240120,16,Not as Described,3,365.76
245,20260504,555,Wrong Item Sent,1,113.22
246,20240911,667,Changed Mind,2,213.86
247,20260118,789,Defective/Not Working,2,825.94
248,20250711,222,Not as Described,2,398.24
249,20251017,121,Wrong Item Sent,3,896.46
250,20231124,785,Better Price Found,2,544.4
251,20240215,409,Defective/Not Working,2,439.64
252,20250313,250,Changed Mind,3,670.86
253,20250922,74,Not as Described,3,420.54
254,20240104,783,Late Delivery,2,508.02
255,20230509,19,Defective/Not Working,1,252.36
256,20241009,507,Wrong Item Sent,2,532.56
257,20231015,562,Defective/Not Working,3,566.31
258,20240630,174,Late Delivery,4,833.64
259,20240125,332,Defective/Not Working,3,364.83
260,20240312,67,Defective/Not Working,2,441.1
261,20240716,368,Better Price Found,1,122.52
262,20240805,196,Not as Described,3,238.98
263,20241027,81,Changed Mind,4,1099.76
264,20260410,27,Better Price Found,1,110.98
265,20250618,148,Not as Described,4,105.48
266,20241110,260,Defective/Not Working,4,1132.8
267,20251130,732,Defective/Not Working,1,90.88
268,20241009,594,Changed Mind,4,372.84
269,20240826,666,Not as Described,4,886.2
270,20240324,87,Late Delivery,4,816.6
271,20250124,340,Better Price Found,1,256.97
272,20231201,459,Changed Mind,4,167.12
273,20250628,547,No Longer Needed,4,1573.84
274,20250324,252,Late Delivery,3,78.15
275,20251019,566,Changed Mind,2,168.6
276,20230907,655,Late Delivery,1,70.94
277,20231025,360,Changed Mind,3,438.69
278,20250121,230,Changed Mind,3,167.37
279,20230105,248,No Longer Needed,1,229.78
280,20250610,201,Better Price Found,1,178.89
281,20231003,603,Late Delivery,4,913.36
282,20240119,21,Not as Described,2,558.66
283,20260330,326,Not as Described,2,535.04
284,20240309,100,Better Price Found,4,254.84
285,20230820,91,No Longer Needed,2,383.08
286,20250629,468,Changed Mind,1,354.29
287,20260111,789,Wrong Item Sent,1,412.97
288,20230403,122,Defective/Not Working,2,386.64
289,20260507,439,Defective/Not Working,3,1052.52
290,20240322,102,Changed Mind,4,1034.88
291,20260107,731,Better Price Found,3,1276.38
292,20230914,242,Wrong Item Sent,1,171.67
293,20230924,123,Not as Described,2,245.96
294,20260526,201,Wrong Item Sent,4,715.56
295,20241225,89,Changed Mind,3,251.73
296,20241202,184,Defective/Not Working,2,611.86
297,20250620,615,Changed Mind,3,323.61
298,20260227,285,Changed Mind,4,819.56
299,20260118,63,No Longer Needed,2,116.24
300,20260609,129,Not as Described,1,285.77
301,20230107,631,Wrong Item Sent,1,266.82
302,20250112,758,Not as Described,3,1045.5
303,20230801,653,No Longer Needed,1,210.05
304,20260507,177,Changed Mind,4,290.32
305,20230617,26,Late Delivery,3,1077.63
306,20251124,431,Late Delivery,2,54.38
307,20230721,545,Defective/Not Working,1,24.51
308,20240423,300,Not as Described,2,188.4
309,20251018,190,Changed Mind,4,184.16
310,20240106,374,Late Delivery,2,660.96
311,20240531,418,Defective/Not Working,1,235.9
312,20240404,263,Wrong Item Sent,3,262.29
313,20240918,460,No Longer Needed,2,168.34
314,20260107,86,No Longer Needed,2,23.98
315,20240709,167,Wrong Item Sent,1,236.05
316,20231019,42,Late Delivery,4,983.68
317,20240430,291,Defective/Not Working,4,712.72
318,20250401,7,Not as Described,2,338.86
319,20240729,568,Wrong Item Sent,4,110.24
320,20250314,562,No Longer Needed,1,188.77
321,20260309,96,No Longer Needed,4,819.4
322,20240908,405,Defective/Not Working,1,234.96
323,20250817,258,Changed Mind,3,90.39
324,20240218,760,Wrong Item Sent,1,321.52
325,20251104,232,Wrong Item Sent,3,851.37
326,20240730,579,Changed Mind,1,241.27
327,20231020,400,Not as Described,2,359.86
328,20231127,323,Changed Mind,4,884.72
329,20251222,236,Defective/Not Working,4,1521.32
330,20230809,329,Not as Described,2,538.24
331,20230601,528,No Longer Needed,1,365.56
332,20260324,287,Wrong Item Sent,1,248.3
333,20260328,561,Defective/Not Working,3,669.45
334,20250327,43,Not as Described,2,273.3
335,20260210,379,Not as Described,3,918.78
336,20230603,60,No Longer Needed,1,69.61
337,20231120,727,Defective/Not Working,4,119.72
338,20250120,104,Not as Described,2,317.02
339,20250407,224,Changed Mind,4,820.48
340,20230425,530,Wrong Item Sent,3,717.06
341,20240204,198,Not as Described,1,61.79
342,20250125,366,Defective/Not Working,2,769.82
343,20260608,177,Defective/Not Working,2,145.16
344,20230712,657,Not as Described,2,415.92
345,20240214,768,Not as Described,2,506.7
346,20241022,617,Wrong Item Sent,1,100.85
347,20241006,1,Changed Mind,1,128.02
348,20250726,354,Changed Mind,2,471.98
349,20241107,536,Changed Mind,1,232.15
350,20231204,304,Not as Described,2,144.0
351,20240722,169,Defective/Not Working,4,323.36
352,20241208,7,Changed Mind,3,508.29
353,20230808,442,Wrong Item Sent,3,110.46
354,20260611,207,Not as Described,1,387.32
355,20230422,20,Late Delivery,4,219.92
356,20241211,337,No Longer Needed,4,1139.12
357,20251224,495,Late Delivery,2,42.46
358,20240826,258,Not as Described,1,30.13
359,20230914,557,Defective/Not Working,3,495.12
360,20240516,748,No Longer Needed,2,482.94
361,20230719,615,Changed Mind,4,431.48
362,20231017,701,Changed Mind,3,300.45
363,20231115,723,Defective/Not Working,1,392.9
364,20240919,244,Changed Mind,1,357.61
365,20250907,83,Late Delivery,2,25.24
366,20231019,199,Not as Described,3,381.54
367,20240906,261,No Longer Needed,1,212.23
368,20230105,705,Defective/Not Working,1,239.69
369,20240516,752,Better Price Found,3,250.62
370,20260213,340,Better Price Found,1,256.97
371,20241227,670,Not as Described,2,457.2
372,20240305,294,No Longer Needed,3,1093.02
373,20240303,790,Not as Described,3,351.66
374,20250314,605,Changed Mind,3,484.5
375,20241124,616,Defective/Not Working,4,1112.16
376,20260118,402,Changed Mind,3,64.98
377,20250428,380,Late Delivery,2,479.24
378,20240803,252,Changed Mind,1,26.05
379,20250226,109,Changed Mind,1,374.56
380,20230820,672,Late Delivery,3,319.62
381,20230624,180,Changed Mind,2,50.12
382,20230110,74,Defective/Not Working,2,280.36
383,20260313,11,Not as Described,3,163.26
384,20250428,132,Changed Mind,3,348.54
385,20240206,191,Defective/Not Working,2,661.02
386,20240117,699,Wrong Item Sent,3,197.73
387,20240224,776,Defective/Not Working,4,374.6
388,20230621,527,Changed Mind,4,326.96
389,20260221,346,Defective/Not Working,2,559.68
390,20240902,204,Defective/Not Working,3,411.93
391,20260309,180,Wrong Item Sent,4,100.24
392,20250904,418,Not as Described,1,235.9
393,20240901,426,Not as Described,2,165.12
394,20260414,400,Wrong Item Sent,1,179.93
395,20240119,777,Wrong Item Sent,1,116.51
396,20250725,734,Defective/Not Working,2,73.02
397,20260302,621,Changed Mind,2,476.42
398,20250110,379,Defective/Not Working,2,612.52
399,20230108,460,Changed Mind,1,84.17
400,20240529,628,Wrong Item Sent,3,353.1
401,20230814,698,Changed Mind,1,103.34
402,20241028,540,Late Delivery,4,1318.76
403,20251223,477,Defective/Not Working,2,506.88
404,20240826,520,Wrong Item Sent,1,361.69
405,20260617,524,Not as Described,4,523.52
406,20240111,400,Better Price Found,3,539.79
407,20240406,711,Wrong Item Sent,4,357.4
408,20250510,347,Changed Mind,2,117.32
409,20251107,301,Wrong Item Sent,2,483.6
410,20260617,708,Defective/Not Working,2,281.42
411,20240229,35,Late Delivery,1,16.22
412,20240403,497,Not as Described,1,311.63
413,20230908,227,Late Delivery,1,292.62
414,20260331,410,Defective/Not Working,2,188.64
415,20230512,485,Not as Described,1,125.2
416,20240821,247,Defective/Not Working,4,464.44
417,20240210,106,Not as Described,3,240.42
418,20230622,504,Defective/Not Working,1,24.53
419,20250407,540,Late Delivery,1,329.69
420,20250916,341,Changed Mind,2,107.64
421,20260103,201,Wrong Item Sent,4,715.56
422,20230821,313,Defective/Not Working,4,580.88
423,20240628,104,No Longer Needed,2,317.02
424,20260524,279,Not as Described,4,1187.96
425,20251027,774,Changed Mind,2,200.68
426,20251202,511,Changed Mind,3,344.1
427,20250721,85,Late Delivery,2,105.86
428,20260228,159,Wrong Item Sent,2,276.68
429,20260108,176,Better Price Found,3,465.54
430,20251104,444,Defective/Not Working,2,542.94
431,20260106,374,Changed Mind,3,991.44
432,20241219,488,Not as Described,2,475.88
433,20250723,634,No Longer Needed,4,528.4
434,20250602,121,No Longer Needed,3,896.46
435,20240501,42,Wrong Item Sent,4,983.68
436,20250727,639,Changed Mind,2,417.96
437,20230208,453,Defective/Not Working,4,636.16
438,20251022,47,Changed Mind,3,677.82
439,20260115,521,Changed Mind,2,521.96
440,20230119,118,Defective/Not Working,2,820.76
441,20240629,729,Defective/Not Working,4,1428.12
442,20251215,138,Defective/Not Working,1,287.07
443,20250721,567,Wrong Item Sent,4,895.68
444,20240505,663,Late Delivery,4,1219.32
445,20231124,492,No Longer Needed,2,202.56
446,20230613,123,Better Price Found,3,368.94
447,20250409,59,Not as Described,3,214.83
448,20250706,110,Late Delivery,2,569.9
449,20231107,460,Wrong Item Sent,2,168.34
450,20250304,735,Better Price Found,2,244.02
451,20240608,98,Not as Described,1,316.05
452,20260623,771,Defective/Not Working,4,350.88
453,20240914,76,Wrong Item Sent,2,454.06
454,20230129,77,Not as Described,3,656.07
455,20250207,239,Better Price Found,2,355.38
456,20251106,411,Not as Described,2,129.62
457,20260505,718,Wrong Item Sent,2,432.04
458,20230322,582,Defective/Not Working,2,838.38
459,20251011,313,Defective/Not Working,2,290.44
460,20240413,379,Wrong Item Sent,4,1225.04
461,20250219,242,Defective/Not Working,3,515.01
462,20230221,173,Changed Mind,2,705.58
463,20260314,51,Late Delivery,3,241.2
464,20260323,199,Better Price Found,3,381.54
465,20240505,434,Late Delivery,3,409.62
466,20251231,77,Defective/Not Working,4,874.76
467,20230330,18,No Longer Needed,2,98.32
468,20230423,91,Changed Mind,3,574.62
469,20251214,99,Wrong Item Sent,2,727.62
470,20241007,628,Not as Described,3,353.1
471,20260611,598,Late Delivery,2,223.4
472,20240504,426,Defective/Not Working,3,247.68
473,20230622,667,Defective/Not Working,4,427.72
474,20250329,278,No Longer Needed,4,1023.88
475,20241028,50,Not as Described,1,253.67
476,20230511,135,No Longer Needed,4,165.24
477,20231112,235,Not as Described,2,703.6
478,20230806,52,Changed Mind,2,42.28
479,20250421,781,Changed Mind,3,151.62
480,20250930,764,Better Price Found,2,76.34
481,20250708,547,Better Price Found,1,393.46
482,20230130,18,Changed Mind,4,196.64
483,20260419,614,Not as Described,4,43.36
484,20241207,148,Late Delivery,1,26.37
485,20260217,567,Wrong Item Sent,1,223.92
486,20251031,126,Defective/Not Working,1,119.25
487,20231011,205,No Longer Needed,2,164.76
488,20230131,72,Not as Described,3,359.16
489,20260318,680,Changed Mind,2,544.86
490,20240731,34,No Longer Needed,1,218.67
491,20230815,198,Defective/Not Working,4,247.16
492,20250208,749,Defective/Not Working,1,202.73
493,20241129,645,Changed Mind,4,1038.28
494,20240604,12,Wrong Item Sent,2,525.94
495,20250620,202,Changed Mind,4,1161.6
496,20240331,246,Changed Mind,1,289.83
497,20240701,409,Changed Mind,1,219.82
498,20251015,186,Changed Mind,1,192.02
499,20250428,42,Better Price Found,4,983.68
500,20230708,589,Better Price Found,4,350.96
501,20251206,549,No Longer Needed,4,467.96
502,20251003,569,Not as Described,1,318.86
503,20260625,386,No Longer Needed,4,736.68
504,20260111,600,Changed Mind,4,266.16
505,20230306,412,Wrong Item Sent,2,115.7
506,20260108,61,Changed Mind,2,18.0
507,20240703,344,Late Delivery,2,215.78
508,20230102,653,Not as Described,3,630.15
509,20240324,468,Late Delivery,1,354.29
510,20260125,577,Wrong Item Sent,3,878.07
511,20240618,409,Changed Mind,3,659.46
512,20250909,566,Not as Described,3,252.9
513,20240323,270,Defective/Not Working,2,295.84
514,20250523,699,Defective/Not Working,2,131.82
515,20230511,396,Better Price Found,2,334.74
516,20240625,8,Defective/Not Working,3,633.96
517,20241212,555,Defective/Not Working,3,339.66
518,20231220,364,Not as Described,1,58.02
519,20260524,291,Changed Mind,3,534.54
520,20241027,398,Defective/Not Working,4,283.28
521,20250829,244,Not as Described,1,357.61
522,20251010,388,Changed Mind,3,627.51
523,20230209,108,Late Delivery,1,24.49
524,20240309,106,No Longer Needed,1,80.14
525,20260605,798,Not as Described,1,130.63
526,20230412,82,Changed Mind,2,599.16
527,20230918,264,Changed Mind,1,10.22
528,20240304,766,Defective/Not Working,2,420.34
529,20230113,608,Late Delivery,2,206.32
530,20251025,4,No Longer Needed,4,1118.16
531,20231007,245,Late Delivery,3,388.35
532,20250319,21,Changed Mind,3,837.99
533,20240808,146,Wrong Item Sent,1,188.03
534,20260312,359,Changed Mind,4,627.04
535,20241029,212,Defective/Not Working,1,17.63
536,20260222,474,Defective/Not Working,4,1142.44
537,20260424,139,Defective/Not Working,4,1531.56
538,20240922,339,Late Delivery,1,147.7
539,20250104,392,Changed Mind,2,297.72
540,20260308,444,Late Delivery,1,271.47
541,20230424,124,Changed Mind,2,22.56
542,20251016,356,Defective/Not Working,1,128.43
543,20240917,71,Late Delivery,4,325.8
544,20250105,468,Defective/Not Working,3,1062.87
545,20260507,425,Changed Mind,2,311.46
546,20230826,203,Late Delivery,3,1073.82
547,20240714,741,Better Price Found,4,849.56
548,20251224,167,Changed Mind,1,236.05
549,20230601,707,Late Delivery,1,225.72
550,20250123,75,Changed Mind,1,117.53
551,20260501,230,Late Delivery,4,223.16
552,20240623,215,Not as Described,2,359.26
553,20240509,351,Wrong Item Sent,1,348.89
554,20240105,261,Not as Described,2,424.46
555,20240223,785,Not as Described,4,1088.8
556,20251203,300,No Longer Needed,3,282.6
557,20251017,235,Not as Described,1,351.8
558,20250221,2,Not as Described,1,108.79
559,20260226,778,Changed Mind,3,746.04
560,20241107,489,No Longer Needed,1,258.71
561,20230615,274,No Longer Needed,4,741.4
562,20231006,329,Changed Mind,2,538.24
563,20240612,60,Wrong Item Sent,3,208.83
564,20240812,120,Not as Described,4,749.68
565,20250613,250,Changed Mind,3,670.86
566,20260504,680,Changed Mind,2,544.86
567,20231208,518,Changed Mind,3,115.89
568,20230513,43,Not as Described,4,546.6
569,20250629,539,Late Delivery,4,1151.64
570,20240319,699,Better Price Found,3,197.73
571,20240611,744,Better Price Found,4,396.0
572,20250814,791,Changed Mind,1,228.37
573,20250805,283,Late Delivery,1,273.75
574,20240816,68,Changed Mind,3,53.52
575,20250523,296,Defective/Not Working,4,344.36
576,20240730,331,Late Delivery,4,1138.84
577,20241011,767,Changed Mind,2,59.96
578,20241211,407,No Longer Needed,3,563.19
579,20260413,296,No Longer Needed,2,172.18
580,20240624,528,Late Delivery,2,731.12
581,20241227,631,Not as Described,3,800.46
582,20250410,279,Defective/Not Working,2,593.98
583,20230131,302,Changed Mind,4,380.64
584,20230215,446,Late Delivery,4,189.52
585,20241124,170,No Longer Needed,4,1346.64
586,20230909,401,Better Price Found,2,377.94
587,20250314,309,Defective/Not Working,4,1080.92
588,20251202,666,Better Price Found,4,886.2
589,20230227,68,Changed Mind,1,17.84
590,20230827,546,Better Price Found,1,65.36
591,20240608,423,Late Delivery,2,52.38
592,20251007,263,Better Price Found,2,174.86
593,20250102,58,Wrong Item Sent,2,63.5
594,20250731,336,Late Delivery,3,1098.78
595,20240201,262,Changed Mind,4,951.36
596,20250814,633,Wrong Item Sent,1,57.66
597,20260607,295,Not as Described,1,217.29
598,20241005,485,Not as Described,2,250.4
599,20241203,531,Wrong Item Sent,3,56.16
600,20241101,442,Changed Mind,4,147.28
601,20230408,120,Changed Mind,4,749.68
602,20250210,204,Not as Described,4,549.24
603,20250831,414,Not as Described,2,393.08
604,20260129,270,Defective/Not Working,3,443.76
605,20251018,84,No Longer Needed,1,73.96
606,20231020,434,Changed Mind,2,273.08
607,20260225,27,No Longer Needed,4,443.92
608,20250807,534,Late Delivery,4,447.08
609,20250516,273,Better Price Found,4,705.24
610,20250205,29,Changed Mind,1,170.48
611,20231231,155,Changed Mind,4,672.04
612,20241216,625,Changed Mind,1,408.43
613,20240827,698,Late Delivery,1,103.34
614,20250719,584,Late Delivery,1,303.45
615,20250718,158,No Longer Needed,1,81.27
616,20250513,513,Not as Described,1,255.23
617,20250829,18,Late Delivery,3,147.48
618,20260406,607,Defective/Not Working,1,181.88
619,20230525,83,Changed Mind,4,50.48
620,20260116,58,Changed Mind,4,127.0
621,20240205,67,No Longer Needed,2,441.1
622,20231009,628,No Longer Needed,2,235.4
623,20240915,534,Not as Described,4,447.08
624,20240715,53,Changed Mind,2,548.66
625,20250427,215,Wrong Item Sent,2,359.26
626,20260506,300,Better Price Found,3,282.6
627,20240918,557,Changed Mind,2,330.08
628,20250627,23,Late Delivery,3,640.26
629,20250616,379,Defective/Not Working,1,306.26
630,20260120,154,Changed Mind,3,772.23
631,20240917,397,Defective/Not Working,1,149.6
632,20230913,377,Changed Mind,1,227.02
633,20240116,294,No Longer Needed,4,1457.36
634,20260411,134,Defective/Not Working,3,898.83
635,20260422,398,Better Price Found,2,141.64
636,20230323,662,Changed Mind,3,428.79
637,20230901,327,Not as Described,3,94.59
638,20250414,432,Better Price Found,3,807.06
639,20231105,659,Defective/Not Working,4,662.24
640,20241126,765,Changed Mind,3,93.03
641,20250715,533,Wrong Item Sent,1,169.61
642,20250518,165,Not as Described,4,892.16
643,20241024,204,Changed Mind,1,137.31
644,20231030,790,Better Price Found,4,468.88
645,20230514,113,Defective/Not Working,2,238.2
646,20240111,734,Wrong Item Sent,3,109.53
647,20230327,514,Changed Mind,1,340.45
648,20250402,498,Changed Mind,4,1238.0
649,20260330,502,Not as Described,2,717.28
650,20241115,263,No Longer Needed,2,174.86
651,20260519,153,Better Price Found,4,359.96
652,20231108,449,Not as Described,4,90.44
653,20240807,286,Wrong Item Sent,1,317.67
654,20250721,96,Changed Mind,2,409.7
655,20240829,271,Defective/Not Working,4,727.28
656,20250930,227,Wrong Item Sent,1,292.62
657,20240909,615,Not as Described,3,323.61
658,20250306,315,Late Delivery,3,888.63
659,20260314,289,Defective/Not Working,4,212.2
660,20240724,673,Changed Mind,2,847.98
661,20250503,174,Changed Mind,4,833.64
662,20231020,508,Changed Mind,4,1435.84
663,20240822,729,Not as Described,3,1071.09
664,20230823,116,No Longer Needed,3,103.08
665,20230727,247,Not as Described,4,464.44
666,20250201,242,Defective/Not Working,4,686.68
667,20241103,97,Wrong Item Sent,3,905.34
668,20260322,744,Better Price Found,4,396.0
669,20231119,130,Defective/Not Working,1,108.44
670,20260630,517,Better Price Found,2,651.98
671,20240624,186,Late Delivery,2,384.04
672,20231210,651,Better Price Found,4,273.12
673,20230702,602,Better Price Found,2,170.26
674,20260612,605,Late Delivery,4,646.0
675,20240610,737,Late Delivery,2,464.2
676,20250309,438,Changed Mind,2,81.98
677,20250923,572,Better Price Found,2,192.16
678,20260225,515,Not as Described,3,383.73
679,20230326,453,Late Delivery,2,318.08
680,20241205,492,Defective/Not Working,1,101.28
681,20230315,116,No Longer Needed,1,34.36
682,20240604,200,Changed Mind,4,980.92
683,20260119,780,Defective/Not Working,1,78.04
684,20260301,346,Changed Mind,4,1119.36
685,20260318,756,Defective/Not Working,1,394.25
686,20241209,462,Better Price Found,2,441.24
687,20240420,157,Not as Described,1,17.11
688,20250216,135,Late Delivery,3,123.93
689,20240507,231,Not as Described,4,761.56
690,20240902,18,Changed Mind,1,49.16
691,20230115,416,Changed Mind,3,386.04
692,20250226,721,Changed Mind,2,498.32
693,20241012,486,Changed Mind,4,817.08
694,20250924,73,Defective/Not Working,3,658.41
695,20250926,652,Changed Mind,1,164.75
696,20251103,503,Defective/Not Working,3,954.06
697,20241016,180,Changed Mind,3,75.18
698,20230415,267,Late Delivery,4,569.12
699,20260421,704,No Longer Needed,1,18.97
700,20251104,313,No Longer Needed,2,290.44
701,20241221,393,Not as Described,3,67.29
702,20230117,758,Wrong Item Sent,1,348.5
703,20260226,534,Not as Described,4,447.08
704,20240717,287,Changed Mind,3,744.9
705,20250318,656,Defective/Not Working,4,1058.04
706,20250302,306,Not as Described,3,802.23
707,20260524,509,Defective/Not Working,3,270.57
708,20240821,527,Wrong Item Sent,2,163.48
709,20230630,24,Defective/Not Working,1,126.6
710,20231221,624,Changed Mind,1,21.67
711,20231028,789,Not as Described,3,1238.91
712,20251128,18,Changed Mind,2,98.32
713,20240805,700,No Longer Needed,4,636.88
714,20230912,321,Changed Mind,3,1142.61
715,20250111,655,Wrong Item Sent,2,141.88
716,20230929,355,Better Price Found,2,302.38
717,20250303,444,Changed Mind,4,1085.88
718,20260625,235,Wrong Item Sent,2,703.6
719,20230416,281,Better Price Found,2,506.96
720,20260607,389,Not as Described,4,55.96
721,20240922,57,Defective/Not Working,2,41.38
722,20260520,522,Defective/Not Working,1,104.14
723,20230512,145,Wrong Item Sent,2,444.42
724,20240506,766,Changed Mind,2,420.34
725,20250206,33,Better Price Found,1,147.68
726,20231103,174,Not as Described,3,625.23
727,20240101,128,Not as Described,3,125.28
728,20250915,173,Wrong Item Sent,4,1411.16
729,20240222,685,Not as Described,3,424.95
730,20230814,522,Defective/Not Working,4,416.56
731,20260204,599,No Longer Needed,4,898.52
732,20230324,672,Late Delivery,4,426.16
733,20250907,195,No Longer Needed,3,675.69
734,20260327,363,No Longer Needed,2,226.76
735,20230808,118,Not as Described,3,1231.14
736,20230416,611,Defective/Not Working,2,239.2
737,20230814,707,Defective/Not Working,2,451.44
738,20250901,780,Not as Described,1,78.04
739,20230923,749,Not as Described,1,202.73
740,20250601,557,Defective/Not Working,2,330.08
741,20260629,107,Not as Described,4,369.72
742,20250413,631,Late Delivery,1,266.82
743,20230430,404,Late Delivery,4,998.8
744,20251107,219,Changed Mind,4,86.24
745,20240527,320,Not as Described,3,614.7
746,20260114,370,Wrong Item Sent,4,1052.72
747,20250712,258,Defective/Not Working,4,120.52
748,20260415,558,Changed Mind,3,724.2
749,20230323,438,Defective/Not Working,4,163.96
750,20231207,449,Wrong Item Sent,2,45.22
751,20240908,746,Not as Described,1,393.87
752,20250424,40,Changed Mind,2,492.76
753,20260405,549,Changed Mind,4,467.96
754,20230918,295,Defective/Not Working,2,434.58
755,20240815,711,Better Price Found,4,357.4
756,20250403,95,No Longer Needed,4,305.72
757,20260201,392,Not as Described,4,595.44
758,20240903,488,Late Delivery,2,475.88
759,20231107,483,No Longer Needed,4,671.28
760,20240423,766,Defective/Not Working,2,420.34
761,20230501,719,Wrong Item Sent,4,293.48
762,20230418,569,No Longer Needed,2,637.72
763,20250312,753,Late Delivery,4,1224.72
764,20250325,615,Late Delivery,2,215.74
765,20241008,179,Changed Mind,1,40.39
766,20260321,118,Changed Mind,2,820.76
767,20260406,680,Better Price Found,4,1089.72
768,20250708,427,Better Price Found,2,832.12
769,20240916,569,Changed Mind,2,637.72
770,20260106,294,Defective/Not Working,4,1457.36
771,20260615,207,Not as Described,4,1549.28
772,20230705,102,Not as Described,3,776.16
773,20240323,16,Late Delivery,1,121.92
774,20230825,767,Better Price Found,2,59.96
775,20230424,104,Not as Described,4,634.04
776,20231203,170,Changed Mind,1,336.66
777,20260609,669,Not as Described,3,768.81
778,20250215,426,Not as Described,4,330.24
779,20240817,591,Defective/Not Working,1,113.73
780,20241030,408,Defective/Not Working,2,149.34
781,20260423,145,Not as Described,3,666.63
782,20241223,551,No Longer Needed,4,159.0
783,20250401,728,Late Delivery,1,23.99
784,20230331,508,Not as Described,1,358.96
785,20231126,644,Wrong Item Sent,4,1762.76
786,20241108,540,No Longer Needed,1,329.69
787,20240406,349,Defective/Not Working,1,300.82
788,20260130,166,Changed Mind,3,832.71
789,20250713,430,Defective/Not Working,2,193.84
790,20250808,592,Late Delivery,4,714.84
791,20231230,260,Defective/Not Working,4,1132.8
792,20240724,227,No Longer Needed,2,585.24
793,20260513,757,Changed Mind,4,474.04
794,20240610,47,Wrong Item Sent,3,677.82
795,20250709,61,Wrong Item Sent,3,27.0
796,20250804,547,Defective/Not Working,3,1180.38
797,20250929,170,Not as Described,1,336.66
798,20260222,168,Defective/Not Working,3,419.58
799,20230218,447,Changed Mind,4,239.04
800,20241212,491,Not as Described,2,336.46
801,20240820,186,Changed Mind,2,384.04
802,20240226,707,No Longer Needed,2,451.44
803,20230625,6,Late Delivery,4,781.44
804,20240129,110,Not as Described,2,569.9
805,20240406,202,Not as Described,4,1161.6
806,20260218,185,No Longer Needed,4,552.96
807,20250716,305,No Longer Needed,1,183.32
808,20230119,431,Defective/Not Working,1,27.19
809,20260419,653,Wrong Item Sent,3,630.15
810,20241221,299,Defective/Not Working,2,24.1
811,20231127,689,Defective/Not Working,2,205.24
812,20231229,138,Better Price Found,3,861.21
813,20240804,540,Wrong Item Sent,1,329.69
814,20260523,404,Defective/Not Working,2,499.4
815,20230704,46,Defective/Not Working,3,1015.44
816,20240423,309,Defective/Not Working,2,540.46
817,20240204,569,No Longer Needed,3,956.58
818,20250113,385,Not as Described,1,85.79
819,20240306,278,Defective/Not Working,4,1023.88
820,20240122,634,Better Price Found,1,132.1
821,20241105,530,No Longer Needed,3,717.06
822,20240320,159,Not as Described,2,276.68
823,20260323,35,No Longer Needed,2,32.44
824,20230105,610,Wrong Item Sent,4,127.76
825,20240615,537,Late Delivery,4,502.96
826,20240719,179,Wrong Item Sent,1,40.39
827,20230629,490,Wrong Item Sent,1,84.06
828,20230602,150,Defective/Not Working,1,107.86
829,20240626,707,No Longer Needed,1,225.72
830,20250203,118,Defective/Not Working,2,820.76
831,20230713,600,Defective/Not Working,1,66.54
832,20260410,694,No Longer Needed,3,197.55
833,20230203,140,Late Delivery,1,105.24
834,20260529,519,Not as Described,1,54.14
835,20230502,92,Defective/Not Working,2,485.34
836,20250610,18,Wrong Item Sent,3,147.48
837,20231002,188,Defective/Not Working,2,553.0
838,20260417,43,Not as Described,4,546.6
839,20260518,624,Late Delivery,4,86.68
840,20240730,598,Changed Mind,1,111.7
841,20250920,522,Not as Described,1,104.14
842,20240326,339,Changed Mind,4,590.8
843,20250214,40,Wrong Item Sent,3,739.14
844,20240111,34,Better Price Found,3,656.01
845,20251002,653,Not as Described,1,210.05
846,20230705,411,Changed Mind,4,259.24
847,20230731,762,Not as Described,2,556.7
848,20250816,636,Late Delivery,2,280.08
849,20240418,41,Changed Mind,4,1089.2
850,20240725,527,No Longer Needed,4,326.96
851,20251213,348,Changed Mind,1,233.48
852,20250221,213,Not as Described,4,1000.04
853,20231103,267,Wrong Item Sent,3,426.84
854,20251020,329,Wrong Item Sent,4,1076.48
855,20250602,771,Not as Described,1,87.72
856,20231126,605,Defective/Not Working,1,161.5
857,20250204,206,Defective/Not Working,1,36.22
858,20241130,351,Late Delivery,2,697.78
859,20231118,660,Wrong Item Sent,3,34.26
860,20230504,284,Late Delivery,4,63.88
861,20250402,669,Changed Mind,3,768.81
862,20250117,436,Late Delivery,3,940.17
863,20240922,665,Not as Described,1,406.18
864,20250120,52,Defective/Not Working,4,84.56
865,20240126,603,Changed Mind,4,913.36
866,20230502,798,Defective/Not Working,3,391.89
867,20240612,124,Changed Mind,2,22.56
868,20260513,527,No Longer Needed,4,326.96
869,20230415,577,Defective/Not Working,2,585.38
870,20230712,756,Late Delivery,4,1577.0
871,20241006,240,Defective/Not Working,1,48.56
872,20230627,467,Wrong Item Sent,1,166.44
873,20240227,592,Changed Mind,3,536.13
874,20251203,382,Changed Mind,4,203.68
875,20250410,523,Defective/Not Working,2,303.3
876,20250625,334,Not as Described,1,266.65
877,20250426,445,Defective/Not Working,1,236.18
878,20251030,186,Better Price Found,1,192.02
879,20231205,58,Defective/Not Working,4,127.0
880,20241027,557,Changed Mind,3,495.12
881,20250611,84,Not as Described,1,73.96
882,20231011,169,Changed Mind,2,161.68
883,20251114,515,No Longer Needed,2,255.82
884,20260325,6,Changed Mind,3,586.08
885,20250805,398,Changed Mind,1,70.82
886,20241212,26,No Longer Needed,2,718.42
887,20241031,788,Wrong Item Sent,4,673.4
888,20231012,449,Better Price Found,4,90.44
889,20230830,472,Not as Described,2,61.74
890,20250511,52,Changed Mind,3,63.42
891,20241009,737,Changed Mind,4,928.4
892,20230626,250,Defective/Not Working,1,223.62
893,20240218,74,Defective/Not Working,1,140.18
894,20251211,480,Better Price Found,4,1702.72
895,20241006,697,Late Delivery,1,203.47
896,20250801,634,Changed Mind,3,396.3
897,20241128,467,Changed Mind,3,499.32
898,20230403,705,Changed Mind,2,479.38
899,20260126,20,No Longer Needed,1,54.98
900,20240403,444,Late Delivery,2,542.94
901,20241029,326,Defective/Not Working,3,802.56
902,20231124,501,Defective/Not Working,2,334.56
903,20230728,578,Defective/Not Working,4,1321.0
904,20250729,311,Not as Described,3,1081.5
905,20251115,582,No Longer Needed,4,1676.76
906,20251015,598,Not as Described,4,446.8
907,20260522,386,Not as Described,3,552.51
908,20240603,190,Late Delivery,1,46.04
909,20230809,445,Wrong Item Sent,1,236.18
910,20241229,209,Better Price Found,1,254.65
911,20240628,706,Defective/Not Working,2,273.88
912,20251031,215,Changed Mind,3,538.89
913,20240112,146,Late Delivery,2,376.06
914,20231129,696,Not as Described,3,543.57
915,20230327,35,Not as Described,2,32.44
916,20250613,355,Better Price Found,1,151.19
917,20240509,216,Wrong Item Sent,3,1009.62
918,20250104,717,Not as Described,3,112.47
919,20230621,153,Late Delivery,2,179.98
920,20240613,494,Late Delivery,3,1141.5
921,20240824,444,Changed Mind,2,542.94
922,20251026,789,Not as Described,3,1238.91
923,20230106,421,No Longer Needed,4,330.16
924,20260209,658,Changed Mind,4,1109.44
925,20231225,559,No Longer Needed,2,110.24
926,20250821,741,Wrong Item Sent,1,212.39
927,20260209,289,Changed Mind,4,212.2
928,20230323,707,Changed Mind,2,451.44
929,20250205,654,Wrong Item Sent,2,447.34
930,20230602,308,Not as Described,3,832.05
931,20230121,689,Changed Mind,1,102.62
932,20230716,779,Wrong Item Sent,4,539.88
933,20230920,384,Changed Mind,4,209.96
934,20260217,423,Changed Mind,4,104.76
935,20230109,368,Late Delivery,1,122.52
936,20251106,334,Defective/Not Working,3,799.95
937,20240315,615,Wrong Item Sent,4,431.48
938,20240214,208,Wrong Item Sent,3,583.29
939,20251018,345,No Longer Needed,3,822.39
940,20251203,311,Wrong Item Sent,3,1081.5
941,20240619,132,Not as Described,3,348.54
942,20240828,394,No Longer Needed,3,479.37
943,20260528,605,Not as Described,2,323.0
944,20260219,224,Changed Mind,4,820.48
945,20230506,776,Late Delivery,3,280.95
946,20250617,194,Changed Mind,4,1258.24
947,20240707,551,Changed Mind,3,119.25
948,20240926,543,Not as Described,1,164.16
949,20250108,518,Not as Described,3,115.89
950,20240818,393,Not as Described,1,22.43
951,20240323,640,Changed Mind,4,604.64
952,20241203,184,Changed Mind,4,1223.72
953,20250427,362,Changed Mind,1,342.7
954,20250530,429,No Longer Needed,3,585.63
955,20230305,689,Not as Described,3,307.86
956,20260502,291,Wrong Item Sent,3,534.54
957,20260401,396,Not as Described,1,167.37
958,20240202,343,No Longer Needed,2,35.1
959,20230527,460,Defective/Not Working,3,252.51
960,20240926,650,Changed Mind,4,570.24
961,20250328,303,Changed Mind,3,315.51
962,20231104,754,Better Price Found,3,1225.74
963,20231104,720,Defective/Not Working,4,1641.96
964,20240517,770,Not as Described,1,92.3
965,20250406,559,Late Delivery,3,165.36
966,20230221,369,Wrong Item Sent,1,98.11
967,20260527,216,Not as Described,1,336.54
968,20260627,397,Changed Mind,4,598.4
969,20260217,167,Changed Mind,4,944.2
970,20250316,421,Changed Mind,3,247.62
971,20240224,122,Wrong Item Sent,1,193.32
972,20250108,15,Defective/Not Working,1,179.98
973,20231019,295,Not as Described,1,217.29
974,20250218,368,Changed Mind,4,490.08
975,20230412,710,Late Delivery,4,208.56
976,20250415,514,Late Delivery,4,1361.8
977,20250728,493,Not as Described,2,182.88
978,20241228,173,Defective/Not Working,3,1058.37
979,20240709,227,Defective/Not Working,3,877.86
980,20241024,564,Changed Mind,4,571.52
981,20231231,530,Changed Mind,2,478.04
982,20260317,583,Not as Described,4,730.96
983,20231121,795,Defective/Not Working,2,470.56
984,20230726,69,Wrong Item Sent,1,201.68
985,20250807,349,Defective/Not Working,2,601.64
986,20250411,374,No Longer Needed,2,660.96
987,20230129,148,Late Delivery,2,52.74
988,20230527,380,Not as Described,3,718.86
989,20240710,477,Not as Described,2,506.88
990,20240919,390,Better Price Found,3,779.55
991,20240817,304,No Longer Needed,4,288.0
992,20250507,675,Defective/Not Working,4,1242.88
993,20260126,19,Defective/Not Working,3,757.08
994,20230126,598,Better Price Found,3,335.1
995,20260104,634,Defective/Not Working,4,528.4
996,20260416,394,Defective/Not Working,4,639.16
997,20240721,537,Changed Mind,3,377.22
998,20250510,300,Late Delivery,3,282.6
999,20250908,253,Defective/Not Working,1,436.82
1000,20240301,194,Late Delivery,3,943.68
1001,20230304,555,Better Price Found,4,452.88
1002,20240410,431,Wrong Item Sent,3,81.57
1003,20240112,132,Defective/Not Working,1,116.18
1004,20231202,731,Changed Mind,2,850.92
1005,20230505,24,Defective/Not Working,2,253.2
1006,20231114,600,Wrong Item Sent,4,266.16
1007,20240409,772,Changed Mind,3,818.67
1008,20250408,440,Changed Mind,1,113.85
1009,20260307,646,Changed Mind,3,607.56
1010,20250615,726,Changed Mind,2,549.7
1011,20250524,773,Changed Mind,1,48.89
1012,20231020,702,Better Price Found,4,1042.16
1013,20251108,245,Late Delivery,1,129.45
1014,20230219,749,Wrong Item Sent,1,202.73
1015,20230107,60,Late Delivery,1,69.61
1016,20230927,332,Changed Mind,4,486.44
1017,20231127,550,Wrong Item Sent,3,609.51
1018,20240825,411,Late Delivery,1,64.81
1019,20250308,746,Better Price Found,2,787.74
1020,20240327,376,Late Delivery,1,268.5
1021,20240421,174,Changed Mind,4,833.64
1022,20250811,760,Defective/Not Working,2,643.04
1023,20250610,603,Not as Described,1,228.34
1024,20230202,326,Defective/Not Working,3,802.56
1025,20230614,587,Late Delivery,1,273.68
1026,20250908,99,Better Price Found,1,363.81
1027,20240324,323,Not as Described,2,442.36
1028,20240225,654,Not as Described,1,223.67
1029,20231113,726,Wrong Item Sent,1,274.85
1030,20230620,593,Changed Mind,3,1045.5
1031,20231204,143,Late Delivery,2,551.74
1032,20231116,406,Changed Mind,4,706.56
1033,20250625,792,Defective/Not Working,1,142.29
1034,20250713,534,Wrong Item Sent,2,223.54
1035,20240701,516,Wrong Item Sent,3,228.0
1036,20230703,657,Not as Described,3,623.88
1037,20240922,609,Defective/Not Working,1,249.15
1038,20231120,353,Not as Described,3,690.0
1039,20250719,191,Wrong Item Sent,4,1322.04
1040,20230326,285,Changed Mind,2,409.78
1041,20230623,274,Wrong Item Sent,4,741.4
1042,20250314,339,No Longer Needed,4,590.8
1043,20241028,507,Defective/Not Working,1,266.28
1044,20240621,255,Defective/Not Working,2,634.92
1045,20250221,20,Defective/Not Working,2,109.96
1046,20230102,384,No Longer Needed,2,104.98
1047,20231129,564,Defective/Not Working,4,571.52
1048,20251220,525,No Longer Needed,1,333.84
1049,20260123,122,Not as Described,3,579.96
1050,20250124,563,Wrong Item Sent,1,41.14
1051,20250210,313,Wrong Item Sent,4,580.88
1052,20241022,66,Changed Mind,1,232.57
1053,20240626,227,Defective/Not Working,4,1170.48
1054,20240229,357,Defective/Not Working,4,136.2
1055,20260525,617,Wrong Item Sent,4,403.4
1056,20240602,21,Defective/Not Working,2,558.66
1057,20230724,689,Not as Described,1,102.62
1058,20240418,220,Defective/Not Working,3,802.35
1059,20240802,568,Not as Described,2,55.12
1060,20240729,76,Not as Described,1,227.03
1061,20250828,22,No Longer Needed,2,210.92
1062,20241031,435,Changed Mind,3,682.2
1063,20250218,263,Defective/Not Working,4,349.72
1064,20251115,330,Better Price Found,2,576.32
1065,20230502,511,Wrong Item Sent,4,458.8
1066,20250919,489,Changed Mind,2,517.42
1067,20251026,347,Changed Mind,3,175.98
1068,20230821,378,Better Price Found,2,521.14
1069,20251128,670,Late Delivery,4,914.4
1070,20250102,120,Late Delivery,1,187.42
1071,20240517,769,Late Delivery,4,372.76
1072,20251206,96,Wrong Item Sent,2,409.7
1073,20250120,640,Defective/Not Working,2,302.32
1074,20260414,352,Changed Mind,3,816.84
1075,20250520,245,No Longer Needed,4,517.8
1076,20250707,763,Changed Mind,4,1393.44
1077,20240620,363,Not as Described,2,226.76
1078,20260123,509,Defective/Not Working,2,180.38
1079,20260211,356,Better Price Found,4,513.72
1080,20251005,649,No Longer Needed,4,1069.92
1081,20250530,715,Not as Described,1,170.39
1082,20231103,545,Defective/Not Working,4,98.04
1083,20230722,734,No Longer Needed,3,109.53
1084,20240930,255,Late Delivery,2,634.92
1085,20260425,71,Changed Mind,2,162.9
1086,20240822,459,Not as Described,3,125.34
1087,20260131,381,Changed Mind,3,826.47
1088,20250512,105,Late Delivery,3,1140.57
1089,20240815,478,Defective/Not Working,1,272.96
1090,20241127,244,Not as Described,3,1072.83
1091,20240422,313,No Longer Needed,2,290.44
1092,20241210,178,Defective/Not Working,1,241.37
1093,20240919,311,No Longer Needed,2,721.0
1094,20251120,642,Not as Described,2,187.26
1095,20230319,272,Better Price Found,4,264.36
1096,20250111,104,Not as Described,4,634.04
1097,20230606,138,Defective/Not Working,2,574.14
1098,20240112,244,Defective/Not Working,1,357.61
1099,20260419,769,Not as Described,1,93.19
1100,20231126,535,Not as Described,3,512.85
1101,20260323,565,Defective/Not Working,1,40.62
1102,20230129,704,Wrong Item Sent,3,56.91
1103,20240614,790,Better Price Found,4,468.88
1104,20230819,550,Not as Described,3,609.51
1105,20231024,677,Not as Described,4,405.24
1106,20240801,751,No Longer Needed,1,98.86
1107,20240117,744,Late Delivery,3,297.0
1108,20230808,142,Better Price Found,4,1035.76
1109,20260517,484,Defective/Not Working,3,46.23
1110,20250716,733,Better Price Found,2,436.6
1111,20240826,636,No Longer Needed,1,140.04
1112,20260505,769,Not as Described,2,186.38
1113,20240228,724,Defective/Not Working,1,208.64
1114,20251104,770,Wrong Item Sent,1,92.3
1115,20250607,527,Better Price Found,2,163.48
1116,20241207,353,Better Price Found,1,230.0
1117,20241229,52,No Longer Needed,4,84.56
1118,20260419,263,Changed Mind,4,349.72
1119,20240725,15,Better Price Found,2,359.96
1120,20230127,319,Late Delivery,3,850.53
1121,20241219,338,Wrong Item Sent,3,643.14
1122,20250323,485,Defective/Not Working,4,500.8
1123,20230109,543,Late Delivery,3,492.48
1124,20260629,769,Changed Mind,3,279.57
1125,20240413,309,Wrong Item Sent,4,1080.92
1126,20251023,244,Not as Described,2,715.22
1127,20231122,411,Wrong Item Sent,4,259.24
1128,20251116,383,Defective/Not Working,1,55.74
1129,20231221,19,Wrong Item Sent,3,757.08
1130,20260313,783,Defective/Not Working,1,254.01
1131,20250920,625,Changed Mind,4,1633.72
1132,20230808,26,Late Delivery,2,718.42
1133,20240829,266,Changed Mind,1,259.97
1134,20260529,360,Defective/Not Working,4,584.92
1135,20260613,786,No Longer Needed,3,382.26
1136,20230930,365,Defective/Not Working,1,297.68
1137,20230531,613,Defective/Not Working,3,138.45
1138,20250224,617,Not as Described,2,201.7
1139,20231006,61,Not as Described,1,9.0
1140,20260603,24,Late Delivery,2,253.2
1141,20250403,59,Wrong Item Sent,3,214.83
1142,20240614,590,Not as Described,2,132.48
1143,20230627,46,Not as Described,3,1015.44
1144,20240401,769,Wrong Item Sent,1,93.19
1145,20260209,757,Better Price Found,2,237.02
1146,20251023,378,Better Price Found,4,1042.28
1147,20240526,559,Late Delivery,1,55.12
1148,20251202,45,No Longer Needed,1,269.74
1149,20240322,531,Defective/Not Working,4,74.88
1150,20240717,488,Defective/Not Working,3,713.82
1151,20230920,101,Defective/Not Working,3,964.83
1152,20240917,708,Wrong Item Sent,2,281.42
1153,20240622,418,Changed Mind,4,943.6
1154,20241015,630,Changed Mind,4,1359.16
1155,20240831,118,Defective/Not Working,1,410.38
1156,20240822,505,Defective/Not Working,3,430.65
1157,20260119,782,No Longer Needed,2,206.0
1158,20251201,490,Changed Mind,1,84.06
1159,20240527,438,Changed Mind,1,40.99
1160,20241004,539,Not as Described,1,287.91
1161,20240102,507,Defective/Not Working,1,266.28
1162,20260523,528,Better Price Found,2,731.12
1163,20240105,454,Wrong Item Sent,1,323.6
1164,20250417,364,Defective/Not Working,1,58.02
1165,20230130,639,No Longer Needed,1,208.98
1166,20230704,265,Defective/Not Working,2,498.62
1167,20250330,168,Late Delivery,1,139.86
1168,20250114,543,Defective/Not Working,2,328.32
1169,20250717,46,Changed Mind,4,1353.92
1170,20230620,704,Defective/Not Working,2,37.94
1171,20230213,546,Not as Described,2,130.72
1172,20240706,521,Defective/Not Working,4,1043.92
1173,20260313,691,Changed Mind,2,320.98
1174,20240522,739,Defective/Not Working,3,746.16
1175,20230719,474,Wrong Item Sent,4,1142.44
1176,20260627,434,Changed Mind,4,546.16
1177,20250423,404,Changed Mind,1,249.7
1178,20240128,546,Defective/Not Working,1,65.36
1179,20240726,122,Not as Described,4,773.28
1180,20240707,42,Not as Described,2,491.84
1181,20260314,699,Late Delivery,1,65.91
1182,20250724,724,Late Delivery,3,625.92
1183,20260223,599,Changed Mind,1,224.63
1184,20240902,31,Not as Described,4,1124.8
1185,20250423,569,Defective/Not Working,1,318.86
1186,20250424,786,Wrong Item Sent,3,382.26
1187,20251230,234,Better Price Found,4,1275.6
1188,20230720,511,Changed Mind,3,344.1
1189,20240324,131,Changed Mind,4,98.16
1190,20260120,467,Changed Mind,4,665.76
1191,20240702,271,Defective/Not Working,2,363.64
1192,20250520,263,Defective/Not Working,4,349.72
1193,20240703,64,Defective/Not Working,3,716.52
1194,20230201,700,Late Delivery,3,477.66
1195,20240916,61,Changed Mind,4,36.0
1196,20260214,2,No Longer Needed,3,326.37
1197,20250415,592,Better Price Found,4,714.84
1198,20260402,612,Changed Mind,4,978.96
1199,20230613,518,Changed Mind,1,38.63
1200,20250712,706,Wrong Item Sent,2,273.88
1201,20230417,240,Not as Described,3,145.68
1202,20230405,328,Defective/Not Working,4,311.24
1203,20241211,776,Defective/Not Working,3,280.95
1204,20231124,754,Better Price Found,4,1634.32
1205,20250421,522,Wrong Item Sent,3,312.42
1206,20231215,754,Changed Mind,1,408.58
1207,20230818,590,No Longer Needed,4,264.96
1208,20251228,72,Changed Mind,2,239.44
1209,20230206,717,Defective/Not Working,2,74.98
1210,20230817,408,Changed Mind,4,298.68
1211,20241120,87,Changed Mind,4,816.6
1212,20241103,483,Changed Mind,4,671.28
1213,20240409,699,Wrong Item Sent,3,197.73
1214,20241011,733,Not as Described,4,873.2
1215,20250612,101,Better Price Found,3,964.83
1216,20241225,140,Wrong Item Sent,4,420.96
1217,20250528,279,Late Delivery,3,890.97
1218,20230909,249,Defective/Not Working,1,37.07
1219,20250419,323,Better Price Found,3,663.54
1220,20240111,301,Defective/Not Working,4,967.2
1221,20230804,132,Changed Mind,1,116.18
1222,20260505,486,Better Price Found,3,612.81
1223,20250507,347,Defective/Not Working,3,175.98
1224,20250930,108,Defective/Not Working,3,73.47
1225,20231208,753,No Longer Needed,2,612.36
1226,20230823,638,No Longer Needed,3,106.53
1227,20251122,93,Defective/Not Working,4,245.64
1228,20230209,734,No Longer Needed,4,146.04
1229,20240406,74,Late Delivery,2,280.36
1230,20260501,400,Defective/Not Working,2,359.86
1231,20250626,146,Not as Described,2,376.06
1232,20240310,241,Defective/Not Working,4,1246.12
1233,20250827,121,Defective/Not Working,3,896.46
1234,20240930,318,Not as Described,2,82.18
1235,20240113,774,Defective/Not Working,3,301.02
1236,20230218,242,Wrong Item Sent,4,686.68
1237,20241203,364,No Longer Needed,2,116.04
1238,20250622,226,Not as Described,3,751.95
1239,20250524,262,Late Delivery,2,475.68
1240,20241223,716,Wrong Item Sent,2,195.24
1241,20230112,266,Changed Mind,2,519.94
1242,20250914,470,Not as Described,2,372.46
1243,20231011,534,Not as Described,3,335.31
1244,20260620,193,Changed Mind,2,343.36
1245,20250501,663,Not as Described,2,609.66
1246,20230518,642,No Longer Needed,2,187.26
1247,20251009,735,Defective/Not Working,2,244.02
1248,20250827,181,Better Price Found,1,341.92
1249,20260225,173,Wrong Item Sent,4,1411.16
1250,20230805,276,Defective/Not Working,2,133.4
1251,20230810,521,Defective/Not Working,4,1043.92
1252,20251101,629,Changed Mind,3,652.83
1253,20260329,607,Late Delivery,4,727.52
1254,20251014,522,Late Delivery,3,312.42
1255,20230905,783,Better Price Found,3,762.03
1256,20230711,368,Defective/Not Working,2,245.04
1257,20250404,387,Better Price Found,2,132.16
1258,20230704,168,Better Price Found,1,139.86
1259,20260506,323,Better Price Found,1,221.18
1260,20250528,739,Late Delivery,4,994.88
1261,20230425,405,Not as Described,4,939.84
1262,20230925,791,Not as Described,3,685.11
1263,20230122,109,Defective/Not Working,3,1123.68
1264,20240529,74,Wrong Item Sent,2,280.36
1265,20230301,63,Defective/Not Working,2,116.24
1266,20250819,199,Changed Mind,2,254.36
1267,20251103,504,Not as Described,3,73.59
1268,20250918,389,Defective/Not Working,3,41.97
1269,20260426,42,Wrong Item Sent,2,491.84
1270,20240331,13,Wrong Item Sent,2,195.7
1271,20240121,300,Wrong Item Sent,1,94.2
1272,20250215,82,Wrong Item Sent,1,299.58
1273,20240818,115,Defective/Not Working,2,516.64
1274,20241226,533,Wrong Item Sent,4,678.44
1275,20260503,662,Changed Mind,3,428.79
1276,20260403,425,No Longer Needed,3,467.19
1277,20260402,305,Better Price Found,4,733.28
1278,20240223,429,Changed Mind,1,195.21
1279,20250408,498,Wrong Item Sent,3,928.5
1280,20230624,425,Wrong Item Sent,1,155.73
1281,20251028,214,Defective/Not Working,4,1237.56
1282,20251226,247,Changed Mind,3,348.33
1283,20240515,308,Better Price Found,3,832.05
1284,20230708,419,Defective/Not Working,1,199.26
1285,20241026,689,Late Delivery,1,102.62
1286,20250215,315,Changed Mind,2,592.42
1287,20250322,482,Wrong Item Sent,4,297.08
1288,20230921,323,Changed Mind,2,442.36
1289,20250920,311,Better Price Found,2,721.0
1290,20230924,21,Late Delivery,1,279.33
1291,20260124,100,Changed Mind,4,254.84
1292,20260114,749,No Longer Needed,4,810.92
1293,20240416,492,Defective/Not Working,3,303.84
1294,20260405,213,Wrong Item Sent,3,750.03
1295,20250901,395,No Longer Needed,1,380.39
1296,20240502,239,Changed Mind,3,533.07
1297,20260122,10,Defective/Not Working,4,210.68
1298,20250706,366,Better Price Found,1,384.91
1299,20250729,246,Changed Mind,2,579.66
1300,20241024,697,Changed Mind,3,610.41
1301,20260126,281,Wrong Item Sent,4,1013.92
1302,20230325,126,Wrong Item Sent,3,357.75
1303,20250521,339,No Longer Needed,2,295.4
1304,20240610,624,Changed Mind,3,65.01
1305,20240623,24,Better Price Found,4,506.4
1306,20250714,489,Late Delivery,4,1034.84
1307,20231222,734,Defective/Not Working,2,73.02
1308,20231030,103,Defective/Not Working,1,169.4
1309,20250816,132,Better Price Found,1,116.18
1310,20260208,418,Changed Mind,4,943.6
1311,20260220,598,Defective/Not Working,1,111.7
1312,20250219,745,Wrong Item Sent,4,861.2
1313,20251115,587,Defective/Not Working,2,547.36
1314,20230325,600,Late Delivery,3,199.62
1315,20230612,514,Defective/Not Working,4,1361.8
1316,20230719,606,Defective/Not Working,2,108.48
1317,20241013,621,Defective/Not Working,3,714.63
1318,20260617,369,Wrong Item Sent,1,98.11
1319,20260626,800,Wrong Item Sent,2,277.52
1320,20250827,575,Defective/Not Working,3,588.84
1321,20260304,89,Changed Mind,3,251.73
1322,20250220,718,Defective/Not Working,1,216.02
1323,20230818,614,Defective/Not Working,3,32.52
1324,20230922,387,Defective/Not Working,2,132.16
1325,20230404,175,Not as Described,4,1214.28
1326,20241213,605,No Longer Needed,3,484.5
1327,20241207,700,Not as Described,2,318.44
1328,20260629,62,Not as Described,2,854.7
1329,20260105,18,Defective/Not Working,2,98.32
1330,20250207,129,Defective/Not Working,3,857.31
1331,20251217,620,Changed Mind,4,566.56
1332,20240708,662,No Longer Needed,3,428.79
1333,20260311,346,Defective/Not Working,2,559.68
1334,20250427,49,Wrong Item Sent,3,591.6
1335,20240915,554,Wrong Item Sent,3,179.49
1336,20241129,294,Defective/Not Working,4,1457.36
1337,20251221,763,Wrong Item Sent,2,696.72
1338,20240710,495,Wrong Item Sent,2,42.46
1339,20250907,344,Defective/Not Working,4,431.56
1340,20250727,84,No Longer Needed,1,73.96
1341,20241203,293,Not as Described,3,1271.28
1342,20250429,321,Changed Mind,2,761.74
1343,20230526,712,Not as Described,3,353.97
1344,20230417,320,Changed Mind,1,204.9
1345,20240404,553,No Longer Needed,4,275.96
1346,20250312,349,Changed Mind,2,601.64
1347,20240920,145,Better Price Found,2,444.42
1348,20230321,395,Defective/Not Working,3,1141.17
1349,20260223,41,Late Delivery,3,816.9
1350,20230917,783,Late Delivery,2,508.02
1351,20250811,327,Defective/Not Working,3,94.59
1352,20250527,248,Defective/Not Working,1,229.78
1353,20230316,622,No Longer Needed,4,388.76
1354,20230830,593,Wrong Item Sent,2,697.0
1355,20251024,106,Better Price Found,4,320.56
1356,20230819,644,Defective/Not Working,1,440.69
1357,20240213,708,Wrong Item Sent,2,281.42
1358,20260609,293,Late Delivery,1,423.76
1359,20230524,185,Defective/Not Working,4,552.96
1360,20230903,441,Not as Described,4,1338.88
1361,20250413,662,Defective/Not Working,1,142.93
1362,20260502,66,Not as Described,2,465.14
1363,20230108,718,Late Delivery,2,432.04
1364,20260609,714,Defective/Not Working,3,89.79
1365,20241126,277,Late Delivery,3,924.12
1366,20240319,333,Wrong Item Sent,4,1263.2
1367,20231009,412,Changed Mind,2,115.7
1368,20250511,285,No Longer Needed,2,409.78
1369,20251115,8,Better Price Found,2,422.64
1370,20230803,5,Not as Described,1,163.2
1371,20231006,695,Not as Described,4,878.16
1372,20240903,403,Not as Described,3,631.62
1373,20230110,718,No Longer Needed,2,432.04
1374,20260421,454,Changed Mind,4,1294.4
1375,20230423,372,Late Delivery,3,35.82
1376,20240430,432,Wrong Item Sent,4,1076.08
1377,20240909,612,Not as Described,1,244.74
1378,20250215,470,Not as Described,3,558.69
1379,20230322,427,Defective/Not Working,3,1248.18
1380,20241102,89,No Longer Needed,1,83.91
1381,20250110,216,Wrong Item Sent,1,336.54
1382,20240729,756,Wrong Item Sent,1,394.25
1383,20240227,766,Wrong Item Sent,1,210.17
1384,20240820,720,Better Price Found,2,820.98
1385,20240825,400,Better Price Found,2,359.86
1386,20230924,400,Wrong Item Sent,2,359.86
1387,20240924,11,Better Price Found,4,217.68
1388,20250328,10,Changed Mind,2,105.34
1389,20230204,413,Defective/Not Working,4,395.76
1390,20230913,67,Defective/Not Working,1,220.55
1391,20230419,150,Late Delivery,1,107.86
1392,20241015,108,Not as Described,4,97.96
1393,20241210,488,Changed Mind,4,951.76
1394,20240115,139,Not as Described,1,382.89
1395,20230603,459,Defective/Not Working,1,41.78
1396,20241021,43,Defective/Not Working,4,546.6
1397,20240222,494,Wrong Item Sent,3,1141.5
1398,20240421,437,Wrong Item Sent,3,285.84
1399,20241024,291,Wrong Item Sent,3,534.54
1400,20260526,23,Changed Mind,2,426.84
1401,20250327,731,Changed Mind,2,850.92
1402,20260313,294,Better Price Found,4,1457.36
1403,20260417,757,Defective/Not Working,3,355.53
1404,20240725,767,Defective/Not Working,3,89.94
1405,20250918,410,No Longer Needed,4,377.28
1406,20230309,336,Not as Described,3,1098.78
1407,20230427,315,No Longer Needed,1,296.21
1408,20230411,730,Not as Described,3,655.11
1409,20260420,686,Changed Mind,1,193.71
1410,20240827,116,Wrong Item Sent,4,137.44
1411,20260527,610,Changed Mind,1,31.94
1412,20260604,616,Defective/Not Working,2,556.08
1413,20260324,388,Late Delivery,4,836.68
1414,20240610,606,Changed Mind,4,216.96
1415,20250721,535,Changed Mind,3,512.85
1416,20260316,82,No Longer Needed,3,898.74
1417,20260519,19,Not as Described,3,757.08
1418,20240103,675,Not as Described,3,932.16
1419,20250809,300,Not as Described,1,94.2
1420,20240823,617,Not as Described,2,201.7
1421,20241127,41,Changed Mind,1,272.3
1422,20250207,481,Changed Mind,1,267.97
1423,20260222,558,Not as Described,3,724.2
1424,20250831,635,Better Price Found,4,213.96
1425,20230315,557,No Longer Needed,2,330.08
1426,20251225,418,Changed Mind,1,235.9
1427,20260626,86,Not as Described,1,11.99
1428,20250827,622,Changed Mind,3,291.57
1429,20230917,353,Changed Mind,3,690.0
1430,20230606,138,Not as Described,4,1148.28
1431,20230215,739,Defective/Not Working,1,248.72
1432,20231106,444,Better Price Found,3,814.41
1433,20250712,36,Better Price Found,2,429.28
1434,20241116,417,Not as Described,4,973.4
1435,20240906,338,Late Delivery,1,214.38
1436,20230318,30,Defective/Not Working,1,325.32
1437,20230802,102,No Longer Needed,2,517.44
1438,20241105,394,Wrong Item Sent,4,639.16
1439,20240228,799,Late Delivery,1,172.35
1440,20251017,140,No Longer Needed,3,315.72
1441,20250923,472,Defective/Not Working,2,61.74
1442,20240103,126,Late Delivery,3,357.75
1443,20250331,766,Late Delivery,3,630.51
1444,20230618,615,Changed Mind,2,215.74
1445,20230320,145,Not as Described,3,666.63
1446,20240128,81,Late Delivery,4,1099.76
1447,20251210,539,Defective/Not Working,4,1151.64
1448,20240731,707,Changed Mind,3,677.16
1449,20240702,218,Defective/Not Working,2,387.38
1450,20230613,704,Changed Mind,1,18.97
1451,20240903,724,Defective/Not Working,1,208.64
1452,20260419,260,Defective/Not Working,4,1132.8
1453,20251110,744,Late Delivery,4,396.0
1454,20230924,631,Late Delivery,1,266.82
1455,20240517,84,Wrong Item Sent,3,221.88
1456,20240703,165,Defective/Not Working,3,669.12
1457,20231222,204,Late Delivery,2,274.62
1458,20251023,373,Defective/Not Working,3,720.51
1459,20230923,431,Defective/Not Working,4,108.76
1460,20240105,368,Better Price Found,4,490.08
1461,20250913,60,Late Delivery,4,278.44
1462,20230701,734,Defective/Not Working,1,36.51
1463,20251202,4,Not as Described,4,1118.16
1464,20240202,577,Changed Mind,4,1170.76
1465,20251121,297,Not as Described,3,609.93
1466,20241118,265,Changed Mind,4,997.24
1467,20241016,185,Changed Mind,2,276.48
1468,20240504,228,No Longer Needed,1,211.07
1469,20250514,25,Wrong Item Sent,4,201.28
1470,20240720,162,Wrong Item Sent,1,43.61
1471,20241105,567,Not as Described,2,447.84
1472,20260103,223,Defective/Not Working,3,868.05
1473,20231006,491,Not as Described,4,672.92
1474,20250704,355,Changed Mind,3,453.57
1475,20250331,283,Wrong Item Sent,2,547.5
1476,20260610,216,Changed Mind,2,673.08
1477,20260213,727,Better Price Found,1,29.93
1478,20241210,402,Defective/Not Working,3,64.98
1479,20251229,159,Defective/Not Working,2,276.68
1480,20260425,219,Defective/Not Working,2,43.12
1481,20240318,457,Changed Mind,1,60.47
1482,20231126,203,Not as Described,2,715.88
1483,20231111,242,Better Price Found,3,515.01
1484,20240611,62,No Longer Needed,1,427.35
1485,20260429,769,Defective/Not Working,1,93.19
1486,20241224,526,Wrong Item Sent,1,17.69
1487,20240822,337,Defective/Not Working,4,1139.12
1488,20250211,290,Wrong Item Sent,4,1292.28
1489,20250311,189,Not as Described,3,616.62
1490,20240305,179,Defective/Not Working,1,40.39
1491,20230206,349,Late Delivery,1,300.82
1492,20250624,401,Defective/Not Working,3,566.91
1493,20240224,799,Defective/Not Working,2,344.7
1494,20241230,737,Not as Described,3,696.3
1495,20250424,702,Changed Mind,3,781.62
1496,20230102,492,Wrong Item Sent,2,202.56
1497,20250730,41,Defective/Not Working,4,1089.2
1498,20230513,575,Changed Mind,4,785.12
1499,20250604,779,Defective/Not Working,1,134.97
1500,20251102,516,Changed Mind,2,152.0
1501,20230405,642,Defective/Not Working,1,93.63
1502,20250613,415,Defective/Not Working,2,167.8
1503,20250413,184,Defective/Not Working,3,917.79
1504,20230921,415,Defective/Not Working,4,335.6
1505,20240426,190,Better Price Found,3,138.12
1506,20240113,305,Changed Mind,4,733.28
1507,20230125,73,Late Delivery,2,438.94
1508,20240716,92,Late Delivery,1,242.67
1509,20260514,412,Not as Described,2,115.7
1510,20230802,778,Defective/Not Working,1,248.68
1511,20230610,16,Changed Mind,1,121.92
1512,20251124,38,Late Delivery,4,146.68
1513,20240615,792,Late Delivery,2,284.58
1514,20230429,155,Late Delivery,2,336.02
1515,20240703,364,Changed Mind,4,232.08
1516,20230617,303,Changed Mind,3,315.51
1517,20260110,749,Defective/Not Working,1,202.73
1518,20250202,484,Wrong Item Sent,4,61.64
1519,20230422,733,Wrong Item Sent,3,654.9
1520,20230820,389,Defective/Not Working,1,13.99
1521,20260215,26,Better Price Found,1,359.21
1522,20240702,25,Changed Mind,1,50.32
1523,20241003,434,Defective/Not Working,4,546.16
1524,20250531,460,Defective/Not Working,4,336.68
1525,20250111,64,Changed Mind,3,716.52
1526,20240409,718,Changed Mind,2,432.04
1527,20260315,769,No Longer Needed,4,372.76
1528,20240816,724,Defective/Not Working,1,208.64
1529,20250407,350,Wrong Item Sent,3,585.84
1530,20241011,390,No Longer Needed,1,259.85
1531,20231104,44,Defective/Not Working,1,186.98
1532,20241115,336,Better Price Found,4,1465.04
1533,20260326,20,Not as Described,2,109.96
1534,20230613,379,Wrong Item Sent,2,612.52
1535,20230214,426,Defective/Not Working,1,82.56
1536,20230515,293,Defective/Not Working,1,423.76
1537,20230429,163,Not as Described,4,143.16
1538,20230302,594,Defective/Not Working,2,186.42
1539,20241009,262,Changed Mind,3,713.52
1540,20230317,779,Defective/Not Working,3,404.91
1541,20260406,216,Defective/Not Working,2,673.08
1542,20250605,719,Late Delivery,2,146.74
1543,20260105,280,Wrong Item Sent,2,88.9
1544,20240215,627,Defective/Not Working,1,323.38
1545,20250917,327,Defective/Not Working,3,94.59
1546,20251206,308,Wrong Item Sent,2,554.7
1547,20251115,415,Late Delivery,3,251.7
1548,20241010,87,Defective/Not Working,4,816.6
1549,20240126,141,No Longer Needed,4,896.36
1550,20241201,771,Better Price Found,3,263.16
1551,20251207,304,Changed Mind,3,216.0
1552,20260627,593,Defective/Not Working,1,348.5
1553,20230407,732,Late Delivery,4,363.52
1554,20260607,484,Late Delivery,3,46.23
1555,20230407,749,No Longer Needed,2,405.46
1556,20231210,574,Not as Described,1,292.71
1557,20250327,294,Defective/Not Working,4,1457.36
1558,20230524,215,Late Delivery,1,179.63
1559,20251203,226,Defective/Not Working,2,501.3
1560,20240312,779,Better Price Found,4,539.88
1561,20260628,498,Not as Described,1,309.5
1562,20250723,593,Better Price Found,3,1045.5
1563,20250430,481,No Longer Needed,3,803.91
1564,20260626,373,No Longer Needed,1,240.17
1565,20260425,186,Changed Mind,3,576.06
1566,20241214,565,Defective/Not Working,3,121.86
1567,20240331,735,Wrong Item Sent,4,488.04
1568,20240104,306,No Longer Needed,2,534.82
1569,20260620,244,Not as Described,3,1072.83
1570,20240626,338,Wrong Item Sent,2,428.76
1571,20241001,749,Changed Mind,3,608.19
1572,20250228,256,Late Delivery,2,216.54
1573,20260131,105,No Longer Needed,2,760.38
1574,20240516,746,Late Delivery,2,787.74
1575,20231110,616,Changed Mind,3,834.12
1576,20240831,408,Changed Mind,1,74.67
1577,20230208,561,Changed Mind,3,669.45
1578,20260124,284,Defective/Not Working,2,31.94
1579,20240131,93,Better Price Found,1,61.41
1580,20230127,35,Wrong Item Sent,2,32.44
1581,20260327,353,Not as Described,4,920.0
1582,20250708,701,Changed Mind,2,200.3
1583,20230625,417,Not as Described,4,973.4
1584,20240715,360,Not as Described,1,146.23
1585,20231122,163,Changed Mind,3,107.37
1586,20240914,120,Late Delivery,3,562.26
1587,20250826,429,Defective/Not Working,1,195.21
1588,20240305,290,No Longer Needed,4,1292.28
1589,20250426,515,Changed Mind,1,127.91
1590,20231211,665,Changed Mind,3,1218.54
1591,20241007,790,Defective/Not Working,3,351.66
1592,20250503,63,Not as Described,3,174.36
1593,20230605,532,Late Delivery,4,1313.2
1594,20250218,590,Better Price Found,2,132.48
1595,20250412,745,Not as Described,3,645.9
1596,20251211,200,Defective/Not Working,2,490.46
1597,20230705,591,No Longer Needed,2,227.46
1598,20240406,728,Better Price Found,1,23.99
1599,20240317,630,Late Delivery,1,339.79
1600,20230910,184,Defective/Not Working,4,1223.72
1601,20251119,299,Wrong Item Sent,2,24.1
1602,20251018,715,Changed Mind,3,511.17
1603,20250304,261,Changed Mind,4,848.92
1604,20250619,695,Changed Mind,3,658.62
1605,20240225,691,Late Delivery,2,320.98
1606,20231004,361,Not as Described,2,436.82
1607,20250306,409,Changed Mind,3,659.46
1608,20260220,393,Defective/Not Working,3,67.29
1609,20230722,413,Better Price Found,3,296.82
1610,20230426,326,Changed Mind,2,535.04
1611,20240412,619,Better Price Found,4,386.88
1612,20230214,173,Not as Described,2,705.58
1613,20250912,205,Wrong Item Sent,3,247.14
1614,20250423,667,Late Delivery,4,427.72
1615,20240316,253,Defective/Not Working,3,1310.46
1616,20251009,489,Better Price Found,3,776.13
1617,20240127,569,Defective/Not Working,4,1275.44
1618,20250323,30,Late Delivery,2,650.64
1619,20260626,389,Defective/Not Working,2,27.98
1620,20240311,228,Defective/Not Working,3,633.21
1621,20240206,107,Not as Described,4,369.72
1622,20230410,763,Late Delivery,4,1393.44
1623,20250105,85,Not as Described,1,52.93
1624,20240901,209,Defective/Not Working,4,1018.6
1625,20230920,795,Defective/Not Working,3,705.84
1626,20231225,116,Not as Described,2,68.72
1627,20230528,226,Late Delivery,1,250.65
1628,20260624,245,Better Price Found,4,517.8
1629,20250615,215,Late Delivery,3,538.89
1630,20230722,787,Not as Described,1,222.59
1631,20230924,386,Defective/Not Working,4,736.68
1632,20260312,195,Not as Described,2,450.46
1633,20250101,766,Changed Mind,1,210.17
1634,20250701,739,Changed Mind,1,248.72
1635,20240706,694,No Longer Needed,3,197.55
1636,20250809,422,Wrong Item Sent,2,102.62
1637,20240903,390,Not as Described,4,1039.4
1638,20250305,432,Better Price Found,3,807.06
1639,20260103,381,Changed Mind,3,826.47
1640,20230411,756,No Longer Needed,2,788.5
1641,20260609,362,Changed Mind,3,1028.1
1642,20260610,622,No Longer Needed,4,388.76
1643,20250609,31,Wrong Item Sent,3,843.6
1644,20260429,744,Not as Described,1,99.0
1645,20231230,328,Wrong Item Sent,2,155.62
1646,20251031,634,Not as Described,4,528.4
1647,20251117,691,Defective/Not Working,4,641.96
1648,20230227,507,Changed Mind,2,532.56
1649,20231103,133,Wrong Item Sent,1,157.64
1650,20230530,459,Defective/Not Working,4,167.12
1651,20230403,153,Wrong Item Sent,2,179.98
1652,20230827,260,Changed Mind,4,1132.8
1653,20240305,612,Changed Mind,4,978.96
1654,20250107,209,No Longer Needed,4,1018.6
1655,20250728,491,Late Delivery,2,336.46
1656,20250414,138,Wrong Item Sent,3,861.21
1657,20230101,433,Defective/Not Working,3,182.91
1658,20250925,645,Not as Described,4,1038.28
1659,20230626,423,Defective/Not Working,3,78.57
1660,20241025,169,No Longer Needed,2,161.68
1661,20240729,430,Better Price Found,3,290.76
1662,20240104,348,Not as Described,3,700.44
1663,20230626,7,Changed Mind,3,508.29
1664,20250409,83,Not as Described,3,37.86
1665,20230917,638,Defective/Not Working,3,106.53
1666,20230603,18,Not as Described,1,49.16
1667,20260515,787,Defective/Not Working,2,445.18
1668,20231211,492,Better Price Found,3,303.84
1669,20240914,234,No Longer Needed,2,637.8
1670,20240503,126,Changed Mind,2,238.5
1671,20251205,139,Not as Described,1,382.89
1672,20251024,121,Changed Mind,1,298.82
1673,20241218,91,No Longer Needed,1,191.54
1674,20260623,691,Not as Described,4,641.96
1675,20230107,166,No Longer Needed,4,1110.28
1676,20260326,589,Wrong Item Sent,4,350.96
1677,20240921,62,Late Delivery,2,854.7
1678,20240313,644,Defective/Not Working,3,1322.07
1679,20240704,379,Late Delivery,2,612.52
1680,20250601,716,Late Delivery,4,390.48
1681,20250121,262,Changed Mind,4,951.36
1682,20230831,568,Defective/Not Working,3,82.68
1683,20230426,559,Wrong Item Sent,4,220.48
1684,20260331,637,No Longer Needed,2,146.72
1685,20241003,227,No Longer Needed,2,585.24
1686,20231115,695,No Longer Needed,4,878.16
1687,20250404,177,Changed Mind,2,145.16
1688,20230707,366,Better Price Found,1,384.91
1689,20260628,201,Not as Described,2,357.78
1690,20250115,346,Changed Mind,3,839.52
1691,20250105,93,Changed Mind,4,245.64
1692,20231129,382,Defective/Not Working,2,101.84
1693,20240327,288,Wrong Item Sent,4,117.04
1694,20240102,179,Late Delivery,1,40.39
1695,20241214,672,Defective/Not Working,2,213.08
1696,20240321,279,Changed Mind,3,890.97
1697,20240104,501,Better Price Found,3,501.84
1698,20260129,453,No Longer Needed,3,477.12
1699,20230409,266,No Longer Needed,2,519.94
1700,20260503,15,Late Delivery,1,179.98
1701,20250611,471,Wrong Item Sent,1,34.5
1702,20251114,675,No Longer Needed,3,932.16
1703,20251206,286,No Longer Needed,4,1270.68
1704,20241005,185,Defective/Not Working,1,138.24
1705,20240714,41,No Longer Needed,1,272.3
1706,20241217,683,Changed Mind,2,853.34
1707,20230806,418,Defective/Not Working,4,943.6
1708,20240904,332,No Longer Needed,2,243.22
1709,20250530,58,Not as Described,4,127.0
1710,20230412,594,Late Delivery,1,93.21
1711,20230316,504,Changed Mind,1,24.53
1712,20230808,373,Changed Mind,4,960.68
1713,20231115,433,Wrong Item Sent,3,182.91
1714,20230803,378,Defective/Not Working,2,521.14
1715,20241120,223,Changed Mind,1,289.35
1716,20250313,67,Defective/Not Working,3,661.65
1717,20250605,571,Defective/Not Working,2,639.42
1718,20240919,346,No Longer Needed,3,839.52
1719,20260604,607,Changed Mind,4,727.52
1720,20250722,230,Late Delivery,4,223.16
1721,20250712,421,Changed Mind,3,247.62
1722,20260122,5,No Longer Needed,2,326.4
1723,20250605,497,Changed Mind,3,934.89
1724,20260204,719,Defective/Not Working,3,220.11
1725,20250703,40,Not as Described,4,985.52
1726,20240202,554,Not as Described,4,239.32
1727,20260611,58,Not as Described,3,95.25
1728,20260217,369,Defective/Not Working,2,196.22
1729,20240328,567,Defective/Not Working,3,671.76
1730,20230718,159,Not as Described,1,138.34
1731,20230125,278,Better Price Found,4,1023.88
1732,20240309,702,Not as Described,2,521.08
1733,20241026,95,Not as Described,2,152.86
1734,20230106,627,Not as Described,4,1293.52
1735,20230402,421,Wrong Item Sent,1,82.54
1736,20241022,256,Not as Described,2,216.54
1737,20240801,60,Wrong Item Sent,2,139.22
1738,20251215,233,Defective/Not Working,3,440.46
1739,20250319,359,Changed Mind,1,156.76
1740,20230702,516,Changed Mind,1,76.0
1741,20251112,782,Changed Mind,3,309.0
1742,20240517,276,Changed Mind,1,66.7
1743,20230516,275,Wrong Item Sent,4,139.88
1744,20230815,50,Changed Mind,3,761.01
1745,20230408,209,Changed Mind,1,254.65
1746,20230628,393,No Longer Needed,2,44.86
1747,20250518,77,No Longer Needed,1,218.69
1748,20230118,493,Defective/Not Working,2,182.88
1749,20260417,422,Changed Mind,1,51.31
1750,20260329,454,Wrong Item Sent,4,1294.4
1751,20230927,469,Changed Mind,4,645.48
1752,20231008,308,Wrong Item Sent,4,1109.4
1753,20240405,600,Wrong Item Sent,2,133.08
1754,20240826,129,Wrong Item Sent,1,285.77
1755,20240917,40,Wrong Item Sent,2,492.76
1756,20230510,527,Not as Described,4,326.96
1757,20250302,165,No Longer Needed,3,669.12
1758,20231206,168,Better Price Found,1,139.86
1759,20260505,435,Late Delivery,1,227.4
1760,20240416,685,Better Price Found,1,141.65
1761,20260310,41,Wrong Item Sent,3,816.9
1762,20251001,607,Defective/Not Working,4,727.52
1763,20250418,237,Changed Mind,2,678.9
1764,20230406,564,Better Price Found,4,571.52
1765,20260416,525,Late Delivery,2,667.68
1766,20240506,744,Changed Mind,1,99.0
1767,20230717,669,Better Price Found,3,768.81
1768,20250906,132,Changed Mind,1,116.18
1769,20241018,350,Defective/Not Working,2,390.56
1770,20260130,15,Changed Mind,1,179.98
1771,20230929,792,Defective/Not Working,3,426.87
1772,20251205,524,Not as Described,2,261.76
1773,20250822,525,Better Price Found,4,1335.36
1774,20241225,583,No Longer Needed,1,182.74
1775,20250211,128,Not as Described,2,83.52
1776,20250711,506,Not as Described,2,98.76
1777,20260319,9,Changed Mind,4,913.0
1778,20260330,749,Not as Described,1,202.73
1779,20241104,110,Wrong Item Sent,2,569.9
1780,20230501,48,Changed Mind,1,76.9
1781,20250626,141,Changed Mind,3,672.27
1782,20240225,542,Defective/Not Working,3,355.44
1783,20240526,428,Defective/Not Working,1,389.44
1784,20230929,368,Not as Described,2,245.04
1785,20230809,361,Wrong Item Sent,4,873.64
1786,20260412,257,Defective/Not Working,4,613.72
1787,20230211,97,Better Price Found,2,603.56
1788,20260125,181,Changed Mind,3,1025.76
1789,20230213,204,Wrong Item Sent,4,549.24
1790,20251110,290,No Longer Needed,1,323.07
1791,20250107,574,Changed Mind,4,1170.84
1792,20240610,6,Late Delivery,3,586.08
1793,20230924,20,Better Price Found,2,109.96
1794,20260409,527,Wrong Item Sent,2,163.48
1795,20250302,715,Changed Mind,1,170.39
1796,20241112,432,Defective/Not Working,1,269.02
1797,20250521,132,Wrong Item Sent,3,348.54
1798,20230101,131,Not as Described,1,24.54
1799,20240922,758,Better Price Found,3,1045.5
1800,20240711,590,Changed Mind,3,198.72
1801,20250126,270,Changed Mind,3,443.76
1802,20230806,531,Changed Mind,3,56.16
1803,20231107,631,No Longer Needed,1,266.82
1804,20260513,275,Changed Mind,1,34.97
1805,20230522,356,Defective/Not Working,3,385.29
1806,20240619,389,Late Delivery,3,41.97
1807,20240804,771,Wrong Item Sent,1,87.72
1808,20250221,190,No Longer Needed,3,138.12
1809,20231216,301,Not as Described,1,241.8
1810,20241206,49,Wrong Item Sent,1,197.2
1811,20250504,246,Not as Described,3,869.49
1812,20230911,251,Defective/Not Working,4,1403.8
1813,20250222,272,Defective/Not Working,1,66.09
1814,20231104,686,Defective/Not Working,2,387.42
1815,20230424,783,Not as Described,1,254.01
1816,20230728,380,Not as Described,2,479.24
1817,20240710,672,Changed Mind,3,319.62
1818,20260315,245,Better Price Found,3,388.35
1819,20250215,585,Not as Described,2,326.52
1820,20250920,314,Defective/Not Working,1,241.0
1821,20240922,306,Changed Mind,3,802.23
1822,20230505,790,Defective/Not Working,4,468.88
1823,20240407,621,Changed Mind,4,952.84
1824,20251214,533,Changed Mind,1,169.61
1825,20230529,341,Not as Described,2,107.64
1826,20230626,618,Not as Described,1,117.82
1827,20230526,348,Wrong Item Sent,1,233.48
1828,20250913,61,Changed Mind,4,36.0
1829,20251218,118,Changed Mind,3,1231.14
1830,20231010,67,Defective/Not Working,4,882.2
1831,20240403,699,Changed Mind,2,131.82
1832,20240226,308,Wrong Item Sent,3,832.05
1833,20231023,567,Wrong Item Sent,2,447.84
1834,20251123,261,Wrong Item Sent,3,636.69
1835,20250705,289,Changed Mind,1,53.05
1836,20231103,177,Changed Mind,1,72.58
1837,20260405,229,Changed Mind,3,506.07
1838,20250218,398,Changed Mind,4,283.28
1839,20240314,714,Changed Mind,3,89.79
1840,20230426,66,Better Price Found,4,930.28
1841,20230624,597,Defective/Not Working,3,33.33
1842,20250508,13,Late Delivery,2,195.7
1843,20240820,725,Defective/Not Working,2,756.44
1844,20260212,663,Changed Mind,3,914.49
1845,20240627,231,Defective/Not Working,1,190.39
1846,20250906,248,Changed Mind,1,229.78
1847,20250130,763,Defective/Not Working,2,696.72
1848,20260305,581,Changed Mind,4,185.8
1849,20231227,520,Late Delivery,4,1446.76
1850,20250518,126,Wrong Item Sent,3,357.75
1851,20250424,769,Wrong Item Sent,2,186.38
1852,20231116,274,Defective/Not Working,1,185.35
1853,20250113,383,Changed Mind,1,55.74
1854,20231202,222,Better Price Found,1,199.12
1855,20250713,707,Better Price Found,3,677.16
1856,20251014,660,Changed Mind,2,22.84
1857,20231014,147,Defective/Not Working,2,107.96
1858,20250722,418,Changed Mind,2,471.8
1859,20250830,738,Wrong Item Sent,3,671.55
1860,20230502,627,Changed Mind,3,970.14
1861,20260621,594,Better Price Found,3,279.63
1862,20230808,431,Defective/Not Working,4,108.76
1863,20240828,469,Defective/Not Working,4,645.48
1864,20250409,155,Not as Described,1,168.01
1865,20241003,68,Defective/Not Working,3,53.52
1866,20240915,515,No Longer Needed,1,127.91
1867,20250625,128,No Longer Needed,4,167.04
1868,20260511,584,Late Delivery,2,606.9
1869,20250519,668,Changed Mind,4,482.8
1870,20240714,376,Not as Described,3,805.5
1871,20240303,656,Wrong Item Sent,1,264.51
1872,20231230,324,Changed Mind,3,630.75
1873,20260404,200,Not as Described,1,245.23
1874,20240829,43,Defective/Not Working,1,136.65
1875,20250409,651,No Longer Needed,2,136.56
1876,20230617,5,Defective/Not Working,2,326.4
1877,20260625,478,Defective/Not Working,2,545.92
1878,20260113,278,Changed Mind,2,511.94
1879,20230131,773,Changed Mind,1,48.89
1880,20230122,62,Defective/Not Working,4,1709.4
1881,20230428,132,Changed Mind,1,116.18
1882,20230411,634,Defective/Not Working,2,264.2
1883,20240508,538,Better Price Found,1,86.46
1884,20250224,391,Defective/Not Working,4,256.52
1885,20231210,708,Late Delivery,4,562.84
1886,20241227,68,Not as Described,3,53.52
1887,20251123,133,Better Price Found,1,157.64
1888,20231107,337,Not as Described,1,284.78
1889,20250529,188,Wrong Item Sent,3,829.5
1890,20250723,387,Wrong Item Sent,2,132.16
1891,20240120,537,Not as Described,2,251.48
1892,20250505,342,Not as Described,3,307.41
1893,20250312,413,Not as Described,4,395.76
1894,20251003,281,Changed Mind,1,253.48
1895,20241123,597,Wrong Item Sent,3,33.33
1896,20230210,709,No Longer Needed,1,35.68
1897,20260110,780,Late Delivery,1,78.04
1898,20250617,46,Better Price Found,3,1015.44
1899,20250611,106,Changed Mind,3,240.42
1900,20240709,505,No Longer Needed,3,430.65
1901,20251209,353,Late Delivery,1,230.0
1902,20240812,26,Defective/Not Working,4,1436.84
1903,20241203,359,Not as Described,4,627.04
1904,20231025,721,Wrong Item Sent,4,996.64
1905,20260620,291,Not as Described,4,712.72
1906,20251021,772,No Longer Needed,4,1091.56
1907,20240117,315,Not as Described,1,296.21
1908,20251023,566,Defective/Not Working,1,84.3
1909,20250111,715,Wrong Item Sent,1,170.39
1910,20250611,281,Not as Described,3,760.44
1911,20250301,402,Late Delivery,3,64.98
1912,20250830,207,No Longer Needed,2,774.64
1913,20240508,50,Changed Mind,2,507.34
1914,20230707,229,Changed Mind,2,337.38
1915,20241008,272,Wrong Item Sent,1,66.09
1916,20241126,463,Changed Mind,1,203.4
1917,20260629,294,No Longer Needed,2,728.68
1918,20250222,173,Better Price Found,1,352.79
1919,20260613,727,Defective/Not Working,1,29.93
1920,20241001,254,Better Price Found,3,273.03
1921,20260105,230,Changed Mind,2,111.58
1922,20260210,40,Not as Described,2,492.76
1923,20260218,26,Wrong Item Sent,4,1436.84
1924,20240907,178,Changed Mind,3,724.11
1925,20240623,216,No Longer Needed,1,336.54
1926,20260403,483,Better Price Found,1,167.82
1927,20230209,82,No Longer Needed,1,299.58
1928,20230227,190,Defective/Not Working,4,184.16
1929,20251009,491,Defective/Not Working,3,504.69
1930,20240405,599,Defective/Not Working,1,224.63
1931,20250705,505,Changed Mind,1,143.55
1932,20240626,720,Better Price Found,1,410.49
1933,20230324,355,Changed Mind,2,302.38
1934,20240731,673,Not as Described,2,847.98
1935,20260110,554,Defective/Not Working,4,239.32
1936,20230922,354,Defective/Not Working,3,707.97
1937,20251108,245,Late Delivery,1,129.45
1938,20260328,415,Changed Mind,4,335.6
1939,20230406,583,Better Price Found,1,182.74
1940,20230223,243,No Longer Needed,4,122.64
1941,20240213,150,Defective/Not Working,4,431.44
1942,20230207,99,Defective/Not Working,1,363.81
1943,20260314,230,Wrong Item Sent,3,167.37
1944,20251110,774,Defective/Not Working,4,401.36
1945,20240813,686,Late Delivery,4,774.84
1946,20260407,516,Better Price Found,2,152.0
1947,20260401,99,Late Delivery,4,1455.24
1948,20231105,258,No Longer Needed,1,30.13
1949,20240528,441,Not as Described,4,1338.88
1950,20250505,22,No Longer Needed,4,421.84
1951,20230606,338,Late Delivery,1,214.38
1952,20240524,467,No Longer Needed,1,166.44
1953,20240824,702,Changed Mind,2,521.08
1954,20251004,232,Defective/Not Working,2,567.58
1955,20230409,197,Defective/Not Working,3,452.91
1956,20241026,312,Changed Mind,4,822.24
1957,20250608,54,Not as Described,4,532.8
1958,20250103,579,Defective/Not Working,1,241.27
1959,20240228,250,Late Delivery,4,894.48
1960,20240819,666,Wrong Item Sent,4,886.2
1961,20260226,363,Better Price Found,2,226.76
1962,20250125,745,Late Delivery,1,215.3
1963,20240807,112,Wrong Item Sent,3,998.07
1964,20251004,218,No Longer Needed,4,774.76
1965,20251019,566,Better Price Found,2,168.6
1966,20230615,400,Changed Mind,4,719.72
1967,20240731,594,No Longer Needed,1,93.21
1968,20231204,352,Changed Mind,3,816.84
1969,20250731,504,Not as Described,2,49.06
1970,20241230,331,Not as Described,3,854.13
1971,20240528,124,Defective/Not Working,3,33.84
1972,20260624,660,Not as Described,4,45.68
1973,20240126,10,Wrong Item Sent,3,158.01
1974,20251010,458,Wrong Item Sent,1,116.37
1975,20230417,552,No Longer Needed,4,847.16
1976,20250225,644,No Longer Needed,2,881.38
1977,20240118,789,Defective/Not Working,4,1651.88
1978,20241215,106,Wrong Item Sent,1,80.14
1979,20241005,245,No Longer Needed,1,129.45
1980,20240911,760,Defective/Not Working,1,321.52
1981,20250312,205,Defective/Not Working,3,247.14
1982,20260607,121,Better Price Found,3,896.46
1983,20230610,784,Defective/Not Working,3,338.85
1984,20230104,701,Changed Mind,1,100.15
1985,20240505,52,Late Delivery,2,42.28
1986,20250215,484,Changed Mind,2,30.82
1987,20230418,158,Late Delivery,3,243.81
1988,20251026,100,Not as Described,2,127.42
1989,20250414,444,Changed Mind,3,814.41
1990,20260528,18,Better Price Found,3,147.48
1991,20230427,98,Changed Mind,4,1264.2
1992,20230516,769,Not as Described,3,279.57
1993,20240311,432,Changed Mind,3,807.06
1994,20260522,566,Wrong Item Sent,3,252.9
1995,20240118,563,Defective/Not Working,1,41.14
1996,20231222,261,Not as Described,2,424.46
1997,20250326,519,Better Price Found,1,54.14
1998,20230409,362,Defective/Not Working,1,342.7
1999,20250822,56,Wrong Item Sent,1,266.02
2000,20240502,104,Changed Mind,3,475.53
2001,20250525,333,Changed Mind,3,947.4
2002,20231112,788,Changed Mind,3,505.05
2003,20251005,513,Defective/Not Working,4,1020.92
2004,20230418,610,Changed Mind,3,95.82
2005,20250215,584,Not as Described,3,910.35
2006,20240506,745,Defective/Not Working,3,645.9
2007,20240929,581,Defective/Not Working,1,46.45
2008,20250530,1,Changed Mind,3,384.06
2009,20260405,694,Defective/Not Working,3,197.55
2010,20250222,40,Better Price Found,2,492.76
2011,20250612,58,Changed Mind,3,95.25
2012,20251128,538,Changed Mind,1,86.46
2013,20250425,458,Not as Described,3,349.11
2014,20240211,315,Late Delivery,4,1184.84
2015,20241026,620,Late Delivery,2,283.28
2016,20250412,327,Changed Mind,2,63.06
2017,20231205,357,Changed Mind,2,68.1
2018,20260420,767,No Longer Needed,1,29.98
2019,20241014,97,Defective/Not Working,4,1207.12
2020,20250324,741,Wrong Item Sent,1,212.39
2021,20250819,329,Defective/Not Working,4,1076.48
2022,20231028,257,Not as Described,3,460.29
2023,20240608,446,Late Delivery,2,94.76
2024,20231213,397,Changed Mind,4,598.4
2025,20230827,54,Defective/Not Working,1,133.2
2026,20260427,505,Late Delivery,1,143.55
2027,20240403,307,Late Delivery,2,261.08
2028,20230525,356,Not as Described,3,385.29
2029,20250915,790,Wrong Item Sent,4,468.88
2030,20251128,328,Wrong Item Sent,4,311.24
2031,20260212,123,Wrong Item Sent,2,245.96
2032,20251008,392,Defective/Not Working,2,297.72
2033,20240410,145,Changed Mind,1,222.21
2034,20251018,208,Not as Described,4,777.72
2035,20230121,18,Not as Described,4,196.64
2036,20251027,145,Defective/Not Working,2,444.42
2037,20231129,728,No Longer Needed,1,23.99
2038,20240418,38,Not as Described,3,110.01
2039,20230930,463,Not as Described,3,610.2
2040,20240223,762,Defective/Not Working,4,1113.4
2041,20230729,569,No Longer Needed,3,956.58
2042,20230831,279,Changed Mind,3,890.97
2043,20231021,93,Defective/Not Working,1,61.41
2044,20240807,765,Late Delivery,3,93.03
2045,20260622,638,Wrong Item Sent,2,71.02
2046,20250801,402,Wrong Item Sent,2,43.32
2047,20260211,80,Defective/Not Working,2,475.96
2048,20230418,354,Changed Mind,3,707.97
2049,20240419,387,Wrong Item Sent,4,264.32
2050,20241022,348,Changed Mind,1,233.48
2051,20251202,356,Changed Mind,4,513.72
2052,20241123,782,Late Delivery,4,412.0
2053,20250304,603,Defective/Not Working,4,913.36
2054,20241119,740,Better Price Found,1,239.3
2055,20251018,77,Wrong Item Sent,4,874.76
2056,20230624,448,Defective/Not Working,4,112.44
2057,20230909,456,Better Price Found,3,657.72
2058,20250510,549,Defective/Not Working,3,350.97
2059,20240403,482,Not as Described,4,297.08
2060,20250124,2,Better Price Found,3,326.37
2061,20231120,49,Late Delivery,1,197.2
2062,20251209,47,Defective/Not Working,3,677.82
2063,20250415,22,Defective/Not Working,3,316.38
2064,20240314,564,Defective/Not Working,3,428.64
2065,20230304,283,Changed Mind,2,547.5
2066,20250122,664,Wrong Item Sent,4,116.28
2067,20260103,310,Late Delivery,1,71.17
2068,20231216,220,Not as Described,3,802.35
2069,20230810,486,Defective/Not Working,4,817.08
2070,20230907,673,Changed Mind,4,1695.96
2071,20240226,775,Defective/Not Working,3,580.05
2072,20250601,562,Not as Described,2,377.54
2073,20260313,511,Defective/Not Working,4,458.8
2074,20230316,196,Changed Mind,1,79.66
2075,20241001,339,Changed Mind,1,147.7
2076,20240624,580,Changed Mind,1,282.51
2077,20240319,41,Wrong Item Sent,2,544.6
2078,20230108,419,No Longer Needed,4,797.04
2079,20250321,108,No Longer Needed,4,97.96
2080,20250505,54,Better Price Found,1,133.2
2081,20251218,411,Changed Mind,1,64.81
2082,20250909,732,Wrong Item Sent,2,181.76
2083,20250913,631,Late Delivery,2,533.64
2084,20240629,458,Defective/Not Working,1,116.37
2085,20240411,503,Wrong Item Sent,1,318.02
2086,20250525,271,No Longer Needed,4,727.28
2087,20251031,159,Defective/Not Working,4,553.36
2088,20230530,71,Defective/Not Working,2,162.9
2089,20251212,281,No Longer Needed,4,1013.92
2090,20260318,427,Late Delivery,2,832.12
2091,20231217,300,Late Delivery,2,188.4
2092,20250615,785,Better Price Found,4,1088.8
2093,20230105,472,Better Price Found,3,92.61
2094,20240323,702,Defective/Not Working,3,781.62
2095,20230718,309,Late Delivery,3,810.69
2096,20260403,572,Changed Mind,3,288.24
2097,20260118,744,Defective/Not Working,2,198.0
2098,20240723,250,Changed Mind,1,223.62
2099,20260531,11,Not as Described,1,54.42
2100,20230808,491,Late Delivery,4,672.92
2101,20250103,660,Not as Described,4,45.68
2102,20241022,552,Changed Mind,3,635.37
2103,20250307,393,Not as Described,2,44.86
2104,20260625,234,Defective/Not Working,3,956.7
2105,20250621,786,Wrong Item Sent,4,509.68
2106,20240722,621,No Longer Needed,4,952.84
2107,20251103,96,Defective/Not Working,1,204.85
2108,20260306,133,Wrong Item Sent,3,472.92
2109,20250927,760,Late Delivery,3,964.56
2110,20260116,435,Wrong Item Sent,1,227.4
2111,20240204,583,Wrong Item Sent,1,182.74
2112,20260217,218,Changed Mind,4,774.76
2113,20240204,447,Defective/Not Working,3,179.28
2114,20231111,204,Changed Mind,1,137.31
2115,20240624,173,Not as Described,3,1058.37
2116,20251009,779,Wrong Item Sent,3,404.91
2117,20251120,668,Changed Mind,1,120.7
2118,20230325,601,Better Price Found,4,69.96
2119,20251010,394,Not as Described,4,639.16
2120,20260626,191,Defective/Not Working,1,330.51
2121,20240810,564,Changed Mind,3,428.64
2122,20251114,25,Changed Mind,4,201.28
2123,20251202,18,Defective/Not Working,2,98.32
2124,20240509,739,Not as Described,4,994.88
2125,20241128,426,Defective/Not Working,3,247.68
2126,20260127,505,Defective/Not Working,4,574.2
2127,20250301,269,Late Delivery,1,15.66
2128,20250316,102,Changed Mind,3,776.16
2129,20250816,735,No Longer Needed,3,366.03
2130,20241016,650,Better Price Found,4,570.24
2131,20231230,623,Not as Described,3,570.33
2132,20250226,47,Wrong Item Sent,4,903.76
2133,20260607,69,Not as Described,1,201.68
2134,20240518,421,No Longer Needed,2,165.08
2135,20230429,243,Defective/Not Working,3,91.98
2136,20250531,528,No Longer Needed,1,365.56
2137,20230526,279,Defective/Not Working,4,1187.96
2138,20230227,339,Not as Described,2,295.4
2139,20231209,325,No Longer Needed,1,223.83
2140,20230111,445,Changed Mind,3,708.54
2141,20230922,463,Defective/Not Working,1,203.4
2142,20250403,668,Wrong Item Sent,4,482.8
2143,20250917,326,Changed Mind,3,802.56
2144,20240519,744,Late Delivery,2,198.0
2145,20240923,408,Defective/Not Working,1,74.67
2146,20250530,539,Not as Described,4,1151.64
2147,20260215,628,Defective/Not Working,4,470.8
2148,20250203,188,Not as Described,3,829.5
2149,20250504,572,Changed Mind,2,192.16
2150,20260317,639,Wrong Item Sent,2,417.96
2151,20250603,39,Late Delivery,1,85.06
2152,20250605,5,No Longer Needed,1,163.2
2153,20230923,581,Late Delivery,4,185.8
2154,20260405,321,Wrong Item Sent,1,380.87
2155,20230401,583,Defective/Not Working,3,548.22
2156,20241101,328,Not as Described,4,311.24
2157,20250306,27,Not as Described,1,110.98
2158,20250309,474,No Longer Needed,4,1142.44
2159,20241102,191,Defective/Not Working,3,991.53
2160,20241227,523,Not as Described,1,151.65
2161,20230603,698,Changed Mind,1,103.34
2162,20230220,381,Defective/Not Working,3,826.47
2163,20251013,168,No Longer Needed,3,419.58
2164,20230611,739,Changed Mind,4,994.88
2165,20240514,689,Wrong Item Sent,3,307.86
2166,20241117,471,Not as Described,3,103.5
2167,20230919,718,No Longer Needed,4,864.08
2168,20240712,98,No Longer Needed,2,632.1
2169,20250413,126,Better Price Found,2,238.5
2170,20240322,594,Changed Mind,3,279.63
2171,20241021,648,Changed Mind,1,33.89
2172,20230621,338,Changed Mind,3,643.14
2173,20230319,522,Not as Described,4,416.56
2174,20251231,61,Defective/Not Working,1,9.0
2175,20240512,361,Changed Mind,1,218.41
2176,20241224,188,Defective/Not Working,2,553.0
2177,20240719,284,No Longer Needed,4,63.88
2178,20240613,129,No Longer Needed,1,285.77
2179,20230309,116,Defective/Not Working,3,103.08
2180,20241106,550,Late Delivery,4,812.68
2181,20250406,353,Defective/Not Working,1,230.0
2182,20230627,798,Changed Mind,3,391.89
2183,20240630,638,Wrong Item Sent,2,71.02
2184,20241104,131,No Longer Needed,4,98.16
2185,20260629,77,No Longer Needed,1,218.69
2186,20240909,130,Better Price Found,2,216.88
2187,20241222,486,Defective/Not Working,1,204.27
2188,20241212,130,Changed Mind,3,325.32
2189,20230501,516,Wrong Item Sent,3,228.0
2190,20260417,466,Wrong Item Sent,3,943.98
2191,20230527,639,Changed Mind,3,626.94
2192,20260318,69,Changed Mind,1,201.68
2193,20251215,537,Defective/Not Working,2,251.48
2194,20240419,594,Changed Mind,1,93.21
2195,20250708,219,Not as Described,4,86.24
2196,20240725,429,Better Price Found,1,195.21
2197,20240115,391,Defective/Not Working,4,256.52
2198,20250717,182,No Longer Needed,1,161.43
2199,20250602,368,No Longer Needed,2,245.04
2200,20260625,153,Changed Mind,1,89.99
2201,20250722,663,Changed Mind,1,304.83
2202,20230617,147,Late Delivery,3,161.94
2203,20230629,690,Better Price Found,3,385.53
2204,20230124,384,Not as Described,3,157.47
2205,20250929,727,Changed Mind,1,29.93
2206,20230507,328,Late Delivery,3,233.43
2207,20241014,769,Changed Mind,1,93.19
2208,20240129,108,Defective/Not Working,1,24.49
2209,20231123,140,Late Delivery,3,315.72
2210,20240713,93,No Longer Needed,3,184.23
2211,20240628,727,Not as Described,4,119.72
2212,20230713,100,Changed Mind,4,254.84
2213,20250801,744,Defective/Not Working,4,396.0
2214,20241202,735,Changed Mind,4,488.04
2215,20250921,605,Wrong Item Sent,4,646.0
2216,20250420,501,Changed Mind,1,167.28
2217,20240516,773,Defective/Not Working,1,48.89
2218,20260307,82,Changed Mind,1,299.58
2219,20230128,400,No Longer Needed,4,719.72
2220,20250815,648,Not as Described,1,33.89
2221,20250927,93,No Longer Needed,2,122.82
2222,20230503,799,No Longer Needed,4,689.4
2223,20250607,9,Changed Mind,4,913.0
2224,20260508,372,Changed Mind,2,23.88
2225,20240330,24,Late Delivery,4,506.4
2226,20260325,450,Late Delivery,2,722.74
2227,20240803,170,Defective/Not Working,3,1009.98
2228,20230104,328,Wrong Item Sent,2,155.62
2229,20260506,538,Not as Described,2,172.92
2230,20250406,406,Defective/Not Working,4,706.56
2231,20250617,143,Not as Described,2,551.74
2232,20250714,345,Wrong Item Sent,3,822.39
2233,20230204,80,Changed Mind,3,713.94
2234,20250313,669,Not as Described,4,1025.08
2235,20230204,769,Not as Described,3,279.57
2236,20250510,300,Wrong Item Sent,2,188.4
2237,20250916,788,Late Delivery,1,168.35
2238,20251229,236,Wrong Item Sent,3,1140.99
2239,20250724,107,Not as Described,4,369.72
2240,20251101,218,Not as Described,4,774.76
2241,20260309,512,Not as Described,1,65.44
2242,20230512,185,Wrong Item Sent,3,414.72
2243,20231211,33,Changed Mind,3,443.04
2244,20241204,180,Not as Described,3,75.18
2245,20230130,365,Not as Described,4,1190.72
2246,20240411,127,Defective/Not Working,1,264.28
2247,20250115,538,No Longer Needed,2,172.92
2248,20241125,128,Defective/Not Working,3,125.28
2249,20250114,557,Changed Mind,4,660.16
2250,20230122,410,Defective/Not Working,3,282.96
2251,20241113,613,Late Delivery,2,92.3
2252,20250425,174,No Longer Needed,3,625.23
2253,20260311,413,Defective/Not Working,2,197.88
2254,20240506,123,Defective/Not Working,1,122.98
2255,20260222,352,Defective/Not Working,3,816.84
2256,20230110,218,Not as Described,2,387.38
2257,20250902,38,Late Delivery,3,110.01
2258,20251015,81,Changed Mind,3,824.82
2259,20250609,303,No Longer Needed,3,315.51
2260,20231112,77,Not as Described,4,874.76
2261,20260125,226,Wrong Item Sent,4,1002.6
2262,20240927,529,Defective/Not Working,3,221.88
2263,20240528,195,Wrong Item Sent,3,675.69
2264,20241227,537,Changed Mind,2,251.48
2265,20250615,102,Late Delivery,1,258.72
2266,20231120,242,Changed Mind,2,343.34
2267,20250913,645,No Longer Needed,1,259.57
2268,20230630,559,Wrong Item Sent,2,110.24
2269,20250211,720,Late Delivery,4,1641.96
2270,20230209,769,Defective/Not Working,2,186.38
2271,20240512,390,Changed Mind,2,519.7
2272,20241019,610,Wrong Item Sent,3,95.82
2273,20240607,689,Not as Described,4,410.48
2274,20230511,377,Defective/Not Working,1,227.02
2275,20250219,238,No Longer Needed,2,465.22
2276,20250728,368,Wrong Item Sent,3,367.56
2277,20231216,385,Late Delivery,4,343.16
2278,20240803,47,Wrong Item Sent,3,677.82
2279,20241012,47,Changed Mind,2,451.88
2280,20230530,24,Changed Mind,1,126.6
2281,20230429,522,Changed Mind,2,208.28
2282,20231128,34,Changed Mind,2,437.34
2283,20240912,777,Better Price Found,1,116.51
2284,20230518,131,Late Delivery,2,49.08
2285,20230220,515,Changed Mind,3,383.73
2286,20240923,633,Defective/Not Working,1,57.66
2287,20230414,546,Defective/Not Working,3,196.08
2288,20230719,275,Changed Mind,2,69.94
2289,20230701,780,Not as Described,3,234.12
2290,20250829,81,Defective/Not Working,3,824.82
2291,20230619,181,Late Delivery,1,341.92
2292,20250220,633,Defective/Not Working,3,172.98
2293,20230213,734,Defective/Not Working,2,73.02
2294,20240209,491,Defective/Not Working,2,336.46
2295,20240322,281,Changed Mind,2,506.96
2296,20240406,766,Wrong Item Sent,3,630.51
2297,20240203,381,Wrong Item Sent,1,275.49
2298,20230410,529,Late Delivery,2,147.92
2299,20260106,391,Changed Mind,2,128.26
2300,20240102,760,Changed Mind,3,964.56
2301,20260527,630,Late Delivery,3,1019.37
2302,20240223,364,Defective/Not Working,3,174.06
2303,20230615,399,Defective/Not Working,3,156.81
2304,20260205,406,Wrong Item Sent,3,529.92
2305,20251207,609,Late Delivery,4,996.6
2306,20251226,557,No Longer Needed,3,495.12
2307,20250402,315,Wrong Item Sent,1,296.21
2308,20260327,184,Defective/Not Working,3,917.79
2309,20250315,624,Defective/Not Working,4,86.68
2310,20250422,548,Better Price Found,1,210.49
2311,20230118,758,No Longer Needed,1,348.5
2312,20231228,238,Changed Mind,1,232.61
2313,20260202,723,Changed Mind,4,1571.6
2314,20260602,795,Defective/Not Working,4,941.12
2315,20250315,730,Wrong Item Sent,3,655.11
2316,20250706,718,Wrong Item Sent,4,864.08
2317,20230529,361,Defective/Not Working,4,873.64
2318,20240127,724,Changed Mind,4,834.56
2319,20250202,673,Not as Described,1,423.99
2320,20241006,223,Not as Described,4,1157.4
2321,20260630,577,Defective/Not Working,2,585.38
2322,20240525,148,Defective/Not Working,1,26.37
2323,20230224,263,Not as Described,4,349.72
2324,20230916,196,Late Delivery,1,79.66
2325,20240215,48,Not as Described,1,76.9
2326,20260213,707,Late Delivery,2,451.44
2327,20230908,617,Not as Described,1,100.85
2328,20241225,250,Changed Mind,2,447.24
2329,20240712,760,Wrong Item Sent,3,964.56
2330,20231027,585,Changed Mind,4,653.04
2331,20250620,789,Wrong Item Sent,1,412.97
2332,20250911,437,Wrong Item Sent,4,381.12
2333,20230211,12,Defective/Not Working,3,788.91
2334,20231221,386,Not as Described,3,552.51
2335,20250110,731,No Longer Needed,2,850.92
2336,20250517,771,Defective/Not Working,4,350.88
2337,20250716,573,Not as Described,1,146.12
2338,20250423,35,Better Price Found,4,64.88
2339,20230310,745,Wrong Item Sent,1,215.3
2340,20251217,501,Not as Described,4,669.12
2341,20231231,260,Not as Described,2,566.4
2342,20250611,485,Changed Mind,3,375.6
2343,20240614,582,Late Delivery,1,419.19
2344,20260212,254,Defective/Not Working,3,273.03
2345,20250705,60,Defective/Not Working,1,69.61
2346,20230402,297,No Longer Needed,2,406.62
2347,20260113,597,No Longer Needed,3,33.33
2348,20231030,491,Defective/Not Working,3,504.69
2349,20250825,411,Defective/Not Working,1,64.81
2350,20231222,429,No Longer Needed,4,780.84
2351,20250831,709,Defective/Not Working,1,35.68
2352,20250517,511,Not as Described,2,229.4
2353,20231028,739,No Longer Needed,2,497.44
2354,20241227,467,Changed Mind,2,332.88
2355,20230830,8,Defective/Not Working,1,211.32
2356,20241013,666,Wrong Item Sent,3,664.65
2357,20250307,373,Better Price Found,1,240.17
2358,20250411,715,Changed Mind,4,681.56
2359,20250805,148,Late Delivery,2,52.74
2360,20230831,313,Wrong Item Sent,3,435.66
2361,20250214,172,Not as Described,3,178.02
2362,20240714,458,Better Price Found,3,349.11
2363,20230103,569,No Longer Needed,2,637.72
2364,20250922,311,No Longer Needed,4,1442.0
2365,20240315,214,Changed Mind,3,928.17
2366,20250601,378,Wrong Item Sent,4,1042.28
2367,20240212,366,Changed Mind,3,1154.73
2368,20230213,23,Changed Mind,4,853.68
2369,20250831,328,Wrong Item Sent,4,311.24
2370,20230216,396,Not as Described,2,334.74
2371,20240126,428,Not as Described,1,389.44
2372,20230601,96,Better Price Found,4,819.4
2373,20230928,69,Defective/Not Working,3,605.04
2374,20250910,563,Not as Described,1,41.14
2375,20250310,148,Defective/Not Working,1,26.37
2376,20240314,151,Not as Described,3,1358.46
2377,20260420,757,Defective/Not Working,1,118.51
2378,20230415,49,Changed Mind,2,394.4
2379,20230710,543,Defective/Not Working,4,656.64
2380,20251226,138,Changed Mind,2,574.14
2381,20250826,100,Defective/Not Working,3,191.13
2382,20251003,148,No Longer Needed,2,52.74
2383,20251025,640,Wrong Item Sent,1,151.16
2384,20230630,183,Defective/Not Working,3,78.24
2385,20240628,204,Not as Described,1,137.31
2386,20250219,567,Wrong Item Sent,4,895.68
2387,20231221,708,No Longer Needed,1,140.71
2388,20240505,421,No Longer Needed,4,330.16
2389,20250716,255,Defective/Not Working,4,1269.84
2390,20240114,146,Defective/Not Working,2,376.06
2391,20250429,396,Wrong Item Sent,4,669.48
2392,20250818,132,Better Price Found,2,232.36
2393,20240802,669,Wrong Item Sent,3,768.81
2394,20230621,380,Late Delivery,4,958.48
2395,20250503,686,Not as Described,4,774.84
2396,20230317,141,Late Delivery,1,224.09
2397,20240215,474,Not as Described,1,285.61
2398,20250829,644,Not as Described,1,440.69
2399,20231106,346,Late Delivery,4,1119.36
2400,20231218,69,Not as Described,4,806.72
2401,20250927,220,Defective/Not Working,1,267.45
2402,20230603,402,Not as Described,4,86.64
2403,20240319,320,Wrong Item Sent,3,614.7
2404,20230305,644,Changed Mind,1,440.69
2405,20240314,31,No Longer Needed,4,1124.8
2406,20260607,331,Changed Mind,4,1138.84
2407,20250523,443,Changed Mind,3,1128.69
2408,20230215,166,Not as Described,3,832.71
2409,20260529,349,Changed Mind,1,300.82
2410,20240327,742,Changed Mind,4,890.64
2411,20260306,649,Not as Described,2,534.96
2412,20250309,370,Defective/Not Working,3,789.54
2413,20241215,304,Better Price Found,4,288.0
2414,20230226,26,Changed Mind,1,359.21
2415,20240910,479,Not as Described,4,1013.08
2416,20230328,608,Defective/Not Working,1,103.16
2417,20230429,535,Better Price Found,1,170.95
2418,20240818,727,Wrong Item Sent,4,119.72
2419,20231229,685,Wrong Item Sent,1,141.65
2420,20240510,16,Late Delivery,3,365.76
2421,20250625,141,Defective/Not Working,3,672.27
2422,20250703,721,Not as Described,2,498.32
2423,20250401,381,Late Delivery,2,550.98
2424,20241212,20,Defective/Not Working,3,164.94
2425,20250917,79,Not as Described,1,253.18
2426,20250505,41,Not as Described,3,816.9
2427,20241206,756,Defective/Not Working,1,394.25
2428,20241215,229,No Longer Needed,1,168.69
2429,20230415,396,Defective/Not Working,2,334.74
2430,20241110,401,Changed Mind,4,755.88
2431,20240929,119,Changed Mind,4,1335.48
2432,20241008,27,Changed Mind,3,332.94
2433,20250323,593,Defective/Not Working,1,348.5
2434,20240423,78,Late Delivery,2,294.0
2435,20240228,466,Not as Described,2,629.32
2436,20260430,613,Better Price Found,3,138.45
2437,20231116,85,Defective/Not Working,4,211.72
2438,20241121,236,Not as Described,1,380.33
2439,20230327,508,Changed Mind,4,1435.84
2440,20250807,540,Changed Mind,1,329.69
2441,20251229,196,Defective/Not Working,1,79.66
2442,20231101,587,Wrong Item Sent,2,547.36
2443,20250731,127,Late Delivery,3,792.84
2444,20241120,564,Not as Described,4,571.52
2445,20240803,430,Defective/Not Working,1,96.92
2446,20250703,663,Defective/Not Working,2,609.66
2447,20250322,134,Changed Mind,3,898.83
2448,20230629,780,Changed Mind,4,312.16
2449,20230124,87,Not as Described,1,204.15
2450,20240113,680,Wrong Item Sent,3,817.29
2451,20260116,664,Defective/Not Working,2,58.14
2452,20240531,591,No Longer Needed,3,341.19
2453,20230317,516,Not as Described,3,228.0
2454,20240718,254,Wrong Item Sent,4,364.04
2455,20260305,433,Wrong Item Sent,1,60.97
2456,20241031,215,Late Delivery,3,538.89
2457,20230926,781,Not as Described,2,101.08
2458,20260316,378,Late Delivery,3,781.71
2459,20240422,667,Defective/Not Working,4,427.72
2460,20241229,395,Defective/Not Working,3,1141.17
2461,20230923,338,Changed Mind,1,214.38
2462,20250918,585,Defective/Not Working,1,163.26
2463,20251230,139,Not as Described,1,382.89
2464,20260105,737,Late Delivery,3,696.3
2465,20240307,601,Late Delivery,1,17.49
2466,20250512,387,Better Price Found,4,264.32
2467,20230601,182,Not as Described,2,322.86
2468,20250711,96,Better Price Found,3,614.55
2469,20250408,535,Changed Mind,1,170.95
2470,20250803,443,Better Price Found,1,376.23
2471,20230521,782,Changed Mind,2,206.0
2472,20230205,482,Wrong Item Sent,1,74.27
2473,20231028,95,Late Delivery,4,305.72
2474,20230220,369,Defective/Not Working,2,196.22
2475,20230917,269,Changed Mind,2,31.32
2476,20231225,141,Not as Described,4,896.36
2477,20250212,775,Wrong Item Sent,4,773.4
2478,20260611,540,Changed Mind,2,659.38
2479,20230521,40,Defective/Not Working,3,739.14
2480,20240124,764,Defective/Not Working,3,114.51
2481,20240109,284,Changed Mind,4,63.88
2482,20260615,551,Wrong Item Sent,4,159.0
2483,20251220,792,Changed Mind,4,569.16
2484,20250620,393,Better Price Found,4,89.72
2485,20240812,702,Defective/Not Working,3,781.62
2486,20241212,787,Changed Mind,2,445.18
2487,20230612,728,Not as Described,3,71.97
2488,20250812,745,Not as Described,4,861.2
2489,20240314,733,Defective/Not Working,3,654.9
2490,20230610,425,Late Delivery,2,311.46
2491,20251209,300,Changed Mind,4,376.8
2492,20231211,264,Not as Described,3,30.66
2493,20230625,13,Defective/Not Working,4,391.4
2494,20240923,719,Wrong Item Sent,2,146.74
2495,20250420,106,Better Price Found,2,160.28
2496,20260302,79,Defective/Not Working,2,506.36
2497,20250714,627,Changed Mind,4,1293.52
2498,20231229,33,No Longer Needed,3,443.04
2499,20250907,466,No Longer Needed,3,943.98
2500,20240906,10,Better Price Found,4,210.68
2501,20260217,383,Wrong Item Sent,2,111.48
2502,20230224,280,No Longer Needed,2,88.9
2503,20250526,459,Defective/Not Working,1,41.78
2504,20250809,123,Changed Mind,1,122.98
2505,20230618,490,Not as Described,3,252.18
2506,20260613,763,Changed Mind,4,1393.44
2507,20240703,9,Not as Described,4,913.0
2508,20230219,20,Changed Mind,3,164.94
2509,20240830,472,Changed Mind,1,30.87
2510,20260512,448,Not as Described,2,56.22
2511,20240224,724,Defective/Not Working,2,417.28
2512,20230924,208,Changed Mind,1,194.43
2513,20260524,525,Changed Mind,3,1001.52
2514,20260318,446,Defective/Not Working,2,94.76
2515,20260513,361,Better Price Found,2,436.82
2516,20251223,103,Defective/Not Working,2,338.8
2517,20240113,265,Better Price Found,3,747.93
2518,20231001,84,Changed Mind,3,221.88
2519,20250414,642,Wrong Item Sent,2,187.26
2520,20230603,717,No Longer Needed,3,112.47
2521,20231103,133,Not as Described,4,630.56
2522,20241117,57,Wrong Item Sent,3,62.07
2523,20251118,476,Wrong Item Sent,2,470.36
2524,20230213,215,Changed Mind,1,179.63
2525,20240227,294,Changed Mind,2,728.68
2526,20250225,19,Not as Described,1,252.36
2527,20240624,38,Not as Described,1,36.67
2528,20251119,525,Better Price Found,2,667.68
2529,20260222,19,No Longer Needed,3,757.08
2530,20260314,390,Not as Described,3,779.55
2531,20230310,675,Defective/Not Working,3,932.16
2532,20250707,445,Wrong Item Sent,1,236.18
2533,20240712,257,Changed Mind,1,153.43
2534,20240205,73,Defective/Not Working,4,877.88
2535,20250313,603,Changed Mind,1,228.34
2536,20250710,77,Changed Mind,1,218.69
2537,20230122,71,Not as Described,1,81.45
2538,20250113,506,Not as Described,3,148.14
2539,20240416,313,Not as Described,4,580.88
2540,20230910,329,Wrong Item Sent,4,1076.48
2541,20241009,565,Better Price Found,3,121.86
2542,20241009,162,No Longer Needed,1,43.61
2543,20250614,769,No Longer Needed,1,93.19
2544,20240325,228,Defective/Not Working,3,633.21
2545,20240214,431,No Longer Needed,1,27.19
2546,20230901,501,Defective/Not Working,3,501.84
2547,20230916,393,Late Delivery,2,44.86
2548,20230817,154,Defective/Not Working,1,257.41
2549,20230902,652,Wrong Item Sent,4,659.0
2550,20250618,200,Changed Mind,3,735.69
2551,20250205,658,Not as Described,4,1109.44
2552,20240701,111,Wrong Item Sent,3,931.77
2553,20230617,375,Not as Described,1,46.16
2554,20250227,614,Better Price Found,4,43.36
2555,20260503,698,Late Delivery,2,206.68
2556,20250503,104,Not as Described,1,158.51
2557,20250606,52,Late Delivery,2,42.28
2558,20240815,456,Wrong Item Sent,4,876.96
2559,20260224,765,No Longer Needed,2,62.02
2560,20250606,668,Defective/Not Working,4,482.8
2561,20250805,656,Not as Described,1,264.51
2562,20241110,87,No Longer Needed,4,816.6
2563,20240323,716,Late Delivery,2,195.24
2564,20230605,142,Changed Mind,2,517.88
2565,20250318,505,Better Price Found,1,143.55
2566,20241227,653,Not as Described,1,210.05
2567,20251217,584,Not as Described,1,303.45
2568,20241205,526,Defective/Not Working,1,17.69
2569,20250312,777,Changed Mind,3,349.53
2570,20241006,283,Defective/Not Working,1,273.75
2571,20240922,137,Wrong Item Sent,4,71.76
2572,20251225,126,Wrong Item Sent,4,477.0
2573,20231228,433,Defective/Not Working,2,121.94
2574,20260621,30,Defective/Not Working,4,1301.28
2575,20250327,101,Defective/Not Working,3,964.83
2576,20240111,543,Not as Described,3,492.48
2577,20240926,439,Late Delivery,2,701.68
2578,20250725,359,Defective/Not Working,2,313.52
2579,20241213,437,Changed Mind,3,285.84
2580,20230919,656,Wrong Item Sent,1,264.51
2581,20250711,350,Wrong Item Sent,4,781.12
2582,20250509,303,Wrong Item Sent,3,315.51
2583,20250904,256,Not as Described,3,324.81
2584,20240830,587,Late Delivery,2,547.36
2585,20240620,639,Not as Described,4,835.92
2586,20241114,23,No Longer Needed,1,213.42
2587,20260629,15,Changed Mind,2,359.96
2588,20250808,135,No Longer Needed,2,82.62
2589,20240514,411,Defective/Not Working,4,259.24
2590,20251214,236,Not as Described,2,760.66
2591,20231029,127,Not as Described,3,792.84
2592,20241208,299,Defective/Not Working,3,36.15
2593,20241202,16,Defective/Not Working,1,121.92
2594,20230208,129,Wrong Item Sent,2,571.54
2595,20230524,468,Wrong Item Sent,1,354.29
2596,20240729,373,No Longer Needed,4,960.68
2597,20240403,368,Not as Described,3,367.56
2598,20230918,477,Defective/Not Working,3,760.32
2599,20230101,363,Defective/Not Working,1,113.38
2600,20260123,653,Late Delivery,3,630.15
2601,20240712,471,Changed Mind,3,103.5
2602,20251116,318,Changed Mind,4,164.36
2603,20241010,350,Defective/Not Working,1,195.28
2604,20260415,99,No Longer Needed,2,727.62
2605,20240912,320,Changed Mind,4,819.6
2606,20260327,290,Not as Described,2,646.14
2607,20241028,399,Wrong Item Sent,2,104.54
2608,20240922,520,Better Price Found,1,361.69
2609,20251122,348,Defective/Not Working,2,466.96
2610,20260421,354,Not as Described,4,943.96
2611,20230322,85,Changed Mind,1,52.93
2612,20250427,677,Changed Mind,4,405.24
2613,20240613,192,Defective/Not Working,3,426.84
2614,20251211,623,Not as Described,2,380.22
2615,20250720,68,No Longer Needed,2,35.68
2616,20230829,592,Changed Mind,4,714.84
2617,20250626,761,Not as Described,3,1209.24
2618,20231212,555,Changed Mind,4,452.88
2619,20260319,9,Better Price Found,1,228.25
2620,20230312,574,Not as Described,1,292.71
2621,20230510,579,Changed Mind,1,241.27
2622,20260611,717,Changed Mind,2,74.98
2623,20240705,521,Changed Mind,4,1043.92
2624,20251125,530,Wrong Item Sent,1,239.02
2625,20240501,412,Defective/Not Working,1,57.85
2626,20250313,383,Not as Described,3,167.22
2627,20251111,424,Wrong Item Sent,3,494.82
2628,20231020,766,Changed Mind,1,210.17
2629,20240328,270,No Longer Needed,1,147.92
2630,20231018,111,Changed Mind,4,1242.36
2631,20250629,584,No Longer Needed,3,910.35
2632,20240916,312,Not as Described,3,616.68
2633,20251009,655,Not as Described,2,141.88
2634,20250721,606,Late Delivery,3,162.72
2635,20240426,338,Wrong Item Sent,3,643.14
2636,20230710,721,Not as Described,3,747.48
2637,20240618,569,Wrong Item Sent,3,956.58
2638,20240129,182,Late Delivery,3,484.29
2639,20260627,76,Changed Mind,2,454.06
2640,20250620,279,Not as Described,3,890.97
2641,20250123,545,Not as Described,3,73.53
2642,20231105,440,Defective/Not Working,2,227.7
2643,20260417,90,No Longer Needed,4,913.84
2644,20250810,360,No Longer Needed,1,146.23
2645,20241121,393,Changed Mind,3,67.29
2646,20260418,479,Defective/Not Working,2,506.54
2647,20230822,725,Defective/Not Working,3,1134.66
2648,20260414,84,No Longer Needed,2,147.92
2649,20241216,359,Late Delivery,4,627.04
2650,20250302,288,No Longer Needed,4,117.04
2651,20230122,566,Wrong Item Sent,2,168.6
2652,20260214,509,Not as Described,1,90.19
2653,20230708,649,No Longer Needed,3,802.44
2654,20260516,109,Not as Described,4,1498.24
2655,20250710,606,Not as Described,1,54.24
2656,20250314,291,No Longer Needed,2,356.36
2657,20241011,523,Defective/Not Working,3,454.95
2658,20231201,469,Wrong Item Sent,1,161.37
2659,20230425,701,Wrong Item Sent,2,200.3
2660,20240301,668,Changed Mind,3,362.1
2661,20260514,293,Wrong Item Sent,1,423.76
2662,20230131,292,Changed Mind,4,1296.44
2663,20241216,121,Not as Described,1,298.82
2664,20230411,531,Defective/Not Working,1,18.72
2665,20230129,663,Changed Mind,1,304.83
2666,20240707,659,Defective/Not Working,1,165.56
2667,20250617,362,Changed Mind,4,1370.8
2668,20240107,504,Defective/Not Working,3,73.59
2669,20230105,316,Better Price Found,1,244.0
2670,20240808,609,Changed Mind,2,498.3
2671,20231110,476,Not as Described,1,235.18
2672,20250129,619,Changed Mind,1,96.72
2673,20231104,74,Changed Mind,4,560.72
2674,20240629,707,No Longer Needed,1,225.72
2675,20240628,648,Defective/Not Working,1,33.89
2676,20240422,9,Wrong Item Sent,1,228.25
2677,20240509,702,Changed Mind,3,781.62
2678,20251103,425,Defective/Not Working,4,622.92
2679,20260121,133,Defective/Not Working,3,472.92
2680,20240308,247,Better Price Found,1,116.11
2681,20251220,404,Wrong Item Sent,2,499.4
2682,20250825,746,Better Price Found,3,1181.61
2683,20230329,417,Better Price Found,3,730.05
2684,20240422,726,Wrong Item Sent,1,274.85
2685,20230206,518,Not as Described,2,77.26
2686,20230816,490,Not as Described,1,84.06
2687,20241112,76,Defective/Not Working,2,454.06
2688,20240409,481,Not as Described,2,535.94
2689,20240131,572,Not as Described,4,384.32
2690,20240609,64,Wrong Item Sent,2,477.68
2691,20231126,285,No Longer Needed,2,409.78
2692,20260220,81,Changed Mind,3,824.82
2693,20251123,356,Changed Mind,4,513.72
2694,20250306,150,Better Price Found,2,215.72
2695,20240814,172,Wrong Item Sent,2,118.68
2696,20230114,239,Wrong Item Sent,1,177.69
2697,20230527,719,Changed Mind,3,220.11
2698,20231122,484,Wrong Item Sent,2,30.82
2699,20260524,485,Defective/Not Working,2,250.4
2700,20250118,379,Better Price Found,2,612.52
2701,20260210,38,Not as Described,2,73.34
2702,20230117,444,Wrong Item Sent,2,542.94
2703,20240128,93,Changed Mind,1,61.41
2704,20230725,439,Defective/Not Working,1,350.84
2705,20230322,546,Wrong Item Sent,1,65.36
2706,20240421,269,Defective/Not Working,3,46.98
2707,20240929,4,Defective/Not Working,3,838.62
2708,20260513,686,Not as Described,1,193.71
2709,20260103,45,Changed Mind,3,809.22
2710,20230716,501,Better Price Found,1,167.28
2711,20240518,431,Not as Described,4,108.76
2712,20260228,432,Defective/Not Working,3,807.06
2713,20250204,612,Changed Mind,4,978.96
2714,20230320,645,Changed Mind,4,1038.28
2715,20231203,400,Defective/Not Working,3,539.79
2716,20241218,408,Better Price Found,4,298.68
2717,20250827,531,Wrong Item Sent,3,56.16
2718,20231117,293,Defective/Not Working,2,847.52
2719,20250822,72,Not as Described,2,239.44
2720,20240313,621,Defective/Not Working,1,238.21
2721,20230303,389,Wrong Item Sent,2,27.98
2722,20250816,237,Defective/Not Working,3,1018.35
2723,20230902,587,Late Delivery,4,1094.72
2724,20240419,672,Better Price Found,1,106.54
2725,20230430,712,No Longer Needed,1,117.99
2726,20230204,573,No Longer Needed,4,584.48
2727,20240615,506,Not as Described,2,98.76
2728,20250912,352,Changed Mind,2,544.56
2729,20230810,683,Wrong Item Sent,4,1706.68
2730,20230214,542,Changed Mind,4,473.92
2731,20250419,71,No Longer Needed,1,81.45
2732,20240405,231,Defective/Not Working,2,380.78
2733,20250818,788,Defective/Not Working,1,168.35
2734,20260427,368,Changed Mind,3,367.56
2735,20250218,205,Not as Described,3,247.14
2736,20230414,632,Wrong Item Sent,2,582.3
2737,20240423,341,Changed Mind,2,107.64
2738,20260512,31,Wrong Item Sent,3,843.6
2739,20260424,133,Defective/Not Working,4,630.56
2740,20251215,726,Defective/Not Working,4,1099.4
2741,20231208,66,Changed Mind,3,697.71
2742,20240127,665,Changed Mind,4,1624.72
2743,20230326,203,Late Delivery,4,1431.76
2744,20230104,426,Defective/Not Working,2,165.12
2745,20230707,509,Not as Described,3,270.57
2746,20240427,424,Late Delivery,4,659.76
2747,20230601,538,Late Delivery,4,345.84
2748,20230729,667,No Longer Needed,1,106.93
2749,20230501,545,Not as Described,2,49.02
2750,20231110,598,Not as Described,3,335.1
2751,20241031,384,Defective/Not Working,4,209.96
2752,20260426,579,Changed Mind,1,241.27
2753,20230825,552,Defective/Not Working,3,635.37
2754,20240429,483,Changed Mind,3,503.46
2755,20251102,77,Wrong Item Sent,4,874.76
2756,20230117,623,Defective/Not Working,2,380.22
2757,20231210,717,Late Delivery,2,74.98
2758,20251009,24,Changed Mind,4,506.4
2759,20250919,43,Wrong Item Sent,1,136.65
2760,20241108,287,Defective/Not Working,3,744.9
2761,20251018,268,Defective/Not Working,4,301.92
2762,20240401,527,Defective/Not Working,1,81.74
2763,20250407,183,Not as Described,1,26.08
2764,20230701,487,Changed Mind,1,35.77
2765,20251210,714,Late Delivery,4,119.72
2766,20240706,644,Changed Mind,3,1322.07
2767,20230819,313,Late Delivery,3,435.66
2768,20260423,413,Defective/Not Working,3,296.82
2769,20260317,723,Wrong Item Sent,1,392.9
2770,20250802,216,Changed Mind,4,1346.16
2771,20231005,616,Better Price Found,4,1112.16
2772,20231009,234,Not as Described,3,956.7
2773,20240416,131,Defective/Not Working,1,24.54
2774,20250107,773,Better Price Found,1,48.89
2775,20240613,66,Defective/Not Working,1,232.57
2776,20250127,370,Better Price Found,1,263.18
2777,20230103,236,No Longer Needed,4,1521.32
2778,20230510,279,Changed Mind,1,296.99
2779,20241201,533,Wrong Item Sent,4,678.44
2780,20230714,799,Defective/Not Working,3,517.05
2781,20230911,223,Changed Mind,2,578.7
2782,20231225,166,Late Delivery,2,555.14
2783,20240901,690,No Longer Needed,1,128.51
2784,20250813,402,Defective/Not Working,2,43.32
2785,20240713,644,Better Price Found,2,881.38
2786,20251106,434,Defective/Not Working,3,409.62
2787,20250731,391,Defective/Not Working,2,128.26
2788,20231224,115,Not as Described,2,516.64
2789,20240506,606,Changed Mind,1,54.24
2790,20231010,317,Late Delivery,1,251.02
2791,20260314,117,No Longer Needed,4,266.04
2792,20240330,245,Changed Mind,3,388.35
2793,20251117,270,Changed Mind,2,295.84
2794,20240215,392,Not as Described,3,446.58
2795,20240211,524,Late Delivery,3,392.64
2796,20230520,327,Not as Described,2,63.06
2797,20260321,633,Wrong Item Sent,3,172.98
2798,20260110,709,Not as Described,2,71.36
2799,20240320,36,Changed Mind,2,429.28
2800,20260311,437,Changed Mind,4,381.12
2801,20231002,222,Not as Described,1,199.12
2802,20240728,348,Not as Described,3,700.44
2803,20250104,514,Defective/Not Working,4,1361.8
2804,20240309,218,Defective/Not Working,3,581.07
2805,20260416,564,Wrong Item Sent,1,142.88
2806,20240725,612,Wrong Item Sent,3,734.22
2807,20240111,27,Defective/Not Working,1,110.98
2808,20260328,226,Late Delivery,1,250.65
2809,20250720,618,Better Price Found,3,353.46
2810,20260416,18,Changed Mind,4,196.64
2811,20240629,30,Late Delivery,1,325.32
2812,20230322,141,No Longer Needed,3,672.27
2813,20240131,366,Wrong Item Sent,1,384.91
2814,20231111,218,Defective/Not Working,3,581.07
2815,20241105,316,Late Delivery,3,732.0
2816,20231008,154,Not as Described,2,514.82
2817,20250226,655,No Longer Needed,3,212.82
2818,20260123,48,Late Delivery,2,153.8
2819,20230328,16,Changed Mind,4,487.68
2820,20230426,521,No Longer Needed,2,521.96
2821,20250519,386,Wrong Item Sent,2,368.34
2822,20240215,146,Defective/Not Working,3,564.09
2823,20260210,188,Defective/Not Working,4,1106.0
2824,20250321,193,Wrong Item Sent,2,343.36
2825,20240722,231,Late Delivery,4,761.56
2826,20240304,374,No Longer Needed,2,660.96
2827,20240311,567,Better Price Found,4,895.68
2828,20230621,254,Wrong Item Sent,4,364.04
2829,20250316,209,No Longer Needed,4,1018.6
2830,20241219,712,Defective/Not Working,3,353.97
2831,20241122,558,Not as Described,3,724.2
2832,20251201,780,Not as Described,3,234.12
2833,20230317,38,Changed Mind,4,146.68
2834,20240908,470,Wrong Item Sent,3,558.69
2835,20250519,90,Defective/Not Working,1,228.46
2836,20230315,530,Defective/Not Working,3,717.06
2837,20240317,536,Changed Mind,1,232.15
2838,20250629,542,Late Delivery,3,355.44
2839,20241025,467,Wrong Item Sent,4,665.76
2840,20240702,59,Late Delivery,1,71.61
2841,20260518,173,No Longer Needed,2,705.58
2842,20230106,524,Not as Described,2,261.76
2843,20230711,410,Late Delivery,1,94.32
2844,20250512,196,Defective/Not Working,4,318.64
2845,20260205,82,Not as Described,2,599.16
2846,20260328,57,Changed Mind,4,82.76
2847,20230126,198,Late Delivery,2,123.58
2848,20230901,749,Better Price Found,3,608.19
2849,20231231,547,Better Price Found,3,1180.38
2850,20250912,356,Defective/Not Working,4,513.72
2851,20231025,328,Changed Mind,2,155.62
2852,20231128,56,Not as Described,2,532.04
2853,20240617,280,Not as Described,2,88.9
2854,20260422,49,Not as Described,1,197.2
2855,20240817,592,Wrong Item Sent,1,178.71
2856,20230201,92,Changed Mind,3,728.01
2857,20230116,745,Changed Mind,1,215.3
2858,20260109,36,Defective/Not Working,3,643.92
2859,20231225,17,Defective/Not Working,3,693.6
2860,20240625,697,Wrong Item Sent,1,203.47
2861,20231028,752,Not as Described,4,334.16
2862,20260530,289,Late Delivery,1,53.05
2863,20241007,244,Defective/Not Working,3,1072.83
2864,20240411,745,Better Price Found,1,215.3
2865,20241211,172,No Longer Needed,4,237.36
2866,20250114,29,Late Delivery,2,340.96
2867,20251108,658,Not as Described,4,1109.44
2868,20230722,54,No Longer Needed,4,532.8
2869,20260402,209,Not as Described,3,763.95
2870,20240502,542,Defective/Not Working,2,236.96
2871,20230602,559,Not as Described,3,165.36
2872,20260317,121,Not as Described,2,597.64
2873,20230121,37,No Longer Needed,1,408.21
2874,20241003,501,Late Delivery,4,669.12
2875,20250511,235,Better Price Found,4,1407.2
2876,20260314,285,Wrong Item Sent,3,614.67
2877,20240828,178,Late Delivery,2,482.74
2878,20250522,741,Changed Mind,4,849.56
2879,20250303,139,Changed Mind,2,765.78
2880,20230804,69,Changed Mind,2,403.36
2881,20241015,580,Not as Described,4,1130.04
2882,20250706,752,Defective/Not Working,3,250.62
2883,20250202,35,Defective/Not Working,1,16.22
2884,20260315,520,Defective/Not Working,3,1085.07
2885,20240522,96,Changed Mind,4,819.4
2886,20240204,644,Late Delivery,2,881.38
2887,20240402,232,No Longer Needed,2,567.58
2888,20250829,526,Late Delivery,1,17.69
2889,20260624,460,Changed Mind,1,84.17
2890,20250316,140,Changed Mind,3,315.72
2891,20251227,293,Late Delivery,3,1271.28
2892,20250802,492,No Longer Needed,1,101.28
2893,20230521,352,Better Price Found,1,272.28
2894,20241223,73,Defective/Not Working,1,219.47
2895,20260312,397,Late Delivery,2,299.2
2896,20241125,683,Better Price Found,2,853.34
2897,20250208,143,Not as Described,4,1103.48
2898,20240702,176,Better Price Found,3,465.54
2899,20251207,257,Changed Mind,4,613.72
2900,20250304,455,No Longer Needed,3,104.76
2901,20241124,301,Better Price Found,3,725.4
2902,20240111,530,Not as Described,2,478.04
2903,20250106,701,Defective/Not Working,1,100.15
2904,20260422,792,Changed Mind,2,284.58
2905,20241213,305,Better Price Found,3,549.96
2906,20250606,166,Late Delivery,3,832.71
2907,20260322,417,Not as Described,4,973.4
2908,20260115,721,Not as Described,2,498.32
2909,20240606,418,Changed Mind,2,471.8
2910,20250918,401,Changed Mind,2,377.94
2911,20241216,486,Better Price Found,1,204.27
2912,20240618,361,Not as Described,3,655.23
2913,20230822,742,Defective/Not Working,4,890.64
2914,20231024,408,Defective/Not Working,4,298.68
2915,20240525,37,Wrong Item Sent,3,1224.63
2916,20240309,357,Better Price Found,1,34.05
2917,20240210,579,Defective/Not Working,3,723.81
2918,20240115,442,Defective/Not Working,2,73.64
2919,20250410,386,Not as Described,2,368.34
2920,20250707,445,Late Delivery,3,708.54
2921,20250803,246,Wrong Item Sent,3,869.49
2922,20230904,750,No Longer Needed,1,22.62
2923,20240321,380,Wrong Item Sent,2,479.24
2924,20260303,23,Defective/Not Working,1,213.42
2925,20231008,72,Changed Mind,2,239.44
2926,20231218,168,No Longer Needed,3,419.58
2927,20240917,323,Defective/Not Working,2,442.36
2928,20230221,7,Not as Described,2,338.86
2929,20240713,83,Defective/Not Working,1,12.62
2930,20250919,76,Defective/Not Working,2,454.06
2931,20231117,741,Wrong Item Sent,2,424.78
2932,20231112,131,Defective/Not Working,3,73.62
2933,20240214,629,Not as Described,2,435.22
2934,20251210,433,Changed Mind,3,182.91
2935,20230415,743,Defective/Not Working,3,1031.7
2936,20240718,233,Defective/Not Working,3,440.46
2937,20260425,311,Not as Described,3,1081.5
2938,20260128,530,Defective/Not Working,2,478.04
2939,20230110,53,Defective/Not Working,1,274.33
2940,20240325,538,Defective/Not Working,4,345.84
2941,20230902,357,Not as Described,1,34.05
2942,20240727,6,Defective/Not Working,1,195.36
2943,20250423,230,No Longer Needed,1,55.79
2944,20240427,650,Changed Mind,3,427.68
2945,20250423,415,Late Delivery,3,251.7
2946,20230826,791,Better Price Found,1,228.37
2947,20230408,394,Wrong Item Sent,3,479.37
2948,20251211,559,No Longer Needed,3,165.36
2949,20250805,36,Defective/Not Working,2,429.28
2950,20240521,577,Late Delivery,4,1170.76
2951,20230707,157,No Longer Needed,1,17.11
2952,20250114,768,No Longer Needed,4,1013.4
2953,20230829,443,Late Delivery,2,752.46
2954,20231104,422,Better Price Found,4,205.24
2955,20230814,782,Wrong Item Sent,1,103.0
2956,20231116,446,Changed Mind,2,94.76
2957,20240827,675,No Longer Needed,4,1242.88
2958,20240323,613,Not as Described,2,92.3
2959,20230317,663,Late Delivery,4,1219.32
2960,20230409,559,Defective/Not Working,3,165.36
2961,20230607,299,Changed Mind,2,24.1
2962,20250417,721,Not as Described,4,996.64
2963,20240114,7,Defective/Not Working,3,508.29
2964,20251215,174,Wrong Item Sent,4,833.64
2965,20260423,154,No Longer Needed,3,772.23
2966,20240903,633,Not as Described,4,230.64
2967,20230523,87,Not as Described,2,408.3
2968,20241104,133,Changed Mind,4,630.56
2969,20231227,516,Defective/Not Working,4,304.0
2970,20240306,206,Wrong Item Sent,4,144.88
2971,20260303,239,Not as Described,1,177.69
2972,20240406,228,Defective/Not Working,3,633.21
2973,20260331,42,Late Delivery,4,983.68
2974,20230125,738,Better Price Found,4,895.4
2975,20260304,760,No Longer Needed,1,321.52
2976,20230416,45,Not as Described,2,539.48
2977,20240703,375,Defective/Not Working,2,92.32
2978,20250519,121,Defective/Not Working,3,896.46
2979,20240922,18,Not as Described,3,147.48
2980,20240720,486,Changed Mind,1,204.27
2981,20260403,720,Changed Mind,4,1641.96
2982,20230715,442,No Longer Needed,2,73.64
2983,20230628,646,Changed Mind,2,405.04
2984,20230117,458,No Longer Needed,3,349.11
2985,20260212,507,Defective/Not Working,4,1065.12
2986,20230918,409,Changed Mind,2,439.64
2987,20250412,273,Defective/Not Working,1,176.31
2988,20250225,189,Not as Described,2,411.08
2989,20250426,598,Defective/Not Working,2,223.4
2990,20230219,256,Better Price Found,3,324.81
2991,20260327,708,Better Price Found,2,281.42
2992,20230913,545,Not as Described,3,73.53
2993,20240202,177,Defective/Not Working,1,72.58
2994,20230901,545,No Longer Needed,4,98.04
2995,20241009,443,Changed Mind,3,1128.69
2996,20230319,63,Better Price Found,3,174.36
2997,20251109,44,Changed Mind,1,186.98
2998,20240422,213,Defective/Not Working,3,750.03
2999,20241210,647,No Longer Needed,1,184.7
3000,20241031,85,Defective/Not Working,2,105.86
3001,20251216,208,No Longer Needed,1,194.43
3002,20250516,127,Changed Mind,3,792.84
3003,20240111,592,Not as Described,1,178.71
3004,20230726,261,Not as Described,3,636.69
3005,20260523,675,No Longer Needed,1,310.72
3006,20240102,793,Defective/Not Working,3,410.97
3007,20260429,127,Changed Mind,4,1057.12
3008,20250105,292,Changed Mind,3,972.33
3009,20240123,320,Defective/Not Working,1,204.9
3010,20230910,439,Not as Described,3,1052.52
3011,20240808,631,Defective/Not Working,4,1067.28
3012,20230320,440,No Longer Needed,1,113.85
3013,20260519,107,Better Price Found,3,277.29
3014,20240116,689,Not as Described,2,205.24
3015,20251009,289,Defective/Not Working,3,159.15
3016,20260522,16,Changed Mind,1,121.92
3017,20260114,23,Changed Mind,4,853.68
3018,20250410,735,No Longer Needed,3,366.03
3019,20250126,719,No Longer Needed,2,146.74
3020,20240301,505,Defective/Not Working,1,143.55
3021,20250811,284,Not as Described,4,63.88
3022,20230820,454,Wrong Item Sent,1,323.6
3023,20250324,443,Better Price Found,2,752.46
3024,20231002,530,Late Delivery,1,239.02
3025,20250529,262,Better Price Found,4,951.36
3026,20260612,419,Wrong Item Sent,1,199.26
3027,20250318,147,Defective/Not Working,1,53.98
3028,20260108,492,Changed Mind,3,303.84
3029,20250111,800,No Longer Needed,3,416.28
3030,20260526,445,Late Delivery,3,708.54
3031,20251202,400,Late Delivery,2,359.86
3032,20240810,148,Wrong Item Sent,3,79.11
3033,20230508,240,Wrong Item Sent,2,97.12
3034,20240106,417,Wrong Item Sent,4,973.4
3035,20251125,427,Defective/Not Working,2,832.12
3036,20251207,336,Not as Described,1,366.26
3037,20240108,331,Better Price Found,1,284.71
3038,20250101,445,Defective/Not Working,4,944.72
3039,20231225,63,Defective/Not Working,3,174.36
3040,20260126,672,Changed Mind,2,213.08
3041,20240114,761,Not as Described,4,1612.32
3042,20250808,630,Wrong Item Sent,2,679.58
3043,20230814,306,Late Delivery,4,1069.64
3044,20240522,520,No Longer Needed,3,1085.07
3045,20240328,530,Not as Described,1,239.02
3046,20251122,207,Wrong Item Sent,3,1161.96
3047,20250329,169,Better Price Found,2,161.68
3048,20250621,655,Late Delivery,4,283.76
3049,20260408,324,Wrong Item Sent,2,420.5
3050,20250223,476,Not as Described,3,705.54
3051,20250818,434,Changed Mind,2,273.08
3052,20230725,77,Defective/Not Working,1,218.69
3053,20260424,768,Not as Described,1,253.35
3054,20230130,396,Changed Mind,2,334.74
3055,20241031,396,Better Price Found,2,334.74
3056,20230128,618,Better Price Found,2,235.64
3057,20250310,530,Defective/Not Working,3,717.06
3058,20260606,279,Wrong Item Sent,1,296.99
3059,20241013,731,Late Delivery,1,425.46
3060,20231124,448,Changed Mind,3,84.33
3061,20240813,660,Defective/Not Working,2,22.84
3062,20240531,172,Not as Described,3,178.02
3063,20230321,694,Better Price Found,1,65.85
3064,20230806,416,Defective/Not Working,3,386.04
3065,20231225,642,Not as Described,4,374.52
3066,20251208,20,No Longer Needed,2,109.96
3067,20230322,668,Changed Mind,1,120.7
3068,20231005,712,Changed Mind,2,235.98
3069,20231113,599,Better Price Found,4,898.52
3070,20240305,170,Defective/Not Working,2,673.32
3071,20240219,382,Better Price Found,3,152.76
3072,20250526,567,No Longer Needed,4,895.68
3073,20230121,546,Not as Described,1,65.36
3074,20250313,492,No Longer Needed,4,405.12
3075,20240810,78,Not as Described,3,441.0
3076,20230921,599,Changed Mind,2,449.26
3077,20250212,512,Better Price Found,2,130.88
3078,20250930,390,Defective/Not Working,2,519.7
3079,20240901,296,Defective/Not Working,3,258.27
3080,20240714,144,Not as Described,1,249.79
3081,20260313,30,Not as Described,4,1301.28
3082,20250505,78,No Longer Needed,3,441.0
3083,20260113,112,Defective/Not Working,1,332.69
3084,20231003,144,Wrong Item Sent,4,999.16
3085,20240707,569,Changed Mind,2,637.72
3086,20240921,723,Defective/Not Working,1,392.9
3087,20240322,387,Defective/Not Working,1,66.08
3088,20231019,208,Changed Mind,2,388.86
3089,20250830,487,Defective/Not Working,4,143.08
3090,20250731,173,Changed Mind,4,1411.16
3091,20260130,76,Wrong Item Sent,1,227.03
3092,20240104,486,Better Price Found,3,612.81
3093,20251104,742,Defective/Not Working,2,445.32
3094,20241210,159,Changed Mind,4,553.36
3095,20240920,770,Late Delivery,2,184.6
3096,20231216,58,Late Delivery,1,31.75
3097,20240228,187,Changed Mind,3,769.98
3098,20230905,175,Changed Mind,4,1214.28
3099,20240826,769,No Longer Needed,3,279.57
3100,20231001,690,Defective/Not Working,4,514.04
3101,20241212,131,Wrong Item Sent,3,73.62
3102,20240202,429,Defective/Not Working,1,195.21
3103,20240129,782,Defective/Not Working,2,206.0
3104,20250813,202,Better Price Found,1,290.4
3105,20240901,488,Defective/Not Working,4,951.76
3106,20250327,219,Wrong Item Sent,1,21.56
3107,20251223,563,No Longer Needed,1,41.14
3108,20230627,582,Changed Mind,3,1257.57
3109,20240812,607,Defective/Not Working,3,545.64
3110,20251215,204,Late Delivery,3,411.93
3111,20250513,591,No Longer Needed,3,341.19
3112,20260615,164,Changed Mind,3,1237.38
3113,20230613,300,Defective/Not Working,4,376.8
3114,20240801,148,Changed Mind,4,105.48
3115,20240423,68,Late Delivery,3,53.52
3116,20230417,497,Late Delivery,1,311.63
3117,20250303,491,Not as Described,2,336.46
3118,20230623,599,Wrong Item Sent,1,224.63
3119,20250919,379,Not as Described,2,612.52
3120,20231031,590,Late Delivery,4,264.96
3121,20230602,709,No Longer Needed,2,71.36
3122,20240310,468,Defective/Not Working,3,1062.87
3123,20240402,119,Late Delivery,4,1335.48
3124,20230925,705,Not as Described,4,958.76
3125,20240930,379,Defective/Not Working,4,1225.04
3126,20230422,432,Better Price Found,2,538.04
3127,20230924,403,Not as Described,4,842.16
3128,20230629,343,Not as Described,3,52.65
3129,20251014,80,Better Price Found,2,475.96
3130,20240430,634,Changed Mind,1,132.1
3131,20250722,5,Changed Mind,2,326.4
3132,20230927,172,Better Price Found,1,59.34
3133,20250921,499,Not as Described,1,261.75
3134,20260409,506,Changed Mind,3,148.14
3135,20230409,305,Better Price Found,4,733.28
3136,20240314,462,Not as Described,1,220.62
3137,20251118,477,No Longer Needed,2,506.88
3138,20260508,240,Defective/Not Working,4,194.24
3139,20250515,624,Better Price Found,4,86.68
3140,20260512,374,Late Delivery,1,330.48
3141,20231108,330,Changed Mind,1,288.16
3142,20231013,605,Not as Described,3,484.5
3143,20260120,528,No Longer Needed,1,365.56
3144,20241019,332,Wrong Item Sent,4,486.44
3145,20230710,768,Defective/Not Working,3,760.05
3146,20250731,675,Changed Mind,3,932.16
3147,20250328,546,Defective/Not Working,1,65.36
3148,20250205,75,No Longer Needed,4,470.12
3149,20260404,518,Not as Described,2,77.26
3150,20230509,406,Better Price Found,1,176.64
3151,20250110,689,Better Price Found,4,410.48
3152,20230503,395,Changed Mind,2,760.78
3153,20260202,566,Changed Mind,1,84.3
3154,20230327,725,Changed Mind,3,1134.66
3155,20231206,673,Changed Mind,1,423.99
3156,20250915,174,Late Delivery,3,625.23
3157,20260509,261,Defective/Not Working,2,424.46
3158,20230422,310,Changed Mind,4,284.68
3159,20230307,237,No Longer Needed,1,339.45
3160,20241030,118,Not as Described,3,1231.14
3161,20240823,500,No Longer Needed,1,394.62
3162,20230622,47,Not as Described,4,903.76
3163,20250614,602,Not as Described,1,85.13
3164,20240213,501,Better Price Found,4,669.12
3165,20260403,545,Not as Described,3,73.53
3166,20231012,393,Defective/Not Working,3,67.29
3167,20241030,701,Late Delivery,3,300.45
3168,20260219,537,Wrong Item Sent,1,125.74
3169,20230202,680,Wrong Item Sent,2,544.86
3170,20231001,341,Not as Described,4,215.28
3171,20240728,478,Not as Described,1,272.96
3172,20240113,531,Changed Mind,4,74.88
3173,20231101,573,No Longer Needed,3,438.36
3174,20250719,194,Wrong Item Sent,3,943.68
3175,20240313,700,Changed Mind,2,318.44
3176,20250124,774,No Longer Needed,4,401.36
3177,20260319,517,Defective/Not Working,4,1303.96
3178,20250415,177,Better Price Found,2,145.16
3179,20230606,138,Defective/Not Working,3,861.21
3180,20230924,603,Defective/Not Working,1,228.34
3181,20230120,589,Better Price Found,2,175.48
3182,20240504,584,Wrong Item Sent,1,303.45
3183,20240904,723,Changed Mind,3,1178.7
3184,20231114,758,Better Price Found,3,1045.5
3185,20241111,657,Defective/Not Working,3,623.88
3186,20241110,229,Defective/Not Working,1,168.69
3187,20250807,312,Late Delivery,1,205.56
3188,20240321,91,Defective/Not Working,1,191.54
3189,20230201,178,Not as Described,3,724.11
3190,20251223,312,Wrong Item Sent,3,616.68
3191,20240819,600,Defective/Not Working,3,199.62
3192,20240801,71,Not as Described,4,325.8
3193,20241009,61,Better Price Found,1,9.0
3194,20241220,462,Defective/Not Working,3,661.86
3195,20240119,336,Wrong Item Sent,2,732.52
3196,20241010,768,Late Delivery,1,253.35
3197,20260517,533,Wrong Item Sent,4,678.44
3198,20251025,487,Wrong Item Sent,1,35.77
3199,20250211,176,Defective/Not Working,2,310.36
3200,20240917,800,Changed Mind,4,555.04
3201,20241030,95,Not as Described,3,229.29
3202,20231007,102,Changed Mind,1,258.72
3203,20250201,678,Defective/Not Working,2,266.62
3204,20260103,705,Not as Described,4,958.76
3205,20250611,773,No Longer Needed,3,146.67
3206,20250120,724,Defective/Not Working,2,417.28
3207,20241027,610,Defective/Not Working,2,63.88
3208,20240810,416,Defective/Not Working,2,257.36
3209,20240213,745,Changed Mind,3,645.9
3210,20230523,242,Wrong Item Sent,2,343.34
3211,20260201,380,Defective/Not Working,2,479.24
3212,20240426,715,Changed Mind,1,170.39
3213,20240710,320,Better Price Found,3,614.7
3214,20250310,554,No Longer Needed,3,179.49
3215,20230903,113,Not as Described,2,238.2
3216,20260412,672,Better Price Found,2,213.08
3217,20250925,491,Defective/Not Working,4,672.92
3218,20230330,708,Changed Mind,2,281.42
3219,20250828,624,Defective/Not Working,2,43.34
3220,20240517,528,Not as Described,3,1096.68
3221,20250309,148,Late Delivery,4,105.48
3222,20240926,85,Wrong Item Sent,2,105.86
3223,20231228,248,No Longer Needed,4,919.12
3224,20240720,262,Not as Described,3,713.52
3225,20230618,130,Wrong Item Sent,3,325.32
3226,20250129,73,No Longer Needed,4,877.88
3227,20241102,721,Wrong Item Sent,4,996.64
3228,20231015,500,Changed Mind,2,789.24
3229,20240107,356,Defective/Not Working,4,513.72
3230,20241102,303,Wrong Item Sent,2,210.34
3231,20250828,398,Better Price Found,4,283.28
3232,20240622,494,Changed Mind,1,380.5
3233,20241023,511,Wrong Item Sent,3,344.1
3234,20240102,325,Changed Mind,1,223.83
3235,20240116,428,Not as Described,4,1557.76
3236,20230130,314,Defective/Not Working,3,723.0
3237,20241210,23,Not as Described,4,853.68
3238,20250829,612,Changed Mind,2,489.48
3239,20250918,317,Late Delivery,4,1004.08
3240,20240413,244,Wrong Item Sent,4,1430.44
3241,20230929,409,Not as Described,1,219.82
3242,20231024,460,Wrong Item Sent,4,336.68
3243,20250903,72,Not as Described,2,239.44
3244,20231202,677,Changed Mind,3,303.93
3245,20240316,419,Changed Mind,2,398.52
3246,20250331,448,Defective/Not Working,4,112.44
3247,20230113,180,No Longer Needed,2,50.12
3248,20230118,564,Defective/Not Working,4,571.52
3249,20230811,222,Changed Mind,3,597.36
3250,20250219,29,Defective/Not Working,3,511.44
3251,20241105,470,Wrong Item Sent,1,186.23
3252,20250314,311,Changed Mind,1,360.5
3253,20230511,402,Wrong Item Sent,3,64.98
3254,20250827,647,Late Delivery,1,184.7
3255,20230828,362,Defective/Not Working,4,1370.8
3256,20240509,307,Not as Described,3,391.62
3257,20240716,35,Changed Mind,2,32.44
3258,20230509,257,Wrong Item Sent,4,613.72
3259,20240410,287,No Longer Needed,4,993.2
3260,20250912,464,Not as Described,3,670.08
3261,20250527,297,No Longer Needed,3,609.93
3262,20231119,627,Late Delivery,2,646.76
3263,20230207,514,Changed Mind,4,1361.8
3264,20251217,101,Late Delivery,3,964.83
3265,20250208,501,No Longer Needed,1,167.28
3266,20250310,327,Late Delivery,4,126.12
3267,20241130,50,Not as Described,2,507.34
3268,20231125,621,Changed Mind,1,238.21
3269,20230415,653,Changed Mind,1,210.05
3270,20230331,511,Late Delivery,2,229.4
3271,20240523,50,Changed Mind,3,761.01
3272,20240830,629,Wrong Item Sent,1,217.61
3273,20240816,40,Not as Described,1,246.38
3274,20240114,82,Changed Mind,2,599.16
3275,20230606,337,Defective/Not Working,1,284.78
3276,20240730,310,Defective/Not Working,3,213.51
3277,20240313,698,Not as Described,2,206.68
3278,20230508,359,Defective/Not Working,3,470.28
3279,20230705,600,Defective/Not Working,2,133.08
3280,20230121,522,Defective/Not Working,2,208.28
3281,20230131,21,Better Price Found,4,1117.32
3282,20240927,607,Better Price Found,4,727.52
3283,20250925,328,Not as Described,1,77.81
3284,20230901,469,Changed Mind,1,161.37
3285,20230224,168,No Longer Needed,2,279.72
3286,20240914,104,Not as Described,3,475.53
3287,20240125,337,Changed Mind,2,569.56
3288,20240504,401,Defective/Not Working,4,755.88
3289,20250830,315,Changed Mind,4,1184.84
3290,20260127,578,Changed Mind,4,1321.0
3291,20250712,357,Better Price Found,1,34.05
3292,20250903,33,Late Delivery,1,147.68
3293,20251214,393,Changed Mind,4,89.72
3294,20230607,374,Changed Mind,3,991.44
3295,20260609,192,Defective/Not Working,4,569.12
3296,20250731,181,Late Delivery,4,1367.68
3297,20240202,239,No Longer Needed,2,355.38
3298,20241005,390,Not as Described,4,1039.4
3299,20251007,375,Not as Described,1,46.16
3300,20240524,121,Late Delivery,4,1195.28
3301,20260225,304,Changed Mind,3,216.0
3302,20250620,489,Late Delivery,1,258.71
3303,20230405,244,Defective/Not Working,1,357.61
3304,20230724,256,Changed Mind,1,108.27
3305,20231008,438,Changed Mind,1,40.99
3306,20260221,472,Changed Mind,3,92.61
3307,20250130,490,No Longer Needed,1,84.06
3308,20260226,472,Better Price Found,4,123.48
3309,20230807,139,Defective/Not Working,1,382.89
3310,20241215,159,Defective/Not Working,1,138.34
3311,20240423,519,Late Delivery,3,162.42
3312,20240326,354,Defective/Not Working,1,235.99
3313,20260619,404,Changed Mind,2,499.4
3314,20250902,362,Defective/Not Working,3,1028.1
3315,20250929,94,Not as Described,4,47.16
3316,20250717,784,Late Delivery,4,451.8
3317,20231226,484,Not as Described,3,46.23
3318,20260413,24,Changed Mind,3,379.8
3319,20240314,699,Changed Mind,3,197.73
3320,20250912,291,Not as Described,3,534.54
3321,20240410,738,Defective/Not Working,1,223.85
3322,20260627,57,Not as Described,1,20.69
3323,20240712,589,Wrong Item Sent,2,175.48
3324,20240806,637,Changed Mind,1,73.36
3325,20240813,326,No Longer Needed,1,267.52
3326,20240320,202,Not as Described,4,1161.6
3327,20250915,285,Not as Described,4,819.56
3328,20240821,167,Changed Mind,4,944.2
3329,20260401,795,Defective/Not Working,4,941.12
3330,20241224,444,No Longer Needed,3,814.41
3331,20241103,647,Wrong Item Sent,3,554.1
3332,20230204,753,Not as Described,1,306.18
3333,20240408,636,Wrong Item Sent,4,560.16
3334,20231003,283,Late Delivery,3,821.25
3335,20260108,403,Not as Described,4,842.16
3336,20251017,350,Late Delivery,1,195.28
3337,20240814,553,Wrong Item Sent,2,137.98
3338,20241103,408,Not as Described,4,298.68
3339,20250912,41,Not as Described,2,544.6
3340,20240205,362,Wrong Item Sent,2,685.4
3341,20250509,540,Defective/Not Working,3,989.07
3342,20231002,130,Better Price Found,2,216.88
3343,20240301,781,Late Delivery,4,202.16
3344,20231101,292,No Longer Needed,2,648.22
3345,20240429,515,Wrong Item Sent,1,127.91
3346,20260402,581,Defective/Not Working,3,139.35
3347,20241115,198,Not as Described,3,185.37
3348,20240207,437,No Longer Needed,3,285.84
3349,20230405,560,Not as Described,3,120.66
3350,20231215,744,Late Delivery,3,297.0
3351,20260131,244,Not as Described,4,1430.44
3352,20230208,159,Changed Mind,3,415.02
3353,20250719,559,No Longer Needed,4,220.48
3354,20250424,364,Not as Described,1,58.02
3355,20250523,376,Defective/Not Working,4,1074.0
3356,20241209,648,Better Price Found,3,101.67
3357,20230509,146,Not as Described,2,376.06
3358,20230926,500,Better Price Found,4,1578.48
3359,20260107,61,Changed Mind,1,9.0
3360,20250228,532,No Longer Needed,2,656.6
3361,20240223,658,Changed Mind,1,277.36
3362,20260416,773,Not as Described,4,195.56
3363,20230202,240,Late Delivery,2,97.12
3364,20230925,546,Late Delivery,1,65.36
3365,20230304,402,Changed Mind,4,86.64
3366,20251229,219,Defective/Not Working,4,86.24
3367,20260118,253,Wrong Item Sent,3,1310.46
3368,20241103,391,Late Delivery,1,64.13
3369,20241109,432,Not as Described,1,269.02
3370,20250627,400,Better Price Found,1,179.93
3371,20260409,406,No Longer Needed,4,706.56
3372,20260521,517,Not as Described,2,651.98
3373,20241206,194,Defective/Not Working,3,943.68
3374,20240501,759,No Longer Needed,2,456.16
3375,20240504,725,Not as Described,2,756.44
3376,20260523,733,Not as Described,3,654.9
3377,20230801,318,Not as Described,4,164.36
3378,20250302,338,Wrong Item Sent,1,214.38
3379,20241022,481,Better Price Found,4,1071.88
3380,20250831,50,Late Delivery,3,761.01
3381,20230620,766,Defective/Not Working,4,840.68
3382,20240528,421,No Longer Needed,2,165.08
3383,20230525,269,Changed Mind,2,31.32
3384,20230122,518,Not as Described,2,77.26
3385,20260302,460,No Longer Needed,2,168.34
3386,20230806,766,Wrong Item Sent,4,840.68
3387,20260430,84,Defective/Not Working,3,221.88
3388,20250720,269,Changed Mind,4,62.64
3389,20251016,23,No Longer Needed,2,426.84
3390,20231115,683,Defective/Not Working,3,1280.01
3391,20260513,273,Defective/Not Working,2,352.62
3392,20250810,247,Changed Mind,1,116.11
3393,20231116,258,Changed Mind,3,90.39
3394,20230805,169,Defective/Not Working,4,323.36
3395,20250206,488,Not as Described,1,237.94
3396,20240113,78,Not as Described,2,294.0
3397,20241106,15,Late Delivery,1,179.98
3398,20240701,462,Better Price Found,2,441.24
3399,20230309,613,Defective/Not Working,2,92.3
3400,20250315,213,Better Price Found,1,250.01
3401,20260120,770,No Longer Needed,3,276.9
3402,20260323,364,Changed Mind,1,58.02
3403,20250623,108,Changed Mind,4,97.96
3404,20260306,539,No Longer Needed,2,575.82
3405,20230522,458,Not as Described,4,465.48
3406,20250419,89,Late Delivery,4,335.64
3407,20260509,35,No Longer Needed,3,48.66
3408,20241021,30,Changed Mind,4,1301.28
3409,20240322,147,Late Delivery,2,107.96
3410,20260128,756,Wrong Item Sent,3,1182.75
3411,20250215,491,Not as Described,3,504.69
3412,20240512,728,Defective/Not Working,3,71.97
3413,20250814,344,Late Delivery,2,215.78
3414,20251227,591,Changed Mind,2,227.46
3415,20240316,470,Changed Mind,1,186.23
3416,20251201,311,Not as Described,3,1081.5
3417,20240429,199,Changed Mind,2,254.36
3418,20260320,494,Not as Described,3,1141.5
3419,20230511,639,Better Price Found,1,208.98
3420,20240928,280,Defective/Not Working,4,177.8
3421,20240503,738,Defective/Not Working,2,447.7
3422,20240106,124,Not as Described,2,22.56
3423,20230602,222,Changed Mind,2,398.24
3424,20250325,636,Changed Mind,3,420.12
3425,20230325,11,Not as Described,2,108.84
3426,20230130,197,Defective/Not Working,3,452.91
3427,20230810,799,Not as Described,1,172.35
3428,20250305,124,Changed Mind,2,22.56
3429,20260331,261,Late Delivery,2,424.46
3430,20250702,342,Defective/Not Working,1,102.47
3431,20230813,734,Defective/Not Working,3,109.53
3432,20260425,251,Defective/Not Working,2,701.9
3433,20240507,416,Better Price Found,4,514.72
3434,20250407,313,Defective/Not Working,1,145.22
3435,20260326,556,Better Price Found,3,1021.02
3436,20260627,520,Not as Described,2,723.38
3437,20230328,622,Changed Mind,1,97.19
3438,20240714,166,Late Delivery,4,1110.28
3439,20250725,497,Changed Mind,4,1246.52
3440,20260630,629,Not as Described,2,435.22
3441,20240713,62,Defective/Not Working,3,1282.05
3442,20250602,799,Defective/Not Working,3,517.05
3443,20260118,296,No Longer Needed,2,172.18
3444,20251110,787,Better Price Found,2,445.18
3445,20260121,405,Late Delivery,1,234.96
3446,20230316,274,Changed Mind,1,185.35
3447,20240627,652,Wrong Item Sent,2,329.5
3448,20241122,629,Wrong Item Sent,1,217.61
3449,20230407,555,Changed Mind,3,339.66
3450,20230613,295,Not as Described,3,651.87
3451,20230502,278,Defective/Not Working,1,255.97
3452,20250414,508,Changed Mind,2,717.92
3453,20250318,395,Wrong Item Sent,2,760.78
3454,20240616,44,Changed Mind,4,747.92
3455,20250225,7,Defective/Not Working,3,508.29
3456,20240921,582,Changed Mind,1,419.19
3457,20231114,723,Wrong Item Sent,4,1571.6
3458,20230103,12,Defective/Not Working,1,262.97
3459,20230926,395,Changed Mind,3,1141.17
3460,20230323,130,Late Delivery,2,216.88
3461,20251222,100,Better Price Found,1,63.71
3462,20250814,44,Wrong Item Sent,3,560.94
3463,20240706,5,Wrong Item Sent,3,489.6
3464,20251130,590,Better Price Found,2,132.48
3465,20240120,483,Not as Described,1,167.82
3466,20250519,719,Defective/Not Working,1,73.37
3467,20230418,173,Late Delivery,4,1411.16
3468,20230522,274,Wrong Item Sent,2,370.7
3469,20250816,251,Defective/Not Working,1,350.95
3470,20240320,82,Better Price Found,1,299.58
3471,20230723,4,Not as Described,4,1118.16
3472,20241215,532,Better Price Found,3,984.9
3473,20251223,361,Better Price Found,2,436.82
3474,20241229,478,Wrong Item Sent,4,1091.84
3475,20231102,127,Defective/Not Working,4,1057.12
3476,20230423,601,Changed Mind,4,69.96
3477,20240208,41,Defective/Not Working,4,1089.2
3478,20251217,481,Changed Mind,2,535.94
3479,20250711,29,Not as Described,4,681.92
3480,20240408,625,Changed Mind,3,1225.29
3481,20260615,678,Not as Described,4,533.24
3482,20230611,337,Wrong Item Sent,2,569.56
3483,20231211,476,Defective/Not Working,3,705.54
3484,20240806,468,Defective/Not Working,4,1417.16
3485,20260401,585,Defective/Not Working,2,326.52
3486,20230424,176,Changed Mind,4,620.72
3487,20230920,377,Changed Mind,4,908.08
3488,20250728,708,Changed Mind,2,281.42
3489,20240818,696,Defective/Not Working,3,543.57
3490,20240821,115,No Longer Needed,4,1033.28
3491,20241122,512,Changed Mind,2,130.88
3492,20250812,5,Late Delivery,3,489.6
3493,20250901,547,Defective/Not Working,3,1180.38
3494,20260629,750,Changed Mind,4,90.48
3495,20260206,344,Late Delivery,4,431.56
3496,20250309,17,Wrong Item Sent,4,924.8
3497,20240626,628,Not as Described,3,353.1
3498,20260616,24,Changed Mind,4,506.4
3499,20250115,237,Late Delivery,4,1357.8
3500,20251109,788,Not as Described,3,505.05
3501,20240405,26,Changed Mind,1,359.21
3502,20250519,409,Late Delivery,1,219.82
3503,20260221,433,Changed Mind,3,182.91
3504,20240105,197,Not as Described,3,452.91
3505,20240602,329,Changed Mind,4,1076.48
3506,20230706,268,Changed Mind,3,226.44
3507,20240625,132,Changed Mind,3,348.54
3508,20250927,134,Not as Described,1,299.61
3509,20240819,57,Better Price Found,4,82.76
3510,20230511,140,Wrong Item Sent,2,210.48
3511,20240419,742,Defective/Not Working,1,222.66
3512,20260312,660,Changed Mind,2,22.84
3513,20250829,382,No Longer Needed,2,101.84
3514,20240621,310,Late Delivery,2,142.34
3515,20240511,531,Not as Described,4,74.88
3516,20230322,612,Wrong Item Sent,4,978.96
3517,20250723,646,Late Delivery,2,405.04
3518,20251030,228,Changed Mind,2,422.14
3519,20260405,652,Changed Mind,3,494.25
3520,20250521,361,Not as Described,4,873.64
3521,20260315,562,Defective/Not Working,1,188.77
3522,20230302,645,Better Price Found,4,1038.28
3523,20250706,124,Late Delivery,2,22.56
3524,20230607,362,Changed Mind,4,1370.8
3525,20240930,602,Defective/Not Working,3,255.39
3526,20240205,381,Changed Mind,3,826.47
3527,20251231,31,Defective/Not Working,3,843.6
3528,20230113,36,Not as Described,1,214.64
3529,20230501,463,Defective/Not Working,4,813.6
3530,20240824,556,Not as Described,1,340.34
3531,20240221,727,Defective/Not Working,4,119.72
3532,20250812,69,Wrong Item Sent,3,605.04
3533,20240120,242,Defective/Not Working,4,686.68
3534,20241206,239,Defective/Not Working,4,710.76
3535,20260530,590,Wrong Item Sent,1,66.24
3536,20241027,16,Defective/Not Working,2,243.84
3537,20260304,589,Defective/Not Working,1,87.74
3538,20230913,511,Changed Mind,3,344.1
3539,20250315,523,No Longer Needed,4,606.6
3540,20251122,503,Not as Described,4,1272.08
3541,20251005,645,Late Delivery,3,778.71
3542,20260418,134,Defective/Not Working,3,898.83
3543,20251207,356,Wrong Item Sent,3,385.29
3544,20230529,428,Not as Described,1,389.44
3545,20240722,727,Defective/Not Working,1,29.93
3546,20240516,622,No Longer Needed,2,194.38
3547,20250803,659,Not as Described,4,662.24
3548,20250629,99,Late Delivery,3,1091.43
3549,20240807,235,Not as Described,2,703.6
3550,20241226,584,Not as Described,3,910.35
3551,20250628,94,Not as Described,3,35.37
3552,20251210,321,Better Price Found,2,761.74
3553,20230430,102,Defective/Not Working,2,517.44
3554,20260424,73,No Longer Needed,3,658.41
3555,20230408,244,Defective/Not Working,1,357.61
3556,20260330,8,Better Price Found,1,211.32
3557,20240328,234,Changed Mind,3,956.7
3558,20250205,9,Not as Described,4,913.0
3559,20230127,724,Wrong Item Sent,4,834.56
3560,20240701,213,Late Delivery,4,1000.04
3561,20250915,590,Late Delivery,2,132.48
3562,20241116,256,Defective/Not Working,4,433.08
3563,20230704,294,Late Delivery,2,728.68
3564,20250111,350,Not as Described,2,390.56
3565,20240519,135,Changed Mind,2,82.62
3566,20250825,430,Defective/Not Working,2,193.84
3567,20230924,528,Changed Mind,2,731.12
3568,20251208,63,Late Delivery,2,116.24
3569,20230120,471,Not as Described,3,103.5
3570,20240328,229,Not as Described,4,674.76
3571,20260101,100,Late Delivery,1,63.71
3572,20231113,460,Not as Described,2,168.34
3573,20260315,558,Defective/Not Working,4,965.6
3574,20260111,38,No Longer Needed,4,146.68
3575,20230726,795,Late Delivery,3,705.84
3576,20240711,772,Better Price Found,4,1091.56
3577,20230215,229,Wrong Item Sent,2,337.38
3578,20230201,498,Better Price Found,1,309.5
3579,20260326,231,Changed Mind,2,380.78
3580,20240811,726,Defective/Not Working,3,824.55
3581,20251218,143,Not as Described,2,551.74
3582,20260520,372,Wrong Item Sent,1,11.94
3583,20260402,516,Not as Described,4,304.0
3584,20230404,54,Changed Mind,3,399.6
3585,20240814,265,Changed Mind,4,997.24
3586,20260212,490,Changed Mind,3,252.18
3587,20241021,536,Late Delivery,3,696.45
3588,20240305,518,Better Price Found,3,115.89
3589,20230202,450,Wrong Item Sent,3,1084.11
3590,20250302,6,Changed Mind,3,586.08
3591,20250614,423,Better Price Found,1,26.19
3592,20230725,732,Wrong Item Sent,2,181.76
3593,20240809,191,Defective/Not Working,3,991.53
3594,20230307,457,Late Delivery,2,120.94
3595,20240610,712,No Longer Needed,3,353.97
3596,20240222,276,Changed Mind,4,266.8
3597,20260111,222,Better Price Found,1,199.12
3598,20260203,707,Not as Described,4,902.88
3599,20250830,174,Not as Described,1,208.41
3600,20231013,348,Changed Mind,3,700.44
3601,20230528,438,Better Price Found,3,122.97
3602,20250105,139,Better Price Found,4,1531.56
3603,20230722,362,Defective/Not Working,1,342.7
3604,20230520,393,Late Delivery,4,89.72
3605,20260314,192,Not as Described,2,284.56
3606,20230123,696,Changed Mind,3,543.57
3607,20240415,330,Better Price Found,3,864.48
3608,20231111,488,Changed Mind,3,713.82
3609,20230518,89,Not as Described,3,251.73
3610,20260322,694,Changed Mind,2,131.7
3611,20260129,383,Wrong Item Sent,2,111.48
3612,20251210,680,Better Price Found,3,817.29
3613,20250228,190,Not as Described,1,46.04
3614,20240220,194,Not as Described,1,314.56
3615,20260501,246,Not as Described,4,1159.32
3616,20241031,133,Defective/Not Working,2,315.28
3617,20241129,134,Not as Described,3,898.83
3618,20241015,93,Wrong Item Sent,3,184.23
3619,20240624,691,Changed Mind,1,160.49
3620,20250605,369,Changed Mind,3,294.33
3621,20250209,556,Better Price Found,2,680.68
3622,20260311,582,Better Price Found,2,838.38
3623,20230513,275,Defective/Not Working,3,104.91
3624,20251211,482,Wrong Item Sent,4,297.08
3625,20231226,581,Wrong Item Sent,4,185.8
3626,20230601,250,No Longer Needed,4,894.48
3627,20230102,453,Late Delivery,1,159.04
3628,20240325,251,Defective/Not Working,4,1403.8
3629,20260418,323,Late Delivery,3,663.54
3630,20231129,471,Late Delivery,3,103.5
3631,20230312,711,Better Price Found,3,268.05
3632,20250313,165,Late Delivery,4,892.16
3633,20251015,120,Changed Mind,3,562.26
3634,20240107,172,Changed Mind,1,59.34
3635,20230806,464,No Longer Needed,2,446.72
3636,20230805,319,Defective/Not Working,4,1134.04
3637,20250606,134,Changed Mind,1,299.61
3638,20231006,589,Not as Described,3,263.22
3639,20250118,258,Changed Mind,3,90.39
3640,20260628,711,Wrong Item Sent,1,89.35
3641,20250727,486,Changed Mind,1,204.27
3642,20230821,14,Changed Mind,3,328.62
3643,20240403,132,No Longer Needed,1,116.18
3644,20250111,186,Defective/Not Working,2,384.04
3645,20240525,538,Defective/Not Working,1,86.46
3646,20231219,190,Defective/Not Working,2,92.08
3647,20260214,368,Changed Mind,4,490.08
3648,20240518,734,Late Delivery,1,36.51
3649,20240514,169,Wrong Item Sent,3,242.52
3650,20231011,627,No Longer Needed,2,646.76
3651,20230110,330,Changed Mind,3,864.48
3652,20250722,695,Better Price Found,2,439.08
3653,20240526,29,No Longer Needed,3,511.44
3654,20230316,468,Not as Described,2,708.58
3655,20250318,308,Not as Described,1,277.35
3656,20250125,147,Wrong Item Sent,2,107.96
3657,20250527,517,Changed Mind,2,651.98
3658,20250308,80,Not as Described,4,951.92
3659,20260513,763,Not as Described,3,1045.08
3660,20230215,121,Changed Mind,4,1195.28
3661,20260123,743,Defective/Not Working,2,687.8
3662,20260318,640,Wrong Item Sent,2,302.32
3663,20260308,617,Changed Mind,4,403.4
3664,20250130,620,Not as Described,1,141.64
3665,20240606,409,No Longer Needed,4,879.28
3666,20240513,462,No Longer Needed,2,441.24
3667,20230423,457,Defective/Not Working,2,120.94
3668,20230415,96,Defective/Not Working,2,409.7
3669,20250212,253,Better Price Found,3,1310.46
3670,20240121,56,Defective/Not Working,3,798.06
3671,20230906,536,No Longer Needed,2,464.3
3672,20230409,450,Wrong Item Sent,1,361.37
3673,20240103,79,Not as Described,1,253.18
3674,20230520,117,Changed Mind,4,266.04
3675,20260412,395,Late Delivery,4,1521.56
3676,20260531,621,No Longer Needed,1,238.21
3677,20250929,72,Defective/Not Working,1,119.72
3678,20241013,752,Changed Mind,2,167.08
3679,20260418,611,Not as Described,1,119.6
3680,20240416,758,No Longer Needed,2,697.0
3681,20240107,283,Defective/Not Working,4,1095.0
3682,20230917,326,Changed Mind,2,535.04
3683,20251129,696,Changed Mind,2,362.38
3684,20250615,177,Not as Described,1,72.58
3685,20231226,408,Not as Described,3,224.01
3686,20240804,36,No Longer Needed,2,429.28
3687,20250121,270,Wrong Item Sent,2,295.84
3688,20250728,758,Defective/Not Working,4,1394.0
3689,20240131,386,Defective/Not Working,4,736.68
3690,20250804,505,Changed Mind,3,430.65
3691,20250427,526,Defective/Not Working,2,35.38
3692,20230519,142,Not as Described,2,517.88
3693,20250422,509,Defective/Not Working,1,90.19
3694,20230617,308,Not as Described,2,554.7
3695,20240311,411,No Longer Needed,4,259.24
3696,20250129,78,Not as Described,2,294.0
3697,20260103,777,Defective/Not Working,4,466.04
3698,20230121,42,Changed Mind,3,737.76
3699,20260620,729,No Longer Needed,1,357.03
3700,20241118,321,No Longer Needed,3,1142.61
3701,20260512,471,Better Price Found,2,69.0
3702,20230104,131,No Longer Needed,2,49.08
3703,20240629,213,Changed Mind,3,750.03
3704,20250901,798,No Longer Needed,1,130.63
3705,20250117,580,Late Delivery,1,282.51
3706,20260105,10,Better Price Found,3,158.01
3707,20231001,710,Late Delivery,2,104.28
3708,20230313,603,Changed Mind,4,913.36
3709,20250323,695,Defective/Not Working,4,878.16
3710,20230127,241,Not as Described,1,311.53
3711,20260531,78,Better Price Found,1,147.0
3712,20240219,384,Wrong Item Sent,3,157.47
3713,20260328,317,Better Price Found,3,753.06
3714,20250521,27,Not as Described,2,221.96
3715,20230221,614,No Longer Needed,1,10.84
3716,20260208,578,Wrong Item Sent,2,660.5
3717,20240901,800,Late Delivery,2,277.52
3718,20241021,95,Wrong Item Sent,3,229.29
3719,20240311,413,Not as Described,1,98.94
3720,20230821,800,Wrong Item Sent,3,416.28
3721,20230328,695,Defective/Not Working,1,219.54
3722,20230205,355,Late Delivery,4,604.76
3723,20230415,256,Changed Mind,2,216.54
3724,20250417,724,Changed Mind,3,625.92
3725,20231211,208,Defective/Not Working,1,194.43
3726,20230127,87,Defective/Not Working,4,816.6
3727,20230210,776,Not as Described,1,93.65
3728,20230222,733,Defective/Not Working,2,436.6
3729,20240628,369,Wrong Item Sent,2,196.22
3730,20250820,531,Not as Described,3,56.16
3731,20250118,639,Defective/Not Working,4,835.92
3732,20251110,654,Defective/Not Working,2,447.34
3733,20230613,739,No Longer Needed,3,746.16
3734,20260319,763,Better Price Found,3,1045.08
3735,20260416,392,Defective/Not Working,3,446.58
3736,20250503,563,Defective/Not Working,2,82.28
3737,20240829,522,Changed Mind,4,416.56
3738,20250219,216,Late Delivery,2,673.08
3739,20230216,138,Defective/Not Working,3,861.21
3740,20240522,375,Changed Mind,4,184.64
3741,20230317,357,Late Delivery,4,136.2
3742,20251107,244,Defective/Not Working,4,1430.44
3743,20240709,654,Late Delivery,3,671.01
3744,20251219,472,Defective/Not Working,1,30.87
3745,20260314,696,Better Price Found,4,724.76
3746,20230102,519,Defective/Not Working,2,108.28
3747,20231206,137,Late Delivery,3,53.82
3748,20231108,738,Not as Described,2,447.7
3749,20231231,519,Changed Mind,2,108.28
3750,20250918,738,Better Price Found,4,895.4
3751,20250919,575,Not as Described,1,196.28
3752,20231119,248,Wrong Item Sent,2,459.56
3753,20240528,233,Better Price Found,2,293.64
3754,20230414,376,Not as Described,2,537.0
3755,20230105,678,Late Delivery,1,133.31
3756,20251023,164,Wrong Item Sent,2,824.92
3757,20260121,463,Late Delivery,1,203.4
3758,20250529,600,Better Price Found,3,199.62
3759,20250707,317,Changed Mind,4,1004.08
3760,20230805,182,No Longer Needed,3,484.29
3761,20230215,637,Better Price Found,3,220.08
3762,20230706,276,Changed Mind,1,66.7
3763,20230313,531,No Longer Needed,2,37.44
3764,20240904,354,Changed Mind,4,943.96
3765,20240425,415,Changed Mind,3,251.7
3766,20260510,315,No Longer Needed,2,592.42
3767,20240903,167,Changed Mind,2,472.1
3768,20240606,231,Wrong Item Sent,3,571.17
3769,20251106,489,Late Delivery,4,1034.84
3770,20250531,507,Changed Mind,4,1065.12
3771,20250521,441,Late Delivery,4,1338.88
3772,20250828,800,Defective/Not Working,1,138.76
3773,20231110,548,No Longer Needed,2,420.98
3774,20240507,137,Changed Mind,3,53.82
3775,20240314,424,Changed Mind,2,329.88
3776,20250428,85,Changed Mind,4,211.72
3777,20251010,754,Changed Mind,1,408.58
3778,20230314,341,Changed Mind,3,161.46
3779,20251115,107,Defective/Not Working,3,277.29
3780,20250202,763,No Longer Needed,4,1393.44
3781,20240731,137,Not as Described,1,17.94
3782,20250305,571,Defective/Not Working,1,319.71
3783,20240125,560,No Longer Needed,2,80.44
3784,20231110,417,Defective/Not Working,2,486.7
3785,20251227,138,Late Delivery,2,574.14
3786,20230429,409,Not as Described,3,659.46
3787,20241006,549,Not as Described,4,467.96
3788,20231123,470,Defective/Not Working,3,558.69
3789,20250306,73,Defective/Not Working,4,877.88
3790,20240601,372,Defective/Not Working,2,23.88
3791,20250211,420,Changed Mind,3,368.34
3792,20250401,170,Not as Described,4,1346.64
3793,20230111,222,Defective/Not Working,1,199.12
3794,20260623,180,Defective/Not Working,3,75.18
3795,20250922,62,Changed Mind,4,1709.4
3796,20240405,556,Not as Described,3,1021.02
3797,20250923,615,Late Delivery,4,431.48
3798,20240616,392,Changed Mind,1,148.86
3799,20260321,157,Not as Described,3,51.33
3800,20240506,530,Wrong Item Sent,2,478.04
3801,20250603,126,Not as Described,4,477.0
3802,20240128,633,No Longer Needed,1,57.66
3803,20230419,563,Changed Mind,3,123.42
3804,20240907,737,Changed Mind,2,464.2
3805,20230606,175,Defective/Not Working,4,1214.28
3806,20250311,529,Defective/Not Working,3,221.88
3807,20260404,706,Late Delivery,3,410.82
3808,20250527,410,Defective/Not Working,2,188.64
3809,20240410,1,Not as Described,4,512.08
3810,20240901,394,Late Delivery,1,159.79
3811,20230525,727,Defective/Not Working,1,29.93
3812,20240228,655,Defective/Not Working,2,141.88
3813,20230115,645,Better Price Found,1,259.57
3814,20241001,389,Not as Described,1,13.99
3815,20250425,507,Changed Mind,2,532.56
3816,20250319,135,No Longer Needed,2,82.62
3817,20240829,413,Wrong Item Sent,2,197.88
3818,20230124,779,Not as Described,2,269.94
3819,20240711,573,Not as Described,1,146.12
3820,20240216,267,Defective/Not Working,2,284.56
3821,20240910,425,Changed Mind,1,155.73
3822,20260421,115,Wrong Item Sent,4,1033.28
3823,20230103,380,Wrong Item Sent,3,718.86
3824,20231213,764,Defective/Not Working,4,152.68
3825,20250801,27,Changed Mind,4,443.92
3826,20250703,624,Defective/Not Working,3,65.01
3827,20250225,115,Late Delivery,2,516.64
3828,20230414,766,Better Price Found,1,210.17
3829,20230428,292,Late Delivery,3,972.33
3830,20230901,540,Changed Mind,3,989.07
3831,20240118,468,Not as Described,4,1417.16
3832,20260429,77,Not as Described,3,656.07
3833,20230820,424,Wrong Item Sent,3,494.82
3834,20260324,349,Defective/Not Working,4,1203.28
3835,20231025,750,Better Price Found,2,45.24
3836,20230824,91,Late Delivery,3,574.62
3837,20230814,697,Late Delivery,4,813.88
3838,20230806,430,Late Delivery,3,290.76
3839,20240927,396,Changed Mind,2,334.74
3840,20230509,372,Late Delivery,3,35.82
3841,20251119,555,Not as Described,2,226.44
3842,20230110,522,Not as Described,1,104.14
3843,20240408,204,Changed Mind,1,137.31
3844,20251225,459,Not as Described,2,83.56
3845,20240731,669,Not as Described,3,768.81
3846,20240424,365,Not as Described,3,893.04
3847,20231114,590,Wrong Item Sent,2,132.48
3848,20240318,186,Not as Described,2,384.04
3849,20240520,304,Not as Described,3,216.0
3850,20230222,717,Defective/Not Working,1,37.49
3851,20250619,181,Wrong Item Sent,3,1025.76
3852,20240822,168,No Longer Needed,1,139.86
3853,20250605,535,Defective/Not Working,1,170.95
3854,20250719,557,Defective/Not Working,1,165.04
3855,20230308,236,Better Price Found,4,1521.32
3856,20250806,633,Defective/Not Working,4,230.64
3857,20240405,279,No Longer Needed,3,890.97
3858,20240409,267,Late Delivery,2,284.56
3859,20240807,271,Better Price Found,2,363.64
3860,20230125,313,Changed Mind,2,290.44
3861,20240702,273,Better Price Found,2,352.62
3862,20230421,425,Wrong Item Sent,3,467.19
3863,20250309,546,Wrong Item Sent,3,196.08
3864,20230524,266,Changed Mind,4,1039.88
3865,20250311,255,Not as Described,2,634.92
3866,20250903,52,Defective/Not Working,4,84.56
3867,20230722,7,Better Price Found,3,508.29
3868,20260607,148,Wrong Item Sent,3,79.11
3869,20250814,52,Defective/Not Working,3,63.42
3870,20260622,66,No Longer Needed,2,465.14
3871,20230512,538,Changed Mind,1,86.46
3872,20240127,338,Wrong Item Sent,2,428.76
3873,20231005,369,Defective/Not Working,1,98.11
3874,20230809,507,Wrong Item Sent,4,1065.12
3875,20231207,762,Defective/Not Working,1,278.35
3876,20260303,279,Not as Described,3,890.97
3877,20240519,787,Wrong Item Sent,3,667.77
3878,20250810,127,Defective/Not Working,1,264.28
3879,20240802,360,Late Delivery,2,292.46
3880,20241207,90,Late Delivery,3,685.38
3881,20240101,520,Not as Described,3,1085.07
3882,20240803,531,Wrong Item Sent,2,37.44
3883,20240625,79,Wrong Item Sent,2,506.36
3884,20250329,443,Not as Described,3,1128.69
3885,20260329,104,Wrong Item Sent,2,317.02
3886,20241104,718,Changed Mind,4,864.08
3887,20240303,148,Not as Described,4,105.48
3888,20250517,617,Late Delivery,2,201.7
3889,20250415,418,Defective/Not Working,3,707.7
3890,20241013,166,Not as Described,1,277.57
3891,20230116,386,Not as Described,3,552.51
3892,20250717,454,Changed Mind,3,970.8
3893,20260213,652,Changed Mind,4,659.0
3894,20250729,234,Defective/Not Working,3,956.7
3895,20241025,275,Changed Mind,2,69.94
3896,20241129,533,Late Delivery,4,678.44
3897,20230302,386,Defective/Not Working,1,184.17
3898,20230528,577,Defective/Not Working,4,1170.76
3899,20240719,415,Defective/Not Working,4,335.6
3900,20250122,245,No Longer Needed,4,517.8
3901,20250807,471,Not as Described,1,34.5
3902,20260526,68,Not as Described,3,53.52
3903,20250726,184,Late Delivery,3,917.79
3904,20240802,228,Wrong Item Sent,4,844.28
3905,20250811,591,Late Delivery,2,227.46
3906,20260629,320,Not as Described,1,204.9
3907,20250302,657,Not as Described,1,207.96
3908,20260322,554,Changed Mind,1,59.83
3909,20251105,716,Late Delivery,2,195.24
3910,20240707,179,Defective/Not Working,1,40.39
3911,20250415,132,Not as Described,4,464.72
3912,20231105,326,Changed Mind,1,267.52
3913,20240403,8,Wrong Item Sent,2,422.64
3914,20250225,685,Defective/Not Working,2,283.3
3915,20241018,38,No Longer Needed,3,110.01
3916,20240613,683,Better Price Found,4,1706.68
3917,20251124,501,Not as Described,3,501.84
3918,20230418,597,Defective/Not Working,1,11.11
3919,20230706,377,Wrong Item Sent,2,454.04
3920,20250416,86,Late Delivery,3,35.97
3921,20240306,494,Wrong Item Sent,3,1141.5
3922,20240819,247,No Longer Needed,2,232.22
3923,20251006,87,No Longer Needed,3,612.45
3924,20230730,255,Better Price Found,3,952.38
3925,20250409,131,Wrong Item Sent,2,49.08
3926,20251229,104,Late Delivery,4,634.04
3927,20230404,436,Late Delivery,2,626.78
3928,20250926,612,Not as Described,4,978.96
3929,20230409,263,Late Delivery,1,87.43
3930,20250511,285,Defective/Not Working,2,409.78
3931,20250415,534,Defective/Not Working,3,335.31
3932,20250826,22,Defective/Not Working,3,316.38
3933,20231215,150,Better Price Found,1,107.86
3934,20251123,456,Defective/Not Working,1,219.24
3935,20251108,196,Wrong Item Sent,1,79.66
3936,20250610,511,Not as Described,4,458.8
3937,20250220,132,Wrong Item Sent,4,464.72
3938,20250830,4,Better Price Found,4,1118.16
3939,20230305,173,Changed Mind,2,705.58
3940,20230211,798,Not as Described,3,391.89
3941,20231202,788,Changed Mind,4,673.4
3942,20230109,575,Not as Described,4,785.12
3943,20250210,539,Better Price Found,3,863.73
3944,20250830,399,Defective/Not Working,2,104.54
3945,20230419,669,Defective/Not Working,3,768.81
3946,20241002,437,Changed Mind,1,95.28
3947,20250401,669,Not as Described,4,1025.08
3948,20240804,535,No Longer Needed,3,512.85
3949,20250725,390,Not as Described,4,1039.4
3950,20231111,767,Not as Described,4,119.92
3951,20240303,601,No Longer Needed,4,69.96
3952,20231030,559,Better Price Found,1,55.12
3953,20240609,772,Wrong Item Sent,1,272.89
3954,20251223,559,Wrong Item Sent,4,220.48
3955,20260525,17,Defective/Not Working,4,924.8
3956,20231120,785,Changed Mind,3,816.6
3957,20231026,145,Defective/Not Working,3,666.63
3958,20230820,143,Defective/Not Working,4,1103.48
3959,20260502,142,Not as Described,2,517.88
3960,20241222,326,Not as Described,1,267.52
3961,20250923,800,Late Delivery,4,555.04
3962,20240312,770,Changed Mind,3,276.9
3963,20230331,584,Defective/Not Working,4,1213.8
3964,20240824,57,Changed Mind,3,62.07
3965,20230904,133,Better Price Found,4,630.56
3966,20240107,64,No Longer Needed,4,955.36
3967,20250203,559,Not as Described,4,220.48
3968,20241203,142,Wrong Item Sent,2,517.88
3969,20230314,141,Not as Described,4,896.36
3970,20230627,141,Defective/Not Working,2,448.18
3971,20230429,389,Wrong Item Sent,1,13.99
3972,20250316,518,Not as Described,1,38.63
3973,20240319,17,No Longer Needed,1,231.2
3974,20241016,431,Not as Described,4,108.76
3975,20250228,67,Better Price Found,3,661.65
3976,20250316,777,Defective/Not Working,3,349.53
3977,20251108,316,Late Delivery,1,244.0
3978,20230312,469,Defective/Not Working,3,484.11
3979,20230119,147,Defective/Not Working,3,161.94
3980,20231128,48,Late Delivery,1,76.9
3981,20250712,778,Changed Mind,3,746.04
3982,20250614,117,Defective/Not Working,2,133.02
3983,20260405,294,Changed Mind,4,1457.36
3984,20231220,464,No Longer Needed,3,670.08
3985,20250214,365,Not as Described,1,297.68
3986,20240124,604,Changed Mind,2,209.96
3987,20250505,601,Defective/Not Working,1,17.49
3988,20240117,440,Better Price Found,1,113.85
3989,20231007,678,Wrong Item Sent,4,533.24
3990,20240328,498,Defective/Not Working,3,928.5
3991,20260228,220,Not as Described,3,802.35
3992,20260406,800,Changed Mind,4,555.04
3993,20250327,529,Defective/Not Working,2,147.92
3994,20260502,503,Defective/Not Working,4,1272.08
3995,20250122,775,Defective/Not Working,2,386.7
3996,20231010,127,Changed Mind,2,528.56
3997,20260227,399,Changed Mind,2,104.54
3998,20240805,664,Defective/Not Working,2,58.14
3999,20240221,398,Changed Mind,1,70.82
4000,20241118,650,Defective/Not Working,1,142.56
4001,20230614,584,Changed Mind,1,303.45
4002,20230419,758,Defective/Not Working,4,1394.0
4003,20240202,459,Late Delivery,3,125.34
4004,20260121,229,No Longer Needed,2,337.38
4005,20250125,389,Better Price Found,2,27.98
4006,20250705,751,Late Delivery,3,296.58
4007,20250731,20,Not as Described,2,109.96
4008,20260203,164,Not as Described,1,412.46
4009,20230729,135,Late Delivery,3,123.93
4010,20251029,662,Late Delivery,1,142.93
4011,20240929,673,Better Price Found,4,1695.96
4012,20250225,200,Defective/Not Working,2,490.46
4013,20250723,500,Changed Mind,4,1578.48
4014,20240114,346,Changed Mind,3,839.52
4015,20230805,521,Not as Described,1,260.98
4016,20230131,556,No Longer Needed,3,1021.02
4017,20230803,249,Better Price Found,4,148.28
4018,20240904,384,Better Price Found,4,209.96
4019,20240816,214,Changed Mind,3,928.17
4020,20230505,100,Defective/Not Working,2,127.42
4021,20230730,406,No Longer Needed,2,353.28
4022,20251119,226,Not as Described,4,1002.6
4023,20250903,659,No Longer Needed,1,165.56
4024,20230817,110,Wrong Item Sent,2,569.9
4025,20251101,584,Changed Mind,4,1213.8
4026,20230807,314,Defective/Not Working,1,241.0
4027,20240221,636,Not as Described,1,140.04
4028,20230922,777,Better Price Found,3,349.53
4029,20231115,350,Defective/Not Working,1,195.28
4030,20250410,704,No Longer Needed,1,18.97
4031,20240705,64,Changed Mind,3,716.52
4032,20240424,13,No Longer Needed,3,293.55
4033,20230812,669,Defective/Not Working,2,512.54
4034,20241008,386,Changed Mind,2,368.34
4035,20250706,231,Not as Described,4,761.56
4036,20251230,208,No Longer Needed,1,194.43
4037,20250824,429,Changed Mind,4,780.84
4038,20240918,218,Changed Mind,4,774.76
4039,20250216,325,No Longer Needed,3,671.49
4040,20260107,457,Not as Described,3,181.41
4041,20230516,48,Wrong Item Sent,4,307.6
4042,20250603,161,Not as Described,2,405.04
4043,20250320,585,Changed Mind,2,326.52
4044,20250706,179,Changed Mind,4,161.56
4045,20260404,734,Defective/Not Working,3,109.53
4046,20241111,440,Late Delivery,3,341.55
4047,20250126,716,Defective/Not Working,4,390.48
4048,20260527,735,Not as Described,1,122.01
4049,20230909,652,Not as Described,1,164.75
4050,20260117,47,Not as Described,3,677.82
4051,20240229,60,Wrong Item Sent,4,278.44
4052,20230528,97,Late Delivery,1,301.78
4053,20260326,301,Defective/Not Working,1,241.8
4054,20230805,625,Defective/Not Working,3,1225.29
4055,20251105,22,Changed Mind,2,210.92
4056,20251229,189,Changed Mind,2,411.08
4057,20240412,430,Defective/Not Working,4,387.68
4058,20251218,283,Late Delivery,2,547.5
4059,20250218,545,Wrong Item Sent,3,73.53
4060,20230502,318,Late Delivery,3,123.27
4061,20250802,449,Defective/Not Working,3,67.83
4062,20240615,205,Defective/Not Working,1,82.38
4063,20260613,379,Not as Described,3,918.78
4064,20230505,196,Defective/Not Working,3,238.98
4065,20231111,456,Defective/Not Working,3,657.72
4066,20231109,763,Late Delivery,4,1393.44
4067,20230218,362,Changed Mind,3,1028.1
4068,20231207,357,Late Delivery,4,136.2
4069,20251108,790,Defective/Not Working,1,117.22
4070,20250108,639,Not as Described,3,626.94
4071,20230216,448,Changed Mind,1,28.11
4072,20231218,222,No Longer Needed,4,796.48
4073,20250810,752,Better Price Found,2,167.08
4074,20230920,587,Not as Described,2,547.36
4075,20250606,346,Wrong Item Sent,1,279.84
4076,20250123,601,No Longer Needed,4,69.96
4077,20260401,14,Wrong Item Sent,1,109.54
4078,20251006,778,Changed Mind,3,746.04
4079,20250224,164,Changed Mind,1,412.46
4080,20260317,224,Changed Mind,1,205.12
4081,20251125,38,Not as Described,1,36.67
4082,20260521,247,Changed Mind,2,232.22
4083,20231102,398,Changed Mind,4,283.28
4084,20250301,321,Defective/Not Working,2,761.74
4085,20240207,717,Defective/Not Working,3,112.47
4086,20250916,713,No Longer Needed,3,975.0
4087,20240914,67,Changed Mind,4,882.2
4088,20260131,655,Defective/Not Working,2,141.88
4089,20240817,560,Not as Described,1,40.22
4090,20240713,423,Better Price Found,1,26.19
4091,20250412,349,No Longer Needed,2,601.64
4092,20230604,164,Not as Described,4,1649.84
4093,20241031,422,Late Delivery,1,51.31
4094,20240911,730,Not as Described,2,436.74
4095,20230519,177,Defective/Not Working,2,145.16
4096,20250324,477,Late Delivery,3,760.32
4097,20241201,462,Better Price Found,4,882.48
4098,20251211,615,Changed Mind,3,323.61
4099,20250402,430,Changed Mind,1,96.92
4100,20240821,375,Defective/Not Working,4,184.64
4101,20260105,759,Wrong Item Sent,3,684.24
4102,20260429,516,Better Price Found,2,152.0
4103,20231203,194,Changed Mind,2,629.12
4104,20241129,320,Defective/Not Working,3,614.7
4105,20230505,190,Not as Described,2,92.08
4106,20250731,205,Wrong Item Sent,4,329.52
4107,20231011,288,Not as Described,4,117.04
4108,20250618,785,Wrong Item Sent,2,544.4
4109,20250827,143,Defective/Not Working,3,827.61
4110,20260223,776,No Longer Needed,3,280.95
4111,20240525,178,Late Delivery,3,724.11
4112,20231029,10,Late Delivery,1,52.67
4113,20241029,146,Not as Described,2,376.06
4114,20230202,34,Not as Described,2,437.34
4115,20230108,411,Defective/Not Working,4,259.24
4116,20250109,278,Wrong Item Sent,1,255.97
4117,20250124,653,Better Price Found,2,420.1
4118,20250507,381,Changed Mind,3,826.47
4119,20260224,767,Better Price Found,4,119.92
4120,20230202,414,Changed Mind,3,589.62
4121,20250323,64,Defective/Not Working,4,955.36
4122,20230417,513,No Longer Needed,4,1020.92
4123,20250721,436,Defective/Not Working,2,626.78
4124,20230311,337,Defective/Not Working,3,854.34
4125,20231012,547,No Longer Needed,1,393.46
4126,20230722,77,Not as Described,3,656.07
4127,20250507,424,Not as Described,3,494.82
4128,20260212,680,Changed Mind,4,1089.72
4129,20230801,777,Better Price Found,3,349.53
4130,20260604,584,Defective/Not Working,2,606.9
4131,20231212,759,Defective/Not Working,4,912.32
4132,20260429,244,Not as Described,3,1072.83
4133,20240412,713,Changed Mind,1,325.0
4134,20230412,672,Changed Mind,1,106.54
4135,20240323,480,Not as Described,1,425.68
4136,20231002,723,Better Price Found,2,785.8
4137,20240414,26,Not as Described,2,718.42
4138,20230411,499,No Longer Needed,3,785.25
4139,20240701,337,Defective/Not Working,4,1139.12
4140,20260416,530,Not as Described,2,478.04
4141,20250917,799,Late Delivery,4,689.4
4142,20251218,308,Late Delivery,4,1109.4
4143,20251025,659,Defective/Not Working,4,662.24
4144,20260401,255,Not as Described,2,634.92
4145,20250207,50,Changed Mind,3,761.01
4146,20250329,769,No Longer Needed,1,93.19
4147,20260208,660,Defective/Not Working,3,34.26
4148,20240515,663,Not as Described,3,914.49
4149,20251207,342,Changed Mind,2,204.94
4150,20230319,272,Not as Described,2,132.18
4151,20260509,268,Defective/Not Working,3,226.44
4152,20230707,199,Changed Mind,2,254.36
4153,20230814,445,Changed Mind,2,472.36
4154,20230115,235,Better Price Found,2,703.6
4155,20230402,252,No Longer Needed,1,26.05
4156,20231112,33,Not as Described,2,295.36
4157,20230113,116,Wrong Item Sent,2,68.72
4158,20240706,628,No Longer Needed,1,117.7
4159,20260627,66,Wrong Item Sent,3,697.71
4160,20250612,388,Not as Described,2,418.34
4161,20230610,648,Changed Mind,4,135.56
4162,20250730,675,Late Delivery,2,621.44
4163,20230423,181,Changed Mind,1,341.92
4164,20260308,612,No Longer Needed,4,978.96
4165,20240206,233,Changed Mind,1,146.82
4166,20230511,695,Not as Described,2,439.08
4167,20260222,333,Late Delivery,3,947.4
4168,20230317,548,Better Price Found,3,631.47
4169,20241005,133,Changed Mind,2,315.28
4170,20251227,663,Late Delivery,2,609.66
4171,20240821,529,Defective/Not Working,3,221.88
4172,20250316,668,Not as Described,3,362.1
4173,20240131,454,Defective/Not Working,4,1294.4
4174,20260131,458,Changed Mind,1,116.37
4175,20260417,381,Defective/Not Working,2,550.98
4176,20260305,569,Late Delivery,4,1275.44
4177,20241114,97,Changed Mind,4,1207.12
4178,20230205,137,Changed Mind,4,71.76
4179,20251001,506,Not as Described,1,49.38
4180,20260123,441,Not as Described,2,669.44
4181,20240126,77,Defective/Not Working,1,218.69
4182,20250315,402,Not as Described,1,21.66
4183,20230622,779,Late Delivery,2,269.94
4184,20251130,470,Changed Mind,1,186.23
4185,20230208,308,Wrong Item Sent,2,554.7
4186,20250831,766,No Longer Needed,1,210.17
4187,20250701,340,Better Price Found,4,1027.88
4188,20250716,80,Not as Described,2,475.96
4189,20230731,6,Not as Described,1,195.36
4190,20250816,477,Wrong Item Sent,2,506.88
4191,20231018,423,Not as Described,4,104.76
4192,20230612,745,Defective/Not Working,4,861.2
4193,20241229,637,Better Price Found,4,293.44
4194,20240919,95,Changed Mind,3,229.29
4195,20260111,659,Defective/Not Working,1,165.56
4196,20250430,124,Changed Mind,3,33.84
4197,20240709,357,Changed Mind,1,34.05
4198,20250614,750,Changed Mind,2,45.24
4199,20250810,352,Wrong Item Sent,1,272.28
4200,20241227,787,Defective/Not Working,4,890.36
4201,20250927,654,Wrong Item Sent,1,223.67
4202,20260124,107,Changed Mind,2,184.86
4203,20260128,134,Wrong Item Sent,3,898.83
4204,20240408,660,No Longer Needed,3,34.26
4205,20250811,364,Defective/Not Working,1,58.02
4206,20240328,236,Defective/Not Working,1,380.33
4207,20241118,321,Not as Described,4,1523.48
4208,20260623,520,Changed Mind,4,1446.76
4209,20250502,232,Changed Mind,3,851.37
4210,20260324,357,No Longer Needed,3,102.15
4211,20250518,129,Changed Mind,1,285.77
4212,20250307,43,No Longer Needed,3,409.95
4213,20230127,516,Not as Described,3,228.0
4214,20251013,355,Defective/Not Working,1,151.19
4215,20230122,782,Not as Described,4,412.0
4216,20240414,426,Defective/Not Working,2,165.12
4217,20240111,184,No Longer Needed,2,611.86
4218,20250607,291,Better Price Found,1,178.18
4219,20240613,723,Better Price Found,4,1571.6
4220,20260314,766,Not as Described,3,630.51
4221,20260502,746,Not as Described,1,393.87
4222,20231006,132,Defective/Not Working,4,464.72
4223,20240115,603,Defective/Not Working,4,913.36
4224,20240322,449,Better Price Found,3,67.83
4225,20251023,288,Wrong Item Sent,3,87.78
4226,20241009,58,Not as Described,1,31.75
4227,20251031,733,Wrong Item Sent,2,436.6
4228,20240610,134,Not as Described,1,299.61
4229,20230129,89,No Longer Needed,3,251.73
4230,20230522,663,Defective/Not Working,1,304.83
4231,20251225,98,Defective/Not Working,4,1264.2
4232,20230712,470,Changed Mind,3,558.69
4233,20260530,564,Changed Mind,1,142.88
4234,20240129,519,Better Price Found,4,216.56
4235,20241114,594,Late Delivery,1,93.21
4236,20250224,8,Changed Mind,3,633.96
4237,20260224,429,Changed Mind,3,585.63
4238,20250809,139,Late Delivery,4,1531.56
4239,20240308,153,Better Price Found,3,269.97
4240,20260325,295,Changed Mind,4,869.16
4241,20250919,621,Not as Described,4,952.84
4242,20250311,529,Late Delivery,2,147.92
4243,20250514,721,Not as Described,1,249.16
4244,20260429,117,Not as Described,1,66.51
4245,20230909,278,No Longer Needed,4,1023.88
4246,20230503,605,Changed Mind,2,323.0
4247,20251207,519,Not as Described,3,162.42
4248,20240103,403,Defective/Not Working,3,631.62
4249,20231222,395,Defective/Not Working,3,1141.17
4250,20260413,268,No Longer Needed,3,226.44
4251,20231226,745,Late Delivery,2,430.6
4252,20260201,68,No Longer Needed,4,71.36
4253,20240729,401,Not as Described,2,377.94
4254,20241228,102,Not as Described,1,258.72
4255,20231014,463,Not as Described,4,813.6
4256,20260120,746,Wrong Item Sent,1,393.87
4257,20231102,46,Better Price Found,1,338.48
4258,20230517,662,Changed Mind,1,142.93
4259,20250331,68,Wrong Item Sent,1,17.84
4260,20260302,683,Late Delivery,1,426.67
4261,20240421,716,Changed Mind,4,390.48
4262,20240821,738,Changed Mind,1,223.85
4263,20231030,106,Wrong Item Sent,1,80.14
4264,20250228,307,Defective/Not Working,3,391.62
4265,20240211,5,Changed Mind,3,489.6
4266,20230113,267,Defective/Not Working,2,284.56
4267,20241226,783,Late Delivery,3,762.03
4268,20231013,38,No Longer Needed,1,36.67
4269,20231031,7,No Longer Needed,4,677.72
4270,20251015,395,Late Delivery,3,1141.17
4271,20250625,478,Not as Described,4,1091.84
4272,20230123,435,No Longer Needed,2,454.8
4273,20251121,369,Not as Described,3,294.33
4274,20260526,207,Not as Described,4,1549.28
4275,20230919,80,Wrong Item Sent,2,475.96
4276,20251102,329,Wrong Item Sent,1,269.12
4277,20230514,56,Better Price Found,3,798.06
4278,20250324,712,Not as Described,3,353.97
4279,20240808,312,No Longer Needed,4,822.24
4280,20241214,650,Changed Mind,4,570.24
4281,20250720,554,Not as Described,2,119.66
4282,20240310,162,Defective/Not Working,2,87.22
4283,20240622,645,Defective/Not Working,3,778.71
4284,20250228,455,Changed Mind,4,139.68
4285,20251010,634,Changed Mind,2,264.2
4286,20240729,320,Changed Mind,4,819.6
4287,20240107,583,No Longer Needed,1,182.74
4288,20260519,608,Wrong Item Sent,2,206.32
4289,20240227,110,Better Price Found,3,854.85
4290,20251110,200,Wrong Item Sent,4,980.92
4291,20230705,666,Not as Described,4,886.2
4292,20230730,200,Changed Mind,1,245.23
4293,20231024,326,Wrong Item Sent,3,802.56
4294,20251128,177,Late Delivery,4,290.32
4295,20260201,336,Better Price Found,2,732.52
4296,20231201,204,Defective/Not Working,4,549.24
4297,20260309,71,Changed Mind,2,162.9
4298,20260219,609,Not as Described,1,249.15
4299,20230530,51,No Longer Needed,4,321.6
4300,20231220,428,Better Price Found,2,778.88
4301,20250221,502,Not as Described,4,1434.56
4302,20251018,620,Wrong Item Sent,3,424.92
4303,20230404,563,Not as Described,4,164.56
4304,20240912,241,Changed Mind,1,311.53
4305,20251026,275,Defective/Not Working,1,34.97
4306,20260115,651,Changed Mind,2,136.56
4307,20240807,133,Late Delivery,4,630.56
4308,20250601,153,Defective/Not Working,4,359.96
4309,20250317,394,Better Price Found,2,319.58
4310,20240912,52,Late Delivery,1,21.14
4311,20251016,673,Late Delivery,1,423.99
4312,20250505,148,Wrong Item Sent,2,52.74
4313,20250423,403,Not as Described,3,631.62
4314,20250908,124,Changed Mind,1,11.28
4315,20260308,513,Not as Described,4,1020.92
4316,20230303,714,Better Price Found,3,89.79
4317,20230526,364,Wrong Item Sent,4,232.08
4318,20260403,354,Not as Described,4,943.96
4319,20241216,786,Defective/Not Working,4,509.68
4320,20250730,109,No Longer Needed,1,374.56
4321,20240430,25,Not as Described,2,100.64
4322,20240921,542,Better Price Found,3,355.44
4323,20241009,611,Late Delivery,1,119.6
4324,20250708,482,Late Delivery,4,297.08
4325,20251002,628,Changed Mind,4,470.8
4326,20260402,194,Not as Described,4,1258.24
4327,20240131,763,Wrong Item Sent,2,696.72
4328,20240705,677,Changed Mind,1,101.31
4329,20250605,347,Defective/Not Working,1,58.66
4330,20240321,339,No Longer Needed,1,147.7
4331,20231026,416,Changed Mind,1,128.68
4332,20230203,725,Changed Mind,1,378.22
4333,20250606,78,Late Delivery,2,294.0
4334,20230515,19,Changed Mind,4,1009.44
4335,20240714,142,No Longer Needed,3,776.82
4336,20251205,108,Wrong Item Sent,2,48.98
4337,20240531,130,Changed Mind,3,325.32
4338,20260331,229,Changed Mind,3,506.07
4339,20250722,43,Defective/Not Working,3,409.95
4340,20241230,790,Defective/Not Working,3,351.66
4341,20250531,425,Late Delivery,1,155.73
4342,20230219,305,Better Price Found,1,183.32
4343,20250913,619,Changed Mind,1,96.72
4344,20250905,379,Defective/Not Working,2,612.52
4345,20241026,254,Not as Described,1,91.01
4346,20240902,185,Defective/Not Working,2,276.48
4347,20250818,107,Changed Mind,2,184.86
4348,20250411,479,Defective/Not Working,3,759.81
4349,20240715,378,Not as Described,2,521.14
4350,20230702,218,Defective/Not Working,2,387.38
4351,20240403,748,Defective/Not Working,3,724.41
4352,20241010,619,Changed Mind,2,193.44
4353,20240711,233,Wrong Item Sent,1,146.82
4354,20231029,311,Not as Described,4,1442.0
4355,20231127,361,Better Price Found,2,436.82
4356,20250119,440,Better Price Found,3,341.55
4357,20230914,104,Changed Mind,1,158.51
4358,20241002,627,Wrong Item Sent,1,323.38
4359,20240430,105,No Longer Needed,3,1140.57
4360,20260223,551,Not as Described,4,159.0
4361,20230821,419,Wrong Item Sent,3,597.78
4362,20230303,726,Defective/Not Working,2,549.7
4363,20251023,689,Not as Described,3,307.86
4364,20230506,622,No Longer Needed,3,291.57
4365,20230305,502,Defective/Not Working,2,717.28
4366,20250808,418,Wrong Item Sent,3,707.7
4367,20230125,316,Better Price Found,4,976.0
4368,20240911,542,Defective/Not Working,4,473.92
4369,20230715,664,Better Price Found,2,58.14
4370,20250629,625,Not as Described,4,1633.72
4371,20240331,69,Defective/Not Working,3,605.04
4372,20240726,612,Changed Mind,4,978.96
4373,20230313,71,Not as Described,2,162.9
4374,20260613,545,Not as Described,1,24.51
4375,20240222,772,No Longer Needed,4,1091.56
4376,20260221,25,Defective/Not Working,4,201.28
4377,20230301,782,Changed Mind,4,412.0
4378,20240202,710,Late Delivery,2,104.28
4379,20240511,520,Not as Described,1,361.69
4380,20230309,495,Defective/Not Working,2,42.46
4381,20250517,622,No Longer Needed,2,194.38
4382,20240512,89,Defective/Not Working,2,167.82
4383,20240201,226,No Longer Needed,4,1002.6
4384,20260405,505,Not as Described,1,143.55
4385,20250419,571,Defective/Not Working,2,639.42
4386,20250706,778,Defective/Not Working,4,994.72
4387,20240109,300,Late Delivery,4,376.8
4388,20251021,772,Changed Mind,2,545.78
4389,20260101,192,Wrong Item Sent,4,569.12
4390,20250422,269,No Longer Needed,1,15.66
4391,20250619,191,Not as Described,1,330.51
4392,20240121,115,Changed Mind,4,1033.28
4393,20231118,562,Changed Mind,4,755.08
4394,20241026,237,Late Delivery,2,678.9
4395,20230624,188,Wrong Item Sent,1,276.5
4396,20251219,292,Defective/Not Working,1,324.11
4397,20250325,90,Wrong Item Sent,1,228.46
4398,20250625,704,Not as Described,4,75.88
4399,20260123,479,Better Price Found,2,506.54
4400,20240717,209,Defective/Not Working,1,254.65
4401,20260425,372,Changed Mind,4,47.76
4402,20250719,660,Not as Described,3,34.26
4403,20250925,208,Wrong Item Sent,4,777.72
4404,20260425,620,Not as Described,3,424.92
4405,20231120,112,Wrong Item Sent,3,998.07
4406,20260604,729,Not as Described,1,357.03
4407,20230319,296,Defective/Not Working,1,86.09
4408,20250211,789,Changed Mind,1,412.97
4409,20230701,686,Not as Described,3,581.13
4410,20250605,267,Changed Mind,2,284.56
4411,20250924,58,Late Delivery,1,31.75
4412,20240413,91,Changed Mind,4,766.16
4413,20260607,351,Not as Described,1,348.89
4414,20240707,38,Changed Mind,3,110.01
4415,20250331,424,Defective/Not Working,4,659.76
4416,20230520,518,Changed Mind,3,115.89
4417,20241001,272,Not as Described,2,132.18
4418,20251119,253,Not as Described,4,1747.28
4419,20230613,405,No Longer Needed,2,469.92
4420,20230509,189,Not as Described,1,205.54
4421,20241207,534,Changed Mind,2,223.54
4422,20240730,467,No Longer Needed,1,166.44
4423,20230216,742,Changed Mind,3,667.98
4424,20240208,103,Defective/Not Working,4,677.6
4425,20250607,409,Defective/Not Working,4,879.28
4426,20230709,67,Late Delivery,1,220.55
4427,20250829,161,No Longer Needed,4,810.08
4428,20240519,54,Defective/Not Working,4,532.8
4429,20260216,407,Wrong Item Sent,1,187.73
4430,20241202,35,Wrong Item Sent,4,64.88
4431,20240503,423,Wrong Item Sent,1,26.19
4432,20260529,786,Defective/Not Working,4,509.68
4433,20260430,321,Changed Mind,3,1142.61
4434,20240102,454,Changed Mind,1,323.6
4435,20231007,629,Wrong Item Sent,1,217.61
4436,20230328,495,Changed Mind,3,63.69
4437,20250228,735,Wrong Item Sent,1,122.01
4438,20251111,364,Changed Mind,2,116.04
4439,20230726,520,Changed Mind,1,361.69
4440,20240117,644,Defective/Not Working,4,1762.76
4441,20240103,369,Late Delivery,2,196.22
4442,20240921,329,Late Delivery,4,1076.48
4443,20240614,592,Late Delivery,3,536.13
4444,20240708,778,Not as Described,4,994.72
4445,20231120,18,Not as Described,3,147.48
4446,20240727,162,Not as Described,4,174.44
4447,20260611,311,Late Delivery,1,360.5
4448,20250921,396,Changed Mind,2,334.74
4449,20241129,733,Defective/Not Working,1,218.3
4450,20230224,151,Not as Described,2,905.64
4451,20240408,123,Not as Described,1,122.98
4452,20230829,550,Not as Described,2,406.34
4453,20250722,571,Changed Mind,1,319.71
4454,20240612,491,Wrong Item Sent,1,168.23
4455,20240825,684,Defective/Not Working,4,580.8
4456,20240707,412,Defective/Not Working,1,57.85
4457,20250515,314,Late Delivery,2,482.0
4458,20260512,342,Changed Mind,3,307.41
4459,20231106,307,No Longer Needed,2,261.08
4460,20250715,515,Wrong Item Sent,4,511.64
4461,20230718,291,Defective/Not Working,3,534.54
4462,20250529,472,Wrong Item Sent,3,92.61
4463,20240219,64,Not as Described,2,477.68
4464,20260519,201,Wrong Item Sent,3,536.67
4465,20240821,723,Wrong Item Sent,4,1571.6
4466,20230124,430,Defective/Not Working,2,193.84
4467,20230522,697,Changed Mind,2,406.94
4468,20241204,148,No Longer Needed,2,52.74
4469,20240410,669,Changed Mind,4,1025.08
4470,20230708,673,Defective/Not Working,3,1271.97
4471,20230723,195,Changed Mind,2,450.46
4472,20230217,35,Defective/Not Working,1,16.22
4473,20240212,234,Late Delivery,1,318.9
4474,20231125,150,Changed Mind,1,107.86
4475,20230429,250,Late Delivery,4,894.48
4476,20230623,542,Defective/Not Working,3,355.44
4477,20241005,373,Defective/Not Working,3,720.51
4478,20241215,328,Defective/Not Working,3,233.43
4479,20240831,260,Changed Mind,4,1132.8
4480,20260106,328,Defective/Not Working,3,233.43
4481,20231026,638,Changed Mind,3,106.53
4482,20241010,150,Defective/Not Working,1,107.86
4483,20230306,31,Not as Described,1,281.2
4484,20230128,289,Not as Described,2,106.1
4485,20230402,584,Late Delivery,3,910.35
4486,20251001,47,Defective/Not Working,2,451.88
4487,20250422,281,Defective/Not Working,2,506.96
4488,20231223,580,Not as Described,2,565.02
4489,20240210,486,Late Delivery,1,204.27
4490,20250617,536,Late Delivery,4,928.6
4491,20230914,337,Defective/Not Working,1,284.78
4492,20260309,245,No Longer Needed,3,388.35
4493,20260107,39,Late Delivery,2,170.12
4494,20231019,629,Changed Mind,1,217.61
4495,20230116,582,Changed Mind,4,1676.76
4496,20240501,773,Defective/Not Working,2,97.78
4497,20241003,590,Wrong Item Sent,3,198.72
4498,20240424,190,Late Delivery,4,184.16
4499,20240814,648,Not as Described,2,67.78
4500,20230827,486,Changed Mind,3,612.81
4501,20230228,80,Defective/Not Working,2,475.96
4502,20251218,370,Changed Mind,4,1052.72
4503,20230807,13,Defective/Not Working,2,195.7
4504,20231101,94,Not as Described,4,47.16
4505,20241227,493,Late Delivery,3,274.32
4506,20260104,685,Wrong Item Sent,1,141.65
4507,20240303,520,Better Price Found,2,723.38
4508,20241206,670,Wrong Item Sent,3,685.8
4509,20250117,555,No Longer Needed,3,339.66
4510,20240728,788,Defective/Not Working,2,336.7
4511,20230114,539,Late Delivery,2,575.82
4512,20231031,89,Wrong Item Sent,4,335.64
4513,20251019,105,Better Price Found,4,1520.76
4514,20240530,582,Not as Described,2,838.38
4515,20241124,253,Not as Described,4,1747.28
4516,20230818,746,Better Price Found,2,787.74
4517,20230712,474,Changed Mind,4,1142.44
4518,20230602,788,Better Price Found,2,336.7
4519,20250823,181,No Longer Needed,1,341.92
4520,20250924,10,Late Delivery,1,52.67
4521,20231117,369,Better Price Found,3,294.33
4522,20260613,33,Defective/Not Working,4,590.72
4523,20240202,122,Wrong Item Sent,1,193.32
4524,20251222,54,Not as Described,4,532.8
4525,20250924,786,Defective/Not Working,2,254.84
4526,20251008,466,Changed Mind,4,1258.64
4527,20230708,592,No Longer Needed,1,178.71
4528,20250516,616,Not as Described,1,278.04
4529,20230731,639,Changed Mind,2,417.96
4530,20260408,471,Defective/Not Working,2,69.0
4531,20251003,336,Defective/Not Working,3,1098.78
4532,20241008,417,Late Delivery,3,730.05
4533,20240610,19,Better Price Found,2,504.72
4534,20230331,421,Better Price Found,1,82.54
4535,20260413,349,No Longer Needed,2,601.64
4536,20230808,484,Not as Described,4,61.64
4537,20251222,162,Wrong Item Sent,2,87.22
4538,20250804,108,Defective/Not Working,4,97.96
4539,20250527,617,Late Delivery,1,100.85
4540,20230616,390,Not as Described,1,259.85
4541,20250818,431,Defective/Not Working,2,54.38
4542,20240101,240,Defective/Not Working,2,97.12
4543,20231102,524,Not as Described,4,523.52
4544,20230402,153,Not as Described,1,89.99
4545,20231215,144,Not as Described,2,499.58
4546,20240607,417,Defective/Not Working,2,486.7
4547,20260121,663,Defective/Not Working,2,609.66
4548,20240727,729,Defective/Not Working,4,1428.12
4549,20230721,35,No Longer Needed,2,32.44
4550,20230817,190,Late Delivery,4,184.16
4551,20230608,45,Defective/Not Working,2,539.48
4552,20250222,453,Changed Mind,1,159.04
4553,20241215,258,Not as Described,4,120.52
4554,20241024,405,Defective/Not Working,3,704.88
4555,20240802,337,Defective/Not Working,4,1139.12
4556,20250611,319,Not as Described,4,1134.04
4557,20231023,111,No Longer Needed,4,1242.36
4558,20260223,777,Late Delivery,2,233.02
4559,20240425,526,Late Delivery,3,53.07
4560,20251221,91,Changed Mind,3,574.62
4561,20230301,454,Not as Described,2,647.2
4562,20250925,799,Wrong Item Sent,3,517.05
4563,20250615,245,No Longer Needed,1,129.45
4564,20240206,273,Better Price Found,4,705.24
4565,20250917,376,Changed Mind,1,268.5
4566,20240318,784,Better Price Found,1,112.95
4567,20240601,469,No Longer Needed,3,484.11
4568,20241212,521,No Longer Needed,3,782.94
4569,20260518,291,Not as Described,3,534.54
4570,20240123,53,Defective/Not Working,3,822.99
4571,20231126,200,Defective/Not Working,1,245.23
4572,20230917,64,Defective/Not Working,1,238.84
4573,20251129,236,Changed Mind,3,1140.99
4574,20230419,704,Changed Mind,3,56.91
4575,20250314,700,Defective/Not Working,4,636.88
4576,20251214,294,Not as Described,2,728.68
4577,20240418,723,Not as Described,2,785.8
4578,20251020,466,Defective/Not Working,4,1258.64
4579,20240412,277,No Longer Needed,1,308.04
4580,20250507,16,Better Price Found,1,121.92
4581,20240718,748,Defective/Not Working,1,241.47
4582,20240807,738,Late Delivery,3,671.55
4583,20240329,387,Defective/Not Working,2,132.16
4584,20230220,201,Better Price Found,2,357.78
4585,20250723,103,Defective/Not Working,4,677.6
4586,20230215,615,Not as Described,4,431.48
4587,20240206,314,Changed Mind,1,241.0
4588,20230131,112,Better Price Found,4,1330.76
4589,20260308,629,Defective/Not Working,1,217.61
4590,20260410,350,Late Delivery,1,195.28
4591,20251003,235,Changed Mind,2,703.6
4592,20250906,432,No Longer Needed,1,269.02
4593,20250829,608,Wrong Item Sent,4,412.64
4594,20241225,219,Defective/Not Working,3,64.68
4595,20260514,212,Changed Mind,3,52.89
4596,20250116,108,Changed Mind,2,48.98
4597,20240102,182,Not as Described,1,161.43
4598,20240704,517,Defective/Not Working,2,651.98
4599,20251003,773,No Longer Needed,2,97.78
4600,20240922,447,Better Price Found,2,119.52
4601,20260526,273,Late Delivery,2,352.62
4602,20230627,155,No Longer Needed,4,672.04
4603,20251026,743,Defective/Not Working,2,687.8
4604,20230124,146,Changed Mind,1,188.03
4605,20251218,54,Defective/Not Working,2,266.4
4606,20230523,617,Not as Described,3,302.55
4607,20260625,639,Changed Mind,3,626.94
4608,20240916,131,Wrong Item Sent,4,98.16
4609,20230127,608,Not as Described,1,103.16
4610,20240830,727,Changed Mind,1,29.93
4611,20240527,472,No Longer Needed,2,61.74
4612,20240521,357,Late Delivery,4,136.2
4613,20230826,139,Changed Mind,3,1148.67
4614,20231221,788,Better Price Found,4,673.4
4615,20250916,41,Not as Described,2,544.6
4616,20251012,610,No Longer Needed,3,95.82
4617,20230806,402,Not as Described,3,64.98
4618,20230109,481,Not as Described,4,1071.88
4619,20250112,772,Wrong Item Sent,2,545.78
4620,20241206,634,Defective/Not Working,2,264.2
4621,20231206,800,Late Delivery,1,138.76
4622,20250607,538,Defective/Not Working,2,172.92
4623,20251001,431,Better Price Found,3,81.57
4624,20260426,527,Better Price Found,3,245.22
4625,20250804,257,Late Delivery,4,613.72
4626,20231119,325,No Longer Needed,3,671.49
4627,20250620,146,Late Delivery,1,188.03
4628,20260209,197,Defective/Not Working,2,301.94
4629,20250401,721,Defective/Not Working,2,498.32
4630,20260221,523,Late Delivery,4,606.6
4631,20240830,500,Better Price Found,1,394.62
4632,20250505,394,Changed Mind,4,639.16
4633,20231202,286,Defective/Not Working,4,1270.68
4634,20240219,241,Defective/Not Working,2,623.06
4635,20230607,506,Late Delivery,4,197.52
4636,20260413,184,Better Price Found,2,611.86
4637,20240815,397,Defective/Not Working,4,598.4
4638,20231106,613,Defective/Not Working,3,138.45
4639,20230322,699,No Longer Needed,3,197.73
4640,20250917,553,Not as Described,2,137.98
4641,20230521,350,Defective/Not Working,1,195.28
4642,20250926,296,Defective/Not Working,3,258.27
4643,20240224,435,Defective/Not Working,1,227.4
4644,20260214,167,Wrong Item Sent,1,236.05
4645,20231215,471,Not as Described,1,34.5
4646,20240417,501,Defective/Not Working,1,167.28
4647,20260524,234,Wrong Item Sent,3,956.7
4648,20260414,347,Wrong Item Sent,2,117.32
4649,20230613,401,Not as Described,3,566.91
4650,20240405,275,Better Price Found,1,34.97
4651,20240111,99,Better Price Found,2,727.62
4652,20230525,566,Changed Mind,1,84.3
4653,20230928,341,Late Delivery,2,107.64
4654,20230629,605,Defective/Not Working,1,161.5
4655,20251004,108,Defective/Not Working,1,24.49
4656,20260423,72,Changed Mind,1,119.72
4657,20250827,410,Defective/Not Working,4,377.28
4658,20250903,414,Defective/Not Working,2,393.08
4659,20231003,430,Better Price Found,2,193.84
4660,20250515,376,Changed Mind,1,268.5
4661,20250811,670,Late Delivery,1,228.6
4662,20240719,584,Wrong Item Sent,3,910.35
4663,20240417,731,No Longer Needed,1,425.46
4664,20231227,399,Defective/Not Working,4,209.08
4665,20240214,786,Changed Mind,4,509.68
4666,20260318,560,No Longer Needed,4,160.88
4667,20240427,6,Changed Mind,1,195.36
4668,20250327,206,Changed Mind,3,108.66
4669,20240914,468,Wrong Item Sent,2,708.58
4670,20251208,292,Changed Mind,3,972.33
4671,20230715,708,Changed Mind,3,422.13
4672,20260104,196,Wrong Item Sent,2,159.32
4673,20230121,383,Wrong Item Sent,1,55.74
4674,20250819,124,Not as Described,4,45.12
4675,20240221,509,Wrong Item Sent,1,90.19
4676,20240805,203,Wrong Item Sent,3,1073.82
4677,20250924,154,Changed Mind,3,772.23
4678,20251128,54,Changed Mind,2,266.4
4679,20230529,163,Changed Mind,2,71.58
4680,20250730,196,Changed Mind,3,238.98
4681,20230603,45,Defective/Not Working,2,539.48
4682,20240324,593,Changed Mind,1,348.5
4683,20250227,399,Changed Mind,4,209.08
4684,20230823,294,Changed Mind,3,1093.02
4685,20230710,497,Late Delivery,3,934.89
4686,20250620,127,Wrong Item Sent,2,528.56
4687,20250910,782,Changed Mind,1,103.0
4688,20240222,633,Not as Described,1,57.66
4689,20230512,579,Defective/Not Working,2,482.54
4690,20240714,575,Not as Described,4,785.12
4691,20250701,419,Changed Mind,2,398.52
4692,20251212,12,Not as Described,1,262.97
4693,20250202,159,Not as Described,1,138.34
4694,20260613,302,Not as Described,4,380.64
4695,20241226,386,Defective/Not Working,4,736.68
4696,20240516,140,Changed Mind,1,105.24
4697,20230513,540,Wrong Item Sent,4,1318.76
4698,20230227,317,Not as Described,2,502.04
4699,20230201,380,Not as Described,3,718.86
4700,20230603,97,Defective/Not Working,1,301.78
4701,20250313,705,Not as Described,2,479.38
4702,20230206,749,Changed Mind,2,405.46
4703,20240209,396,No Longer Needed,3,502.11
4704,20250328,12,Changed Mind,1,262.97
4705,20250126,340,Defective/Not Working,2,513.94
4706,20250419,744,Wrong Item Sent,2,198.0
4707,20251126,86,Defective/Not Working,2,23.98
4708,20250819,524,Defective/Not Working,1,130.88
4709,20240811,143,Wrong Item Sent,1,275.87
4710,20230310,463,Defective/Not Working,2,406.8
4711,20251230,730,Defective/Not Working,4,873.48
4712,20250128,524,Late Delivery,3,392.64
4713,20260214,179,Defective/Not Working,3,121.17
4714,20260326,183,Better Price Found,1,26.08
4715,20230528,396,Defective/Not Working,1,167.37
4716,20250919,77,Changed Mind,3,656.07
4717,20240603,673,No Longer Needed,3,1271.97
4718,20230717,539,Changed Mind,4,1151.64
4719,20230129,619,Changed Mind,2,193.44
4720,20250525,203,Wrong Item Sent,1,357.94
4721,20240505,397,Changed Mind,2,299.2
4722,20250718,759,No Longer Needed,1,228.08
4723,20240418,762,No Longer Needed,2,556.7
4724,20240607,789,Changed Mind,2,825.94
4725,20241004,169,No Longer Needed,3,242.52
4726,20240510,476,Changed Mind,4,940.72
4727,20250204,222,Not as Described,3,597.36
4728,20250102,102,Defective/Not Working,1,258.72
4729,20260210,667,Defective/Not Working,4,427.72
4730,20251125,559,Not as Described,4,220.48
4731,20250815,656,Changed Mind,3,793.53
4732,20230713,573,Not as Described,2,292.24
4733,20260425,386,Late Delivery,1,184.17
4734,20250914,234,No Longer Needed,2,637.8
4735,20230624,234,Changed Mind,4,1275.6
4736,20250225,534,Defective/Not Working,2,223.54
4737,20240927,284,Not as Described,4,63.88
4738,20251109,148,Better Price Found,4,105.48
4739,20241118,506,Better Price Found,4,197.52
4740,20230404,249,Better Price Found,3,111.21
4741,20260608,584,No Longer Needed,2,606.9
4742,20250324,666,Changed Mind,4,886.2
4743,20230925,61,Better Price Found,4,36.0
4744,20231125,68,Defective/Not Working,1,17.84
4745,20230503,43,Not as Described,2,273.3
4746,20250205,640,Not as Described,2,302.32
4747,20260406,344,Not as Described,1,107.89
4748,20240918,239,Defective/Not Working,4,710.76
4749,20260401,84,No Longer Needed,1,73.96
4750,20240901,304,Better Price Found,4,288.0
4751,20240809,36,Not as Described,3,643.92
4752,20251028,519,Defective/Not Working,3,162.42
4753,20260628,139,Late Delivery,4,1531.56
4754,20240515,762,Wrong Item Sent,2,556.7
4755,20260514,562,Defective/Not Working,1,188.77
4756,20231127,634,Changed Mind,3,396.3
4757,20231204,591,Wrong Item Sent,4,454.92
4758,20260115,290,Better Price Found,2,646.14
4759,20250928,756,Defective/Not Working,4,1577.0
4760,20260601,652,Changed Mind,1,164.75
4761,20240213,215,Changed Mind,3,538.89
4762,20230105,300,Wrong Item Sent,4,376.8
4763,20240613,754,Wrong Item Sent,2,817.16
4764,20240820,717,Not as Described,2,74.98
4765,20230312,353,No Longer Needed,3,690.0
4766,20260326,230,No Longer Needed,1,55.79
4767,20260313,166,Late Delivery,2,555.14
4768,20240308,80,No Longer Needed,3,713.94
4769,20240618,91,Defective/Not Working,4,766.16
4770,20250810,435,Defective/Not Working,2,454.8
4771,20230522,717,Defective/Not Working,2,74.98
4772,20231204,263,Wrong Item Sent,4,349.72
4773,20251115,525,Defective/Not Working,1,333.84
4774,20231119,376,Better Price Found,1,268.5
4775,20230126,567,Changed Mind,3,671.76
4776,20230620,742,Wrong Item Sent,4,890.64
4777,20250906,616,Changed Mind,2,556.08
4778,20250709,1,Wrong Item Sent,3,384.06
4779,20230905,800,Changed Mind,3,416.28
4780,20241019,364,Defective/Not Working,1,58.02
4781,20250218,773,Late Delivery,2,97.78
4782,20231107,57,No Longer Needed,1,20.69
4783,20251026,265,Defective/Not Working,2,498.62
4784,20240105,419,Defective/Not Working,2,398.52
4785,20260208,370,Changed Mind,3,789.54
4786,20231027,446,Late Delivery,2,94.76
4787,20240715,216,Not as Described,1,336.54
4788,20240812,480,Not as Described,3,1277.04
4789,20260211,530,Changed Mind,2,478.04
4790,20260228,678,Defective/Not Working,1,133.31
4791,20260417,631,Wrong Item Sent,4,1067.28
4792,20260426,726,Changed Mind,1,274.85
4793,20230126,720,Defective/Not Working,3,1231.47
4794,20241007,95,No Longer Needed,1,76.43
4795,20251010,311,Late Delivery,2,721.0
4796,20230121,728,Defective/Not Working,2,47.98
4797,20250614,124,Changed Mind,4,45.12
4798,20251029,262,Better Price Found,3,713.52
4799,20240820,754,Late Delivery,3,1225.74
4800,20260131,628,Wrong Item Sent,2,235.4
4801,20230322,410,Not as Described,2,188.64
4802,20260430,14,Not as Described,3,328.62
4803,20250926,194,Not as Described,2,629.12
4804,20240516,273,Wrong Item Sent,3,528.93
4805,20241027,71,Defective/Not Working,2,162.9
4806,20240813,790,Changed Mind,1,117.22
4807,20230423,375,Better Price Found,2,92.32
4808,20260528,695,Changed Mind,4,878.16
4809,20250524,165,Defective/Not Working,3,669.12
4810,20250313,417,Better Price Found,4,973.4
4811,20240106,236,Not as Described,4,1521.32
4812,20250725,520,Wrong Item Sent,4,1446.76
4813,20230218,477,Defective/Not Working,2,506.88
4814,20251221,534,Wrong Item Sent,2,223.54
4815,20240204,444,No Longer Needed,4,1085.88
4816,20241204,708,Better Price Found,4,562.84
4817,20240704,58,Changed Mind,4,127.0
4818,20231022,410,Changed Mind,1,94.32
4819,20240201,633,Changed Mind,1,57.66
4820,20260407,337,Not as Described,3,854.34
4821,20230501,622,Defective/Not Working,3,291.57
4822,20240307,647,Defective/Not Working,2,369.4
4823,20231208,514,Wrong Item Sent,3,1021.35
4824,20230217,697,Wrong Item Sent,1,203.47
4825,20230220,387,Better Price Found,4,264.32
4826,20240117,187,Changed Mind,2,513.32
4827,20241025,428,Better Price Found,1,389.44
4828,20240819,97,Defective/Not Working,1,301.78
4829,20240330,468,Defective/Not Working,1,354.29
4830,20251218,306,Not as Described,3,802.23
4831,20231227,343,Defective/Not Working,2,35.1
4832,20241224,181,No Longer Needed,2,683.84
4833,20230213,196,Defective/Not Working,2,159.32
4834,20260423,215,Not as Described,2,359.26
4835,20240922,440,Not as Described,3,341.55
4836,20250131,175,Defective/Not Working,1,303.57
4837,20230405,790,Defective/Not Working,3,351.66
4838,20240513,790,Better Price Found,1,117.22
4839,20240827,110,Changed Mind,1,284.95
4840,20240930,670,Defective/Not Working,1,228.6
4841,20260501,753,Defective/Not Working,3,918.54
4842,20260210,154,Changed Mind,4,1029.64
4843,20230807,283,No Longer Needed,3,821.25
4844,20241213,412,Not as Described,1,57.85
4845,20240401,677,Wrong Item Sent,3,303.93
4846,20260407,399,Late Delivery,4,209.08
4847,20230804,285,Defective/Not Working,2,409.78
4848,20240122,151,Changed Mind,3,1358.46
4849,20251227,644,Changed Mind,4,1762.76
4850,20240720,277,Wrong Item Sent,4,1232.16
4851,20230214,182,Defective/Not Working,2,322.86
4852,20231109,634,No Longer Needed,2,264.2
4853,20231008,605,Defective/Not Working,4,646.0
4854,20231223,536,Wrong Item Sent,4,928.6
4855,20250305,289,Better Price Found,2,106.1
4856,20231226,239,Wrong Item Sent,2,355.38
4857,20260126,328,Wrong Item Sent,3,233.43
4858,20260105,443,Not as Described,4,1504.92
4859,20230924,357,Not as Described,2,68.1
4860,20230305,720,Defective/Not Working,4,1641.96
4861,20240326,385,Not as Described,3,257.37
4862,20251213,319,No Longer Needed,3,850.53
4863,20231013,433,Defective/Not Working,4,243.88
4864,20250212,51,Changed Mind,1,80.4
4865,20230925,98,Better Price Found,3,948.15
4866,20230718,323,Not as Described,3,663.54
4867,20240726,707,Defective/Not Working,4,902.88
4868,20250321,325,Late Delivery,4,895.32
4869,20260106,206,Changed Mind,1,36.22
4870,20260503,631,Not as Described,4,1067.28
4871,20241028,179,Changed Mind,1,40.39
4872,20240210,489,Wrong Item Sent,1,258.71
4873,20240622,124,Wrong Item Sent,2,22.56
4874,20240603,686,Not as Described,4,774.84
4875,20230626,518,Late Delivery,4,154.52
4876,20230115,512,Changed Mind,3,196.32
4877,20260327,230,Defective/Not Working,2,111.58
4878,20250316,769,Wrong Item Sent,1,93.19
4879,20240120,597,Not as Described,2,22.22
4880,20240331,635,No Longer Needed,2,106.98
4881,20230509,89,Better Price Found,3,251.73
4882,20251002,33,Defective/Not Working,3,443.04
4883,20230202,628,Not as Described,2,235.4
4884,20250529,128,Not as Described,4,167.04
4885,20251219,399,Changed Mind,1,52.27
4886,20251021,296,Defective/Not Working,4,344.36
4887,20250311,285,Changed Mind,2,409.78
4888,20260211,162,No Longer Needed,1,43.61
4889,20231010,86,Not as Described,1,11.99
4890,20250721,339,Changed Mind,4,590.8
4891,20230217,390,Changed Mind,1,259.85
4892,20230505,480,Changed Mind,3,1277.04
4893,20251221,281,Changed Mind,3,760.44
4894,20231214,347,Changed Mind,3,175.98
4895,20230118,19,Defective/Not Working,1,252.36
4896,20251014,164,Wrong Item Sent,2,824.92
4897,20260411,777,No Longer Needed,1,116.51
4898,20260317,290,Wrong Item Sent,3,969.21
4899,20241231,63,Not as Described,1,58.12
4900,20240419,766,Defective/Not Working,1,210.17
4901,20250419,366,Wrong Item Sent,4,1539.64
4902,20251210,738,Changed Mind,2,447.7
4903,20240916,242,No Longer Needed,2,343.34
4904,20240305,601,Not as Described,1,17.49
4905,20230627,194,Late Delivery,1,314.56
4906,20250617,295,Defective/Not Working,3,651.87
4907,20240210,763,Changed Mind,2,696.72
4908,20240123,370,No Longer Needed,4,1052.72
4909,20250408,110,Wrong Item Sent,1,284.95
4910,20240827,795,No Longer Needed,1,235.28
4911,20230412,366,Not as Described,1,384.91
4912,20250924,710,Changed Mind,3,156.42
4913,20260129,666,Wrong Item Sent,2,443.1
4914,20230903,67,Changed Mind,4,882.2
4915,20250910,346,Better Price Found,4,1119.36
4916,20250906,732,Not as Described,2,181.76
4917,20230514,83,Defective/Not Working,4,50.48
4918,20250402,754,Defective/Not Working,3,1225.74
4919,20231002,791,Wrong Item Sent,1,228.37
4920,20230301,594,Wrong Item Sent,3,279.63
4921,20230216,68,Defective/Not Working,3,53.52
4922,20240601,218,Changed Mind,1,193.69
4923,20251222,425,Changed Mind,1,155.73
4924,20240927,258,Better Price Found,4,120.52
4925,20230613,290,Changed Mind,1,323.07
4926,20240611,302,Not as Described,1,95.16
4927,20250420,516,Defective/Not Working,1,76.0
4928,20260306,742,Better Price Found,4,890.64
4929,20260521,740,No Longer Needed,3,717.9
4930,20250306,754,Wrong Item Sent,3,1225.74
4931,20251021,765,Late Delivery,2,62.02
4932,20240305,783,Defective/Not Working,3,762.03
4933,20241022,753,Changed Mind,4,1224.72
4934,20260604,11,Wrong Item Sent,2,108.84
4935,20260401,462,No Longer Needed,4,882.48
4936,20240606,351,Not as Described,4,1395.56
4937,20230817,287,Defective/Not Working,4,993.2
4938,20240710,652,No Longer Needed,4,659.0
4939,20250712,104,Defective/Not Working,1,158.51
4940,20250704,625,No Longer Needed,2,816.86
4941,20231019,220,No Longer Needed,3,802.35
4942,20240407,214,Not as Described,3,928.17
4943,20230219,629,Wrong Item Sent,2,435.22
4944,20251015,251,Wrong Item Sent,2,701.9
4945,20231019,565,Not as Described,3,121.86
4946,20241107,60,Defective/Not Working,3,208.83
4947,20250304,176,No Longer Needed,4,620.72
4948,20240416,79,Wrong Item Sent,3,759.54
4949,20240902,390,Not as Described,2,519.7
4950,20250520,90,Defective/Not Working,2,456.92
4951,20230429,17,Defective/Not Working,3,693.6
4952,20260509,90,Defective/Not Working,1,228.46
4953,20230104,525,Better Price Found,3,1001.52
4954,20250621,396,No Longer Needed,4,669.48
4955,20240525,154,Not as Described,2,514.82
4956,20230225,375,Not as Described,2,92.32
4957,20240426,558,Not as Described,4,965.6
4958,20240608,516,Wrong Item Sent,2,152.0
4959,20260408,132,Wrong Item Sent,1,116.18
4960,20230907,734,Defective/Not Working,1,36.51
4961,20230426,95,Defective/Not Working,3,229.29
4962,20231009,707,Wrong Item Sent,3,677.16
4963,20231013,77,Defective/Not Working,4,874.76
4964,20260516,35,Not as Described,3,48.66
4965,20260420,159,No Longer Needed,2,276.68
4966,20260203,121,Defective/Not Working,2,597.64
4967,20250201,275,No Longer Needed,4,139.88
4968,20260623,638,Defective/Not Working,3,106.53
4969,20230113,558,Changed Mind,1,241.4
4970,20230112,406,No Longer Needed,1,176.64
4971,20240728,761,Changed Mind,2,806.16
4972,20250410,6,Changed Mind,2,390.72
4973,20250425,357,No Longer Needed,4,136.2
4974,20260425,94,Not as Described,3,35.37
4975,20240125,760,Not as Described,3,964.56
4976,20260115,275,Wrong Item Sent,1,34.97
4977,20250629,469,No Longer Needed,3,484.11
4978,20230402,551,Changed Mind,3,119.25
4979,20250515,338,Defective/Not Working,3,643.14
4980,20250426,749,Not as Described,1,202.73
4981,20251117,760,Not as Described,4,1286.08
4982,20240825,22,Not as Described,4,421.84
4983,20231010,201,Not as Described,3,536.67
4984,20250803,506,Wrong Item Sent,3,148.14
4985,20241029,583,Better Price Found,3,548.22
4986,20230914,76,Changed Mind,1,227.03
4987,20260616,380,Wrong Item Sent,4,958.48
4988,20231207,557,Defective/Not Working,3,495.12
4989,20231110,279,Defective/Not Working,3,890.97
4990,20260206,730,Late Delivery,3,655.11
4991,20250120,270,Changed Mind,4,591.68
4992,20240523,450,Wrong Item Sent,1,361.37
4993,20240910,245,Changed Mind,2,258.9
4994,20240929,618,Defective/Not Working,3,353.46
4995,20230812,223,Not as Described,1,289.35
4996,20240526,577,Not as Described,1,292.69
4997,20250216,80,Defective/Not Working,1,237.98
4998,20251230,41,Defective/Not Working,2,544.6
4999,20250429,68,No Longer Needed,4,71.36
5000,20260208,153,Defective/Not Working,1,89.99
5001,20251008,382,No Longer Needed,3,152.76
5002,20251106,622,Late Delivery,3,291.57
5003,20231025,743,Better Price Found,3,1031.7
5004,20260205,407,Changed Mind,2,375.46
5005,20241009,416,Defective/Not Working,3,386.04
5006,20251225,353,Defective/Not Working,3,690.0
5007,20251028,341,No Longer Needed,3,161.46
5008,20230218,17,Not as Described,3,693.6
5009,20240825,197,Defective/Not Working,1,150.97
5010,20260405,222,Not as Described,2,398.24
5011,20251023,274,Better Price Found,4,741.4
5012,20240406,325,Wrong Item Sent,4,895.32
5013,20240413,224,Late Delivery,2,410.24
5014,20230926,21,Changed Mind,1,279.33
5015,20241005,689,No Longer Needed,2,205.24
5016,20240315,378,Not as Described,3,781.71
5017,20240402,101,Wrong Item Sent,4,1286.44
5018,20250524,651,Defective/Not Working,2,136.56
5019,20240625,781,Not as Described,2,101.08
5020,20240605,188,Defective/Not Working,2,553.0
5021,20240914,249,Not as Described,1,37.07
5022,20260615,445,Wrong Item Sent,4,944.72
5023,20240622,188,Changed Mind,4,1106.0
5024,20231020,619,Wrong Item Sent,4,386.88
5025,20240928,425,Not as Described,4,622.92
5026,20231030,387,Defective/Not Working,1,66.08
5027,20260620,659,Not as Described,1,165.56
5028,20230525,108,Changed Mind,3,73.47
5029,20260619,373,No Longer Needed,2,480.34
5030,20260408,185,Late Delivery,1,138.24
5031,20230418,249,Changed Mind,4,148.28
5032,20251210,219,Late Delivery,2,43.12
5033,20260423,675,No Longer Needed,4,1242.88
5034,20241208,746,Wrong Item Sent,3,1181.61
5035,20231010,349,Defective/Not Working,2,601.64
5036,20251030,697,Defective/Not Working,3,610.41
5037,20240514,48,Not as Described,2,153.8
5038,20230220,523,Defective/Not Working,4,606.6
5039,20250306,181,Not as Described,2,683.84
5040,20251111,15,No Longer Needed,1,179.98
5041,20230915,709,Better Price Found,1,35.68
5042,20240725,170,Wrong Item Sent,3,1009.98
5043,20260305,669,Changed Mind,1,256.27
5044,20240826,435,Not as Described,1,227.4
5045,20260114,764,Not as Described,4,152.68
5046,20260610,715,Defective/Not Working,3,511.17
5047,20251202,482,Not as Described,4,297.08
5048,20240705,780,Changed Mind,2,156.08
5049,20250524,204,Defective/Not Working,1,137.31
5050,20251115,296,No Longer Needed,2,172.18
5051,20250709,33,Not as Described,3,443.04
5052,20240707,393,Defective/Not Working,3,67.29
5053,20240125,333,Changed Mind,2,631.6
5054,20240409,603,Not as Described,3,685.02
5055,20250216,381,Wrong Item Sent,3,826.47
5056,20241229,109,Not as Described,4,1498.24
5057,20241118,605,Defective/Not Working,4,646.0
5058,20250224,39,Defective/Not Working,3,255.18
5059,20251104,707,Better Price Found,4,902.88
5060,20241205,464,Defective/Not Working,1,223.36
5061,20251225,67,Not as Described,1,220.55
5062,20251228,611,Changed Mind,4,478.4
5063,20260218,361,Defective/Not Working,2,436.82
5064,20241005,391,Not as Described,4,256.52
5065,20260107,256,Wrong Item Sent,2,216.54
5066,20250221,668,Late Delivery,1,120.7
5067,20241107,285,Wrong Item Sent,3,614.67
5068,20230607,304,Defective/Not Working,2,144.0
5069,20260308,299,Changed Mind,4,48.2
5070,20240127,188,Better Price Found,4,1106.0
5071,20260110,265,Late Delivery,2,498.62
5072,20231123,720,Defective/Not Working,2,820.98
5073,20241220,392,Wrong Item Sent,3,446.58
5074,20250211,636,Better Price Found,1,140.04
5075,20240114,39,Not as Described,2,170.12
5076,20230605,463,Changed Mind,4,813.6
5077,20240504,783,No Longer Needed,3,762.03
5078,20250727,331,Defective/Not Working,3,854.13
5079,20230215,540,Wrong Item Sent,4,1318.76
5080,20260114,413,Not as Described,4,395.76
5081,20240802,605,Not as Described,1,161.5
5082,20240713,567,Not as Described,1,223.92
5083,20250601,526,Late Delivery,4,70.76
5084,20230406,399,Changed Mind,2,104.54
5085,20251224,627,Defective/Not Working,3,970.14
5086,20240130,99,Not as Described,3,1091.43
5087,20230924,117,Defective/Not Working,2,133.02
5088,20250415,269,Wrong Item Sent,1,15.66
5089,20230503,733,Late Delivery,1,218.3
5090,20240828,42,Defective/Not Working,3,737.76
5091,20240607,406,Late Delivery,1,176.64
5092,20260528,558,Defective/Not Working,4,965.6
5093,20260329,357,Changed Mind,2,68.1
5094,20251228,762,Defective/Not Working,3,835.05
5095,20240321,553,No Longer Needed,2,137.98
5096,20240228,513,Late Delivery,1,255.23
5097,20230906,568,No Longer Needed,1,27.56
5098,20240606,59,Defective/Not Working,2,143.22
5099,20230101,698,Defective/Not Working,3,310.02
5100,20250810,402,Changed Mind,1,21.66
5101,20241205,6,Defective/Not Working,1,195.36
5102,20260620,546,No Longer Needed,4,261.44
5103,20260322,558,Changed Mind,1,241.4
5104,20250315,226,Changed Mind,3,751.95
5105,20240303,696,Defective/Not Working,1,181.19
5106,20230713,463,Not as Described,1,203.4
5107,20260625,448,Better Price Found,3,84.33
5108,20230813,793,Wrong Item Sent,1,136.99
5109,20250227,331,Late Delivery,3,854.13
5110,20230207,118,Not as Described,4,1641.52
5111,20260201,385,Defective/Not Working,4,343.16
5112,20260321,13,Changed Mind,4,391.4
5113,20260524,589,Not as Described,4,350.96
5114,20240513,151,Late Delivery,2,905.64
5115,20250516,484,Changed Mind,2,30.82
5116,20250718,410,Not as Described,1,94.32
5117,20231117,689,Defective/Not Working,1,102.62
5118,20241204,678,Changed Mind,1,133.31
5119,20240111,476,Changed Mind,3,705.54
5120,20251204,691,Wrong Item Sent,3,481.47
5121,20240516,549,Wrong Item Sent,4,467.96
5122,20251205,261,Late Delivery,3,636.69
5123,20250113,639,Defective/Not Working,4,835.92
5124,20250923,133,Defective/Not Working,4,630.56
5125,20241105,509,Better Price Found,3,270.57
5126,20230315,418,Changed Mind,4,943.6
5127,20240503,207,Not as Described,4,1549.28
5128,20260312,343,Defective/Not Working,4,70.2
5129,20250502,124,Defective/Not Working,4,45.12
5130,20240506,672,No Longer Needed,2,213.08
5131,20240123,617,Late Delivery,3,302.55
5132,20241203,741,Changed Mind,4,849.56
5133,20250422,547,No Longer Needed,1,393.46
5134,20250828,336,Changed Mind,4,1465.04
5135,20240212,153,Wrong Item Sent,1,89.99
5136,20240220,343,No Longer Needed,4,70.2
5137,20230227,638,Wrong Item Sent,3,106.53
5138,20230815,352,Not as Described,4,1089.12
5139,20230418,19,Not as Described,2,504.72
5140,20231220,121,Defective/Not Working,3,896.46
5141,20241227,5,Defective/Not Working,3,489.6
5142,20260212,406,Not as Described,3,529.92
5143,20260401,297,Not as Described,2,406.62
5144,20230308,618,Not as Described,3,353.46
5145,20231128,287,Not as Described,2,496.6
5146,20230527,86,Defective/Not Working,2,23.98
5147,20241014,602,Not as Described,4,340.52
5148,20251121,406,Defective/Not Working,2,353.28
5149,20250712,550,Wrong Item Sent,2,406.34
5150,20231109,184,Wrong Item Sent,2,611.86
5151,20260226,365,Wrong Item Sent,3,893.04
5152,20260513,16,Better Price Found,4,487.68
5153,20250601,134,Not as Described,3,898.83
5154,20240424,54,Changed Mind,1,133.2
5155,20231106,265,Wrong Item Sent,1,249.31
5156,20241207,10,Not as Described,1,52.67
5157,20230303,163,Wrong Item Sent,1,35.79
5158,20240113,356,Not as Described,2,256.86
5159,20250724,169,Better Price Found,4,323.36
5160,20240923,629,Wrong Item Sent,2,435.22
5161,20250320,478,Defective/Not Working,2,545.92
5162,20240804,533,Better Price Found,1,169.61
5163,20230301,613,Better Price Found,4,184.6
5164,20230207,137,No Longer Needed,3,53.82
5165,20240303,660,Not as Described,1,11.42
5166,20240426,407,Not as Described,3,563.19
5167,20230830,329,Defective/Not Working,2,538.24
5168,20230523,477,Wrong Item Sent,2,506.88
5169,20250124,390,No Longer Needed,2,519.7
5170,20240106,523,Wrong Item Sent,4,606.6
5171,20260217,61,Changed Mind,3,27.0
5172,20230704,706,Changed Mind,2,273.88
5173,20250207,408,Better Price Found,4,298.68
5174,20240322,734,Wrong Item Sent,2,73.02
5175,20260131,369,No Longer Needed,1,98.11
5176,20240115,468,Wrong Item Sent,4,1417.16
5177,20250628,578,Defective/Not Working,4,1321.0
5178,20231012,89,Better Price Found,2,167.82
5179,20230510,525,Wrong Item Sent,4,1335.36
5180,20230913,274,Defective/Not Working,3,556.05
5181,20230514,577,Defective/Not Working,4,1170.76
5182,20240102,631,Wrong Item Sent,1,266.82
5183,20230319,115,Better Price Found,2,516.64
5184,20240413,767,Wrong Item Sent,4,119.92
5185,20260626,599,Better Price Found,3,673.89
5186,20250512,97,Not as Described,1,301.78
5187,20260409,562,Wrong Item Sent,1,188.77
5188,20250618,723,Changed Mind,1,392.9
5189,20230701,25,Not as Described,1,50.32
5190,20250525,375,Defective/Not Working,2,92.32
5191,20250925,540,Late Delivery,2,659.38
5192,20250623,786,Late Delivery,4,509.68
5193,20250420,202,No Longer Needed,1,290.4
5194,20231209,592,No Longer Needed,2,357.42
5195,20241122,479,Changed Mind,2,506.54
5196,20240905,547,Not as Described,3,1180.38
5197,20231029,272,Wrong Item Sent,1,66.09
5198,20240107,463,Wrong Item Sent,2,406.8
5199,20241214,278,Late Delivery,3,767.91
5200,20250831,14,Not as Described,1,109.54
5201,20240423,698,Late Delivery,1,103.34
5202,20250921,389,Defective/Not Working,2,27.98
5203,20251026,31,Changed Mind,4,1124.8
5204,20230627,214,Not as Described,1,309.39
5205,20241023,255,Late Delivery,2,634.92
5206,20250703,196,Not as Described,1,79.66
5207,20230919,705,Defective/Not Working,4,958.76
5208,20240729,636,Late Delivery,1,140.04
5209,20240330,236,Late Delivery,4,1521.32
5210,20230610,425,Not as Described,3,467.19
5211,20231109,387,Defective/Not Working,2,132.16
5212,20241121,338,Better Price Found,2,428.76
5213,20250103,721,Better Price Found,1,249.16
5214,20240123,17,Changed Mind,1,231.2
5215,20251115,663,Not as Described,3,914.49
5216,20240930,573,Changed Mind,2,292.24
5217,20241117,50,Defective/Not Working,2,507.34
5218,20250403,310,Defective/Not Working,4,284.68
5219,20231222,754,No Longer Needed,3,1225.74
5220,20240122,745,Wrong Item Sent,2,430.6
5221,20260125,242,Defective/Not Working,1,171.67
5222,20251115,670,No Longer Needed,4,914.4
5223,20240504,119,Late Delivery,4,1335.48
5224,20240914,698,Wrong Item Sent,1,103.34
5225,20240704,212,Not as Described,1,17.63
5226,20240402,164,No Longer Needed,4,1649.84
5227,20240331,486,Defective/Not Working,1,204.27
5228,20260630,761,Changed Mind,1,403.08
5229,20240504,583,Wrong Item Sent,3,548.22
5230,20250702,487,Defective/Not Working,2,71.54
5231,20250727,326,Late Delivery,2,535.04
5232,20230912,382,Defective/Not Working,4,203.68
5233,20250222,361,No Longer Needed,1,218.41
5234,20230708,745,Wrong Item Sent,4,861.2
5235,20260527,169,Changed Mind,1,80.84
5236,20230628,390,Late Delivery,1,259.85
5237,20250826,179,Not as Described,2,80.78
5238,20230903,668,Not as Described,1,120.7
5239,20230703,242,Late Delivery,2,343.34
5240,20230825,515,No Longer Needed,4,511.64
5241,20240331,199,Late Delivery,1,127.18
5242,20230602,123,Wrong Item Sent,1,122.98
5243,20240622,254,Wrong Item Sent,1,91.01
5244,20230423,195,Defective/Not Working,4,900.92
5245,20230126,226,Changed Mind,3,751.95
5246,20241109,333,Not as Described,2,631.6
5247,20241030,163,Defective/Not Working,3,107.37
5248,20260425,421,Changed Mind,3,247.62
5249,20230415,148,Not as Described,1,26.37
5250,20250824,613,Late Delivery,1,46.15
5251,20240904,623,Not as Described,1,190.11
5252,20230706,546,Wrong Item Sent,4,261.44
5253,20260417,9,Defective/Not Working,4,913.0
5254,20230509,732,Defective/Not Working,2,181.76
5255,20241110,788,Better Price Found,2,336.7
5256,20230407,57,Wrong Item Sent,2,41.38
5257,20240409,507,Late Delivery,1,266.28
5258,20240504,708,No Longer Needed,1,140.71
5259,20240214,213,Better Price Found,4,1000.04
5260,20240412,283,Defective/Not Working,4,1095.0
5261,20250911,266,Defective/Not Working,4,1039.88
5262,20250525,779,Changed Mind,2,269.94
5263,20240616,83,Defective/Not Working,2,25.24
5264,20240827,410,Late Delivery,3,282.96
5265,20250909,161,Not as Described,4,810.08
5266,20250218,738,No Longer Needed,1,223.85
5267,20240713,309,Changed Mind,2,540.46
5268,20241219,327,No Longer Needed,2,63.06
5269,20230425,336,No Longer Needed,4,1465.04
5270,20260323,374,Late Delivery,1,330.48
5271,20240717,477,No Longer Needed,4,1013.76
5272,20230705,710,No Longer Needed,1,52.14
5273,20241222,732,Changed Mind,2,181.76
5274,20250620,607,Changed Mind,4,727.52
5275,20260126,726,Wrong Item Sent,4,1099.4
5276,20230610,348,Changed Mind,3,700.44
5277,20250216,608,Defective/Not Working,1,103.16
5278,20250321,6,Changed Mind,4,781.44
5279,20250625,497,Not as Described,1,311.63
5280,20240411,257,Wrong Item Sent,1,153.43
5281,20240812,1,Changed Mind,1,128.02
5282,20240206,644,Not as Described,3,1322.07
5283,20250716,791,Not as Described,4,913.48
5284,20231130,103,Defective/Not Working,3,508.2
5285,20260129,516,Changed Mind,1,76.0
5286,20240131,417,Late Delivery,1,243.35
5287,20250228,640,Wrong Item Sent,4,604.64
5288,20260609,691,Wrong Item Sent,1,160.49
5289,20230801,132,No Longer Needed,2,232.36
5290,20250118,68,Changed Mind,4,71.36
5291,20260127,489,Defective/Not Working,2,517.42
5292,20241219,15,Defective/Not Working,4,719.92
5293,20240822,744,Not as Described,1,99.0
5294,20250922,537,Better Price Found,4,502.96
5295,20240802,377,Better Price Found,1,227.02
5296,20251110,425,Changed Mind,2,311.46
5297,20250217,590,Late Delivery,1,66.24
5298,20230929,539,Defective/Not Working,1,287.91
5299,20230509,630,Better Price Found,1,339.79
5300,20240824,193,Wrong Item Sent,2,343.36
5301,20260612,443,Changed Mind,1,376.23
5302,20251125,603,Defective/Not Working,2,456.68
5303,20250812,454,Changed Mind,4,1294.4
5304,20250817,1,Better Price Found,1,128.02
5305,20231022,192,Defective/Not Working,1,142.28
5306,20250706,545,Not as Described,3,73.53
5307,20231218,686,Defective/Not Working,1,193.71
5308,20260523,132,Not as Described,4,464.72
5309,20240928,228,Changed Mind,2,422.14
5310,20251205,431,Defective/Not Working,1,27.19
5311,20241206,132,Late Delivery,3,348.54
5312,20241213,628,Defective/Not Working,4,470.8
5313,20240323,776,Wrong Item Sent,1,93.65
5314,20260519,476,Defective/Not Working,1,235.18
5315,20260521,653,Better Price Found,2,420.1
5316,20240813,611,Not as Described,1,119.6
5317,20241117,314,Late Delivery,3,723.0
5318,20250908,146,Not as Described,1,188.03
5319,20251218,505,Not as Described,1,143.55
5320,20250806,203,Late Delivery,3,1073.82
5321,20240814,735,Changed Mind,3,366.03
5322,20231005,651,Not as Described,4,273.12
5323,20230731,312,Wrong Item Sent,4,822.24
5324,20230319,634,Defective/Not Working,1,132.1
5325,20231113,252,No Longer Needed,4,104.2
5326,20260421,657,Not as Described,4,831.84
5327,20250721,201,No Longer Needed,1,178.89
5328,20241111,84,Not as Described,3,221.88
5329,20250616,107,Late Delivery,3,277.29
5330,20241114,237,Not as Described,4,1357.8
5331,20240215,776,Defective/Not Working,2,187.3
5332,20241005,653,Not as Described,4,840.2
5333,20230909,24,Not as Described,3,379.8
5334,20240309,145,Late Delivery,3,666.63
5335,20250605,557,Changed Mind,2,330.08
5336,20251020,330,Defective/Not Working,2,576.32
5337,20230202,776,Wrong Item Sent,1,93.65
5338,20230117,83,Changed Mind,1,12.62
5339,20260212,445,Late Delivery,1,236.18
5340,20250101,281,No Longer Needed,3,760.44
5341,20231229,343,Wrong Item Sent,2,35.1
5342,20260304,447,Not as Described,1,59.76
5343,20230222,57,Defective/Not Working,4,82.76
5344,20250329,148,Wrong Item Sent,1,26.37
5345,20230624,527,Better Price Found,3,245.22
5346,20260409,615,Better Price Found,1,107.87
5347,20240329,444,Wrong Item Sent,4,1085.88
5348,20240915,248,Wrong Item Sent,2,459.56
5349,20260327,556,Not as Described,3,1021.02
5350,20240201,72,Wrong Item Sent,4,478.88
5351,20230601,218,No Longer Needed,4,774.76
5352,20240405,131,Not as Described,4,98.16
5353,20250221,246,Changed Mind,3,869.49
5354,20250919,91,No Longer Needed,1,191.54
5355,20231022,6,Changed Mind,1,195.36
5356,20250422,353,Not as Described,4,920.0
5357,20240303,84,Changed Mind,1,73.96
5358,20231207,425,Defective/Not Working,3,467.19
5359,20230613,549,Changed Mind,1,116.99
5360,20230419,395,No Longer Needed,1,380.39
5361,20250306,300,Changed Mind,4,376.8
5362,20230824,323,Wrong Item Sent,3,663.54
5363,20230714,153,Late Delivery,4,359.96
5364,20250402,630,Defective/Not Working,2,679.58
5365,20251030,482,No Longer Needed,4,297.08
5366,20240615,82,Late Delivery,4,1198.32
5367,20250328,166,Not as Described,1,277.57
5368,20250711,423,Late Delivery,1,26.19
5369,20250628,572,Changed Mind,4,384.32
5370,20241018,342,Changed Mind,3,307.41
5371,20250729,173,Wrong Item Sent,4,1411.16
5372,20240424,287,Not as Described,3,744.9
5373,20241216,61,Not as Described,1,9.0
5374,20241109,444,No Longer Needed,1,271.47
5375,20241204,289,Changed Mind,3,159.15
5376,20240116,604,Wrong Item Sent,3,314.94
5377,20250927,229,Late Delivery,1,168.69
5378,20230225,412,Late Delivery,4,231.4
5379,20230421,365,Defective/Not Working,3,893.04
5380,20260614,720,Better Price Found,2,820.98
5381,20250518,423,Changed Mind,1,26.19
5382,20230624,131,Defective/Not Working,4,98.16
5383,20250621,666,Wrong Item Sent,4,886.2
5384,20250820,697,Changed Mind,2,406.94
5385,20251109,421,Better Price Found,3,247.62
5386,20240405,764,Changed Mind,4,152.68
5387,20260613,285,Better Price Found,3,614.67
5388,20230107,188,Better Price Found,3,829.5
5389,20231105,257,Changed Mind,3,460.29
5390,20230422,323,Changed Mind,4,884.72
5391,20260302,737,Defective/Not Working,3,696.3
5392,20250620,224,No Longer Needed,2,410.24
5393,20230623,97,Not as Described,4,1207.12
5394,20240612,117,Wrong Item Sent,2,133.02
5395,20240906,700,Wrong Item Sent,2,318.44
5396,20241001,164,Changed Mind,2,824.92
5397,20231111,173,Changed Mind,2,705.58
5398,20230824,732,Wrong Item Sent,2,181.76
5399,20241009,135,Not as Described,3,123.93
5400,20231223,364,Late Delivery,3,174.06
5401,20230422,751,Changed Mind,3,296.58
5402,20260128,189,Not as Described,4,822.16
5403,20260102,604,No Longer Needed,2,209.96
5404,20230622,772,Better Price Found,4,1091.56
5405,20240405,471,Wrong Item Sent,4,138.0
5406,20250330,91,Changed Mind,4,766.16
5407,20251005,521,Defective/Not Working,2,521.96
5408,20240716,556,Late Delivery,3,1021.02
5409,20240609,699,Defective/Not Working,3,197.73
5410,20251129,83,Changed Mind,1,12.62
5411,20251020,89,Defective/Not Working,3,251.73
5412,20231206,499,Changed Mind,3,785.25
5413,20240504,334,Wrong Item Sent,4,1066.6
5414,20250521,667,No Longer Needed,2,213.86
5415,20250612,524,Not as Described,4,523.52
5416,20230404,637,Late Delivery,4,293.44
5417,20250815,457,Not as Described,2,120.94
5418,20230717,635,Wrong Item Sent,4,213.96
5419,20250917,137,Defective/Not Working,3,53.82
5420,20241207,43,Changed Mind,2,273.3
5421,20231117,493,Changed Mind,1,91.44
5422,20250124,306,Changed Mind,3,802.23
5423,20241130,169,Changed Mind,4,323.36
5424,20230528,63,Wrong Item Sent,1,58.12
5425,20240124,584,Not as Described,3,910.35
5426,20260404,432,Not as Described,4,1076.08
5427,20240805,442,Changed Mind,2,73.64
5428,20250505,738,Defective/Not Working,4,895.4
5429,20240724,774,Wrong Item Sent,2,200.68
5430,20260105,635,Late Delivery,1,53.49
5431,20251215,320,Late Delivery,2,409.8
5432,20230105,82,Defective/Not Working,2,599.16
5433,20230317,420,Better Price Found,3,368.34
5434,20230524,636,Changed Mind,1,140.04
5435,20240622,144,Better Price Found,2,499.58
5436,20241110,558,Late Delivery,3,724.2
5437,20231118,48,Changed Mind,3,230.7
5438,20260403,579,Better Price Found,3,723.81
5439,20230321,200,Changed Mind,2,490.46
5440,20230301,409,Wrong Item Sent,1,219.82
5441,20250226,142,Changed Mind,4,1035.76
5442,20251226,280,Changed Mind,3,133.35
5443,20250404,684,Defective/Not Working,2,290.4
5444,20250308,395,Wrong Item Sent,3,1141.17
5445,20250114,420,Not as Described,1,122.78
5446,20240726,791,Defective/Not Working,1,228.37
5447,20240403,645,Not as Described,2,519.14
5448,20250115,731,Wrong Item Sent,1,425.46
5449,20241226,481,Defective/Not Working,3,803.91
5450,20240923,630,Changed Mind,4,1359.16
5451,20251027,483,Wrong Item Sent,4,671.28
5452,20230227,377,Late Delivery,1,227.02
5453,20230729,98,Not as Described,4,1264.2
5454,20231222,69,No Longer Needed,4,806.72
5455,20230902,52,Late Delivery,2,42.28
5456,20231014,525,Wrong Item Sent,1,333.84
5457,20231129,279,Late Delivery,2,593.98
5458,20250419,253,Not as Described,2,873.64
5459,20250914,197,Wrong Item Sent,3,452.91
5460,20240426,429,Not as Described,1,195.21
5461,20230929,767,Not as Described,4,119.92
5462,20240609,639,Not as Described,4,835.92
5463,20250918,395,Wrong Item Sent,4,1521.56
5464,20230315,446,Changed Mind,1,47.38
5465,20230304,295,Wrong Item Sent,2,434.58
5466,20230729,11,Late Delivery,2,108.84
5467,20230825,535,Late Delivery,2,341.9
5468,20240930,516,Defective/Not Working,1,76.0
5469,20260303,764,No Longer Needed,1,38.17
5470,20260405,406,Wrong Item Sent,3,529.92
5471,20250930,706,Late Delivery,3,410.82
5472,20241122,522,Late Delivery,4,416.56
5473,20240128,340,Late Delivery,4,1027.88
5474,20260623,481,Late Delivery,3,803.91
5475,20240408,119,Not as Described,4,1335.48
5476,20251011,135,Not as Described,2,82.62
5477,20260220,33,Changed Mind,3,443.04
5478,20250212,379,Better Price Found,2,612.52
5479,20260317,236,Not as Described,3,1140.99
5480,20230612,404,Late Delivery,4,998.8
5481,20251219,2,Better Price Found,2,217.58
5482,20241109,199,Defective/Not Working,1,127.18
5483,20250702,361,Wrong Item Sent,4,873.64
5484,20230618,308,Better Price Found,2,554.7
5485,20240106,18,No Longer Needed,4,196.64
5486,20231202,770,Late Delivery,4,369.2
5487,20241128,662,Defective/Not Working,2,285.86
5488,20230223,429,Defective/Not Working,2,390.42
5489,20240306,98,Defective/Not Working,1,316.05
5490,20230510,780,Defective/Not Working,1,78.04
5491,20250720,101,Defective/Not Working,4,1286.44
5492,20260515,795,Not as Described,3,705.84
5493,20240726,493,Defective/Not Working,3,274.32
5494,20241108,376,Better Price Found,2,537.0
5495,20240214,368,Wrong Item Sent,3,367.56
5496,20241105,75,Defective/Not Working,3,352.59
5497,20260620,365,Changed Mind,4,1190.72
5498,20251128,605,Not as Described,1,161.5
5499,20240814,188,Late Delivery,1,276.5
5500,20260131,245,No Longer Needed,1,129.45
5501,20250524,431,Defective/Not Working,3,81.57
5502,20251002,319,Defective/Not Working,4,1134.04
5503,20251102,85,Late Delivery,4,211.72
5504,20240803,429,Late Delivery,2,390.42
5505,20240514,614,Not as Described,2,21.68
5506,20251214,521,Defective/Not Working,2,521.96
5507,20260322,610,Changed Mind,1,31.94
5508,20231013,185,Wrong Item Sent,3,414.72
5509,20250722,238,Not as Described,2,465.22
5510,20240417,105,Changed Mind,2,760.38
5511,20250609,339,Defective/Not Working,3,443.1
5512,20250424,89,Better Price Found,4,335.64
5513,20230407,637,Wrong Item Sent,3,220.08
5514,20260128,84,Wrong Item Sent,1,73.96
5515,20230602,121,No Longer Needed,3,896.46
5516,20240128,459,Changed Mind,4,167.12
5517,20260326,602,Late Delivery,1,85.13
5518,20260411,659,Late Delivery,4,662.24
5519,20240131,119,Wrong Item Sent,2,667.74
5520,20240820,764,Better Price Found,3,114.51
5521,20231210,385,Not as Described,4,343.16
5522,20230909,79,Wrong Item Sent,2,506.36
5523,20260204,530,Changed Mind,4,956.08
5524,20230520,265,No Longer Needed,3,747.93
5525,20230717,153,Not as Described,4,359.96
5526,20260329,374,Defective/Not Working,2,660.96
5527,20230219,111,No Longer Needed,2,621.18
5528,20230303,783,Defective/Not Working,3,762.03
5529,20241022,179,Changed Mind,2,80.78
5530,20241104,627,Better Price Found,1,323.38
5531,20250830,439,Changed Mind,3,1052.52
5532,20241219,334,Wrong Item Sent,2,533.3
5533,20241224,748,Wrong Item Sent,1,241.47
5534,20230224,337,Not as Described,3,854.34
5535,20250212,38,Defective/Not Working,3,110.01
5536,20230621,246,Defective/Not Working,4,1159.32
5537,20260506,69,Late Delivery,1,201.68
5538,20251003,606,Defective/Not Working,3,162.72
5539,20240104,127,Defective/Not Working,4,1057.12
5540,20230311,504,Wrong Item Sent,3,73.59
5541,20230508,229,Not as Described,4,674.76
5542,20230801,40,Defective/Not Working,1,246.38
5543,20241109,574,Wrong Item Sent,1,292.71
5544,20231212,740,No Longer Needed,2,478.6
5545,20231106,195,Changed Mind,1,225.23
5546,20230830,138,Defective/Not Working,1,287.07
5547,20240328,739,Defective/Not Working,2,497.44
5548,20250210,580,Changed Mind,4,1130.04
5549,20260421,375,Changed Mind,2,92.32
5550,20250701,64,Not as Described,2,477.68
5551,20231204,192,Wrong Item Sent,4,569.12
5552,20260102,398,Wrong Item Sent,1,70.82
5553,20241115,77,Better Price Found,3,656.07
5554,20240818,604,Defective/Not Working,2,209.96
5555,20240817,790,Defective/Not Working,2,234.44
5556,20251224,493,Better Price Found,2,182.88
5557,20230303,455,No Longer Needed,3,104.76
5558,20241209,422,No Longer Needed,3,153.93
5559,20250329,373,Late Delivery,3,720.51
5560,20230606,552,No Longer Needed,1,211.79
5561,20260622,155,Not as Described,2,336.02
5562,20251213,742,Changed Mind,1,222.66
5563,20250906,562,Wrong Item Sent,1,188.77
5564,20240704,150,Defective/Not Working,2,215.72
5565,20260309,710,Not as Described,1,52.14
5566,20251120,447,Defective/Not Working,2,119.52
5567,20250606,146,Changed Mind,3,564.09
5568,20241213,525,Wrong Item Sent,4,1335.36
5569,20240529,668,Changed Mind,2,241.4
5570,20230312,521,Late Delivery,4,1043.92
5571,20250423,315,Wrong Item Sent,1,296.21
5572,20260627,640,Changed Mind,4,604.64
5573,20230717,484,Changed Mind,4,61.64
5574,20240620,147,Defective/Not Working,1,53.98
5575,20250924,786,Defective/Not Working,2,254.84
5576,20230921,464,Changed Mind,1,223.36
5577,20230520,502,No Longer Needed,2,717.28
5578,20230120,405,Wrong Item Sent,4,939.84
5579,20241124,483,Wrong Item Sent,1,167.82
5580,20251002,14,Changed Mind,3,328.62
5581,20250706,558,No Longer Needed,4,965.6
5582,20240821,290,No Longer Needed,4,1292.28
5583,20231030,47,Wrong Item Sent,1,225.94
5584,20241117,182,Defective/Not Working,1,161.43
5585,20251011,423,No Longer Needed,2,52.38
5586,20250727,139,Not as Described,2,765.78
5587,20250417,405,No Longer Needed,1,234.96
5588,20260528,519,Wrong Item Sent,2,108.28
5589,20231012,41,Late Delivery,4,1089.2
5590,20251202,270,Changed Mind,3,443.76
5591,20240324,763,Not as Described,1,348.36
5592,20230910,68,Better Price Found,2,35.68
5593,20231116,795,Better Price Found,4,941.12
5594,20240409,227,Better Price Found,4,1170.48
5595,20230907,120,No Longer Needed,4,749.68
5596,20250526,396,Not as Described,4,669.48
5597,20231017,222,Not as Described,2,398.24
5598,20250521,413,No Longer Needed,1,98.94
5599,20250102,649,Defective/Not Working,3,802.44
5600,20250617,170,Better Price Found,1,336.66
5601,20231026,546,Late Delivery,1,65.36
5602,20230305,440,Not as Described,2,227.7
5603,20251210,581,Defective/Not Working,1,46.45
5604,20230307,625,Wrong Item Sent,4,1633.72
5605,20250119,690,Defective/Not Working,3,385.53
5606,20230721,235,Late Delivery,2,703.6
5607,20241012,277,No Longer Needed,2,616.08
5608,20240213,12,Better Price Found,2,525.94
5609,20240720,235,Not as Described,4,1407.2
5610,20240805,174,Defective/Not Working,1,208.41
5611,20230306,393,Defective/Not Working,3,67.29
5612,20230614,181,Not as Described,1,341.92
5613,20251210,634,No Longer Needed,4,528.4
5614,20260518,196,Wrong Item Sent,2,159.32
5615,20230211,378,Changed Mind,3,781.71
5616,20231002,622,Not as Described,2,194.38
5617,20250527,73,Changed Mind,2,438.94
5618,20230819,508,Changed Mind,3,1076.88
5619,20250520,340,Wrong Item Sent,1,256.97
5620,20260206,146,Better Price Found,2,376.06
5621,20230502,589,No Longer Needed,2,175.48
5622,20240921,44,Not as Described,1,186.98
5623,20231104,62,Changed Mind,2,854.7
5624,20230507,654,Wrong Item Sent,1,223.67
5625,20231102,759,Better Price Found,4,912.32
5626,20251129,5,Changed Mind,2,326.4
5627,20241019,135,No Longer Needed,1,41.31
5628,20230717,580,Defective/Not Working,4,1130.04
5629,20260312,644,Defective/Not Working,3,1322.07
5630,20240512,203,Defective/Not Working,3,1073.82
5631,20241001,327,Changed Mind,4,126.12
5632,20230929,246,Wrong Item Sent,4,1159.32
5633,20260304,522,Defective/Not Working,2,208.28
5634,20230104,621,Wrong Item Sent,2,476.42
5635,20231206,406,Changed Mind,1,176.64
5636,20260611,753,No Longer Needed,4,1224.72
5637,20240507,793,Wrong Item Sent,3,410.97
5638,20260303,276,No Longer Needed,1,66.7
5639,20240313,201,Not as Described,3,536.67
5640,20230830,74,Better Price Found,3,420.54
5641,20230520,195,Late Delivery,3,675.69
5642,20231014,326,Defective/Not Working,1,267.52
5643,20251120,27,Changed Mind,2,221.96
5644,20260308,6,Wrong Item Sent,3,586.08
5645,20251107,519,Wrong Item Sent,4,216.56
5646,20240424,129,Defective/Not Working,1,285.77
5647,20240115,704,Not as Described,1,18.97
5648,20240722,502,Defective/Not Working,2,717.28
5649,20250707,122,Defective/Not Working,4,773.28
5650,20250101,793,Not as Described,2,273.98
5651,20240108,138,Late Delivery,2,574.14
5652,20260209,95,Not as Described,4,305.72
5653,20260130,706,Wrong Item Sent,1,136.94
5654,20240605,680,Wrong Item Sent,3,817.29
5655,20250409,701,Changed Mind,1,100.15
5656,20250927,82,Wrong Item Sent,3,898.74
5657,20230520,387,Changed Mind,4,264.32
5658,20230315,437,Not as Described,2,190.56
5659,20260526,714,Defective/Not Working,4,119.72
5660,20240627,190,Not as Described,2,92.08
5661,20250412,732,No Longer Needed,1,90.88
5662,20230716,637,Late Delivery,4,293.44
5663,20260428,204,Defective/Not Working,3,411.93
5664,20250526,57,Not as Described,1,20.69
5665,20250912,67,Not as Described,3,661.65
5666,20241208,424,No Longer Needed,1,164.94
5667,20231009,628,Changed Mind,1,117.7
5668,20230116,159,No Longer Needed,2,276.68
5669,20240801,630,Wrong Item Sent,1,339.79
5670,20230409,472,Changed Mind,1,30.87
5671,20260107,209,Changed Mind,4,1018.6
5672,20260513,36,Defective/Not Working,3,643.92
5673,20250418,45,Wrong Item Sent,4,1078.96
5674,20250920,194,Wrong Item Sent,2,629.12
5675,20230814,525,Defective/Not Working,1,333.84
5676,20250411,326,Defective/Not Working,1,267.52
5677,20241111,356,No Longer Needed,1,128.43
5678,20250312,43,Not as Described,4,546.6
5679,20241230,714,Better Price Found,4,119.72
5680,20250404,391,Changed Mind,4,256.52
5681,20231009,427,Late Delivery,2,832.12
5682,20260123,183,Better Price Found,4,104.32
5683,20230507,545,No Longer Needed,4,98.04
5684,20231225,330,No Longer Needed,3,864.48
5685,20240220,628,Defective/Not Working,2,235.4
5686,20240427,218,Changed Mind,2,387.38
5687,20260114,189,Wrong Item Sent,1,205.54
5688,20241130,386,Late Delivery,2,368.34
5689,20260404,634,Changed Mind,2,264.2
5690,20260211,672,Defective/Not Working,1,106.54
5691,20250619,525,Defective/Not Working,3,1001.52
5692,20260421,270,No Longer Needed,2,295.84
5693,20260413,612,Defective/Not Working,1,244.74
5694,20251016,218,Defective/Not Working,2,387.38
5695,20250902,705,Defective/Not Working,4,958.76
5696,20240705,288,Defective/Not Working,3,87.78
5697,20260129,395,Changed Mind,3,1141.17
5698,20260616,263,Late Delivery,2,174.86
5699,20260603,287,Changed Mind,3,744.9
5700,20260630,705,Changed Mind,2,479.38
5701,20250423,283,Better Price Found,3,821.25
5702,20250627,471,Defective/Not Working,4,138.0
5703,20230324,106,Changed Mind,4,320.56
5704,20260108,303,Changed Mind,1,105.17
5705,20230704,135,Late Delivery,1,41.31
5706,20250924,291,No Longer Needed,1,178.18
5707,20230627,332,Not as Described,4,486.44
5708,20241209,659,Defective/Not Working,1,165.56
5709,20240715,350,Defective/Not Working,2,390.56
5710,20241024,194,Late Delivery,3,943.68
5711,20240918,312,Defective/Not Working,4,822.24
5712,20241027,145,Changed Mind,1,222.21
5713,20250513,45,Defective/Not Working,2,539.48
5714,20240228,214,Changed Mind,4,1237.56
5715,20240627,457,No Longer Needed,3,181.41
5716,20240708,354,Changed Mind,1,235.99
5717,20240730,67,Defective/Not Working,1,220.55
5718,20230801,533,No Longer Needed,1,169.61
5719,20260112,782,Changed Mind,1,103.0
5720,20260116,170,Late Delivery,3,1009.98
5721,20250405,108,Wrong Item Sent,3,73.47
5722,20250414,485,Not as Described,1,125.2
5723,20250314,732,Wrong Item Sent,1,90.88
5724,20241209,690,Not as Described,4,514.04
5725,20240514,644,Defective/Not Working,4,1762.76
5726,20230609,652,Not as Described,2,329.5
5727,20250221,330,Better Price Found,1,288.16
5728,20240626,557,Wrong Item Sent,2,330.08
5729,20231108,735,Defective/Not Working,3,366.03
5730,20250418,453,Not as Described,1,159.04
5731,20250905,373,Late Delivery,2,480.34
5732,20230108,610,Not as Described,1,31.94
5733,20250317,628,Defective/Not Working,1,117.7
5734,20231223,789,Defective/Not Working,1,412.97
5735,20260424,208,Wrong Item Sent,2,388.86
5736,20240221,714,Late Delivery,4,119.72
5737,20240823,247,Late Delivery,2,232.22
5738,20260513,337,Not as Described,3,854.34
5739,20240605,680,No Longer Needed,2,544.86
5740,20230207,580,Wrong Item Sent,1,282.51
5741,20240415,686,Wrong Item Sent,3,581.13
5742,20240613,58,No Longer Needed,3,95.25
5743,20240206,663,Not as Described,2,609.66
5744,20230409,251,Defective/Not Working,2,701.9
5745,20260209,523,Late Delivery,3,454.95
5746,20260325,774,Defective/Not Working,3,301.02
5747,20231030,710,Not as Described,1,52.14
5748,20250701,319,Not as Described,2,567.02
5749,20260527,767,No Longer Needed,3,89.94
5750,20250929,394,Not as Described,4,639.16
5751,20230831,307,Not as Described,1,130.54
5752,20260213,535,Wrong Item Sent,4,683.8
5753,20240830,616,Not as Described,4,1112.16
5754,20230219,520,Changed Mind,3,1085.07
5755,20251017,295,Wrong Item Sent,1,217.29
5756,20260215,146,Not as Described,1,188.03
5757,20250723,276,Defective/Not Working,3,200.1
5758,20250124,42,Wrong Item Sent,4,983.68
5759,20241230,112,Late Delivery,2,665.38
5760,20251027,258,Wrong Item Sent,4,120.52
5761,20230708,144,Not as Described,4,999.16
5762,20230327,299,Wrong Item Sent,2,24.1
5763,20230116,248,Wrong Item Sent,2,459.56
5764,20250816,756,Not as Described,2,788.5
5765,20260615,120,Changed Mind,4,749.68
5766,20241018,179,Not as Described,2,80.78
5767,20241104,25,Not as Described,1,50.32
5768,20230218,326,Defective/Not Working,4,1070.08
5769,20251015,10,Changed Mind,4,210.68
5770,20230205,764,Defective/Not Working,1,38.17
5771,20260120,354,Wrong Item Sent,3,707.97
5772,20250923,219,Not as Described,1,21.56
5773,20240721,406,Not as Described,2,353.28
5774,20250130,347,Not as Described,4,234.64
5775,20241108,108,Defective/Not Working,3,73.47
5776,20260215,330,Changed Mind,2,576.32
5777,20260507,95,Not as Described,1,76.43
5778,20231112,263,Defective/Not Working,4,349.72
5779,20230807,31,No Longer Needed,3,843.6
5780,20231128,16,Defective/Not Working,4,487.68
5781,20260614,101,Changed Mind,2,643.22
5782,20250606,567,Wrong Item Sent,3,671.76
5783,20260205,285,Not as Described,1,204.89
5784,20250519,378,Defective/Not Working,3,781.71
5785,20260606,412,Changed Mind,1,57.85
5786,20251029,667,Wrong Item Sent,2,213.86
5787,20240516,100,Better Price Found,3,191.13
5788,20241030,285,No Longer Needed,2,409.78
5789,20240130,121,Wrong Item Sent,2,597.64
5790,20240410,711,Defective/Not Working,4,357.4
5791,20230225,219,Late Delivery,4,86.24
5792,20250511,167,Defective/Not Working,3,708.15
5793,20241025,264,No Longer Needed,2,20.44
5794,20240407,691,No Longer Needed,3,481.47
5795,20251126,457,Defective/Not Working,2,120.94
5796,20240128,698,Not as Described,1,103.34
5797,20230518,552,Wrong Item Sent,2,423.58
5798,20230604,368,Wrong Item Sent,3,367.56
5799,20250806,235,Defective/Not Working,1,351.8
5800,20240430,741,Defective/Not Working,3,637.17
5801,20240523,92,Defective/Not Working,2,485.34
5802,20260214,71,Defective/Not Working,1,81.45
5803,20230930,758,Wrong Item Sent,1,348.5
5804,20240716,290,Defective/Not Working,1,323.07
5805,20231007,607,Not as Described,3,545.64
5806,20241112,177,Defective/Not Working,3,217.74
5807,20250305,406,Wrong Item Sent,2,353.28
5808,20251122,605,Wrong Item Sent,4,646.0
5809,20251205,376,Defective/Not Working,1,268.5
5810,20260405,216,Late Delivery,1,336.54
5811,20250119,258,Wrong Item Sent,2,60.26
5812,20240215,411,Not as Described,2,129.62
5813,20230905,454,No Longer Needed,1,323.6
5814,20230729,178,Not as Described,3,724.11
5815,20250305,414,Not as Described,1,196.54
5816,20241015,77,Defective/Not Working,4,874.76
5817,20250623,293,Late Delivery,1,423.76
5818,20231109,280,Changed Mind,1,44.45
5819,20231208,788,Defective/Not Working,4,673.4
5820,20231030,318,Changed Mind,1,41.09
5821,20250805,359,Changed Mind,2,313.52
5822,20260120,752,Defective/Not Working,2,167.08
5823,20240713,325,Wrong Item Sent,1,223.83
5824,20241203,296,Changed Mind,3,258.27
5825,20240727,243,Changed Mind,1,30.66
5826,20230816,463,Changed Mind,3,610.2
5827,20241116,707,Better Price Found,2,451.44
5828,20230827,197,Better Price Found,4,603.88
5829,20251121,272,No Longer Needed,4,264.36
5830,20230907,370,No Longer Needed,2,526.36
5831,20240819,718,Wrong Item Sent,4,864.08
5832,20240821,437,Changed Mind,3,285.84
5833,20230520,233,Defective/Not Working,4,587.28
5834,20240806,192,Changed Mind,1,142.28
5835,20250927,251,Wrong Item Sent,3,1052.85
5836,20240718,523,Changed Mind,3,454.95
5837,20250626,285,Not as Described,4,819.56
5838,20240201,148,Late Delivery,3,79.11
5839,20241103,324,Not as Described,1,210.25
5840,20230127,421,Not as Described,1,82.54
5841,20240409,654,No Longer Needed,4,894.68
5842,20251124,109,Better Price Found,2,749.12
5843,20250426,418,Defective/Not Working,2,471.8
5844,20251103,77,No Longer Needed,1,218.69
5845,20251220,792,Changed Mind,3,426.87
5846,20240413,742,Not as Described,4,890.64
5847,20230926,292,Defective/Not Working,4,1296.44
5848,20231118,368,No Longer Needed,2,245.04
5849,20260408,365,Late Delivery,2,595.36
5850,20240402,505,Defective/Not Working,4,574.2
5851,20251231,485,Changed Mind,2,250.4
5852,20250318,85,Changed Mind,2,105.86
5853,20230606,377,Better Price Found,2,454.04
5854,20240717,448,Not as Described,4,112.44
5855,20250923,632,Not as Described,1,291.15
5856,20260619,556,Late Delivery,4,1361.36
5857,20240202,71,No Longer Needed,3,244.35
5858,20230121,69,Defective/Not Working,1,201.68
5859,20230110,199,Not as Described,1,127.18
5860,20240216,550,Changed Mind,1,203.17
5861,20250325,795,Wrong Item Sent,1,235.28
5862,20250802,278,Wrong Item Sent,1,255.97
5863,20250225,720,Wrong Item Sent,4,1641.96
5864,20240206,170,Changed Mind,2,673.32
5865,20230420,182,Late Delivery,1,161.43
5866,20240125,448,Defective/Not Working,1,28.11
5867,20240301,669,Not as Described,2,512.54
5868,20231030,659,No Longer Needed,3,496.68
5869,20250601,697,Late Delivery,2,406.94
5870,20240303,503,Defective/Not Working,2,636.04
5871,20240324,303,Changed Mind,3,315.51
5872,20240813,768,Better Price Found,1,253.35
5873,20260312,66,Changed Mind,3,697.71
5874,20260404,606,Not as Described,4,216.96
5875,20231009,405,Late Delivery,3,704.88
5876,20241127,296,Not as Described,1,86.09
5877,20240517,639,Wrong Item Sent,1,208.98
5878,20250506,519,No Longer Needed,1,54.14
5879,20260222,337,Defective/Not Working,2,569.56
5880,20240208,702,Not as Described,3,781.62
5881,20230618,387,Late Delivery,2,132.16
5882,20260316,790,No Longer Needed,1,117.22
5883,20250102,590,No Longer Needed,4,264.96
5884,20240213,701,No Longer Needed,1,100.15
5885,20241105,400,Defective/Not Working,1,179.93
5886,20240212,310,Defective/Not Working,2,142.34
5887,20240223,539,Defective/Not Working,1,287.91
5888,20251109,471,Wrong Item Sent,4,138.0
5889,20231008,385,Changed Mind,1,85.79
5890,20250329,300,Not as Described,4,376.8
5891,20230829,497,Changed Mind,1,311.63
5892,20230603,744,Changed Mind,1,99.0
5893,20240813,87,No Longer Needed,4,816.6
5894,20250807,206,Defective/Not Working,4,144.88
5895,20250120,409,Wrong Item Sent,3,659.46
5896,20250110,430,Not as Described,4,387.68
5897,20240610,317,Changed Mind,2,502.04
5898,20241009,205,Defective/Not Working,1,82.38
5899,20230405,684,Late Delivery,2,290.4
5900,20250301,668,Defective/Not Working,4,482.8
5901,20240930,719,Better Price Found,2,146.74
5902,20251210,285,Changed Mind,1,204.89
5903,20230527,757,Wrong Item Sent,3,355.53
5904,20250909,779,Not as Described,1,134.97
5905,20251216,430,Not as Described,3,290.76
5906,20260611,457,Changed Mind,2,120.94
5907,20260226,499,Not as Described,1,261.75
5908,20250106,199,Not as Described,2,254.36
5909,20260130,67,Wrong Item Sent,1,220.55
5910,20240331,533,Defective/Not Working,2,339.22
5911,20250630,749,Changed Mind,3,608.19
5912,20260520,258,Changed Mind,1,30.13
5913,20250308,205,Defective/Not Working,4,329.52
5914,20251007,552,Late Delivery,2,423.58
5915,20230528,612,Changed Mind,4,978.96
5916,20240304,408,Defective/Not Working,3,224.01
5917,20250525,489,Defective/Not Working,2,517.42
5918,20250617,266,Not as Described,4,1039.88
5919,20240825,542,Not as Described,1,118.48
5920,20231218,338,Changed Mind,4,857.52
5921,20240716,328,Not as Described,2,155.62
5922,20240515,660,Defective/Not Working,3,34.26
5923,20260322,67,Defective/Not Working,3,661.65
5924,20251123,228,Wrong Item Sent,3,633.21
5925,20241030,741,Not as Described,3,637.17
5926,20240402,705,Defective/Not Working,3,719.07
5927,20250131,257,Not as Described,2,306.86
5928,20260311,53,Changed Mind,4,1097.32
5929,20231009,202,Defective/Not Working,3,871.2
5930,20260211,163,Not as Described,3,107.37
5931,20250212,397,Not as Described,2,299.2
5932,20260404,337,Better Price Found,3,854.34
5933,20250603,194,No Longer Needed,4,1258.24
5934,20241104,562,Defective/Not Working,1,188.77
5935,20240129,319,Defective/Not Working,1,283.51
5936,20250313,87,Wrong Item Sent,3,612.45
5937,20250626,481,Not as Described,2,535.94
5938,20250531,73,Wrong Item Sent,4,877.88
5939,20260324,327,Wrong Item Sent,3,94.59
5940,20250512,364,Changed Mind,3,174.06
5941,20230809,143,Not as Described,3,827.61
5942,20251217,647,Defective/Not Working,4,738.8
5943,20241114,513,Late Delivery,4,1020.92
5944,20241106,532,No Longer Needed,3,984.9
5945,20231016,668,Better Price Found,3,362.1
5946,20240724,345,Defective/Not Working,1,274.13
5947,20260308,200,Defective/Not Working,4,980.92
5948,20240404,159,Late Delivery,1,138.34
5949,20250531,165,Defective/Not Working,1,223.04
5950,20240604,751,Defective/Not Working,3,296.58
5951,20231120,512,Wrong Item Sent,1,65.44
5952,20260406,303,Changed Mind,1,105.17
5953,20230428,249,Late Delivery,4,148.28
5954,20241119,416,Defective/Not Working,2,257.36
5955,20231023,291,Defective/Not Working,1,178.18
5956,20230907,491,Changed Mind,3,504.69
5957,20250926,350,No Longer Needed,2,390.56
5958,20230727,700,Defective/Not Working,2,318.44
5959,20230809,629,Wrong Item Sent,3,652.83
5960,20260126,487,Better Price Found,1,35.77
5961,20231209,728,Not as Described,1,23.99
5962,20250112,668,Defective/Not Working,1,120.7
5963,20260210,333,Not as Described,1,315.8
5964,20240501,732,Wrong Item Sent,1,90.88
5965,20241115,368,Changed Mind,2,245.04
5966,20241126,229,Wrong Item Sent,3,506.07
5967,20250428,220,Changed Mind,4,1069.8
5968,20240417,442,Changed Mind,4,147.28
5969,20230406,472,Late Delivery,3,92.61
5970,20230812,188,Changed Mind,1,276.5
5971,20240103,116,No Longer Needed,1,34.36
5972,20250225,561,Changed Mind,4,892.6
5973,20230412,362,Changed Mind,1,342.7
5974,20231107,229,Defective/Not Working,2,337.38
5975,20231127,97,Defective/Not Working,4,1207.12
5976,20240722,186,Defective/Not Working,2,384.04
5977,20240325,686,Changed Mind,3,581.13
5978,20240924,381,Wrong Item Sent,1,275.49
5979,20260429,774,Not as Described,4,401.36
5980,20230408,377,Not as Described,1,227.02
5981,20231129,538,Defective/Not Working,1,86.46
5982,20250811,37,Defective/Not Working,4,1632.84
5983,20240910,774,No Longer Needed,1,100.34
5984,20230211,458,No Longer Needed,3,349.11
5985,20251214,581,Defective/Not Working,2,92.9
5986,20230215,16,No Longer Needed,2,243.84
5987,20241126,724,Wrong Item Sent,4,834.56
5988,20240205,47,Better Price Found,4,903.76
5989,20230816,649,Wrong Item Sent,4,1069.92
5990,20251220,712,No Longer Needed,3,353.97
5991,20230529,776,Late Delivery,3,280.95
5992,20240102,352,Changed Mind,3,816.84
5993,20250408,219,Defective/Not Working,3,64.68
5994,20260307,163,Not as Described,1,35.79
5995,20240721,642,Wrong Item Sent,1,93.63
5996,20230607,618,Wrong Item Sent,1,117.82
5997,20231123,466,Not as Described,3,943.98
5998,20260603,607,Defective/Not Working,2,363.76
5999,20250720,380,Defective/Not Working,2,479.24
6000,20260215,380,Defective/Not Working,1,239.62
6001,20250618,200,Wrong Item Sent,1,245.23
6002,20250531,780,Defective/Not Working,3,234.12
6003,20230227,59,Changed Mind,4,286.44
6004,20241116,531,Changed Mind,2,37.44
6005,20230920,642,Wrong Item Sent,2,187.26
6006,20251106,711,Changed Mind,3,268.05
6007,20260403,304,Changed Mind,2,144.0
6008,20240205,325,Defective/Not Working,4,895.32
6009,20260205,166,Not as Described,2,555.14
6010,20230511,657,Defective/Not Working,1,207.96
6011,20241208,144,No Longer Needed,4,999.16
6012,20241104,658,Defective/Not Working,3,832.08
6013,20250128,244,Wrong Item Sent,3,1072.83
6014,20230415,434,Wrong Item Sent,4,546.16
6015,20260523,264,No Longer Needed,1,10.22
6016,20230113,761,Wrong Item Sent,3,1209.24
6017,20240427,610,Wrong Item Sent,4,127.76
6018,20250911,201,Defective/Not Working,2,357.78
6019,20251001,750,No Longer Needed,4,90.48
6020,20230516,408,Defective/Not Working,2,149.34
6021,20240204,381,Defective/Not Working,3,826.47
6022,20231017,463,Not as Described,3,610.2
6023,20250821,344,Changed Mind,1,107.89
6024,20250702,216,Defective/Not Working,1,336.54
6025,20230416,345,Defective/Not Working,4,1096.52
6026,20230711,481,Changed Mind,4,1071.88
6027,20240620,159,Defective/Not Working,3,415.02
6028,20241105,600,Not as Described,3,199.62
6029,20250405,425,Defective/Not Working,3,467.19
6030,20231105,768,Changed Mind,2,506.7
6031,20250505,142,Wrong Item Sent,1,258.94
6032,20251016,62,Not as Described,3,1282.05
6033,20250716,231,Late Delivery,2,380.78
6034,20240704,29,Changed Mind,1,170.48
6035,20250924,427,Not as Described,1,416.06
6036,20251030,730,Changed Mind,4,873.48
6037,20260426,621,No Longer Needed,1,238.21
6038,20240818,441,Wrong Item Sent,3,1004.16
6039,20251002,244,No Longer Needed,2,715.22
6040,20260518,94,Wrong Item Sent,1,11.79
6041,20260604,315,Defective/Not Working,1,296.21
6042,20240716,704,Changed Mind,2,37.94
6043,20250703,665,Late Delivery,1,406.18
6044,20230610,549,Not as Described,1,116.99
6045,20240629,522,Changed Mind,4,416.56
6046,20251004,304,Defective/Not Working,2,144.0
6047,20250225,702,Wrong Item Sent,1,260.54
6048,20240827,135,Changed Mind,3,123.93
6049,20240814,460,Late Delivery,3,252.51
6050,20250719,227,Wrong Item Sent,4,1170.48
6051,20251101,347,Not as Described,1,58.66
6052,20240101,279,Not as Described,4,1187.96
6053,20241226,190,Defective/Not Working,4,184.16
6054,20240808,230,Changed Mind,1,55.79
6055,20240205,317,Not as Described,1,251.02
6056,20230504,112,Defective/Not Working,4,1330.76
6057,20250814,379,Not as Described,4,1225.04
6058,20250222,434,Late Delivery,4,546.16
6059,20250127,471,No Longer Needed,1,34.5
6060,20230615,244,Changed Mind,4,1430.44
6061,20260103,564,Changed Mind,3,428.64
6062,20230620,362,Defective/Not Working,1,342.7
6063,20251206,177,Better Price Found,2,145.16
6064,20231228,551,Defective/Not Working,2,79.5
6065,20250109,138,Late Delivery,4,1148.28
6066,20250507,749,Defective/Not Working,3,608.19
6067,20230823,164,Defective/Not Working,1,412.46
6068,20240426,614,Defective/Not Working,4,43.36
6069,20241130,89,Defective/Not Working,4,335.64
6070,20240107,288,Defective/Not Working,4,117.04
6071,20250119,107,Not as Described,3,277.29
6072,20231113,205,No Longer Needed,1,82.38
6073,20260429,344,Defective/Not Working,2,215.78
6074,20260322,706,Not as Described,3,410.82
6075,20250330,680,Changed Mind,2,544.86
6076,20231101,399,Wrong Item Sent,2,104.54
6077,20231222,585,No Longer Needed,1,163.26
6078,20251211,199,Changed Mind,4,508.72
6079,20241128,103,Changed Mind,1,169.4
6080,20250408,707,Wrong Item Sent,3,677.16
6081,20231230,151,Changed Mind,2,905.64
6082,20230629,336,Not as Described,4,1465.04
6083,20240307,800,Changed Mind,1,138.76
6084,20241103,185,No Longer Needed,2,276.48
6085,20241208,62,Not as Described,2,854.7
6086,20240912,227,Defective/Not Working,4,1170.48
6087,20250827,161,Not as Described,2,405.04
6088,20250819,174,Defective/Not Working,4,833.64
6089,20241025,129,Defective/Not Working,3,857.31
6090,20230621,646,Changed Mind,4,810.08
6091,20241108,164,Not as Described,1,412.46
6092,20250408,600,Late Delivery,4,266.16
6093,20250207,437,Not as Described,2,190.56
6094,20231127,742,Wrong Item Sent,3,667.98
6095,20250313,535,Changed Mind,2,341.9
6096,20250620,206,Wrong Item Sent,3,108.66
6097,20230725,610,Changed Mind,3,95.82
6098,20240715,187,Wrong Item Sent,2,513.32
6099,20240710,716,Defective/Not Working,3,292.86
6100,20260611,392,Better Price Found,3,446.58
6101,20240906,383,Not as Described,1,55.74
6102,20230507,388,Not as Described,1,209.17
6103,20250126,86,Defective/Not Working,4,47.96
6104,20240706,92,Defective/Not Working,3,728.01
6105,20230511,599,Late Delivery,2,449.26
6106,20240715,291,Changed Mind,4,712.72
6107,20241202,742,Changed Mind,4,890.64
6108,20230316,717,Changed Mind,4,149.96
6109,20230814,113,Changed Mind,3,357.3
6110,20230613,781,Better Price Found,2,101.08
6111,20230319,684,Late Delivery,1,145.2
6112,20230403,247,Defective/Not Working,1,116.11
6113,20260327,704,No Longer Needed,4,75.88
6114,20231216,104,Changed Mind,2,317.02
6115,20230827,607,Better Price Found,4,727.52
6116,20230625,574,Wrong Item Sent,4,1170.84
6117,20251111,179,Changed Mind,4,161.56
6118,20241115,622,Late Delivery,3,291.57
6119,20231128,357,Not as Described,2,68.1
6120,20240102,528,No Longer Needed,1,365.56
6121,20230510,175,Late Delivery,2,607.14
6122,20250810,417,Defective/Not Working,1,243.35
6123,20230202,317,Not as Described,1,251.02
6124,20230103,704,Not as Described,4,75.88
6125,20260104,315,Changed Mind,2,592.42
6126,20231129,790,No Longer Needed,4,468.88
6127,20250329,500,Not as Described,2,789.24
6128,20240130,14,No Longer Needed,3,328.62
6129,20230928,110,Not as Described,3,854.85
6130,20250714,12,No Longer Needed,4,1051.88
6131,20251003,135,Changed Mind,4,165.24
6132,20230801,131,Defective/Not Working,4,98.16
6133,20260326,243,Changed Mind,2,61.32
6134,20240407,305,Wrong Item Sent,3,549.96
6135,20250415,685,Late Delivery,3,424.95
6136,20230121,219,Changed Mind,1,21.56
6137,20240924,587,Not as Described,4,1094.72
6138,20230816,700,Defective/Not Working,3,477.66
6139,20250814,466,Better Price Found,1,314.66
6140,20240205,756,Not as Described,2,788.5
6141,20250525,302,No Longer Needed,4,380.64
6142,20250914,783,Better Price Found,4,1016.04
6143,20260326,202,Not as Described,2,580.8
6144,20250531,422,Better Price Found,1,51.31
6145,20260316,492,Wrong Item Sent,3,303.84
6146,20260512,486,Not as Described,1,204.27
6147,20240608,684,Changed Mind,1,145.2
6148,20230623,37,Changed Mind,2,816.42
6149,20230611,261,Changed Mind,4,848.92
6150,20230729,216,Defective/Not Working,2,673.08
6151,20230307,638,Defective/Not Working,3,106.53
6152,20260205,278,Defective/Not Working,3,767.91
6153,20260409,773,Not as Described,1,48.89
6154,20231208,435,Not as Described,1,227.4
6155,20241209,163,Changed Mind,3,107.37
6156,20260303,584,Changed Mind,1,303.45
6157,20250731,689,Defective/Not Working,2,205.24
6158,20251228,463,Defective/Not Working,2,406.8
6159,20230517,324,No Longer Needed,1,210.25
6160,20230417,459,Not as Described,2,83.56
6161,20260119,412,Late Delivery,4,231.4
6162,20230125,546,Better Price Found,3,196.08
6163,20250816,673,Not as Described,2,847.98
6164,20260308,362,Defective/Not Working,4,1370.8
6165,20260401,386,Defective/Not Working,3,552.51
6166,20240118,669,Changed Mind,1,256.27
6167,20250726,603,Late Delivery,4,913.36
6168,20240224,126,Late Delivery,3,357.75
6169,20260407,657,Not as Described,4,831.84
6170,20240303,469,Not as Described,4,645.48
6171,20250117,197,Not as Described,3,452.91
6172,20250922,702,Changed Mind,3,781.62
6173,20240305,332,No Longer Needed,1,121.61
6174,20251218,642,Better Price Found,3,280.89
6175,20260429,584,Defective/Not Working,1,303.45
6176,20250916,422,Better Price Found,3,153.93
6177,20241214,204,Not as Described,1,137.31
6178,20260311,36,No Longer Needed,3,643.92
6179,20240917,652,Not as Described,4,659.0
6180,20230425,364,Better Price Found,1,58.02
6181,20230206,472,Changed Mind,4,123.48
6182,20250816,390,Defective/Not Working,2,519.7
6183,20240514,587,Defective/Not Working,1,273.68
6184,20260122,69,Changed Mind,3,605.04
6185,20240211,767,Changed Mind,3,89.94
6186,20250805,640,Changed Mind,1,151.16
6187,20240826,175,Better Price Found,2,607.14
6188,20240121,24,No Longer Needed,3,379.8
6189,20260109,413,Late Delivery,1,98.94
6190,20260526,528,Changed Mind,4,1462.24
6191,20260111,707,Changed Mind,4,902.88
6192,20260228,138,Late Delivery,2,574.14
6193,20241205,15,Better Price Found,4,719.92
6194,20240303,169,Not as Described,2,161.68
6195,20230202,654,Changed Mind,2,447.34
6196,20251006,739,No Longer Needed,2,497.44
6197,20230826,140,Changed Mind,1,105.24
6198,20250918,359,Not as Described,3,470.28
6199,20250420,574,No Longer Needed,1,292.71
6200,20230405,148,Changed Mind,3,79.11
6201,20240430,302,Defective/Not Working,1,95.16
6202,20230710,683,Defective/Not Working,4,1706.68
6203,20260628,589,Not as Described,1,87.74
6204,20250326,339,Changed Mind,3,443.1
6205,20250731,773,Defective/Not Working,1,48.89
6206,20250914,402,Defective/Not Working,4,86.64
6207,20240129,726,Late Delivery,4,1099.4
6208,20230406,520,Late Delivery,1,361.69
6209,20250602,71,Wrong Item Sent,3,244.35
6210,20230817,704,Wrong Item Sent,2,37.94
6211,20231124,523,Changed Mind,2,303.3
6212,20230902,662,Changed Mind,4,571.72
6213,20260201,191,Changed Mind,4,1322.04
6214,20241125,6,Changed Mind,1,195.36
6215,20250921,58,No Longer Needed,1,31.75
6216,20240629,500,Better Price Found,1,394.62
6217,20250116,334,Defective/Not Working,3,799.95
6218,20260423,318,Wrong Item Sent,2,82.18
6219,20230425,724,Defective/Not Working,4,834.56
6220,20260625,199,Not as Described,2,254.36
6221,20260425,514,Changed Mind,1,340.45
6222,20241224,793,Defective/Not Working,4,547.96
6223,20230610,458,Better Price Found,4,465.48
6224,20250620,180,Late Delivery,2,50.12
6225,20260605,107,Not as Described,3,277.29
6226,20240811,8,Changed Mind,1,211.32
6227,20240920,584,Defective/Not Working,2,606.9
6228,20240602,455,Wrong Item Sent,3,104.76
6229,20251127,285,Changed Mind,1,204.89
6230,20230404,635,Wrong Item Sent,1,53.49
6231,20240410,262,Defective/Not Working,3,713.52
6232,20241211,340,Late Delivery,3,770.91
6233,20230301,798,Changed Mind,2,261.26
6234,20250108,447,Wrong Item Sent,1,59.76
6235,20241209,411,Wrong Item Sent,1,64.81
6236,20241029,723,Not as Described,2,785.8
6237,20240312,377,Late Delivery,3,681.06
6238,20250904,416,Late Delivery,1,128.68
6239,20260405,660,Not as Described,3,34.26
6240,20240717,373,Better Price Found,2,480.34
6241,20231103,112,No Longer Needed,2,665.38
6242,20241020,325,No Longer Needed,2,447.66
6243,20231008,45,Changed Mind,3,809.22
6244,20250218,240,Not as Described,1,48.56
6245,20231229,430,Defective/Not Working,4,387.68
6246,20230723,647,Defective/Not Working,2,369.4
6247,20240420,36,No Longer Needed,4,858.56
6248,20250526,354,Wrong Item Sent,1,235.99
6249,20231002,293,Not as Described,1,423.76
6250,20230722,350,Changed Mind,2,390.56
6251,20250526,157,Defective/Not Working,2,34.22
6252,20231213,107,Wrong Item Sent,4,369.72
6253,20250117,444,Defective/Not Working,2,542.94
6254,20230918,756,No Longer Needed,2,788.5
6255,20260514,18,Late Delivery,4,196.64
6256,20241018,612,Wrong Item Sent,3,734.22
6257,20251104,31,Not as Described,4,1124.8
6258,20251223,728,No Longer Needed,4,95.96
6259,20260503,562,Defective/Not Working,4,755.08
6260,20230622,76,Not as Described,4,908.12
6261,20230522,742,Wrong Item Sent,2,445.32
6262,20230827,503,No Longer Needed,4,1272.08
6263,20251027,562,Changed Mind,1,188.77
6264,20240226,22,Changed Mind,2,210.92
6265,20231104,394,Defective/Not Working,2,319.58
6266,20251025,433,Wrong Item Sent,4,243.88
6267,20251110,20,Better Price Found,3,164.94
6268,20241207,317,Better Price Found,2,502.04
6269,20231126,183,Changed Mind,3,78.24
6270,20240730,5,Better Price Found,2,326.4
6271,20240207,672,Defective/Not Working,1,106.54
6272,20240331,203,Not as Described,1,357.94
6273,20240908,111,Wrong Item Sent,3,931.77
6274,20241224,440,Defective/Not Working,1,113.85
6275,20230625,26,No Longer Needed,4,1436.84
6276,20230703,48,Defective/Not Working,3,230.7
6277,20240611,380,Changed Mind,1,239.62
6278,20250814,384,No Longer Needed,1,52.49
6279,20230124,197,Defective/Not Working,2,301.94
6280,20231221,760,Not as Described,1,321.52
6281,20250112,462,Wrong Item Sent,2,441.24
6282,20240613,520,No Longer Needed,3,1085.07
6283,20250416,236,Not as Described,2,760.66
6284,20240709,328,Better Price Found,2,155.62
6285,20231215,779,Not as Described,3,404.91
6286,20260408,509,Not as Described,1,90.19
6287,20240706,95,Changed Mind,4,305.72
6288,20250328,727,Not as Described,4,119.72
6289,20230108,516,Wrong Item Sent,4,304.0
6290,20260224,100,Better Price Found,1,63.71
6291,20250521,433,Changed Mind,1,60.97
6292,20260511,27,Changed Mind,3,332.94
6293,20241008,351,Not as Described,3,1046.67
6294,20230119,669,Late Delivery,3,768.81
6295,20251230,698,Changed Mind,3,310.02
6296,20251223,372,Defective/Not Working,1,11.94
6297,20251215,637,Changed Mind,2,146.72
6298,20250419,497,Not as Described,3,934.89
6299,20251028,111,Defective/Not Working,2,621.18
6300,20241016,464,Defective/Not Working,4,893.44
6301,20230408,436,Changed Mind,3,940.17
6302,20260629,94,Defective/Not Working,3,35.37
6303,20250505,766,Wrong Item Sent,2,420.34
6304,20230420,26,No Longer Needed,3,1077.63
6305,20260617,384,Not as Described,3,157.47
6306,20251027,141,Defective/Not Working,4,896.36
6307,20240624,431,Defective/Not Working,3,81.57
6308,20250702,71,Defective/Not Working,1,81.45
6309,20250212,559,Better Price Found,4,220.48
6310,20240310,390,Defective/Not Working,1,259.85
6311,20260511,384,Changed Mind,3,157.47
6312,20251001,591,Changed Mind,1,113.73
6313,20240731,268,Not as Described,3,226.44
6314,20251116,714,Changed Mind,4,119.72
6315,20240630,652,Wrong Item Sent,4,659.0
6316,20250129,308,Changed Mind,4,1109.4
6317,20240816,793,No Longer Needed,4,547.96
6318,20250709,443,Defective/Not Working,4,1504.92
6319,20230511,343,Not as Described,2,35.1
6320,20241221,83,Late Delivery,1,12.62
6321,20251214,162,Not as Described,1,43.61
6322,20250703,74,No Longer Needed,1,140.18
6323,20260205,770,Defective/Not Working,2,184.6
6324,20240523,159,Defective/Not Working,2,276.68
6325,20230611,251,Better Price Found,4,1403.8
6326,20230825,664,Changed Mind,1,29.07
6327,20240308,184,Changed Mind,3,917.79
6328,20251117,611,Wrong Item Sent,3,358.8
6329,20240617,486,Late Delivery,4,817.08
6330,20230327,732,Late Delivery,3,272.64
6331,20231107,732,Not as Described,3,272.64
6332,20230208,48,Not as Described,3,230.7
6333,20240629,16,Defective/Not Working,1,121.92
6334,20241117,667,No Longer Needed,2,213.86
6335,20250623,87,Better Price Found,4,816.6
6336,20240711,269,Defective/Not Working,4,62.64
6337,20240224,479,Better Price Found,4,1013.08
6338,20240518,169,No Longer Needed,3,242.52
6339,20241002,480,Defective/Not Working,4,1702.72
6340,20260509,649,Changed Mind,2,534.96
6341,20250529,745,Defective/Not Working,4,861.2
6342,20240201,130,Defective/Not Working,2,216.88
6343,20251219,611,Defective/Not Working,3,358.8
6344,20230917,678,Changed Mind,3,399.93
6345,20260624,702,No Longer Needed,4,1042.16
6346,20231014,470,Late Delivery,3,558.69
6347,20240109,359,Not as Described,4,627.04
6348,20251124,752,Changed Mind,1,83.54
6349,20251226,161,Changed Mind,3,607.56
6350,20251203,583,Wrong Item Sent,1,182.74
6351,20240125,232,Better Price Found,4,1135.16
6352,20250226,449,Changed Mind,3,67.83
6353,20240617,433,No Longer Needed,2,121.94
6354,20240304,416,Late Delivery,1,128.68
6355,20230308,667,Not as Described,4,427.72
6356,20240812,752,Defective/Not Working,4,334.16
6357,20250715,580,Defective/Not Working,4,1130.04
6358,20241123,192,No Longer Needed,3,426.84
6359,20231012,295,Changed Mind,2,434.58
6360,20230212,308,Not as Described,1,277.35
6361,20230413,604,Changed Mind,4,419.92
6362,20250730,118,Not as Described,1,410.38
6363,20241226,76,Defective/Not Working,4,908.12
6364,20230130,767,Changed Mind,1,29.98
6365,20230127,297,Wrong Item Sent,3,609.93
6366,20251213,130,Late Delivery,3,325.32
6367,20240524,543,Late Delivery,3,492.48
6368,20250904,765,Changed Mind,4,124.04
6369,20240223,775,No Longer Needed,2,386.7
6370,20230418,459,No Longer Needed,4,167.12
6371,20240310,312,Not as Described,3,616.68
6372,20240319,501,Defective/Not Working,2,334.56
6373,20240521,16,Changed Mind,4,487.68
6374,20231115,751,Changed Mind,3,296.58
6375,20250929,628,Changed Mind,4,470.8
6376,20250508,580,Late Delivery,1,282.51
6377,20251013,302,Late Delivery,3,285.48
6378,20260211,387,Defective/Not Working,4,264.32
6379,20240401,571,Wrong Item Sent,3,959.13
6380,20250512,175,Not as Described,3,910.71
6381,20240610,483,Changed Mind,2,335.64
6382,20260613,234,Not as Described,1,318.9
6383,20240706,83,Changed Mind,4,50.48
6384,20241120,636,Changed Mind,2,280.08
6385,20240122,773,No Longer Needed,2,97.78
6386,20230109,208,Changed Mind,2,388.86
6387,20230111,379,Changed Mind,4,1225.04
6388,20240212,551,Changed Mind,4,159.0
6389,20241028,761,Not as Described,2,806.16
6390,20260628,697,Not as Described,2,406.94
6391,20230618,757,Defective/Not Working,3,355.53
6392,20240707,212,Not as Described,3,52.89
6393,20250130,117,Changed Mind,4,266.04
6394,20230728,422,Late Delivery,3,153.93
6395,20240408,31,Changed Mind,1,281.2
6396,20240929,750,Defective/Not Working,2,45.24
6397,20250604,557,Late Delivery,2,330.08
6398,20230613,309,Defective/Not Working,3,810.69
6399,20260306,384,Changed Mind,1,52.49
6400,20260123,158,Wrong Item Sent,2,162.54
6401,20250207,791,Changed Mind,4,913.48
6402,20230825,469,No Longer Needed,1,161.37
6403,20240727,444,Late Delivery,1,271.47
6404,20250320,385,Not as Described,4,343.16
6405,20240312,769,Wrong Item Sent,4,372.76
6406,20241214,650,Defective/Not Working,4,570.24
6407,20250411,242,Changed Mind,2,343.34
6408,20250727,90,Late Delivery,3,685.38
6409,20260405,307,Changed Mind,4,522.16
6410,20231018,737,Changed Mind,3,696.3
6411,20251222,349,Late Delivery,3,902.46
6412,20231121,663,Wrong Item Sent,4,1219.32
6413,20250217,685,Not as Described,2,283.3
6414,20230925,545,Defective/Not Working,2,49.02
6415,20241013,629,Not as Described,3,652.83
6416,20250325,383,Changed Mind,2,111.48
6417,20230521,341,Not as Described,1,53.82
6418,20250317,264,Not as Described,1,10.22
6419,20260411,209,Not as Described,2,509.3
6420,20260106,767,Changed Mind,4,119.92
6421,20250822,113,Late Delivery,4,476.4
6422,20231103,180,Changed Mind,3,75.18
6423,20250510,527,Late Delivery,1,81.74
6424,20260420,278,Better Price Found,3,767.91
6425,20260119,276,Not as Described,3,200.1
6426,20251224,131,Changed Mind,2,49.08
6427,20240228,503,Late Delivery,1,318.02
6428,20230807,323,Changed Mind,2,442.36
6429,20240302,513,Late Delivery,4,1020.92
6430,20231009,744,Late Delivery,1,99.0
6431,20231231,310,Not as Described,3,213.51
6432,20240523,258,Late Delivery,4,120.52
6433,20260125,168,Late Delivery,2,279.72
6434,20240330,501,No Longer Needed,4,669.12
6435,20230807,205,Not as Described,1,82.38
6436,20260310,329,Not as Described,1,269.12
6437,20240216,793,Not as Described,2,273.98
6438,20240824,717,Better Price Found,2,74.98
6439,20230517,304,Changed Mind,2,144.0
6440,20260506,719,Defective/Not Working,3,220.11
6441,20231123,5,Changed Mind,4,652.8
6442,20260531,376,Wrong Item Sent,4,1074.0
6443,20240917,432,Not as Described,1,269.02
6444,20251215,710,Late Delivery,2,104.28
6445,20240803,348,Changed Mind,3,700.44
6446,20230317,13,Wrong Item Sent,3,293.55
6447,20250717,134,Changed Mind,4,1198.44
6448,20241115,261,Not as Described,1,212.23
6449,20250220,329,Defective/Not Working,4,1076.48
6450,20250414,466,Not as Described,3,943.98
6451,20231030,670,Defective/Not Working,1,228.6
6452,20241029,97,Late Delivery,1,301.78
6453,20240512,650,Late Delivery,4,570.24
6454,20250722,7,Defective/Not Working,3,508.29
6455,20240306,664,Defective/Not Working,2,58.14
6456,20240414,518,Defective/Not Working,3,115.89
6457,20240229,754,Not as Described,3,1225.74
6458,20231029,411,Defective/Not Working,4,259.24
6459,20240620,189,No Longer Needed,1,205.54
6460,20260629,568,Changed Mind,3,82.68
6461,20240724,377,Defective/Not Working,1,227.02
6462,20241209,386,Not as Described,1,184.17
6463,20250226,677,Defective/Not Working,3,303.93
6464,20250409,120,Defective/Not Working,1,187.42
6465,20260321,514,Late Delivery,4,1361.8
6466,20240701,50,Wrong Item Sent,3,761.01
6467,20240801,105,Late Delivery,4,1520.76
6468,20241230,589,Better Price Found,1,87.74
6469,20260630,535,Not as Described,2,341.9
6470,20230214,638,No Longer Needed,3,106.53
6471,20240720,437,Wrong Item Sent,1,95.28
6472,20230322,469,Changed Mind,1,161.37
6473,20250326,182,Not as Described,3,484.29
6474,20240204,93,Wrong Item Sent,3,184.23
6475,20240730,629,Changed Mind,1,217.61
6476,20230820,689,Changed Mind,4,410.48
6477,20230802,316,No Longer Needed,4,976.0
6478,20230325,339,No Longer Needed,2,295.4
6479,20251107,685,Late Delivery,2,283.3
6480,20230924,536,Wrong Item Sent,3,696.45
6481,20241125,464,Defective/Not Working,4,893.44
6482,20230809,8,Changed Mind,1,211.32
6483,20250622,157,Wrong Item Sent,1,17.11
6484,20230106,408,Not as Described,3,224.01
6485,20250527,547,Changed Mind,4,1573.84
6486,20251015,743,Not as Described,2,687.8
6487,20240216,614,Wrong Item Sent,1,10.84
6488,20240902,420,Defective/Not Working,4,491.12
6489,20240505,117,Changed Mind,2,133.02
6490,20251114,167,No Longer Needed,3,708.15
6491,20230314,639,Defective/Not Working,1,208.98
6492,20250406,436,Changed Mind,3,940.17
6493,20240822,458,No Longer Needed,4,465.48
6494,20260126,635,Better Price Found,1,53.49
6495,20260630,620,Defective/Not Working,3,424.92
6496,20240808,233,Defective/Not Working,1,146.82
6497,20230130,213,Late Delivery,1,250.01
6498,20240603,376,Not as Described,3,805.5
6499,20230423,533,Defective/Not Working,4,678.44
6500,20240405,712,Wrong Item Sent,3,353.97
6501,20241007,702,Wrong Item Sent,1,260.54
6502,20240128,670,Late Delivery,4,914.4
6503,20231009,248,Changed Mind,2,459.56
6504,20241029,456,Changed Mind,4,876.96
6505,20250612,374,Changed Mind,4,1321.92
6506,20231124,744,No Longer Needed,3,297.0
6507,20250531,449,Changed Mind,4,90.44
6508,20260410,49,Better Price Found,3,591.6
6509,20250719,36,Defective/Not Working,3,643.92
6510,20240615,337,Changed Mind,4,1139.12
6511,20230206,407,Late Delivery,2,375.46
6512,20231105,760,Wrong Item Sent,1,321.52
6513,20240126,263,Not as Described,4,349.72
6514,20230918,84,Wrong Item Sent,4,295.84
6515,20250721,22,Late Delivery,3,316.38
6516,20250813,740,Defective/Not Working,1,239.3
6517,20230130,493,Defective/Not Working,2,182.88
6518,20240809,331,Defective/Not Working,3,854.13
6519,20260422,392,Changed Mind,3,446.58
6520,20250704,738,Better Price Found,2,447.7
6521,20240923,286,Not as Described,3,953.01
6522,20260116,519,Wrong Item Sent,2,108.28
6523,20250424,111,Changed Mind,4,1242.36
6524,20230530,227,Defective/Not Working,3,877.86
6525,20240916,432,No Longer Needed,3,807.06
6526,20260114,175,Defective/Not Working,1,303.57
6527,20251020,672,Changed Mind,3,319.62
6528,20260208,761,Defective/Not Working,3,1209.24
6529,20260525,292,Defective/Not Working,4,1296.44
6530,20251114,1,Late Delivery,2,256.04
6531,20230327,632,Not as Described,3,873.45
6532,20230712,164,Defective/Not Working,3,1237.38
6533,20251027,432,No Longer Needed,3,807.06
6534,20240308,392,Not as Described,3,446.58
6535,20241231,748,Changed Mind,3,724.41
6536,20251025,764,Changed Mind,1,38.17
6537,20230512,427,No Longer Needed,2,832.12
6538,20231008,212,No Longer Needed,2,35.26
6539,20230126,780,Wrong Item Sent,1,78.04
6540,20251002,324,Late Delivery,4,841.0
6541,20260331,750,Late Delivery,4,90.48
6542,20240802,677,Not as Described,4,405.24
6543,20250812,560,Changed Mind,4,160.88
6544,20250727,745,Changed Mind,4,861.2
6545,20241112,675,Changed Mind,2,621.44
6546,20241122,648,Defective/Not Working,4,135.56
6547,20251215,708,Changed Mind,2,281.42
6548,20240423,261,Wrong Item Sent,1,212.23
6549,20230214,566,Wrong Item Sent,2,168.6
6550,20230518,280,Defective/Not Working,4,177.8
6551,20240620,654,Changed Mind,4,894.68
6552,20240611,345,Defective/Not Working,3,822.39
6553,20230120,485,Better Price Found,1,125.2
6554,20230715,543,Changed Mind,1,164.16
6555,20230906,167,Changed Mind,1,236.05
6556,20241101,669,Not as Described,4,1025.08
6557,20250527,774,Changed Mind,4,401.36
6558,20230912,440,Wrong Item Sent,1,113.85
6559,20250521,37,Defective/Not Working,4,1632.84
6560,20251108,652,Not as Described,1,164.75
6561,20240212,742,No Longer Needed,1,222.66
6562,20250331,351,Not as Described,4,1395.56
6563,20240208,60,No Longer Needed,1,69.61
6564,20251108,278,Wrong Item Sent,4,1023.88
6565,20240310,306,Changed Mind,2,534.82
6566,20260114,189,Changed Mind,1,205.54
6567,20260330,203,Defective/Not Working,2,715.88
6568,20230307,639,Defective/Not Working,1,208.98
6569,20230523,264,No Longer Needed,3,30.66
6570,20251227,600,Defective/Not Working,4,266.16
6571,20240911,375,Wrong Item Sent,4,184.64
6572,20260307,323,Wrong Item Sent,3,663.54
6573,20230119,659,Wrong Item Sent,1,165.56
6574,20241007,590,Not as Described,3,198.72
6575,20251207,250,Late Delivery,1,223.62
6576,20260307,627,Changed Mind,1,323.38
6577,20251012,683,Defective/Not Working,3,1280.01
6578,20240201,299,Not as Described,1,12.05
6579,20230504,66,Not as Described,2,465.14
6580,20250120,591,Defective/Not Working,3,341.19
6581,20230415,714,Wrong Item Sent,2,59.86
6582,20230907,780,Defective/Not Working,3,234.12
6583,20241203,51,Defective/Not Working,1,80.4
6584,20231125,193,Changed Mind,2,343.36
6585,20230125,146,Changed Mind,1,188.03
6586,20251008,789,Wrong Item Sent,4,1651.88
6587,20240812,655,Not as Described,1,70.94
6588,20241127,406,No Longer Needed,3,529.92
6589,20240115,168,Wrong Item Sent,4,559.44
6590,20260210,332,Not as Described,2,243.22
6591,20250526,137,No Longer Needed,3,53.82
6592,20240528,305,No Longer Needed,1,183.32
6593,20240810,637,Not as Described,1,73.36
6594,20231121,668,Not as Described,2,241.4
6595,20240619,591,Better Price Found,1,113.73
6596,20230128,317,Changed Mind,3,753.06
6597,20260316,338,Late Delivery,4,857.52
6598,20250909,741,Not as Described,1,212.39
6599,20250419,772,Wrong Item Sent,4,1091.56
6600,20260111,59,Better Price Found,2,143.22
6601,20260608,650,Defective/Not Working,4,570.24
6602,20250417,712,Wrong Item Sent,4,471.96
6603,20250327,124,Changed Mind,2,22.56
6604,20251118,567,Late Delivery,1,223.92
6605,20251016,46,No Longer Needed,2,676.96
6606,20251211,522,Changed Mind,4,416.56
6607,20251026,472,Wrong Item Sent,4,123.48
6608,20230531,789,Defective/Not Working,2,825.94
6609,20230731,379,Changed Mind,4,1225.04
6610,20250224,589,Changed Mind,3,263.22
6611,20250417,471,Changed Mind,4,138.0
6612,20260517,299,No Longer Needed,2,24.1
6613,20251021,560,Not as Described,3,120.66
6614,20230504,15,Not as Described,2,359.96
6615,20250328,202,Changed Mind,2,580.8
6616,20260414,709,Late Delivery,4,142.72
6617,20250929,633,Defective/Not Working,3,172.98
6618,20240402,166,Defective/Not Working,2,555.14
6619,20231023,564,No Longer Needed,4,571.52
6620,20231023,341,Defective/Not Working,3,161.46
6621,20240829,612,Better Price Found,3,734.22
6622,20240728,439,Changed Mind,4,1403.36
6623,20260504,285,Not as Described,1,204.89
6624,20230604,268,Not as Described,1,75.48
6625,20250823,144,Changed Mind,2,499.58
6626,20230316,181,Defective/Not Working,2,683.84
6627,20230910,405,Defective/Not Working,3,704.88
6628,20241127,690,Defective/Not Working,4,514.04
6629,20251112,387,Not as Described,4,264.32
6630,20230831,483,Changed Mind,2,335.64
6631,20240712,733,Defective/Not Working,1,218.3
6632,20240420,127,Changed Mind,1,264.28
6633,20260122,234,Wrong Item Sent,1,318.9
6634,20260309,545,Not as Described,2,49.02
6635,20240929,564,Defective/Not Working,3,428.64
6636,20231017,118,Changed Mind,1,410.38
6637,20230924,279,Wrong Item Sent,1,296.99
6638,20241118,299,Not as Described,1,12.05
6639,20250201,253,Wrong Item Sent,3,1310.46
6640,20240709,283,Not as Described,2,547.5
6641,20230109,585,Defective/Not Working,2,326.52
6642,20260121,752,Better Price Found,4,334.16
6643,20251130,704,Defective/Not Working,1,18.97
6644,20250314,717,Late Delivery,3,112.47
6645,20250404,5,Changed Mind,4,652.8
6646,20250114,60,Wrong Item Sent,2,139.22
6647,20260523,392,Not as Described,4,595.44
6648,20230811,227,Not as Described,4,1170.48
6649,20241126,381,Changed Mind,1,275.49
6650,20240915,546,Not as Described,2,130.72
6651,20260402,325,Changed Mind,1,223.83
6652,20231217,401,Defective/Not Working,2,377.94
6653,20230625,117,Wrong Item Sent,3,199.53
6654,20240103,45,Wrong Item Sent,3,809.22
6655,20241212,523,Defective/Not Working,2,303.3
6656,20250623,425,Late Delivery,2,311.46
6657,20260121,315,Wrong Item Sent,3,888.63
6658,20240621,625,Not as Described,1,408.43
6659,20260528,456,Changed Mind,1,219.24
6660,20230925,543,Defective/Not Working,2,328.32
6661,20260529,323,Late Delivery,3,663.54
6662,20231230,540,Not as Described,1,329.69
6663,20230515,320,Wrong Item Sent,3,614.7
6664,20251113,784,Wrong Item Sent,2,225.9
6665,20260209,648,Wrong Item Sent,1,33.89
6666,20251003,530,Late Delivery,4,956.08
6667,20260416,274,Not as Described,1,185.35
6668,20240814,244,Changed Mind,3,1072.83
6669,20250812,174,Not as Described,3,625.23
6670,20260615,577,Wrong Item Sent,1,292.69
6671,20250211,246,Changed Mind,3,869.49
6672,20260125,268,Changed Mind,3,226.44
6673,20240814,727,Defective/Not Working,1,29.93
6674,20240813,291,Late Delivery,3,534.54
6675,20241208,69,Changed Mind,4,806.72
6676,20231121,133,No Longer Needed,3,472.92
6677,20250819,749,No Longer Needed,4,810.92
6678,20240103,82,Wrong Item Sent,4,1198.32
6679,20241124,205,Not as Described,2,164.76
6680,20260510,482,Defective/Not Working,3,222.81
6681,20240926,764,Wrong Item Sent,3,114.51
6682,20250602,790,Not as Described,1,117.22
6683,20230621,356,Not as Described,3,385.29
6684,20231105,213,Not as Described,2,500.02
6685,20260511,387,Not as Described,3,198.24
6686,20250308,448,Better Price Found,1,28.11
6687,20230101,286,Better Price Found,2,635.34
6688,20231012,208,Defective/Not Working,3,583.29
6689,20260603,502,Defective/Not Working,4,1434.56
6690,20231201,199,Better Price Found,1,127.18
6691,20240602,415,Defective/Not Working,4,335.6
6692,20240128,499,Defective/Not Working,2,523.5
6693,20251201,372,Defective/Not Working,4,47.76
6694,20251130,246,Defective/Not Working,4,1159.32
6695,20230210,369,Changed Mind,1,98.11
6696,20250703,123,Changed Mind,3,368.94
6697,20230330,710,Better Price Found,2,104.28
6698,20231031,181,Changed Mind,4,1367.68
6699,20250112,232,Not as Described,2,567.58
6700,20241024,457,No Longer Needed,1,60.47
6701,20260222,632,Defective/Not Working,3,873.45
6702,20240915,200,Better Price Found,1,245.23
6703,20230630,350,Not as Described,3,585.84
6704,20230501,731,Changed Mind,1,425.46
6705,20230921,25,Not as Described,4,201.28
6706,20251104,644,Defective/Not Working,1,440.69
6707,20230715,511,Late Delivery,2,229.4
6708,20250622,493,No Longer Needed,2,182.88
6709,20241017,312,Changed Mind,2,411.12
6710,20250503,364,Changed Mind,4,232.08
6711,20230619,474,Changed Mind,2,571.22
6712,20240819,7,Defective/Not Working,2,338.86
6713,20241129,656,Changed Mind,1,264.51
6714,20231017,494,Wrong Item Sent,4,1522.0
6715,20240831,673,Not as Described,3,1271.97
6716,20240618,539,Better Price Found,3,863.73
6717,20250918,243,Late Delivery,1,30.66
6718,20240419,737,Changed Mind,4,928.4
6719,20250917,684,Defective/Not Working,1,145.2
6720,20230811,130,Changed Mind,3,325.32
6721,20231109,293,Wrong Item Sent,3,1271.28
6722,20240201,54,No Longer Needed,3,399.6
6723,20230322,583,Better Price Found,2,365.48
6724,20251228,365,Defective/Not Working,3,893.04
6725,20240312,237,Defective/Not Working,1,339.45
6726,20260402,365,Better Price Found,3,893.04
6727,20250312,240,Changed Mind,2,97.12
6728,20260217,788,No Longer Needed,2,336.7
6729,20240114,164,Not as Described,3,1237.38
6730,20230316,396,Defective/Not Working,4,669.48
6731,20241012,622,Not as Described,3,291.57
6732,20230308,442,Not as Described,3,110.46
6733,20230805,734,Changed Mind,1,36.51
6734,20230102,311,Late Delivery,1,360.5
6735,20260403,332,Changed Mind,2,243.22
6736,20250128,398,Changed Mind,1,70.82
6737,20260623,119,Changed Mind,1,333.87
6738,20230407,689,Wrong Item Sent,3,307.86
6739,20241030,788,Wrong Item Sent,4,673.4
6740,20240115,281,No Longer Needed,4,1013.92
6741,20250613,284,Changed Mind,3,47.91
6742,20250201,533,Wrong Item Sent,2,339.22
6743,20260309,159,Wrong Item Sent,4,553.36
6744,20250419,724,Wrong Item Sent,1,208.64
6745,20230104,402,Not as Described,3,64.98
6746,20240313,120,Defective/Not Working,4,749.68
6747,20230530,453,Defective/Not Working,1,159.04
6748,20260608,684,Not as Described,2,290.4
6749,20250418,234,Wrong Item Sent,4,1275.6
6750,20250319,727,Better Price Found,4,119.72
6751,20250311,118,Defective/Not Working,4,1641.52
6752,20260522,568,Not as Described,1,27.56
6753,20250918,238,Not as Described,4,930.44
6754,20240110,798,Not as Described,4,522.52
6755,20230508,115,Wrong Item Sent,4,1033.28
6756,20260203,561,No Longer Needed,3,669.45
6757,20231114,326,Defective/Not Working,4,1070.08
6758,20250729,295,No Longer Needed,3,651.87
6759,20250213,26,Not as Described,2,718.42
6760,20260523,446,Wrong Item Sent,4,189.52
6761,20230503,27,Late Delivery,3,332.94
6762,20231013,783,Not as Described,2,508.02
6763,20230603,395,Better Price Found,2,760.78
6764,20240401,774,No Longer Needed,1,100.34
6765,20260404,649,Not as Described,3,802.44
6766,20250105,275,Late Delivery,4,139.88
6767,20250809,281,Not as Described,2,506.96
6768,20231224,800,No Longer Needed,4,555.04
6769,20250816,59,Changed Mind,1,71.61
6770,20240901,228,Late Delivery,1,211.07
6771,20241108,660,Defective/Not Working,4,45.68
6772,20251201,689,Better Price Found,2,205.24
6773,20250315,758,Changed Mind,4,1394.0
6774,20260209,188,Better Price Found,4,1106.0
6775,20260420,434,Changed Mind,1,136.54
6776,20230410,684,Defective/Not Working,1,145.2
6777,20250904,92,No Longer Needed,2,485.34
6778,20260328,775,Better Price Found,1,193.35
6779,20240406,288,Wrong Item Sent,4,117.04
6780,20250218,148,Wrong Item Sent,2,52.74
6781,20250411,391,Not as Described,3,192.39
6782,20240209,411,Late Delivery,3,194.43
6783,20251002,314,Changed Mind,3,723.0
6784,20240828,164,Late Delivery,3,1237.38
6785,20250516,421,Changed Mind,3,247.62
6786,20231012,26,Wrong Item Sent,1,359.21
6787,20250309,12,Defective/Not Working,4,1051.88
6788,20230718,647,Changed Mind,4,738.8
6789,20230214,618,Not as Described,3,353.46
6790,20230124,176,No Longer Needed,4,620.72
6791,20260108,537,Wrong Item Sent,3,377.22
6792,20260227,494,No Longer Needed,1,380.5
6793,20230518,272,Defective/Not Working,3,198.27
6794,20251202,162,Changed Mind,4,174.44
6795,20230627,474,Changed Mind,1,285.61
6796,20260601,91,Changed Mind,4,766.16
6797,20250803,633,Defective/Not Working,2,115.32
6798,20240622,613,Late Delivery,1,46.15
6799,20241224,532,Defective/Not Working,2,656.6
6800,20240525,663,Not as Described,2,609.66
6801,20241011,656,Changed Mind,1,264.51
6802,20260313,93,Changed Mind,4,245.64
6803,20260606,749,No Longer Needed,3,608.19
6804,20240117,766,Wrong Item Sent,2,420.34
6805,20260530,318,Late Delivery,1,41.09
6806,20250519,159,Not as Described,4,553.36
6807,20231121,490,Late Delivery,2,168.12
6808,20250608,162,No Longer Needed,4,174.44
6809,20231009,536,No Longer Needed,3,696.45
6810,20230427,535,Not as Described,2,341.9
6811,20260422,620,Changed Mind,4,566.56
6812,20250414,170,Defective/Not Working,4,1346.64
6813,20260511,294,Defective/Not Working,4,1457.36
6814,20250109,392,Changed Mind,4,595.44
6815,20240921,90,Changed Mind,2,456.92
6816,20250719,42,Defective/Not Working,1,245.92
6817,20260126,269,No Longer Needed,3,46.98
6818,20230626,16,Changed Mind,2,243.84
6819,20230110,684,Defective/Not Working,1,145.2
6820,20240904,622,Changed Mind,3,291.57
6821,20260112,487,Defective/Not Working,3,107.31
6822,20240923,601,No Longer Needed,3,52.47
6823,20250828,700,Late Delivery,4,636.88
6824,20260228,499,No Longer Needed,1,261.75
6825,20240802,448,Defective/Not Working,2,56.22
6826,20240120,268,Defective/Not Working,3,226.44
6827,20260308,135,Not as Described,2,82.62
6828,20230330,637,Changed Mind,1,73.36
6829,20260626,620,Defective/Not Working,1,141.64
6830,20230601,290,Changed Mind,2,646.14
6831,20230426,429,Wrong Item Sent,1,195.21
6832,20250120,13,Changed Mind,2,195.7
6833,20250123,103,Changed Mind,2,338.8
6834,20250525,192,Changed Mind,3,426.84
6835,20240912,269,Not as Described,4,62.64
6836,20260511,501,Wrong Item Sent,2,334.56
6837,20240102,563,Not as Described,1,41.14
6838,20231229,276,Better Price Found,1,66.7
6839,20260531,4,Changed Mind,1,279.54
6840,20240507,332,Defective/Not Working,2,243.22
6841,20241028,435,Late Delivery,3,682.2
6842,20260603,691,No Longer Needed,1,160.49
6843,20250717,223,No Longer Needed,4,1157.4
6844,20240721,659,Defective/Not Working,2,331.12
6845,20240603,494,No Longer Needed,4,1522.0
6846,20260210,772,No Longer Needed,1,272.89
6847,20230918,244,Defective/Not Working,1,357.61
6848,20230924,209,Defective/Not Working,2,509.3
6849,20250418,419,Not as Described,1,199.26
6850,20240521,730,Defective/Not Working,2,436.74
6851,20230307,477,Defective/Not Working,4,1013.76
6852,20240506,341,Not as Described,1,53.82
6853,20250318,670,Not as Described,4,914.4
6854,20240929,700,Not as Described,4,636.88
6855,20250802,317,Defective/Not Working,4,1004.08
6856,20241114,415,Defective/Not Working,3,251.7
6857,20230326,304,Changed Mind,4,288.0
6858,20230301,710,Late Delivery,4,208.56
6859,20250909,717,Defective/Not Working,4,149.96
6860,20250716,368,No Longer Needed,3,367.56
6861,20260309,726,Defective/Not Working,1,274.85
6862,20250913,666,Wrong Item Sent,1,221.55
6863,20251007,413,Better Price Found,1,98.94
6864,20251003,781,No Longer Needed,2,101.08
6865,20250827,69,Late Delivery,3,605.04
6866,20231025,142,Not as Described,4,1035.76
6867,20230609,726,No Longer Needed,4,1099.4
6868,20251018,787,Changed Mind,1,222.59
6869,20230318,769,No Longer Needed,4,372.76
6870,20231207,718,Changed Mind,2,432.04
6871,20230922,610,Late Delivery,2,63.88
6872,20240217,634,Late Delivery,1,132.1
6873,20240716,258,Late Delivery,3,90.39
6874,20231018,61,Wrong Item Sent,2,18.0
6875,20230213,266,Defective/Not Working,4,1039.88
6876,20240522,193,Wrong Item Sent,3,515.04
6877,20260312,278,Late Delivery,3,767.91
6878,20251230,456,Not as Described,4,876.96
6879,20240519,592,No Longer Needed,4,714.84
6880,20240611,519,Wrong Item Sent,4,216.56
6881,20260503,639,No Longer Needed,2,417.96
6882,20260108,349,Defective/Not Working,4,1203.28
6883,20230601,513,No Longer Needed,4,1020.92
6884,20250904,153,Better Price Found,2,179.98
6885,20230401,161,Wrong Item Sent,2,405.04
6886,20260222,462,Wrong Item Sent,3,661.86
6887,20230718,21,Better Price Found,1,279.33
6888,20231203,707,Not as Described,2,451.44
6889,20250425,387,Changed Mind,1,66.08
6890,20231208,172,Not as Described,4,237.36
6891,20260216,309,Defective/Not Working,4,1080.92
6892,20250817,240,Not as Described,4,194.24
6893,20251102,444,Late Delivery,2,542.94
6894,20260118,22,Better Price Found,3,316.38
6895,20240424,558,Defective/Not Working,3,724.2
6896,20260206,571,No Longer Needed,4,1278.84
6897,20250121,453,Wrong Item Sent,4,636.16
6898,20230818,241,Not as Described,2,623.06
6899,20250905,685,Better Price Found,1,141.65
6900,20260130,406,Wrong Item Sent,1,176.64
6901,20251122,520,Defective/Not Working,4,1446.76
6902,20230816,256,Defective/Not Working,4,433.08
6903,20241011,501,Changed Mind,1,167.28
6904,20240719,297,No Longer Needed,4,813.24
6905,20240331,423,Better Price Found,3,78.57
6906,20260620,159,Not as Described,2,276.68
6907,20230506,753,No Longer Needed,2,612.36
6908,20230831,68,Not as Described,1,17.84
6909,20250420,284,Changed Mind,1,15.97
6910,20250420,167,Changed Mind,4,944.2
6911,20251207,655,No Longer Needed,2,141.88
6912,20240526,423,Changed Mind,4,104.76
6913,20250216,307,Changed Mind,3,391.62
6914,20260104,24,Changed Mind,2,253.2
6915,20251107,246,Not as Described,1,289.83
6916,20260320,395,Late Delivery,2,760.78
6917,20240524,57,Late Delivery,1,20.69
6918,20260509,654,Not as Described,2,447.34
6919,20240326,130,Changed Mind,4,433.76
6920,20251106,715,Changed Mind,1,170.39
6921,20241214,386,Not as Described,3,552.51
6922,20251018,408,Defective/Not Working,3,224.01
6923,20260306,230,Wrong Item Sent,2,111.58
6924,20231016,511,Late Delivery,2,229.4
6925,20240323,710,Not as Described,2,104.28
6926,20250109,124,Wrong Item Sent,1,11.28
6927,20231005,176,Defective/Not Working,1,155.18
6928,20231124,459,Defective/Not Working,4,167.12
6929,20241216,658,Defective/Not Working,2,554.72
6930,20241129,321,Late Delivery,2,761.74
6931,20230926,348,Changed Mind,4,933.92
6932,20250823,706,Not as Described,4,547.76
6933,20250213,398,No Longer Needed,1,70.82
6934,20230416,92,Better Price Found,4,970.68
6935,20240123,514,Better Price Found,4,1361.8
6936,20230720,122,Changed Mind,4,773.28
6937,20250421,285,Better Price Found,3,614.67
6938,20231006,273,Late Delivery,3,528.93
6939,20260302,33,Not as Described,4,590.72
6940,20230622,289,Better Price Found,1,53.05
6941,20260425,490,No Longer Needed,1,84.06
6942,20230214,403,Late Delivery,3,631.62
6943,20240516,554,Changed Mind,1,59.83
6944,20240312,199,Changed Mind,3,381.54
6945,20250314,159,Late Delivery,4,553.36
6946,20251024,450,Wrong Item Sent,3,1084.11
6947,20240730,500,Changed Mind,4,1578.48
6948,20250316,291,Changed Mind,4,712.72
6949,20260314,529,Wrong Item Sent,2,147.92
6950,20250831,555,Better Price Found,4,452.88
6951,20251209,710,Defective/Not Working,1,52.14
6952,20240618,537,Not as Described,3,377.22
6953,20260426,660,Changed Mind,3,34.26
6954,20250523,554,Changed Mind,4,239.32
6955,20240525,224,Defective/Not Working,2,410.24
6956,20230207,442,Wrong Item Sent,4,147.28
6957,20260407,511,Defective/Not Working,2,229.4
6958,20260309,312,No Longer Needed,1,205.56
6959,20251207,720,Wrong Item Sent,3,1231.47
6960,20240731,781,Late Delivery,3,151.62
6961,20230430,408,No Longer Needed,3,224.01
6962,20241024,175,Defective/Not Working,4,1214.28
6963,20250909,637,Better Price Found,4,293.44
6964,20251104,422,Changed Mind,4,205.24
6965,20230228,164,Late Delivery,2,824.92
6966,20231116,19,Wrong Item Sent,4,1009.44
6967,20240725,134,Changed Mind,3,898.83
6968,20260402,511,Changed Mind,4,458.8
6969,20230903,429,Better Price Found,4,780.84
6970,20260125,143,No Longer Needed,2,551.74
6971,20250822,326,Defective/Not Working,4,1070.08
6972,20250826,73,Wrong Item Sent,4,877.88
6973,20230924,186,Defective/Not Working,4,768.08
6974,20250928,328,Wrong Item Sent,4,311.24
6975,20240324,35,Not as Described,2,32.44
6976,20241226,215,Defective/Not Working,4,718.52
6977,20260626,194,Changed Mind,1,314.56
6978,20240816,444,No Longer Needed,4,1085.88
6979,20230625,193,Changed Mind,4,686.72
6980,20260220,578,Changed Mind,3,990.75
6981,20240502,727,Wrong Item Sent,1,29.93
6982,20240921,551,Defective/Not Working,2,79.5
6983,20230103,757,No Longer Needed,3,355.53
6984,20231217,139,No Longer Needed,1,382.89
6985,20260522,337,Defective/Not Working,1,284.78
6986,20230114,286,Late Delivery,3,953.01
6987,20250726,26,Defective/Not Working,2,718.42
6988,20250605,63,Not as Described,2,116.24
6989,20240915,184,Better Price Found,2,611.86
6990,20251026,457,Wrong Item Sent,3,181.41
6991,20241015,781,Defective/Not Working,4,202.16
6992,20240820,611,Better Price Found,4,478.4
6993,20240830,756,Wrong Item Sent,3,1182.75
6994,20241023,710,Better Price Found,3,156.42
6995,20230523,771,Late Delivery,3,263.16
6996,20240901,783,Defective/Not Working,1,254.01
6997,20250108,283,Not as Described,4,1095.0
6998,20231215,439,Defective/Not Working,3,1052.52
6999,20250924,163,Defective/Not Working,3,107.37
7000,20240418,281,No Longer Needed,4,1013.92
