PromotionFactKey,DateKey,ProductKey,PromotionKey,PromoUnits,PromoRevenue
1,20230701,411,4,27,1412.15
2,20230317,377,21,33,6390.39
3,20240617,697,50,22,2663.42
4,20230818,538,42,29,1762.66
5,20231129,61,6,28,149.18
6,20240706,135,27,27,875.57
7,20250615,622,9,22,1344.92
8,20250203,574,20,29,7563.33
9,20230530,469,41,25,2856.25
10,20230129,616,49,25,4017.68
11,20260312,320,46,34,5211.02
12,20241225,263,22,17,924.48
13,20231205,684,50,28,2419.03
14,20230519,376,52,25,5202.19
15,20250408,446,11,24,947.22
16,20231213,800,28,27,2989.72
17,20240915,260,45,30,5140.08
18,20240811,203,14,24,8023.58
19,20231230,508,10,26,7317.04
20,20240817,514,16,20,6216.62
21,20250304,255,30,26,5059.68
22,20230216,689,35,27,1712.32
23,20230530,14,60,26,2298.37
24,20240806,297,19,26,3885.25
25,20250301,235,15,30,7081.73
26,20240606,760,39,19,3598.13
27,20250621,140,30,26,1677.32
28,20250719,424,57,18,2244.5
29,20250218,299,10,27,255.07
30,20230621,523,52,21,2468.1
31,20231003,686,5,30,4451.46
32,20240717,148,54,22,406.68
33,20240124,784,54,23,1821.09
34,20250114,338,8,28,3871.7
35,20260316,53,60,28,6198.76
36,20230506,389,43,26,304.09
37,20241029,713,42,31,7082.72
38,20231021,478,27,33,7071.03
39,20260427,63,3,36,1198.9
40,20250408,446,39,30,837.2
41,20240521,781,10,18,713.22
42,20260422,800,38,31,3041.2
43,20231206,529,47,26,1532.6
44,20251011,198,18,34,1359.26
45,20250926,620,44,26,2843.0
46,20231201,467,16,34,5166.63
47,20230817,320,29,20,3061.21
48,20250609,267,28,23,2611.41
49,20251023,384,44,19,769.92
50,20230531,57,23,26,448.1
51,20230525,202,32,26,6448.04
52,20260113,699,21,31,1742.86
53,20251030,474,46,17,3631.82
54,20230618,158,22,29,1465.95
55,20250401,417,9,33,5051.22
56,20250331,284,29,33,393.68
57,20230518,577,29,22,4810.07
58,20250322,432,32,26,5973.32
59,20250427,597,48,21,209.05
60,20250725,417,11,27,5473.18
61,20250524,546,1,25,1049.03
62,20260107,354,8,21,3196.48
63,20241010,2,46,23,1871.62
64,20241026,314,3,24,3314.23
65,20260504,240,39,24,686.44
66,20250711,117,8,30,1286.97
67,20260525,400,32,35,5378.11
68,20251122,226,37,26,5545.88
69,20231012,490,60,19,1288.89
70,20241004,269,57,31,367.01
71,20250204,678,26,25,2612.88
72,20250222,428,39,20,4587.6
73,20231027,262,28,29,5504.09
74,20231017,537,5,20,1926.34
75,20240422,50,38,16,2869.52
76,20251127,251,44,19,5147.73
77,20250417,442,3,26,548.54
78,20251109,467,19,18,2202.0
79,20240113,383,39,20,656.62
80,20230912,618,55,29,3167.36
81,20230228,395,23,28,8872.22
82,20230317,719,40,23,1231.88
83,20250408,185,59,32,3348.73
84,20260306,744,47,36,2840.51
85,20230922,331,42,24,4803.63
86,20241219,534,7,26,2269.6
87,20240304,432,32,26,5973.32
88,20250702,751,33,32,2271.41
89,20251129,230,10,23,1006.01
90,20240525,245,35,12,960.0
91,20250402,314,8,26,4041.57
92,20260528,158,10,32,2038.9
93,20230310,744,35,25,1529.55
94,20230802,675,39,29,5307.41
95,20260509,565,43,30,1018.75
96,20240203,223,20,23,5929.65
97,20230528,730,60,26,4581.84
98,20250420,786,49,36,2651.36
99,20241001,449,10,31,549.51
100,20240226,71,17,35,2166.57
101,20230726,647,49,23,2455.4
102,20241105,403,15,29,4096.9
103,20230129,177,55,39,2623.98
104,20250529,786,58,35,3732.77
105,20240727,505,56,30,2820.76
106,20231224,716,53,15,1300.3
107,20230602,503,56,29,6040.79
108,20230325,791,42,36,5779.59
109,20260517,275,21,37,1103.69
110,20231111,379,57,20,4630.65
111,20230207,359,35,24,2325.06
112,20260515,549,24,20,1923.32
113,20250906,499,35,29,4691.08
114,20230625,424,25,27,3700.76
115,20250419,24,7,25,2471.87
116,20230224,73,29,25,4098.6
117,20251109,110,6,28,4723.33
118,20260511,224,3,21,2468.21
119,20240208,52,20,28,527.4
120,20250609,505,36,13,1375.35
121,20230920,289,12,26,1017.92
122,20260418,265,12,29,5335.73
123,20240513,24,47,16,1614.4
124,20230719,206,29,26,703.46
125,20240911,552,9,26,3463.61
126,20230605,352,56,29,5171.96
127,20230601,246,26,27,6135.12
128,20240730,508,15,27,6503.28
129,20250403,577,40,21,4486.94
130,20240615,387,16,26,1568.61
131,20230627,501,20,21,3129.98
132,20230714,146,59,30,4270.16
133,20231119,1,41,21,1903.4
134,20250710,748,49,29,4047.52
135,20230703,37,56,32,8556.08
136,20241112,673,44,29,9492.29
137,20250821,762,16,26,6607.47
138,20240205,315,29,25,5531.72
139,20260422,506,36,36,1310.15
140,20240802,247,33,22,1834.07
141,20240821,716,42,32,2196.06
142,20260611,647,17,21,2947.81
143,20241201,618,60,25,2377.02
144,20251002,247,11,39,3772.07
145,20230720,320,34,27,3441.09
146,20231215,600,46,21,1045.21
147,20251120,760,3,34,6263.85
148,20240215,677,7,34,2690.19
149,20230406,297,8,23,3016.1
150,20251216,644,20,26,10209.02
151,20251127,778,9,34,5318.27
152,20251027,47,35,20,2792.62
153,20260207,147,42,22,834.85
154,20230214,587,46,33,6755.52
155,20231110,131,23,27,551.93
156,20230617,47,13,20,3913.28
157,20230830,21,29,29,6051.13
158,20230611,330,22,27,4839.36
159,20250515,509,50,24,1287.91
160,20230729,286,36,28,6555.44
161,20250818,330,30,35,6182.47
162,20240630,270,30,15,1360.12
163,20250623,323,45,33,4415.86
164,20240606,404,1,28,4488.61
165,20260601,365,49,25,4301.48
166,20251228,520,57,26,7109.38
167,20241027,74,7,28,3065.46
168,20241008,309,40,25,4931.7
169,20241004,762,25,20,4626.18
170,20250218,314,34,25,3747.55
171,20250425,155,33,28,3377.67
172,20240826,562,25,23,3607.96
173,20240707,468,16,30,9704.0
174,20250830,33,42,27,2803.11
175,20240723,382,15,23,785.85
176,20250227,514,14,24,7631.53
177,20230607,547,22,17,4160.45
178,20250306,696,11,10,1509.31
179,20231027,774,3,17,977.41
180,20250429,668,30,20,1479.78
181,20251209,127,31,16,3966.31
182,20231231,328,3,33,1471.31
183,20230425,581,13,36,1448.13
184,20241003,410,35,32,1865.27
185,20230804,789,8,29,7724.6
186,20240923,446,8,25,764.0
187,20251115,590,8,24,1025.4
188,20240210,646,55,24,4505.66
189,20240204,561,11,17,3160.03
190,20260412,135,49,23,549.18
191,20230426,690,36,27,2557.22
192,20260122,434,51,22,1760.27
193,20241227,701,16,21,1920.18
194,20250214,169,53,27,1938.22
195,20260611,168,18,23,2081.26
196,20230917,767,38,21,445.11
197,20251018,93,7,31,1486.8
198,20260320,174,52,31,5007.05
199,20230120,377,20,18,3640.95
200,20250806,90,49,33,4357.65
201,20251220,220,5,20,4097.33
202,20250323,184,55,28,7940.72
203,20230420,653,41,20,2974.31
204,20260309,331,5,21,4579.85
205,20250309,193,23,21,3003.2
206,20230416,346,58,34,7963.69
207,20250531,199,41,23,2071.0
208,20250817,222,54,30,4187.49
209,20240420,462,60,21,3738.85
210,20230122,701,45,29,1757.13
211,20240401,64,49,29,4003.44
212,20260222,738,35,32,4426.86
213,20240809,86,4,21,203.19
214,20241023,286,43,29,7701.59
215,20260126,448,38,22,437.22
216,20260208,492,59,27,2070.06
217,20260403,263,30,23,1232.68
218,20230618,295,11,37,6697.1
219,20231216,751,36,23,1675.78
220,20250903,598,47,25,2225.62
221,20250920,261,26,25,4159.71
222,20240804,567,7,26,4546.92
223,20240609,554,27,24,1127.2
224,20250530,580,13,30,7339.61
225,20251108,285,11,24,4096.16
226,20240109,504,58,28,574.89
227,20260510,602,59,25,1611.09
228,20231220,243,29,28,641.28
229,20240719,10,51,17,524.7
230,20251215,631,13,19,4390.26
231,20240310,782,23,25,2144.98
232,20240625,229,28,30,4038.44
233,20250602,360,18,33,3122.16
234,20240708,155,18,30,3261.07
235,20251015,644,10,31,10710.53
236,20231022,633,20,21,1078.88
237,20241129,229,48,25,3778.66
238,20230321,124,29,23,193.8
239,20260515,341,33,18,695.57
240,20230711,742,35,21,2889.68
241,20250929,302,25,26,2056.03
242,20251104,7,1,28,3045.67
243,20250817,169,18,20,1046.07
244,20240111,436,54,28,6151.22
245,20250614,582,59,30,9519.8
246,20230301,706,45,20,1656.97
247,20251031,128,52,21,679.64
248,20251031,144,35,30,4631.11
249,20230627,267,40,31,3219.8
250,20231231,471,13,26,776.8
251,20260306,24,22,28,2204.87
252,20250526,684,34,32,2890.06
253,20240608,669,2,25,5561.06
254,20230624,775,7,26,3926.17
255,20250927,563,41,34,990.32
256,20240821,112,58,37,10303.08
257,20250211,216,45,32,6515.41
258,20260131,759,25,19,3601.16
259,20241106,521,33,28,5246.74
260,20240514,773,22,35,1064.34
261,20260426,702,37,23,5099.55
262,20250508,345,9,18,3103.7
263,20250114,758,18,27,6087.95
264,20260516,100,23,25,1326.76
265,20250408,590,1,27,1148.2
266,20250629,467,7,28,3639.71
267,20230102,158,50,26,1257.25
268,20250701,712,21,29,2918.72
269,20251025,774,6,22,1306.83
270,20260430,85,40,27,1043.25
271,20240714,724,46,27,4213.69
272,20240921,725,2,26,8535.67
273,20250630,195,18,33,4808.89
274,20240125,415,15,27,1520.02
275,20260407,172,53,15,790.41
276,20240319,330,34,27,4839.36
277,20240821,482,19,23,1255.53
278,20240904,430,20,17,1468.05
279,20250920,406,39,25,2601.02
280,20230103,774,16,20,1832.21
281,20241207,742,20,32,6348.48
282,20240625,789,15,31,8590.19
283,20240119,366,45,23,5356.02
284,20250510,315,44,25,5716.85
285,20240323,286,60,27,6921.71
286,20260408,528,52,34,9632.51
287,20250328,714,56,27,529.31
288,20241004,547,21,30,10068.64
289,20250619,173,43,22,6488.51
290,20230726,501,43,35,4894.61
291,20230425,745,17,24,3927.07
292,20230117,534,21,25,2383.5
293,20230512,429,24,25,4011.57
294,20250316,2,49,28,1760.66
295,20260521,86,7,28,262.2
296,20230224,777,44,18,1619.02
297,20230524,262,42,27,4514.44
298,20230207,253,24,24,8617.58
299,20250611,227,9,34,6257.97
300,20240706,317,50,18,2688.42
301,20250723,529,45,31,1387.12
302,20231212,306,7,27,5638.87
303,20240203,287,55,32,7365.57
304,20250916,543,27,26,3350.51
305,20230302,310,19,25,1307.75
306,20250808,243,14,29,830.46
307,20240424,562,2,15,2457.79
308,20260401,420,38,24,2083.33
309,20230715,179,12,35,1043.27
310,20240627,420,14,25,2866.91
311,20260110,14,5,17,1426.43
312,20240310,445,21,28,5640.92
313,20230317,147,27,27,1144.11
314,20260215,93,46,19,872.76
315,20240903,782,22,26,1665.72
316,20231125,457,42,18,765.19
317,20250420,469,43,25,3372.63
318,20260122,565,22,25,631.64
319,20260220,122,13,35,5859.53
320,20250823,266,27,33,6734.52
321,20230314,104,12,28,3275.45
322,20231024,404,50,19,2822.86
323,20241223,275,39,30,617.92
324,20240310,386,21,30,4712.91
325,20260512,762,8,31,5565.61
326,20260511,400,51,29,3057.73
327,20240119,571,50,23,4375.23
328,20250704,792,29,27,2869.85
329,20260315,158,32,18,1249.28
330,20260319,264,51,20,119.78
331,20250406,178,49,29,4045.84
332,20260122,204,30,26,2188.45
333,20250924,685,20,24,3029.04
334,20231129,550,32,17,2949.62
335,20250313,712,2,28,2867.63
336,20250907,487,5,28,767.19
337,20231231,67,30,29,3920.72
338,20230127,198,60,27,1346.34
339,20230725,94,3,24,162.14
340,20251209,560,31,22,829.98
341,20230815,389,10,21,230.33
342,20230204,779,30,24,1985.68
343,20230608,572,36,32,2265.95
344,20250822,289,46,24,952.35
345,20240502,783,35,27,4238.41
346,20250819,195,37,33,6325.13
347,20260116,433,33,24,1050.64
348,20241014,326,25,28,6224.66
349,20231216,315,43,28,6933.68
350,20260401,336,53,21,6830.02
351,20240225,344,60,24,2089.61
352,20230815,122,37,25,4112.88
353,20260522,779,36,34,3382.08
354,20250107,578,18,26,5555.47
355,20230716,9,10,28,5010.54
356,20251211,340,25,21,4484.38
357,20240503,672,2,33,3051.73
358,20260209,310,58,33,1965.79
359,20230320,39,38,33,1984.53
360,20260521,250,7,32,5588.71
361,20241231,58,11,24,634.75
362,20250615,418,12,24,4178.26
363,20250207,634,44,28,2855.47
364,20230825,689,47,30,2453.64
365,20231209,560,3,19,437.88
366,20241020,664,27,20,456.4
367,20231013,73,34,23,3139.74
368,20250421,365,39,32,5610.67
369,20241001,467,35,36,3702.96
370,20240930,135,18,28,748.37
371,20240917,138,13,27,6712.27
372,20260601,646,52,21,3296.01
373,20230930,660,1,30,219.95
374,20250117,756,23,36,11822.77
375,20231027,368,19,22,1981.15
376,20251114,230,7,20,871.44
377,20260311,53,37,28,6536.74
378,20230605,414,58,28,4606.11
379,20230916,306,22,22,3659.24
380,20230108,518,5,32,946.9
381,20240331,257,14,36,5158.93
382,20240501,164,56,32,8645.16
383,20230601,464,41,22,3479.06
384,20240309,188,4,21,4685.85
385,20230404,712,59,32,2858.19
386,20250426,76,33,17,2771.13
387,20250817,644,34,25,6852.73
388,20250110,775,42,24,3262.2
389,20240523,686,20,31,5350.46
390,20260108,677,6,18,1079.56
391,20260428,729,36,17,4473.23
392,20240430,241,3,24,4284.16
393,20230729,560,22,30,750.51
394,20240101,772,28,22,4790.86
395,20250513,599,42,16,2526.64
396,20250828,109,41,25,6629.71
397,20241024,767,4,20,483.88
398,20260507,712,6,28,1955.8
399,20260228,100,55,26,1535.54
400,20230213,138,41,27,5487.63
401,20250613,238,10,33,6018.09
402,20230211,406,37,22,3307.05
403,20240612,393,15,22,331.11
404,20250116,491,8,21,2278.68
405,20260312,454,2,27,7583.89
406,20260420,385,50,20,1020.9
407,20240208,35,29,20,242.33
408,20230410,263,14,17,1388.21
409,20250128,590,58,27,1496.96
410,20231109,309,29,26,5248.41
411,20240515,781,11,21,884.1
412,20240508,724,8,21,2826.03
413,20250916,11,46,31,1261.89
414,20251006,642,52,30,2176.9
415,20230519,407,20,24,4014.42
416,20240218,332,41,41,3530.1
417,20240814,724,52,23,3719.01
418,20230816,577,41,26,5387.84
419,20250428,256,47,20,1725.82
420,20240625,119,35,22,4539.3
421,20230325,153,39,29,1537.12
422,20251221,100,6,27,1018.34
423,20230825,730,11,30,5457.07
424,20230511,775,55,33,5914.77
425,20230711,82,40,27,5904.72
426,20250527,560,58,28,942.6
427,20250912,697,23,22,3728.79
428,20251214,442,23,29,889.46
429,20241028,83,10,35,346.29
430,20230701,363,28,29,2623.84
431,20241014,216,52,37,9650.28
432,20250717,503,41,25,5628.95
433,20241001,185,50,31,2549.84
434,20250220,222,3,23,2624.2
435,20240110,293,27,21,6985.68
436,20240229,525,31,29,9081.12
437,20241220,793,3,20,1569.91
438,20240829,449,60,20,364.93
439,20241210,183,12,30,577.41
440,20251118,172,8,30,1148.23
441,20230217,501,51,33,3234.86
442,20240318,503,2,26,7177.08
443,20240726,309,25,25,5614.03
444,20230430,418,16,35,7538.18
445,20241026,455,24,36,1033.35
446,20231005,25,37,17,727.98
447,20240821,326,24,30,6597.04
448,20250111,187,10,28,5634.2
449,20230412,633,40,25,1052.3
450,20240426,2,47,28,2427.76
451,20250126,17,35,28,4000.68
452,20240908,309,34,22,3697.83
453,20250403,459,7,19,619.97
454,20250518,673,35,25,6550.65
455,20230609,233,52,15,1706.78
456,20240316,103,30,22,2284.53
457,20240414,495,14,23,456.06
458,20250301,589,7,25,1713.12
459,20250610,511,56,17,1277.18
460,20230105,652,40,29,3487.76
461,20240916,91,6,31,3515.14
462,20230301,724,29,33,5143.18
463,20230921,569,37,18,4884.3
464,20231126,264,21,26,226.66
465,20230405,316,18,27,4262.44
466,20260424,357,14,24,763.26
467,20260117,416,22,19,1520.74
468,20240218,206,4,25,730.74
469,20231030,31,20,23,5762.63
470,20240219,552,6,35,4388.29
471,20250808,101,36,28,6636.74
472,20250922,639,49,22,2657.39
473,20230711,355,14,26,3671.5
474,20240303,195,23,24,4502.8
475,20251021,128,21,33,1175.5
476,20230731,357,34,28,593.01
477,20231207,172,22,17,627.46
478,20260414,113,34,29,2148.33
479,20250128,433,15,29,1186.42
480,20240405,236,35,38,8931.67
481,20260531,378,47,28,5814.88
482,20230320,176,25,31,3997.59
483,20241007,587,20,33,8047.01
484,20230506,90,2,27,5354.19
485,20250218,223,22,22,3959.47
486,20241213,404,24,31,6362.86
487,20240511,723,41,25,6954.33
488,20241129,123,51,25,1801.66
489,20240602,29,50,19,1927.28
490,20241006,795,31,28,6179.39
491,20240519,103,24,24,3341.92
492,20230719,74,42,27,2660.76
493,20240813,300,40,27,1856.68
494,20230809,614,36,24,191.74
495,20230115,458,45,23,1619.29
496,20250827,343,31,19,312.78
497,20241230,407,39,27,2985.47
498,20250626,253,35,29,7828.69
499,20260520,17,48,27,5593.19
500,20260531,618,53,23,2406.36
501,20231229,321,12,27,7589.22
502,20240504,100,12,27,1269.49
503,20251028,662,26,23,2577.31
504,20230728,170,38,29,6902.54
505,20231012,686,25,24,3863.35
506,20230111,237,6,19,3818.13
507,20240111,487,54,21,526.57
508,20251116,524,23,23,2507.53
509,20250920,740,4,27,5214.11
510,20240928,632,60,22,5169.08
511,20240509,711,35,26,1435.68
512,20230822,435,32,19,3689.79
513,20251107,686,17,23,3386.05
514,20230728,31,8,31,5622.59
515,20241027,390,4,35,7339.46
516,20240428,417,11,22,4459.63
517,20230722,162,43,25,911.45
518,20260115,92,12,23,4119.08
519,20230429,201,11,35,5215.54
520,20230410,164,50,35,8589.48
521,20240918,216,47,27,7242.0
522,20240427,620,60,16,1828.86
523,20240301,624,40,31,490.39
524,20230928,710,11,34,1476.71
525,20260105,216,22,27,5651.85
526,20240201,686,6,19,2178.85
527,20260109,86,45,16,116.06
528,20260619,333,21,28,7542.57
529,20240103,750,29,31,523.81
530,20230904,103,2,24,3528.94
531,20230305,363,27,34,3026.11
532,20240623,29,17,28,3627.81
533,20230320,241,2,19,5137.75
534,20231225,170,50,33,6610.32
535,20240810,672,44,31,2549.72
536,20230108,428,18,24,6047.22
537,20231127,15,11,32,4797.55
538,20251003,285,9,17,2190.89
539,20240218,616,38,26,5110.93
540,20240802,680,36,26,5220.3
541,20241231,272,37,39,2193.46
542,20241101,80,51,30,4183.69
543,20230528,425,5,22,2624.36
544,20251028,707,5,19,3285.13
545,20240831,566,33,30,1815.82
546,20250211,743,57,23,5979.73
547,20230720,624,39,16,204.22
548,20230225,783,35,23,3610.5
549,20250905,407,15,26,3275.14
550,20240428,52,52,25,409.59
551,20250501,14,60,31,2740.36
552,20260511,694,56,19,819.5
553,20231218,527,27,23,1475.82
554,20251124,408,53,27,1790.29
555,20250423,656,7,31,6404.05
556,20240223,42,16,24,5388.6
557,20240822,623,56,35,4358.27
558,20250406,366,45,16,3725.93
559,20240928,63,58,26,1264.81
560,20260224,327,32,24,646.24
561,20251010,563,60,32,1062.4
562,20231104,394,34,28,2782.9
563,20260527,756,34,26,6375.81
564,20230926,383,53,27,1336.42
565,20231103,608,14,30,2890.54
566,20230401,519,34,31,1043.93
567,20240412,443,45,27,6145.72
568,20230922,63,10,23,1048.02
569,20260328,255,5,20,4863.49
570,20230220,177,60,23,1347.16
571,20250609,94,16,28,301.4
572,20241215,534,7,28,2444.19
573,20260108,173,41,25,6244.38
574,20240524,774,52,34,2643.96
575,20240501,296,39,29,1470.5
576,20230909,426,34,40,2054.09
577,20230815,591,4,26,2386.28
578,20240808,414,12,20,2900.93
579,20260621,431,2,26,613.62
580,20250425,291,24,26,3808.06
581,20250407,254,54,24,1531.15
582,20250318,54,2,27,3121.68
583,20251202,706,34,26,2214.59
584,20260622,274,60,26,3889.01
585,20240209,116,10,24,646.52
586,20250429,189,37,25,4372.86
587,20231109,46,39,28,5582.21
588,20251116,605,12,26,3098.86
589,20260125,710,11,32,1389.84
590,20250627,153,48,26,2096.41
591,20230802,621,25,23,4552.91
592,20240324,648,19,23,572.91
593,20230909,449,30,32,443.52
594,20241102,52,42,26,386.4
595,20241115,489,33,21,3900.83
596,20231007,791,8,35,5155.45
597,20250101,717,24,26,801.24
598,20251201,599,14,26,5454.91
599,20240202,297,23,23,3895.22
600,20260525,739,41,28,4930.63
601,20250622,402,52,22,369.3
602,20251128,712,29,23,2027.19
603,20241205,795,49,11,1495.91
604,20230118,288,51,25,428.66
605,20240119,694,46,30,1477.67
606,20251221,133,37,23,3085.49
607,20240301,266,47,23,4765.51
608,20260402,150,27,28,2370.76
609,20250830,408,34,23,1068.23
610,20241107,574,11,25,6095.69
611,20260426,760,19,31,7325.83
612,20230405,215,36,28,3706.84
613,20250113,124,12,32,266.39
614,20241021,758,56,30,6848.02
615,20260124,771,19,24,1547.38
616,20260311,69,3,28,3235.75
617,20251020,346,55,32,8301.17
618,20260120,675,2,23,6203.21
619,20250621,393,4,25,452.53
620,20250816,235,40,33,8474.86
621,20260404,450,60,24,6999.01
622,20250127,714,15,33,662.74
623,20260421,672,59,31,2500.17
624,20230616,73,18,27,3833.92
625,20251110,52,5,28,453.41
626,20240905,103,23,25,3527.75
627,20250406,697,22,21,2657.73
628,20230619,753,12,31,7004.79
629,20240404,284,12,33,388.93
630,20230823,629,5,28,4667.3
631,20250227,462,39,33,4288.19
632,20260116,102,60,26,5428.46
633,20240123,395,54,27,7199.64
634,20230507,128,46,24,749.68
635,20231124,40,39,26,3773.06
636,20230905,445,8,19,2894.39
637,20230608,327,33,29,656.52
638,20250420,528,40,30,8005.76
639,20230102,502,15,29,6978.78
640,20240714,312,3,30,3533.58
641,20230513,301,13,23,4816.17
642,20240327,21,7,33,7199.17
643,20260610,78,45,28,2490.18
644,20230120,439,32,32,9587.76
645,20240417,242,24,28,3951.16
646,20260204,288,52,37,839.03
647,20250116,675,50,26,4806.84
648,20250104,25,51,20,589.75
649,20251004,564,4,23,2652.0
650,20250307,409,37,22,4115.47
651,20260121,166,50,26,4294.01
652,20231102,603,29,27,4605.39
653,20260403,148,34,17,278.84
654,20230510,285,58,16,2743.89
655,20251127,191,6,31,6065.52
656,20240929,194,28,34,8534.64
657,20260409,600,20,27,1600.75
658,20230110,37,6,18,4349.89
659,20250616,436,14,15,4390.59
660,20240104,263,39,27,1390.4
661,20251013,202,37,22,5436.87
662,20240411,22,34,29,1902.29
663,20241006,94,45,27,192.59
664,20240210,415,1,20,1077.28
665,20230414,200,26,22,4229.73
666,20230217,9,59,28,4837.99
667,20240827,296,23,22,1577.69
668,20240601,716,16,21,1871.67
669,20240427,520,32,27,8339.85
670,20250103,472,41,14,305.98
671,20231213,185,19,28,2844.98
672,20250118,487,4,31,894.86
673,20240425,740,27,28,5259.81
674,20250111,190,55,21,896.26
675,20230611,90,53,29,5883.3
676,20231102,77,23,34,6193.74
677,20251221,188,2,29,6960.06
678,20250613,192,35,27,2374.08
679,20241015,208,60,21,3295.01
680,20230923,81,1,27,4765.81
681,20251221,13,33,27,1896.92
682,20230330,25,34,17,532.08
683,20230625,748,50,20,2873.49
684,20231031,763,51,27,5511.75
685,20250702,289,23,30,1325.72
686,20240911,376,41,28,5322.74
687,20250308,388,58,19,3326.43
688,20230824,412,31,27,1465.11
689,20230806,164,14,21,8089.99
690,20260519,341,26,22,928.29
691,20240901,757,57,33,2956.59
692,20240411,640,21,21,2707.73
693,20250901,537,39,30,2221.83
694,20230404,660,27,29,259.98
695,20260511,557,35,32,3263.83
696,20241003,311,9,36,8163.16
697,20240401,513,23,24,5102.56
698,20240221,299,42,30,254.13
699,20260525,138,27,23,5183.05
700,20230426,97,36,23,5115.47
701,20250622,431,14,28,711.07
702,20240128,52,31,31,614.71
703,20260501,10,54,26,959.96
704,20240626,173,13,29,8859.97
705,20230701,50,60,32,6550.77
706,20241008,274,7,24,3474.2
707,20260216,53,28,32,7005.29
708,20240508,338,2,25,4652.05
709,20250925,573,19,25,2684.96
710,20230924,565,10,26,828.0
711,20230509,415,22,29,1513.39
712,20260414,535,32,22,3211.81
713,20250302,207,7,29,8772.41
714,20250902,589,43,27,1980.47
715,20251228,17,35,30,4286.45
716,20251215,425,45,29,2732.28
717,20260111,772,6,32,5169.63
718,20250119,479,36,18,3359.88
719,20251215,790,49,31,2100.35
720,20260609,426,56,39,2109.0
721,20230706,22,52,24,1961.56
722,20251231,327,17,27,647.0
723,20251118,788,20,23,3450.0
724,20250727,336,8,20,4724.75
725,20250828,200,36,24,4337.63
726,20250628,479,44,19,3714.96
727,20250831,276,14,20,1245.96
728,20260220,708,59,30,3195.52
729,20251004,702,33,20,3741.35
730,20240907,2,57,29,2385.11
731,20260207,793,19,29,2919.94
732,20230409,610,54,20,447.8
733,20240928,647,47,28,4121.77
734,20251227,592,49,29,2995.54
735,20240823,112,22,24,4966.4
736,20231101,575,12,28,4055.93
737,20230819,366,43,23,7401.05
738,20251126,631,31,25,6256.93
739,20240131,265,49,31,4467.14
740,20250917,212,60,37,526.41
741,20250521,200,16,23,5149.58
742,20260625,98,5,29,7020.73
743,20250820,161,49,36,4214.04
744,20240328,762,47,29,6433.5
745,20231216,74,53,33,4107.83
746,20230318,167,15,20,3167.79
747,20260202,753,17,26,6050.12
748,20251119,5,18,29,3062.12
749,20250503,86,36,29,256.26
750,20231226,391,33,29,1335.31
751,20250912,56,18,35,6024.02
752,20250827,45,41,21,4010.49
753,20230101,788,40,23,2826.6
754,20240813,6,13,29,4906.27
755,20230515,121,16,17,4637.99
756,20230225,107,4,25,1864.78
757,20250506,578,13,25,7149.91
758,20241220,386,50,26,2849.11
759,20250520,177,23,22,1330.1
760,20260416,645,37,31,6847.72
761,20240911,775,17,23,3379.76
762,20240810,558,28,29,5586.48
763,20230317,701,10,25,1962.94
764,20231109,486,52,32,5065.9
765,20240410,432,28,15,3220.17
766,20260410,708,42,27,2670.82
767,20230524,590,11,17,938.02
768,20260219,394,53,20,2837.87
769,20250331,365,18,28,5392.77
770,20240106,147,59,23,939.85
771,20230829,616,3,34,5416.78
772,20250305,16,20,32,3476.18
773,20240909,1,11,28,2985.94
774,20240322,195,6,26,3466.74
775,20240903,148,59,25,499.05
776,20240205,744,8,22,1404.81
777,20260328,292,23,25,6749.59
778,20260615,170,12,34,8447.47
779,20250722,6,1,34,4264.32
780,20260507,524,32,23,2570.74
781,20230109,230,53,27,1337.62
782,20251010,395,53,32,10809.16
783,20250129,356,59,24,2333.32
784,20230608,41,1,24,4195.6
785,20241021,713,20,24,6949.8
786,20250322,287,2,20,4310.49
787,20230123,370,52,29,5914.97
788,20250127,442,21,26,816.59
789,20231214,25,10,34,1341.33
790,20260327,791,39,39,5245.89
791,20241105,231,22,18,2131.61
792,20251028,191,25,22,6042.38
793,20250503,318,17,25,780.71
794,20231205,748,51,32,4528.05
795,20250502,235,34,30,6564.59
796,20231005,464,53,28,5553.62
797,20250918,431,33,21,409.97
798,20240523,660,42,24,192.68
799,20240221,705,50,21,2994.93
800,20241018,639,16,30,5723.96
801,20240721,307,10,27,2763.27
802,20260626,398,5,28,1518.95
803,20240217,207,33,25,6952.39
804,20260322,216,12,24,5960.8
805,20230323,458,56,21,1600.67
806,20230216,478,11,28,6366.52
807,20240915,10,52,28,1142.94
808,20250105,94,2,30,307.01
809,20231115,67,2,22,4211.62
810,20230504,598,18,28,2023.56
811,20230520,714,56,33,646.94
812,20250719,444,15,22,4007.44
813,20250406,397,40,24,2620.99
814,20230605,632,34,25,4527.38
815,20241007,531,58,36,564.07
816,20260409,392,58,27,3364.09
817,20251002,623,23,23,3642.32
818,20250717,422,22,22,702.13
819,20230811,593,33,34,8507.58
820,20231024,726,48,27,6649.17
821,20230215,657,23,31,5370.15
822,20230127,656,57,24,4799.27
823,20240306,655,54,30,1491.87
824,20230331,539,51,21,3543.02
825,20260402,767,4,22,532.26
826,20250429,228,5,28,4527.03
827,20250406,27,13,32,3075.48
828,20260514,435,10,20,3565.63
829,20260124,200,28,25,4892.34
830,20260523,287,8,19,3042.92
831,20260412,177,39,21,897.74
832,20231202,536,31,32,6968.21
833,20240430,318,16,25,937.88
834,20241027,333,56,34,7032.87
835,20230503,652,10,25,3229.1
836,20230127,444,51,28,4454.28
837,20230520,716,1,26,1629.47
838,20260613,654,6,16,2118.6
839,20241216,404,26,20,3915.3
840,20260319,604,20,25,2338.43
841,20231021,789,6,28,6845.39
842,20240108,749,21,20,3458.57
843,20230306,36,3,35,4304.61
844,20240612,109,24,30,9236.65
845,20231201,574,7,29,6629.59
846,20250404,781,54,21,744.0
847,20260430,578,59,31,7749.98
848,20251210,193,60,26,3602.19
849,20230122,434,19,26,2609.28
850,20230623,721,6,24,3540.07
851,20240725,557,38,26,3033.77
852,20230317,212,58,26,383.66
853,20231228,384,38,29,1076.2
854,20250110,718,46,31,5009.07
855,20260122,439,49,31,6286.35
856,20230727,625,34,30,7621.3
857,20250527,273,7,33,4544.04
858,20240426,712,45,16,1142.14
859,20241110,627,9,24,4881.74
860,20230616,222,12,22,3232.91
861,20260413,454,9,25,5088.61
862,20230222,520,25,33,9918.62
863,20241016,59,55,32,2124.24
864,20260624,590,14,26,1608.57
865,20241011,336,3,21,4407.21
866,20251012,568,32,35,823.77
867,20260514,647,48,30,4964.74
868,20230610,194,8,35,7101.19
869,20230402,170,56,28,6174.34
870,20230227,740,32,25,5109.06
871,20230724,342,50,23,1402.3
872,20230123,516,51,31,1380.62
873,20251022,384,60,28,1186.06
874,20260223,634,55,18,2204.22
875,20230813,310,29,28,1488.59
876,20251106,48,27,25,1509.16
877,20241124,717,55,28,973.09
878,20230723,19,59,19,3629.69
879,20240822,74,30,29,2491.98
880,20240117,446,23,29,1144.56
881,20230907,593,33,22,5504.91
882,20260303,137,10,26,365.69
883,20231130,378,2,30,6785.24
884,20231003,725,44,21,6131.7
885,20260114,39,22,27,1428.5
886,20240830,93,51,41,1475.44
887,20240309,331,55,30,7917.79
888,20250501,242,6,24,2439.09
889,20250527,639,16,30,5723.96
890,20260410,20,32,21,986.01
891,20251027,664,11,21,508.52
892,20240804,741,57,26,4174.74
893,20250122,416,60,28,2907.65
894,20230121,73,22,22,3003.23
895,20241207,321,56,18,4490.46
896,20250311,566,51,36,1778.39
897,20250830,179,39,33,785.06
898,20231201,798,53,27,3131.98
899,20231225,51,56,29,1527.2
900,20231122,770,39,20,1087.29
901,20260112,351,25,22,6378.41
902,20240406,525,35,25,5157.83
903,20250909,566,23,19,1334.22
904,20230317,337,14,34,9043.47
905,20260129,768,5,28,5433.85
906,20250924,342,22,30,1912.09
907,20251114,320,1,29,3814.83
908,20241202,421,4,26,1731.85
909,20231029,481,36,14,2764.91
910,20230925,774,22,31,1934.76
911,20240308,208,43,25,4063.59
912,20240317,111,18,33,6631.41
913,20250208,524,16,20,2389.87
914,20241027,348,39,24,3300.47
915,20250407,275,26,19,520.91
916,20230502,540,34,33,6767.22
917,20250804,314,18,19,2962.61
918,20260614,612,29,26,4753.34
919,20230501,122,11,28,4509.0
920,20230522,134,47,27,6447.31
921,20240627,653,54,23,3386.64
922,20250919,774,32,24,2056.57
923,20240523,51,20,26,1862.55
924,20250821,771,3,24,1206.33
925,20240603,746,50,33,7733.64
926,20260312,610,32,22,600.09
927,20231120,45,14,31,7810.05
928,20230510,256,8,24,1676.02
929,20251228,293,11,28,9883.78
930,20240307,492,49,26,1522.04
931,20250328,601,22,26,282.85
932,20230801,565,8,27,707.4
933,20230414,1,40,25,2336.37
934,20250618,236,31,29,10345.74
935,20231203,193,1,28,3086.12
936,20230123,224,26,20,3216.28
937,20230220,629,6,24,3091.8
938,20240219,731,60,17,5836.89
939,20240425,414,30,22,2650.54
940,20230510,325,30,21,2881.36
941,20240109,412,5,30,1329.39
942,20240609,442,17,24,671.6
943,20240407,609,36,23,4223.34
944,20241122,494,43,28,8906.74
945,20241030,448,24,25,577.66
946,20260420,442,13,23,733.38
947,20240927,518,39,25,568.83
948,20250908,606,55,26,1307.29
949,20230108,13,23,29,2363.76
950,20230222,121,42,28,5881.97
951,20250120,587,1,19,3338.35
952,20231213,144,24,26,5338.51
953,20250321,26,58,19,5712.52
954,20241028,476,29,30,5270.38
955,20260407,771,12,17,1100.54
956,20260618,324,30,22,2835.43
957,20240228,103,39,32,3192.85
958,20240805,299,29,36,324.05
959,20241128,286,33,21,4789.83
960,20240831,57,48,27,500.53
961,20250307,226,55,27,6273.52
962,20240105,138,12,18,3813.44
963,20241119,93,24,25,1261.98
964,20240814,83,56,33,272.78
965,20240718,695,33,17,2679.71
966,20260617,115,51,22,3330.26
967,20251028,685,20,22,2776.62
968,20230622,239,11,24,3552.38
969,20241125,798,37,33,3668.48
970,20231102,490,47,24,1607.9
971,20241030,410,40,26,1790.19
972,20231106,126,33,19,1626.81
973,20240502,139,30,29,6806.64
974,20241119,245,26,22,2232.75
975,20241127,126,49,24,1654.24
976,20260307,490,51,33,1625.55
977,20260620,220,20,22,5242.55
978,20231110,761,47,28,8995.13
979,20230107,267,54,33,3291.36
980,20230926,782,41,34,2479.42
981,20250412,697,3,26,3031.3
982,20230829,376,49,27,4190.21
983,20260215,611,14,24,2680.95
984,20260524,607,33,24,3134.16
985,20260504,82,45,23,4168.66
986,20231107,150,9,32,2171.01
987,20260527,483,52,26,3381.57
988,20250422,642,40,28,1913.8
989,20260102,376,59,27,5487.87
990,20230508,584,4,37,9060.71
991,20250725,782,12,20,1520.28
992,20260510,239,35,30,3294.37
993,20240306,224,33,22,3240.08
994,20251212,266,30,26,4143.4
995,20231127,746,6,32,7461.47
996,20230201,675,58,25,6501.82
997,20230925,790,48,23,2415.67
998,20250724,537,23,24,2513.79
999,20230304,205,4,30,1994.42
1000,20240831,274,43,23,3563.91
1001,20260106,494,36,23,6449.86
1002,20230101,316,6,35,5055.68
1003,20250801,737,26,20,3639.33
1004,20240205,738,33,27,4339.56
1005,20260430,624,51,25,317.47
1006,20260111,478,44,29,6111.03
1007,20240117,506,58,24,991.95
1008,20230520,604,11,31,2710.9
1009,20230429,716,42,29,1990.18
1010,20251214,630,26,26,6926.28
1011,20230601,683,2,23,8518.04
1012,20240615,246,20,39,10071.3
1013,20230126,763,45,25,5268.94
1014,20230213,604,8,21,1421.95
1015,20231105,721,19,21,3845.78
1016,20250324,113,35,27,1987.3
1017,20230426,609,17,29,5491.27
1018,20260522,181,10,15,4020.98
1019,20260119,266,12,24,4604.59
1020,20240220,672,51,28,1748.11
1021,20240115,404,5,32,6120.65
1022,20250529,764,26,25,748.13
1023,20250816,427,16,22,8356.98
1024,20240915,174,5,33,5268.19
1025,20250731,119,41,36,8509.68
1026,20240317,759,30,23,3215.7
1027,20250302,713,42,26,5940.35
1028,20231011,38,15,26,639.74
1029,20260310,415,7,21,1376.04
1030,20240723,437,51,24,1340.02
1031,20250419,715,21,26,3778.91
1032,20241228,157,12,29,366.19
1033,20250217,727,28,30,716.52
1034,20240721,734,46,31,846.59
1035,20250708,436,16,20,5722.5
1036,20230731,378,9,24,3933.56
1037,20250922,431,58,32,728.26
1038,20240124,608,32,26,2290.56
1039,20240825,458,3,21,1400.28
1040,20250226,427,26,25,8154.78
1041,20250908,577,24,25,6014.78
1042,20240706,598,5,26,2224.62
1043,20240216,400,47,27,3871.91
1044,20250111,209,9,24,3844.2
1045,20241220,500,39,31,7205.37
1046,20230122,402,14,24,485.53
1047,20240814,533,1,32,3484.47
1048,20240904,184,32,19,4964.02
1049,20241227,388,46,31,4850.23
1050,20250402,766,40,27,4142.45
1051,20231130,353,3,31,4085.49
1052,20250117,712,7,23,2119.45
1053,20230824,636,52,29,3147.4
1054,20250920,239,11,24,3552.38
1055,20260212,454,5,24,5949.06
1056,20230730,622,59,23,1692.18
1057,20250926,29,27,28,3747.15
1058,20230413,255,37,25,6753.96
1059,20260605,285,46,19,2911.9
1060,20250716,561,30,23,3146.19
1061,20230930,634,23,27,2971.06
1062,20231109,759,34,24,3404.78
1063,20260610,271,42,22,2812.03
1064,20240201,345,54,28,5380.62
1065,20260603,575,44,31,4697.37
1066,20230321,306,14,15,3746.41
1067,20260124,208,33,21,2931.62
1068,20240211,754,20,21,7644.94
1069,20240630,458,23,25,2423.41
1070,20231210,637,28,21,1229.37
1071,20251024,333,55,25,7318.66
1072,20250126,262,58,24,4777.73
1073,20241031,754,56,30,8028.6
1074,20231223,745,25,16,2862.63
1075,20230310,18,14,32,1469.29
1076,20240816,44,2,28,4544.36
1077,20240420,265,59,22,4152.01
1078,20240414,101,18,27,5618.21
1079,20260627,35,24,26,346.65
1080,20250921,611,31,31,3477.73
1081,20231227,33,17,24,2693.68
1082,20240508,650,41,22,2220.51
1083,20260102,361,52,28,4739.5
1084,20251223,780,3,23,1028.49
1085,20230220,592,30,33,3615.12
1086,20241126,206,8,26,607.41
1087,20230316,278,17,24,4668.89
1088,20260517,67,60,31,5517.5
1089,20230809,533,12,26,3254.48
1090,20250721,609,22,31,4804.11
1091,20250531,429,46,24,3504.41
1092,20251004,40,50,23,3371.71
1093,20251017,565,38,31,890.27
1094,20230421,429,13,23,3888.19
1095,20240205,651,36,42,2113.54
1096,20240320,318,25,32,1092.67
1097,20241212,144,55,31,7178.22
1098,20260129,189,24,23,3885.94
1099,20241220,487,19,29,762.44
1100,20230717,668,52,28,2619.19
1101,20250511,15,11,18,2698.62
1102,20260130,653,48,26,4893.32
1103,20230414,130,35,29,1943.46
1104,20230312,355,31,25,3545.41
1105,20260629,304,38,18,916.27
1106,20250326,389,47,20,223.0
1107,20250313,769,48,28,2337.95
1108,20230601,613,23,20,768.86
1109,20240114,292,4,21,5492.69
1110,20250804,723,18,23,5846.74
1111,20230508,478,53,28,6786.88
1112,20250909,200,49,24,3401.83
1113,20231125,22,20,26,2443.09
1114,20251029,164,60,28,9319.95
1115,20251206,379,17,28,6517.21
1116,20260309,559,49,28,892.06
1117,20240823,512,33,26,1221.63
1118,20230206,111,44,19,4555.73
1119,20260101,410,33,34,2302.54
1120,20260206,317,48,28,6297.59
1121,20230921,625,44,28,8828.62
1122,20230607,153,27,26,1836.7
1123,20230105,589,45,33,1751.73
1124,20230216,650,20,17,2159.36
1125,20250228,353,50,26,3558.1
1126,20230602,181,44,22,5807.17
1127,20231201,113,26,32,2987.98
1128,20250205,2,24,32,2861.61
1129,20250605,450,26,29,8216.11
1130,20230317,651,7,28,1493.15
1131,20240907,25,21,28,1201.84
1132,20260312,601,27,17,233.4
1133,20250917,574,20,23,5998.51
1134,20260112,532,55,27,8217.02
1135,20241128,577,3,32,5366.76
1136,20251024,324,32,26,4668.39
1137,20230620,468,11,28,8263.46
1138,20260102,759,28,37,6734.29
1139,20231116,479,45,26,3983.94
1140,20230625,514,35,25,5259.95
1141,20250314,550,47,20,3238.53
1142,20240421,656,60,29,6190.33
1143,20260303,462,42,30,4652.88
1144,20240415,662,55,30,3974.88
1145,20260223,72,45,20,1448.61
1146,20230131,430,50,24,1384.02
1147,20240904,161,35,23,2878.62
1148,20231211,647,35,29,3310.19
1149,20260526,547,11,23,7538.3
1150,20250423,430,14,32,2896.74
1151,20230709,650,19,15,1571.72
1152,20250702,429,23,28,4553.08
1153,20260330,234,17,25,6059.1
1154,20250318,25,55,20,932.93
1155,20240108,508,23,20,5980.27
1156,20231009,204,23,33,3774.51
1157,20260119,440,48,33,3366.32
1158,20250905,33,21,27,3401.22
1159,20251010,345,50,32,5219.44
1160,20230309,456,10,25,4297.1
1161,20250728,11,25,26,1175.8
1162,20251110,231,25,31,4904.64
1163,20250227,752,17,31,1968.2
1164,20230526,213,2,24,5208.21
1165,20240918,764,38,22,593.7
1166,20230824,256,29,26,2102.82
1167,20240121,206,57,27,739.32
1168,20260527,408,11,20,1244.0
1169,20250329,776,43,30,2348.74
1170,20230927,416,9,23,1861.61
1171,20260322,487,27,17,477.35
1172,20250812,639,28,32,5336.51
1173,20240628,246,34,24,4326.58
1174,20251119,767,16,32,875.9
1175,20241029,631,21,26,5917.53
1176,20240610,485,29,20,1870.49
1177,20250722,695,17,22,3670.71
1178,20241107,775,10,29,4396.01
1179,20241216,180,38,23,407.5
1180,20230907,662,55,22,2914.91
1181,20241020,633,51,24,810.93
1182,20241129,621,36,33,5793.51
1183,20250701,41,15,32,5846.83
1184,20230201,77,60,19,3353.17
1185,20230206,490,32,29,2081.83
1186,20230118,456,50,27,3522.09
1187,20240428,766,36,38,5886.02
1188,20240325,686,57,17,2489.56
1189,20260228,327,50,24,450.25
1190,20230528,95,53,28,1900.36
1191,20230525,598,16,24,2447.57
1192,20230629,429,26,21,3213.94
1193,20230110,649,59,21,4252.13
1194,20241107,413,14,23,2125.43
1195,20240607,76,12,23,3853.61
1196,20241128,483,20,24,3588.66
1197,20240708,758,53,21,6498.83
1198,20260122,127,39,25,3891.52
1199,20241018,658,11,26,6007.06
1200,20251112,199,25,34,3593.34
1201,20240501,363,29,20,1693.9
1202,20241213,90,36,23,3872.63
1203,20251014,657,18,17,2287.35
1204,20231004,598,48,33,3302.75
1205,20251116,388,44,26,4198.46
1206,20231004,659,25,25,3439.51
1207,20230709,308,46,21,4356.61
1208,20230401,99,33,23,6007.96
1209,20240609,9,36,25,4205.51
1210,20231129,486,9,22,2826.69
1211,20231211,694,50,23,901.16
1212,20250828,438,37,30,1046.47
1213,20231106,72,37,30,3056.45
1214,20250719,420,1,23,1812.97
1215,20240226,714,51,29,508.63
1216,20250805,332,54,25,2131.22
1217,20240315,13,27,23,1766.68
1218,20240824,784,9,35,2486.59
1219,20230626,750,19,22,365.77
1220,20250127,732,57,22,1511.52
1221,20231104,369,19,29,2091.21
1222,20240915,193,55,26,4137.83
1223,20260605,498,36,20,4562.03
1224,20230109,190,51,27,728.44
1225,20230907,195,15,18,2720.33
1226,20241209,115,43,26,5614.84
1227,20251228,776,14,29,2536.6
1228,20250518,94,35,31,225.87
1229,20240911,44,27,23,3375.92
1230,20260213,178,15,24,3887.02
1231,20250518,230,22,25,867.53
1232,20241202,537,5,27,2600.55
1233,20241224,777,32,24,2387.99
1234,20240423,701,2,30,2607.91
1235,20230710,745,37,12,2198.64
1236,20251119,387,12,31,1511.78
1237,20240527,56,56,26,4530.32
1238,20251227,248,29,30,5149.37
1239,20230309,91,51,32,3591.76
1240,20251008,399,44,31,1250.93
1241,20260513,619,11,31,2497.6
1242,20250828,636,27,35,3847.6
1243,20231128,417,20,28,6071.1
1244,20231216,528,51,25,5355.45
1245,20260310,713,16,29,8605.02
1246,20230714,19,48,23,5200.63
1247,20260521,569,21,28,7615.65
1248,20251102,157,32,22,321.46
1249,20241004,443,1,24,5796.95
1250,20260625,555,21,32,3090.45
1251,20230215,582,47,32,10691.02
1252,20231129,700,33,26,2972.32
1253,20250322,148,23,18,395.39
1254,20231119,531,38,25,330.88
1255,20231104,265,48,27,6031.31
1256,20231109,785,57,32,6585.06
1257,20250922,763,16,18,5724.95
1258,20231021,784,43,27,2549.51
1259,20231207,784,24,25,2321.12
1260,20240515,44,21,19,3030.38
1261,20231027,34,47,28,4879.84
1262,20240904,323,20,15,2956.07
1263,20230406,663,49,22,3876.22
1264,20230204,195,3,27,3484.53
1265,20250426,187,15,21,3616.6
1266,20250928,479,29,24,4540.62
1267,20240104,2,1,20,1396.86
1268,20250702,459,46,27,843.79
1269,20250612,748,43,28,5652.33
1270,20250316,94,23,32,314.27
1271,20260416,262,7,27,5015.33
1272,20230904,660,53,27,273.81
1273,20230606,538,19,24,1525.15
1274,20231023,585,7,30,3825.18
1275,20260304,718,11,31,5578.28
1276,20231008,236,41,32,8616.76
1277,20260208,563,47,22,721.35
1278,20250313,122,49,24,2681.74
1279,20240607,151,30,24,6661.89
1280,20250224,284,10,25,313.01
1281,20241222,715,48,26,3969.41
1282,20260605,448,40,37,759.25
1283,20260619,449,56,36,533.14
1284,20251120,680,13,19,4482.56
1285,20251105,405,13,30,6104.26
1286,20251215,120,9,21,2475.63
1287,20240510,181,56,29,6494.77
1288,20260129,767,50,26,463.79
1289,20240406,759,21,21,4085.6
1290,20231027,97,21,20,5148.37
1291,20260612,223,20,20,5156.22
1292,20251021,622,25,31,2503.71
1293,20230428,779,50,23,1847.06
1294,20240813,607,19,31,4144.14
1295,20230712,395,1,33,8058.94
1296,20240711,655,18,26,1193.35
1297,20240603,644,15,24,7096.87
1298,20240128,54,29,33,3283.51
1299,20250408,177,27,32,1823.21
1300,20250810,633,37,25,1226.72
1301,20241101,181,12,23,5803.75
1302,20230505,5,21,18,2505.77
1303,20251128,580,56,19,3515.84
1304,20230403,585,12,27,3253.12
1305,20250408,583,15,16,1961.9
1306,20250101,327,2,29,793.67
1307,20250325,140,7,22,1808.23
1308,20230130,273,60,24,3414.77
1309,20230919,656,30,24,3891.47
1310,20260413,49,19,25,3623.55
1311,20240503,479,39,38,5668.69
1312,20240524,439,51,30,6167.77
1313,20250513,197,28,26,3132.33
1314,20251004,309,34,25,4202.08
1315,20230609,258,26,20,472.44
1316,20250706,71,6,23,1109.02
1317,20240728,373,60,20,3876.34
1318,20250221,207,46,28,8112.03
1319,20230617,240,32,19,787.93
1320,20240922,723,15,28,7381.81
1321,20260406,291,19,21,2750.21
1322,20231120,512,54,30,1376.2
1323,20260624,42,57,20,3718.31
1324,20260326,467,7,26,3379.73
1325,20260625,59,7,21,1174.48
1326,20240721,585,8,27,2843.17
1327,20240117,193,37,28,4090.79
1328,20250529,591,4,32,2936.96
1329,20250721,324,42,26,3842.95
1330,20241011,768,36,19,3547.66
1331,20230601,266,29,28,5437.53
1332,20240802,262,20,28,5933.63
1333,20250807,648,47,30,810.31
1334,20230222,425,21,24,3188.1
1335,20231012,218,2,22,3698.7
1336,20241218,464,5,25,4277.34
1337,20230712,130,29,29,2349.14
1338,20240818,342,59,24,1861.67
1339,20260207,370,43,31,6820.57
1340,20230123,717,54,27,709.57
1341,20250205,784,43,17,1605.25
1342,20250201,650,17,24,2600.29
1343,20230105,216,28,28,7519.65
1344,20250622,634,4,22,2345.3
1345,20251008,42,37,14,2929.89
1346,20241011,216,7,17,4468.24
1347,20241126,647,26,22,3185.71
1348,20230104,208,20,25,4330.93
1349,20250804,652,16,23,3459.59
1350,20230722,24,60,31,3167.15
1351,20250930,181,8,21,4631.31
1352,20260504,186,51,33,3713.28
1353,20251101,12,8,33,5597.32
1354,20260329,793,22,23,1959.78
1355,20230716,428,15,42,10975.2
1356,20230305,509,7,25,1760.96
1357,20230212,232,7,27,5984.28
1358,20240528,303,35,27,1754.87
1359,20240216,527,50,20,972.71
1360,20230319,323,47,27,4759.57
1361,20230731,113,54,30,2504.67
1362,20260312,728,30,29,426.47
1363,20250526,726,6,18,2928.8
1364,20250217,297,30,25,3115.73
1365,20230206,370,34,17,2782.87
1366,20240628,186,51,16,1800.38
1367,20250127,597,60,22,197.25
1368,20260606,227,27,25,5742.67
1369,20260220,15,36,25,3316.13
1370,20250727,12,20,19,4451.82
1371,20250610,93,34,28,1069.52
1372,20230828,482,1,19,905.95
1373,20241125,630,47,21,5687.07
1374,20230409,368,37,25,2606.61
1375,20230313,286,37,20,5406.74
1376,20241027,368,19,27,2431.41
1377,20250316,478,17,26,5393.69
1378,20240101,263,33,22,1381.04
1379,20231231,669,44,29,5737.37
1380,20251012,725,12,26,7257.29
1381,20230508,316,50,23,3339.14
1382,20260625,133,11,32,4202.05
1383,20241007,449,10,22,389.98
1384,20240908,214,27,23,5586.04
1385,20240526,362,49,19,3763.53
1386,20240420,357,43,28,797.04
1387,20250522,793,13,26,3084.47
1388,20250521,418,21,26,5231.79
1389,20230314,664,40,27,572.97
1390,20251101,44,45,24,2714.95
1391,20230718,538,9,31,1685.88
1392,20230908,704,54,42,558.51
1393,20230627,157,48,33,505.91
1394,20230622,62,51,19,4758.11
1395,20240617,786,52,19,1876.26
1396,20230426,260,35,34,5950.6
1397,20250427,376,25,22,4908.72
1398,20240403,204,47,25,2735.9
1399,20251127,256,41,31,2376.31
1400,20250817,420,50,21,1534.14
1401,20230620,151,60,30,10962.77
1402,20250827,66,37,23,4552.09
1403,20250319,48,58,24,1544.77
1404,20230425,334,33,24,4594.91
1405,20250212,162,40,31,986.89
1406,20230926,314,41,29,4948.21
1407,20251127,24,8,29,2368.05
1408,20230804,356,19,37,3492.65
1409,20240421,647,14,31,5347.8
1410,20240310,331,1,28,5117.95
1411,20250728,272,4,26,1386.7
1412,20240516,753,5,28,6566.95
1413,20230803,710,46,31,1209.02
1414,20250410,11,36,23,922.47
1415,20231117,98,10,34,8424.63
1416,20230902,193,53,21,3201.49
1417,20260222,235,26,28,7722.71
1418,20230714,768,2,37,8136.59
1419,20240425,398,9,29,1291.83
1420,20240308,399,35,27,872.18
1421,20230213,185,45,20,1672.7
1422,20230429,653,2,26,4740.41
1423,20241217,442,13,25,797.15
1424,20260228,760,57,23,5590.59
1425,20250830,717,18,26,630.66
1426,20240511,220,37,25,5690.0
1427,20241121,99,41,26,6697.01
1428,20240330,519,18,25,875.71
1429,20250322,484,23,22,282.4
1430,20260515,387,47,24,1263.98
1431,20240716,402,20,29,559.67
1432,20231208,299,58,28,282.4
1433,20230118,266,11,21,4547.66
1434,20241220,483,40,19,2327.66
1435,20231224,573,46,21,2295.25
1436,20240731,252,38,32,589.36
1437,20230130,571,9,24,4826.34
1438,20230403,50,39,29,4332.94
1439,20240411,720,42,24,6925.79
1440,20250708,139,34,31,7382.88
1441,20260509,700,42,27,3022.15
1442,20250310,732,40,27,1791.24
1443,20251114,757,49,37,2534.45
1444,20240818,395,19,36,10065.12
1445,20241129,285,28,27,4414.56
1446,20241215,255,48,19,5404.44
1447,20250331,781,13,27,1181.73
1448,20251128,214,6,26,4762.13
1449,20230514,435,19,32,5348.45
1450,20230308,548,16,22,4227.9
1451,20250619,638,7,25,693.33
1452,20240921,342,11,19,1621.79
1453,20240319,798,25,25,2713.84
1454,20260625,96,21,28,4892.64
1455,20260205,11,56,23,819.84
1456,20260430,73,25,24,4377.11
1457,20240101,398,1,16,727.46
1458,20231023,222,51,31,3617.21
1459,20241204,98,28,34,8575.07
1460,20230206,580,52,28,6130.47
1461,20260222,477,26,28,5563.51
1462,20241001,767,43,27,676.71
1463,20260513,423,34,26,423.54
1464,20240818,267,40,24,2492.75
1465,20240302,33,58,24,2966.6
1466,20231003,49,58,26,4291.47
1467,20250210,646,24,26,4328.26
1468,20241118,602,13,25,1843.06
1469,20260413,25,43,24,1009.62
1470,20250603,207,26,25,7591.47
1471,20251013,399,44,18,726.34
1472,20231205,564,24,31,3640.87
1473,20250628,551,16,27,979.88
1474,20230927,724,17,24,3805.59
1475,20250618,508,23,20,5980.27
1476,20240816,579,47,22,4230.43
1477,20250827,2,39,20,1281.55
1478,20241112,24,17,27,2597.83
1479,20241215,789,40,27,8139.64
1480,20240520,410,28,24,1806.42
1481,20250602,57,3,31,367.52
1482,20241113,436,9,28,5519.42
1483,20230813,434,9,31,2662.39
1484,20240220,380,43,26,5208.38
1485,20231026,324,42,24,3547.34
1486,20230501,129,15,24,4602.04
1487,20241027,792,52,31,3418.52
1488,20251117,13,33,34,2388.71
1489,20240615,198,4,28,1396.21
1490,20241226,251,12,25,6475.03
1491,20231211,758,36,24,6164.27
1492,20251114,168,31,25,3279.72
1493,20260310,418,6,25,3491.32
1494,20230815,337,59,31,6682.93
1495,20250424,394,6,28,2648.68
1496,20240224,382,37,23,996.66
1497,20260627,730,38,31,4786.02
1498,20241012,542,5,31,2813.43
1499,20230201,92,53,35,7542.18
1500,20230830,637,34,23,1049.49
1501,20231016,597,55,25,257.47
1502,20250806,533,27,27,3594.88
1503,20241104,458,30,26,1854.71
1504,20251222,69,58,29,4895.38
1505,20250528,566,14,32,2519.56
1506,20231214,462,33,28,4435.34
1507,20250105,44,21,26,4146.84
1508,20250513,47,59,20,3420.73
1509,20241229,398,7,22,1216.83
1510,20231205,173,34,20,4388.71
1511,20260111,349,23,22,5512.83
1512,20250326,739,40,25,4539.14
1513,20231223,615,3,17,1050.76
1514,20230718,418,28,28,5270.95
1515,20230210,563,39,26,630.02
1516,20240801,439,60,31,8776.96
1517,20231113,535,1,27,2963.25
1518,20230323,792,14,25,3322.47
1519,20240620,488,29,24,4265.79
1520,20231120,202,44,29,6501.48
1521,20230526,415,26,31,2039.11
1522,20260224,190,29,26,894.19
1523,20241014,593,41,35,8635.83
1524,20230424,415,13,24,1743.78
1525,20240916,307,59,14,1383.46
1526,20250829,763,25,20,5789.74
1527,20250711,359,12,27,3123.6
1528,20250804,545,42,16,275.69
1529,20250629,583,57,26,3591.94
1530,20230220,611,1,30,2303.5
1531,20260529,198,53,32,1755.82
1532,20241228,495,11,19,336.01
1533,20241211,571,2,21,5827.67
1534,20240221,488,17,30,5425.03
1535,20240411,695,53,34,6628.35
1536,20231122,529,17,28,1573.87
1537,20260405,261,25,24,4232.72
1538,20250628,370,50,39,6107.09
1539,20230126,130,44,28,2344.04
1540,20260629,410,20,22,1848.86
1541,20240830,300,56,33,2036.13
1542,20250325,421,3,29,1371.57
1543,20250401,108,14,27,617.59
1544,20260511,58,35,28,549.4
1545,20230916,787,35,26,3576.58
1546,20250130,173,60,25,7117.54
1547,20251008,654,20,18,3587.22
1548,20251027,774,11,33,2758.25
1549,20240227,444,9,25,4268.87
1550,20260521,702,7,26,5290.53
1551,20230228,644,34,31,8497.38
1552,20250324,95,33,26,1426.8
1553,20251205,579,27,22,4166.73
1554,20250225,86,46,18,161.43
1555,20251111,500,58,34,11230.1
1556,20260111,299,7,25,235.28
1557,20260629,353,51,24,3234.72
1558,20231004,556,31,38,12131.08
1559,20260408,254,29,27,1835.58
1560,20260629,75,26,29,2672.16
1561,20231126,724,1,30,4018.41
1562,20230930,30,55,17,5126.72
1563,20250321,14,18,23,1630.06
1564,20230206,284,53,23,326.17
1565,20260604,624,59,29,475.72
1566,20230520,627,39,24,4571.3
1567,20260603,10,57,22,876.01
1568,20241027,629,35,22,2958.63
1569,20251103,518,12,37,1054.83
1570,20231219,184,29,25,5713.24
1571,20241110,412,8,27,1007.46
1572,20240926,347,16,21,1124.69
1573,20240106,542,12,28,2448.27
1574,20230527,563,6,20,487.1
1575,20231013,403,37,25,4479.24
1576,20231003,513,23,31,6590.8
1577,20251109,309,58,24,5428.38
1578,20230302,244,44,28,7730.1
1579,20240110,341,46,34,1368.75
1580,20240317,663,31,25,7148.26
1581,20230326,413,49,29,1658.43
1582,20250522,723,4,13,4121.91
1583,20230918,651,14,32,2040.75
1584,20240825,487,39,21,442.44
1585,20251222,31,7,20,4392.34
1586,20250607,631,19,35,6863.94
1587,20231209,62,24,34,11943.58
1588,20231118,598,13,26,2515.04
1589,20241012,492,27,23,1828.61
1590,20260429,762,41,27,5320.94
1591,20241208,7,13,21,3081.25
1592,20240301,622,5,20,1488.95
1593,20251128,62,5,32,10475.2
1594,20250823,477,2,30,6599.58
1595,20251002,283,23,28,6384.94
1596,20250927,53,5,28,5883.83
1597,20260101,746,55,31,11318.64
1598,20240822,37,32,30,10458.34
1599,20250929,62,33,21,6443.58
1600,20240821,128,40,32,975.51
1601,20230706,175,19,29,6470.59
1602,20230519,758,10,27,7377.05
1603,20250727,206,44,23,643.12
1604,20250416,113,23,31,3075.52
1605,20240318,470,41,24,3164.42
1606,20230410,1,47,28,2856.89
1607,20260505,47,31,37,7841.47
1608,20240904,561,9,26,3649.4
1609,20230605,341,25,31,1386.46
1610,20250107,144,2,32,6938.17
1611,20241205,733,55,34,6880.38
1612,20250826,315,29,29,6416.8
1613,20240110,756,37,25,8387.67
1614,20241021,454,21,39,10765.2
1615,20230430,57,3,25,296.38
1616,20230225,505,29,26,2788.03
1617,20241210,392,34,28,2592.55
1618,20251022,16,33,22,1925.85
1619,20240426,752,21,19,1353.93
1620,20230325,412,6,35,1198.65
1621,20240220,529,11,20,1232.17
1622,20241222,507,42,24,4492.68
1623,20250305,155,39,21,2078.12
1624,20260531,529,22,23,1058.07
1625,20250201,781,18,27,882.88
1626,20241113,212,1,23,260.32
1627,20230212,260,16,30,7756.85
1628,20230502,664,7,30,681.11
1629,20231201,577,53,23,5977.9
1630,20260218,450,8,29,6759.43
1631,20240621,549,33,37,3107.96
1632,20250323,168,23,34,3961.11
1633,20250118,337,32,35,8512.07
1634,20230608,560,15,22,593.73
1635,20230503,37,38,18,5194.88
1636,20231003,304,57,25,1360.8
1637,20231112,502,34,26,5799.93
1638,20240622,54,9,27,2262.14
1639,20230319,206,24,23,684.78
1640,20251224,127,18,28,4787.7
1641,20240925,435,58,17,3235.67
1642,20260618,382,57,23,885.4
1643,20231008,348,11,33,6418.13
1644,20231110,699,40,23,1106.63
1645,20250503,655,7,20,1108.08
1646,20240815,78,22,25,2285.85
1647,20260524,428,56,25,6377.08
1648,20250326,765,20,29,801.27
1649,20241129,486,23,24,4083.77
1650,20230208,101,22,18,3600.75
1651,20241128,201,1,39,4479.05
1652,20260607,449,8,28,408.34
1653,20230108,445,59,27,4827.28
1654,20250414,180,60,22,444.92
1655,20250212,672,59,26,2096.92
1656,20250402,409,20,24,4700.63
1657,20230307,249,42,29,755.75
1658,20250113,484,51,22,198.67
1659,20230522,87,56,28,3744.11
1660,20250712,334,17,23,4661.04
1661,20230801,537,2,24,2619.42
1662,20260312,354,26,30,5550.48
1663,20250416,766,9,27,3569.32
1664,20250909,272,50,32,1258.35
1665,20241129,628,60,37,3514.4
1666,20230403,89,28,25,1674.0
1667,20251218,765,45,34,637.88
1668,20230112,120,8,19,2296.83
1669,20250826,281,53,22,4951.99
1670,20250726,449,41,23,368.18
1671,20260207,771,26,32,2200.72
1672,20240827,133,5,20,2415.04
1673,20240522,582,56,29,7962.51
1674,20250924,235,1,25,5646.39
1675,20260603,389,35,23,198.85
1676,20240522,274,42,20,2606.02
1677,20251226,622,36,17,1217.69
1678,20250421,800,51,20,1626.27
1679,20250515,198,22,31,1191.43
1680,20241216,664,21,22,545.53
1681,20230801,384,31,20,984.71
1682,20230626,128,43,23,802.96
1683,20230723,597,8,19,136.15
1684,20240827,52,25,35,614.86
1685,20251016,238,5,28,4989.02
1686,20250219,258,32,24,617.54
1687,20240124,758,28,29,8064.99
1688,20240628,340,5,23,4527.3
1689,20260407,459,58,16,559.52
1690,20231228,321,26,35,10451.07
1691,20250312,723,51,20,4604.79
1692,20250607,739,29,23,4273.26
1693,20250913,404,41,22,3889.33
1694,20251223,180,1,22,353.95
1695,20260503,71,46,21,1279.42
1696,20230316,788,17,29,3710.43
1697,20240620,31,17,26,5556.51
1698,20231204,256,37,20,1842.76
1699,20250728,709,55,26,859.96
1700,20240317,26,2,19,5924.09
1701,20240113,174,48,22,4108.18
1702,20260413,168,23,26,3029.09
1703,20231105,593,15,32,7482.99
1704,20230103,381,11,23,5278.11
1705,20260609,61,25,34,254.29
1706,20230622,80,58,21,4182.97
1707,20250819,632,2,26,6570.67
1708,20260404,164,49,21,5006.44
1709,20241022,527,7,37,2362.04
1710,20230918,664,3,28,466.4
1711,20240427,288,21,18,449.26
1712,20240425,305,44,18,2547.41
1713,20250605,315,9,19,3540.01
1714,20250330,476,38,30,4988.17
1715,20240629,607,25,29,4383.13
1716,20241126,327,17,29,694.92
1717,20260321,628,46,27,2377.07
1718,20230616,745,42,32,4843.39
1719,20250521,245,12,22,2101.75
1720,20260323,52,54,27,400.12
1721,20230122,741,11,22,3892.26
1722,20260320,329,48,25,6028.29
1723,20240115,444,17,28,5776.88
1724,20240615,494,22,20,4733.42
1725,20260618,41,17,30,6208.44
1726,20240703,137,37,23,351.14
1727,20260528,514,29,29,7375.17
1728,20240119,300,29,20,1407.35
1729,20241011,301,44,20,3733.39
1730,20230709,91,51,26,2918.3
1731,20250201,738,20,19,3789.56
1732,20260620,696,40,25,3306.72
1733,20250219,466,36,27,6261.42
1734,20240302,659,34,26,2677.44
1735,20230202,319,47,19,4293.19
1736,20240304,120,29,31,4340.08
1737,20250914,268,32,20,1289.2
1738,20260415,72,12,15,1325.3
1739,20230603,394,53,31,4398.7
1740,20240125,256,3,20,1240.77
1741,20240304,22,7,18,1482.56
1742,20250113,768,40,22,4068.8
1743,20230923,350,11,24,3904.04
1744,20241027,260,35,25,4375.44
1745,20251205,497,24,29,7428.64
1746,20241220,396,35,25,2585.87
1747,20240617,267,54,28,2792.67
1748,20260320,264,4,26,214.44
1749,20260530,162,41,19,586.64
1750,20250917,162,34,28,759.51
1751,20251128,14,31,33,3390.7
1752,20251029,332,11,19,1924.72
1753,20260605,751,56,28,1813.09
1754,20250525,148,21,31,697.3
1755,20240717,258,54,30,633.63
1756,20240605,512,20,28,1632.6
1757,20251108,291,53,28,4430.27
1758,20230805,150,50,28,1796.95
1759,20240827,219,28,23,395.71
1760,20250112,590,9,19,791.63
1761,20240803,724,58,22,3841.9
1762,20260127,526,9,22,244.79
1763,20240801,52,37,24,431.76
1764,20260107,264,53,20,181.51
1765,20250710,167,35,30,4376.37
1766,20251202,590,6,20,784.28
1767,20230718,609,42,33,5780.03
1768,20240821,761,34,25,6267.89
1769,20240110,339,43,22,2716.5
1770,20230102,76,55,36,7576.45
1771,20230418,647,28,23,3389.98
1772,20250724,617,20,28,2516.01
1773,20230331,762,29,19,3950.62
1774,20230124,744,6,19,1113.55
1775,20240130,724,36,19,2921.59
1776,20230708,199,29,25,2375.09
1777,20260509,429,11,22,3577.42
1778,20260511,485,56,18,1476.11
1779,20240612,340,6,27,4107.41
1780,20241028,622,28,30,2326.73
1781,20250714,379,36,25,5642.84
1782,20241005,502,41,22,5586.18
1783,20230113,326,58,25,5597.86
1784,20230727,419,35,38,4679.42
1785,20230527,666,23,20,3691.02
1786,20230920,205,2,32,2288.19
1787,20240922,49,37,18,3020.71
1788,20240112,292,60,31,8108.26
1789,20240713,244,58,25,7482.99
1790,20260608,34,4,19,3352.87
1791,20240805,195,53,30,6000.13
1792,20230901,9,6,31,4188.84
1793,20230725,170,9,29,6141.02
1794,20240913,563,31,28,1080.5
1795,20240207,519,26,16,679.13
1796,20240215,689,5,14,1100.5
1797,20230805,87,11,20,3401.14
1798,20230225,326,44,19,3923.98
1799,20250112,598,55,22,2278.01
1800,20260107,673,1,29,7893.85
1801,20241116,100,5,29,1415.25
1802,20231017,301,27,18,3416.63
1803,20250801,181,56,28,6270.81
1804,20231030,779,15,18,1630.17
1805,20250722,584,60,21,5142.57
1806,20250101,199,47,22,2229.97
1807,20250520,787,45,28,3770.67
1808,20250416,767,45,24,435.31
1809,20251023,648,29,28,708.84
1810,20250717,490,34,33,1725.42
1811,20230509,633,32,27,1329.52
1812,20250302,43,34,26,2209.9
1813,20240113,791,39,21,2824.71
1814,20230911,8,48,33,6248.31
1815,20250924,766,33,29,4376.16
1816,20260219,648,12,24,600.26
1817,20230529,487,39,31,653.12
1818,20241128,74,8,27,2441.23
1819,20260512,173,25,28,8208.72
1820,20230606,363,44,28,2450.82
1821,20250815,482,23,28,1732.27
1822,20240728,67,17,20,3352.36
1823,20250523,562,29,33,4653.37
1824,20260211,369,43,27,2214.54
1825,20230615,656,34,20,3290.5
1826,20240715,148,21,30,674.81
1827,20230304,87,36,29,4363.3
1828,20241204,378,27,27,5522.78
1829,20240817,363,51,21,1395.25
1830,20240224,269,60,30,379.13
1831,20250301,182,14,26,3920.17
1832,20240621,101,31,39,11765.14
1833,20260129,261,5,25,4064.2
1834,20250606,601,43,24,350.92
1835,20250114,585,17,29,3598.25
1836,20250731,219,32,38,699.67
1837,20231012,500,53,23,8059.72
1838,20240413,549,60,25,2360.27
1839,20240824,372,10,32,299.55
1840,20230516,400,47,27,3871.91
1841,20250831,615,56,28,1978.34
1842,20250228,708,8,29,2631.98
1843,20260619,424,44,26,3310.68
1844,20231119,575,30,24,2887.67
1845,20250317,666,56,26,3773.0
1846,20250530,488,25,20,3954.56
1847,20230314,332,45,28,2060.07
1848,20260129,602,38,31,1865.79
1849,20231002,746,14,27,9932.61
1850,20231030,191,34,24,4933.85
1851,20240626,345,38,28,5426.68
1852,20250121,498,38,25,5470.41
1853,20251231,696,42,20,2547.53
1854,20240614,276,1,23,984.89
1855,20250708,727,32,32,817.93
1856,20251224,368,13,25,2652.56
1857,20230811,672,22,29,1921.77
1858,20250315,220,24,31,6815.16
1859,20250724,740,18,18,2786.89
1860,20240306,457,57,27,1234.31
1861,20230909,412,50,19,653.99
1862,20230321,556,31,37,11811.84
1863,20241208,493,33,18,1181.77
1864,20251117,757,46,23,2038.85
1865,20260616,325,1,27,3879.87
1866,20230531,657,44,31,4976.9
1867,20230516,390,1,24,4003.77
1868,20251003,660,31,21,224.95
1869,20230309,164,39,22,5344.66
1870,20240430,543,48,29,4265.53
1871,20230412,691,37,23,3141.27
1872,20250722,624,35,24,321.41
1873,20250629,615,36,20,1590.0
1874,20231202,344,50,26,1669.06
1875,20230808,179,60,18,586.71
1876,20251112,454,8,22,4591.88
1877,20251221,508,30,26,5721.1
1878,20230910,53,14,40,10248.97
1879,20230213,135,47,20,658.48
1880,20241123,390,45,29,4559.07
1881,20250916,56,56,28,4878.81
1882,20240613,726,59,30,6241.84
1883,20240413,327,48,31,875.78
1884,20230117,788,13,29,4227.94
1885,20240322,756,22,29,7111.48
1886,20230126,57,8,23,306.94
1887,20250106,568,15,24,443.83
1888,20260522,329,8,23,3992.4
1889,20240113,281,8,29,4741.34
1890,20250827,758,46,27,7038.31
1891,20231023,715,53,30,4539.19
1892,20251115,698,16,26,2453.08
1893,20251022,575,49,21,2382.45
1894,20230113,93,59,32,1487.6
1895,20230419,186,3,27,2970.74
1896,20230307,290,8,32,6668.16
1897,20231231,700,35,21,2066.36
1898,20241123,717,2,20,650.83
1899,20260331,573,15,25,2451.16
1900,20230418,304,16,33,2169.29
1901,20241026,582,2,24,8732.57
1902,20240326,632,11,33,8003.42
1903,20240707,594,33,22,1472.35
1904,20230302,538,17,29,1905.58
1905,20231002,340,43,22,4726.19
1906,20240829,29,2,25,3699.42
1907,20240917,613,38,24,783.07
1908,20230618,109,49,32,6927.86
1909,20230329,111,25,23,5936.31
1910,20260216,521,34,19,3084.26
1911,20240608,194,18,24,4884.49
1912,20240621,565,17,31,957.01
1913,20251010,704,18,31,380.48
1914,20230225,97,27,38,9002.1
1915,20240712,705,21,23,4702.48
1916,20250104,492,50,27,1627.06
1917,20251117,653,21,35,6271.04
1918,20230304,644,46,24,7911.27
1919,20240528,312,28,28,4593.03
1920,20260519,504,24,24,483.93
1921,20230312,556,7,21,5581.92
1922,20240813,459,2,20,725.3
1923,20260114,235,35,23,5000.49
1924,20240324,486,27,30,4810.56
1925,20251106,777,23,28,2717.48
1926,20250221,327,46,26,613.2
1927,20250328,569,30,27,5277.45
1928,20241031,36,38,31,4704.26
1929,20240502,536,37,30,5926.79
1930,20241207,112,27,27,7051.36
1931,20230620,489,56,22,3728.01
1932,20260515,341,22,28,937.33
1933,20240913,214,30,27,5120.71
1934,20230409,16,36,31,2785.51
1935,20241112,203,8,29,6695.27
1936,20250913,494,57,22,6328.48
1937,20250617,723,11,29,9491.29
1938,20230805,611,10,21,1969.09
1939,20230228,449,52,27,473.11
1940,20240407,601,28,33,460.58
1941,20260415,607,24,19,2840.6
1942,20250723,9,9,23,3302.09
1943,20260105,779,42,30,2846.52
1944,20230312,632,13,24,6051.26
1945,20231021,203,15,32,7685.69
1946,20260101,757,23,22,2171.81
1947,20230927,592,56,28,3277.54
1948,20230314,775,47,24,3698.4
1949,20250912,27,20,29,2867.61
1950,20250303,640,9,21,1996.67
1951,20241211,620,9,22,1960.01
1952,20230828,717,48,24,806.18
1953,20231231,56,48,13,3098.6
1954,20230517,613,53,19,778.64
1955,20240927,122,32,19,3136.81
1956,20241127,185,45,20,1672.7
1957,20230529,763,8,37,8313.61
1958,20230801,413,35,29,1773.2
1959,20230905,448,13,28,681.61
1960,20230108,727,59,24,543.77
1961,20240406,192,17,31,3352.12
1962,20231221,492,45,24,1470.59
1963,20240329,669,46,26,4983.94
1964,20251219,105,40,22,6105.85
1965,20241002,793,12,20,2021.97
1966,20241227,644,43,36,13263.01
1967,20250917,677,9,24,1529.38
1968,20250526,642,36,18,1242.1
1969,20251128,144,10,31,6070.9
1970,20231117,283,49,19,3006.32
1971,20241104,395,7,30,8912.54
1972,20230405,213,42,22,3866.65
1973,20230224,720,56,23,6184.03
1974,20250527,138,58,23,5526.38
1975,20250406,434,42,23,2207.72
1976,20250716,695,34,18,2457.97
1977,20250105,218,44,30,4485.86
1978,20250116,141,25,21,3910.59
1979,20250402,659,45,26,2604.26
1980,20240330,600,6,32,1260.53
1981,20260130,17,41,29,4747.0
1982,20250425,249,41,22,577.4
1983,20260213,5,8,29,3052.66
1984,20240501,713,2,23,6488.3
1985,20260216,575,23,24,3924.03
1986,20231023,430,26,28,2127.59
1987,20230714,550,18,28,3680.63
1988,20241212,357,49,35,688.83
1989,20240717,603,57,25,4315.63
1990,20240610,633,4,20,930.63
1991,20230404,488,47,28,5309.87
1992,20250403,593,24,28,8021.08
1993,20260427,518,39,25,568.83
1994,20250128,96,5,29,4550.54
1995,20240505,146,4,24,3641.77
1996,20231102,609,38,33,5812.92
1997,20250503,331,44,28,6154.29
1998,20230923,437,11,26,2063.57
1999,20250902,694,32,28,1574.61
2000,20250517,741,8,21,2876.82
2001,20240318,151,22,28,7886.31
2002,20231010,466,40,25,5742.54
2003,20230110,495,18,29,398.34
2004,20250125,766,34,31,4052.5
2005,20251028,173,28,21,5912.05
2006,20250228,271,20,24,3888.04
2007,20250508,511,25,28,2668.84
2008,20240901,80,28,20,3798.16
2009,20230406,665,60,28,9178.04
2010,20230322,244,12,20,5278.32
2011,20250805,218,7,26,3933.07
2012,20230724,704,29,32,453.46
2013,20230816,678,2,23,2661.4
2014,20260520,600,17,21,1061.98
2015,20250528,127,22,29,4767.08
2016,20250503,402,33,28,435.45
2017,20241225,645,18,18,3022.95
2018,20241205,460,27,27,1783.98
2019,20230123,624,1,27,375.63
2020,20241216,175,39,46,8224.93
2021,20240321,315,12,32,6995.3
2022,20230903,459,12,26,801.67
2023,20251207,447,14,29,1618.66
2024,20230424,632,44,25,5619.2
2025,20251224,301,37,24,4938.52
2026,20230920,64,58,22,4398.0
2027,20230516,287,46,24,4457.48
2028,20251118,219,56,28,395.41
2029,20230112,752,55,35,2710.46
2030,20251008,426,12,27,1645.09
2031,20260203,234,8,30,6170.72
2032,20251119,143,30,28,4735.03
2033,20230923,760,43,30,8063.72
2034,20240520,155,21,26,3726.13
2035,20250803,729,29,19,5067.33
2036,20240621,16,7,30,2856.59
2037,20260304,278,8,28,4622.82
2038,20250825,137,46,35,469.67
2039,20231124,580,2,22,5394.81
2040,20240316,94,56,27,208.51
2041,20240128,148,57,22,438.59
2042,20251121,607,5,17,2368.44
2043,20230219,37,13,21,7423.71
2044,20260320,456,4,21,3715.46
2045,20240703,10,10,24,991.04
2046,20230423,495,27,25,416.64
2047,20230508,787,22,23,3184.37
2048,20240512,707,19,15,2488.56
2049,20230328,176,8,34,3403.1
2050,20250320,75,27,25,2306.53
2051,20260620,381,42,27,5229.08
2052,20250401,396,24,26,3577.03
2053,20250404,128,37,29,1030.6
2054,20260216,571,17,30,7289.39
2055,20251016,420,23,24,2454.62
2056,20240628,654,59,29,4910.23
2057,20250409,542,15,28,2226.0
2058,20230818,1,38,30,2715.3
2059,20250519,168,55,33,4278.46
2060,20240217,238,17,24,4242.81
2061,20241120,280,5,27,919.31
2062,20230828,341,50,26,832.6
2063,20251001,304,42,21,1062.94
2064,20250221,382,12,22,826.74
2065,20260507,357,44,21,552.02
2066,20240207,392,17,27,3054.61
2067,20230808,276,26,38,1987.13
2068,20231223,4,47,31,6906.59
2069,20231108,416,6,19,1447.39
2070,20240922,651,39,31,1246.72
2071,20241019,126,29,26,2316.07
2072,20251126,344,34,25,1677.69
2073,20231207,524,43,24,2625.98
2074,20240702,205,29,32,1969.21
2075,20250920,194,55,24,6998.33
2076,20231022,212,56,24,277.14
2077,20240531,529,27,31,1799.82
2078,20260531,218,34,32,3855.21
2079,20250205,704,40,31,429.29
2080,20260521,195,14,29,6100.58
2081,20250402,616,52,26,5602.51
2082,20260528,658,30,25,4250.54
2083,20230416,766,11,29,5077.08
2084,20250808,477,34,31,4886.83
2085,20240607,157,59,22,284.95
2086,20240701,457,39,21,747.95
2087,20230516,567,11,22,4103.56
2088,20230827,186,2,25,4166.83
2089,20260408,227,26,42,9635.39
2090,20240430,194,24,29,7498.48
2091,20231104,242,2,32,4768.31
2092,20240416,594,13,31,2502.32
2093,20241029,770,46,32,2209.29
2094,20230916,619,38,28,1914.67
2095,20240307,782,17,24,1878.72
2096,20260220,89,11,24,1677.53
2097,20250210,43,13,26,3076.81
2098,20241225,706,17,16,1665.19
2099,20230412,285,33,30,4413.33
2100,20241107,767,55,32,889.33
2101,20260225,359,56,24,2464.27
2102,20230528,286,24,33,8617.12
2103,20230506,652,22,28,2869.29
2104,20230528,308,16,25,6330.51
2105,20240430,444,8,31,5428.04
2106,20250324,175,6,25,4492.84
2107,20241003,184,24,32,8047.18
2108,20240523,394,43,19,2538.1
2109,20230214,411,19,30,1429.06
2110,20250507,590,58,16,887.09
2111,20230330,534,38,25,1975.53
2112,20231222,147,58,27,1219.89
2113,20230512,361,52,33,5585.84
2114,20251219,662,2,11,1364.7
2115,20230803,337,41,19,3830.86
2116,20240108,709,33,29,742.93
2117,20240216,487,47,26,741.23
2118,20230128,566,34,26,1363.3
2119,20240911,403,12,18,2796.81
2120,20260123,41,15,23,4202.41
2121,20240308,712,19,24,2081.34
2122,20250627,499,53,24,5578.42
2123,20250620,18,11,25,1023.76
2124,20251228,710,35,35,1127.79
2125,20240917,435,41,19,3058.98
2126,20250108,620,55,22,2888.61
2127,20230814,680,59,28,5774.43
2128,20251212,616,19,27,5517.7
2129,20250306,30,7,36,9146.7
2130,20240107,619,5,23,1704.01
2131,20250219,542,3,20,1357.78
2132,20251207,711,60,18,1297.9
2133,20231226,279,24,28,6835.52
2134,20260302,553,14,29,1868.66
2135,20231023,572,15,20,1289.39
2136,20240415,733,53,32,6203.21
2137,20250501,90,43,35,6684.74
2138,20230718,383,13,39,1882.56
2139,20230217,69,42,27,3828.09
2140,20250828,789,2,26,9319.91
2141,20230909,26,44,31,8596.61
2142,20241125,443,1,19,4589.25
2143,20260224,529,57,30,1677.41
2144,20260321,336,25,21,6391.6
2145,20230413,700,17,29,3509.21
2146,20230903,609,29,31,5769.57
2147,20260415,529,26,29,1681.55
2148,20230910,46,56,25,5542.61
2149,20250109,357,57,23,592.06
2150,20230521,415,7,30,1965.78
2151,20230226,341,15,22,794.49
2152,20250317,534,14,17,1774.68
2153,20260620,644,8,24,6821.88
2154,20230309,59,37,26,1584.44
2155,20250922,192,24,27,3157.76
2156,20250102,290,54,23,5208.86
2157,20230818,12,11,25,5476.35
2158,20230529,10,53,26,1216.04
2159,20260509,132,56,27,2054.64
2160,20240906,535,13,24,3553.02
2161,20250120,182,15,24,2599.67
2162,20260420,159,28,24,2649.49
2163,20240601,536,29,21,3641.74
2164,20260321,164,59,28,8742.5
2165,20260523,249,6,33,724.2
2166,20231130,800,17,31,3269.19
2167,20241119,432,22,29,4852.58
2168,20260102,603,40,22,3667.14
2169,20250927,281,3,35,5083.54
2170,20241207,748,42,34,5771.62
2171,20251108,363,16,20,2070.32
2172,20240110,47,51,17,2250.81
2173,20240316,463,30,21,2618.37
2174,20250928,50,4,21,4298.95
2175,20251120,22,34,27,1771.1
2176,20260602,415,19,21,1295.0
2177,20230401,293,18,28,7676.84
2178,20260413,158,52,26,1637.59
2179,20250126,10,15,26,918.88
2180,20231021,368,43,29,2970.37
2181,20260105,614,44,20,167.37
2182,20241024,95,48,16,1095.7
2183,20230725,558,51,26,3677.97
2184,20231208,310,37,25,1514.14
2185,20231121,45,26,24,5075.43
2186,20260227,534,3,26,1665.15
2187,20241102,319,47,28,6326.81
2188,20260115,697,40,22,3267.73
2189,20260330,540,48,28,8271.26
2190,20260516,683,23,31,11017.9
2191,20230902,17,24,36,6841.67
2192,20260506,305,52,32,4546.34
2193,20241012,137,47,22,314.56
2194,20250207,659,43,32,4429.06
2195,20260304,709,14,26,866.45
2196,20250825,267,38,29,2917.17
2197,20230118,605,4,27,3518.92
2198,20251113,585,23,22,2991.9
2199,20240111,232,59,16,3437.26
2200,20240916,248,11,27,5167.98
2201,20260311,97,51,18,3183.18
2202,20260111,410,23,25,1964.21
2203,20250303,711,21,24,1829.17
2204,20230217,434,21,22,2562.31
2205,20230624,363,2,27,2657.17
2206,20250628,105,53,26,8777.83
2207,20251127,772,54,28,5356.28
2208,20240403,583,18,32,3783.45
2209,20230809,212,19,28,362.83
2210,20250509,494,46,39,11099.95
2211,20250622,263,31,27,2214.25
2212,20250704,411,45,32,1254.72
2213,20240924,597,54,20,155.76
2214,20240319,753,55,22,6244.23
2215,20250504,369,60,20,1583.5
2216,20250324,391,58,25,1341.92
2217,20230717,325,52,27,4683.64
2218,20260504,2,52,21,1770.56
2219,20230626,238,50,21,2906.46
2220,20240906,402,18,33,462.46
2221,20230206,662,25,31,3682.02
2222,20230621,348,54,27,4419.08
2223,20260407,484,19,27,305.81
2224,20260531,339,54,28,2899.06
2225,20251113,659,32,28,3958.87
2226,20251220,364,21,26,1286.77
2227,20241206,343,13,31,471.15
2228,20231109,434,37,31,3602.06
2229,20230510,258,20,26,697.99
2230,20260329,111,42,21,4585.24
2231,20240507,719,60,18,1065.77
2232,20240526,72,26,28,2628.09
2233,20240224,366,21,30,9849.85
2234,20231218,565,26,27,859.84
2235,20250810,318,43,35,1202.29
2236,20240819,244,21,28,8541.16
2237,20260322,800,31,36,4685.65
2238,20230708,607,30,22,2452.83
2239,20240930,548,12,25,3883.54
2240,20241121,79,52,25,4905.36
2241,20240319,245,44,28,2798.19
2242,20250318,480,34,40,10590.92
2243,20240112,592,15,25,2997.86
2244,20250108,436,59,27,6405.38
2245,20241006,553,43,26,1499.57
2246,20250421,345,36,27,5454.91
2247,20240121,345,36,36,7273.22
2248,20231003,43,32,31,3617.67
2249,20230629,534,21,30,2860.19
2250,20260303,668,27,40,3789.98
2251,20240426,733,39,26,3343.05
2252,20230508,386,26,25,3609.73
2253,20230216,709,24,19,557.25
2254,20231211,338,44,24,3972.03
2255,20231016,619,14,26,2348.75
2256,20230516,11,4,22,966.17
2257,20250217,731,26,33,11007.5
2258,20241109,176,17,31,3656.04
2259,20250130,585,51,18,1722.07
2260,20250810,72,29,30,2682.93
2261,20240802,379,19,24,5402.43
2262,20230904,11,26,32,1365.29
2263,20240331,220,54,19,3562.17
2264,20240711,245,26,31,3146.15
2265,20260206,38,60,23,680.63
2266,20230813,694,22,19,778.22
2267,20240729,735,10,33,3156.64
2268,20230717,791,28,26,4738.22
2269,20240630,233,42,23,2373.93
2270,20241125,613,52,26,929.92
2271,20260331,622,43,25,2031.27
2272,20260622,559,42,28,1084.98
2273,20240902,97,32,20,5154.4
2274,20240207,457,50,26,935.47
2275,20250503,566,5,36,2324.66
2276,20250118,608,37,26,2282.52
2277,20230819,558,3,22,3043.09
2278,20230411,66,54,29,4727.92
2279,20230828,468,44,19,5196.73
2280,20230724,734,58,23,702.85
2281,20230819,316,25,28,5677.39
2282,20260611,351,32,22,6554.95
2283,20230428,733,52,30,5075.48
2284,20230403,516,32,19,1233.18
2285,20240617,349,17,34,7773.19
2286,20241108,492,47,30,2421.6
2287,20240512,290,23,31,8342.64
2288,20240704,51,32,22,1510.56
2289,20240416,290,48,21,6078.89
2290,20230619,758,35,31,6676.56
2291,20231012,107,18,28,1674.46
2292,20241113,185,55,31,3972.6
2293,20250614,87,58,26,4442.71
2294,20230104,532,20,37,10823.07
2295,20230103,637,44,28,1585.75
2296,20250701,42,14,24,5512.54
2297,20230912,542,2,30,3085.22
2298,20250424,330,40,20,4207.14
2299,20260223,758,60,22,6187.27
2300,20250601,792,51,29,2418.08
2301,20231102,648,14,23,728.02
2302,20250201,350,47,24,3735.32
2303,20240110,325,39,23,3032.23
2304,20250621,329,18,26,4527.14
2305,20230904,717,3,30,644.45
2306,20240824,592,8,29,3342.77
2307,20251019,118,40,22,6590.7
2308,20260620,379,37,23,5994.43
2309,20230312,316,14,31,7064.78
2310,20260407,545,7,21,401.99
2311,20240130,437,34,31,1837.19
2312,20250924,363,26,29,2577.81
2313,20230914,701,35,30,1856.78
2314,20250815,212,15,21,248.42
2315,20250323,553,37,18,1056.79
2316,20240724,608,7,19,1530.79
2317,20250615,561,58,33,6163.63
2318,20250526,189,17,35,5467.36
2319,20251014,776,24,34,2617.33
2320,20230831,219,41,26,396.88
2321,20260628,785,25,28,6333.55
2322,20230727,241,19,28,6411.29
2323,20231231,555,31,29,3079.81
2324,20251202,508,28,31,8879.95
2325,20250323,350,40,32,4561.74
2326,20230222,660,46,22,187.93
2327,20250903,567,51,25,3280.43
2328,20230912,329,54,22,4150.37
2329,20250629,757,7,32,2961.8
2330,20230809,412,43,17,822.16
2331,20230517,728,32,30,614.62
2332,20250513,76,22,32,4518.81
2333,20230717,511,51,34,2285.28
2334,20250214,670,45,19,2627.76
2335,20260304,655,33,28,1426.18
2336,20260220,731,15,24,6851.61
2337,20250126,549,23,25,2436.32
2338,20240905,449,7,23,406.14
2339,20230801,422,48,22,1011.42
2340,20240618,619,32,20,1651.98
2341,20230115,330,1,27,4994.97
2342,20250107,603,47,32,5823.58
2343,20251120,355,20,22,2963.63
2344,20241128,288,31,23,631.26
2345,20230311,256,15,18,1307.69
2346,20251127,383,43,27,1258.16
2347,20241013,349,10,26,6131.91
2348,20250503,456,59,26,4315.08
2349,20230705,777,48,26,2714.22
2350,20260612,15,28,17,2441.61
2351,20230325,602,44,28,1840.17
2352,20231030,442,59,37,1031.29
2353,20241003,262,33,28,4781.54
2354,20260310,550,38,20,2872.82
2355,20250419,488,15,16,2554.52
2356,20230630,729,40,21,5473.27
2357,20230923,264,49,25,147.68
2358,20260610,779,30,23,1902.94
2359,20240312,111,57,25,5870.15
2360,20250312,179,46,28,845.93
2361,20231102,239,58,28,4164.34
2362,20240327,564,53,33,4186.96
2363,20240210,13,9,25,1538.69
2364,20250826,85,26,25,1037.43
2365,20240615,607,43,25,3801.29
2366,20250304,585,38,18,2077.65
2367,20250630,92,16,23,5095.83
2368,20250424,116,6,23,467.85
2369,20241210,39,44,23,1510.33
2370,20230731,515,30,20,1568.18
2371,20231206,651,57,23,1187.25
2372,20250921,669,48,23,5281.21
2373,20260214,4,58,35,8189.12
2374,20230509,409,34,30,4101.84
2375,20250605,746,41,27,7529.22
2376,20230929,46,22,23,4842.29
2377,20230429,696,28,27,3903.92
2378,20230710,669,19,22,4143.89
2379,20230505,705,49,21,2909.36
2380,20230326,686,24,27,4299.2
2381,20260602,368,27,35,3366.24
2382,20251124,359,18,22,2231.32
2383,20241023,14,56,26,1865.47
2384,20240722,163,33,27,693.82
2385,20240508,342,32,27,2362.75
2386,20240810,549,13,27,2735.46
2387,20240131,325,33,24,3857.04
2388,20230524,772,22,35,5940.82
2389,20250613,628,17,27,2415.2
2390,20260226,537,31,27,3184.49
2391,20260418,47,33,27,4380.07
2392,20250630,549,27,26,2387.77
2393,20241105,437,26,25,1867.49
2394,20260622,549,26,25,2293.0
2395,20230616,785,59,36,7417.99
2396,20250103,222,15,23,3073.02
2397,20251002,39,48,28,2133.99
2398,20250509,603,30,34,4759.06
2399,20260126,799,30,17,1796.06
2400,20250923,328,9,27,1321.45
2401,20230601,532,21,22,6160.88
2402,20250217,325,32,36,6881.43
2403,20240830,214,41,26,5695.25
2404,20260213,609,11,19,3943.3
2405,20240405,428,32,36,11972.94
2406,20230629,484,33,34,376.19
2407,20240623,81,47,33,7231.2
2408,20240331,159,14,27,3488.66
2409,20250930,179,37,16,549.95
2410,20240825,632,54,28,5714.69
2411,20231007,714,45,22,398.37
2412,20260625,189,8,29,3844.63
2413,20250104,701,11,35,2919.87
2414,20250415,342,35,36,2279.75
2415,20240703,539,6,21,3579.3
2416,20240208,731,12,21,6593.78
2417,20230329,673,12,35,10951.66
2418,20251022,669,34,32,5100.8
2419,20230215,607,59,20,2753.66
2420,20231127,56,11,27,5983.06
2421,20260522,352,60,33,7251.09
2422,20260307,242,19,32,4037.68
2423,20250323,490,57,23,1461.64
2424,20260313,30,12,27,6482.33
2425,20260418,480,19,19,5944.62
2426,20251205,470,56,26,3171.5
2427,20250722,157,43,23,328.99
2428,20231011,560,40,25,734.02
2429,20241010,581,59,29,1019.72
2430,20250801,49,35,20,2437.39
2431,20231202,144,44,30,5785.14
2432,20250606,635,46,18,720.19
2433,20230525,172,57,23,1031.8
2434,20240922,578,51,34,6579.9
2435,20250625,529,1,33,1566.92
2436,20260323,719,15,28,1378.48
2437,20240109,15,1,16,1848.75
2438,20230908,675,37,26,6874.99
2439,20250924,477,6,24,3600.88
2440,20240213,9,8,23,3386.09
2441,20260420,200,32,32,6701.65
2442,20240215,652,17,22,2754.62
2443,20240115,80,21,25,5074.92
2444,20230607,305,35,25,2832.29
2445,20231212,416,40,23,2160.54
2446,20260603,758,37,28,8304.06
2447,20230420,472,30,21,397.39
2448,20230523,132,23,28,2709.78
2449,20230226,286,9,25,4995.36
2450,20230624,652,32,31,4361.59
2451,20230706,229,52,26,3399.1
2452,20230807,414,39,20,2315.24
2453,20251016,327,26,21,519.11
2454,20260319,391,27,25,1258.55
2455,20231001,384,47,20,836.69
2456,20230728,632,19,18,3851.91
2457,20230306,735,44,26,2448.98
2458,20250511,708,9,35,3097.73
2459,20230107,494,24,15,4691.56
2460,20260401,18,13,26,1106.89
2461,20250708,135,53,30,1100.5
2462,20260504,771,9,35,1931.16
2463,20240428,562,34,26,3052.79
2464,20260503,594,1,29,1735.38
2465,20240521,506,48,22,973.38
2466,20240116,372,14,23,256.5
2467,20230421,72,32,21,2147.06
2468,20241117,85,33,22,836.08
2469,20230803,59,47,24,1369.76
2470,20230601,779,18,24,2095.81
2471,20240716,261,30,20,2601.94
2472,20240110,244,36,24,6325.41
2473,20240918,223,17,25,5497.65
2474,20240623,295,25,24,4333.63
2475,20240217,735,40,29,2582.95
2476,20250120,308,44,25,5352.86
2477,20230621,638,9,22,491.39
2478,20240207,353,16,24,5039.76
2479,20260207,8,6,17,2126.72
2480,20241006,325,60,27,4877.03
2481,20240829,548,55,27,5268.35
2482,20250529,319,51,25,4153.42
2483,20241114,759,50,24,3256.98
2484,20250116,433,9,24,920.4
2485,20250507,434,32,23,2681.92
2486,20240119,270,18,26,2488.31
2487,20250707,511,23,27,2579.72
2488,20250828,19,43,28,5907.24
2489,20251021,568,28,22,483.84
2490,20240413,218,25,25,4023.91
2491,20241106,332,48,26,2833.03
2492,20241007,97,8,25,4866.2
2493,20240116,215,7,26,3647.57
2494,20250813,677,52,29,2276.94
2495,20230905,385,16,37,2898.07
2496,20241008,154,26,28,5650.66
2497,20230712,769,54,33,2155.76
2498,20260510,154,46,22,4235.94
2499,20231113,187,36,29,5485.59
2500,20230222,733,44,25,4213.19
2501,20240730,782,13,30,2675.94
2502,20250405,157,7,24,320.71
2503,20241105,779,45,29,2368.05
2504,20230318,357,2,34,1004.88
2505,20250616,633,12,30,1276.59
2506,20250715,534,16,31,3163.43
2507,20230119,766,21,25,4481.88
2508,20260409,670,10,23,4122.12
2509,20250428,289,8,29,992.3
2510,20240926,645,33,20,3727.43
2511,20260517,761,23,25,8394.14
2512,20230626,735,54,18,1539.52
2513,20260314,203,50,29,6176.25
2514,20240507,725,43,23,7272.41
2515,20240430,105,44,20,5870.13
2516,20230809,108,47,30,585.56
2517,20251231,580,33,21,4259.69
2518,20240418,377,48,24,4881.84
2519,20230707,257,47,34,4157.65
2520,20260621,170,8,27,5862.93
2521,20251016,342,16,23,2151.77
2522,20240222,441,52,28,7263.42
2523,20241220,499,39,25,3854.27
2524,20240628,537,16,30,3444.02
2525,20230823,295,6,19,2444.08
2526,20240322,732,53,24,1936.83
2527,20251022,517,59,26,6416.14
2528,20250507,511,13,31,3079.24
2529,20250121,627,43,24,6488.3
2530,20260305,153,52,32,2231.75
2531,20250410,315,29,15,3319.03
2532,20231119,406,58,29,4287.58
2533,20230703,101,2,24,6699.78
2534,20240809,579,18,33,5151.36
2535,20250924,266,1,25,4172.52
2536,20260426,86,56,31,243.46
2537,20241014,250,44,27,4661.14
2538,20241123,587,31,27,6931.22
2539,20231014,702,19,22,4212.93
2540,20230816,482,4,22,1318.59
2541,20250820,331,56,22,4102.67
2542,20230518,236,34,22,5204.44
2543,20240315,603,2,34,6738.77
2544,20250323,587,16,22,5497.14
2545,20230927,635,6,30,949.98
2546,20231011,775,41,23,3148.51
2547,20250711,273,6,33,3444.39
2548,20260523,512,5,25,1253.18
2549,20231005,392,42,34,3558.05
2550,20240207,629,35,22,2958.63
2551,20260216,400,59,33,4494.83
2552,20260525,566,50,26,1304.12
2553,20251010,413,21,31,2616.27
2554,20240702,506,5,13,491.73
2555,20250930,21,9,23,4041.07
2556,20250327,554,43,25,1250.45
2557,20241207,772,9,30,5149.43
2558,20240829,485,6,18,1334.13
2559,20230116,189,2,34,6065.9
2560,20240116,166,5,35,7441.65
2561,20230521,177,40,24,1271.6
2562,20241106,711,39,31,1631.44
2563,20260323,169,58,24,1623.91
2564,20251019,280,35,33,906.51
2565,20240206,314,49,24,3343.15
2566,20230916,529,46,22,1217.09
2567,20250131,10,56,25,862.47
2568,20231108,200,24,25,5039.48
2569,20260308,228,26,23,3806.01
2570,20230303,420,3,27,1899.53
2571,20230112,500,17,10,2999.11
2572,20260613,673,14,21,8316.14
2573,20250507,720,60,27,8944.17
2574,20240421,223,38,15,3068.56
2575,20230823,77,43,25,4570.62
2576,20231011,606,31,25,1271.93
2577,20230702,471,25,18,516.05
2578,20230308,474,5,23,5031.88
2579,20250206,744,28,33,2607.07
2580,20250620,166,29,29,6013.0
2581,20241115,97,8,34,6618.04
2582,20241108,785,36,32,6419.56
2583,20250530,228,4,24,4088.0
2584,20241116,323,48,26,5152.61
2585,20240308,338,26,26,4369.92
2586,20250619,370,36,30,5818.91
2587,20250310,573,58,27,3302.17
2588,20260305,76,18,21,3084.66
2589,20250423,353,47,23,4216.13
2590,20231111,192,22,18,1592.97
2591,20230306,168,49,34,2748.53
2592,20260629,700,60,23,2955.28
2593,20240513,41,48,31,7563.4
2594,20231013,269,36,29,334.7
2595,20250407,46,30,22,4564.74
2596,20260315,608,8,28,1863.07
2597,20240323,174,29,25,3892.06
2598,20231122,84,1,38,1804.33
2599,20250205,332,25,21,2122.22
2600,20230803,470,34,22,2548.37
2601,20250522,19,43,27,5696.27
2602,20240626,422,45,23,713.98
2603,20260520,455,3,27,540.25
2604,20230929,673,30,41,10656.14
2605,20230801,173,55,37,12100.34
2606,20240907,315,47,25,5901.98
2607,20250319,19,32,23,4956.86
2608,20241106,338,25,26,4631.89
2609,20241001,39,9,34,1819.09
2610,20230912,378,9,35,5736.45
2611,20251124,622,35,26,1561.65
2612,20260123,534,11,24,2234.51
2613,20250223,329,4,23,4995.14
2614,20260407,615,40,19,1496.16
2615,20251114,637,42,30,1547.16
2616,20230701,269,11,25,326.12
2617,20250208,543,34,28,2859.01
2618,20240127,346,8,25,4512.42
2619,20260528,203,8,29,6695.27
2620,20250702,368,41,30,2602.32
2621,20251105,255,44,29,7107.29
2622,20231213,244,5,24,6574.3
2623,20230613,331,45,25,4306.24
2624,20230522,375,57,27,942.22
2625,20231014,660,36,19,159.91
2626,20240204,327,5,21,507.19
2627,20241222,789,16,22,8294.92
2628,20251003,212,24,23,333.31
2629,20230112,617,20,22,1976.86
2630,20260301,476,56,34,5237.46
2631,20250826,86,23,19,189.77
2632,20240703,508,50,20,4271.62
2633,20230619,757,60,19,1817.11
2634,20230404,193,49,28,2778.47
2635,20240514,702,24,28,5996.59
2636,20230703,305,60,25,3698.48
2637,20260410,418,35,24,3498.87
2638,20230824,77,49,25,3160.07
2639,20230205,290,43,26,7022.25
2640,20260109,252,39,24,368.24
2641,20230521,393,44,24,415.58
2642,20250110,237,43,22,6243.16
2643,20250808,403,26,36,5942.28
2644,20250314,239,27,23,3208.19
2645,20240102,174,59,19,2997.56
2646,20240819,203,31,38,12758.41
2647,20230416,344,58,19,1715.77
2648,20230428,657,44,22,3531.99
2649,20230505,344,57,22,1794.43
2650,20251218,743,41,26,6330.51
2651,20230216,108,8,35,552.86
2652,20230316,751,2,31,2660.12
2653,20241029,270,20,32,4217.5
2654,20240621,252,13,26,586.54
2655,20230510,665,56,31,8247.48
2656,20240608,119,30,24,4911.9
2657,20230507,508,49,25,5186.97
2658,20250504,454,35,24,4799.64
2659,20260423,508,59,22,5978.12
2660,20231129,474,12,24,5058.72
2661,20240607,261,32,30,5437.33
2662,20241205,175,48,32,8703.96
2663,20231030,670,1,22,3228.75
2664,20241127,775,45,23,2690.47
2665,20251224,557,19,27,3275.22
2666,20250422,652,38,31,3610.83
2667,20240121,767,38,32,678.27
2668,20230202,141,46,30,5028.58
2669,20250917,14,40,32,2558.85
2670,20241001,13,44,32,2417.29
2671,20250310,741,29,26,4125.04
2672,20260401,444,10,23,4895.15
2673,20250114,795,10,17,3135.81
2674,20260215,157,56,27,302.59
2675,20240307,483,3,34,3269.47
2676,20251225,215,6,22,2339.5
2677,20260129,395,4,29,8902.27
2678,20260308,413,36,28,2041.73
2679,20240930,19,38,21,3746.79
2680,20240113,403,1,24,3244.0
2681,20230105,376,29,26,5214.81
2682,20250216,343,15,28,329.73
2683,20240409,214,29,28,6471.2
2684,20260319,748,18,20,3124.62
2685,20240517,42,14,28,6431.3
2686,20230213,103,40,18,2225.92
2687,20260215,743,32,28,8223.34
2688,20240306,52,12,31,483.64
2689,20251027,559,50,24,787.11
2690,20230126,104,26,31,3852.43
2691,20260123,146,41,25,3328.13
2692,20230427,717,58,24,753.1
2693,20231128,229,35,40,4170.02
2694,20250223,288,16,21,561.0
2695,20250602,410,51,25,1381.79
2696,20250512,753,44,28,6618.39
2697,20230814,752,17,29,1841.22
2698,20240417,362,19,22,5541.46
2699,20240216,82,13,21,5448.16
2700,20241225,303,58,20,1760.55
2701,20240615,163,52,28,776.64
2702,20240211,552,56,31,4300.4
2703,20260202,362,37,30,8749.13
2704,20231027,133,17,21,2515.93
2705,20260604,654,21,26,4960.55
2706,20230330,205,30,31,1565.47
2707,20250421,240,34,34,1026.95
2708,20240402,71,42,30,1717.78
2709,20240502,788,15,26,2937.03
2710,20240330,647,56,33,3992.29
2711,20251206,192,1,27,2466.28
2712,20251010,242,24,28,3951.16
2713,20250104,12,9,36,5954.69
2714,20231126,668,46,33,2979.36
2715,20250626,509,18,26,1517.18
2716,20250512,782,33,21,1553.03
2717,20241209,219,40,26,409.21
2718,20240915,605,16,17,2506.64
2719,20251231,52,1,29,393.58
2720,20260420,328,15,19,992.0
2721,20250322,425,28,25,3106.81
2722,20260514,387,19,21,1019.94
2723,20230929,748,30,41,6068.87
2724,20230423,287,48,25,5561.92
2725,20260320,85,44,24,980.69
2726,20250804,577,19,14,3011.78
2727,20230603,116,42,24,579.72
2728,20241115,514,52,28,7387.76
2729,20240419,402,2,26,488.82
2730,20240214,232,29,28,5935.75
2731,20251102,161,60,26,4249.27
2732,20231226,56,56,26,4530.32
2733,20231004,608,26,32,2588.08
2734,20240621,508,19,27,7123.56
2735,20230105,714,43,29,725.62
2736,20250509,40,48,22,4856.64
2737,20230705,723,26,27,8316.91
2738,20251020,761,17,23,7045.84
2739,20230321,745,38,33,5023.16
2740,20240511,355,9,31,2948.05
2741,20260528,253,34,29,7879.36
2742,20240325,162,47,28,973.2
2743,20240427,92,12,30,5372.71
2744,20240914,772,24,26,5832.21
2745,20251022,435,55,32,6745.59
2746,20260622,609,35,24,3695.39
2747,20260606,606,57,27,1107.15
2748,20260627,94,5,23,207.72
2749,20250712,591,57,22,1891.56
2750,20241026,215,42,19,2399.32
2751,20250118,364,23,22,1063.27
2752,20240113,33,52,21,2403.49
2753,20260311,602,18,29,1597.29
2754,20240702,62,52,19,6292.73
2755,20241203,155,22,21,2194.55
2756,20260322,115,25,29,6225.25
2757,20240216,783,37,23,4971.74
2758,20230524,22,20,31,2912.91
2759,20230119,491,54,28,3302.02
2760,20251204,799,23,24,3445.62
2761,20250923,60,38,33,1624.07
2762,20230617,657,15,33,4604.86
2763,20231216,600,3,28,1067.57
2764,20231016,251,40,27,6917.22
2765,20250601,764,35,28,660.49
2766,20240607,142,55,24,5760.9
2767,20241118,678,26,28,2926.42
2768,20240915,77,21,17,3171.22
2769,20230927,361,35,21,2834.52
2770,20250411,765,26,19,461.92
2771,20260611,320,59,21,3257.3
2772,20230315,340,58,24,5162.01
2773,20260406,387,37,27,1518.32
2774,20240219,213,55,32,7416.3
2775,20231101,134,35,28,5184.45
2776,20260603,39,45,24,1235.07
2777,20240809,450,18,31,7248.0
2778,20231003,416,12,28,2659.04
2779,20251030,666,8,30,4286.99
2780,20241204,507,2,34,7858.46
2781,20251122,479,13,16,3509.31
2782,20260316,533,25,27,3805.54
2783,20240319,285,55,33,6267.79
2784,20240715,205,51,23,1110.32
2785,20240412,767,8,30,580.11
2786,20231213,26,25,28,8358.1
2787,20250929,430,5,27,2004.5
2788,20240220,645,18,27,4534.43
2789,20240614,247,56,27,2053.41
2790,20240806,111,11,19,4915.71
2791,20230719,503,50,31,5865.88
2792,20250211,520,26,29,8223.38
2793,20250614,380,15,19,3054.92
2794,20230615,610,53,26,737.43
2795,20240603,604,50,19,1186.8
2796,20231109,707,24,21,3896.38
2797,20260424,67,56,20,2889.2
2798,20240110,542,18,30,2299.7
2799,20240306,404,44,23,4433.67
2800,20230525,145,15,22,3280.26
2801,20231014,270,50,30,2640.37
2802,20241114,627,27,22,5584.77
2803,20251126,798,56,15,1283.44
2804,20240320,733,52,14,2368.56
2805,20230401,613,26,32,1157.81
2806,20260607,48,40,24,1347.29
2807,20231001,319,7,29,6421.22
2808,20240718,678,56,21,1833.68
2809,20230918,718,11,28,5038.45
2810,20250806,219,3,30,370.62
2811,20250603,481,6,24,3807.32
2812,20231205,583,31,32,5485.12
2813,20241021,409,1,17,2399.12
2814,20251016,339,9,23,2136.78
2815,20250518,717,19,23,633.77
2816,20260406,227,54,23,4717.91
2817,20251028,535,8,23,2536.04
2818,20251222,422,25,23,980.69
2819,20240902,727,57,26,588.3
2820,20230811,249,59,25,701.55
2821,20231113,549,38,28,2315.93
2822,20251114,493,58,35,2678.73
2823,20230104,251,28,20,5601.16
2824,20240921,243,8,15,296.64
2825,20251011,409,29,26,4269.34
2826,20250809,313,58,25,3038.73
2827,20240126,526,5,28,379.42
2828,20250214,146,50,27,3020.7
2829,20250620,474,30,21,3676.66
2830,20250513,319,54,27,5365.99
2831,20241011,341,10,23,970.48
2832,20231230,509,37,30,2302.55
2833,20230417,532,56,23,4945.84
2834,20230306,192,36,28,2936.09
2835,20241016,608,27,28,2267.46
2836,20240915,550,54,25,3560.55
2837,20240219,389,53,21,260.89
2838,20250428,60,30,25,1066.77
2839,20240827,567,9,32,4507.06
2840,20260416,590,55,26,1596.52
2841,20251204,402,20,25,482.48
2842,20260420,311,25,29,8687.69
2843,20250909,199,37,29,3138.68
2844,20230427,753,42,22,4735.38
2845,20250509,535,12,28,3532.51
2846,20241119,78,36,24,2600.14
2847,20250519,52,50,23,289.3
2848,20260412,422,27,30,1208.35
2849,20231223,493,45,29,1604.31
2850,20240416,599,15,37,5576.89
2851,20251106,390,38,35,6429.99
2852,20230413,81,43,31,7125.35
2853,20240701,401,32,25,4034.51
2854,20230712,236,4,27,8287.01
2855,20260419,749,24,16,2666.3
2856,20250921,245,7,28,2830.81
2857,20250730,169,19,29,1723.1
2858,20241025,158,24,28,1870.51
2859,20250303,131,52,34,646.63
2860,20250811,119,55,37,11451.41
2861,20251121,579,1,24,3717.49
2862,20240223,434,7,27,2879.22
2863,20260413,652,16,22,3309.17
2864,20230720,417,32,34,7065.91
2865,20260320,278,14,22,5259.67
2866,20230904,66,16,24,5096.07
2867,20251027,779,56,30,2652.16
2868,20240930,162,12,33,1062.08
2869,20250208,666,57,15,2512.38
2870,20250409,180,30,25,384.04
2871,20240130,300,59,32,2281.9
2872,20240906,753,34,32,6094.21
2873,20250804,628,37,29,2904.72
2874,20260103,610,17,17,412.66
2875,20250728,292,45,34,6666.94
2876,20230522,320,5,30,4708.6
2877,20230125,791,44,26,4583.84
2878,20251105,763,53,21,6496.22
2879,20251206,1,52,26,2579.6
2880,20240211,333,23,21,5524.29
2881,20240328,186,5,20,2941.75
2882,20251229,118,10,24,7721.71
2883,20250420,509,33,22,1424.64
2884,20241026,466,32,23,6180.55
2885,20250316,752,44,26,1676.81
2886,20230407,546,2,28,1588.51
2887,20250128,770,52,22,1573.72
2888,20251214,216,41,13,3097.51
2889,20250130,618,45,23,1639.47
2890,20250718,267,7,28,3111.38
2891,20240918,126,48,30,3205.44
2892,20230812,299,31,26,293.88
2893,20241219,728,51,20,281.16
2894,20231203,107,5,25,1770.03
2895,20230522,758,60,20,5624.79
2896,20260504,222,53,28,4950.92
2897,20230527,566,3,27,1304.21
2898,20240331,605,56,16,1692.52
2899,20250930,220,39,17,2677.98
2900,20250309,433,29,28,1275.25
2901,20240723,739,39,18,2636.93
2902,20230130,612,3,29,4066.84
2903,20230430,574,53,25,6498.16
2904,20251116,397,41,22,2330.17
2905,20250702,161,60,16,2614.94
2906,20250510,341,5,27,1113.11
2907,20250215,73,15,32,4712.46
2908,20251121,82,17,21,4781.3
2909,20250620,567,49,24,3106.22
2910,20240222,606,25,27,1216.98
2911,20240424,287,20,21,4645.94
2912,20250806,617,27,32,2533.35
2913,20241125,572,15,24,1547.27
2914,20250118,237,7,24,6362.65
2915,20250305,447,24,27,1326.31
2916,20230816,767,53,28,745.42
2917,20231002,113,45,26,1873.44
2918,20230617,518,10,14,424.0
2919,20240820,80,58,24,4780.54
2920,20230424,455,26,22,602.3
2921,20250929,597,11,33,305.4
2922,20230520,495,4,24,411.18
2923,20230807,138,4,22,5096.64
2924,20260314,560,17,24,733.61
2925,20250110,759,46,30,5118.12
2926,20250424,732,5,20,1392.28
2927,20240127,769,28,25,1859.14
2928,20230312,199,46,32,3044.18
2929,20250910,662,37,22,2675.94
2930,20251012,664,6,27,464.65
2931,20230831,326,60,29,6260.77
2932,20230728,133,36,18,2091.25
2933,20250321,585,4,22,2898.52
2934,20230613,199,41,22,1980.96
2935,20260517,759,8,22,3236.46
2936,20231117,784,22,23,1615.86
2937,20251013,774,45,32,1942.58
2938,20231120,447,23,24,1194.72
2939,20241212,519,23,31,1398.06
2940,20240605,154,40,24,4509.82
2941,20240828,4,54,25,4898.94
2942,20260603,92,21,28,5795.93
2943,20230309,482,1,34,1621.17
2944,20250205,244,60,19,5483.23
2945,20260213,745,57,22,3580.87
2946,20260128,379,30,25,4693.43
2947,20250327,158,38,26,1493.91
2948,20230126,552,23,28,4939.79
2949,20250322,657,26,29,4728.18
2950,20230729,17,27,24,4355.81
2951,20230502,548,32,17,3055.89
2952,20231008,729,34,28,6218.03
2953,20240328,752,8,25,1347.08
2954,20241128,330,2,19,4752.33
2955,20230330,36,22,25,3337.65
2956,20250116,207,29,34,9837.15
2957,20250923,800,26,33,3590.0
2958,20241113,94,38,25,208.39
2959,20230603,93,58,22,1130.8
2960,20260110,288,18,25,473.28
2961,20240504,257,1,26,2561.05
2962,20230106,138,21,28,6856.38
2963,20260626,277,39,22,3991.58
2964,20251207,469,30,41,4055.71
2965,20250514,349,22,26,4864.86
2966,20250127,346,15,32,6008.72
2967,20230509,483,15,26,2927.79
2968,20250326,122,2,18,3020.43
2969,20231031,666,26,21,3647.6
2970,20251003,61,36,26,172.46
2971,20230710,384,52,24,976.31
2972,20250921,711,11,33,2456.14
2973,20230123,74,4,24,2715.01
2974,20230314,275,10,26,712.83
2975,20240427,523,56,19,1887.28
2976,20230628,207,53,26,8942.44
2977,20230129,356,29,31,2974.05
2978,20250502,464,48,18,3602.35
2979,20250129,390,40,28,5311.33
2980,20250401,409,41,33,5135.87
2981,20240302,272,49,23,878.6
2982,20230712,182,8,24,2498.94
2983,20250517,585,1,25,2620.32
2984,20250528,469,5,30,3708.28
2985,20250712,364,60,28,1311.02
2986,20241025,608,11,23,1976.44
2987,20230912,396,16,25,3820.22
2988,20241114,15,54,24,3027.98
2989,20250731,690,22,26,2078.26
2990,20250707,619,31,27,2449.53
2991,20250419,75,32,23,2308.52
2992,20260118,176,3,26,2311.87
2993,20260224,237,32,19,5507.92
2994,20250710,720,21,32,11204.74
2995,20260309,110,57,27,5816.4
2996,20230204,134,39,34,5999.99
2997,20240523,467,48,36,5368.69
2998,20251226,558,60,14,2727.34
2999,20250713,257,8,30,2968.87
3000,20231005,706,37,22,2563.79
3001,20251228,471,34,28,600.85
3002,20230212,127,27,24,4979.04
3003,20260507,607,39,26,2785.31
3004,20230226,280,45,21,564.74
3005,20240612,420,1,30,2364.74
3006,20230609,486,23,28,4764.39
3007,20230509,72,7,29,2711.54
3008,20240901,363,27,29,2581.1
3009,20250420,762,9,23,4026.89
3010,20230831,677,60,30,2452.72
3011,20231112,186,28,31,4750.19
3012,20230121,197,42,32,3396.22
3013,20230110,748,55,26,5819.91
3014,20230927,773,47,32,1246.89
3015,20240129,121,60,21,5064.1
3016,20260107,75,57,31,2754.43
3017,20260104,455,24,30,861.13
3018,20240823,257,18,29,2878.81
3019,20231223,466,13,24,6539.89
3020,20230928,199,43,24,2551.74
3021,20240818,52,23,19,334.58
3022,20240910,235,35,29,6304.96
3023,20240520,68,47,22,312.81
3024,20250613,263,47,30,2090.45
3025,20240521,94,6,23,160.53
3026,20250606,413,22,24,1476.98
3027,20250823,737,38,33,5415.13
3028,20250222,404,15,24,4021.17
3029,20231218,468,27,34,9456.0
3030,20230914,365,57,27,6076.24
3031,20240614,87,34,28,3555.48
3032,20251209,86,8,31,239.74
3033,20230512,469,25,27,3620.66
3034,20231010,443,38,24,6383.87
3035,20251204,730,16,23,4585.55
3036,20250601,606,31,16,814.03
3037,20250324,489,37,25,5504.06
3038,20240108,495,32,26,471.39
3039,20231101,126,45,27,1947.95
3040,20230410,483,50,33,3295.15
3041,20251106,6,36,40,5759.21
3042,20240430,366,35,25,5946.86
3043,20240606,477,2,37,8139.48
3044,20250530,216,58,24,6760.42
3045,20230308,337,44,22,4836.7
3046,20240117,680,7,24,5106.43
3047,20231122,16,15,25,2045.21
3048,20250506,293,41,25,7500.55
3049,20230421,264,35,33,208.43
3050,20230520,645,31,29,7060.82
3051,20230826,611,43,26,2599.63
3052,20240919,778,58,22,4579.19
3053,20250226,18,35,25,759.52
3054,20241123,677,46,33,2500.74
3055,20260531,735,10,25,2391.4
3056,20231002,236,54,26,6931.89
3057,20260615,366,32,30,9861.39
3058,20250919,620,60,36,4114.93
3059,20250609,318,46,22,676.18
3060,20241101,127,24,28,6082.67
3061,20251103,459,24,25,858.58
3062,20230903,276,23,24,1333.47
3063,20260528,170,48,25,7541.18
3064,20230214,715,11,35,4967.72
3065,20250901,424,46,26,3207.75
3066,20240430,490,46,18,1131.78
3067,20250721,751,15,31,2056.39
3068,20250523,446,28,28,1058.66
3069,20260408,670,47,29,5283.63
3070,20230211,8,30,31,4015.71
3071,20250510,445,12,32,5577.63
3072,20250816,67,59,19,3172.17
3073,20231230,94,17,29,259.85
3074,20251217,378,4,31,6518.68
3075,20230702,486,27,20,3207.04
3076,20240407,557,47,31,4077.64
3077,20230607,63,59,31,1363.9
3078,20240730,445,53,27,5662.65
3079,20240515,471,41,28,683.93
3080,20231122,360,38,27,2791.38
3081,20241229,379,16,30,8388.46
3082,20241022,786,33,24,2195.7
3083,20240929,305,35,32,3625.34
3084,20250222,330,53,30,7676.58
3085,20260226,292,31,25,7600.38
3086,20231028,392,48,29,3867.98
3087,20250407,170,26,25,6598.54
3088,20231011,385,19,28,1765.56
3089,20240908,414,44,34,5158.78
3090,20240216,11,30,29,967.42
3091,20250214,520,57,25,6835.94
3092,20251019,610,4,25,644.39
3093,20230622,345,41,26,5046.19
3094,20230213,234,24,31,8126.21
3095,20240912,388,49,21,2538.91
3096,20240812,98,39,32,5956.91
3097,20250710,161,44,21,3283.25
3098,20250210,427,56,21,5722.91
3099,20230208,189,1,30,3958.7
3100,20260524,435,4,25,4587.8
3101,20250824,706,19,23,2314.97
3102,20230523,437,9,34,2037.66
3103,20240718,635,52,28,1160.73
3104,20260113,368,26,31,2977.73
3105,20230812,197,30,29,2683.79
3106,20250907,735,31,29,3318.92
3107,20260312,533,3,28,2721.22
3108,20240313,494,13,26,8567.34
3109,20250806,548,29,25,3930.9
3110,20250406,780,7,33,2011.32
3111,20260227,147,60,33,1437.54
3112,20251110,391,1,13,535.23
3113,20251120,228,23,17,2988.96
3114,20230116,537,36,22,2038.75
3115,20250519,775,39,23,2619.31
3116,20230809,508,32,16,4904.83
3117,20240927,301,31,15,3402.13
3118,20240918,567,47,29,5175.46
3119,20251017,8,46,23,3635.55
3120,20250805,143,50,23,3775.28
3121,20240323,701,5,32,2454.88
3122,20241128,267,1,20,1826.88
3123,20240715,430,5,26,1930.26
3124,20251027,559,42,21,813.74
3125,20250205,102,60,34,7098.76
3126,20260218,284,48,22,314.8
3127,20241008,609,55,28,6466.94
3128,20230807,418,22,25,3668.25
3129,20240312,93,18,31,1231.7
3130,20250929,92,50,29,4187.27
3131,20250312,624,55,31,622.73
3132,20251107,726,25,16,3654.41
3133,20241230,520,42,30,7628.04
3134,20250620,757,57,26,2329.43
3135,20241113,445,44,36,6563.91
3136,20241017,170,18,35,7623.67
3137,20250408,202,11,34,8224.71
3138,20240215,254,1,17,993.28
3139,20240809,620,17,31,3337.04
3140,20250124,150,57,29,2364.72
3141,20231223,370,53,27,6310.0
3142,20230419,64,58,37,7396.64
3143,20251209,438,12,38,1149.52
3144,20230721,502,60,21,6077.87
3145,20240318,399,22,27,877.82
3146,20250825,627,54,23,5213.86
3147,20260114,124,27,29,256.79
3148,20230116,566,38,38,2264.8
3149,20250424,666,16,22,4450.05
3150,20230115,479,25,29,6103.55
3151,20250109,121,28,33,7869.13
3152,20240428,604,19,28,2160.49
3153,20240821,547,18,23,5855.08
3154,20260628,173,46,34,8972.16
3155,20231007,666,43,21,3889.53
3156,20260127,519,40,24,948.53
3157,20230204,777,56,22,1678.91
3158,20240301,69,47,32,5143.65
3159,20240125,391,11,22,1175.25
3160,20250215,140,26,30,2475.24
3161,20250511,339,33,28,2969.36
3162,20240911,339,39,32,2783.85
3163,20260222,769,53,23,1903.31
3164,20230104,584,7,20,4739.89
3165,20260626,276,35,33,1360.28
3166,20251020,607,59,26,3579.76
3167,20240514,497,21,26,6911.33
3168,20241205,751,28,35,2761.16
3169,20230808,278,57,31,5998.91
3170,20240214,534,35,31,2141.29
3171,20240112,47,24,24,4457.34
3172,20230117,759,23,33,6269.69
3173,20260313,155,9,32,3381.71
3174,20240903,91,22,33,3931.55
3175,20250703,120,28,19,2841.66
3176,20250312,329,16,22,5405.54
3177,20250123,95,32,31,2023.41
3178,20260316,377,54,25,3978.53
3179,20240310,607,5,25,3483.0
3180,20250827,399,52,22,891.2
3181,20240107,730,24,34,6103.0
3182,20240418,316,23,29,5894.31
3183,20230605,263,18,26,1470.75
3184,20260425,505,56,30,2820.76
3185,20241108,240,32,25,1036.76
3186,20260410,18,22,31,947.9
3187,20240226,352,1,23,4020.49
3188,20230819,254,40,30,1993.12
3189,20240424,555,48,27,2739.02
3190,20240615,608,18,24,1601.87
3191,20240221,74,49,43,3484.03
3192,20231103,749,21,24,4150.29
3193,20260305,85,54,23,853.39
3194,20260419,234,36,29,6815.85
3195,20251214,363,17,30,2585.06
3196,20260509,429,43,20,3263.91
3197,20260528,252,29,19,369.73
3198,20240123,657,37,24,4247.38
3199,20231114,546,10,38,1947.21
3200,20251204,309,30,23,3809.97
3201,20250726,295,18,27,3795.84
3202,20240906,212,24,30,434.76
3203,20250416,198,18,36,1439.21
3204,20231101,770,14,16,1379.33
3205,20250116,228,20,26,4889.65
3206,20260225,555,14,23,2432.19
3207,20250504,178,10,29,5487.79
3208,20231019,603,24,29,5443.17
3209,20240828,405,14,28,6144.67
3210,20240129,711,7,27,1884.12
3211,20230620,148,42,35,648.83
3212,20260411,134,38,30,6354.73
3213,20260125,740,58,31,6209.12
3214,20231007,24,27,23,2285.76
3215,20240722,237,16,34,10537.21
3216,20251017,239,21,30,4547.09
3217,20230503,652,49,21,1999.74
3218,20250405,381,16,24,6036.54
3219,20240102,439,49,23,4664.07
3220,20251210,600,8,30,1287.55
3221,20250823,255,51,34,6325.07
3222,20250804,176,55,21,3020.89
3223,20230821,44,1,30,3601.23
3224,20250726,428,48,25,8723.46
3225,20260411,665,17,37,11421.78
3226,20250104,278,59,22,4262.92
3227,20250126,331,40,23,4780.28
3228,20240615,381,45,30,5000.14
3229,20250102,8,7,27,4456.1
3230,20230807,743,60,29,8048.29
3231,20230809,18,10,34,1310.41
3232,20241103,18,47,28,1097.05
3233,20250212,348,4,27,5087.3
3234,20231102,419,3,31,3539.46
3235,20250912,175,60,23,5634.56
3236,20240807,673,44,31,10146.93
3237,20240601,68,30,23,251.53
3238,20260429,181,13,25,7402.57
3239,20250605,551,38,29,814.99
3240,20240113,709,17,20,542.34
3241,20230731,480,35,39,10259.74
3242,20230719,630,24,22,6144.76
3243,20251203,238,49,25,3361.21
3244,20260318,87,47,29,4718.52
3245,20240418,524,14,24,2933.81
3246,20240609,244,41,27,6836.07
3247,20250420,700,35,34,3345.53
3248,20230511,95,34,20,950.79
3249,20230909,660,44,23,202.77
3250,20230525,782,15,29,2004.28
3251,20230921,638,16,33,1069.88
3252,20230712,564,52,24,2657.57
3253,20250614,763,57,22,5793.92
3254,20230220,356,5,22,2164.3
3255,20240123,417,59,39,7184.42
3256,20230724,52,47,29,488.61
3257,20240415,272,51,28,1084.4
3258,20251029,542,41,32,2684.28
3259,20250214,306,7,32,6683.11
3260,20230811,509,22,33,1851.24
3261,20250812,384,26,28,1152.26
3262,20230309,528,17,18,5000.86
3263,20230919,84,32,26,1642.21
3264,20260228,730,32,30,5594.64
3265,20230730,628,45,24,1709.0
3266,20240914,440,59,36,3102.64
3267,20250108,315,31,27,7501.81
3268,20250304,235,14,19,6243.04
3269,20230922,582,9,31,8173.79
3270,20250108,443,24,21,6494.48
3271,20250411,291,28,16,2275.0
3272,20250205,756,11,27,8867.08
3273,20240923,430,42,29,1975.91
3274,20260612,786,3,29,2117.34
3275,20230906,439,8,22,4978.42
3276,20230829,122,43,26,4202.0
3277,20250613,21,7,23,5017.6
3278,20230314,362,13,25,7419.46
3279,20260420,695,56,25,3594.97
3280,20240423,291,50,28,2968.48
3281,20240111,645,23,28,6054.21
3282,20250331,442,58,22,678.0
3283,20250924,375,28,27,994.56
3284,20260414,273,23,31,4552.85
3285,20230607,775,44,26,3880.92
3286,20230224,672,1,26,1778.37
3287,20230117,98,35,27,5273.61
3288,20260316,649,33,24,4609.22
3289,20240220,59,30,33,1448.6
3290,20240803,89,56,27,1483.95
3291,20230620,649,3,25,3831.65
3292,20240405,489,19,21,3993.19
3293,20241027,260,30,20,3472.03
3294,20250925,563,47,28,918.08
3295,20240622,799,49,27,2689.69
3296,20251005,766,51,31,3817.95
3297,20230830,235,12,22,5711.82
3298,20251012,549,58,25,2448.02
3299,20240823,728,33,23,396.17
3300,20230810,64,47,27,5139.6
3301,20231230,489,57,30,5867.54
3302,20230219,153,46,27,1817.44
3303,20230118,757,43,24,2377.78
3304,20240101,51,25,20,1336.25
3305,20240517,400,59,26,3541.38
3306,20230727,364,44,18,806.25
3307,20230728,44,46,26,3636.39
3308,20251230,308,46,35,7261.02
3309,20250712,527,16,25,1865.72
3310,20230202,689,38,21,1523.6
3311,20260412,254,47,19,1378.16
3312,20250904,399,59,30,1187.05
3313,20251009,267,26,20,2230.95
3314,20250527,758,10,27,7377.05
3315,20250814,184,48,27,7401.06
3316,20240311,557,10,30,3881.74
3317,20260327,760,11,25,6695.65
3318,20260118,721,53,29,6416.37
3319,20230419,552,56,27,3745.51
3320,20240211,271,9,25,2859.12
3321,20240131,730,29,20,3262.45
3322,20241026,38,9,19,438.24
3323,20250612,315,54,30,6229.3
3324,20230814,725,33,21,5702.8
3325,20240309,166,18,26,4669.28
3326,20260102,788,29,26,3269.69
3327,20241216,166,58,28,6505.13
3328,20240322,407,43,27,4237.44
3329,20260220,66,6,23,3166.67
3330,20250311,59,33,27,1388.23
3331,20250112,530,3,31,4245.71
3332,20251125,512,17,28,1392.56
3333,20260626,33,46,23,2540.69
3334,20240910,297,10,23,3666.09
3335,20241221,59,32,17,1039.63
3336,20260531,325,3,21,2693.35
3337,20241003,483,36,27,3339.45
3338,20230711,176,47,25,3091.96
3339,20250415,778,36,27,4948.48
3340,20250127,427,37,22,7789.48
3341,20231213,222,42,30,4199.44
3342,20230511,289,48,21,998.19
3343,20240725,534,29,34,2838.73
3344,20251229,244,43,24,7175.09
3345,20251209,50,29,18,3410.85
3346,20240207,292,20,24,6930.77
3347,20230125,423,12,18,347.91
3348,20250501,48,9,27,1305.99
3349,20250215,479,46,29,5493.93
3350,20260216,319,20,29,7325.61
3351,20251026,455,11,27,785.39
3352,20241011,429,35,29,3498.55
3353,20230718,503,9,18,3600.62
3354,20230330,254,39,23,1232.91
3355,20260423,443,46,24,6754.08
3356,20240410,491,43,29,4078.57
3357,20250625,18,47,27,1057.87
3358,20240421,771,30,26,1398.08
3359,20250828,505,11,27,3228.58
3360,20230128,145,27,21,3663.13
3361,20250729,345,20,24,5862.0
3362,20260429,325,31,32,6718.48
3363,20230318,82,18,27,5233.36
3364,20230403,252,5,28,558.72
3365,20250922,567,35,27,3736.33
3366,20231123,457,44,22,1027.02
3367,20250415,283,7,38,8124.35
3368,20251030,329,37,24,5496.51
3369,20250427,422,24,33,1391.84
3370,20250311,751,11,24,1976.41
3371,20251111,261,29,24,3804.86
3372,20251225,296,10,26,1754.86
3373,20230914,272,31,25,1549.81
3374,20250615,416,10,28,2824.78
3375,20240321,98,7,18,4443.03
3376,20240413,241,32,34,9045.59
3377,20250422,442,17,29,811.51
3378,20250502,321,8,25,6141.53
3379,20250327,301,54,32,5424.06
3380,20250917,505,16,24,3145.47
3381,20230216,431,43,28,636.46
3382,20230703,86,33,35,301.31
3383,20230109,435,40,32,5312.06
3384,20250129,660,12,14,117.99
3385,20260212,605,27,32,4056.88
3386,20250206,67,46,31,5114.11
3387,20230502,115,27,32,6489.0
3388,20230919,407,49,24,2604.19
3389,20260513,227,56,23,4408.32
3390,20230124,86,41,25,212.22
3391,20260622,52,25,21,368.91
3392,20240118,269,25,29,377.39
3393,20250406,337,3,22,3589.94
3394,20250422,24,5,31,3006.24
3395,20260626,331,47,29,6580.5
3396,20240109,421,58,20,1381.72
3397,20230605,795,60,24,4556.9
3398,20231103,423,28,28,585.19
3399,20250210,84,31,34,2358.73
3400,20230426,551,49,22,505.46
3401,20230930,658,33,28,5576.05
3402,20241116,629,24,34,6081.76
3403,20250318,716,2,19,1609.95
3404,20240302,242,57,28,3633.91
3405,20230826,642,44,18,1301.08
3406,20230527,123,19,27,2440.54
3407,20230520,526,41,28,350.69
3408,20240816,745,58,28,5045.77
3409,20240406,161,6,24,2877.4
3410,20230329,155,47,22,2945.89
3411,20231206,446,36,27,942.81
3412,20241201,64,36,23,4048.58
3413,20250527,738,40,19,3104.8
3414,20250615,439,44,20,5416.97
3415,20230112,94,37,16,160.53
3416,20240125,177,11,37,2236.99
3417,20250908,420,14,29,3325.62
3418,20260424,387,56,25,1082.06
3419,20230926,597,9,21,146.75
3420,20240115,594,3,20,1068.19
3421,20241030,372,30,24,175.66
3422,20240724,715,37,21,3045.04
3423,20250406,278,33,21,3859.52
3424,20230316,376,4,25,5416.99
3425,20240208,46,57,24,6141.38
3426,20231108,776,16,23,1966.56
3427,20230811,602,50,30,1519.57
3428,20230330,120,47,28,4182.46
3429,20240413,122,24,24,3813.82
3430,20260623,584,9,20,3817.4
3431,20251024,654,59,35,5926.14
3432,20241022,635,18,25,865.2
3433,20250126,377,13,28,5504.78
3434,20230104,396,12,30,3705.57
3435,20251219,714,12,22,485.94
3436,20251019,239,56,24,2793.29
3437,20241119,800,22,32,2761.88
3438,20240130,545,4,26,514.27
3439,20260207,470,6,23,2535.71
3440,20240709,537,43,26,2733.08
3441,20250104,284,34,27,268.2
3442,20251222,583,11,28,4262.23
3443,20230804,412,24,23,1093.71
3444,20250626,291,18,25,2882.06
3445,20251105,22,43,29,2556.77
3446,20250828,630,20,30,9082.59
3447,20250103,427,57,28,8807.16
3448,20251003,279,60,30,7190.13
3449,20230623,398,11,17,1002.88
3450,20260318,484,41,26,283.67
3451,20250607,472,7,30,723.28
3452,20260504,719,55,21,1428.29
3453,20240803,363,16,29,3001.96
3454,20240403,628,46,32,2817.27
3455,20230619,279,42,28,5845.95
3456,20241016,440,36,33,2768.95
3457,20240608,296,32,34,2499.71
3458,20260512,727,22,23,428.18
3459,20231104,523,38,27,2894.85
3460,20251124,513,30,29,4537.22
3461,20241027,519,2,25,1174.84
3462,20250725,660,25,26,246.74
3463,20250330,613,60,31,1154.53
3464,20240917,382,50,24,727.14
3465,20260629,139,51,23,5160.59
3466,20231208,651,50,26,1056.29
3467,20251013,705,51,22,3090.08
3468,20251125,415,32,19,1361.36
3469,20230606,527,4,17,1121.39
3470,20250211,340,23,27,5779.51
3471,20241002,698,59,22,1721.02
3472,20260110,231,49,23,2531.04
3473,20230726,332,26,30,2860.27
3474,20241018,670,48,31,6349.59
3475,20250622,587,15,20,3672.79
3476,20260504,240,22,20,604.09
3477,20250418,92,38,20,3431.35
3478,20260323,338,32,27,4943.17
3479,20240227,526,32,18,271.93
3480,20260403,102,26,24,4868.08
3481,20230602,756,54,23,6356.49
3482,20230529,564,2,15,1860.3
3483,20260518,352,18,29,5108.79
3484,20250527,493,27,19,1363.83
3485,20230820,318,11,21,718.79
3486,20230902,605,11,28,3766.83
3487,20231109,236,59,23,6621.93
3488,20231215,535,39,30,3020.69
3489,20250223,793,42,22,2118.69
3490,20260221,418,55,25,5466.98
3491,20250807,800,37,32,3778.71
3492,20240504,486,57,24,3706.27
3493,20230515,385,53,29,2209.26
3494,20250923,740,38,25,4229.63
3495,20230716,443,24,32,9896.35
3496,20230902,397,9,27,2540.66
3497,20231118,675,22,42,8117.25
3498,20250413,589,13,22,1671.62
3499,20250417,57,14,33,637.71
3500,20260515,364,25,24,1157.15
3501,20240718,364,50,24,828.53
3502,20230720,592,44,22,3035.21
3503,20251222,583,35,36,4065.6
3504,20241105,494,58,23,7325.01
3505,20250407,263,1,33,1852.29
3506,20251206,83,8,27,219.78
3507,20251229,521,12,37,7126.32
3508,20251031,550,54,26,3702.98
3509,20230119,601,36,20,257.8
3510,20230623,719,46,20,1097.62
3511,20231112,197,52,17,1989.03
3512,20231228,480,50,19,4812.31
3513,20250410,227,14,28,7652.6
3514,20250318,228,17,23,3689.5
3515,20260429,73,42,23,3548.61
3516,20230624,410,18,28,1708.7
3517,20240721,363,20,28,2828.6
3518,20250725,187,2,24,5346.74
3519,20250328,790,23,28,2734.04
3520,20250316,2,11,21,1903.06
3521,20260514,97,14,31,8737.74
3522,20230704,291,50,23,2438.39
3523,20260329,341,53,26,1242.6
3524,20230216,438,12,33,998.27
3525,20240216,190,1,24,709.38
3526,20250424,194,19,31,7167.25
3527,20251123,316,34,25,3794.2
3528,20240917,324,51,31,3819.4
3529,20230913,22,29,26,2048.24
3530,20230811,575,25,32,5219.48
3531,20250202,284,36,19,223.63
3532,20230328,71,6,30,1446.55
3533,20260530,555,28,27,2439.44
3534,20230514,518,4,30,935.23
3535,20250811,12,17,29,5795.86
3536,20230108,159,47,20,2205.14
3537,20240831,580,3,27,4370.71
3538,20230415,197,39,22,1956.27
3539,20230828,497,14,24,6985.5
3540,20250202,110,9,32,5735.47
3541,20250926,323,11,24,4421.83
3542,20260513,250,27,29,5090.71
3543,20250209,749,57,29,4444.65
3544,20230622,487,47,33,940.79
3545,20240809,684,1,16,1491.49
3546,20250402,633,15,29,1122.01
3547,20241127,148,20,24,563.9
3548,20260119,208,48,25,4355.23
3549,20240204,418,31,20,4425.48
3550,20231102,135,57,32,999.37
3551,20260205,154,18,23,3830.52
3552,20250418,575,36,27,3905.78
3553,20231105,53,16,26,6512.05
3554,20250822,780,55,27,1953.26
3555,20241021,301,30,26,3853.81
3556,20241222,739,23,25,5179.59
3557,20230129,484,16,29,408.01
3558,20241212,84,1,25,1187.06
3559,20251030,146,5,16,2304.5
3560,20241119,47,27,32,5675.61
3561,20260409,798,29,25,2439.52
3562,20250902,718,23,26,4678.56
3563,20241121,433,12,33,1484.86
3564,20230210,433,32,28,1457.91
3565,20260617,441,47,22,5868.98
3566,20260606,251,45,34,7219.04
3567,20240524,652,26,20,2583.28
3568,20241016,491,52,27,3520.21
3569,20240831,518,46,24,693.49
3570,20250520,428,20,20,6939.82
3571,20230818,301,17,27,4961.74
3572,20230625,47,54,28,4434.75
3573,20260507,332,6,21,1511.86
3574,20260320,110,60,26,5978.82
3575,20230603,673,58,33,11711.03
3576,20250609,189,10,26,4189.73
3577,20231112,103,55,19,2983.64
3578,20260126,411,8,25,1045.06
3579,20240415,266,16,17,4034.99
3580,20241003,613,11,19,730.42
3581,20230516,175,45,22,4040.52
3582,20260606,177,16,25,1656.64
3583,20230605,287,8,26,4163.99
3584,20260515,573,8,31,2921.67
3585,20231115,91,51,22,2469.33
3586,20240705,490,1,29,1565.03
3587,20250316,68,34,28,310.7
3588,20250519,400,43,26,3910.96
3589,20260121,724,49,26,3135.44
3590,20251016,395,51,28,6241.44
3591,20231024,405,20,33,6908.53
3592,20240127,26,29,21,5634.93
3593,20260511,549,26,22,2017.84
3594,20230516,509,50,21,1126.92
3595,20250914,196,60,17,1092.86
3596,20230414,555,2,17,1670.67
3597,20241010,181,22,20,4253.48
3598,20230127,457,27,33,1566.48
3599,20260225,37,13,26,9191.26
3600,20250716,454,8,32,6679.1
3601,20260521,402,39,27,344.46
3602,20230505,42,7,26,4993.65
3603,20250811,778,43,23,4781.62
3604,20240913,411,53,27,1553.88
3605,20230427,474,22,31,5507.13
3606,20230626,651,5,20,1046.05
3607,20260304,275,34,30,652.54
3608,20240313,300,43,29,2283.78
3609,20230107,521,42,22,4036.32
3610,20251203,273,20,33,5184.04
3611,20250424,762,29,28,5821.97
3612,20240714,584,30,23,4278.34
3613,20230310,462,37,31,5820.18
3614,20230208,721,8,27,4339.12
3615,20240919,253,17,20,6639.66
3616,20230521,610,35,34,671.12
3617,20230608,391,50,23,877.62
3618,20250405,188,59,28,5860.69
3619,20230519,426,28,26,1712.95
3620,20251025,164,22,25,6413.75
3621,20240829,633,19,25,1059.5
3622,20250510,305,17,34,4736.99
3623,20250506,415,24,28,1931.04
3624,20240826,492,42,23,1637.6
3625,20230326,218,26,18,2733.35
3626,20231216,251,30,27,5808.57
3627,20250306,658,25,38,8758.47
3628,20251126,462,16,29,5841.36
3629,20240209,15,17,22,3009.27
3630,20250111,740,26,31,5815.95
3631,20231205,551,18,26,668.67
3632,20230330,200,39,23,3322.13
3633,20231210,634,10,26,2692.73
3634,20250919,780,9,26,1276.27
3635,20240107,613,9,28,812.79
3636,20260429,678,42,27,2530.36
3637,20250116,556,48,25,7623.62
3638,20230124,59,54,18,903.57
3639,20230221,236,12,34,9543.24
3640,20260421,60,45,27,1137.08
3641,20250606,724,28,29,4828.35
3642,20240607,35,28,26,336.53
3643,20231006,178,17,23,4219.15
3644,20230118,603,39,29,3900.28
3645,20230601,284,54,30,335.85
3646,20240331,774,36,26,1922.72
3647,20240126,651,19,25,1254.64
3648,20250628,516,14,17,1206.73
3649,20230927,241,21,27,7174.85
3650,20230317,602,30,26,1356.8
3651,20250503,97,4,28,6819.02
3652,20250614,193,47,32,4378.53
3653,20250324,118,18,33,8762.02
3654,20240521,759,23,24,4559.78
3655,20230602,101,57,21,5105.88
3656,20250921,488,14,33,7333.79
3657,20231019,113,17,14,1267.22
3658,20250514,724,39,22,2703.56
3659,20230116,266,40,23,4364.9
3660,20250926,522,55,25,2413.44
3661,20250702,539,28,22,5054.55
3662,20230527,430,3,28,1554.98
3663,20260618,195,43,22,4142.43
3664,20250928,624,60,32,559.61
3665,20241207,206,53,30,964.9
3666,20250128,306,6,28,4432.59
3667,20250914,250,15,18,2700.88
3668,20250320,208,13,23,3872.66
3669,20251222,398,59,24,1286.66
3670,20240720,711,46,28,1871.35
3671,20250417,603,13,13,2570.65
3672,20260116,304,22,26,1164.38
3673,20251114,512,1,25,1050.31
3674,20230824,556,6,29,5842.96
3675,20230910,696,26,26,3693.38
3676,20240903,344,17,25,2049.91
3677,20230923,697,53,34,6143.17
3678,20230813,162,24,31,1111.27
3679,20230215,799,32,26,3826.86
3680,20241201,635,1,26,892.86
3681,20230310,139,11,16,5103.16
3682,20250423,743,58,28,8059.64
3683,20250217,539,2,23,5747.84
3684,20231231,652,41,21,2449.5
3685,20260119,656,57,35,6998.93
3686,20231001,325,38,30,4747.43
3687,20230607,431,10,30,639.51
3688,20260504,631,22,24,3983.09
3689,20260331,694,44,17,864.22
3690,20230628,385,39,28,1414.85
3691,20230618,235,42,34,8408.72
3692,20250429,440,16,27,2806.52
3693,20240216,364,12,34,1455.84
3694,20250228,241,6,28,5163.92
3695,20240610,385,5,29,1905.74
3696,20241118,410,33,23,1557.6
3697,20241108,370,53,21,4907.78
3698,20251101,215,14,27,4529.91
3699,20230427,416,51,26,1960.57
3700,20240831,275,48,32,1002.66
3701,20240613,277,49,29,5163.37
3702,20230805,762,36,16,3282.3
3703,20241108,614,57,38,311.41
3704,20231031,405,33,34,5735.84
3705,20250105,272,39,25,973.18
3706,20251012,122,25,24,3855.57
3707,20250521,172,36,25,1093.34
3708,20240123,746,5,24,7240.91
3709,20240930,691,55,28,4165.68
3710,20250217,444,1,28,4879.94
3711,20230609,271,49,24,2522.21
3712,20240613,353,14,24,5155.68
3713,20240929,406,57,23,3071.42
3714,20250113,331,4,24,5514.26
3715,20250626,126,56,26,2030.83
3716,20230517,101,13,21,5848.8
3717,20260116,246,35,23,4119.64
3718,20240917,524,5,23,2305.84
3719,20241006,26,19,25,6600.48
3720,20240919,728,54,21,353.16
3721,20230130,45,9,26,4411.33
3722,20260524,387,48,28,1657.82
3723,20240922,58,11,32,846.33
3724,20240806,763,45,32,6744.25
3725,20250626,684,27,14,1595.75
3726,20260524,459,27,32,1049.51
3727,20240604,316,28,29,5646.65
3728,20230529,365,40,29,6301.89
3729,20250820,196,10,26,1623.79
3730,20250506,368,3,24,1684.9
3731,20260611,295,44,32,5367.93
3732,20230429,640,34,21,1974.45
3733,20250313,377,12,26,4356.06
3734,20250216,540,6,20,3903.53
3735,20251218,653,7,29,4757.42
3736,20230127,252,2,25,565.28
3737,20251104,131,26,33,634.9
3738,20230429,735,33,21,1839.67
3739,20240615,611,24,35,3440.89
3740,20250910,777,15,24,1876.28
3741,20230304,585,50,22,2137.07
3742,20231226,492,23,25,2109.16
3743,20230815,427,20,20,7414.19
3744,20240809,397,3,30,2571.62
3745,20241006,571,11,28,7456.92
3746,20240615,311,38,31,7901.08
3747,20260429,754,18,27,7137.48
3748,20230610,380,50,27,3849.5
3749,20251011,477,52,32,6285.31
3750,20240514,101,2,31,8653.88
3751,20240825,353,34,27,3862.62
3752,20260111,110,40,29,6032.39
3753,20230903,47,60,22,4011.34
3754,20250923,528,19,26,6985.85
3755,20250316,545,38,23,398.56
3756,20250204,616,24,28,6399.37
3757,20240120,392,10,29,3384.48
3758,20260511,500,51,26,6012.43
3759,20241202,455,16,23,733.29
3760,20240924,141,7,23,4025.33
3761,20230307,278,19,27,5079.72
3762,20251205,176,52,30,3607.94
3763,20250929,543,26,29,3732.34
3764,20240808,82,51,31,5442.17
3765,20240602,750,29,28,473.12
3766,20230803,472,60,29,722.45
3767,20240207,726,58,35,8051.73
3768,20250210,318,32,26,912.36
3769,20240701,44,47,26,3874.6
3770,20250803,79,12,22,4110.63
3771,20260205,735,39,26,1868.46
3772,20240903,410,49,21,1144.86
3773,20240124,665,27,35,11159.8
3774,20231014,108,26,23,441.6
3775,20260209,53,24,22,4960.98
3776,20241212,778,2,35,7554.9
3777,20241008,87,31,34,6510.75
3778,20230917,714,11,23,573.43
3779,20230930,64,9,27,4056.22
3780,20230821,604,52,27,2196.71
3781,20250928,264,53,24,217.81
3782,20230921,795,57,33,5869.77
3783,20230531,699,31,26,1607.41
3784,20241011,532,31,18,5543.02
3785,20241225,659,30,28,2841.67
3786,20241025,224,38,40,5800.79
3787,20250910,208,28,31,4809.81
3788,20240926,167,26,37,6847.34
3789,20251025,636,20,26,3244.17
3790,20251130,83,41,18,160.83
3791,20230901,162,34,31,840.89
3792,20250620,665,32,29,10059.45
3793,20240402,118,5,18,5658.32
3794,20260525,776,30,23,1320.37
3795,20241220,438,36,31,936.5
3796,20240505,472,35,29,553.25
3797,20230202,546,50,24,933.34
3798,20260507,759,29,23,3918.64
3799,20241207,439,4,16,4530.05
3800,20240115,766,54,28,4125.22
3801,20250517,170,32,22,6325.17
3802,20240704,294,12,29,7797.6
3803,20231113,122,43,16,2585.85
3804,20250817,314,55,24,5361.77
3805,20240709,47,55,28,5864.5
3806,20250920,696,54,32,4064.45
3807,20250823,504,45,27,400.7
3808,20250320,184,33,24,5271.79
3809,20240330,253,9,22,6044.72
3810,20260130,787,17,24,4060.04
3811,20250502,155,56,27,2971.26
3812,20230807,359,56,28,2874.98
3813,20240529,74,17,22,2343.81
3814,20230725,268,26,25,1479.41
3815,20251105,438,10,15,482.04
3816,20250808,756,60,24,7635.83
3817,20250926,443,27,19,5611.47
3818,20231114,106,44,32,1979.78
3819,20260123,235,55,28,9131.32
3820,20230310,267,5,32,3487.57
3821,20260111,531,16,31,529.83
3822,20230101,431,31,16,408.07
3823,20230412,767,42,19,400.44
3824,20240809,572,30,32,1884.71
3825,20250126,578,58,20,5528.38
3826,20230423,400,22,28,3133.66
3827,20250528,635,34,25,831.77
3828,20250102,182,33,31,3593.11
3829,20230304,192,44,23,2526.32
3830,20231220,418,48,28,5918.26
3831,20250923,698,49,26,1552.99
3832,20250209,529,31,20,1387.49
3833,20230709,29,10,28,3742.38
3834,20250608,700,30,23,2244.84
3835,20240920,515,27,26,2610.64
3836,20231127,426,8,27,1437.78
3837,20240514,21,49,26,4197.77
3838,20230903,52,7,25,412.76
3839,20240712,290,12,34,8106.47
3840,20230808,91,29,32,4578.57
3841,20250222,663,21,19,4940.38
3842,20240726,406,31,25,4142.21
3843,20230701,386,26,30,4331.68
3844,20230302,435,42,31,4955.73
3845,20241112,539,28,24,5514.05
3846,20260404,51,57,24,1458.78
3847,20251103,249,16,23,778.43
3848,20260503,172,4,22,1053.52
3849,20260109,754,50,29,7050.05
3850,20260128,568,22,38,651.41
3851,20250714,453,53,31,4378.05
3852,20250613,107,11,17,1308.9
3853,20240417,414,45,23,2734.85
3854,20231119,589,29,26,1704.09
3855,20230713,155,16,26,3988.22
3856,20240204,723,12,12,3479.52
3857,20251017,200,14,16,3664.72
3858,20251121,233,42,34,3509.29
3859,20231015,563,32,34,1194.54
3860,20250904,213,33,24,4308.17
3861,20260520,42,46,32,5886.34
3862,20230725,68,13,29,448.03
3863,20230221,13,28,31,2420.61
3864,20250907,316,30,28,4188.02
3865,20230105,724,21,21,3737.37
3866,20230726,430,37,31,2556.85
3867,20230219,224,58,32,5493.93
3868,20260215,549,20,22,2293.24
3869,20231130,53,17,25,5212.27
3870,20260628,127,53,25,5867.02
3871,20250612,191,46,27,6674.98
3872,20230417,420,57,26,2413.36
3873,20240227,492,13,26,2280.42
3874,20260430,662,34,33,2933.78
3875,20251110,244,22,24,5338.4
3876,20240223,558,58,28,5657.45
3877,20251125,707,41,24,3835.43
3878,20260617,291,31,29,4846.85
3879,20230620,144,39,32,4708.04
3880,20230122,447,16,24,1309.46
3881,20250227,485,30,30,2302.43
3882,20231028,773,37,26,1081.74
3883,20230318,485,14,28,3274.23
3884,20230419,712,3,28,1893.03
3885,20241004,717,56,25,613.9
3886,20240808,179,26,24,759.98
3887,20251121,33,33,33,3499.13
3888,20250827,685,41,25,2507.2
3889,20250203,741,11,21,3715.34
3890,20230129,438,57,33,1022.62
3891,20240525,437,52,27,1993.73
3892,20231118,537,27,27,2665.06
3893,20250326,466,18,17,3460.95
3894,20250106,633,21,21,1032.86
3895,20260624,476,21,23,4614.0
3896,20250415,223,45,24,4201.36
3897,20250629,332,50,28,2026.02
3898,20260625,530,44,18,3321.42
3899,20240419,666,60,30,5363.73
3900,20250207,167,18,26,3970.83
3901,20230225,139,36,27,7619.13
3902,20250307,9,32,29,5652.84
3903,20240424,327,59,30,716.05
3904,20230829,311,3,20,4131.33
3905,20260218,563,11,28,959.55
3906,20251002,659,31,28,4348.27
3907,20251205,413,30,24,1455.61
3908,20240402,798,21,22,2451.4
3909,20250810,380,8,25,3863.87
3910,20250223,697,21,27,4686.12
3911,20240109,800,12,28,2867.34
3912,20250912,556,30,22,4589.83
3913,20231107,607,23,31,4696.69
3914,20240713,533,45,25,2565.35
3915,20240522,652,59,28,3492.04
3916,20250723,598,58,25,2337.32
3917,20241125,382,38,31,1116.01
3918,20260430,610,40,34,792.75
3919,20250117,565,16,22,815.89
3920,20250731,769,16,20,1701.65
3921,20231221,254,12,24,1611.97
3922,20230829,556,7,35,9303.19
3923,20230108,635,27,25,1049.74
3924,20241211,468,54,35,8692.51
3925,20240309,250,42,20,3144.1
3926,20251210,117,52,32,1649.45
3927,20240428,106,7,28,1752.5
3928,20231013,37,21,25,8705.08
3929,20251229,31,39,24,3975.04
3930,20230520,644,46,19,6263.09
3931,20231108,417,9,31,4745.08
3932,20241005,575,14,23,4216.49
3933,20230708,491,36,32,3967.54
3934,20240206,157,58,27,386.67
3935,20230311,291,28,19,2701.57
3936,20240811,759,40,29,4828.45
3937,20250602,738,28,26,4644.44
3938,20250615,798,41,27,2497.12
3939,20251213,337,13,28,6905.35
3940,20240507,349,20,25,6700.77
3941,20240625,502,2,28,8716.39
3942,20250606,57,26,19,308.2
3943,20231006,118,32,30,10513.94
3944,20240921,89,31,29,2282.52
3945,20260105,443,56,22,5421.47
3946,20240826,254,25,21,1588.22
3947,20241004,302,4,16,1228.71
3948,20241212,666,41,36,5646.87
3949,20240126,419,9,31,3885.37
3950,20230130,11,22,26,880.08
3951,20250412,214,42,32,6960.04
3952,20230222,369,47,29,2267.62
3953,20240709,350,30,28,3351.79
3954,20260313,438,24,23,774.96
3955,20241010,194,30,30,5784.76
3956,20230627,680,7,26,5531.96
3957,20250606,43,40,28,2793.13
3958,20240101,606,36,31,1239.22
3959,20230118,12,46,38,7474.66
3960,20241126,552,20,26,4906.33
3961,20260329,655,36,22,1150.22
3962,20231025,305,52,14,1989.02
3963,20240422,469,19,25,2965.17
3964,20231101,443,52,30,8747.35
3965,20240901,439,47,22,6151.63
3966,20230616,458,26,21,1915.92
3967,20230907,657,10,25,4076.02
3968,20260403,389,8,25,225.59
3969,20240227,479,33,21,3818.81
3970,20251029,204,23,25,2859.48
3971,20240523,675,13,26,6996.17
3972,20260107,785,9,26,4451.56
3973,20251211,610,11,23,611.94
3974,20231219,370,38,25,4651.71
3975,20240806,565,27,23,733.39
3976,20260530,459,18,26,702.82
3977,20231222,370,47,30,6292.63
3978,20260225,320,22,25,3186.2
3979,20230429,441,59,23,5827.81
3980,20250722,86,50,30,214.02
3981,20260101,482,38,18,945.16
3982,20240820,121,18,20,3866.73
3983,20240403,625,3,18,4212.55
3984,20250216,27,37,32,3022.21
3985,20241218,605,56,22,2327.22
3986,20260430,330,23,27,6481.01
3987,20240507,603,49,26,3431.49
3988,20240105,380,35,31,4590.64
3989,20251129,338,5,29,4762.24
3990,20260414,35,28,26,336.53
3991,20240607,653,35,29,3764.52
3992,20250214,219,11,23,413.07
3993,20230909,536,21,35,6930.84
3994,20241214,111,18,18,3617.13
3995,20250718,573,5,31,3469.77
3996,20240530,254,7,25,1776.97
3997,20240327,318,12,17,515.52
3998,20241214,252,14,28,681.26
3999,20250121,477,2,25,5499.65
4000,20240824,10,14,23,1131.46
4001,20240405,177,24,26,1551.18
4002,20251119,151,16,24,9922.19
4003,20230628,167,49,26,3547.36
4004,20260206,772,11,22,5000.98
4005,20251224,571,28,26,6633.34
4006,20230522,447,41,20,846.2
4007,20260608,610,20,27,768.38
4008,20260515,759,56,30,4481.77
4009,20230529,287,46,18,3343.11
4010,20250107,416,30,24,1893.14
4011,20250113,337,58,33,7865.91
4012,20250927,180,9,26,409.83
4013,20241019,538,47,27,1860.53
4014,20230206,552,9,21,2797.53
4015,20230228,154,24,19,4020.23
4016,20230319,484,25,27,345.75
4017,20231202,218,30,16,1899.71
4018,20230319,242,42,29,3499.84
4019,20260125,381,58,30,6917.55
4020,20241025,401,3,23,2490.44
4021,20241211,57,34,24,308.86
4022,20230106,506,5,21,794.33
4023,20260308,462,17,31,5197.81
4024,20240122,630,15,25,5699.98
4025,20251028,702,45,28,4413.55
4026,20230603,644,50,30,7866.32
4027,20250929,196,56,20,1043.55
4028,20260302,354,31,21,4648.53
4029,20240709,754,4,25,8243.1
4030,20230520,574,30,26,4665.21
4031,20260317,264,15,25,171.44
4032,20230120,672,19,18,1409.52
4033,20251208,248,21,25,4900.06
4034,20250522,165,60,30,5399.8
4035,20240118,648,52,28,735.41
4036,20230920,359,35,20,1937.55
4037,20230427,409,2,28,5342.51
4038,20230528,151,50,26,7005.13
4039,20230127,450,48,21,6799.54
4040,20260623,75,21,22,2205.57
4041,20241225,583,15,29,3555.94
4042,20240202,716,25,21,1703.57
4043,20260119,800,25,26,2998.05
4044,20230428,278,10,39,7826.54
4045,20250831,462,4,28,4985.13
4046,20240521,652,46,20,2464.66
4047,20250626,470,6,16,1763.97
4048,20250918,126,4,29,2790.81
4049,20240923,716,47,28,2178.49
4050,20230607,791,15,31,4750.32
4051,20240216,179,40,26,766.6
4052,20240612,404,10,36,7047.53
4053,20250125,791,46,27,4612.16
4054,20241106,13,53,31,2693.61
4055,20241009,640,49,29,2533.74
4056,20240422,321,6,22,4960.45
4057,20240805,306,8,42,7244.14
4058,20240420,346,5,22,4715.86
4059,20260127,793,59,30,3111.04
4060,20230729,258,57,19,432.79
4061,20240917,278,14,27,6455.05
4062,20251123,625,2,28,9926.48
4063,20240515,686,55,24,4309.66
4064,20231118,142,31,28,6800.8
4065,20240730,474,2,20,4958.19
4066,20250206,691,43,23,3085.9
4067,20251116,99,6,20,4307.51
4068,20230802,347,12,20,865.82
4069,20250311,24,4,21,2145.49
4070,20260430,545,49,23,325.84
4071,20230306,615,35,28,1866.58
4072,20230608,258,48,23,620.92
4073,20260411,39,55,33,2602.07
4074,20250214,583,38,24,3100.73
4075,20260417,462,55,37,7567.05
4076,20240927,545,3,33,463.46
4077,20250330,564,12,23,2425.25
4078,20250210,477,48,39,8856.21
4079,20230610,695,3,21,2641.72
4080,20251111,45,19,28,5551.25
4081,20230308,614,38,27,206.92
4082,20230105,384,36,29,1121.87
4083,20231014,709,45,23,496.49
4084,20230417,762,22,29,5020.88
4085,20250917,172,36,17,743.47
4086,20260305,716,7,20,1524.82
4087,20251021,20,19,23,929.44
4088,20250127,555,48,27,2739.02
4089,20260224,74,38,29,2874.11
4090,20251211,552,31,25,4966.48
4091,20231004,202,17,26,5738.3
4092,20240328,203,36,29,7650.25
4093,20250208,646,50,27,3253.48
4094,20260225,766,6,27,3359.36
4095,20250806,104,40,38,4397.07
4096,20251019,268,37,24,1541.6
4097,20240925,785,18,26,4578.95
4098,20250913,246,33,26,5410.55
4099,20251022,127,23,27,5943.92
4100,20241228,616,60,19,4263.19
4101,20240412,257,4,18,2228.72
4102,20260507,398,17,24,1291.76
4103,20250713,172,56,30,1166.03
4104,20260205,120,22,17,1981.78
4105,20240205,127,41,29,5426.2
4106,20230407,207,21,30,9911.52
4107,20260203,129,38,30,6061.18
4108,20240828,665,34,26,6568.74
4109,20250530,315,3,31,5261.58
4110,20230529,24,40,20,1848.36
4111,20250902,763,38,28,6896.13
4112,20250314,699,35,25,1018.31
4113,20250401,625,34,34,8637.48
4114,20240712,115,20,29,6674.73
4115,20260120,269,2,32,434.97
4116,20230627,130,1,32,2227.79
4117,20250705,566,20,22,1652.45
4118,20230722,46,57,25,6397.27
4119,20230301,774,1,26,1674.88
4120,20230223,382,38,29,1044.01
4121,20251224,285,29,23,3520.22
4122,20250409,580,23,18,4235.95
4123,20230822,780,28,23,1432.35
4124,20260324,744,51,25,1450.35
4125,20230613,476,34,28,4095.89
4126,20230408,35,47,31,400.75
4127,20240218,46,49,21,4108.47
4128,20240910,453,26,19,2369.06
4129,20240503,185,23,36,4145.54
4130,20251021,178,54,33,5583.61
4131,20250102,204,34,18,1537.32
4132,20250211,177,9,25,1141.32
4133,20260516,351,6,29,5989.74
4134,20250822,202,56,28,5325.94
4135,20230226,733,27,30,5140.96
4136,20230102,180,59,22,417.35
4137,20251206,239,56,21,2444.13
4138,20250721,247,33,28,2334.28
4139,20240316,640,49,25,2184.26
4140,20260201,89,56,18,989.3
4141,20241022,431,2,21,495.62
4142,20230216,235,40,28,7190.79
4143,20250315,742,49,25,3217.44
4144,20240210,317,13,16,3478.13
4145,20260508,8,60,27,4604.45
4146,20250729,212,7,26,357.99
4147,20230506,206,52,26,729.83
4148,20260322,124,3,22,142.2
4149,20231208,376,58,21,4719.42
4150,20230927,729,6,27,5706.77
4151,20260103,515,38,23,2079.94
4152,20230118,59,27,29,1630.2
4153,20260605,134,44,26,6013.77
4154,20250702,554,6,29,1027.16
4155,20240103,779,28,25,2692.65
4156,20251208,399,57,32,1264.52
4157,20240224,100,49,41,1509.8
4158,20250130,98,60,26,6631.36
4159,20240823,600,48,25,1490.5
4160,20250116,11,56,24,855.48
4161,20260521,508,27,35,9862.43
4162,20260304,107,35,30,1713.65
4163,20260526,439,18,37,8398.76
4164,20240513,601,44,24,324.05
4165,20230920,781,45,22,672.69
4166,20251018,272,12,29,1414.46
4167,20230919,273,30,26,2810.03
4168,20251005,421,14,21,1618.94
4169,20260421,408,8,35,1685.68
4170,20230615,4,26,37,8108.9
4171,20260402,506,32,20,843.41
4172,20250529,240,3,22,612.15
4173,20251115,393,19,27,445.12
4174,20230730,164,15,21,5811.97
4175,20250220,95,31,26,1863.97
4176,20230926,234,38,32,7214.79
4177,20230722,658,43,21,4869.33
4178,20240415,764,14,22,784.32
4179,20231209,417,41,28,4824.17
4180,20241125,270,60,23,2745.54
4181,20230920,658,2,24,5777.96
4182,20260131,251,54,18,4428.29
4183,20250530,638,34,32,706.79
4184,20240329,477,44,22,4304.42
4185,20231205,774,7,30,2350.97
4186,20230615,29,57,29,3737.6
4187,20230118,556,51,33,6581.49
4188,20260421,95,13,24,1588.52
4189,20240218,200,1,22,3463.63
4190,20250306,530,40,21,3664.18
4191,20250507,343,57,21,278.62
4192,20250916,313,26,29,3301.72
4193,20240623,556,52,33,8704.2
4194,20240203,98,39,31,5770.76
4195,20250604,665,29,29,8799.08
4196,20250809,44,4,32,4828.57
4197,20230208,229,6,29,2896.07
4198,20231212,164,48,20,7391.28
4199,20240211,760,44,22,5460.7
4200,20251101,628,37,32,3205.21
4201,20230213,637,57,26,1441.96
4202,20230610,572,35,29,1721.95
4203,20250420,158,30,31,1544.37
4204,20260620,727,11,19,473.7
4205,20230129,172,5,27,1227.27
4206,20231105,791,28,33,6013.9
4207,20230113,776,52,27,1959.63
4208,20260324,140,11,22,1928.63
4209,20250519,321,50,25,5665.44
4210,20251121,667,27,32,2686.08
4211,20241120,338,24,29,5110.39
4212,20250507,424,57,20,2493.89
4213,20241112,69,46,30,4525.7
4214,20251212,129,33,18,3693.29
4215,20230711,470,18,31,3735.22
4216,20250125,690,23,23,2462.12
4217,20260227,748,39,21,2986.74
4218,20230221,337,34,29,5136.86
4219,20250218,157,55,23,364.8
4220,20230217,672,58,25,2229.35
4221,20230629,526,38,24,300.16
4222,20240113,537,5,23,2215.29
4223,20250422,40,45,26,3875.56
4224,20241020,431,16,30,744.73
4225,20230103,788,53,20,2989.9
4226,20250202,2,40,22,1747.17
4227,20250109,307,5,29,2899.82
4228,20260305,480,60,26,8931.62
4229,20250903,720,30,30,7548.91
4230,20241228,656,32,28,6324.96
4231,20230131,184,46,25,5720.89
4232,20240819,565,30,23,572.7
4233,20260630,325,12,23,3799.29
4234,20231014,590,7,16,827.74
4235,20240304,403,8,25,3394.96
4236,20260517,215,46,38,5105.8
4237,20240318,616,56,31,5645.6
4238,20250210,234,46,22,5247.82
4239,20240213,174,24,27,4625.45
4240,20251205,174,46,30,4676.72
4241,20240811,47,15,19,2880.51
4242,20230123,625,35,29,7319.88
4243,20250603,342,27,32,2574.05
4244,20251230,89,38,22,1305.14
4245,20241120,53,1,21,3698.52
4246,20250706,678,54,26,2429.71
4247,20240218,173,47,32,8997.56
4248,20260505,789,13,25,8940.8
4249,20241104,680,44,25,5257.9
4250,20260626,384,40,24,919.62
4251,20250315,52,47,31,522.31
4252,20230421,194,27,20,4938.59
4253,20250208,590,1,33,1403.36
4254,20241102,638,47,25,707.54
4255,20230504,339,36,27,2939.08
4256,20230616,314,33,18,3114.68
4257,20241026,110,40,32,6656.43
4258,20250524,242,24,22,3104.48
4259,20230809,583,49,28,2957.46
4260,20230318,310,13,31,1910.63
4261,20240526,519,12,31,1238.61
4262,20260209,647,58,18,2782.69
4263,20231009,719,3,17,714.7
4264,20250826,599,3,27,3475.25
4265,20240307,185,52,29,3106.94
4266,20240629,670,41,19,3075.13
4267,20230325,675,58,28,7282.03
4268,20250407,731,52,37,12200.07
4269,20250517,604,33,28,2110.52
4270,20241208,799,22,18,1929.63
4271,20230809,490,59,28,1781.74
4272,20230411,523,30,14,1301.46
4273,20240928,543,24,30,4048.19
4274,20230721,398,41,34,1704.78
4275,20230726,287,18,16,2570.4
4276,20260112,244,4,27,7791.96
4277,20240616,75,29,26,2282.67
4278,20240322,41,19,27,5403.79
4279,20260623,627,19,16,3802.95
4280,20241203,478,8,33,5809.95
4281,20230717,344,25,27,2420.73
4282,20241030,656,22,32,5264.81
4283,20240713,218,39,27,3080.25
4284,20250128,519,16,33,1631.18
4285,20230922,447,55,31,1717.32
4286,20240922,200,8,29,4587.03
4287,20250329,589,15,39,2296.07
4288,20230907,739,28,26,5160.44
4289,20230802,18,15,28,923.62
4290,20230904,230,3,28,895.09
4291,20260502,325,60,30,5418.92
4292,20260406,92,14,26,5893.0
4293,20230220,393,25,20,372.79
4294,20230811,601,25,25,363.35
4295,20260307,415,12,27,1671.79
4296,20241110,472,49,26,463.91
4297,20250603,373,45,26,3777.87
4298,20250302,735,31,30,3433.36
4299,20230330,107,20,24,1976.52
4300,20241001,306,59,17,3441.3
4301,20241117,560,50,28,670.07
4302,20240205,630,22,28,5917.78
4303,20241208,185,10,25,2709.5
4304,20240129,569,39,24,4507.4
4305,20250508,758,9,21,4603.34
4306,20250821,316,7,21,4001.84
4307,20260530,456,2,33,6279.91
4308,20230421,288,2,17,431.76
4309,20240203,384,16,30,1437.7
4310,20230116,528,51,27,5783.89
4311,20250905,115,45,26,4063.37
4312,20240912,81,36,29,5876.29
4313,20230324,707,6,35,4676.92
4314,20240103,157,20,27,411.62
4315,20231217,619,19,23,1635.05
4316,20231128,247,20,24,2482.9
4317,20240501,696,35,25,2799.39
4318,20241209,288,26,26,596.44
4319,20231116,607,43,26,3953.34
4320,20251018,185,21,20,2358.37
4321,20240814,382,17,31,1199.68
4322,20230717,51,1,28,1445.27
4323,20251215,537,30,22,1695.73
4324,20250406,483,15,26,2927.79
4325,20250801,776,5,19,1362.98
4326,20240322,368,49,31,2195.31
4327,20260401,568,35,24,408.77
4328,20230119,118,44,37,11722.09
4329,20230925,151,51,36,9552.69
4330,20230122,216,58,39,10985.68
4331,20231229,267,55,16,2110.3
4332,20230805,343,3,19,191.07
4333,20240215,246,21,27,6675.07
4334,20260214,620,43,28,3315.51
4335,20260519,623,5,34,4951.22
4336,20240331,739,9,36,5632.02
4337,20240709,711,35,17,938.71
4338,20230501,186,40,33,4625.76
4339,20240821,556,40,25,6211.2
4340,20250423,651,28,39,2125.01
4341,20230725,306,40,26,5075.44
4342,20230418,734,24,29,870.33
4343,20240219,133,41,23,2567.01
4344,20230330,20,38,32,1243.87
4345,20250605,137,6,27,286.75
4346,20260330,145,25,19,3508.47
4347,20240621,163,17,28,761.61
4348,20230720,654,19,43,7069.09
4349,20250105,84,15,24,1191.05
4350,20250129,29,18,23,2536.91
4351,20230725,795,19,22,3804.48
4352,20240919,112,41,26,6124.16
4353,20230620,479,14,32,7569.73
4354,20240621,742,51,25,3261.97
4355,20230707,721,49,24,3456.35
4356,20250425,143,37,28,6573.43
4357,20260613,176,55,25,3596.3
4358,20231216,266,52,23,4633.97
4359,20260118,304,15,31,1497.67
4360,20240716,467,50,29,2871.92
4361,20230623,195,49,32,4165.85
4362,20260104,494,31,27,9636.54
4363,20250906,97,59,25,5711.19
4364,20231220,554,33,25,1073.95
4365,20251116,43,43,21,2399.03
4366,20260107,619,56,22,1393.74
4367,20250611,429,10,22,3366.98
4368,20260617,93,25,21,1071.67
4369,20250625,721,59,23,4338.12
4370,20251016,423,55,21,509.84
4371,20230107,92,53,24,5171.78
4372,20240523,527,3,20,936.74
4373,20251022,735,28,27,2628.83
4374,20241218,635,60,20,863.33
4375,20240823,409,39,23,2977.9
4376,20260403,512,36,30,1446.88
4377,20230817,562,44,28,4080.45
4378,20240617,730,52,30,5077.1
4379,20241105,102,22,25,4023.1
4380,20230807,129,57,27,5833.14
4381,20241031,543,4,32,4239.27
4382,20230326,618,26,21,1939.79
4383,20250620,341,36,22,872.64
4384,20250312,723,26,29,8932.97
4385,20260121,16,21,36,3743.92
4386,20230724,308,57,28,5870.94
4387,20230214,776,22,33,1922.26
4388,20230427,491,31,26,4102.79
4389,20241015,153,45,36,1959.98
4390,20250825,175,43,21,5329.47
4391,20231031,390,25,15,3239.03
4392,20250224,276,57,25,1260.63
4393,20231106,11,46,29,1180.48
4394,20250303,127,60,26,5545.12
4395,20251028,680,3,23,3590.35
4396,20240316,180,8,25,404.09
4397,20260322,291,9,32,3586.41
4398,20260404,752,6,32,1582.58
4399,20260208,488,59,26,4683.14
4400,20240430,602,30,20,1043.69
4401,20260529,334,5,31,6331.87
4402,20260509,126,43,21,2093.55
4403,20250503,369,10,17,1307.61
4404,20240131,438,13,31,1100.42
4405,20231126,635,41,20,757.42
4406,20260629,757,42,27,2249.44
4407,20230406,121,40,25,5453.46
4408,20230328,307,52,26,2630.38
4409,20230205,730,60,21,3700.72
4410,20260616,15,14,21,3530.13
4411,20251202,440,35,29,2040.42
4412,20230206,256,41,27,2069.69
4413,20240318,119,31,28,8768.76
4414,20260511,690,43,30,3223.03
4415,20241114,522,34,40,2591.0
4416,20230603,592,32,24,3662.84
4417,20241101,589,10,32,2201.22
4418,20240428,546,52,30,1519.62
4419,20240403,87,58,24,4100.97
4420,20260605,489,38,37,6767.59
4421,20250915,167,37,30,6026.36
4422,20260316,256,24,27,2402.94
4423,20250825,741,5,25,4067.27
4424,20230501,38,32,19,595.01
4425,20251024,538,17,20,1314.19
4426,20240314,554,37,26,1323.8
4427,20250710,744,6,38,2227.1
4428,20230921,609,56,31,5058.99
4429,20251017,592,2,34,5274.09
4430,20230619,96,22,31,3949.92
4431,20260608,215,10,19,2675.77
4432,20230311,214,22,27,5195.9
4433,20230527,484,27,29,350.81
4434,20260319,493,41,21,1359.53
4435,20250419,779,51,32,2530.96
4436,20251221,287,12,22,4031.4
4437,20230126,591,39,38,2545.5
4438,20250605,134,10,26,6107.25
4439,20241003,573,8,24,2261.94
4440,20260325,263,12,31,2000.22
4441,20231028,560,52,23,716.92
4442,20250727,141,29,26,4352.28
4443,20240708,468,51,16,3321.82
4444,20230812,25,20,25,1120.88
4445,20241211,529,59,26,1455.68
4446,20260527,251,23,20,5846.83
4447,20240208,59,13,21,1302.3
4448,20231211,787,27,30,5241.99
4449,20240503,270,15,29,2878.38
4450,20251010,44,19,22,3023.47
4451,20241109,274,34,21,2421.04
4452,20240906,122,33,27,3747.7
4453,20240926,185,56,27,2444.77
4454,20231216,639,26,30,4915.21
4455,20260304,753,60,32,7906.79
4456,20250715,311,43,25,7534.45
4457,20230301,284,52,24,297.04
4458,20251106,379,36,25,5642.84
4459,20260421,529,11,30,1848.26
4460,20240919,293,5,34,11036.41
4461,20250318,767,25,26,647.75
4462,20230315,400,22,22,2462.16
4463,20230223,442,49,27,574.61
4464,20230831,87,11,28,4761.59
4465,20240401,346,23,38,8858.06
4466,20260213,719,45,29,1287.28
4467,20230427,727,16,27,737.8
4468,20251130,384,54,25,919.89
4469,20230406,193,50,36,3677.39
4470,20260128,362,15,22,5058.94
4471,20250412,636,21,15,1791.81
4472,20240224,63,37,23,1137.58
4473,20230820,273,14,42,6916.29
4474,20231016,42,45,27,4017.1
4475,20230429,513,17,26,5043.34
4476,20240821,117,31,21,1310.11
4477,20250208,715,48,23,3511.4
4478,20240828,536,57,17,2983.59
4479,20231023,767,52,36,836.44
4480,20250812,428,20,32,11103.71
4481,20250825,552,40,31,4792.81
4482,20230823,571,41,26,5885.22
4483,20230624,599,40,23,3771.54
4484,20251105,775,10,28,4244.42
4485,20240822,134,21,24,6133.62
4486,20250404,127,53,31,7275.1
4487,20230912,288,15,24,471.2
4488,20241020,163,58,21,629.08
4489,20240802,281,60,28,5727.63
4490,20250412,86,57,25,226.61
4491,20230829,107,46,18,1244.48
4492,20260126,464,34,26,3612.18
4493,20230129,658,42,28,5459.55
4494,20240827,280,16,26,1055.15
4495,20250211,12,18,17,2892.41
4496,20231113,47,49,31,4048.39
4497,20240718,296,50,30,1536.71
4498,20250401,319,18,24,4402.34
4499,20240219,106,40,27,1579.56
4500,20260119,705,54,23,3864.52
4501,20230130,763,2,19,5745.15
4502,20260121,749,35,35,4385.05
4503,20230622,333,48,22,6225.05
4504,20251109,601,41,23,284.81
4505,20230922,612,18,26,4117.02
4506,20250801,73,10,29,4989.87
4507,20230205,122,58,32,5177.88
4508,20240530,244,31,29,9727.71
4509,20241204,213,17,32,6080.24
4510,20241022,472,47,30,738.1
4511,20230712,66,5,21,3741.12
4512,20240203,247,29,28,2428.56
4513,20231103,293,10,25,8305.7
4514,20240426,11,5,34,1417.31
4515,20230918,434,35,26,2193.92
4516,20240113,745,47,26,4461.45
4517,20230828,122,60,34,5304.31
4518,20240412,78,12,23,2495.18
4519,20240704,685,49,19,1555.6
4520,20231017,56,38,26,4889.98
4521,20231214,150,27,30,2540.1
4522,20240126,612,1,32,5027.94
4523,20240805,272,35,23,939.4
4524,20240412,450,24,29,8614.34
4525,20241029,43,4,17,1874.7
4526,20241217,307,3,16,1196.79
4527,20230709,709,30,24,524.92
4528,20260621,345,3,29,4555.22
4529,20240101,333,12,24,5593.45
4530,20240916,511,48,24,2466.51
4531,20260602,230,37,30,1424.32
4532,20250308,349,30,20,3688.05
4533,20251020,580,52,24,5254.69
4534,20230927,652,4,22,2924.97
4535,20230219,788,31,27,4263.63
4536,20240911,716,23,21,1707.67
4537,20230428,314,27,30,5675.55
4538,20230128,737,33,26,4332.84
4539,20260330,388,53,26,4829.32
4540,20250807,685,10,35,3886.88
4541,20240602,350,42,27,3706.61
4542,20240116,594,39,27,1482.32
4543,20230504,24,47,22,2219.8
4544,20230117,161,56,35,4642.77
4545,20240622,239,60,22,3154.71
4546,20231006,664,27,26,593.32
4547,20240830,190,12,24,815.46
4548,20260208,22,43,20,1763.29
4549,20260109,767,24,22,542.16
4550,20230112,543,40,28,3355.43
4551,20260417,639,45,24,3034.39
4552,20250116,733,50,30,3896.66
4553,20241219,214,48,25,6930.34
4554,20250709,198,3,27,955.95
4555,20240505,689,43,31,2659.5
4556,20240923,751,32,23,1941.81
4557,20240402,374,27,23,5966.82
4558,20241228,83,45,25,190.88
4559,20231007,519,38,26,995.2
4560,20250130,691,53,26,3705.39
4561,20250222,789,26,22,7122.91
4562,20240725,729,50,27,5735.69
4563,20240617,529,11,30,1848.26
4564,20241011,331,42,28,5604.23
4565,20260525,432,55,23,5735.78
4566,20241212,392,29,26,2891.16
4567,20250621,58,24,27,704.66
4568,20230802,398,36,20,1043.89
4569,20251125,84,24,24,1459.08
4570,20240208,269,22,26,253.25
4571,20250612,474,50,19,3228.82
4572,20241012,503,58,15,3992.74
4573,20251107,607,49,18,1892.28
4574,20240309,516,23,23,1456.08
4575,20240421,390,51,23,3502.26
4576,20260521,623,6,29,3263.81
4577,20230614,280,40,19,616.52
4578,20260324,553,35,28,1193.8
4579,20260331,90,40,36,6003.93
4580,20230131,320,51,26,3121.86
4581,20250708,30,57,29,7132.32
4582,20250814,738,59,29,4914.18
4583,20260124,666,59,33,5534.54
4584,20241209,103,50,20,2015.86
4585,20260216,759,28,26,4732.2
4586,20251109,181,7,14,3738.55
4587,20260423,66,17,17,3004.8
4588,20250102,390,10,21,4278.17
4589,20230407,470,51,21,2291.75
4590,20250217,697,28,19,3085.01
4591,20250614,512,28,24,1253.31
4592,20250629,195,58,27,5089.97
4593,20260412,468,33,32,8140.17
4594,20250304,702,48,24,5602.65
4595,20240920,179,49,24,560.29
4596,20230729,590,11,19,1048.38
4597,20230102,624,16,20,395.69
4598,20230908,370,7,24,4933.05
4599,20230605,266,38,35,6432.96
4600,20230801,316,51,28,4003.55
4601,20230621,788,52,34,4436.02
4602,20230202,777,29,24,2088.79
4603,20251022,292,58,22,5968.16
4604,20230606,329,40,20,3929.15
4605,20240531,44,7,28,4088.88
4606,20231025,732,55,24,2021.9
4607,20241209,535,1,29,3182.75
4608,20250814,691,5,22,2704.58
4609,20240317,50,3,28,4069.88
4610,20241111,564,29,20,2134.63
4611,20251021,170,22,28,5863.27
4612,20230305,19,35,21,3275.13
4613,20241230,782,34,28,1793.85
4614,20251120,87,37,29,5038.22
4615,20260517,426,15,29,1606.54
4616,20230425,74,7,23,2518.05
4617,20241121,605,48,25,3617.6
4618,20250529,459,3,21,502.74
4619,20250430,242,24,22,3104.48
4620,20230204,689,8,26,1720.94
4621,20230501,48,58,21,1351.67
4622,20251031,666,44,25,4275.92
4623,20230510,181,15,22,5047.42
4624,20230131,424,51,29,2802.99
4625,20250609,552,34,22,2898.13
4626,20240519,328,58,30,1953.81
4627,20240717,52,50,34,427.66
4628,20240809,647,30,26,2943.75
4629,20250603,657,36,26,3984.93
4630,20250123,462,8,27,3842.1
4631,20230424,712,22,33,2421.86
4632,20240325,82,5,21,4819.04
4633,20241030,220,35,28,4627.95
4634,20250922,581,28,20,741.34
4635,20240927,377,50,18,2431.38
4636,20240719,429,28,31,4829.1
4637,20230412,488,19,23,4022.38
4638,20260518,17,17,32,5622.78
4639,20250415,341,33,22,850.14
4640,20230606,90,1,27,3960.13
4641,20250210,305,24,23,3465.85
4642,20250930,130,44,23,1925.46
4643,20240529,479,25,27,5682.62
4644,20240404,196,45,27,1301.25
4645,20250511,618,45,26,1853.31
4646,20250504,562,55,28,4899.71
4647,20230201,499,51,21,3221.1
4648,20240820,448,7,25,548.85
4649,20250915,90,24,28,5258.24
4650,20240827,526,17,19,255.44
4651,20231129,197,27,31,3673.85
4652,20241219,203,20,30,9567.74
4653,20230908,543,6,22,2138.02
4654,20240117,494,23,24,7606.96
4655,20240728,197,16,29,3997.23
4656,20250617,763,11,20,5803.68
4657,20230112,203,11,29,8646.76
4658,20231020,91,18,23,2850.31
4659,20230909,359,37,25,3335.07
4660,20241009,189,30,20,2519.92
4661,20230901,704,53,30,505.36
4662,20250820,49,39,34,3949.13
4663,20240828,104,22,34,3352.17
4664,20230210,731,52,24,7913.56
4665,20240506,227,40,15,3204.19
4666,20241020,442,13,22,701.49
4667,20230313,416,1,22,1817.48
4668,20250313,537,49,22,1598.91
4669,20240503,63,49,27,907.02
4670,20251011,433,41,33,1424.5
4671,20231011,597,6,35,230.2
4672,20250331,785,58,26,5923.62
4673,20250525,553,51,30,1212.84
4674,20240328,84,39,28,1219.75
4675,20260430,84,8,29,1383.42
4676,20230610,352,53,35,8462.46
4677,20250708,734,28,37,1077.99
4678,20260203,744,60,28,2237.0
4679,20240816,317,58,23,4832.39
4680,20240722,155,3,21,2021.66
4681,20240712,430,14,29,2625.18
4682,20260331,326,27,28,5880.09
4683,20250413,5,8,25,2631.6
4684,20240524,294,56,29,6920.64
4685,20250820,281,12,18,3367.23
4686,20231208,700,39,23,2156.95
4687,20250929,128,38,28,826.68
4688,20250501,396,46,27,3380.2
4689,20250511,600,19,31,1516.11
4690,20251022,360,11,21,2558.0
4691,20260109,214,28,27,6666.12
4692,20260128,623,50,19,2149.19
4693,20240129,258,22,27,506.0
4694,20241011,6,9,22,2703.39
4695,20230329,268,19,23,1275.99
4696,20250405,341,20,26,1246.79
4697,20240213,470,8,27,3243.2
4698,20231017,417,5,34,6337.81
4699,20250917,713,57,24,5896.8
4700,20240220,502,53,18,5732.5
4701,20230911,537,50,23,1720.75
4702,20240629,751,44,33,2518.56
4703,20240412,607,40,33,4381.49
4704,20230311,546,20,22,1281.19
4705,20241205,95,24,24,1507.81
4706,20250128,247,35,19,1363.36
4707,20241208,112,10,30,7824.87
4708,20230601,566,56,18,993.9
4709,20241019,411,47,28,1446.3
4710,20230929,506,37,21,882.47
4711,20250702,648,27,26,691.69
4712,20231103,329,17,24,4908.75
4713,20230805,420,1,25,1970.62
4714,20251027,420,26,21,2021.45
4715,20230211,419,9,31,3885.37
4716,20250820,618,32,29,2917.93
4717,20260208,213,28,25,4987.7
4718,20260121,290,56,22,4655.44
4719,20240617,739,4,21,4215.06
4720,20260326,40,37,24,5032.07
4721,20230204,249,14,23,796.34
4722,20250428,768,53,37,8324.07
4723,20230328,92,36,21,3755.8
4724,20230805,163,28,32,913.93
4725,20260620,439,44,31,8396.3
4726,20260520,299,11,22,220.83
4727,20260216,502,26,21,5904.65
4728,20251108,495,42,22,328.34
4729,20240624,639,40,26,3966.44
4730,20250803,456,31,23,4729.88
4731,20230531,437,55,24,2119.79
4732,20240823,484,40,29,326.23
4733,20250827,622,45,26,1528.8
4734,20241013,735,42,25,2144.33
4735,20240420,559,21,32,1504.56
4736,20230914,7,4,26,3554.98
4737,20260416,520,28,23,6638.46
4738,20251101,232,16,20,5182.01
4739,20250421,758,33,34,8507.58
4740,20231230,716,19,25,1793.77
4741,20230905,617,19,36,2668.49
4742,20251118,252,60,21,441.47
4743,20230830,311,58,23,6939.99
4744,20240409,295,58,29,5274.28
4745,20241209,83,34,26,204.09
4746,20240402,518,24,27,857.35
4747,20260308,190,56,32,965.0
4748,20260605,659,56,28,3036.37
4749,20250415,420,28,17,1665.63
4750,20251008,646,47,28,4519.44
4751,20230716,407,55,27,4698.69
4752,20240926,140,13,30,2734.14
4753,20251117,756,13,34,11608.3
4754,20240214,161,13,31,5436.85
4755,20250726,399,27,23,943.73
4756,20250415,204,55,34,4327.74
4757,20260604,522,37,23,2038.33
4758,20260327,782,30,20,1262.78
4759,20231012,388,54,34,4985.36
4760,20251213,235,35,26,5652.72
4761,20250202,117,52,24,1237.09
4762,20241220,254,29,39,2651.39
4763,20230522,457,60,24,1171.18
4764,20250318,752,39,26,1279.33
4765,20250313,339,24,27,3278.05
4766,20240711,48,46,26,1495.55
4767,20240316,487,19,18,473.24
4768,20230416,18,37,20,836.7
4769,20260411,39,43,19,1351.09
4770,20250306,295,39,31,3967.5
4771,20230430,740,40,18,3144.4
4772,20230826,795,45,24,3416.27
4773,20240820,454,42,27,6142.25
4774,20230130,188,2,35,8400.07
4775,20250404,388,8,20,2698.29
4776,20231015,592,57,27,3647.83
4777,20260407,476,9,26,3846.13
4778,20260605,413,47,22,1734.81
4779,20260617,468,8,34,7769.58
4780,20260415,413,38,22,1538.91
4781,20230727,698,40,31,2338.58
4782,20250909,318,20,26,951.89
4783,20240904,618,18,25,1905.74
4784,20230803,530,3,17,2328.29
4785,20250118,85,12,21,820.31
4786,20260206,403,43,27,4752.31
4787,20240112,721,40,18,3273.96
4788,20230627,584,60,41,10040.25
4789,20250805,433,2,28,1481.81
4790,20250817,593,7,34,9254.07
4791,20260307,763,40,26,6611.87
4792,20230806,779,23,29,3260.47
4793,20230319,731,10,25,8339.02
4794,20240923,505,59,27,2934.02
4795,20250911,383,33,20,800.43
4796,20230129,300,27,26,1922.62
4797,20230628,59,1,28,1287.26
4798,20230801,109,32,19,6077.61
4799,20250703,445,28,16,3015.55
4800,20231023,103,50,23,2318.24
4801,20250927,310,60,25,1435.85
4802,20240612,745,48,26,5015.63
4803,20241027,766,51,28,3448.47
4804,20250306,134,53,29,7715.56
4805,20250818,391,9,25,1008.44
4806,20230401,422,19,26,980.53
4807,20230617,266,22,24,3880.83
4808,20230429,493,42,22,1414.21
4809,20241102,431,17,24,495.95
4810,20231024,341,1,22,760.15
4811,20250815,440,2,26,2569.37
4812,20251109,517,10,32,8178.44
4813,20260509,391,14,24,1437.54
4814,20241120,459,51,23,563.11
4815,20250322,235,20,17,5328.71
4816,20230818,206,31,23,781.41
4817,20250620,327,47,33,829.27
4818,20250630,310,30,28,1221.56
4819,20260526,216,13,20,5828.87
4820,20240719,4,17,26,5523.71
4821,20240115,79,56,23,3814.16
4822,20260112,334,1,30,5135.68
4823,20240808,425,31,29,4236.17
4824,20250413,721,35,22,3387.58
4825,20240809,389,7,24,262.23
4826,20240404,683,3,22,5378.6
4827,20251014,507,18,26,4479.36
4828,20230506,477,35,28,4385.53
4829,20230228,742,6,23,3031.74
4830,20260515,75,41,19,1581.01
4831,20260327,58,54,31,689.96
4832,20250409,86,19,25,220.32
4833,20230218,780,31,26,1903.24
4834,20250317,397,44,22,2540.81
4835,20240607,798,17,22,2184.13
4836,20251029,773,33,19,666.96
4837,20231219,621,6,30,4230.61
4838,20260127,608,24,30,2543.93
4839,20260523,139,7,35,10466.3
4840,20251029,497,25,17,4402.4
4841,20251122,633,46,28,1207.63
4842,20250121,87,55,28,5298.92
4843,20240920,583,50,28,3044.45
4844,20231003,292,26,26,6606.66
4845,20250117,362,18,28,6208.35
4846,20250512,609,4,24,4825.54
4847,20231130,481,38,25,4736.37
4848,20240119,683,8,21,5779.25
4849,20250423,37,9,34,8729.98
4850,20231114,637,5,17,955.29
4851,20260528,98,58,30,7936.02
4852,20231222,666,6,30,3934.73
4853,20250513,633,20,29,1489.88
4854,20230509,168,3,30,2404.19
4855,20230404,252,47,26,539.81
4856,20240602,631,4,15,3229.86
4857,20250303,597,49,22,141.27
4858,20250321,725,35,26,6077.24
4859,20260511,166,38,26,5102.29
4860,20241003,283,12,20,4040.55
4861,20250923,336,22,22,5011.9
4862,20241206,579,28,18,3465.6
4863,20250929,480,2,23,8498.28
4864,20241207,36,56,21,2952.37
4865,20230420,425,15,32,3343.83
4866,20241105,260,35,27,4725.48
4867,20240205,726,23,32,7326.4
4868,20230527,262,47,26,4928.52
4869,20241022,734,34,33,749.4
4870,20231118,110,55,22,5811.27
4871,20240929,158,47,30,1943.17
4872,20230523,395,19,35,9785.53
4873,20241228,634,48,28,3314.12
4874,20240819,442,6,25,544.94
4875,20250331,751,16,26,2346.74
4876,20250717,402,35,25,334.65
4877,20250616,110,37,24,5819.82
4878,20250413,276,8,25,1075.54
4879,20230102,615,34,28,1878.66
4880,20250601,323,37,24,4517.38
4881,20231229,373,24,29,5725.17
4882,20230629,118,43,21,7204.63
4883,20251017,154,2,27,6032.66
4884,20251111,34,57,22,3636.92
4885,20250529,562,25,24,3764.83
4886,20240515,373,33,28,4828.38
4887,20250103,597,3,32,203.71
4888,20240510,598,55,21,2174.46
4889,20260411,482,33,22,1173.17
4890,20240828,82,54,27,5670.15
4891,20260602,785,4,19,4173.64
4892,20230618,705,47,32,6113.05
4893,20260104,85,51,26,806.44
4894,20241119,664,23,30,726.46
4895,20240226,799,5,18,2376.36
4896,20250318,85,33,24,912.09
4897,20230305,268,56,29,1433.74
4898,20240619,546,33,13,610.07
4899,20251217,349,12,24,5328.12
4900,20251029,675,3,33,5875.4
4901,20260625,26,28,20,5732.99
4902,20260425,798,43,28,3057.79
4903,20240217,579,60,22,4283.51
4904,20230914,498,38,19,4157.51
4905,20250323,43,29,22,2245.71
4906,20260118,668,59,29,2649.73
4907,20250308,257,31,25,3597.93
4908,20241007,620,42,24,2389.75
4909,20230215,45,6,27,4311.52
4910,20240309,195,48,18,3632.51
4911,20240210,572,37,26,2125.87
4912,20230619,36,22,19,2536.62
4913,20260613,155,27,28,3692.86
4914,20240328,619,50,33,1899.1
4915,20230114,162,1,22,615.95
4916,20240830,551,55,21,773.81
4917,20251223,272,27,23,1193.25
4918,20250512,708,1,26,2348.73
4919,20230709,392,21,35,4444.22
4920,20260125,154,42,25,4523.98
4921,20230801,81,35,20,3398.26
4922,20231221,277,5,24,5663.01
4923,20240817,392,57,23,2588.38
4924,20230221,42,38,28,4868.23
4925,20260104,720,20,26,9509.41
4926,20250115,587,8,29,5119.18
4927,20250117,34,31,24,4922.7
4928,20241001,428,30,34,8116.71
4929,20240922,205,28,32,2103.66
4930,20240916,776,41,26,1723.91
4931,20230817,463,60,28,4596.03
4932,20230829,293,45,22,5640.25
4933,20230317,6,53,16,2775.67
4934,20260228,132,8,22,1648.59
4935,20240225,737,59,17,2986.89
4936,20240215,665,52,21,6610.58
4937,20230516,579,48,23,4972.09
4938,20240904,698,21,34,2997.07
4939,20240730,445,24,28,5435.92
4940,20250724,295,56,28,3985.1
4941,20251203,519,37,26,1197.9
4942,20240616,601,55,20,324.26
4943,20251014,638,36,34,889.81
4944,20240123,163,58,30,898.69
4945,20250714,338,60,31,5363.14
4946,20240710,242,27,30,4042.83
4947,20240128,550,29,22,3338.9
4948,20250513,137,45,30,325.61
4949,20240416,569,29,22,5240.15
4950,20250807,334,42,23,4311.46
4951,20240907,750,2,30,589.02
4952,20241127,729,22,40,8882.91
4953,20250802,750,50,23,309.55
4954,20230523,359,8,32,3235.53
4955,20240914,662,60,25,2883.61
4956,20231118,138,32,36,8825.68
4957,20250620,800,6,27,2217.94
4958,20250622,59,37,25,1523.5
4959,20241028,399,14,32,1562.25
4960,20231110,315,52,27,6198.19
4961,20250617,440,1,20,1461.83
4962,20260512,224,24,37,6238.52
4963,20240621,715,39,29,2910.43
4964,20251007,648,20,30,905.88
4965,20230727,361,11,12,2183.23
4966,20251116,134,31,27,7587.92
4967,20241019,297,32,25,4340.67
4968,20240829,650,7,28,3117.5
4969,20230212,366,39,22,4987.66
4970,20240216,206,53,31,997.06
4971,20240416,647,55,16,2739.47
4972,20250325,680,26,22,4698.87
4973,20260220,531,18,26,314.91
4974,20250920,294,51,26,5551.08
4975,20240508,528,43,21,6417.77
4976,20240412,308,22,29,5002.84
4977,20231218,348,8,33,4969.62
4978,20240708,288,34,20,363.99
4979,20250725,487,7,22,614.6
4980,20230402,303,3,26,1566.82
4981,20250703,218,4,27,4220.31
4982,20251201,470,36,25,3431.29
4983,20250206,351,46,38,9916.85
4984,20241018,768,24,21,4373.33
4985,20231127,491,5,26,3350.47
4986,20230312,51,25,24,1603.5
4987,20250330,517,32,33,9187.05
4988,20250526,491,45,25,2544.48
4989,20260307,417,41,27,4651.88
4990,20231002,793,14,25,3198.72
4991,20240601,610,20,29,825.3
4992,20230527,184,4,25,6172.14
4993,20231212,466,32,22,5911.83
4994,20251231,13,46,36,2634.9
4995,20250521,592,12,31,4088.53
4996,20231212,80,5,25,4557.32
4997,20250107,418,18,18,2747.29
4998,20230821,37,54,27,7726.19
4999,20250725,524,13,22,2493.53
5000,20251207,734,40,32,852.87
5001,20250925,337,14,32,8511.5
5002,20260317,560,52,30,935.12
5003,20230921,261,46,26,4127.45
5004,20230827,180,45,19,288.06
5005,20250606,319,35,22,3854.6
5006,20260603,427,10,30,9785.73
5007,20231202,567,7,29,5071.56
5008,20250310,685,53,32,4025.13
5009,20250917,412,32,29,1432.71
5010,20251011,728,37,25,510.39
5011,20250919,486,48,24,4392.62
5012,20260204,155,40,28,3434.12
5013,20250718,293,44,35,11450.0
5014,20240602,642,1,21,1262.32
5015,20230328,637,60,26,1539.24
5016,20230401,546,8,23,969.62
5017,20260202,49,28,28,4406.24
5018,20240926,450,16,27,8908.13
5019,20240327,309,34,25,4202.08
5020,20240221,407,46,27,3791.4
5021,20240415,792,28,29,3292.88
5022,20260524,494,50,27,6112.73
5023,20251006,78,39,20,1731.66
5024,20251119,101,39,30,5682.85
5025,20230823,472,36,24,546.03
5026,20240811,84,22,37,1702.12
5027,20231209,581,10,25,910.42
5028,20241219,69,53,28,5014.57
5029,20230722,483,20,32,4784.88
5030,20230824,591,19,23,1922.61
5031,20231009,244,12,31,8181.4
5032,20251203,415,36,24,1484.02
5033,20250430,286,28,23,5830.52
5034,20231228,89,16,27,2068.47
5035,20231009,554,32,25,1277.37
5036,20240214,790,59,34,3017.01
5037,20240125,204,53,26,3170.21
5038,20250614,115,37,30,6594.91
5039,20250808,713,4,18,4720.95
5040,20250108,513,21,23,5007.36
5041,20231227,792,36,28,2936.3
5042,20231011,91,59,18,2609.92
5043,20231102,100,31,26,1553.76
5044,20240606,547,43,20,6578.65
5045,20241226,649,47,33,7034.99
5046,20240529,290,12,39,9298.6
5047,20230330,133,14,24,3533.66
5048,20230408,26,45,25,5433.05
5049,20260619,519,32,28,1294.6
5050,20260323,327,58,28,738.94
5051,20260503,718,17,29,4761.08
5052,20240615,621,11,26,5159.15
5053,20240127,628,49,20,1360.61
5054,20230623,104,4,30,3837.53
5055,20241106,25,49,32,930.72
5056,20260309,605,15,18,1950.6
5057,20230304,516,9,27,1290.71
5058,20241125,224,46,22,3375.45
5059,20250329,257,44,18,2132.06
5060,20230726,766,59,40,6363.95
5061,20240515,262,47,21,3980.73
5062,20260103,585,37,27,3751.23
5063,20230908,561,54,23,3597.85
5064,20241124,268,16,22,1516.09
5065,20250726,43,47,37,4029.67
5066,20230512,632,1,20,3738.37
5067,20250420,419,13,34,5867.01
5068,20230405,721,4,31,6233.24
5069,20231219,494,59,32,9217.23
5070,20230103,15,28,25,3590.6
5071,20260626,53,16,25,6261.58
5072,20230102,351,20,31,9636.69
5073,20251114,80,11,23,4559.46
5074,20231204,691,40,31,3631.89
5075,20250706,628,39,14,970.55
5076,20230403,261,13,31,5697.53
5077,20250511,460,35,25,1300.43
5078,20250526,145,59,23,3868.9
5079,20250107,526,13,27,413.63
5080,20260430,172,54,31,1289.52
5081,20241011,694,7,30,1542.87
5082,20240125,753,21,30,7835.15
5083,20260318,312,40,31,4651.82
5084,20230918,273,43,27,3979.67
5085,20240813,263,50,18,936.38
5086,20230601,425,4,28,3518.88
5087,20250813,558,36,27,4803.62
5088,20260127,490,53,19,1418.26
5089,20260519,278,36,20,3773.0
5090,20250612,592,28,25,3565.26
5091,20231119,378,33,23,4303.05
5092,20250704,243,35,18,341.06
5093,20240608,751,30,24,1454.43
5094,20240409,285,58,25,4287.32
5095,20250523,284,33,35,401.33
5096,20230622,100,43,23,1225.02
5097,20250326,492,5,14,1086.13
5098,20241216,104,37,22,2967.62
5099,20231210,241,31,29,8474.24
5100,20250212,444,35,28,4697.52
5101,20250710,613,2,20,801.16
5102,20231209,90,13,24,4748.31
5103,20230524,564,58,29,3468.13
5104,20230805,522,1,23,1537.73
5105,20240916,51,6,30,1427.9
5106,20230406,527,22,26,1321.9
5107,20250613,68,14,23,383.24
5108,20250322,165,4,21,3779.86
5109,20260323,338,59,31,5030.86
5110,20231107,51,25,23,1536.69
5111,20250830,350,51,26,2975.29
5112,20230106,501,41,22,2605.55
5113,20260530,104,51,23,2136.4
5114,20230328,574,38,21,4345.87
5115,20240913,124,19,36,298.47
5116,20260402,404,13,23,4973.52
5117,20250423,625,25,16,5430.49
5118,20230905,96,56,26,3488.6
5119,20230412,404,23,31,6448.0
5120,20250903,433,26,28,1338.41
5121,20240408,694,6,19,740.68
5122,20240708,715,14,21,3342.03
5123,20230307,773,13,27,1143.15
5124,20240626,232,9,25,4462.6
5125,20260422,106,23,25,1668.92
5126,20231031,677,20,29,2617.75
5127,20250731,550,6,29,3488.02
5128,20251116,21,9,23,4041.07
5129,20230720,226,30,25,3841.21
5130,20230414,95,32,25,1631.78
5131,20230618,717,44,31,897.21
5132,20230619,355,52,31,3632.34
5133,20240416,283,3,34,5333.2
5134,20250410,336,5,21,5891.66
5135,20250819,558,28,33,6357.03
5136,20260323,760,40,24,5633.03
5137,20230402,329,50,23,3682.91
5138,20240502,594,55,29,2505.76
5139,20260507,791,13,28,5537.52
5140,20240114,528,44,27,7619.73
5141,20240901,561,31,29,6070.13
5142,20241110,271,44,27,3789.86
5143,20240721,428,2,28,9464.95
5144,20230214,218,60,32,5001.85
5145,20251226,124,52,26,227.29
5146,20240831,234,30,27,5278.11
5147,20230906,74,22,29,2528.57
5148,20260224,385,2,14,1042.52
5149,20240520,413,26,26,2016.79
5150,20230126,420,53,18,1962.52
5151,20250808,476,5,21,3783.11
5152,20251130,14,30,21,1410.11
5153,20250307,470,50,32,3545.82
5154,20250202,769,15,25,1563.26
5155,20250524,202,17,28,6179.71
5156,20240214,413,50,35,2060.43
5157,20250804,327,39,18,334.28
5158,20230125,789,59,32,10003.79
5159,20260415,37,24,31,10402.01
5160,20260217,786,57,21,2022.92
5161,20260406,288,47,22,513.04
5162,20250309,737,7,29,5256.83
5163,20250404,264,54,33,236.42
5164,20240918,464,39,25,3288.98
5165,20251004,483,14,27,4232.08
5166,20250529,59,36,28,1477.74
5167,20230825,140,49,26,1581.55
5168,20250821,426,44,22,1402.2
5169,20230414,179,29,26,784.45
5170,20250306,513,28,32,6517.55
5171,20250306,269,52,34,412.64
5172,20251201,310,54,25,1247.25
5173,20230414,482,5,32,1820.51
5174,20250402,364,58,25,1214.07
5175,20230730,625,23,33,11227.33
5176,20250919,599,19,34,5613.5
5177,20240818,577,38,30,6207.95
5178,20240212,261,55,33,6492.33
5179,20260201,398,57,30,1606.2
5180,20260409,241,49,20,3601.29
5181,20260424,52,41,29,434.05
5182,20250711,390,1,20,3336.47
5183,20241114,792,11,34,4029.94
5184,20241001,759,30,27,3774.95
5185,20230113,488,48,21,4477.08
5186,20250311,424,57,19,2369.2
5187,20230218,41,35,30,5048.44
5188,20250407,455,5,25,668.72
5189,20230425,579,23,22,4421.51
5190,20230920,309,20,32,7704.8
5191,20251014,260,22,29,5108.36
5192,20230303,666,18,27,3870.26
5193,20251116,528,60,27,7965.19
5194,20250922,319,47,29,6552.77
5195,20260507,417,34,26,3935.46
5196,20260417,494,23,19,6022.17
5197,20260413,379,45,30,5558.62
5198,20230114,678,34,27,2238.81
5199,20240430,458,57,28,2463.32
5200,20250610,105,43,26,8263.81
5201,20230527,569,33,26,5952.48
5202,20240101,731,19,24,7505.11
5203,20230103,7,22,21,2213.09
5204,20260313,619,56,31,1963.9
5205,20240109,706,22,24,2044.24
5206,20240105,579,22,26,3901.82
5207,20241008,780,8,22,1107.39
5208,20240616,450,37,24,7380.62
5209,20230204,698,53,31,2844.74
5210,20230628,139,29,29,8294.55
5211,20230916,243,5,26,610.62
5212,20260625,778,49,19,2731.0
5213,20230619,518,10,21,636.0
5214,20250812,184,53,19,5161.65
5215,20260107,439,31,23,7569.02
5216,20251016,606,38,31,1188.78
5217,20260530,751,5,28,2120.35
5218,20250929,52,17,30,481.99
5219,20230727,338,59,23,3732.57
5220,20241229,179,24,20,664.01
5221,20250920,699,54,22,1016.46
5222,20250417,326,30,22,3607.77
5223,20230617,383,49,31,998.75
5224,20250724,638,60,31,888.35
5225,20230915,700,7,30,3730.52
5226,20250818,399,12,21,810.08
5227,20230425,73,38,24,3723.97
5228,20251101,153,7,32,2249.03
5229,20240816,117,53,25,1476.52
5230,20260213,287,32,34,7209.64
5231,20230417,370,10,24,4951.99
5232,20231223,63,22,23,831.46
5233,20260505,161,5,23,3568.0
5234,20241028,648,33,28,681.32
5235,20260608,108,24,24,483.14
5236,20260530,427,28,21,6972.33
5237,20250108,557,9,25,2595.25
5238,20230330,312,8,28,3712.41
5239,20240711,379,24,30,7552.37
5240,20230424,419,8,32,4112.73
5241,20230226,563,11,21,719.66
5242,20240718,281,47,20,4040.47
5243,20241111,390,52,22,4430.44
5244,20260109,734,37,19,590.33
5245,20250623,462,41,23,3592.58
5246,20250303,785,15,29,5296.74
5247,20240722,256,20,13,1254.09
5248,20230414,711,45,23,1243.31
5249,20231120,757,12,31,2711.27
5250,20240406,133,49,22,2004.55
5251,20260208,153,59,29,1975.55
5252,20230829,577,39,22,3792.68
5253,20240601,383,19,30,1229.07
5254,20230518,470,55,24,4143.25
5255,20260409,614,45,26,170.51
5256,20260603,624,22,25,336.97
5257,20251011,630,23,40,11321.8
5258,20250130,20,41,24,934.22
5259,20230808,738,50,26,3462.96
5260,20250728,622,39,25,1431.12
5261,20260602,144,48,29,6490.54
5262,20240502,669,11,29,6190.71
5263,20260629,668,44,36,3354.49
5264,20240611,521,12,28,5392.89
5265,20240303,68,57,24,323.69
5266,20230416,234,4,24,6176.46
5267,20230821,420,31,23,2648.86
5268,20230718,760,29,19,4563.33
5269,20230507,146,17,9,1286.13
5270,20240520,197,53,34,4558.09
5271,20250714,25,53,30,1340.52
5272,20230228,427,53,32,11822.76
5273,20240916,752,8,27,1454.85
5274,20250716,84,14,26,1796.04
5275,20240304,364,41,26,1068.03
5276,20240711,226,52,18,3496.57
5277,20230518,376,58,23,5168.89
5278,20260609,246,12,19,4064.0
5279,20250930,329,4,22,4777.96
5280,20260413,271,40,26,3450.94
5281,20260109,393,42,23,362.67
5282,20240612,599,51,32,4212.26
5283,20230213,617,30,25,1545.53
5284,20230115,653,16,22,4219.06
5285,20240116,299,12,28,249.0
5286,20240211,792,46,27,2873.69
5287,20230324,166,41,32,6288.63
5288,20250917,318,18,26,691.22
5289,20230406,555,21,25,2414.42
5290,20251022,605,25,16,2147.3
5291,20241007,624,12,36,575.73
5292,20230225,638,12,31,812.4
5293,20230907,148,20,23,540.4
5294,20230220,423,39,29,447.35
5295,20241220,623,56,33,4109.23
5296,20250209,15,9,16,1811.32
5297,20230525,769,27,19,1389.93
5298,20250304,768,51,24,3563.11
5299,20260428,344,32,33,3040.56
5300,20250511,284,44,27,332.88
5301,20241010,214,28,30,7406.8
5302,20230929,710,23,24,1042.38
5303,20230710,751,48,21,1860.15
5304,20230127,348,3,25,3344.6
5305,20240614,29,57,29,3737.6
5306,20240907,414,52,21,3198.69
5307,20250831,720,41,30,8718.81
5308,20260110,458,55,27,2912.62
5309,20240307,182,14,35,5277.15
5310,20250816,635,13,18,833.8
5311,20240120,615,27,35,2963.73
5312,20241021,780,14,34,2478.24
5313,20231121,255,12,28,6559.99
5314,20250307,690,1,25,2062.59
5315,20230717,279,48,26,6918.68
5316,20230107,481,55,28,6955.43
5317,20250424,2,13,22,2072.67
5318,20250522,140,21,25,2244.24
5319,20240507,262,39,17,2381.49
5320,20250314,609,31,24,5608.86
5321,20240301,783,5,22,4280.58
5322,20250530,197,54,19,2010.77
5323,20250112,798,1,27,2264.34
5324,20250511,320,12,22,3326.76
5325,20240409,764,8,29,713.97
5326,20230220,489,17,31,6095.21
5327,20231011,689,38,29,2104.02
5328,20250820,393,27,24,422.58
5329,20250816,116,29,29,744.34
5330,20260413,732,33,29,1892.3
5331,20260509,140,43,36,3167.3
5332,20231219,43,54,26,2490.58
5333,20250824,166,55,20,5146.15
5334,20260611,184,8,23,4538.47
5335,20241107,330,34,25,4480.89
5336,20260129,790,29,27,2364.21
5337,20240319,394,9,21,2110.67
5338,20230120,290,41,29,6633.27
5339,20240601,276,41,32,1511.16
5340,20250317,612,32,30,6270.24
5341,20260118,494,45,26,5985.26
5342,20241205,337,1,24,4387.89
5343,20230817,757,20,15,1583.89
5344,20240718,39,23,26,1842.23
5345,20260511,207,17,28,8242.17
5346,20250524,195,2,30,5864.99
5347,20241230,261,19,26,4055.72
5348,20250410,575,23,28,4578.03
5349,20251219,668,9,24,1822.09
5350,20230508,409,12,30,4866.81
5351,20260308,458,10,26,2372.09
5352,20260611,118,28,23,7532.11
5353,20251226,191,23,27,7433.5
5354,20260609,62,25,26,9233.32
5355,20250805,202,44,34,7622.42
5356,20241005,490,4,30,2035.09
5357,20251211,349,56,38,7487.41
5358,20250218,499,5,27,5413.51
5359,20260219,713,51,28,5332.6
5360,20240411,355,36,16,1782.83
5361,20250626,249,29,33,913.81
5362,20251205,303,38,33,2453.72
5363,20251129,197,17,27,3097.9
5364,20231119,250,56,29,4247.66
5365,20260127,119,19,26,6380.26
5366,20240705,19,18,19,3102.26
5367,20250210,683,11,18,6397.49
5368,20250811,143,14,26,6699.23
5369,20250121,179,39,33,785.06
5370,20230514,234,25,31,8215.18
5371,20250106,627,1,33,6851.13
5372,20230403,324,38,19,2824.29
5373,20240921,372,5,22,201.21
5374,20230823,242,37,35,5113.19
5375,20260623,766,4,23,3900.97
5376,20230204,93,16,23,1289.55
5377,20250614,644,48,29,11450.89
5378,20260415,753,20,19,5183.32
5379,20260601,336,8,32,7559.61
5380,20240423,715,39,28,2810.07
5381,20240914,158,36,23,1377.61
5382,20260416,669,1,29,4771.23
5383,20250603,257,59,24,2787.52
5384,20240725,122,21,25,4122.55
5385,20240502,742,45,27,3637.15
5386,20230303,656,3,32,4850.06
5387,20230513,410,12,25,1740.2
5388,20230331,341,60,26,1129.25
5389,20240801,604,14,30,2941.54
5390,20250315,268,23,21,1320.37
5391,20240504,792,40,26,2700.66
5392,20250725,433,9,31,1188.85
5393,20241021,100,8,23,945.14
5394,20250504,520,58,24,7265.63
5395,20260317,497,26,22,5374.99
5396,20241202,460,59,26,1656.63
5397,20230630,310,50,26,1101.0
5398,20260309,248,39,22,2977.49
5399,20260304,766,34,28,3660.32
5400,20230203,213,59,29,5488.47
5401,20230411,161,18,32,4192.97
5402,20231226,339,14,24,3310.84
5403,20260305,239,55,36,5929.87
5404,20230616,399,37,25,1112.04
5405,20240131,795,6,30,4178.57
5406,20251022,110,6,19,3205.12
5407,20251101,305,52,23,3267.68
5408,20241205,198,25,22,1129.64
5409,20240531,526,40,28,361.58
5410,20240207,138,29,23,4932.15
5411,20260212,410,12,22,1531.38
5412,20241229,638,32,19,576.19
5413,20230313,653,33,24,3619.58
5414,20231222,508,12,27,7152.64
5415,20230919,26,39,19,4019.92
5416,20260411,37,42,29,8322.18
5417,20250819,662,42,32,3215.35
5418,20240614,375,3,27,714.14
5419,20240929,447,45,29,1048.49
5420,20240203,271,23,33,4998.05
5421,20240110,531,53,31,515.32
5422,20240413,52,37,24,431.76
5423,20240307,460,47,24,1610.0
5424,20240308,364,33,33,1374.73
5425,20231115,87,9,27,3467.08
5426,20250709,644,36,29,9418.87
5427,20260524,460,8,25,1357.24
5428,20240316,549,39,25,1722.68
5429,20260204,578,7,19,4900.58
5430,20231105,41,19,31,6204.36
5431,20250722,304,58,21,1265.54
5432,20240930,580,20,27,6796.34
5433,20251109,393,31,17,357.67
5434,20240409,538,30,32,1696.0
5435,20230731,437,15,22,1406.52
5436,20250702,236,28,32,9712.11
5437,20240723,440,7,30,2667.51
5438,20251208,232,3,35,5691.41
5439,20240809,209,2,24,5304.87
5440,20260614,406,49,31,3165.04
5441,20240210,313,4,21,2461.04
5442,20250623,425,35,18,1732.34
5443,20250811,763,54,37,9035.41
5444,20230818,159,29,27,2790.18
5445,20240518,406,14,19,3134.65
5446,20250920,767,26,23,540.6
5447,20230427,385,56,19,1067.66
5448,20241015,787,6,33,4348.52
5449,20250707,686,16,18,3183.43
5450,20230106,531,37,25,398.27
5451,20230823,312,31,21,4049.12
5452,20260615,519,38,27,1033.48
5453,20250419,189,45,25,3108.79
5454,20240522,666,23,29,5351.98
5455,20240729,581,30,31,882.69
5456,20240507,599,25,22,4106.69
5457,20240527,564,39,25,2103.91
5458,20241124,233,21,16,2003.8
5459,20240108,556,38,29,6977.99
5460,20240709,653,1,31,4180.42
5461,20230815,232,24,26,6065.16
5462,20230303,37,30,22,5505.12
5463,20240211,92,29,24,4350.59
5464,20230914,525,14,26,8106.97
5465,20250130,105,5,24,6989.41
5466,20240620,131,26,31,596.42
5467,20260531,332,13,28,2948.8
5468,20251105,304,39,25,1060.2
5469,20251231,47,27,29,5143.52
5470,20240821,638,42,26,649.05
5471,20251230,663,44,23,5412.56
5472,20250607,624,42,28,426.55
5473,20230409,677,58,30,2543.89
5474,20241217,589,19,25,1612.22
5475,20250905,686,8,25,3123.57
5476,20240302,64,54,24,4018.24
5477,20260624,49,36,21,3052.06
5478,20240607,172,27,35,1630.37
5479,20230205,470,15,23,2874.09
5480,20251230,783,49,31,4551.35
5481,20230705,177,26,26,1479.47
5482,20230711,442,32,16,503.11
5483,20250503,141,35,25,3462.19
5484,20250722,416,9,20,1618.79
5485,20230125,309,27,28,5939.66
5486,20230703,446,4,29,1108.83
5487,20251120,482,15,29,1445.22
5488,20241022,106,36,25,1476.58
5489,20231224,16,24,28,2806.11
5490,20250524,66,27,31,5659.59
5491,20231102,410,42,21,1392.45
5492,20260622,524,51,35,2684.35
5493,20230103,239,54,20,2491.21
5494,20231113,683,33,33,10109.52
5495,20260614,786,30,24,1874.6
5496,20241130,416,51,18,1357.32
5497,20240608,279,5,21,4777.38
5498,20240722,364,50,27,932.09
5499,20240828,57,59,21,328.91
5500,20260201,144,5,28,5357.5
5501,20230207,439,3,30,6030.94
5502,20230902,19,3,23,3325.85
5503,20231126,614,32,28,259.21
5504,20250114,383,34,22,762.75
5505,20240722,494,35,28,6584.17
5506,20230623,30,13,19,5352.82
5507,20230514,422,35,27,856.16
5508,20250610,577,5,28,6277.62
5509,20250413,145,46,25,4155.33
5510,20260510,246,2,23,5786.17
5511,20230722,372,59,24,216.93
5512,20250330,577,1,28,5261.4
5513,20260309,256,51,24,1522.71
5514,20230112,5,15,19,2080.64
5515,20230426,269,40,19,217.2
5516,20250130,11,5,20,833.71
5517,20250923,89,35,34,1763.12
5518,20250509,668,28,26,2504.28
5519,20240805,338,30,25,3285.37
5520,20231129,787,16,26,5283.84
5521,20230217,677,52,27,2119.91
5522,20240430,164,38,27,7873.45
5523,20250512,526,53,20,314.17
5524,20240904,89,45,24,1218.37
5525,20250220,343,47,20,279.75
5526,20231225,441,43,23,6436.0
5527,20240720,431,37,26,601.61
5528,20230419,280,47,33,1169.08
5529,20260204,455,11,24,698.12
5530,20240102,685,42,23,2290.34
5531,20250913,744,33,26,1848.13
5532,20250916,545,19,26,468.39
5533,20240304,744,42,28,1948.72
5534,20230413,306,10,24,5031.59
5535,20250801,41,55,25,6310.55
5536,20260409,667,42,23,1728.95
5537,20260102,646,58,29,4915.77
5538,20230512,339,57,30,3349.84
5539,20251118,283,30,17,2852.75
5540,20260513,620,30,31,2691.58
5541,20240602,680,26,33,7048.31
5542,20251229,438,55,22,835.95
5543,20230711,13,42,22,1513.35
5544,20230321,480,52,27,8907.35
5545,20260407,790,33,31,2609.08
5546,20251016,328,42,22,1203.41
5547,20231128,269,19,28,322.28
5548,20250522,574,19,19,4087.7
5549,20241214,728,25,32,637.94
5550,20241014,597,38,25,196.37
5551,20240605,263,27,19,1304.02
5552,20241006,36,14,35,7016.58
5553,20260311,766,41,28,4166.41
5554,20250202,173,5,26,7026.17
5555,20230723,732,52,27,1901.66
5556,20250417,109,49,32,6927.86
5557,20230401,739,58,26,5412.64
5558,20240624,673,50,19,4793.21
5559,20250817,5,50,26,2524.7
5560,20251110,445,16,28,6037.71
5561,20260120,712,27,26,2408.18
5562,20250822,248,52,21,3739.67
5563,20241109,157,10,22,295.11
5564,20231021,471,55,24,767.56
5565,20230809,261,4,28,4795.55
5566,20240830,375,8,27,803.88
5567,20250104,101,25,24,6414.19
5568,20260404,622,28,23,1783.83
5569,20250831,224,39,15,1812.24
5570,20230408,368,28,32,3128.67
5571,20250921,476,21,25,5015.21
5572,20240906,257,13,31,4118.98
5573,20240923,269,1,30,301.61
5574,20230104,222,21,34,5774.88
5575,20230711,490,15,27,1522.92
5576,20250530,516,37,31,2004.96
5577,20240722,208,54,30,4088.86
5578,20230529,330,49,25,4163.91
5579,20250309,326,20,28,6674.09
5580,20251101,79,30,34,5276.78
5581,20250426,413,39,25,1456.89
5582,20230206,402,58,22,398.85
5583,20251215,316,51,28,4003.55
5584,20250125,694,23,22,1206.77
5585,20250117,407,7,27,3958.66
5586,20240415,395,25,21,6638.19
5587,20230618,47,57,29,4953.51
5588,20251130,472,18,26,519.3
5589,20260428,784,7,27,2381.78
5590,20250731,433,5,23,1074.17
5591,20260616,170,47,26,6976.27
5592,20230404,646,35,29,3629.56
5593,20240830,138,30,27,4751.3
5594,20240327,699,37,25,1402.24
5595,20251211,189,35,33,4191.78
5596,20241122,618,45,24,1710.75
5597,20251021,36,35,27,3581.48
5598,20240319,218,41,27,3702.58
5599,20260108,695,57,26,4315.28
5600,20230110,512,53,25,1452.77
5601,20240224,245,26,26,2638.71
5602,20250118,539,46,32,6891.41
5603,20231115,732,10,30,2137.5
5604,20240825,183,33,26,486.86
5605,20250121,631,52,19,3928.92
5606,20250618,761,24,22,7289.3
5607,20251029,723,16,29,10402.81
5608,20231111,639,19,24,3686.41
5609,20240327,518,4,22,685.84
5610,20240816,437,2,27,2232.98
5611,20250613,417,52,21,3960.52
5612,20251109,631,37,29,6584.85
5613,20230424,140,23,26,2279.29
5614,20240716,563,37,22,770.22
5615,20230519,733,48,27,5281.11
5616,20240128,8,49,41,5007.86
5617,20240529,704,36,23,321.56
5618,20230506,749,5,24,3726.99
5619,20240120,96,41,18,2610.61
5620,20241223,653,17,31,4948.78
5621,20260207,166,27,27,5883.1
5622,20240401,417,43,28,5696.34
5623,20231102,627,15,36,7811.57
5624,20241220,15,12,30,3984.76
5625,20230308,761,23,32,10744.5
5626,20240120,725,55,20,7012.2
5627,20240817,71,36,22,1320.63
5628,20240903,457,15,21,852.08
5629,20251010,196,39,29,1360.67
5630,20230825,1,2,31,3444.76
5631,20230924,507,38,20,3765.2
5632,20241105,150,39,23,1461.18
5633,20240426,725,31,24,8514.49
5634,20260527,361,58,33,6032.7
5635,20230526,656,40,24,4634.22
5636,20251108,157,52,28,371.29
5637,20250716,664,34,25,452.04
5638,20230927,18,39,17,492.24
5639,20260410,219,47,27,463.95
5640,20230908,85,17,22,884.99
5641,20250510,435,7,30,5327.98
5642,20231010,224,9,27,3483.55
5643,20240618,399,44,23,928.11
5644,20231107,640,43,28,3538.35
5645,20260222,186,2,24,4000.16
5646,20230418,773,18,19,601.0
5647,20250311,80,12,25,4390.73
5648,20251008,103,38,32,3832.51
5649,20250426,669,13,37,8211.4
5650,20250831,98,18,35,7156.95
5651,20260130,600,40,28,1360.08
5652,20250411,82,51,26,4564.4
5653,20250930,302,29,28,1990.37
5654,20250112,636,5,29,3110.85
5655,20230721,593,24,21,6015.81
5656,20250707,582,23,22,7682.08
5657,20250329,784,44,25,2179.94
5658,20240504,245,48,31,3595.6
5659,20241230,148,1,26,440.17
5660,20251116,638,51,27,561.84
5661,20230220,365,43,27,6719.23
5662,20250711,708,43,30,3529.01
5663,20260223,249,50,22,485.25
5664,20240105,209,2,22,4862.8
5665,20260124,164,5,21,6634.83
5666,20240110,294,16,18,5987.56
5667,20231015,632,9,27,4944.6
5668,20230110,456,44,32,5416.1
5669,20230517,636,52,18,1953.56
5670,20260517,470,30,21,2397.34
5671,20230707,356,51,21,1580.46
5672,20230401,729,10,27,7557.61
5673,20260607,694,39,26,1008.43
5674,20230411,181,34,18,3828.14
5675,20240501,680,34,23,3897.38
5676,20230422,307,34,33,2679.46
5677,20230215,216,60,17,4616.99
5678,20251008,318,49,26,617.5
5679,20241127,228,14,23,4534.21
5680,20251125,1,13,26,2882.5
5681,20230130,236,31,24,8561.99
5682,20240424,313,27,27,3077.94
5683,20260613,453,52,25,3081.4
5684,20230128,414,46,28,4116.33
5685,20230101,145,24,25,4566.42
5686,20251229,795,34,28,4097.64
5687,20260226,646,48,20,3629.16
5688,20230313,602,24,28,1959.35
5689,20250428,667,45,21,1358.55
5690,20250901,480,2,28,10345.73
5691,20250107,83,5,29,280.34
5692,20230704,380,11,23,4590.88
5693,20250623,183,40,21,399.81
5694,20240618,284,25,25,331.78
5695,20250821,257,55,30,4266.89
5696,20230516,240,45,29,851.99
5697,20260612,331,53,20,5056.45
5698,20260220,290,40,26,6131.87
5699,20230321,262,28,24,4555.11
5700,20250313,389,53,29,360.27
5701,20240229,150,7,30,2527.16
5702,20260325,109,7,24,7020.75
5703,20260311,281,37,32,6902.77
5704,20251223,284,32,30,409.15
5705,20230220,761,44,25,7779.44
5706,20251129,219,27,21,355.42
5707,20230531,656,8,26,4435.83
5708,20230518,618,20,24,2519.46
5709,20231228,33,22,19,1745.28
5710,20250223,498,35,28,5355.59
5711,20260425,591,36,19,1592.56
5712,20230827,386,40,32,4302.21
5713,20250315,495,29,22,348.89
5714,20260530,428,8,30,7535.66
5715,20240116,85,30,27,876.04
5716,20260507,759,50,20,2714.15
5717,20240904,97,51,25,4421.08
5718,20260120,624,4,26,454.68
5719,20240212,372,45,34,245.61
5720,20230623,37,7,26,8289.11
5721,20250916,419,5,28,4273.73
5722,20241012,398,44,22,1202.81
5723,20250709,104,26,29,3603.88
5724,20240627,54,60,25,2687.31
5725,20240710,691,30,18,1770.85
5726,20250106,194,23,27,7074.77
5727,20260414,46,22,35,7368.71
5728,20250331,91,27,23,3458.25
5729,20230813,699,60,28,1489.3
5730,20250512,135,9,26,675.58
5731,20250817,568,28,26,571.81
5732,20251003,536,49,16,2146.92
5733,20240922,6,52,31,4693.52
5734,20250827,715,34,22,2331.62
5735,20260623,208,42,28,3827.16
5736,20241102,278,10,18,3612.25
5737,20250228,583,46,32,4374.06
5738,20260222,763,31,26,8495.8
5739,20231124,116,38,40,971.7
5740,20250505,39,21,26,1886.46
5741,20241101,97,34,22,4129.56
5742,20240812,249,59,18,505.12
5743,20250212,128,22,32,831.19
5744,20240318,73,37,25,4669.22
5745,20241125,697,57,25,3845.58
5746,20250817,454,35,42,8399.36
5747,20230205,206,45,27,591.65
5748,20230404,359,37,20,2668.06
5749,20230714,232,23,18,4255.15
5750,20260424,130,59,29,2380.58
5751,20250826,501,27,22,2888.93
5752,20230709,131,32,28,586.8
5753,20230130,413,16,23,2077.64
5754,20230806,690,31,33,3977.9
5755,20260417,610,38,31,700.03
5756,20250607,429,27,25,3831.0
5757,20241028,532,2,35,9973.75
5758,20240130,193,26,27,3634.12
5759,20250124,563,23,31,1062.36
5760,20250911,715,14,30,4774.33
5761,20241015,589,3,28,1407.7
5762,20230823,463,40,22,3266.6
5763,20250617,311,37,25,7669.64
5764,20250609,182,49,31,2892.5
5765,20230215,377,18,25,3672.05
5766,20230106,301,28,21,4052.08
5767,20230206,132,60,33,3093.99
5768,20240904,120,49,17,1841.59
5769,20231112,232,57,28,6007.27
5770,20231208,267,51,27,2251.15
5771,20241130,426,59,35,2187.43
5772,20241030,508,33,30,7732.0
5773,20240619,227,1,22,4132.96
5774,20240722,166,28,21,4651.52
5775,20230617,205,55,28,2138.26
5776,20240506,176,21,23,3044.48
5777,20260530,325,36,25,4124.07
5778,20240623,721,16,24,5459.59
5779,20230304,389,31,25,328.07
5780,20250122,205,24,20,1354.33
5781,20260115,222,34,24,2972.46
5782,20240415,296,5,38,2505.91
5783,20250311,270,55,23,3153.8
5784,20260601,350,12,20,2882.33
5785,20240320,26,58,22,6614.49
5786,20240620,766,54,24,3535.9
5787,20241008,442,52,33,941.67
5788,20240326,548,60,29,4926.1
5789,20240521,30,19,28,6695.09
5790,20251229,727,30,16,293.55
5791,20231024,214,33,28,6219.98
5792,20260519,798,16,21,2504.57
5793,20240507,130,24,26,2317.58
5794,20230325,392,37,22,2786.96
5795,20241014,573,55,35,4740.86
5796,20230526,227,25,26,6322.35
5797,20250531,788,9,23,2435.52
5798,20240503,134,38,22,4660.13
5799,20231020,699,28,26,1367.5
5800,20231129,719,15,15,738.47
5801,20251025,704,60,28,428.65
5802,20260604,177,58,23,1397.24
5803,20250205,700,27,25,3124.69
5804,20240813,340,16,24,5630.73
5805,20251210,525,22,26,5398.86
5806,20251029,732,46,28,1903.39
5807,20241017,599,19,35,5778.61
5808,20260310,349,48,24,6468.83
5809,20250322,708,7,22,2417.68
5810,20250611,648,50,30,604.94
5811,20260510,118,47,24,7849.75
5812,20260418,777,60,29,2726.68
5813,20230624,97,33,26,5633.63
5814,20260411,113,29,19,1690.39
5815,20230808,584,19,16,3568.57
5816,20230822,616,2,18,4344.1
5817,20240803,338,17,24,3910.29
5818,20260331,45,27,32,6775.87
5819,20240928,92,57,31,5687.21
5820,20230321,312,60,29,4810.72
5821,20250820,218,45,19,2226.47
5822,20231018,447,18,34,1314.6
5823,20230806,118,43,20,6861.55
5824,20230106,209,32,36,7828.96
5825,20250606,690,55,27,3216.48
5826,20260622,373,27,27,5090.4
5827,20240828,535,41,35,4236.14
5828,20260526,778,4,31,6221.23
5829,20260402,77,36,34,5479.93
5830,20230903,663,43,18,4587.08
5831,20260318,277,33,23,5086.97
5832,20230523,638,10,29,807.36
5833,20250731,425,25,29,3752.94
5834,20251201,263,20,30,2337.0
5835,20231030,380,54,25,4199.34
5836,20231116,380,56,16,2511.22
5837,20260119,433,44,29,1365.0
5838,20230728,719,58,26,1596.68
5839,20251110,744,13,27,2314.82
5840,20230626,383,40,25,1017.26
5841,20230311,565,33,17,495.81
5842,20250316,575,13,22,3739.53
5843,20260507,345,55,37,9402.38
5844,20250114,300,29,19,1336.98
5845,20250917,206,18,30,703.03
5846,20250326,231,3,30,3272.8
5847,20230307,639,11,26,4526.09
5848,20230218,495,5,23,374.03
5849,20250121,580,11,29,6824.59
5850,20250625,364,40,38,1609.47
5851,20250509,185,37,31,3646.91
5852,20250501,296,33,23,1421.69
5853,20241115,310,55,26,1715.34
5854,20250305,499,26,25,5130.3
5855,20250121,582,34,31,8082.82
5856,20251206,608,12,15,1141.98
5857,20240704,630,47,27,7311.94
5858,20230630,441,8,11,2374.84
5859,20250510,240,55,21,945.32
5860,20250712,684,44,21,2353.98
5861,20240218,504,21,27,564.95
5862,20250125,294,42,29,7427.8
5863,20250507,434,49,32,2525.44
5864,20260329,657,5,23,3663.84
5865,20231101,122,31,22,3989.35
5866,20240825,438,2,33,1174.12
5867,20240319,565,23,25,845.91
5868,20240204,318,34,28,715.62
5869,20231029,17,18,24,3590.07
5870,20260222,108,6,28,405.95
5871,20251212,624,33,23,357.86
5872,20240109,775,41,30,4106.75
5873,20240915,789,14,29,11185.71
5874,20240106,199,18,27,2221.71
5875,20240605,283,22,18,3064.91
5876,20251202,186,4,30,4648.8
5877,20230411,194,51,28,5161.3
5878,20231125,609,24,31,6348.84
5879,20260421,301,16,36,7947.48
5880,20250720,567,4,27,4878.99
5881,20231215,678,41,33,3114.65
5882,20230504,334,23,24,5330.87
5883,20230723,557,22,25,2566.37
5884,20250728,427,4,33,11080.09
5885,20251016,594,13,26,2098.72
5886,20230226,103,40,33,4080.85
5887,20260502,567,21,25,4775.09
5888,20240125,69,31,28,5296.92
5889,20230525,272,42,28,1300.92
5890,20250728,134,4,28,6769.99
5891,20260623,580,28,26,5861.52
5892,20230827,520,13,27,8457.04
5893,20260401,487,7,13,363.17
5894,20230109,188,4,34,7586.61
5895,20250211,420,58,33,3391.31
5896,20240628,123,4,19,1885.65
5897,20230615,333,14,26,7668.89
5898,20240829,735,37,25,2595.76
5899,20250710,89,9,28,1477.82
5900,20250204,597,1,26,185.45
5901,20240612,357,13,21,619.23
5902,20240522,746,37,25,8379.58
5903,20230713,427,38,30,8824.63
5904,20260624,387,52,30,1536.36
5905,20231205,524,59,29,2873.21
5906,20241227,601,43,23,336.3
5907,20260628,741,13,28,5150.03
5908,20230822,46,2,29,8520.22
5909,20260309,444,13,24,5642.23
5910,20230324,375,13,35,1399.11
5911,20250605,760,5,23,5664.54
5912,20240119,382,25,28,1184.81
5913,20250424,456,47,21,3669.42
5914,20251024,666,25,34,6259.67
5915,20240306,369,11,20,1634.51
5916,20240809,543,48,34,5000.97
5917,20250111,463,41,19,2736.14
5918,20251101,632,25,28,6774.48
5919,20230604,791,15,27,4137.38
5920,20250816,6,42,34,4669.49
5921,20241202,443,19,28,7742.81
5922,20250630,56,5,29,5909.37
5923,20230324,78,56,25,2407.12
5924,20231109,242,43,25,3587.9
5925,20231014,293,46,24,7607.34
5926,20240402,577,25,28,6810.31
5927,20250113,258,30,19,350.92
5928,20240525,316,12,29,5222.09
5929,20260323,24,22,30,2362.36
5930,20250629,524,18,21,1778.27
5931,20241018,699,54,33,1524.7
5932,20240627,301,35,25,3735.81
5933,20260515,312,24,27,4562.2
5934,20230326,689,25,35,2984.7
5935,20250828,116,22,20,427.44
5936,20250814,726,23,22,5036.9
5937,20250624,6,40,29,4135.77
5938,20231014,446,38,37,1239.41
5939,20250603,123,45,27,2008.88
5940,20230304,15,19,33,4365.41
5941,20250129,768,16,22,5088.79
5942,20240512,22,14,25,2462.49
5943,20241226,494,3,24,5232.64
5944,20250723,504,25,23,468.84
5945,20230222,480,1,22,6012.3
5946,20250523,704,22,20,235.99
5947,20250605,255,60,20,5123.8
5948,20260516,1,21,24,2620.83
5949,20260604,604,9,22,1452.71
5950,20250622,445,33,25,4239.43
5951,20231110,556,60,19,5218.43
5952,20240630,558,41,29,4956.42
5953,20241009,273,48,24,3791.37
5954,20260401,7,31,26,4132.06
5955,20260516,737,51,22,2992.23
5956,20230118,795,33,21,3547.55
5957,20240519,115,16,26,6132.0
5958,20250628,315,10,27,6270.17
5959,20240319,110,33,26,5319.45
5960,20251012,222,34,25,3096.32
5961,20231101,435,41,30,4829.98
5962,20260519,69,45,26,3172.43
5963,20230402,62,39,27,6796.15
5964,20230701,575,24,32,5162.95
5965,20240731,25,35,27,839.64
5966,20250809,104,37,26,3507.19
5967,20251213,292,18,26,5452.18
5968,20260626,178,38,37,6314.0
5969,20240307,377,25,36,6791.53
5970,20231215,431,50,26,420.63
5971,20240315,743,23,26,7448.19
5972,20230319,208,4,34,5334.77
5973,20240728,267,41,31,3122.76
5974,20241028,481,36,28,5529.83
5975,20240403,104,7,35,4332.87
5976,20250320,472,10,21,508.24
5977,20250402,437,54,26,1736.57
5978,20241111,795,9,24,3551.79
5979,20241228,242,2,13,1937.12
5980,20260109,731,40,21,6522.3
5981,20260625,18,21,28,1174.14
5982,20231017,188,59,29,6070.0
5983,20231009,173,2,38,11636.43
5984,20231003,571,6,24,4542.44
5985,20250424,354,60,24,4570.65
5986,20260101,190,22,26,744.56
5987,20241229,90,16,23,4797.43
5988,20230206,180,16,31,709.27
5989,20240617,119,6,27,5336.58
5990,20240507,175,18,21,4124.61
5991,20240115,332,10,29,2764.92
5992,20251101,241,51,29,5294.14
5993,20251228,788,60,21,2853.03
5994,20230304,613,2,21,841.22
5995,20230522,606,15,27,982.67
5996,20230512,660,58,23,219.85
5997,20230830,519,36,23,917.73
5998,20240125,237,34,20,4222.76
5999,20240405,445,55,31,6787.1
6000,20260506,600,11,31,1718.26
6001,20230310,75,52,36,3279.09
6002,20230920,563,16,21,788.78
6003,20240515,241,32,32,8513.49
6004,20250206,540,8,31,6592.15
6005,20250113,285,36,28,4228.11
6006,20260407,426,59,31,1937.44
6007,20250204,751,51,29,1680.03
6008,20230623,602,43,25,1779.22
6009,20230512,381,49,21,3343.9
6010,20260526,409,23,26,4760.86
6011,20230925,346,12,24,4956.53
6012,20260624,407,1,33,3977.25
6013,20230620,777,3,22,1468.73
6014,20240523,729,36,29,7630.8
6015,20251015,96,36,24,3623.39
6016,20250614,354,55,31,6781.64
6017,20230707,106,26,29,1822.06
6018,20230220,283,53,32,7778.88
6019,20250502,558,8,24,3736.87
6020,20260329,611,39,30,2113.33
6021,20230708,45,17,27,5535.06
6022,20230823,653,30,26,3347.78
6023,20230504,121,20,23,6123.72
6024,20251003,159,58,27,3126.35
6025,20251013,708,11,22,2578.65
6026,20240515,150,47,24,2063.15
6027,20230425,368,8,27,2133.69
6028,20240216,252,1,24,401.38
6029,20240403,418,56,26,4017.38
6030,20250118,220,17,35,7114.17
6031,20250128,705,34,21,3130.83
6032,20240308,531,51,29,318.13
6033,20240906,618,57,29,2583.09
6034,20250201,52,44,28,456.96
6035,20240616,600,32,24,1363.8
6036,20250410,612,29,23,4204.88
6037,20230503,587,12,27,5453.35
6038,20260529,242,40,25,3132.98
6039,20251230,790,47,22,2055.34
6040,20231004,86,32,21,215.03
6041,20251014,493,14,24,2049.72
6042,20240322,740,26,29,5440.72
6043,20250610,142,1,25,4155.99
6044,20260502,660,53,27,273.81
6045,20230114,670,56,28,4192.52
6046,20230718,68,56,21,245.39
6047,20241007,752,60,22,1483.17
6048,20251206,600,32,28,1591.1
6049,20251113,86,22,24,178.99
6050,20231119,734,44,20,563.71
6051,20241223,31,37,32,7657.64
6052,20260427,244,28,21,5992.83
6053,20240825,344,13,27,2522.68
6054,20260216,448,18,23,418.3
6055,20241231,181,46,27,6905.42
6056,20260505,260,49,22,3601.17
6057,20230920,492,41,30,2151.19
6058,20250703,59,56,20,938.09
6059,20230502,428,39,23,5275.74
6060,20240913,723,58,24,7892.58
6061,20230611,735,12,30,2701.3
6062,20250920,726,47,32,7009.77
6063,20240613,357,16,20,621.75
6064,20241121,131,12,32,579.54
6065,20241123,39,19,26,1625.5
6066,20250709,83,13,23,251.37
6067,20251105,593,15,27,6313.77
6068,20240801,715,45,25,2577.15
6069,20251012,447,34,26,966.44
6070,20260521,120,11,22,3434.66
6071,20241029,636,27,26,2858.22
6072,20251129,105,34,22,5202.52
6073,20230131,213,23,23,4789.94
6074,20240115,601,10,24,329.09
6075,20241207,393,9,32,451.47
6076,20240228,535,13,23,3404.98
6077,20260112,385,26,35,2354.08
6078,20250829,499,40,20,3821.55
6079,20260122,695,29,19,3115.93
6080,20250925,252,8,22,369.65
6081,20241209,742,46,21,3497.54
6082,20230623,53,14,30,7686.73
6083,20241121,472,35,31,591.41
6084,20230902,535,60,34,4690.53
6085,20250712,97,1,23,4456.08
6086,20240708,427,11,32,11090.5
6087,20240813,193,17,33,4305.73
6088,20241220,542,5,18,1633.6
6089,20260628,128,46,22,687.2
6090,20251123,290,47,27,6952.14
6091,20250414,201,4,21,3031.65
6092,20240307,177,8,34,1591.68
6093,20260628,562,22,31,3639.86
6094,20240529,118,13,25,8884.73
6095,20250110,677,26,30,2382.81
6096,20250728,764,5,33,964.86
6097,20240112,320,56,25,3355.24
6098,20231029,74,15,30,2821.82
6099,20250228,402,6,18,230.81
6100,20230610,742,47,25,4436.5
6101,20250715,769,38,30,1976.56
6102,20260208,45,53,28,6706.82
6103,20240526,344,32,17,1566.35
6104,20230929,490,22,18,941.14
6105,20250606,408,29,20,1115.57
6106,20241202,243,25,24,611.48
6107,20251122,5,13,16,2261.3
6108,20241023,316,38,25,4312.7
6109,20250223,200,23,26,5311.19
6110,20260406,697,41,22,3169.25
6111,20230101,336,25,26,7913.41
6112,20260123,180,3,17,244.11
6113,20260512,263,38,25,1545.33
6114,20240914,102,38,26,4755.79
6115,20260318,526,23,26,383.13
6116,20240727,29,26,29,3876.03
6117,20240817,118,27,23,7409.41
6118,20250416,29,39,17,1707.02
6119,20240406,739,39,30,4394.88
6120,20250505,103,57,29,3713.93
6121,20240608,19,35,26,4054.92
6122,20250120,173,5,33,8917.83
6123,20250805,325,24,28,5151.67
6124,20260217,487,47,30,855.26
6125,20250613,43,33,31,3041.56
6126,20250925,56,21,21,4765.22
6127,20251117,517,19,26,6229.67
6128,20240718,284,44,31,382.19
6129,20241225,677,28,17,1374.37
6130,20250625,107,14,30,2589.89
6131,20231101,11,51,27,861.03
6132,20230226,366,2,21,7016.14
6133,20230914,84,35,22,1005.56
6134,20260514,285,49,31,3671.22
6135,20260216,311,38,27,6881.58
6136,20241212,58,25,26,685.99
6137,20231104,79,15,26,4416.98
6138,20251204,522,29,32,2489.36
6139,20240914,477,50,28,4222.31
6140,20231024,472,2,29,777.06
6141,20250901,83,43,16,168.81
6142,20230618,708,40,33,3389.7
6143,20240828,116,27,22,593.4
6144,20241029,778,2,24,5180.5
6145,20250417,799,19,28,3546.96
6146,20250111,759,42,16,2565.44
6147,20230817,360,21,24,2993.62
6148,20230923,382,7,24,954.44
6149,20260214,485,7,29,2835.65
6150,20231012,554,19,28,1231.3
6151,20250511,351,30,33,7057.7
6152,20241222,500,37,25,8395.54
6153,20260309,622,25,28,2261.42
6154,20250715,350,39,27,3105.54
6155,20231009,417,57,23,4231.37
6156,20260201,498,32,33,8722.33
6157,20231229,564,33,35,3590.57
6158,20250409,163,13,32,991.81
6159,20230129,97,35,24,4476.0
6160,20260428,779,44,33,3438.5
6161,20260524,243,58,22,564.57
6162,20250507,169,30,28,1387.54
6163,20250824,329,38,23,4376.16
6164,20231002,119,36,32,7873.99
6165,20250828,165,28,20,3559.72
6166,20250222,109,9,36,8481.54
6167,20250228,785,32,23,5346.55
6168,20250131,550,13,19,3342.96
6169,20251204,96,21,23,4018.95
6170,20250630,106,13,22,1526.83
6171,20260521,102,3,31,4595.64
6172,20250710,673,58,22,7807.35
6173,20260215,411,51,26,987.45
6174,20230919,632,48,27,7043.5
6175,20240531,185,20,25,3079.3
6176,20260112,602,51,26,1297.04
6177,20250426,781,25,25,1049.97
6178,20240415,321,52,29,8560.05
6179,20231221,403,6,36,4487.03
6180,20241226,425,42,19,2080.09
6181,20250402,638,36,33,863.64
6182,20250914,99,23,27,8182.45
6183,20231011,76,45,26,3571.18
6184,20230616,249,24,34,1036.03
6185,20230218,516,52,25,1472.5
6186,20230813,759,28,32,5824.25
6187,20230418,733,58,31,5664.23
6188,20241012,788,53,30,4484.84
6189,20251014,143,11,19,4366.19
6190,20250608,673,43,23,8152.48
6191,20240123,557,33,38,4502.95
6192,20230415,607,41,20,2575.42
6193,20231008,341,28,20,858.97
6194,20250414,790,27,16,1472.28
6195,20250522,60,55,30,1935.85
6196,20250309,435,9,32,4577.11
6197,20250518,165,28,20,3559.72
6198,20230210,620,37,25,3013.39
6199,20250613,60,35,25,1075.47
6200,20250806,33,19,28,3039.25
6201,20250217,591,16,21,2180.55
6202,20251227,174,58,22,3837.66
6203,20240924,121,56,29,5676.09
6204,20230404,94,2,17,173.97
6205,20250611,268,21,29,1867.15
6206,20230814,450,57,36,9835.05
6207,20240407,397,7,21,2453.59
6208,20240812,530,43,26,5195.34
6209,20230520,423,7,19,388.63
6210,20241204,296,10,26,1754.86
6211,20250412,52,28,23,388.0
6212,20231026,21,38,22,4344.7
6213,20230922,636,40,33,3373.56
6214,20241026,369,15,31,2040.79
6215,20230506,379,3,27,4738.15
6216,20260209,304,7,27,1518.26
6217,20241230,186,45,31,3601.34
6218,20260209,587,47,28,6107.44
6219,20240125,196,27,27,1688.39
6220,20260627,67,54,15,2319.08
6221,20231017,153,27,24,1695.41
6222,20240519,597,2,24,231.44
6223,20251102,504,34,25,381.44
6224,20250116,104,23,28,3697.09
6225,20230128,526,1,23,261.21
6226,20250531,783,38,21,3771.29
6227,20250526,525,14,28,8730.58
6228,20250224,609,3,24,3426.31
6229,20240813,548,6,27,3364.47
6230,20230401,364,20,32,1654.27
6231,20260329,393,30,32,439.99
6232,20241015,616,18,26,4677.19
6233,20240123,325,42,19,2989.7
6234,20250309,242,57,27,3504.13
6235,20260408,182,54,22,2489.57
6236,20231001,789,57,33,10302.78
6237,20251031,615,4,25,2176.28
6238,20230616,295,25,24,4333.63
6239,20260521,763,33,26,6503.18
6240,20260322,482,50,27,1193.15
6241,20240211,746,51,20,4616.16
6242,20260319,357,45,31,638.61
6243,20230122,118,4,27,8941.77
6244,20231220,725,19,24,6671.8
6245,20250411,297,39,27,3233.24
6246,20250912,242,23,24,3432.03
6247,20240720,699,43,36,1983.63
6248,20241110,507,57,24,4831.38
6249,20230110,766,30,25,3220.86
6250,20231105,601,20,21,327.26
6251,20230318,285,57,21,3252.83
6252,20250320,409,59,18,2995.27
6253,20251207,557,50,33,3240.56
6254,20260404,164,54,31,8963.17
6255,20230423,462,13,23,4394.31
6256,20250701,67,35,31,4225.3
6257,20240308,360,45,32,2831.01
6258,20240404,162,3,24,599.72
6259,20250912,241,59,31,7310.67
6260,20250902,783,4,29,5944.6
6261,20250413,491,32,27,3879.05
6262,20240520,438,48,20,734.54
6263,20260121,113,38,27,2273.5
6264,20250313,410,56,21,1297.37
6265,20250728,478,41,29,5604.41
6266,20250626,532,43,21,5763.63
6267,20241108,660,29,24,204.74
6268,20240918,669,11,31,6617.66
6269,20250810,490,3,27,1300.49
6270,20250417,352,55,33,8329.32
6271,20251018,691,24,25,3298.07
6272,20250601,80,41,34,5728.65
6273,20251016,133,32,23,3096.36
6274,20230507,351,48,24,7502.53
6275,20230416,283,28,25,5461.31
6276,20241015,449,22,25,351.59
6277,20230505,176,51,21,1909.65
6278,20250712,457,54,21,890.18
6279,20231115,85,18,21,719.16
6280,20230408,267,26,25,2788.69
6281,20231202,130,47,26,2247.09
6282,20250724,386,37,25,3918.22
6283,20250115,396,38,25,2958.26
6284,20231112,470,9,26,3045.61
6285,20240718,264,12,22,165.93
6286,20241123,410,22,32,1877.35
6287,20250327,135,24,33,1120.58
6288,20240602,463,59,21,3233.45
6289,20230907,183,35,17,274.0
6290,20240514,27,19,29,2365.54
6291,20260312,665,45,28,6880.69
6292,20251221,252,17,26,514.75
6293,20260507,713,51,22,4189.9
6294,20241027,492,32,26,2248.82
6295,20231026,499,37,27,6014.23
6296,20250810,108,46,29,531.24
6297,20260601,493,47,31,2259.21
6298,20230512,800,21,27,3195.78
6299,20230313,783,12,29,5436.32
6300,20230729,497,42,27,5915.05
6301,20260503,130,45,29,1902.58
6302,20241224,37,31,35,13401.53
6303,20240207,539,49,18,2995.42
6304,20240711,346,15,26,4882.09
6305,20240122,788,58,19,2677.27
6306,20260528,21,18,31,5602.52
6307,20230516,462,41,30,4685.97
6308,20260223,134,25,21,5228.49
6309,20251221,340,43,23,4941.02
6310,20250823,477,40,25,4625.28
6311,20240614,328,15,29,1514.1
6312,20260617,330,48,29,7487.55
6313,20260512,303,21,31,2781.01
6314,20240813,280,59,21,706.62
6315,20250614,19,37,34,7301.78
6316,20241231,402,6,23,294.92
6317,20230226,151,46,24,8129.02
6318,20241101,96,54,28,4020.8
6319,20250723,660,2,26,257.73
6320,20250724,277,4,24,5966.12
6321,20250711,412,42,33,1342.06
6322,20230227,519,31,28,1421.93
6323,20240513,565,41,23,661.46
6324,20260418,147,56,41,1449.63
6325,20240229,479,36,30,5599.8
6326,20230413,483,10,27,3552.41
6327,20260530,97,45,25,4564.42
6328,20230402,8,2,36,6603.33
6329,20250315,123,56,28,2255.45
6330,20231108,734,48,17,556.12
6331,20230313,71,47,22,1428.14
6332,20230125,741,9,27,3607.02
6333,20230816,559,4,22,978.6
6334,20240721,77,43,34,6216.04
6335,20240531,530,50,28,3982.07
6336,20250821,91,1,23,2828.28
6337,20240908,21,29,23,4799.17
6338,20230502,292,38,28,6416.08
6339,20250420,35,25,24,323.49
6340,20250830,128,29,32,998.23
6341,20231011,323,38,30,4691.23
6342,20231121,219,32,28,515.54
6343,20240203,102,49,25,3738.5
6344,20230415,718,52,26,4352.8
6345,20230322,202,13,27,6790.13
6346,20230324,421,50,27,1326.01
6347,20240901,47,7,27,4764.4
6348,20230429,668,30,19,1405.79
6349,20260410,190,35,31,882.03
6350,20250315,603,18,29,4284.34
6351,20241122,691,37,28,3824.16
6352,20240422,379,58,21,5383.13
6353,20250907,387,45,25,999.46
6354,20260610,457,33,27,1172.27
6355,20230601,664,28,33,765.53
6356,20260130,477,9,36,5738.9
6357,20260326,316,5,25,4672.6
6358,20250123,786,23,24,2547.38
6359,20230730,368,26,24,2305.34
6360,20260114,50,45,33,5064.52
6361,20240218,446,21,21,848.72
6362,20230810,581,14,18,780.92
6363,20250412,750,17,21,361.02
6364,20240427,683,10,25,8362.73
6365,20241206,228,48,35,6619.16
6366,20231102,381,42,19,3679.72
6367,20230625,564,16,17,2217.64
6368,20250509,737,37,30,5925.51
6369,20241203,278,41,23,4168.22
6370,20250113,215,23,23,3441.53
6371,20230729,737,20,23,4756.43
6372,20231203,35,13,36,505.67
6373,20260606,60,4,30,1685.26
6374,20240910,620,53,29,3647.51
6375,20260228,290,11,28,7535.28
6376,20251029,381,23,25,5737.08
6377,20241128,102,58,20,4330.97
6378,20250831,589,36,28,1810.6
6379,20260220,600,21,25,1418.97
6380,20240922,571,48,23,6588.58
6381,20250524,206,38,26,665.8
6382,20240720,234,19,34,7969.31
6383,20251004,780,44,28,1686.91
6384,20250612,110,40,15,3120.2
6385,20240222,127,43,26,5744.39
6386,20241227,696,9,34,3874.93
6387,20230609,683,4,23,7919.42
6388,20251001,417,12,26,4669.4
6389,20241114,609,17,23,4355.14
6390,20230314,343,56,28,321.87
6391,20240528,350,54,23,3148.5
6392,20230620,250,10,31,5434.86
6393,20240803,412,21,20,986.92
6394,20240414,72,18,23,1781.55
6395,20230220,4,24,22,5055.2
6396,20240927,297,56,24,3196.03
6397,20260118,419,14,25,4652.72
6398,20230712,279,4,20,4793.42
6399,20231229,433,24,31,1553.64
6400,20241017,710,2,21,950.41
6401,20250403,398,35,30,1313.0
6402,20240217,615,52,24,2006.38
6403,20260302,385,22,27,1440.76
6404,20241130,518,21,19,626.08
6405,20240327,648,47,29,783.3
6406,20231006,640,46,26,2939.76
6407,20230817,597,20,21,207.88
6408,20251105,666,2,24,4615.33
6409,20240314,752,23,19,1322.19
6410,20230122,226,2,30,6526.93
6411,20240416,715,1,35,3828.66
6412,20250722,694,43,25,1376.26
6413,20240220,577,58,26,6369.52
6414,20230413,689,30,27,1698.46
6415,20240910,344,56,25,1766.7
6416,20251029,238,17,25,4419.59
6417,20250412,631,31,26,6507.21
6418,20240427,107,27,20,1451.15
6419,20230507,157,3,21,205.88
6420,20241204,401,56,25,3094.38
6421,20240420,357,20,34,1031.51
6422,20230921,262,52,32,5898.43
6423,20240109,716,12,16,1152.7
6424,20240505,309,18,26,4545.81
6425,20230912,317,11,23,4809.29
6426,20231230,386,39,26,2820.38
6427,20240407,267,57,31,3334.47
6428,20240930,326,5,21,4303.33
6429,20241202,403,11,17,2981.46
6430,20230830,2,4,24,2107.04
6431,20240731,651,12,18,907.03
6432,20230121,123,38,27,2347.57
6433,20240212,521,6,24,3708.0
6434,20251117,777,12,23,1977.64
6435,20231218,482,35,26,1193.37
6436,20230302,85,49,22,673.06
6437,20230624,288,30,21,376.66
6438,20240710,730,57,32,5282.81
6439,20260206,103,25,30,4223.14
6440,20231129,246,35,30,5373.45
6441,20250921,124,44,30,261.24
6442,20230314,115,12,32,6100.49
6443,20240124,407,48,20,3364.12
6444,20240308,337,9,25,4478.17
6445,20250924,82,21,26,6644.09
6446,20260624,800,58,28,3251.98
6447,20240829,312,24,22,3717.35
6448,20250320,491,5,27,3479.33
6449,20231126,249,2,19,611.36
6450,20231115,229,10,26,3438.58
6451,20231019,201,28,23,3283.35
6452,20251227,39,52,22,1450.27
6453,20231215,435,11,20,3788.48
6454,20250521,471,11,28,804.68
6455,20230811,757,11,18,1776.94
6456,20251214,50,5,25,4857.78
6457,20260315,795,42,29,4796.65
6458,20240212,501,30,34,3486.45
6459,20260123,270,51,26,2253.71
6460,20241229,303,14,30,2946.86
6461,20250301,8,39,34,4231.89
6462,20240217,201,51,20,2096.59
6463,20240816,219,22,28,375.49
6464,20260514,356,10,25,2517.23
6465,20241110,129,9,30,5392.48
6466,20250519,319,26,29,6445.88
6467,20251209,654,39,24,3161.8
6468,20230514,302,26,23,1715.93
6469,20240613,537,26,20,1971.6
6470,20260512,250,59,17,2877.77
6471,20250816,153,33,28,1809.16
6472,20230105,492,46,25,1893.94
6473,20240717,52,18,24,328.26
6474,20230211,278,14,31,7411.36
6475,20250223,483,7,22,2883.48
6476,20251207,458,9,26,1903.11
6477,20250310,660,14,16,170.66
6478,20250705,481,29,29,5805.03
6479,20241020,21,4,33,7438.84
6480,20250130,763,43,33,9610.56
6481,20250707,8,52,20,3275.46
6482,20260205,311,52,19,5308.36
6483,20260212,464,10,18,3152.06
6484,20230728,295,34,27,3649.17
6485,20230512,110,49,24,3952.83
6486,20231219,620,9,26,2316.38
6487,20241201,590,55,12,736.85
6488,20250406,382,3,27,787.78
6489,20241223,718,17,26,4268.56
6490,20240713,477,7,24,4750.48
6491,20251127,708,28,21,2358.02
6492,20250309,13,40,23,1642.9
6493,20250824,685,46,25,2648.86
6494,20230104,637,25,19,1158.28
6495,20250216,777,22,23,1666.79
6496,20230814,712,29,22,1939.05
6497,20230520,134,19,18,3963.84
6498,20230201,553,51,33,1334.13
6499,20240519,306,32,27,6165.94
6500,20230621,14,16,27,2700.27
6501,20240524,27,24,25,2280.64
6502,20240824,791,49,20,2639.96
6503,20250926,90,32,28,5462.94
6504,20250526,77,12,23,3712.04
6505,20260623,68,24,18,263.96
6506,20241017,651,16,28,1745.51
6507,20231214,191,12,20,4878.33
6508,20240817,590,3,22,835.02
6509,20260403,397,31,27,3788.77
6510,20260623,176,28,26,3219.67
6511,20241012,758,27,20,5471.45
6512,20250106,161,7,26,4112.37
6513,20260405,527,4,21,1385.25
6514,20260621,560,25,34,1136.38
6515,20260601,745,4,16,2779.95
6516,20241020,549,25,29,2819.34
6517,20230128,15,24,31,4586.25
6518,20230220,785,22,22,3724.78
6519,20230809,778,45,28,4212.64
6520,20250312,437,40,25,1738.86
6521,20260605,557,53,21,3077.67
6522,20260624,23,51,21,2626.35
6523,20250913,300,2,27,2207.67
6524,20250703,639,13,24,4343.44
6525,20260115,422,38,29,1052.01
6526,20251119,450,34,28,6293.62
6527,20250826,223,29,26,5619.76
6528,20250612,246,42,26,5297.51
6529,20231018,271,53,20,3229.12
6530,20231118,345,25,29,6606.26
6531,20230315,260,12,32,6688.05
6532,20250527,400,10,33,4655.15
6533,20250816,740,4,16,3089.84
6534,20240522,614,53,25,240.65
6535,20251006,522,54,31,2263.07
6536,20240718,777,56,31,2365.74
6537,20230626,363,41,23,1846.28
6538,20240408,561,60,29,5222.38
6539,20240301,294,36,16,4296.3
6540,20240531,708,1,20,1806.72
6541,20240110,611,4,29,2799.0
6542,20240713,779,55,25,3127.93
6543,20240202,632,22,22,3984.1
6544,20231027,356,20,24,2746.35
6545,20260310,524,7,25,2555.43
6546,20260414,678,60,28,3012.27
6547,20240620,606,39,26,830.63
6548,20230502,644,49,26,6622.69
6549,20250806,655,37,30,1811.1
6550,20240910,115,2,18,4035.99
6551,20230808,395,23,30,9505.95
6552,20241216,112,51,28,5458.78
6553,20240720,230,5,16,683.76
6554,20230404,561,44,24,4134.52
6555,20260615,57,12,14,213.77
6556,20240524,349,10,22,5188.54
6557,20251021,375,29,29,999.96
6558,20250201,93,2,32,1705.72
6559,20260410,38,39,24,518.37
6560,20230828,413,7,33,2549.98
6561,20250123,572,53,29,2474.25
6562,20250528,621,51,26,3629.37
6563,20240707,394,57,21,2536.83
6564,20241014,552,24,27,4700.47
6565,20250826,19,6,32,4780.71
6566,20241108,77,22,17,2312.43
6567,20230817,104,46,26,3082.7
6568,20260609,537,59,38,3617.04
6569,20241215,365,3,29,4946.55
6570,20240109,447,5,23,1052.85
6571,20240907,206,19,25,665.54
6572,20250730,433,52,21,992.29
6573,20240921,330,27,30,6786.17
6574,20230428,403,55,32,6245.46
6575,20240313,378,5,28,5588.71
6576,20230126,734,10,22,629.72
6577,20230204,289,59,23,923.65
6578,20241031,754,41,22,6364.04
6579,20260209,791,4,30,5528.84
6580,20250920,306,16,23,5615.34
6581,20230905,746,29,30,8826.63
6582,20241005,121,39,25,4400.12
6583,20231204,379,20,34,9277.84
6584,20240717,724,10,29,4743.64
6585,20240710,421,20,33,2426.92
6586,20230318,781,57,28,1069.83
6587,20260625,309,45,29,4741.19
6588,20251119,571,48,34,9739.65
6589,20241015,207,3,17,3772.88
6590,20241221,629,17,27,4465.36
6591,20250920,167,54,29,4798.66
6592,20231019,773,32,14,584.53
6593,20250828,697,24,33,5519.33
6594,20230703,260,17,22,4735.1
6595,20260507,303,9,31,2050.71
6596,20230905,634,20,20,2354.02
6597,20260309,276,16,27,1644.22
6598,20241005,589,56,27,1551.68
6599,20260101,744,22,22,1354.72
6600,20230614,782,51,30,1810.74
6601,20231026,614,52,29,243.63
6602,20230408,561,46,27,4506.74
6603,20230122,92,25,30,6049.76
6604,20251225,294,8,24,5639.98
6605,20240912,158,57,28,1720.32
6606,20240125,12,14,22,5403.51
6607,20231113,629,1,28,3911.76
6608,20230821,381,20,23,5645.62
6609,20230402,53,32,23,5388.39
6610,20250115,170,48,30,9049.42
6611,20250805,680,32,26,6049.04
6612,20231022,324,18,26,3536.83
6613,20250324,757,36,20,1746.84
6614,20251120,231,17,30,4340.89
6615,20260213,199,16,29,3367.34
6616,20230930,551,2,15,517.54
6617,20240729,323,52,29,4971.02
6618,20251211,577,48,15,3933.75
6619,20230521,714,56,37,725.35
6620,20260301,650,44,26,2861.46
6621,20251220,224,56,33,4433.67
6622,20240216,603,51,22,2943.76
6623,20250219,323,46,23,3805.18
6624,20251003,741,41,40,6014.88
6625,20230202,440,58,29,2763.48
6626,20250308,95,11,19,1209.66
6627,20240920,275,41,28,693.25
6628,20250106,137,42,24,302.68
6629,20231003,130,4,27,2362.8
6630,20260511,294,25,25,7569.16
6631,20260225,716,44,30,2260.88
6632,20260323,769,22,18,1043.36
6633,20240723,415,42,16,943.71
6634,20250802,51,38,24,1364.23
6635,20231011,515,6,30,2271.68
6636,20230127,103,41,24,2878.44
6637,20260102,749,56,23,3054.13
6638,20250309,334,31,36,9004.24
6639,20231106,350,13,24,4058.7
6640,20260108,725,57,33,9435.83
6641,20240113,775,44,25,3731.66
6642,20250302,657,22,34,4397.94
6643,20230213,214,21,30,7917.29
6644,20251214,712,39,31,2154.38
6645,20231121,435,33,27,4408.38
6646,20240127,455,5,24,641.97
6647,20250322,594,42,29,1900.27
6648,20260427,787,9,27,3780.25
6649,20240412,2,48,33,3216.7
6650,20240523,770,7,27,1946.33
6651,20250914,663,60,22,5411.95
6652,20260620,73,40,26,4165.54
6653,20240902,639,8,23,3100.22
6654,20260514,619,60,21,1639.11
6655,20231012,450,43,18,5437.9
6656,20250319,745,3,25,3084.17
6657,20241101,379,4,27,6673.1
6658,20250309,206,15,24,583.29
6659,20250703,516,47,23,1393.16
6660,20230405,73,7,22,3770.93
6661,20230724,11,57,29,1193.1
6662,20231019,47,26,19,3365.6
6663,20260203,433,55,18,1017.35
6664,20241021,261,35,28,3672.43
6665,20250916,363,25,26,2449.69
6666,20230514,197,5,37,4278.79
6667,20251025,759,41,28,4521.46
6668,20250108,432,8,26,4511.47
6669,20250226,44,21,24,3827.85
6670,20240205,505,38,26,2638.74
6671,20240226,62,53,21,7969.22
6672,20250715,31,14,29,7616.58
6673,20240809,638,25,16,472.14
6674,20251229,251,31,28,9217.35
6675,20260605,425,56,29,2958.09
6676,20230707,516,38,29,1558.23
6677,20251208,714,30,31,568.76
6678,20250611,426,53,32,2346.02
6679,20251220,75,55,15,1634.25
6680,20250309,231,39,32,3588.47
6681,20250611,683,42,26,7798.67
6682,20250118,468,45,27,5787.33
6683,20241223,158,12,21,1259.52
6684,20241015,751,46,29,2144.47
6685,20250711,686,18,27,3383.92
6686,20251213,20,47,27,1183.11
6687,20260625,418,27,20,3703.63
6688,20231022,90,10,30,5373.38
6689,20260429,701,41,33,2339.9
6690,20241113,650,9,23,2062.42
6691,20260407,607,21,24,3723.45
6692,20230117,287,36,17,3110.95
6693,20231004,280,46,22,731.47
6694,20241206,355,34,30,2821.21
6695,20250613,56,4,24,5152.28
6696,20240422,739,5,35,6668.18
6697,20250820,254,54,27,1722.55
6698,20230624,717,18,28,679.17
6699,20251128,618,50,32,2243.29
6700,20250204,42,57,27,5019.72
6701,20230224,589,43,25,1833.77
6702,20230927,140,7,26,2137.0
6703,20250508,625,59,31,9584.63
6704,20250805,397,15,29,2911.07
6705,20241031,680,12,28,5629.49
6706,20251213,405,26,34,6263.09
6707,20250224,714,16,27,737.8
6708,20240922,360,41,34,3520.05
6709,20230502,482,60,34,2037.82
6710,20230122,278,28,29,5923.66
6711,20240709,781,53,22,987.35
6712,20231225,306,33,32,6144.01
6713,20240706,521,13,33,7458.29
6714,20230613,303,26,26,2143.79
6715,20231104,507,26,32,6680.43
6716,20231114,17,26,28,5075.3
6717,20250116,423,34,22,358.38
6718,20251028,293,39,22,5491.08
6719,20260317,651,35,28,1181.52
6720,20250107,295,16,27,5356.42
6721,20230513,647,4,15,2235.79
6722,20250122,202,27,34,7750.78
6723,20231031,29,13,29,4281.43
6724,20240215,14,18,32,2267.92
6725,20250627,487,27,18,505.43
6726,20251004,554,1,24,921.86
6727,20240110,531,35,20,231.38
6728,20250523,678,9,23,1928.6
6729,20241120,382,37,25,1083.32
6730,20231120,72,52,39,3618.54
6731,20230819,69,26,33,5217.86
6732,20231124,749,5,26,4037.57
6733,20231128,128,15,29,812.61
6734,20231103,127,11,26,5723.78
6735,20251225,425,57,23,2707.83
6736,20241123,467,31,17,2654.05
6737,20250110,51,37,28,1915.77
6738,20240714,539,54,32,6458.4
6739,20250913,115,59,20,3910.96
6740,20250523,472,10,27,653.46
6741,20250901,359,4,33,4174.68
6742,20241019,385,18,28,1554.17
6743,20240719,707,42,21,3332.3
6744,20250820,364,59,32,1405.48
6745,20240927,123,15,26,2145.51
6746,20230130,728,19,27,476.08
6747,20250721,174,42,24,3516.29
6748,20251210,61,42,22,139.19
6749,20230115,115,58,26,5621.56
6750,20240615,249,6,27,592.53
6751,20250527,432,22,25,4183.26
6752,20231124,226,24,30,6181.03
6753,20230811,395,46,25,7113.29
6754,20240221,53,59,23,4776.36
6755,20230331,135,39,25,608.29
6756,20251014,477,46,20,3791.46
6757,20251228,368,22,22,1676.56
6758,20240116,159,52,34,3645.26
6759,20240301,571,33,15,3443.28
6760,20250902,675,32,21,5572.45
6761,20260527,490,24,17,1174.65
6762,20230424,69,24,27,4476.09
6763,20241202,551,4,21,673.64
6764,20250322,416,45,20,1557.03
6765,20250425,325,11,28,5220.61
6766,20230530,480,29,25,7949.57
6767,20230719,299,60,26,252.83
6768,20231206,600,6,30,1181.75
6769,20241231,565,3,30,698.26
6770,20260403,729,59,23,6216.25
6771,20240904,751,56,17,1100.81
6772,20231228,196,23,24,1592.56
6773,20230702,186,7,27,4049.13
6774,20241128,590,7,28,1448.54
6775,20230709,463,38,29,4170.31
6776,20250925,60,59,26,1370.06
6777,20240731,589,53,29,2259.48
6778,20250512,264,26,33,264.41
6779,20240603,616,33,29,5789.35
6780,20251127,466,12,28,6502.13
6781,20250714,775,7,26,3926.17
6782,20260216,448,6,19,316.18
6783,20260507,194,17,32,7650.1
6784,20250218,592,23,33,4912.56
6785,20250507,521,57,28,5524.42
6786,20251207,675,34,26,5024.96
6787,20230920,517,58,30,8185.61
6788,20260404,716,44,23,1733.34
6789,20230124,726,29,31,6364.7
6790,20250620,58,29,35,830.1
6791,20260504,543,57,26,3226.73
6792,20250724,342,46,21,1609.6
6793,20240304,161,26,27,4286.94
6794,20231114,735,18,24,1894.57
6795,20250827,456,49,22,2787.86
6796,20240806,464,2,25,4846.91
6797,20231001,229,59,31,3958.65
6798,20240404,779,36,27,2685.77
6799,20231013,384,48,22,1034.68
6800,20250131,30,22,20,4046.98
6801,20230610,457,12,30,1338.81
6802,20230104,271,29,31,4210.41
6803,20241031,308,18,20,3588.91
6804,20231205,13,44,26,1964.05
6805,20250927,700,44,24,2950.03
6806,20260102,244,22,22,4893.54
6807,20230914,164,11,21,7215.16
6808,20240317,241,13,22,5935.27
6809,20230929,788,52,34,4436.02
6810,20250219,401,55,25,4379.38
6811,20230809,313,10,26,2960.16
6812,20230324,542,54,31,2574.69
6813,20241122,126,29,26,2316.07
6814,20250901,568,50,23,377.16
6815,20231017,261,46,26,4127.45
6816,20251221,27,27,35,3049.18
6817,20250902,766,60,30,5088.22
6818,20231101,488,20,21,4452.1
6819,20250422,534,11,20,1862.09
6820,20251206,325,36,21,3464.22
6821,20250720,490,5,32,2060.48
6822,20241016,145,24,23,4201.1
6823,20240803,709,24,27,791.88
6824,20240822,558,1,27,4184.43
6825,20230501,492,10,22,1746.88
6826,20250326,448,15,21,396.1
6827,20230909,176,41,29,3186.16
6828,20251025,37,29,29,8843.05
6829,20260402,462,51,25,3232.08
6830,20230426,754,36,19,5721.35
6831,20240609,17,29,24,4144.95
6832,20230322,437,10,21,1568.69
6833,20230528,116,15,29,668.61
6834,20251222,235,9,27,5974.62
6835,20231003,84,3,33,1398.51
6836,20230818,321,14,36,12806.37
6837,20240318,574,52,19,4310.15
6838,20240905,698,35,26,1660.47
6839,20241220,410,20,24,2016.94
6840,20240826,421,11,19,1306.36
6841,20260126,144,18,16,2585.83
6842,20230227,716,17,28,2077.35
6843,20250112,29,25,30,4250.07
6844,20250614,296,5,14,923.23
6845,20241208,143,18,32,5711.61
6846,20230604,21,59,29,6132.13
6847,20230809,4,40,21,4285.35
6848,20231102,697,36,25,3748.93
6849,20230926,62,15,22,6308.54
6850,20251210,597,36,26,212.89
6851,20240128,140,16,23,2209.93
6852,20250301,139,40,26,7267.25
6853,20251205,775,53,27,4635.76
6854,20240612,479,40,31,5731.5
6855,20250212,264,10,16,128.2
6856,20240415,72,17,33,3002.58
6857,20230304,420,57,26,2413.36
6858,20230820,360,2,22,2792.41
6859,20240603,702,40,33,6276.41
6860,20230729,190,44,25,888.57
6861,20230204,508,51,35,7362.27
6862,20250223,296,35,29,1542.9
6863,20250807,726,23,25,5723.75
6864,20250505,638,37,33,997.23
6865,20260211,249,60,31,927.38
6866,20260628,321,32,26,8456.84
6867,20251002,686,16,25,4421.43
6868,20230624,151,26,24,8520.26
6869,20260319,719,17,23,1282.51
6870,20260629,685,8,21,1918.65
6871,20251002,715,54,21,2508.31
6872,20260214,107,34,24,1379.8
6873,20241122,776,52,34,2467.68
6874,20231114,632,12,19,4082.51
6875,20251225,272,53,23,1349.82
6876,20241115,760,44,24,5957.12
6877,20241027,788,41,23,2741.41
6878,20260325,305,57,23,3187.57
6879,20240618,330,16,28,7366.52
6880,20230616,508,34,23,5135.28
6881,20230901,199,27,25,2495.91
6882,20230105,72,11,24,2393.44
6883,20260224,433,50,35,1269.7
6884,20241130,216,43,27,7596.38
6885,20260111,664,43,32,777.68
6886,20231207,306,24,26,5715.09
6887,20230708,559,48,28,1382.85
6888,20231109,274,59,20,2806.2
6889,20250223,709,13,22,679.78
6890,20260105,113,48,28,2987.98
6891,20230629,297,47,36,5833.37
6892,20260303,712,49,24,1636.76
6893,20260612,119,26,21,5496.84
6894,20230723,86,5,34,312.27
6895,20230715,700,25,14,1852.37
6896,20250203,640,45,30,2743.55
6897,20251204,714,46,21,470.14
6898,20260602,434,2,21,2488.85
6899,20240730,701,35,32,1980.57
6900,20230306,498,52,20,4797.25
6901,20241213,393,60,27,488.73
6902,20231111,190,8,24,712.7
6903,20260622,229,41,38,4538.44
6904,20230526,74,28,28,3132.18
6905,20240920,531,45,22,249.16
6906,20251127,463,5,33,5141.55
6907,20260207,644,57,32,10661.17
6908,20231102,500,11,21,6903.09
6909,20250225,564,51,24,2009.46
6910,20240730,708,26,31,3419.82
6911,20250103,418,49,31,4226.86
6912,20250517,64,35,24,3542.47
6913,20231221,791,35,24,3387.18
6914,20240509,344,39,30,1906.42
6915,20230114,195,13,32,6241.57
6916,20231230,482,37,31,1959.32
6917,20251012,374,45,30,5998.21
6918,20250529,194,51,29,5345.63
6919,20260527,96,29,25,3825.57
6920,20230619,283,6,21,3403.26
6921,20260613,538,15,30,1740.44
6922,20251103,551,24,26,849.54
6923,20250626,194,31,21,6196.2
6924,20241004,573,29,32,3492.85
6925,20230425,670,29,22,3756.81
6926,20250815,647,1,17,2015.82
6927,20230914,526,8,22,251.02
6928,20260428,764,26,23,688.28
6929,20230710,14,1,23,1617.47
6930,20240617,141,54,27,4241.35
6931,20231008,327,29,33,777.25
6932,20240124,117,46,26,1293.49
6933,20260422,35,57,25,306.56
6934,20250308,611,7,24,2241.78
6935,20231217,77,28,24,4188.35
6936,20240630,109,42,27,7109.52
6937,20260326,416,24,33,3490.57
6938,20230906,341,20,30,1438.61
6939,20230106,598,40,20,1630.82
6940,20260614,182,21,34,4681.79
6941,20240430,120,40,23,3146.78
6942,20260410,474,27,29,6501.91
6943,20230403,550,55,25,4708.46
6944,20230502,249,47,31,915.89
6945,20230115,186,31,25,4502.87
6946,20241012,368,48,35,3842.23
6947,20230131,5,39,25,2403.12
6948,20250516,726,39,27,4370.94
6949,20250928,6,54,22,3012.84
6950,20231231,575,4,34,5385.53
6951,20241214,20,7,33,1417.0
6952,20230715,559,25,26,1190.92
6953,20230213,279,32,28,7101.62
6954,20250320,292,11,15,4049.75
6955,20240117,460,16,20,1536.94
6956,20240109,347,42,28,1154.66
6957,20260120,387,4,30,1599.8
6958,20250520,12,60,34,7215.37
6959,20230328,761,39,19,4510.87
6960,20240514,41,50,31,5022.57
6961,20240328,581,9,23,671.99
6962,20251031,321,53,22,7440.68
6963,20230128,365,1,17,3248.88
6964,20241228,504,38,18,312.17
6965,20260625,587,20,25,6096.22
6966,20230912,42,31,26,5997.5
6967,20230728,98,9,24,4771.09
6968,20240202,524,26,31,3180.91
6969,20250224,47,34,22,3091.76
6970,20231030,256,40,27,2134.0
6971,20250130,57,11,26,448.1
6972,20230618,618,47,23,2159.76
6973,20231130,179,22,27,678.31
6974,20250609,566,22,25,1310.87
6975,20231103,202,42,25,5103.78
6976,20241230,437,38,32,2155.61
6977,20251218,166,50,19,3137.93
6978,20240106,525,36,34,8365.36
6979,20250428,76,6,37,4972.87
6980,20231107,176,46,23,2669.72
6981,20241120,44,10,19,2785.25
6982,20240410,90,5,28,4900.01
6983,20251023,77,25,30,5451.94
6984,20241125,598,57,30,2533.36
6985,20241225,311,6,25,5335.4
6986,20260627,296,27,21,1419.19
6987,20230906,164,12,27,8218.68
6988,20231005,202,23,30,7257.1
6989,20260529,11,22,22,744.68
6990,20230810,521,60,15,3159.16
6991,20260627,778,36,31,5681.59
6992,20230804,356,43,30,3221.02
6993,20260201,234,24,42,11009.7
6994,20260625,189,48,25,4604.1
6995,20231215,330,15,13,2513.62
6996,20231022,663,8,34,6684.92
6997,20250129,98,7,35,8639.23
6998,20230618,363,41,33,2649.01
6999,20260202,733,1,27,3784.01
7000,20260124,724,24,18,3087.04
